sampler,n_train_before,n_train_after,ir_before,ir_after,n3_before,n3_after,f1_fisher_mean_before,f1_fisher_mean_after,f2_overlap_mean_before,f2_overlap_mean_after,status,group,dataset_id,dataset_name,dataset_type,ir_level,overlap_level,cluster_level
NoSampler,2400.0,2400.0,2.258,2.258,0.039,0.039,0.287,0.287,0.752,0.752,ok,baseline,1,linear__low_ir__low_overlap__low_clusters,linear,low_ir,low_overlap,low_clusters
distance_SMOTE,2400.0,2512.0,2.258,2.258,0.039,0.037,0.287,0.289,0.752,0.752,ok,smote_variants,1,linear__low_ir__low_overlap__low_clusters,linear,low_ir,low_overlap,low_clusters
cluster_SMOTE,2400.0,2512.0,2.258,2.258,0.039,0.037,0.287,0.29,0.752,0.752,ok,smote_variants,1,linear__low_ir__low_overlap__low_clusters,linear,low_ir,low_overlap,low_clusters
CBSO,2400.0,2512.0,2.258,2.258,0.039,0.036,0.287,0.276,0.752,0.752,ok,smote_variants,1,linear__low_ir__low_overlap__low_clusters,linear,low_ir,low_overlap,low_clusters
AHC,2400.0,2268.0,2.258,1.729,0.039,0.001,0.287,0.201,0.752,0.751,ok,smote_variants,1,linear__low_ir__low_overlap__low_clusters,linear,low_ir,low_overlap,low_clusters
DBSMOTE,2400.0,2512.0,2.258,2.258,0.039,0.037,0.287,0.286,0.752,0.752,ok,smote_variants,1,linear__low_ir__low_overlap__low_clusters,linear,low_ir,low_overlap,low_clusters
MWMOTE,2400.0,2512.0,2.258,2.258,0.039,0.037,0.287,0.287,0.752,0.752,ok,smote_variants,1,linear__low_ir__low_overlap__low_clusters,linear,low_ir,low_overlap,low_clusters
SMOTE,2400.0,3324.0,2.258,1.0,0.039,0.015,0.287,0.296,0.752,0.752,ok,imbalanced_learn,1,linear__low_ir__low_overlap__low_clusters,linear,low_ir,low_overlap,low_clusters
BorderlineSMOTE,2400.0,3324.0,2.258,1.0,0.039,0.02,0.287,0.275,0.752,0.752,ok,imbalanced_learn,1,linear__low_ir__low_overlap__low_clusters,linear,low_ir,low_overlap,low_clusters
SVMSMOTE,2400.0,3324.0,2.258,1.0,0.039,0.016,0.287,0.247,0.752,0.74,ok,imbalanced_learn,1,linear__low_ir__low_overlap__low_clusters,linear,low_ir,low_overlap,low_clusters
ADASYN,2400.0,3349.0,2.258,1.024,0.039,0.018,0.287,0.218,0.752,0.752,ok,imbalanced_learn,1,linear__low_ir__low_overlap__low_clusters,linear,low_ir,low_overlap,low_clusters
KMeansSMOTE,2400.0,3328.0,2.258,1.002,0.039,0.021,0.287,0.349,0.752,0.752,ok,imbalanced_learn,1,linear__low_ir__low_overlap__low_clusters,linear,low_ir,low_overlap,low_clusters
NoSampler,2400.0,2400.0,2.319,2.319,0.089,0.089,0.142,0.142,0.767,0.767,ok,baseline,2,linear__low_ir__low_overlap__medium_clusters,linear,low_ir,low_overlap,medium_clusters
distance_SMOTE,2400.0,2515.0,2.319,2.319,0.089,0.08,0.142,0.141,0.767,0.767,ok,smote_variants,2,linear__low_ir__low_overlap__medium_clusters,linear,low_ir,low_overlap,medium_clusters
cluster_SMOTE,2400.0,2515.0,2.319,2.319,0.089,0.08,0.142,0.139,0.767,0.767,ok,smote_variants,2,linear__low_ir__low_overlap__medium_clusters,linear,low_ir,low_overlap,medium_clusters
CBSO,2400.0,2515.0,2.319,2.319,0.089,0.087,0.142,0.136,0.767,0.767,ok,smote_variants,2,linear__low_ir__low_overlap__medium_clusters,linear,low_ir,low_overlap,medium_clusters
AHC,2400.0,2274.0,2.319,1.723,0.089,0.013,0.142,0.117,0.767,0.755,ok,smote_variants,2,linear__low_ir__low_overlap__medium_clusters,linear,low_ir,low_overlap,medium_clusters
DBSMOTE,2400.0,2515.0,2.319,2.319,0.089,0.083,0.142,0.138,0.767,0.767,ok,smote_variants,2,linear__low_ir__low_overlap__medium_clusters,linear,low_ir,low_overlap,medium_clusters
MWMOTE,2400.0,2515.0,2.319,2.319,0.089,0.079,0.142,0.136,0.767,0.767,ok,smote_variants,2,linear__low_ir__low_overlap__medium_clusters,linear,low_ir,low_overlap,medium_clusters
SMOTE,2400.0,3340.0,2.319,1.0,0.089,0.037,0.142,0.149,0.767,0.767,ok,imbalanced_learn,2,linear__low_ir__low_overlap__medium_clusters,linear,low_ir,low_overlap,medium_clusters
BorderlineSMOTE,2400.0,3340.0,2.319,1.0,0.089,0.039,0.142,0.118,0.767,0.767,ok,imbalanced_learn,2,linear__low_ir__low_overlap__medium_clusters,linear,low_ir,low_overlap,medium_clusters
SVMSMOTE,2400.0,3340.0,2.319,1.0,0.089,0.036,0.142,0.122,0.767,0.776,ok,imbalanced_learn,2,linear__low_ir__low_overlap__medium_clusters,linear,low_ir,low_overlap,medium_clusters
ADASYN,2400.0,3272.0,2.319,1.096,0.089,0.031,0.142,0.121,0.767,0.767,ok,imbalanced_learn,2,linear__low_ir__low_overlap__medium_clusters,linear,low_ir,low_overlap,medium_clusters
KMeansSMOTE,2400.0,3349.0,2.319,1.007,0.089,0.052,0.142,0.168,0.767,0.767,ok,imbalanced_learn,2,linear__low_ir__low_overlap__medium_clusters,linear,low_ir,low_overlap,medium_clusters
NoSampler,2400.0,2400.0,2.329,2.329,0.155,0.155,0.088,0.088,0.807,0.807,ok,baseline,3,linear__low_ir__low_overlap__high_clusters,linear,low_ir,low_overlap,high_clusters
distance_SMOTE,2400.0,2517.0,2.329,2.329,0.155,0.14,0.088,0.086,0.807,0.807,ok,smote_variants,3,linear__low_ir__low_overlap__high_clusters,linear,low_ir,low_overlap,high_clusters
cluster_SMOTE,2400.0,2517.0,2.329,2.329,0.155,0.139,0.088,0.085,0.807,0.807,ok,smote_variants,3,linear__low_ir__low_overlap__high_clusters,linear,low_ir,low_overlap,high_clusters
CBSO,2400.0,2517.0,2.329,2.329,0.155,0.149,0.088,0.084,0.807,0.807,ok,smote_variants,3,linear__low_ir__low_overlap__high_clusters,linear,low_ir,low_overlap,high_clusters
AHC,2400.0,2273.0,2.329,1.719,0.155,0.024,0.088,0.042,0.807,0.83,ok,smote_variants,3,linear__low_ir__low_overlap__high_clusters,linear,low_ir,low_overlap,high_clusters
DBSMOTE,2400.0,2517.0,2.329,2.329,0.155,0.141,0.088,0.085,0.807,0.807,ok,smote_variants,3,linear__low_ir__low_overlap__high_clusters,linear,low_ir,low_overlap,high_clusters
MWMOTE,2400.0,2517.0,2.329,2.329,0.155,0.141,0.088,0.086,0.807,0.807,ok,smote_variants,3,linear__low_ir__low_overlap__high_clusters,linear,low_ir,low_overlap,high_clusters
SMOTE,2400.0,3344.0,2.329,1.0,0.155,0.077,0.088,0.094,0.807,0.807,ok,imbalanced_learn,3,linear__low_ir__low_overlap__high_clusters,linear,low_ir,low_overlap,high_clusters
BorderlineSMOTE,2400.0,3344.0,2.329,1.0,0.155,0.066,0.088,0.075,0.807,0.807,ok,imbalanced_learn,3,linear__low_ir__low_overlap__high_clusters,linear,low_ir,low_overlap,high_clusters
SVMSMOTE,2400.0,3344.0,2.329,1.0,0.155,0.07,0.088,0.079,0.807,0.8,ok,imbalanced_learn,3,linear__low_ir__low_overlap__high_clusters,linear,low_ir,low_overlap,high_clusters
ADASYN,2400.0,3268.0,2.329,1.053,0.155,0.05,0.088,0.079,0.807,0.807,ok,imbalanced_learn,3,linear__low_ir__low_overlap__high_clusters,linear,low_ir,low_overlap,high_clusters
KMeansSMOTE,2400.0,3352.0,2.329,1.007,0.155,0.1,0.088,0.162,0.807,0.807,ok,imbalanced_learn,3,linear__low_ir__low_overlap__high_clusters,linear,low_ir,low_overlap,high_clusters
NoSampler,2400.0,2400.0,2.298,2.298,0.102,0.102,0.179,0.179,0.782,0.782,ok,baseline,4,linear__low_ir__medium_overlap__low_clusters,linear,low_ir,medium_overlap,low_clusters
distance_SMOTE,2400.0,2515.0,2.298,2.298,0.102,0.094,0.179,0.18,0.782,0.782,ok,smote_variants,4,linear__low_ir__medium_overlap__low_clusters,linear,low_ir,medium_overlap,low_clusters
cluster_SMOTE,2400.0,2515.0,2.298,2.298,0.102,0.095,0.179,0.182,0.782,0.782,ok,smote_variants,4,linear__low_ir__medium_overlap__low_clusters,linear,low_ir,medium_overlap,low_clusters
CBSO,2400.0,2515.0,2.298,2.298,0.102,0.098,0.179,0.178,0.782,0.782,ok,smote_variants,4,linear__low_ir__medium_overlap__low_clusters,linear,low_ir,medium_overlap,low_clusters
AHC,2400.0,2271.0,2.298,1.723,0.102,0.02,0.179,0.139,0.782,0.778,ok,smote_variants,4,linear__low_ir__medium_overlap__low_clusters,linear,low_ir,medium_overlap,low_clusters
DBSMOTE,2400.0,2515.0,2.298,2.298,0.102,0.094,0.179,0.179,0.782,0.782,ok,smote_variants,4,linear__low_ir__medium_overlap__low_clusters,linear,low_ir,medium_overlap,low_clusters
MWMOTE,2400.0,2515.0,2.298,2.298,0.102,0.095,0.179,0.18,0.782,0.782,ok,smote_variants,4,linear__low_ir__medium_overlap__low_clusters,linear,low_ir,medium_overlap,low_clusters
SMOTE,2400.0,3336.0,2.298,1.0,0.102,0.054,0.179,0.199,0.782,0.782,ok,imbalanced_learn,4,linear__low_ir__medium_overlap__low_clusters,linear,low_ir,medium_overlap,low_clusters
BorderlineSMOTE,2400.0,3336.0,2.298,1.0,0.102,0.053,0.179,0.145,0.782,0.782,ok,imbalanced_learn,4,linear__low_ir__medium_overlap__low_clusters,linear,low_ir,medium_overlap,low_clusters
SVMSMOTE,2400.0,3336.0,2.298,1.0,0.102,0.052,0.179,0.147,0.782,0.776,ok,imbalanced_learn,4,linear__low_ir__medium_overlap__low_clusters,linear,low_ir,medium_overlap,low_clusters
ADASYN,2400.0,3331.0,2.298,1.066,0.102,0.042,0.179,0.151,0.782,0.782,ok,imbalanced_learn,4,linear__low_ir__medium_overlap__low_clusters,linear,low_ir,medium_overlap,low_clusters
KMeansSMOTE,2400.0,3341.0,2.298,1.004,0.102,0.07,0.179,0.284,0.782,0.782,ok,imbalanced_learn,4,linear__low_ir__medium_overlap__low_clusters,linear,low_ir,medium_overlap,low_clusters
NoSampler,2400.0,2400.0,2.312,2.312,0.188,0.188,0.066,0.066,0.827,0.827,ok,baseline,5,linear__low_ir__medium_overlap__medium_clusters,linear,low_ir,medium_overlap,medium_clusters
distance_SMOTE,2400.0,2517.0,2.312,2.312,0.188,0.17,0.066,0.067,0.827,0.827,ok,smote_variants,5,linear__low_ir__medium_overlap__medium_clusters,linear,low_ir,medium_overlap,medium_clusters
cluster_SMOTE,2400.0,2517.0,2.312,2.312,0.188,0.172,0.066,0.067,0.827,0.827,ok,smote_variants,5,linear__low_ir__medium_overlap__medium_clusters,linear,low_ir,medium_overlap,medium_clusters
CBSO,2400.0,2517.0,2.312,2.312,0.188,0.178,0.066,0.064,0.827,0.827,ok,smote_variants,5,linear__low_ir__medium_overlap__medium_clusters,linear,low_ir,medium_overlap,medium_clusters
AHC,2400.0,2276.0,2.312,1.719,0.188,0.034,0.066,0.057,0.827,0.837,ok,smote_variants,5,linear__low_ir__medium_overlap__medium_clusters,linear,low_ir,medium_overlap,medium_clusters
DBSMOTE,2400.0,2517.0,2.312,2.312,0.188,0.174,0.066,0.066,0.827,0.827,ok,smote_variants,5,linear__low_ir__medium_overlap__medium_clusters,linear,low_ir,medium_overlap,medium_clusters
MWMOTE,2400.0,2517.0,2.312,2.312,0.188,0.172,0.066,0.065,0.827,0.827,ok,smote_variants,5,linear__low_ir__medium_overlap__medium_clusters,linear,low_ir,medium_overlap,medium_clusters
SMOTE,2400.0,3348.0,2.312,1.0,0.188,0.084,0.066,0.068,0.827,0.827,ok,imbalanced_learn,5,linear__low_ir__medium_overlap__medium_clusters,linear,low_ir,medium_overlap,medium_clusters
BorderlineSMOTE,2400.0,3348.0,2.312,1.0,0.188,0.076,0.066,0.056,0.827,0.827,ok,imbalanced_learn,5,linear__low_ir__medium_overlap__medium_clusters,linear,low_ir,medium_overlap,medium_clusters
SVMSMOTE,2400.0,3348.0,2.312,1.0,0.188,0.082,0.066,0.062,0.827,0.817,ok,imbalanced_learn,5,linear__low_ir__medium_overlap__medium_clusters,linear,low_ir,medium_overlap,medium_clusters
ADASYN,2400.0,3315.0,2.312,1.139,0.188,0.056,0.066,0.056,0.827,0.827,ok,imbalanced_learn,5,linear__low_ir__medium_overlap__medium_clusters,linear,low_ir,medium_overlap,medium_clusters
KMeansSMOTE,2400.0,3357.0,2.312,1.007,0.188,0.119,0.066,0.129,0.827,0.827,ok,imbalanced_learn,5,linear__low_ir__medium_overlap__medium_clusters,linear,low_ir,medium_overlap,medium_clusters
NoSampler,2400.0,2400.0,2.306,2.306,0.315,0.315,0.02,0.02,0.854,0.854,ok,baseline,6,linear__low_ir__medium_overlap__high_clusters,linear,low_ir,medium_overlap,high_clusters
distance_SMOTE,2400.0,2519.0,2.306,2.306,0.315,0.287,0.02,0.02,0.854,0.854,ok,smote_variants,6,linear__low_ir__medium_overlap__high_clusters,linear,low_ir,medium_overlap,high_clusters
cluster_SMOTE,2400.0,2519.0,2.306,2.306,0.315,0.289,0.02,0.02,0.854,0.854,ok,smote_variants,6,linear__low_ir__medium_overlap__high_clusters,linear,low_ir,medium_overlap,high_clusters
CBSO,2400.0,2519.0,2.306,2.306,0.315,0.296,0.02,0.02,0.854,0.854,ok,smote_variants,6,linear__low_ir__medium_overlap__high_clusters,linear,low_ir,medium_overlap,high_clusters
AHC,2400.0,2272.0,2.306,1.714,0.315,0.065,0.02,0.014,0.854,0.857,ok,smote_variants,6,linear__low_ir__medium_overlap__high_clusters,linear,low_ir,medium_overlap,high_clusters
DBSMOTE,2400.0,2519.0,2.306,2.306,0.315,0.291,0.02,0.02,0.854,0.854,ok,smote_variants,6,linear__low_ir__medium_overlap__high_clusters,linear,low_ir,medium_overlap,high_clusters
MWMOTE,2400.0,2519.0,2.306,2.306,0.315,0.296,0.02,0.02,0.854,0.854,ok,smote_variants,6,linear__low_ir__medium_overlap__high_clusters,linear,low_ir,medium_overlap,high_clusters
SMOTE,2400.0,3348.0,2.306,1.0,0.315,0.146,0.02,0.023,0.854,0.854,ok,imbalanced_learn,6,linear__low_ir__medium_overlap__high_clusters,linear,low_ir,medium_overlap,high_clusters
BorderlineSMOTE,2400.0,3348.0,2.306,1.0,0.315,0.146,0.02,0.018,0.854,0.854,ok,imbalanced_learn,6,linear__low_ir__medium_overlap__high_clusters,linear,low_ir,medium_overlap,high_clusters
SVMSMOTE,2400.0,3348.0,2.306,1.0,0.315,0.16,0.02,0.026,0.854,0.844,ok,imbalanced_learn,6,linear__low_ir__medium_overlap__high_clusters,linear,low_ir,medium_overlap,high_clusters
ADASYN,2400.0,3154.0,2.306,1.161,0.315,0.148,0.02,0.02,0.854,0.854,ok,imbalanced_learn,6,linear__low_ir__medium_overlap__high_clusters,linear,low_ir,medium_overlap,high_clusters
KMeansSMOTE,2400.0,3358.0,2.306,1.007,0.315,0.19,0.02,0.058,0.854,0.854,ok,imbalanced_learn,6,linear__low_ir__medium_overlap__high_clusters,linear,low_ir,medium_overlap,high_clusters
NoSampler,2400.0,2400.0,2.319,2.319,0.224,0.224,0.055,0.055,0.821,0.821,ok,baseline,7,linear__low_ir__high_overlap__low_clusters,linear,low_ir,high_overlap,low_clusters
distance_SMOTE,2400.0,2517.0,2.319,2.319,0.224,0.195,0.055,0.055,0.821,0.821,ok,smote_variants,7,linear__low_ir__high_overlap__low_clusters,linear,low_ir,high_overlap,low_clusters
cluster_SMOTE,2400.0,2517.0,2.319,2.319,0.224,0.2,0.055,0.054,0.821,0.821,ok,smote_variants,7,linear__low_ir__high_overlap__low_clusters,linear,low_ir,high_overlap,low_clusters
CBSO,2400.0,2517.0,2.319,2.319,0.224,0.208,0.055,0.055,0.821,0.821,ok,smote_variants,7,linear__low_ir__high_overlap__low_clusters,linear,low_ir,high_overlap,low_clusters
AHC,2400.0,2276.0,2.319,1.719,0.224,0.056,0.055,0.024,0.821,0.822,ok,smote_variants,7,linear__low_ir__high_overlap__low_clusters,linear,low_ir,high_overlap,low_clusters
DBSMOTE,2400.0,2517.0,2.319,2.319,0.224,0.202,0.055,0.055,0.821,0.821,ok,smote_variants,7,linear__low_ir__high_overlap__low_clusters,linear,low_ir,high_overlap,low_clusters
MWMOTE,2400.0,2517.0,2.319,2.319,0.224,0.201,0.055,0.055,0.821,0.821,ok,smote_variants,7,linear__low_ir__high_overlap__low_clusters,linear,low_ir,high_overlap,low_clusters
SMOTE,2400.0,3348.0,2.319,1.0,0.224,0.114,0.055,0.062,0.821,0.821,ok,imbalanced_learn,7,linear__low_ir__high_overlap__low_clusters,linear,low_ir,high_overlap,low_clusters
BorderlineSMOTE,2400.0,3348.0,2.319,1.0,0.224,0.107,0.055,0.053,0.821,0.821,ok,imbalanced_learn,7,linear__low_ir__high_overlap__low_clusters,linear,low_ir,high_overlap,low_clusters
SVMSMOTE,2400.0,3348.0,2.319,1.0,0.224,0.11,0.055,0.055,0.821,0.804,ok,imbalanced_learn,7,linear__low_ir__high_overlap__low_clusters,linear,low_ir,high_overlap,low_clusters
ADASYN,2400.0,3347.0,2.319,1.113,0.224,0.096,0.055,0.056,0.821,0.821,ok,imbalanced_learn,7,linear__low_ir__high_overlap__low_clusters,linear,low_ir,high_overlap,low_clusters
KMeansSMOTE,2400.0,3357.0,2.319,1.008,0.224,0.134,0.055,0.088,0.821,0.821,ok,imbalanced_learn,7,linear__low_ir__high_overlap__low_clusters,linear,low_ir,high_overlap,low_clusters
NoSampler,2400.0,2400.0,2.271,2.271,0.322,0.322,0.026,0.026,0.853,0.853,ok,baseline,8,linear__low_ir__high_overlap__medium_clusters,linear,low_ir,high_overlap,medium_clusters
distance_SMOTE,2400.0,2521.0,2.271,2.271,0.322,0.286,0.026,0.027,0.853,0.853,ok,smote_variants,8,linear__low_ir__high_overlap__medium_clusters,linear,low_ir,high_overlap,medium_clusters
cluster_SMOTE,2400.0,2521.0,2.271,2.271,0.322,0.291,0.026,0.027,0.853,0.853,ok,smote_variants,8,linear__low_ir__high_overlap__medium_clusters,linear,low_ir,high_overlap,medium_clusters
CBSO,2400.0,2521.0,2.271,2.271,0.322,0.302,0.026,0.026,0.853,0.853,ok,smote_variants,8,linear__low_ir__high_overlap__medium_clusters,linear,low_ir,high_overlap,medium_clusters
AHC,2400.0,2271.0,2.271,1.71,0.322,0.07,0.026,0.026,0.853,0.865,ok,smote_variants,8,linear__low_ir__high_overlap__medium_clusters,linear,low_ir,high_overlap,medium_clusters
DBSMOTE,2400.0,2521.0,2.271,2.271,0.322,0.295,0.026,0.026,0.853,0.853,ok,smote_variants,8,linear__low_ir__high_overlap__medium_clusters,linear,low_ir,high_overlap,medium_clusters
MWMOTE,2400.0,2521.0,2.271,2.271,0.322,0.297,0.026,0.027,0.853,0.853,ok,smote_variants,8,linear__low_ir__high_overlap__medium_clusters,linear,low_ir,high_overlap,medium_clusters
SMOTE,2400.0,3352.0,2.271,1.0,0.322,0.153,0.026,0.028,0.853,0.853,ok,imbalanced_learn,8,linear__low_ir__high_overlap__medium_clusters,linear,low_ir,high_overlap,medium_clusters
BorderlineSMOTE,2400.0,3352.0,2.271,1.0,0.322,0.141,0.026,0.022,0.853,0.853,ok,imbalanced_learn,8,linear__low_ir__high_overlap__medium_clusters,linear,low_ir,high_overlap,medium_clusters
SVMSMOTE,2400.0,3352.0,2.271,1.0,0.322,0.162,0.026,0.03,0.853,0.838,ok,imbalanced_learn,8,linear__low_ir__high_overlap__medium_clusters,linear,low_ir,high_overlap,medium_clusters
ADASYN,2400.0,3283.0,2.271,1.155,0.322,0.139,0.026,0.023,0.853,0.853,ok,imbalanced_learn,8,linear__low_ir__high_overlap__medium_clusters,linear,low_ir,high_overlap,medium_clusters
KMeansSMOTE,2400.0,3359.0,2.271,1.006,0.322,0.201,0.026,0.059,0.853,0.853,ok,imbalanced_learn,8,linear__low_ir__high_overlap__medium_clusters,linear,low_ir,high_overlap,medium_clusters
NoSampler,2400.0,2400.0,2.324,2.324,0.415,0.415,0.023,0.023,0.829,0.829,ok,baseline,9,linear__low_ir__high_overlap__high_clusters,linear,low_ir,high_overlap,high_clusters
distance_SMOTE,2400.0,2520.0,2.324,2.324,0.415,0.373,0.023,0.022,0.829,0.829,ok,smote_variants,9,linear__low_ir__high_overlap__high_clusters,linear,low_ir,high_overlap,high_clusters
cluster_SMOTE,2400.0,2520.0,2.324,2.324,0.415,0.376,0.023,0.022,0.829,0.829,ok,smote_variants,9,linear__low_ir__high_overlap__high_clusters,linear,low_ir,high_overlap,high_clusters
CBSO,2400.0,2520.0,2.324,2.324,0.415,0.384,0.023,0.022,0.829,0.829,ok,smote_variants,9,linear__low_ir__high_overlap__high_clusters,linear,low_ir,high_overlap,high_clusters
AHC,2400.0,2276.0,2.324,1.713,0.415,0.103,0.023,0.012,0.829,0.855,ok,smote_variants,9,linear__low_ir__high_overlap__high_clusters,linear,low_ir,high_overlap,high_clusters
DBSMOTE,2400.0,2520.0,2.324,2.324,0.415,0.378,0.023,0.022,0.829,0.829,ok,smote_variants,9,linear__low_ir__high_overlap__high_clusters,linear,low_ir,high_overlap,high_clusters
MWMOTE,2400.0,2520.0,2.324,2.324,0.415,0.375,0.023,0.022,0.829,0.829,ok,smote_variants,9,linear__low_ir__high_overlap__high_clusters,linear,low_ir,high_overlap,high_clusters
SMOTE,2400.0,3356.0,2.324,1.0,0.415,0.195,0.023,0.024,0.829,0.829,ok,imbalanced_learn,9,linear__low_ir__high_overlap__high_clusters,linear,low_ir,high_overlap,high_clusters
BorderlineSMOTE,2400.0,3356.0,2.324,1.0,0.415,0.192,0.023,0.023,0.829,0.829,ok,imbalanced_learn,9,linear__low_ir__high_overlap__high_clusters,linear,low_ir,high_overlap,high_clusters
SVMSMOTE,2400.0,3356.0,2.324,1.0,0.415,0.214,0.023,0.024,0.829,0.823,ok,imbalanced_learn,9,linear__low_ir__high_overlap__high_clusters,linear,low_ir,high_overlap,high_clusters
ADASYN,,,,,,,,,,,error,imbalanced_learn,9,linear__low_ir__high_overlap__high_clusters,linear,low_ir,high_overlap,high_clusters
KMeansSMOTE,,,,,,,,,,,error,imbalanced_learn,9,linear__low_ir__high_overlap__high_clusters,linear,low_ir,high_overlap,high_clusters
NoSampler,2400.0,2400.0,4.471,4.471,0.039,0.039,0.367,0.367,0.748,0.748,ok,baseline,10,linear__medium_ir__low_overlap__low_clusters,linear,medium_ir,low_overlap,low_clusters
distance_SMOTE,2400.0,2884.0,4.471,4.471,0.039,0.03,0.367,0.403,0.748,0.748,ok,smote_variants,10,linear__medium_ir__low_overlap__low_clusters,linear,medium_ir,low_overlap,low_clusters
cluster_SMOTE,2400.0,2884.0,4.471,4.471,0.039,0.033,0.367,0.392,0.748,0.748,ok,smote_variants,10,linear__medium_ir__low_overlap__low_clusters,linear,medium_ir,low_overlap,low_clusters
CBSO,2400.0,2884.0,4.471,4.471,0.039,0.03,0.367,0.323,0.748,0.748,ok,smote_variants,10,linear__medium_ir__low_overlap__low_clusters,linear,medium_ir,low_overlap,low_clusters
AHC,2400.0,2277.0,4.471,1.104,0.039,0.005,0.367,0.349,0.748,0.779,ok,smote_variants,10,linear__medium_ir__low_overlap__low_clusters,linear,medium_ir,low_overlap,low_clusters
DBSMOTE,2400.0,2884.0,4.471,4.471,0.039,0.03,0.367,0.387,0.748,0.748,ok,smote_variants,10,linear__medium_ir__low_overlap__low_clusters,linear,medium_ir,low_overlap,low_clusters
MWMOTE,2400.0,2884.0,4.471,4.471,0.039,0.034,0.367,0.371,0.748,0.748,ok,smote_variants,10,linear__medium_ir__low_overlap__low_clusters,linear,medium_ir,low_overlap,low_clusters
SMOTE,2400.0,4328.0,4.471,1.0,0.039,0.012,0.367,0.425,0.748,0.748,ok,imbalanced_learn,10,linear__medium_ir__low_overlap__low_clusters,linear,medium_ir,low_overlap,low_clusters
BorderlineSMOTE,2400.0,4328.0,4.471,1.0,0.039,0.016,0.367,0.233,0.748,0.748,ok,imbalanced_learn,10,linear__medium_ir__low_overlap__low_clusters,linear,medium_ir,low_overlap,low_clusters
SVMSMOTE,2400.0,4328.0,4.471,1.0,0.039,0.013,0.367,0.238,0.748,0.747,ok,imbalanced_learn,10,linear__medium_ir__low_overlap__low_clusters,linear,medium_ir,low_overlap,low_clusters
ADASYN,2400.0,4314.0,4.471,1.025,0.039,0.011,0.367,0.235,0.748,0.748,ok,imbalanced_learn,10,linear__medium_ir__low_overlap__low_clusters,linear,medium_ir,low_overlap,low_clusters
KMeansSMOTE,2400.0,4331.0,4.471,1.001,0.039,0.017,0.367,0.529,0.748,0.748,ok,imbalanced_learn,10,linear__medium_ir__low_overlap__low_clusters,linear,medium_ir,low_overlap,low_clusters
NoSampler,2400.0,2400.0,4.414,4.414,0.094,0.094,0.092,0.092,0.799,0.799,ok,baseline,11,linear__medium_ir__low_overlap__medium_clusters,linear,medium_ir,low_overlap,medium_clusters
distance_SMOTE,2400.0,2879.0,4.414,4.414,0.094,0.066,0.092,0.096,0.799,0.799,ok,smote_variants,11,linear__medium_ir__low_overlap__medium_clusters,linear,medium_ir,low_overlap,medium_clusters
cluster_SMOTE,2400.0,2879.0,4.414,4.414,0.094,0.064,0.092,0.094,0.799,0.799,ok,smote_variants,11,linear__medium_ir__low_overlap__medium_clusters,linear,medium_ir,low_overlap,medium_clusters
CBSO,2400.0,2879.0,4.414,4.414,0.094,0.078,0.092,0.079,0.799,0.799,ok,smote_variants,11,linear__medium_ir__low_overlap__medium_clusters,linear,medium_ir,low_overlap,medium_clusters
AHC,2400.0,2272.0,4.414,1.11,0.094,0.019,0.092,0.066,0.799,0.825,ok,smote_variants,11,linear__medium_ir__low_overlap__medium_clusters,linear,medium_ir,low_overlap,medium_clusters
DBSMOTE,2400.0,2879.0,4.414,4.414,0.094,0.065,0.092,0.091,0.799,0.799,ok,smote_variants,11,linear__medium_ir__low_overlap__medium_clusters,linear,medium_ir,low_overlap,medium_clusters
MWMOTE,2400.0,2879.0,4.414,4.414,0.094,0.071,0.092,0.09,0.799,0.799,ok,smote_variants,11,linear__medium_ir__low_overlap__medium_clusters,linear,medium_ir,low_overlap,medium_clusters
SMOTE,2400.0,4308.0,4.414,1.0,0.094,0.026,0.092,0.097,0.799,0.799,ok,imbalanced_learn,11,linear__medium_ir__low_overlap__medium_clusters,linear,medium_ir,low_overlap,medium_clusters
BorderlineSMOTE,2400.0,4308.0,4.414,1.0,0.094,0.034,0.092,0.065,0.799,0.799,ok,imbalanced_learn,11,linear__medium_ir__low_overlap__medium_clusters,linear,medium_ir,low_overlap,medium_clusters
SVMSMOTE,2400.0,4308.0,4.414,1.0,0.094,0.029,0.092,0.067,0.799,0.801,ok,imbalanced_learn,11,linear__medium_ir__low_overlap__medium_clusters,linear,medium_ir,low_overlap,medium_clusters
ADASYN,2400.0,4298.0,4.414,1.031,0.094,0.024,0.092,0.067,0.799,0.799,ok,imbalanced_learn,11,linear__medium_ir__low_overlap__medium_clusters,linear,medium_ir,low_overlap,medium_clusters
KMeansSMOTE,2400.0,4314.0,4.414,1.003,0.094,0.047,0.092,0.233,0.799,0.799,ok,imbalanced_learn,11,linear__medium_ir__low_overlap__medium_clusters,linear,medium_ir,low_overlap,medium_clusters
NoSampler,2400.0,2400.0,4.492,4.492,0.134,0.134,0.08,0.08,0.792,0.792,ok,baseline,12,linear__medium_ir__low_overlap__high_clusters,linear,medium_ir,low_overlap,high_clusters
distance_SMOTE,2400.0,2882.0,4.492,4.492,0.134,0.091,0.08,0.082,0.792,0.792,ok,smote_variants,12,linear__medium_ir__low_overlap__high_clusters,linear,medium_ir,low_overlap,high_clusters
cluster_SMOTE,2400.0,2882.0,4.492,4.492,0.134,0.091,0.08,0.082,0.792,0.792,ok,smote_variants,12,linear__medium_ir__low_overlap__high_clusters,linear,medium_ir,low_overlap,high_clusters
CBSO,2400.0,2882.0,4.492,4.492,0.134,0.105,0.08,0.077,0.792,0.792,ok,smote_variants,12,linear__medium_ir__low_overlap__high_clusters,linear,medium_ir,low_overlap,high_clusters
AHC,2400.0,2269.0,4.492,1.105,0.134,0.03,0.08,0.037,0.792,0.792,ok,smote_variants,12,linear__medium_ir__low_overlap__high_clusters,linear,medium_ir,low_overlap,high_clusters
DBSMOTE,2400.0,2882.0,4.492,4.492,0.134,0.093,0.08,0.08,0.792,0.792,ok,smote_variants,12,linear__medium_ir__low_overlap__high_clusters,linear,medium_ir,low_overlap,high_clusters
MWMOTE,2400.0,2882.0,4.492,4.492,0.134,0.102,0.08,0.079,0.792,0.792,ok,smote_variants,12,linear__medium_ir__low_overlap__high_clusters,linear,medium_ir,low_overlap,high_clusters
SMOTE,2400.0,4312.0,4.492,1.0,0.134,0.037,0.08,0.104,0.792,0.792,ok,imbalanced_learn,12,linear__medium_ir__low_overlap__high_clusters,linear,medium_ir,low_overlap,high_clusters
BorderlineSMOTE,2400.0,4312.0,4.492,1.0,0.134,0.039,0.08,0.072,0.792,0.792,ok,imbalanced_learn,12,linear__medium_ir__low_overlap__high_clusters,linear,medium_ir,low_overlap,high_clusters
SVMSMOTE,2400.0,4312.0,4.492,1.0,0.134,0.035,0.08,0.088,0.792,0.794,ok,imbalanced_learn,12,linear__medium_ir__low_overlap__high_clusters,linear,medium_ir,low_overlap,high_clusters
ADASYN,2400.0,4318.0,4.492,1.015,0.134,0.028,0.08,0.07,0.792,0.792,ok,imbalanced_learn,12,linear__medium_ir__low_overlap__high_clusters,linear,medium_ir,low_overlap,high_clusters
KMeansSMOTE,,,,,,,,,,,error,imbalanced_learn,12,linear__medium_ir__low_overlap__high_clusters,linear,medium_ir,low_overlap,high_clusters
NoSampler,2400.0,2400.0,4.372,4.372,0.11,0.11,0.183,0.183,0.778,0.778,ok,baseline,13,linear__medium_ir__medium_overlap__low_clusters,linear,medium_ir,medium_overlap,low_clusters
distance_SMOTE,2400.0,2887.0,4.372,4.372,0.11,0.079,0.183,0.174,0.778,0.778,ok,smote_variants,13,linear__medium_ir__medium_overlap__low_clusters,linear,medium_ir,medium_overlap,low_clusters
cluster_SMOTE,2400.0,2887.0,4.372,4.372,0.11,0.08,0.183,0.172,0.778,0.778,ok,smote_variants,13,linear__medium_ir__medium_overlap__low_clusters,linear,medium_ir,medium_overlap,low_clusters
CBSO,2400.0,2887.0,4.372,4.372,0.11,0.088,0.183,0.158,0.778,0.778,ok,smote_variants,13,linear__medium_ir__medium_overlap__low_clusters,linear,medium_ir,medium_overlap,low_clusters
AHC,2400.0,2265.0,4.372,1.097,0.11,0.018,0.183,0.108,0.778,0.802,ok,smote_variants,13,linear__medium_ir__medium_overlap__low_clusters,linear,medium_ir,medium_overlap,low_clusters
DBSMOTE,2400.0,2887.0,4.372,4.372,0.11,0.08,0.183,0.163,0.778,0.778,ok,smote_variants,13,linear__medium_ir__medium_overlap__low_clusters,linear,medium_ir,medium_overlap,low_clusters
MWMOTE,2400.0,2887.0,4.372,4.372,0.11,0.084,0.183,0.165,0.778,0.778,ok,smote_variants,13,linear__medium_ir__medium_overlap__low_clusters,linear,medium_ir,medium_overlap,low_clusters
SMOTE,2400.0,4320.0,4.372,1.0,0.11,0.027,0.183,0.181,0.778,0.778,ok,imbalanced_learn,13,linear__medium_ir__medium_overlap__low_clusters,linear,medium_ir,medium_overlap,low_clusters
BorderlineSMOTE,2400.0,4320.0,4.372,1.0,0.11,0.036,0.183,0.133,0.778,0.778,ok,imbalanced_learn,13,linear__medium_ir__medium_overlap__low_clusters,linear,medium_ir,medium_overlap,low_clusters
SVMSMOTE,2400.0,4320.0,4.372,1.0,0.11,0.032,0.183,0.133,0.778,0.781,ok,imbalanced_learn,13,linear__medium_ir__medium_overlap__low_clusters,linear,medium_ir,medium_overlap,low_clusters
ADASYN,2400.0,4264.0,4.372,1.05,0.11,0.026,0.183,0.129,0.778,0.778,ok,imbalanced_learn,13,linear__medium_ir__medium_overlap__low_clusters,linear,medium_ir,medium_overlap,low_clusters
KMeansSMOTE,,,,,,,,,,,error,imbalanced_learn,13,linear__medium_ir__medium_overlap__low_clusters,linear,medium_ir,medium_overlap,low_clusters
NoSampler,2400.0,2400.0,4.424,4.424,0.2,0.2,0.1,0.1,0.8,0.8,ok,baseline,14,linear__medium_ir__medium_overlap__medium_clusters,linear,medium_ir,medium_overlap,medium_clusters
distance_SMOTE,2400.0,2872.0,4.424,4.424,0.2,0.145,0.1,0.117,0.8,0.8,ok,smote_variants,14,linear__medium_ir__medium_overlap__medium_clusters,linear,medium_ir,medium_overlap,medium_clusters
cluster_SMOTE,2400.0,2872.0,4.424,4.424,0.2,0.141,0.1,0.118,0.8,0.8,ok,smote_variants,14,linear__medium_ir__medium_overlap__medium_clusters,linear,medium_ir,medium_overlap,medium_clusters
CBSO,2400.0,2872.0,4.424,4.424,0.2,0.16,0.1,0.098,0.8,0.8,ok,smote_variants,14,linear__medium_ir__medium_overlap__medium_clusters,linear,medium_ir,medium_overlap,medium_clusters
AHC,2400.0,2280.0,4.424,1.121,0.2,0.041,0.1,0.126,0.8,0.802,ok,smote_variants,14,linear__medium_ir__medium_overlap__medium_clusters,linear,medium_ir,medium_overlap,medium_clusters
DBSMOTE,2400.0,2872.0,4.424,4.424,0.2,0.149,0.1,0.115,0.8,0.8,ok,smote_variants,14,linear__medium_ir__medium_overlap__medium_clusters,linear,medium_ir,medium_overlap,medium_clusters
MWMOTE,2400.0,2872.0,4.424,4.424,0.2,0.155,0.1,0.099,0.8,0.8,ok,smote_variants,14,linear__medium_ir__medium_overlap__medium_clusters,linear,medium_ir,medium_overlap,medium_clusters
SMOTE,2400.0,4300.0,4.424,1.0,0.2,0.057,0.1,0.115,0.8,0.8,ok,imbalanced_learn,14,linear__medium_ir__medium_overlap__medium_clusters,linear,medium_ir,medium_overlap,medium_clusters
BorderlineSMOTE,2400.0,4300.0,4.424,1.0,0.2,0.064,0.1,0.074,0.8,0.8,ok,imbalanced_learn,14,linear__medium_ir__medium_overlap__medium_clusters,linear,medium_ir,medium_overlap,medium_clusters
SVMSMOTE,2400.0,4300.0,4.424,1.0,0.2,0.06,0.1,0.096,0.8,0.793,ok,imbalanced_learn,14,linear__medium_ir__medium_overlap__medium_clusters,linear,medium_ir,medium_overlap,medium_clusters
ADASYN,2400.0,4231.0,4.424,1.08,0.2,0.052,0.1,0.081,0.8,0.8,ok,imbalanced_learn,14,linear__medium_ir__medium_overlap__medium_clusters,linear,medium_ir,medium_overlap,medium_clusters
KMeansSMOTE,2400.0,4306.0,4.424,1.003,0.2,0.098,0.1,0.198,0.8,0.8,ok,imbalanced_learn,14,linear__medium_ir__medium_overlap__medium_clusters,linear,medium_ir,medium_overlap,medium_clusters
NoSampler,2400.0,2400.0,4.485,4.485,0.283,0.283,0.042,0.042,0.81,0.81,ok,baseline,15,linear__medium_ir__medium_overlap__high_clusters,linear,medium_ir,medium_overlap,high_clusters
distance_SMOTE,2400.0,2884.0,4.485,4.485,0.283,0.2,0.042,0.047,0.81,0.81,ok,smote_variants,15,linear__medium_ir__medium_overlap__high_clusters,linear,medium_ir,medium_overlap,high_clusters
cluster_SMOTE,2400.0,2884.0,4.485,4.485,0.283,0.2,0.042,0.046,0.81,0.81,ok,smote_variants,15,linear__medium_ir__medium_overlap__high_clusters,linear,medium_ir,medium_overlap,high_clusters
CBSO,2400.0,2884.0,4.485,4.485,0.283,0.234,0.042,0.042,0.81,0.81,ok,smote_variants,15,linear__medium_ir__medium_overlap__high_clusters,linear,medium_ir,medium_overlap,high_clusters
AHC,2400.0,2274.0,4.485,1.104,0.283,0.047,0.042,0.044,0.81,0.797,ok,smote_variants,15,linear__medium_ir__medium_overlap__high_clusters,linear,medium_ir,medium_overlap,high_clusters
DBSMOTE,2400.0,2884.0,4.485,4.485,0.283,0.202,0.042,0.044,0.81,0.81,ok,smote_variants,15,linear__medium_ir__medium_overlap__high_clusters,linear,medium_ir,medium_overlap,high_clusters
MWMOTE,2400.0,2884.0,4.485,4.485,0.283,0.212,0.042,0.046,0.81,0.81,ok,smote_variants,15,linear__medium_ir__medium_overlap__high_clusters,linear,medium_ir,medium_overlap,high_clusters
SMOTE,2400.0,4324.0,4.485,1.0,0.283,0.078,0.042,0.05,0.81,0.81,ok,imbalanced_learn,15,linear__medium_ir__medium_overlap__high_clusters,linear,medium_ir,medium_overlap,high_clusters
BorderlineSMOTE,2400.0,4324.0,4.485,1.0,0.283,0.078,0.042,0.046,0.81,0.81,ok,imbalanced_learn,15,linear__medium_ir__medium_overlap__high_clusters,linear,medium_ir,medium_overlap,high_clusters
SVMSMOTE,2400.0,4324.0,4.485,1.0,0.283,0.084,0.042,0.05,0.81,0.813,ok,imbalanced_learn,15,linear__medium_ir__medium_overlap__high_clusters,linear,medium_ir,medium_overlap,high_clusters
ADASYN,2400.0,4430.0,4.485,1.111,0.283,0.058,0.042,0.042,0.81,0.81,ok,imbalanced_learn,15,linear__medium_ir__medium_overlap__high_clusters,linear,medium_ir,medium_overlap,high_clusters
KMeansSMOTE,,,,,,,,,,,error,imbalanced_learn,15,linear__medium_ir__medium_overlap__high_clusters,linear,medium_ir,medium_overlap,high_clusters
NoSampler,2400.0,2400.0,4.424,4.424,0.174,0.174,0.063,0.063,0.801,0.801,ok,baseline,16,linear__medium_ir__high_overlap__low_clusters,linear,medium_ir,high_overlap,low_clusters
distance_SMOTE,2400.0,2872.0,4.424,4.424,0.174,0.132,0.063,0.063,0.801,0.801,ok,smote_variants,16,linear__medium_ir__high_overlap__low_clusters,linear,medium_ir,high_overlap,low_clusters
cluster_SMOTE,2400.0,2872.0,4.424,4.424,0.174,0.13,0.063,0.064,0.801,0.801,ok,smote_variants,16,linear__medium_ir__high_overlap__low_clusters,linear,medium_ir,high_overlap,low_clusters
CBSO,2400.0,2872.0,4.424,4.424,0.174,0.144,0.063,0.062,0.801,0.801,ok,smote_variants,16,linear__medium_ir__high_overlap__low_clusters,linear,medium_ir,high_overlap,low_clusters
AHC,2400.0,2280.0,4.424,1.121,0.174,0.037,0.063,0.045,0.801,0.763,ok,smote_variants,16,linear__medium_ir__high_overlap__low_clusters,linear,medium_ir,high_overlap,low_clusters
DBSMOTE,2400.0,2872.0,4.424,4.424,0.174,0.131,0.063,0.061,0.801,0.801,ok,smote_variants,16,linear__medium_ir__high_overlap__low_clusters,linear,medium_ir,high_overlap,low_clusters
MWMOTE,2400.0,2872.0,4.424,4.424,0.174,0.135,0.063,0.063,0.801,0.801,ok,smote_variants,16,linear__medium_ir__high_overlap__low_clusters,linear,medium_ir,high_overlap,low_clusters
SMOTE,2400.0,4300.0,4.424,1.0,0.174,0.048,0.063,0.071,0.801,0.801,ok,imbalanced_learn,16,linear__medium_ir__high_overlap__low_clusters,linear,medium_ir,high_overlap,low_clusters
BorderlineSMOTE,2400.0,4300.0,4.424,1.0,0.174,0.052,0.063,0.044,0.801,0.801,ok,imbalanced_learn,16,linear__medium_ir__high_overlap__low_clusters,linear,medium_ir,high_overlap,low_clusters
SVMSMOTE,2400.0,4300.0,4.424,1.0,0.174,0.05,0.063,0.048,0.801,0.794,ok,imbalanced_learn,16,linear__medium_ir__high_overlap__low_clusters,linear,medium_ir,high_overlap,low_clusters
ADASYN,2400.0,4385.0,4.424,1.084,0.174,0.041,0.063,0.047,0.801,0.801,ok,imbalanced_learn,16,linear__medium_ir__high_overlap__low_clusters,linear,medium_ir,high_overlap,low_clusters
KMeansSMOTE,,,,,,,,,,,error,imbalanced_learn,16,linear__medium_ir__high_overlap__low_clusters,linear,medium_ir,high_overlap,low_clusters
NoSampler,2400.0,2400.0,4.406,4.406,0.334,0.334,0.02,0.02,0.799,0.799,ok,baseline,17,linear__medium_ir__high_overlap__medium_clusters,linear,medium_ir,high_overlap,medium_clusters
distance_SMOTE,2400.0,2876.0,4.406,4.406,0.334,0.242,0.02,0.022,0.799,0.799,ok,smote_variants,17,linear__medium_ir__high_overlap__medium_clusters,linear,medium_ir,high_overlap,medium_clusters
cluster_SMOTE,2400.0,2876.0,4.406,4.406,0.334,0.235,0.02,0.021,0.799,0.799,ok,smote_variants,17,linear__medium_ir__high_overlap__medium_clusters,linear,medium_ir,high_overlap,medium_clusters
CBSO,2400.0,2876.0,4.406,4.406,0.334,0.266,0.02,0.02,0.799,0.799,ok,smote_variants,17,linear__medium_ir__high_overlap__medium_clusters,linear,medium_ir,high_overlap,medium_clusters
AHC,2400.0,2272.0,4.406,1.113,0.334,0.088,0.02,0.019,0.799,0.8,ok,smote_variants,17,linear__medium_ir__high_overlap__medium_clusters,linear,medium_ir,high_overlap,medium_clusters
DBSMOTE,2400.0,2876.0,4.406,4.406,0.334,0.241,0.02,0.021,0.799,0.799,ok,smote_variants,17,linear__medium_ir__high_overlap__medium_clusters,linear,medium_ir,high_overlap,medium_clusters
MWMOTE,2400.0,2876.0,4.406,4.406,0.334,0.256,0.02,0.019,0.799,0.799,ok,smote_variants,17,linear__medium_ir__high_overlap__medium_clusters,linear,medium_ir,high_overlap,medium_clusters
SMOTE,2400.0,4300.0,4.406,1.0,0.334,0.097,0.02,0.025,0.799,0.799,ok,imbalanced_learn,17,linear__medium_ir__high_overlap__medium_clusters,linear,medium_ir,high_overlap,medium_clusters
BorderlineSMOTE,2400.0,4300.0,4.406,1.0,0.334,0.1,0.02,0.024,0.799,0.799,ok,imbalanced_learn,17,linear__medium_ir__high_overlap__medium_clusters,linear,medium_ir,high_overlap,medium_clusters
SVMSMOTE,2400.0,4300.0,4.406,1.0,0.334,0.101,0.02,0.026,0.799,0.814,ok,imbalanced_learn,17,linear__medium_ir__high_overlap__medium_clusters,linear,medium_ir,high_overlap,medium_clusters
ADASYN,2400.0,4394.0,4.406,1.117,0.334,0.079,0.02,0.019,0.799,0.799,ok,imbalanced_learn,17,linear__medium_ir__high_overlap__medium_clusters,linear,medium_ir,high_overlap,medium_clusters
KMeansSMOTE,,,,,,,,,,,error,imbalanced_learn,17,linear__medium_ir__high_overlap__medium_clusters,linear,medium_ir,high_overlap,medium_clusters
NoSampler,2400.0,2400.0,4.406,4.406,0.372,0.372,0.025,0.025,0.833,0.833,ok,baseline,18,linear__medium_ir__high_overlap__high_clusters,linear,medium_ir,high_overlap,high_clusters
distance_SMOTE,2400.0,2877.0,4.406,4.406,0.372,0.263,0.025,0.028,0.833,0.833,ok,smote_variants,18,linear__medium_ir__high_overlap__high_clusters,linear,medium_ir,high_overlap,high_clusters
cluster_SMOTE,2400.0,2877.0,4.406,4.406,0.372,0.26,0.025,0.028,0.833,0.833,ok,smote_variants,18,linear__medium_ir__high_overlap__high_clusters,linear,medium_ir,high_overlap,high_clusters
CBSO,2400.0,2877.0,4.406,4.406,0.372,0.3,0.025,0.025,0.833,0.833,ok,smote_variants,18,linear__medium_ir__high_overlap__high_clusters,linear,medium_ir,high_overlap,high_clusters
AHC,2400.0,2270.0,4.406,1.112,0.372,0.096,0.025,0.02,0.833,0.842,ok,smote_variants,18,linear__medium_ir__high_overlap__high_clusters,linear,medium_ir,high_overlap,high_clusters
DBSMOTE,2400.0,2877.0,4.406,4.406,0.372,0.262,0.025,0.026,0.833,0.833,ok,smote_variants,18,linear__medium_ir__high_overlap__high_clusters,linear,medium_ir,high_overlap,high_clusters
MWMOTE,2400.0,2877.0,4.406,4.406,0.372,0.277,0.025,0.026,0.833,0.833,ok,smote_variants,18,linear__medium_ir__high_overlap__high_clusters,linear,medium_ir,high_overlap,high_clusters
SMOTE,2400.0,4300.0,4.406,1.0,0.372,0.106,0.025,0.03,0.833,0.833,ok,imbalanced_learn,18,linear__medium_ir__high_overlap__high_clusters,linear,medium_ir,high_overlap,high_clusters
BorderlineSMOTE,2400.0,4300.0,4.406,1.0,0.372,0.115,0.025,0.028,0.833,0.833,ok,imbalanced_learn,18,linear__medium_ir__high_overlap__high_clusters,linear,medium_ir,high_overlap,high_clusters
SVMSMOTE,2400.0,4300.0,4.406,1.0,0.372,0.122,0.025,0.046,0.833,0.819,ok,imbalanced_learn,18,linear__medium_ir__high_overlap__high_clusters,linear,medium_ir,high_overlap,high_clusters
ADASYN,2400.0,4417.0,4.406,1.143,0.372,0.085,0.025,0.025,0.833,0.833,ok,imbalanced_learn,18,linear__medium_ir__high_overlap__high_clusters,linear,medium_ir,high_overlap,high_clusters
KMeansSMOTE,2400.0,4310.0,4.406,1.007,0.372,0.166,0.025,0.124,0.833,0.833,ok,imbalanced_learn,18,linear__medium_ir__high_overlap__high_clusters,linear,medium_ir,high_overlap,high_clusters
NoSampler,2400.0,2400.0,10.421,10.421,0.043,0.043,0.189,0.189,0.741,0.741,ok,baseline,19,linear__high_ir__low_overlap__low_clusters,linear,high_ir,low_overlap,low_clusters
distance_SMOTE,2400.0,3111.0,10.421,10.421,0.043,0.027,0.189,0.19,0.741,0.741,ok,smote_variants,19,linear__high_ir__low_overlap__low_clusters,linear,high_ir,low_overlap,low_clusters
cluster_SMOTE,2400.0,3111.0,10.421,10.421,0.043,0.028,0.189,0.185,0.741,0.741,ok,smote_variants,19,linear__high_ir__low_overlap__low_clusters,linear,high_ir,low_overlap,low_clusters
CBSO,2400.0,3111.0,10.421,10.421,0.043,0.034,0.189,0.173,0.741,0.741,ok,smote_variants,19,linear__high_ir__low_overlap__low_clusters,linear,high_ir,low_overlap,low_clusters
AHC,2400.0,2516.0,10.421,1.091,0.043,0.019,0.189,0.116,0.741,0.773,ok,smote_variants,19,linear__high_ir__low_overlap__low_clusters,linear,high_ir,low_overlap,low_clusters
DBSMOTE,2400.0,3111.0,10.421,10.421,0.043,0.023,0.189,0.18,0.741,0.741,ok,smote_variants,19,linear__high_ir__low_overlap__low_clusters,linear,high_ir,low_overlap,low_clusters
MWMOTE,2400.0,3111.0,10.421,10.421,0.043,0.033,0.189,0.18,0.741,0.741,ok,smote_variants,19,linear__high_ir__low_overlap__low_clusters,linear,high_ir,low_overlap,low_clusters
SMOTE,2400.0,5252.0,10.421,1.0,0.043,0.014,0.189,0.316,0.741,0.741,ok,imbalanced_learn,19,linear__high_ir__low_overlap__low_clusters,linear,high_ir,low_overlap,low_clusters
BorderlineSMOTE,2400.0,5252.0,10.421,1.0,0.043,0.019,0.189,0.406,0.741,0.741,ok,imbalanced_learn,19,linear__high_ir__low_overlap__low_clusters,linear,high_ir,low_overlap,low_clusters
SVMSMOTE,2400.0,5252.0,10.421,1.0,0.043,0.017,0.189,0.24,0.741,0.759,ok,imbalanced_learn,19,linear__high_ir__low_overlap__low_clusters,linear,high_ir,low_overlap,low_clusters
ADASYN,2400.0,5267.0,10.421,1.024,0.043,0.016,0.189,0.22,0.741,0.741,ok,imbalanced_learn,19,linear__high_ir__low_overlap__low_clusters,linear,high_ir,low_overlap,low_clusters
KMeansSMOTE,2400.0,5255.0,10.421,1.002,0.043,0.017,0.189,0.458,0.741,0.741,ok,imbalanced_learn,19,linear__high_ir__low_overlap__low_clusters,linear,high_ir,low_overlap,low_clusters
NoSampler,2400.0,2400.0,10.581,10.581,0.075,0.075,0.114,0.114,0.767,0.767,ok,baseline,20,linear__high_ir__low_overlap__medium_clusters,linear,high_ir,low_overlap,medium_clusters
distance_SMOTE,2400.0,3110.0,10.581,10.581,0.075,0.05,0.114,0.123,0.767,0.767,ok,smote_variants,20,linear__high_ir__low_overlap__medium_clusters,linear,high_ir,low_overlap,medium_clusters
cluster_SMOTE,2400.0,3110.0,10.581,10.581,0.075,0.051,0.114,0.124,0.767,0.767,ok,smote_variants,20,linear__high_ir__low_overlap__medium_clusters,linear,high_ir,low_overlap,medium_clusters
CBSO,2400.0,3110.0,10.581,10.581,0.075,0.069,0.114,0.1,0.767,0.767,ok,smote_variants,20,linear__high_ir__low_overlap__medium_clusters,linear,high_ir,low_overlap,medium_clusters
AHC,2400.0,2515.0,10.581,1.091,0.075,0.011,0.114,0.118,0.767,0.808,ok,smote_variants,20,linear__high_ir__low_overlap__medium_clusters,linear,high_ir,low_overlap,medium_clusters
DBSMOTE,2400.0,3110.0,10.581,10.581,0.075,0.049,0.114,0.119,0.767,0.767,ok,smote_variants,20,linear__high_ir__low_overlap__medium_clusters,linear,high_ir,low_overlap,medium_clusters
MWMOTE,2400.0,3110.0,10.581,10.581,0.075,0.056,0.114,0.116,0.767,0.767,ok,smote_variants,20,linear__high_ir__low_overlap__medium_clusters,linear,high_ir,low_overlap,medium_clusters
SMOTE,2400.0,5248.0,10.581,1.0,0.075,0.018,0.114,0.122,0.767,0.767,ok,imbalanced_learn,20,linear__high_ir__low_overlap__medium_clusters,linear,high_ir,low_overlap,medium_clusters
BorderlineSMOTE,2400.0,5248.0,10.581,1.0,0.075,0.021,0.114,0.097,0.767,0.767,ok,imbalanced_learn,20,linear__high_ir__low_overlap__medium_clusters,linear,high_ir,low_overlap,medium_clusters
SVMSMOTE,2400.0,5248.0,10.581,1.0,0.075,0.017,0.114,0.103,0.767,0.767,ok,imbalanced_learn,20,linear__high_ir__low_overlap__medium_clusters,linear,high_ir,low_overlap,medium_clusters
ADASYN,2400.0,5269.0,10.581,1.029,0.075,0.018,0.114,0.092,0.767,0.767,ok,imbalanced_learn,20,linear__high_ir__low_overlap__medium_clusters,linear,high_ir,low_overlap,medium_clusters
KMeansSMOTE,,,,,,,,,,,error,imbalanced_learn,20,linear__high_ir__low_overlap__medium_clusters,linear,high_ir,low_overlap,medium_clusters
NoSampler,2400.0,2400.0,10.851,10.851,0.11,0.11,0.088,0.088,0.818,0.818,ok,baseline,21,linear__high_ir__low_overlap__high_clusters,linear,high_ir,low_overlap,high_clusters
distance_SMOTE,2400.0,3112.0,10.851,10.851,0.11,0.068,0.088,0.092,0.818,0.818,ok,smote_variants,21,linear__high_ir__low_overlap__high_clusters,linear,high_ir,low_overlap,high_clusters
cluster_SMOTE,2400.0,3112.0,10.851,10.851,0.11,0.064,0.088,0.087,0.818,0.818,ok,smote_variants,21,linear__high_ir__low_overlap__high_clusters,linear,high_ir,low_overlap,high_clusters
CBSO,2400.0,3112.0,10.851,10.851,0.11,0.094,0.088,0.067,0.818,0.818,ok,smote_variants,21,linear__high_ir__low_overlap__high_clusters,linear,high_ir,low_overlap,high_clusters
AHC,2400.0,2514.0,10.851,1.093,0.11,0.022,0.088,0.082,0.818,0.842,ok,smote_variants,21,linear__high_ir__low_overlap__high_clusters,linear,high_ir,low_overlap,high_clusters
DBSMOTE,2400.0,3112.0,10.851,10.851,0.11,0.063,0.088,0.087,0.818,0.818,ok,smote_variants,21,linear__high_ir__low_overlap__high_clusters,linear,high_ir,low_overlap,high_clusters
MWMOTE,2400.0,3112.0,10.851,10.851,0.11,0.076,0.088,0.077,0.818,0.818,ok,smote_variants,21,linear__high_ir__low_overlap__high_clusters,linear,high_ir,low_overlap,high_clusters
SMOTE,2400.0,5252.0,10.851,1.0,0.11,0.02,0.088,0.098,0.818,0.818,ok,imbalanced_learn,21,linear__high_ir__low_overlap__high_clusters,linear,high_ir,low_overlap,high_clusters
BorderlineSMOTE,2400.0,5252.0,10.851,1.0,0.11,0.026,0.088,0.068,0.818,0.818,ok,imbalanced_learn,21,linear__high_ir__low_overlap__high_clusters,linear,high_ir,low_overlap,high_clusters
SVMSMOTE,2400.0,5252.0,10.851,1.0,0.11,0.021,0.088,0.099,0.818,0.798,ok,imbalanced_learn,21,linear__high_ir__low_overlap__high_clusters,linear,high_ir,low_overlap,high_clusters
ADASYN,2400.0,5237.0,10.851,1.04,0.11,0.021,0.088,0.064,0.818,0.818,ok,imbalanced_learn,21,linear__high_ir__low_overlap__high_clusters,linear,high_ir,low_overlap,high_clusters
KMeansSMOTE,,,,,,,,,,,error,imbalanced_learn,21,linear__high_ir__low_overlap__high_clusters,linear,high_ir,low_overlap,high_clusters
NoSampler,2400.0,2400.0,10.811,10.811,0.107,0.107,0.145,0.145,0.755,0.755,ok,baseline,22,linear__high_ir__medium_overlap__low_clusters,linear,high_ir,medium_overlap,low_clusters
distance_SMOTE,2400.0,3119.0,10.811,10.811,0.107,0.066,0.145,0.16,0.755,0.755,ok,smote_variants,22,linear__high_ir__medium_overlap__low_clusters,linear,high_ir,medium_overlap,low_clusters
cluster_SMOTE,2400.0,3119.0,10.811,10.811,0.107,0.065,0.145,0.158,0.755,0.755,ok,smote_variants,22,linear__high_ir__medium_overlap__low_clusters,linear,high_ir,medium_overlap,low_clusters
CBSO,2400.0,3119.0,10.811,10.811,0.107,0.081,0.145,0.148,0.755,0.755,ok,smote_variants,22,linear__high_ir__medium_overlap__low_clusters,linear,high_ir,medium_overlap,low_clusters
AHC,2400.0,2518.0,10.811,1.1,0.107,0.025,0.145,0.102,0.755,0.817,ok,smote_variants,22,linear__high_ir__medium_overlap__low_clusters,linear,high_ir,medium_overlap,low_clusters
DBSMOTE,2400.0,3119.0,10.811,10.811,0.107,0.066,0.145,0.153,0.755,0.755,ok,smote_variants,22,linear__high_ir__medium_overlap__low_clusters,linear,high_ir,medium_overlap,low_clusters
MWMOTE,2400.0,3119.0,10.811,10.811,0.107,0.075,0.145,0.157,0.755,0.755,ok,smote_variants,22,linear__high_ir__medium_overlap__low_clusters,linear,high_ir,medium_overlap,low_clusters
SMOTE,2400.0,5276.0,10.811,1.0,0.107,0.018,0.145,0.214,0.755,0.755,ok,imbalanced_learn,22,linear__high_ir__medium_overlap__low_clusters,linear,high_ir,medium_overlap,low_clusters
BorderlineSMOTE,2400.0,5276.0,10.811,1.0,0.107,0.027,0.145,0.15,0.755,0.755,ok,imbalanced_learn,22,linear__high_ir__medium_overlap__low_clusters,linear,high_ir,medium_overlap,low_clusters
SVMSMOTE,2400.0,5276.0,10.811,1.0,0.107,0.023,0.145,0.15,0.755,0.751,ok,imbalanced_learn,22,linear__high_ir__medium_overlap__low_clusters,linear,high_ir,medium_overlap,low_clusters
ADASYN,2400.0,5334.0,10.811,1.041,0.107,0.019,0.145,0.152,0.755,0.755,ok,imbalanced_learn,22,linear__high_ir__medium_overlap__low_clusters,linear,high_ir,medium_overlap,low_clusters
KMeansSMOTE,,,,,,,,,,,error,imbalanced_learn,22,linear__high_ir__medium_overlap__low_clusters,linear,high_ir,medium_overlap,low_clusters
NoSampler,2400.0,2400.0,10.597,10.597,0.204,0.204,0.042,0.042,0.793,0.793,ok,baseline,23,linear__high_ir__medium_overlap__medium_clusters,linear,high_ir,medium_overlap,medium_clusters
distance_SMOTE,2400.0,3117.0,10.597,10.597,0.204,0.121,0.042,0.051,0.793,0.793,ok,smote_variants,23,linear__high_ir__medium_overlap__medium_clusters,linear,high_ir,medium_overlap,medium_clusters
cluster_SMOTE,2400.0,3117.0,10.597,10.597,0.204,0.12,0.042,0.053,0.793,0.793,ok,smote_variants,23,linear__high_ir__medium_overlap__medium_clusters,linear,high_ir,medium_overlap,medium_clusters
CBSO,2400.0,3117.0,10.597,10.597,0.204,0.158,0.042,0.044,0.793,0.793,ok,smote_variants,23,linear__high_ir__medium_overlap__medium_clusters,linear,high_ir,medium_overlap,medium_clusters
AHC,2400.0,2507.0,10.597,1.101,0.204,0.022,0.042,0.056,0.793,0.8,ok,smote_variants,23,linear__high_ir__medium_overlap__medium_clusters,linear,high_ir,medium_overlap,medium_clusters
DBSMOTE,2400.0,3117.0,10.597,10.597,0.204,0.12,0.042,0.047,0.793,0.793,ok,smote_variants,23,linear__high_ir__medium_overlap__medium_clusters,linear,high_ir,medium_overlap,medium_clusters
MWMOTE,2400.0,3117.0,10.597,10.597,0.204,0.139,0.042,0.047,0.793,0.793,ok,smote_variants,23,linear__high_ir__medium_overlap__medium_clusters,linear,high_ir,medium_overlap,medium_clusters
SMOTE,2400.0,5256.0,10.597,1.0,0.204,0.046,0.042,0.047,0.793,0.793,ok,imbalanced_learn,23,linear__high_ir__medium_overlap__medium_clusters,linear,high_ir,medium_overlap,medium_clusters
BorderlineSMOTE,2400.0,5256.0,10.597,1.0,0.204,0.049,0.042,0.044,0.793,0.793,ok,imbalanced_learn,23,linear__high_ir__medium_overlap__medium_clusters,linear,high_ir,medium_overlap,medium_clusters
SVMSMOTE,2400.0,5256.0,10.597,1.0,0.204,0.044,0.042,0.051,0.793,0.797,ok,imbalanced_learn,23,linear__high_ir__medium_overlap__medium_clusters,linear,high_ir,medium_overlap,medium_clusters
ADASYN,2400.0,5299.0,10.597,1.067,0.204,0.04,0.042,0.041,0.793,0.793,ok,imbalanced_learn,23,linear__high_ir__medium_overlap__medium_clusters,linear,high_ir,medium_overlap,medium_clusters
KMeansSMOTE,,,,,,,,,,,error,imbalanced_learn,23,linear__high_ir__medium_overlap__medium_clusters,linear,high_ir,medium_overlap,medium_clusters
NoSampler,2400.0,2400.0,10.77,10.77,0.221,0.221,0.04,0.04,0.802,0.802,ok,baseline,24,linear__high_ir__medium_overlap__high_clusters,linear,high_ir,medium_overlap,high_clusters
distance_SMOTE,2400.0,3116.0,10.77,10.77,0.221,0.149,0.04,0.042,0.802,0.802,ok,smote_variants,24,linear__high_ir__medium_overlap__high_clusters,linear,high_ir,medium_overlap,high_clusters
cluster_SMOTE,2400.0,3116.0,10.77,10.77,0.221,0.142,0.04,0.04,0.802,0.802,ok,smote_variants,24,linear__high_ir__medium_overlap__high_clusters,linear,high_ir,medium_overlap,high_clusters
CBSO,2400.0,3116.0,10.77,10.77,0.221,0.18,0.04,0.038,0.802,0.802,ok,smote_variants,24,linear__high_ir__medium_overlap__high_clusters,linear,high_ir,medium_overlap,high_clusters
AHC,2400.0,2509.0,10.77,1.1,0.221,0.05,0.04,0.036,0.802,0.826,ok,smote_variants,24,linear__high_ir__medium_overlap__high_clusters,linear,high_ir,medium_overlap,high_clusters
DBSMOTE,2400.0,3116.0,10.77,10.77,0.221,0.142,0.04,0.041,0.802,0.802,ok,smote_variants,24,linear__high_ir__medium_overlap__high_clusters,linear,high_ir,medium_overlap,high_clusters
MWMOTE,2400.0,3116.0,10.77,10.77,0.221,0.156,0.04,0.04,0.802,0.802,ok,smote_variants,24,linear__high_ir__medium_overlap__high_clusters,linear,high_ir,medium_overlap,high_clusters
SMOTE,2400.0,5256.0,10.77,1.0,0.221,0.059,0.04,0.063,0.802,0.802,ok,imbalanced_learn,24,linear__high_ir__medium_overlap__high_clusters,linear,high_ir,medium_overlap,high_clusters
BorderlineSMOTE,2400.0,5256.0,10.77,1.0,0.221,0.065,0.04,0.059,0.802,0.802,ok,imbalanced_learn,24,linear__high_ir__medium_overlap__high_clusters,linear,high_ir,medium_overlap,high_clusters
SVMSMOTE,2400.0,5256.0,10.77,1.0,0.221,0.06,0.04,0.092,0.802,0.801,ok,imbalanced_learn,24,linear__high_ir__medium_overlap__high_clusters,linear,high_ir,medium_overlap,high_clusters
ADASYN,2400.0,5332.0,10.77,1.109,0.221,0.056,0.04,0.044,0.802,0.802,ok,imbalanced_learn,24,linear__high_ir__medium_overlap__high_clusters,linear,high_ir,medium_overlap,high_clusters
KMeansSMOTE,,,,,,,,,,,error,imbalanced_learn,24,linear__high_ir__medium_overlap__high_clusters,linear,high_ir,medium_overlap,high_clusters
NoSampler,2400.0,2400.0,10.683,10.683,0.172,0.172,0.048,0.048,0.796,0.796,ok,baseline,25,linear__high_ir__high_overlap__low_clusters,linear,high_ir,high_overlap,low_clusters
distance_SMOTE,2400.0,3113.0,10.683,10.683,0.172,0.104,0.048,0.051,0.796,0.796,ok,smote_variants,25,linear__high_ir__high_overlap__low_clusters,linear,high_ir,high_overlap,low_clusters
cluster_SMOTE,2400.0,3113.0,10.683,10.683,0.172,0.105,0.048,0.051,0.796,0.796,ok,smote_variants,25,linear__high_ir__high_overlap__low_clusters,linear,high_ir,high_overlap,low_clusters
CBSO,2400.0,3113.0,10.683,10.683,0.172,0.142,0.048,0.043,0.796,0.796,ok,smote_variants,25,linear__high_ir__high_overlap__low_clusters,linear,high_ir,high_overlap,low_clusters
AHC,2400.0,2515.0,10.683,1.094,0.172,0.049,0.048,0.034,0.796,0.816,ok,smote_variants,25,linear__high_ir__high_overlap__low_clusters,linear,high_ir,high_overlap,low_clusters
DBSMOTE,2400.0,3113.0,10.683,10.683,0.172,0.099,0.048,0.046,0.796,0.796,ok,smote_variants,25,linear__high_ir__high_overlap__low_clusters,linear,high_ir,high_overlap,low_clusters
MWMOTE,2400.0,3113.0,10.683,10.683,0.172,0.118,0.048,0.045,0.796,0.796,ok,smote_variants,25,linear__high_ir__high_overlap__low_clusters,linear,high_ir,high_overlap,low_clusters
SMOTE,2400.0,5256.0,10.683,1.0,0.172,0.039,0.048,0.067,0.796,0.796,ok,imbalanced_learn,25,linear__high_ir__high_overlap__low_clusters,linear,high_ir,high_overlap,low_clusters
BorderlineSMOTE,2400.0,5256.0,10.683,1.0,0.172,0.044,0.048,0.047,0.796,0.796,ok,imbalanced_learn,25,linear__high_ir__high_overlap__low_clusters,linear,high_ir,high_overlap,low_clusters
SVMSMOTE,2400.0,5256.0,10.683,1.0,0.172,0.04,0.048,0.093,0.796,0.795,ok,imbalanced_learn,25,linear__high_ir__high_overlap__low_clusters,linear,high_ir,high_overlap,low_clusters
ADASYN,2400.0,5166.0,10.683,1.048,0.172,0.041,0.048,0.042,0.796,0.796,ok,imbalanced_learn,25,linear__high_ir__high_overlap__low_clusters,linear,high_ir,high_overlap,low_clusters
KMeansSMOTE,,,,,,,,,,,error,imbalanced_learn,25,linear__high_ir__high_overlap__low_clusters,linear,high_ir,high_overlap,low_clusters
NoSampler,2400.0,2400.0,10.421,10.421,0.251,0.251,0.031,0.031,0.809,0.809,ok,baseline,26,linear__high_ir__high_overlap__medium_clusters,linear,high_ir,high_overlap,medium_clusters
distance_SMOTE,2400.0,3115.0,10.421,10.421,0.251,0.154,0.031,0.034,0.809,0.809,ok,smote_variants,26,linear__high_ir__high_overlap__medium_clusters,linear,high_ir,high_overlap,medium_clusters
cluster_SMOTE,2400.0,3115.0,10.421,10.421,0.251,0.147,0.031,0.032,0.809,0.809,ok,smote_variants,26,linear__high_ir__high_overlap__medium_clusters,linear,high_ir,high_overlap,medium_clusters
CBSO,2400.0,3115.0,10.421,10.421,0.251,0.207,0.031,0.03,0.809,0.809,ok,smote_variants,26,linear__high_ir__high_overlap__medium_clusters,linear,high_ir,high_overlap,medium_clusters
AHC,2400.0,2508.0,10.421,1.099,0.251,0.059,0.031,0.028,0.809,0.833,ok,smote_variants,26,linear__high_ir__high_overlap__medium_clusters,linear,high_ir,high_overlap,medium_clusters
DBSMOTE,2400.0,3115.0,10.421,10.421,0.251,0.148,0.031,0.032,0.809,0.809,ok,smote_variants,26,linear__high_ir__high_overlap__medium_clusters,linear,high_ir,high_overlap,medium_clusters
MWMOTE,2400.0,3115.0,10.421,10.421,0.251,0.174,0.031,0.031,0.809,0.809,ok,smote_variants,26,linear__high_ir__high_overlap__medium_clusters,linear,high_ir,high_overlap,medium_clusters
SMOTE,2400.0,5252.0,10.421,1.0,0.251,0.054,0.031,0.036,0.809,0.809,ok,imbalanced_learn,26,linear__high_ir__high_overlap__medium_clusters,linear,high_ir,high_overlap,medium_clusters
BorderlineSMOTE,2400.0,5252.0,10.421,1.0,0.251,0.059,0.031,0.028,0.809,0.809,ok,imbalanced_learn,26,linear__high_ir__high_overlap__medium_clusters,linear,high_ir,high_overlap,medium_clusters
SVMSMOTE,2400.0,5252.0,10.421,1.0,0.251,0.056,0.031,0.104,0.809,0.788,ok,imbalanced_learn,26,linear__high_ir__high_overlap__medium_clusters,linear,high_ir,high_overlap,medium_clusters
ADASYN,2400.0,5332.0,10.421,1.037,0.251,0.05,0.031,0.027,0.809,0.809,ok,imbalanced_learn,26,linear__high_ir__high_overlap__medium_clusters,linear,high_ir,high_overlap,medium_clusters
KMeansSMOTE,,,,,,,,,,,error,imbalanced_learn,26,linear__high_ir__high_overlap__medium_clusters,linear,high_ir,high_overlap,medium_clusters
NoSampler,2400.0,2400.0,10.258,10.258,0.334,0.334,0.01,0.01,0.818,0.818,ok,baseline,27,linear__high_ir__high_overlap__high_clusters,linear,high_ir,high_overlap,high_clusters
distance_SMOTE,2400.0,3114.0,10.258,10.258,0.334,0.214,0.01,0.01,0.818,0.818,ok,smote_variants,27,linear__high_ir__high_overlap__high_clusters,linear,high_ir,high_overlap,high_clusters
cluster_SMOTE,2400.0,3114.0,10.258,10.258,0.334,0.207,0.01,0.01,0.818,0.818,ok,smote_variants,27,linear__high_ir__high_overlap__high_clusters,linear,high_ir,high_overlap,high_clusters
CBSO,2400.0,3114.0,10.258,10.258,0.334,0.274,0.01,0.01,0.818,0.818,ok,smote_variants,27,linear__high_ir__high_overlap__high_clusters,linear,high_ir,high_overlap,high_clusters
AHC,2400.0,2510.0,10.258,1.097,0.334,0.106,0.01,0.005,0.818,0.876,ok,smote_variants,27,linear__high_ir__high_overlap__high_clusters,linear,high_ir,high_overlap,high_clusters
DBSMOTE,2400.0,3114.0,10.258,10.258,0.334,0.202,0.01,0.009,0.818,0.818,ok,smote_variants,27,linear__high_ir__high_overlap__high_clusters,linear,high_ir,high_overlap,high_clusters
MWMOTE,2400.0,3114.0,10.258,10.258,0.334,0.228,0.01,0.01,0.818,0.818,ok,smote_variants,27,linear__high_ir__high_overlap__high_clusters,linear,high_ir,high_overlap,high_clusters
SMOTE,2400.0,5252.0,10.258,1.0,0.334,0.087,0.01,0.016,0.818,0.818,ok,imbalanced_learn,27,linear__high_ir__high_overlap__high_clusters,linear,high_ir,high_overlap,high_clusters
BorderlineSMOTE,2400.0,5252.0,10.258,1.0,0.334,0.09,0.01,0.02,0.818,0.818,ok,imbalanced_learn,27,linear__high_ir__high_overlap__high_clusters,linear,high_ir,high_overlap,high_clusters
SVMSMOTE,2400.0,4728.0,10.258,1.664,0.334,0.102,0.01,0.021,0.818,0.786,ok,imbalanced_learn,27,linear__high_ir__high_overlap__high_clusters,linear,high_ir,high_overlap,high_clusters
ADASYN,2400.0,5443.0,10.258,1.107,0.334,0.079,0.01,0.012,0.818,0.818,ok,imbalanced_learn,27,linear__high_ir__high_overlap__high_clusters,linear,high_ir,high_overlap,high_clusters
KMeansSMOTE,,,,,,,,,,,error,imbalanced_learn,27,linear__high_ir__high_overlap__high_clusters,linear,high_ir,high_overlap,high_clusters
NoSampler,2280.0,2280.0,2.164,2.164,0.534,0.534,0.047,0.047,0.857,0.857,ok,baseline,28,nonlinear__low_ir__low_overlap,nonlinear,low_ir,low_overlap,nonlinear
distance_SMOTE,2280.0,2333.0,2.164,2.164,0.534,0.5,0.047,0.047,0.857,0.857,ok,smote_variants,28,nonlinear__low_ir__low_overlap,nonlinear,low_ir,low_overlap,nonlinear
cluster_SMOTE,2280.0,2333.0,2.164,2.164,0.534,0.512,0.047,0.047,0.857,0.857,ok,smote_variants,28,nonlinear__low_ir__low_overlap,nonlinear,low_ir,low_overlap,nonlinear
CBSO,2280.0,2333.0,2.164,2.164,0.534,0.508,0.047,0.047,0.857,0.857,ok,smote_variants,28,nonlinear__low_ir__low_overlap,nonlinear,low_ir,low_overlap,nonlinear
AHC,2280.0,2224.0,2.164,1.862,0.534,0.205,0.047,0.001,0.857,0.882,ok,smote_variants,28,nonlinear__low_ir__low_overlap,nonlinear,low_ir,low_overlap,nonlinear
DBSMOTE,2280.0,2333.0,2.164,2.164,0.534,0.513,0.047,0.047,0.857,0.857,ok,smote_variants,28,nonlinear__low_ir__low_overlap,nonlinear,low_ir,low_overlap,nonlinear
MWMOTE,2280.0,2333.0,2.164,2.164,0.534,0.508,0.047,0.047,0.857,0.857,ok,smote_variants,28,nonlinear__low_ir__low_overlap,nonlinear,low_ir,low_overlap,nonlinear
SMOTE,2280.0,3108.0,2.164,1.0,0.534,0.297,0.047,0.067,0.857,0.857,ok,imbalanced_learn,28,nonlinear__low_ir__low_overlap,nonlinear,low_ir,low_overlap,nonlinear
BorderlineSMOTE,2280.0,3108.0,2.164,1.0,0.534,0.311,0.047,0.053,0.857,0.857,ok,imbalanced_learn,28,nonlinear__low_ir__low_overlap,nonlinear,low_ir,low_overlap,nonlinear
SVMSMOTE,2280.0,3108.0,2.164,1.0,0.534,0.319,0.047,0.069,0.857,0.848,ok,imbalanced_learn,28,nonlinear__low_ir__low_overlap,nonlinear,low_ir,low_overlap,nonlinear
ADASYN,,,,,,,,,,,error,imbalanced_learn,28,nonlinear__low_ir__low_overlap,nonlinear,low_ir,low_overlap,nonlinear
KMeansSMOTE,2280.0,3116.0,2.164,1.006,0.534,0.326,0.047,0.091,0.857,0.857,ok,imbalanced_learn,28,nonlinear__low_ir__low_overlap,nonlinear,low_ir,low_overlap,nonlinear
NoSampler,2280.0,2280.0,2.167,2.167,0.532,0.532,0.044,0.044,0.852,0.852,ok,baseline,29,nonlinear__low_ir__medium_overlap,nonlinear,low_ir,medium_overlap,nonlinear
distance_SMOTE,2280.0,2334.0,2.167,2.167,0.532,0.497,0.044,0.044,0.852,0.852,ok,smote_variants,29,nonlinear__low_ir__medium_overlap,nonlinear,low_ir,medium_overlap,nonlinear
cluster_SMOTE,2280.0,2334.0,2.167,2.167,0.532,0.503,0.044,0.045,0.852,0.852,ok,smote_variants,29,nonlinear__low_ir__medium_overlap,nonlinear,low_ir,medium_overlap,nonlinear
CBSO,2280.0,2334.0,2.167,2.167,0.532,0.504,0.044,0.044,0.852,0.852,ok,smote_variants,29,nonlinear__low_ir__medium_overlap,nonlinear,low_ir,medium_overlap,nonlinear
AHC,2280.0,2225.0,2.167,1.86,0.532,0.204,0.044,0.001,0.852,0.886,ok,smote_variants,29,nonlinear__low_ir__medium_overlap,nonlinear,low_ir,medium_overlap,nonlinear
DBSMOTE,2280.0,2334.0,2.167,2.167,0.532,0.512,0.044,0.044,0.852,0.852,ok,smote_variants,29,nonlinear__low_ir__medium_overlap,nonlinear,low_ir,medium_overlap,nonlinear
MWMOTE,2280.0,2334.0,2.167,2.167,0.532,0.501,0.044,0.044,0.852,0.852,ok,smote_variants,29,nonlinear__low_ir__medium_overlap,nonlinear,low_ir,medium_overlap,nonlinear
SMOTE,2280.0,3112.0,2.167,1.0,0.532,0.305,0.044,0.066,0.852,0.852,ok,imbalanced_learn,29,nonlinear__low_ir__medium_overlap,nonlinear,low_ir,medium_overlap,nonlinear
BorderlineSMOTE,2280.0,3112.0,2.167,1.0,0.532,0.309,0.044,0.055,0.852,0.852,ok,imbalanced_learn,29,nonlinear__low_ir__medium_overlap,nonlinear,low_ir,medium_overlap,nonlinear
SVMSMOTE,2280.0,3112.0,2.167,1.0,0.532,0.325,0.044,0.065,0.852,0.845,ok,imbalanced_learn,29,nonlinear__low_ir__medium_overlap,nonlinear,low_ir,medium_overlap,nonlinear
ADASYN,,,,,,,,,,,error,imbalanced_learn,29,nonlinear__low_ir__medium_overlap,nonlinear,low_ir,medium_overlap,nonlinear
KMeansSMOTE,2280.0,3117.0,2.167,1.005,0.532,0.332,0.044,0.096,0.852,0.852,ok,imbalanced_learn,29,nonlinear__low_ir__medium_overlap,nonlinear,low_ir,medium_overlap,nonlinear
NoSampler,2280.0,2280.0,2.152,2.152,0.545,0.545,0.04,0.04,0.859,0.859,ok,baseline,30,nonlinear__low_ir__high_overlap,nonlinear,low_ir,high_overlap,nonlinear
distance_SMOTE,2280.0,2342.0,2.152,2.152,0.545,0.498,0.04,0.04,0.859,0.859,ok,smote_variants,30,nonlinear__low_ir__high_overlap,nonlinear,low_ir,high_overlap,nonlinear
cluster_SMOTE,2280.0,2342.0,2.152,2.152,0.545,0.51,0.04,0.04,0.859,0.859,ok,smote_variants,30,nonlinear__low_ir__high_overlap,nonlinear,low_ir,high_overlap,nonlinear
CBSO,2280.0,2342.0,2.152,2.152,0.545,0.523,0.04,0.04,0.859,0.859,ok,smote_variants,30,nonlinear__low_ir__high_overlap,nonlinear,low_ir,high_overlap,nonlinear
AHC,2280.0,2212.0,2.152,1.84,0.545,0.215,0.04,0.001,0.859,0.879,ok,smote_variants,30,nonlinear__low_ir__high_overlap,nonlinear,low_ir,high_overlap,nonlinear
DBSMOTE,2280.0,2342.0,2.152,2.152,0.545,0.52,0.04,0.04,0.859,0.859,ok,smote_variants,30,nonlinear__low_ir__high_overlap,nonlinear,low_ir,high_overlap,nonlinear
MWMOTE,2280.0,2342.0,2.152,2.152,0.545,0.518,0.04,0.04,0.859,0.859,ok,smote_variants,30,nonlinear__low_ir__high_overlap,nonlinear,low_ir,high_overlap,nonlinear
SMOTE,2280.0,3116.0,2.152,1.0,0.545,0.301,0.04,0.059,0.859,0.859,ok,imbalanced_learn,30,nonlinear__low_ir__high_overlap,nonlinear,low_ir,high_overlap,nonlinear
BorderlineSMOTE,2280.0,3116.0,2.152,1.0,0.545,0.307,0.04,0.051,0.859,0.859,ok,imbalanced_learn,30,nonlinear__low_ir__high_overlap,nonlinear,low_ir,high_overlap,nonlinear
SVMSMOTE,2280.0,3116.0,2.152,1.0,0.545,0.323,0.04,0.061,0.859,0.858,ok,imbalanced_learn,30,nonlinear__low_ir__high_overlap,nonlinear,low_ir,high_overlap,nonlinear
ADASYN,,,,,,,,,,,error,imbalanced_learn,30,nonlinear__low_ir__high_overlap,nonlinear,low_ir,high_overlap,nonlinear
KMeansSMOTE,2280.0,3122.0,2.152,1.004,0.545,0.34,0.04,0.092,0.859,0.859,ok,imbalanced_learn,30,nonlinear__low_ir__high_overlap,nonlinear,low_ir,high_overlap,nonlinear
NoSampler,2040.0,2040.0,3.433,3.433,0.526,0.526,0.036,0.036,0.847,0.847,ok,baseline,31,nonlinear__medium_ir__low_overlap,nonlinear,medium_ir,low_overlap,nonlinear
distance_SMOTE,2040.0,2285.0,3.433,3.433,0.526,0.418,0.036,0.036,0.847,0.847,ok,smote_variants,31,nonlinear__medium_ir__low_overlap,nonlinear,medium_ir,low_overlap,nonlinear
cluster_SMOTE,2040.0,2285.0,3.433,3.433,0.526,0.427,0.036,0.035,0.847,0.847,ok,smote_variants,31,nonlinear__medium_ir__low_overlap,nonlinear,medium_ir,low_overlap,nonlinear
CBSO,2040.0,2285.0,3.433,3.433,0.526,0.44,0.036,0.036,0.847,0.847,ok,smote_variants,31,nonlinear__medium_ir__low_overlap,nonlinear,medium_ir,low_overlap,nonlinear
AHC,2040.0,2032.0,3.433,1.416,0.526,0.199,0.036,0.001,0.847,0.861,ok,smote_variants,31,nonlinear__medium_ir__low_overlap,nonlinear,medium_ir,low_overlap,nonlinear
DBSMOTE,2040.0,2285.0,3.433,3.433,0.526,0.43,0.036,0.035,0.847,0.847,ok,smote_variants,31,nonlinear__medium_ir__low_overlap,nonlinear,medium_ir,low_overlap,nonlinear
MWMOTE,2040.0,2285.0,3.433,3.433,0.526,0.429,0.036,0.036,0.847,0.847,ok,smote_variants,31,nonlinear__medium_ir__low_overlap,nonlinear,medium_ir,low_overlap,nonlinear
SMOTE,2040.0,3364.0,3.433,1.0,0.526,0.21,0.036,0.063,0.847,0.847,ok,imbalanced_learn,31,nonlinear__medium_ir__low_overlap,nonlinear,medium_ir,low_overlap,nonlinear
BorderlineSMOTE,2040.0,3364.0,3.433,1.0,0.526,0.212,0.036,0.058,0.847,0.847,ok,imbalanced_learn,31,nonlinear__medium_ir__low_overlap,nonlinear,medium_ir,low_overlap,nonlinear
SVMSMOTE,2040.0,3364.0,3.433,1.0,0.526,0.224,0.036,0.078,0.847,0.845,ok,imbalanced_learn,31,nonlinear__medium_ir__low_overlap,nonlinear,medium_ir,low_overlap,nonlinear
ADASYN,2040.0,3372.0,3.433,1.054,0.526,0.181,0.036,0.052,0.847,0.847,ok,imbalanced_learn,31,nonlinear__medium_ir__low_overlap,nonlinear,medium_ir,low_overlap,nonlinear
KMeansSMOTE,2040.0,3369.0,3.433,1.004,0.526,0.242,0.036,0.118,0.847,0.847,ok,imbalanced_learn,31,nonlinear__medium_ir__low_overlap,nonlinear,medium_ir,low_overlap,nonlinear
NoSampler,2040.0,2040.0,3.436,3.436,0.528,0.528,0.035,0.035,0.847,0.847,ok,baseline,32,nonlinear__medium_ir__medium_overlap,nonlinear,medium_ir,medium_overlap,nonlinear
distance_SMOTE,2040.0,2272.0,3.436,3.436,0.528,0.423,0.035,0.035,0.847,0.847,ok,smote_variants,32,nonlinear__medium_ir__medium_overlap,nonlinear,medium_ir,medium_overlap,nonlinear
cluster_SMOTE,2040.0,2272.0,3.436,3.436,0.528,0.434,0.035,0.034,0.847,0.847,ok,smote_variants,32,nonlinear__medium_ir__medium_overlap,nonlinear,medium_ir,medium_overlap,nonlinear
CBSO,2040.0,2272.0,3.436,3.436,0.528,0.451,0.035,0.035,0.847,0.847,ok,smote_variants,32,nonlinear__medium_ir__medium_overlap,nonlinear,medium_ir,medium_overlap,nonlinear
AHC,2040.0,2040.0,3.436,1.443,0.528,0.21,0.035,0.001,0.847,0.872,ok,smote_variants,32,nonlinear__medium_ir__medium_overlap,nonlinear,medium_ir,medium_overlap,nonlinear
DBSMOTE,2040.0,2272.0,3.436,3.436,0.528,0.432,0.035,0.034,0.847,0.847,ok,smote_variants,32,nonlinear__medium_ir__medium_overlap,nonlinear,medium_ir,medium_overlap,nonlinear
MWMOTE,2040.0,2272.0,3.436,3.436,0.528,0.442,0.035,0.034,0.847,0.847,ok,smote_variants,32,nonlinear__medium_ir__medium_overlap,nonlinear,medium_ir,medium_overlap,nonlinear
SMOTE,2040.0,3340.0,3.436,1.0,0.528,0.219,0.035,0.065,0.847,0.847,ok,imbalanced_learn,32,nonlinear__medium_ir__medium_overlap,nonlinear,medium_ir,medium_overlap,nonlinear
BorderlineSMOTE,2040.0,3340.0,3.436,1.0,0.528,0.229,0.035,0.057,0.847,0.847,ok,imbalanced_learn,32,nonlinear__medium_ir__medium_overlap,nonlinear,medium_ir,medium_overlap,nonlinear
SVMSMOTE,2040.0,3340.0,3.436,1.0,0.528,0.239,0.035,0.075,0.847,0.844,ok,imbalanced_learn,32,nonlinear__medium_ir__medium_overlap,nonlinear,medium_ir,medium_overlap,nonlinear
ADASYN,2040.0,3369.0,3.436,1.138,0.528,0.187,0.035,0.049,0.847,0.847,ok,imbalanced_learn,32,nonlinear__medium_ir__medium_overlap,nonlinear,medium_ir,medium_overlap,nonlinear
KMeansSMOTE,2040.0,3345.0,3.436,1.004,0.528,0.248,0.035,0.09,0.847,0.847,ok,imbalanced_learn,32,nonlinear__medium_ir__medium_overlap,nonlinear,medium_ir,medium_overlap,nonlinear
NoSampler,2040.0,2040.0,3.438,3.438,0.572,0.572,0.034,0.034,0.843,0.843,ok,baseline,33,nonlinear__medium_ir__high_overlap,nonlinear,medium_ir,high_overlap,nonlinear
distance_SMOTE,2040.0,2265.0,3.438,3.438,0.572,0.461,0.034,0.034,0.843,0.843,ok,smote_variants,33,nonlinear__medium_ir__high_overlap,nonlinear,medium_ir,high_overlap,nonlinear
cluster_SMOTE,2040.0,2265.0,3.438,3.438,0.572,0.465,0.034,0.034,0.843,0.843,ok,smote_variants,33,nonlinear__medium_ir__high_overlap,nonlinear,medium_ir,high_overlap,nonlinear
CBSO,2040.0,2265.0,3.438,3.438,0.572,0.473,0.034,0.034,0.843,0.843,ok,smote_variants,33,nonlinear__medium_ir__high_overlap,nonlinear,medium_ir,high_overlap,nonlinear
AHC,2040.0,2045.0,3.438,1.458,0.572,0.224,0.034,0.001,0.843,0.829,ok,smote_variants,33,nonlinear__medium_ir__high_overlap,nonlinear,medium_ir,high_overlap,nonlinear
DBSMOTE,2040.0,2265.0,3.438,3.438,0.572,0.472,0.034,0.033,0.843,0.843,ok,smote_variants,33,nonlinear__medium_ir__high_overlap,nonlinear,medium_ir,high_overlap,nonlinear
MWMOTE,2040.0,2265.0,3.438,3.438,0.572,0.468,0.034,0.034,0.843,0.843,ok,smote_variants,33,nonlinear__medium_ir__high_overlap,nonlinear,medium_ir,high_overlap,nonlinear
SMOTE,2040.0,3328.0,3.438,1.0,0.572,0.233,0.034,0.066,0.843,0.843,ok,imbalanced_learn,33,nonlinear__medium_ir__high_overlap,nonlinear,medium_ir,high_overlap,nonlinear
BorderlineSMOTE,2040.0,3328.0,3.438,1.0,0.572,0.234,0.034,0.058,0.843,0.843,ok,imbalanced_learn,33,nonlinear__medium_ir__high_overlap,nonlinear,medium_ir,high_overlap,nonlinear
SVMSMOTE,2040.0,3328.0,3.438,1.0,0.572,0.253,0.034,0.078,0.843,0.837,ok,imbalanced_learn,33,nonlinear__medium_ir__high_overlap,nonlinear,medium_ir,high_overlap,nonlinear
ADASYN,2040.0,3226.0,3.438,1.197,0.572,0.235,0.034,0.053,0.843,0.843,ok,imbalanced_learn,33,nonlinear__medium_ir__high_overlap,nonlinear,medium_ir,high_overlap,nonlinear
KMeansSMOTE,2040.0,3334.0,3.438,1.006,0.572,0.257,0.034,0.099,0.843,0.843,ok,imbalanced_learn,33,nonlinear__medium_ir__high_overlap,nonlinear,medium_ir,high_overlap,nonlinear
NoSampler,1920.0,1920.0,7.584,7.584,0.482,0.482,0.024,0.024,0.819,0.819,ok,baseline,34,nonlinear__high_ir__low_overlap,nonlinear,high_ir,low_overlap,nonlinear
distance_SMOTE,1920.0,2267.0,7.584,7.584,0.482,0.352,0.024,0.024,0.819,0.819,ok,smote_variants,34,nonlinear__high_ir__low_overlap,nonlinear,high_ir,low_overlap,nonlinear
cluster_SMOTE,1920.0,2267.0,7.584,7.584,0.482,0.364,0.024,0.023,0.819,0.819,ok,smote_variants,34,nonlinear__high_ir__low_overlap,nonlinear,high_ir,low_overlap,nonlinear
CBSO,1920.0,2267.0,7.584,7.584,0.482,0.375,0.024,0.023,0.819,0.819,ok,smote_variants,34,nonlinear__high_ir__low_overlap,nonlinear,high_ir,low_overlap,nonlinear
AHC,1920.0,2149.0,7.584,1.267,0.482,0.201,0.024,0.001,0.819,0.85,ok,smote_variants,34,nonlinear__high_ir__low_overlap,nonlinear,high_ir,low_overlap,nonlinear
DBSMOTE,1920.0,2267.0,7.584,7.584,0.482,0.363,0.024,0.023,0.819,0.819,ok,smote_variants,34,nonlinear__high_ir__low_overlap,nonlinear,high_ir,low_overlap,nonlinear
MWMOTE,1920.0,2267.0,7.584,7.584,0.482,0.361,0.024,0.024,0.819,0.819,ok,smote_variants,34,nonlinear__high_ir__low_overlap,nonlinear,high_ir,low_overlap,nonlinear
SMOTE,1920.0,3792.0,7.584,1.0,0.482,0.165,0.024,0.074,0.819,0.819,ok,imbalanced_learn,34,nonlinear__high_ir__low_overlap,nonlinear,high_ir,low_overlap,nonlinear
BorderlineSMOTE,1920.0,3792.0,7.584,1.0,0.482,0.169,0.024,0.089,0.819,0.819,ok,imbalanced_learn,34,nonlinear__high_ir__low_overlap,nonlinear,high_ir,low_overlap,nonlinear
SVMSMOTE,1920.0,3792.0,7.584,1.0,0.482,0.176,0.024,0.127,0.819,0.803,ok,imbalanced_learn,34,nonlinear__high_ir__low_overlap,nonlinear,high_ir,low_overlap,nonlinear
ADASYN,1920.0,3717.0,7.584,1.138,0.482,0.169,0.024,0.059,0.819,0.819,ok,imbalanced_learn,34,nonlinear__high_ir__low_overlap,nonlinear,high_ir,low_overlap,nonlinear
KMeansSMOTE,,,,,,,,,,,error,imbalanced_learn,34,nonlinear__high_ir__low_overlap,nonlinear,high_ir,low_overlap,nonlinear
NoSampler,1920.0,1920.0,7.764,7.764,0.506,0.506,0.021,0.021,0.813,0.813,ok,baseline,35,nonlinear__high_ir__medium_overlap,nonlinear,high_ir,medium_overlap,nonlinear
distance_SMOTE,1920.0,2280.0,7.764,7.764,0.506,0.365,0.021,0.02,0.813,0.813,ok,smote_variants,35,nonlinear__high_ir__medium_overlap,nonlinear,high_ir,medium_overlap,nonlinear
cluster_SMOTE,1920.0,2280.0,7.764,7.764,0.506,0.369,0.021,0.02,0.813,0.813,ok,smote_variants,35,nonlinear__high_ir__medium_overlap,nonlinear,high_ir,medium_overlap,nonlinear
CBSO,1920.0,2280.0,7.764,7.764,0.506,0.395,0.021,0.02,0.813,0.813,ok,smote_variants,35,nonlinear__high_ir__medium_overlap,nonlinear,high_ir,medium_overlap,nonlinear
AHC,1920.0,2144.0,7.764,1.245,0.506,0.21,0.021,0.001,0.813,0.851,ok,smote_variants,35,nonlinear__high_ir__medium_overlap,nonlinear,high_ir,medium_overlap,nonlinear
DBSMOTE,1920.0,2280.0,7.764,7.764,0.506,0.372,0.021,0.02,0.813,0.813,ok,smote_variants,35,nonlinear__high_ir__medium_overlap,nonlinear,high_ir,medium_overlap,nonlinear
MWMOTE,1920.0,2280.0,7.764,7.764,0.506,0.385,0.021,0.02,0.813,0.813,ok,smote_variants,35,nonlinear__high_ir__medium_overlap,nonlinear,high_ir,medium_overlap,nonlinear
SMOTE,1920.0,3820.0,7.764,1.0,0.506,0.181,0.021,0.059,0.813,0.813,ok,imbalanced_learn,35,nonlinear__high_ir__medium_overlap,nonlinear,high_ir,medium_overlap,nonlinear
BorderlineSMOTE,1920.0,3820.0,7.764,1.0,0.506,0.185,0.021,0.07,0.813,0.813,ok,imbalanced_learn,35,nonlinear__high_ir__medium_overlap,nonlinear,high_ir,medium_overlap,nonlinear
SVMSMOTE,1920.0,3820.0,7.764,1.0,0.506,0.183,0.021,0.097,0.813,0.835,ok,imbalanced_learn,35,nonlinear__high_ir__medium_overlap,nonlinear,high_ir,medium_overlap,nonlinear
ADASYN,1920.0,3759.0,7.764,1.212,0.506,0.172,0.021,0.049,0.813,0.813,ok,imbalanced_learn,35,nonlinear__high_ir__medium_overlap,nonlinear,high_ir,medium_overlap,nonlinear
KMeansSMOTE,,,,,,,,,,,error,imbalanced_learn,35,nonlinear__high_ir__medium_overlap,nonlinear,high_ir,medium_overlap,nonlinear
NoSampler,1920.0,1920.0,7.48,7.48,0.522,0.522,0.019,0.019,0.825,0.825,ok,baseline,36,nonlinear__high_ir__high_overlap,nonlinear,high_ir,high_overlap,nonlinear
distance_SMOTE,1920.0,2270.0,7.48,7.48,0.522,0.39,0.019,0.019,0.825,0.825,ok,smote_variants,36,nonlinear__high_ir__high_overlap,nonlinear,high_ir,high_overlap,nonlinear
cluster_SMOTE,1920.0,2270.0,7.48,7.48,0.522,0.389,0.019,0.019,0.825,0.825,ok,smote_variants,36,nonlinear__high_ir__high_overlap,nonlinear,high_ir,high_overlap,nonlinear
CBSO,1920.0,2270.0,7.48,7.48,0.522,0.407,0.019,0.019,0.825,0.825,ok,smote_variants,36,nonlinear__high_ir__high_overlap,nonlinear,high_ir,high_overlap,nonlinear
AHC,1920.0,2149.0,7.48,1.262,0.522,0.217,0.019,0.001,0.825,0.866,ok,smote_variants,36,nonlinear__high_ir__high_overlap,nonlinear,high_ir,high_overlap,nonlinear
DBSMOTE,1920.0,2270.0,7.48,7.48,0.522,0.387,0.019,0.018,0.825,0.825,ok,smote_variants,36,nonlinear__high_ir__high_overlap,nonlinear,high_ir,high_overlap,nonlinear
MWMOTE,1920.0,2270.0,7.48,7.48,0.522,0.403,0.019,0.018,0.825,0.825,ok,smote_variants,36,nonlinear__high_ir__high_overlap,nonlinear,high_ir,high_overlap,nonlinear
SMOTE,1920.0,3800.0,7.48,1.0,0.522,0.191,0.019,0.052,0.825,0.825,ok,imbalanced_learn,36,nonlinear__high_ir__high_overlap,nonlinear,high_ir,high_overlap,nonlinear
BorderlineSMOTE,1920.0,3800.0,7.48,1.0,0.522,0.195,0.019,0.063,0.825,0.825,ok,imbalanced_learn,36,nonlinear__high_ir__high_overlap,nonlinear,high_ir,high_overlap,nonlinear
SVMSMOTE,1920.0,3800.0,7.48,1.0,0.522,0.192,0.019,0.111,0.825,0.828,ok,imbalanced_learn,36,nonlinear__high_ir__high_overlap,nonlinear,high_ir,high_overlap,nonlinear
ADASYN,1920.0,3820.0,7.48,1.119,0.522,0.18,0.019,0.044,0.825,0.825,ok,imbalanced_learn,36,nonlinear__high_ir__high_overlap,nonlinear,high_ir,high_overlap,nonlinear
KMeansSMOTE,,,,,,,,,,,error,imbalanced_learn,36,nonlinear__high_ir__high_overlap,nonlinear,high_ir,high_overlap,nonlinear
NoSampler,2400.0,2400.0,2.284,2.284,0.695,0.695,0.002,0.002,0.878,0.878,ok,baseline,37,spiral__low_ir__low_overlap,spiral,low_ir,low_overlap,spiral
distance_SMOTE,2400.0,2521.0,2.284,2.284,0.695,0.611,0.002,0.002,0.878,0.878,ok,smote_variants,37,spiral__low_ir__low_overlap,spiral,low_ir,low_overlap,spiral
cluster_SMOTE,2400.0,2521.0,2.284,2.284,0.695,0.624,0.002,0.002,0.878,0.878,ok,smote_variants,37,spiral__low_ir__low_overlap,spiral,low_ir,low_overlap,spiral
CBSO,2400.0,2521.0,2.284,2.284,0.695,0.641,0.002,0.002,0.878,0.878,ok,smote_variants,37,spiral__low_ir__low_overlap,spiral,low_ir,low_overlap,spiral
AHC,2400.0,2265.0,2.284,1.709,0.695,0.229,0.002,0.001,0.878,0.906,ok,smote_variants,37,spiral__low_ir__low_overlap,spiral,low_ir,low_overlap,spiral
DBSMOTE,2400.0,2521.0,2.284,2.284,0.695,0.636,0.002,0.002,0.878,0.878,ok,smote_variants,37,spiral__low_ir__low_overlap,spiral,low_ir,low_overlap,spiral
MWMOTE,2400.0,2521.0,2.284,2.284,0.695,0.625,0.002,0.002,0.878,0.878,ok,smote_variants,37,spiral__low_ir__low_overlap,spiral,low_ir,low_overlap,spiral
SMOTE,2400.0,3344.0,2.284,1.0,0.695,0.35,0.002,0.003,0.878,0.878,ok,imbalanced_learn,37,spiral__low_ir__low_overlap,spiral,low_ir,low_overlap,spiral
BorderlineSMOTE,2400.0,3344.0,2.284,1.0,0.695,0.351,0.002,0.003,0.878,0.878,ok,imbalanced_learn,37,spiral__low_ir__low_overlap,spiral,low_ir,low_overlap,spiral
SVMSMOTE,2400.0,3344.0,2.284,1.0,0.695,0.392,0.002,0.014,0.878,0.871,ok,imbalanced_learn,37,spiral__low_ir__low_overlap,spiral,low_ir,low_overlap,spiral
ADASYN,,,,,,,,,,,error,imbalanced_learn,37,spiral__low_ir__low_overlap,spiral,low_ir,low_overlap,spiral
KMeansSMOTE,,,,,,,,,,,error,imbalanced_learn,37,spiral__low_ir__low_overlap,spiral,low_ir,low_overlap,spiral
NoSampler,2400.0,2400.0,2.288,2.288,0.701,0.701,0.002,0.002,0.863,0.863,ok,baseline,38,spiral__low_ir__medium_overlap,spiral,low_ir,medium_overlap,spiral
distance_SMOTE,2400.0,2512.0,2.288,2.288,0.701,0.625,0.002,0.002,0.863,0.863,ok,smote_variants,38,spiral__low_ir__medium_overlap,spiral,low_ir,medium_overlap,spiral
cluster_SMOTE,2400.0,2512.0,2.288,2.288,0.701,0.633,0.002,0.002,0.863,0.863,ok,smote_variants,38,spiral__low_ir__medium_overlap,spiral,low_ir,medium_overlap,spiral
CBSO,2400.0,2512.0,2.288,2.288,0.701,0.652,0.002,0.002,0.863,0.863,ok,smote_variants,38,spiral__low_ir__medium_overlap,spiral,low_ir,medium_overlap,spiral
AHC,2400.0,2274.0,2.288,1.73,0.701,0.243,0.002,0.001,0.863,0.893,ok,smote_variants,38,spiral__low_ir__medium_overlap,spiral,low_ir,medium_overlap,spiral
DBSMOTE,2400.0,2512.0,2.288,2.288,0.701,0.645,0.002,0.002,0.863,0.863,ok,smote_variants,38,spiral__low_ir__medium_overlap,spiral,low_ir,medium_overlap,spiral
MWMOTE,2400.0,2512.0,2.288,2.288,0.701,0.64,0.002,0.002,0.863,0.863,ok,smote_variants,38,spiral__low_ir__medium_overlap,spiral,low_ir,medium_overlap,spiral
SMOTE,2400.0,3332.0,2.288,1.0,0.701,0.356,0.002,0.002,0.863,0.863,ok,imbalanced_learn,38,spiral__low_ir__medium_overlap,spiral,low_ir,medium_overlap,spiral
BorderlineSMOTE,2400.0,3332.0,2.288,1.0,0.701,0.359,0.002,0.003,0.863,0.863,ok,imbalanced_learn,38,spiral__low_ir__medium_overlap,spiral,low_ir,medium_overlap,spiral
SVMSMOTE,2400.0,3125.0,2.288,1.331,0.701,0.43,0.002,0.005,0.863,0.865,ok,imbalanced_learn,38,spiral__low_ir__medium_overlap,spiral,low_ir,medium_overlap,spiral
ADASYN,,,,,,,,,,,error,imbalanced_learn,38,spiral__low_ir__medium_overlap,spiral,low_ir,medium_overlap,spiral
KMeansSMOTE,,,,,,,,,,,error,imbalanced_learn,38,spiral__low_ir__medium_overlap,spiral,low_ir,medium_overlap,spiral
NoSampler,2400.0,2400.0,2.312,2.312,0.7,0.7,0.002,0.002,0.867,0.867,ok,baseline,39,spiral__low_ir__high_overlap,spiral,low_ir,high_overlap,spiral
distance_SMOTE,2400.0,2519.0,2.312,2.312,0.7,0.617,0.002,0.002,0.867,0.867,ok,smote_variants,39,spiral__low_ir__high_overlap,spiral,low_ir,high_overlap,spiral
cluster_SMOTE,2400.0,2519.0,2.312,2.312,0.7,0.628,0.002,0.003,0.867,0.867,ok,smote_variants,39,spiral__low_ir__high_overlap,spiral,low_ir,high_overlap,spiral
CBSO,2400.0,2519.0,2.312,2.312,0.7,0.641,0.002,0.003,0.867,0.867,ok,smote_variants,39,spiral__low_ir__high_overlap,spiral,low_ir,high_overlap,spiral
AHC,2400.0,2272.0,2.312,1.714,0.7,0.239,0.002,0.002,0.867,0.891,ok,smote_variants,39,spiral__low_ir__high_overlap,spiral,low_ir,high_overlap,spiral
DBSMOTE,2400.0,2519.0,2.312,2.312,0.7,0.64,0.002,0.002,0.867,0.867,ok,smote_variants,39,spiral__low_ir__high_overlap,spiral,low_ir,high_overlap,spiral
MWMOTE,2400.0,2519.0,2.312,2.312,0.7,0.636,0.002,0.002,0.867,0.867,ok,smote_variants,39,spiral__low_ir__high_overlap,spiral,low_ir,high_overlap,spiral
SMOTE,2400.0,3348.0,2.312,1.0,0.7,0.348,0.002,0.003,0.867,0.867,ok,imbalanced_learn,39,spiral__low_ir__high_overlap,spiral,low_ir,high_overlap,spiral
BorderlineSMOTE,2400.0,3348.0,2.312,1.0,0.7,0.357,0.002,0.003,0.867,0.867,ok,imbalanced_learn,39,spiral__low_ir__high_overlap,spiral,low_ir,high_overlap,spiral
SVMSMOTE,2400.0,3138.0,2.312,1.335,0.7,0.427,0.002,0.004,0.867,0.865,ok,imbalanced_learn,39,spiral__low_ir__high_overlap,spiral,low_ir,high_overlap,spiral
ADASYN,,,,,,,,,,,error,imbalanced_learn,39,spiral__low_ir__high_overlap,spiral,low_ir,high_overlap,spiral
KMeansSMOTE,,,,,,,,,,,error,imbalanced_learn,39,spiral__low_ir__high_overlap,spiral,low_ir,high_overlap,spiral
NoSampler,2400.0,2400.0,4.459,4.459,0.643,0.643,0.003,0.003,0.86,0.86,ok,baseline,40,spiral__medium_ir__low_overlap,spiral,medium_ir,low_overlap,spiral
distance_SMOTE,2400.0,2882.0,4.459,4.459,0.643,0.474,0.003,0.003,0.86,0.86,ok,smote_variants,40,spiral__medium_ir__low_overlap,spiral,medium_ir,low_overlap,spiral
cluster_SMOTE,2400.0,2882.0,4.459,4.459,0.643,0.469,0.003,0.003,0.86,0.86,ok,smote_variants,40,spiral__medium_ir__low_overlap,spiral,medium_ir,low_overlap,spiral
CBSO,2400.0,2882.0,4.459,4.459,0.643,0.528,0.003,0.003,0.86,0.86,ok,smote_variants,40,spiral__medium_ir__low_overlap,spiral,medium_ir,low_overlap,spiral
AHC,2400.0,2272.0,4.459,1.106,0.643,0.267,0.003,0.001,0.86,0.875,ok,smote_variants,40,spiral__medium_ir__low_overlap,spiral,medium_ir,low_overlap,spiral
DBSMOTE,2400.0,2882.0,4.459,4.459,0.643,0.454,0.003,0.003,0.86,0.86,ok,smote_variants,40,spiral__medium_ir__low_overlap,spiral,medium_ir,low_overlap,spiral
MWMOTE,2400.0,2882.0,4.459,4.459,0.643,0.493,0.003,0.003,0.86,0.86,ok,smote_variants,40,spiral__medium_ir__low_overlap,spiral,medium_ir,low_overlap,spiral
SMOTE,2400.0,4316.0,4.459,1.0,0.643,0.212,0.003,0.004,0.86,0.86,ok,imbalanced_learn,40,spiral__medium_ir__low_overlap,spiral,medium_ir,low_overlap,spiral
BorderlineSMOTE,2400.0,4316.0,4.459,1.0,0.643,0.229,0.003,0.006,0.86,0.86,ok,imbalanced_learn,40,spiral__medium_ir__low_overlap,spiral,medium_ir,low_overlap,spiral
SVMSMOTE,2400.0,3946.0,4.459,1.522,0.643,0.282,0.003,0.014,0.86,0.855,ok,imbalanced_learn,40,spiral__medium_ir__low_overlap,spiral,medium_ir,low_overlap,spiral
ADASYN,2400.0,4448.0,4.459,1.1,0.643,0.181,0.003,0.004,0.86,0.86,ok,imbalanced_learn,40,spiral__medium_ir__low_overlap,spiral,medium_ir,low_overlap,spiral
KMeansSMOTE,,,,,,,,,,,error,imbalanced_learn,40,spiral__medium_ir__low_overlap,spiral,medium_ir,low_overlap,spiral
NoSampler,2400.0,2400.0,4.335,4.335,0.665,0.665,0.002,0.002,0.871,0.871,ok,baseline,41,spiral__medium_ir__medium_overlap,spiral,medium_ir,medium_overlap,spiral
distance_SMOTE,2400.0,2880.0,4.335,4.335,0.665,0.481,0.002,0.002,0.871,0.871,ok,smote_variants,41,spiral__medium_ir__medium_overlap,spiral,medium_ir,medium_overlap,spiral
cluster_SMOTE,2400.0,2880.0,4.335,4.335,0.665,0.478,0.002,0.003,0.871,0.871,ok,smote_variants,41,spiral__medium_ir__medium_overlap,spiral,medium_ir,medium_overlap,spiral
CBSO,2400.0,2880.0,4.335,4.335,0.665,0.522,0.002,0.002,0.871,0.871,ok,smote_variants,41,spiral__medium_ir__medium_overlap,spiral,medium_ir,medium_overlap,spiral
AHC,2400.0,2264.0,4.335,1.106,0.665,0.26,0.002,0.001,0.871,0.889,ok,smote_variants,41,spiral__medium_ir__medium_overlap,spiral,medium_ir,medium_overlap,spiral
DBSMOTE,2400.0,2880.0,4.335,4.335,0.665,0.47,0.002,0.002,0.871,0.871,ok,smote_variants,41,spiral__medium_ir__medium_overlap,spiral,medium_ir,medium_overlap,spiral
MWMOTE,2400.0,2880.0,4.335,4.335,0.665,0.499,0.002,0.002,0.871,0.871,ok,smote_variants,41,spiral__medium_ir__medium_overlap,spiral,medium_ir,medium_overlap,spiral
SMOTE,2400.0,4300.0,4.335,1.0,0.665,0.223,0.002,0.002,0.871,0.871,ok,imbalanced_learn,41,spiral__medium_ir__medium_overlap,spiral,medium_ir,medium_overlap,spiral
BorderlineSMOTE,2400.0,4300.0,4.335,1.0,0.665,0.231,0.002,0.004,0.871,0.871,ok,imbalanced_learn,41,spiral__medium_ir__medium_overlap,spiral,medium_ir,medium_overlap,spiral
SVMSMOTE,2400.0,3934.0,4.335,1.516,0.665,0.292,0.002,0.01,0.871,0.869,ok,imbalanced_learn,41,spiral__medium_ir__medium_overlap,spiral,medium_ir,medium_overlap,spiral
ADASYN,2400.0,4509.0,4.335,1.109,0.665,0.185,0.002,0.002,0.871,0.871,ok,imbalanced_learn,41,spiral__medium_ir__medium_overlap,spiral,medium_ir,medium_overlap,spiral
KMeansSMOTE,,,,,,,,,,,error,imbalanced_learn,41,spiral__medium_ir__medium_overlap,spiral,medium_ir,medium_overlap,spiral
NoSampler,2400.0,2400.0,4.284,4.284,0.657,0.657,0.003,0.003,0.874,0.874,ok,baseline,42,spiral__medium_ir__high_overlap,spiral,medium_ir,high_overlap,spiral
distance_SMOTE,2400.0,2873.0,4.284,4.284,0.657,0.482,0.003,0.003,0.874,0.874,ok,smote_variants,42,spiral__medium_ir__high_overlap,spiral,medium_ir,high_overlap,spiral
cluster_SMOTE,2400.0,2873.0,4.284,4.284,0.657,0.473,0.003,0.003,0.874,0.874,ok,smote_variants,42,spiral__medium_ir__high_overlap,spiral,medium_ir,high_overlap,spiral
CBSO,2400.0,2873.0,4.284,4.284,0.657,0.52,0.003,0.003,0.874,0.874,ok,smote_variants,42,spiral__medium_ir__high_overlap,spiral,medium_ir,high_overlap,spiral
AHC,2400.0,2266.0,4.284,1.116,0.657,0.262,0.003,0.001,0.874,0.901,ok,smote_variants,42,spiral__medium_ir__high_overlap,spiral,medium_ir,high_overlap,spiral
DBSMOTE,2400.0,2873.0,4.284,4.284,0.657,0.472,0.003,0.003,0.874,0.874,ok,smote_variants,42,spiral__medium_ir__high_overlap,spiral,medium_ir,high_overlap,spiral
MWMOTE,2400.0,2873.0,4.284,4.284,0.657,0.494,0.003,0.003,0.874,0.874,ok,smote_variants,42,spiral__medium_ir__high_overlap,spiral,medium_ir,high_overlap,spiral
SMOTE,2400.0,4284.0,4.284,1.0,0.657,0.22,0.003,0.005,0.874,0.874,ok,imbalanced_learn,42,spiral__medium_ir__high_overlap,spiral,medium_ir,high_overlap,spiral
BorderlineSMOTE,2400.0,4284.0,4.284,1.0,0.657,0.229,0.003,0.005,0.874,0.874,ok,imbalanced_learn,42,spiral__medium_ir__high_overlap,spiral,medium_ir,high_overlap,spiral
SVMSMOTE,2400.0,3921.0,4.284,1.513,0.657,0.282,0.003,0.01,0.874,0.863,ok,imbalanced_learn,42,spiral__medium_ir__high_overlap,spiral,medium_ir,high_overlap,spiral
ADASYN,2400.0,4427.0,4.284,1.115,0.657,0.176,0.003,0.004,0.874,0.874,ok,imbalanced_learn,42,spiral__medium_ir__high_overlap,spiral,medium_ir,high_overlap,spiral
KMeansSMOTE,,,,,,,,,,,error,imbalanced_learn,42,spiral__medium_ir__high_overlap,spiral,medium_ir,high_overlap,spiral
NoSampler,2400.0,2400.0,10.52,10.52,0.574,0.574,0.003,0.003,0.826,0.826,ok,baseline,43,spiral__high_ir__low_overlap,spiral,high_ir,low_overlap,spiral
distance_SMOTE,2400.0,3114.0,10.52,10.52,0.574,0.397,0.003,0.003,0.826,0.826,ok,smote_variants,43,spiral__high_ir__low_overlap,spiral,high_ir,low_overlap,spiral
cluster_SMOTE,2400.0,3114.0,10.52,10.52,0.574,0.377,0.003,0.004,0.826,0.826,ok,smote_variants,43,spiral__high_ir__low_overlap,spiral,high_ir,low_overlap,spiral
CBSO,2400.0,3114.0,10.52,10.52,0.574,0.438,0.003,0.003,0.826,0.826,ok,smote_variants,43,spiral__high_ir__low_overlap,spiral,high_ir,low_overlap,spiral
AHC,2400.0,2516.0,10.52,1.095,0.574,0.258,0.003,0.002,0.826,0.857,ok,smote_variants,43,spiral__high_ir__low_overlap,spiral,high_ir,low_overlap,spiral
DBSMOTE,2400.0,3114.0,10.52,10.52,0.574,0.357,0.003,0.003,0.826,0.826,ok,smote_variants,43,spiral__high_ir__low_overlap,spiral,high_ir,low_overlap,spiral
MWMOTE,2400.0,3114.0,10.52,10.52,0.574,0.409,0.003,0.003,0.826,0.826,ok,smote_variants,43,spiral__high_ir__low_overlap,spiral,high_ir,low_overlap,spiral
SMOTE,2400.0,5260.0,10.52,1.0,0.574,0.173,0.003,0.007,0.826,0.826,ok,imbalanced_learn,43,spiral__high_ir__low_overlap,spiral,high_ir,low_overlap,spiral
BorderlineSMOTE,2400.0,5260.0,10.52,1.0,0.574,0.18,0.003,0.011,0.826,0.826,ok,imbalanced_learn,43,spiral__high_ir__low_overlap,spiral,high_ir,low_overlap,spiral
SVMSMOTE,2400.0,4734.0,10.52,1.667,0.574,0.214,0.003,0.033,0.826,0.816,ok,imbalanced_learn,43,spiral__high_ir__low_overlap,spiral,high_ir,low_overlap,spiral
ADASYN,2400.0,5261.0,10.52,1.126,0.574,0.161,0.003,0.006,0.826,0.826,ok,imbalanced_learn,43,spiral__high_ir__low_overlap,spiral,high_ir,low_overlap,spiral
KMeansSMOTE,,,,,,,,,,,error,imbalanced_learn,43,spiral__high_ir__low_overlap,spiral,high_ir,low_overlap,spiral
NoSampler,2400.0,2400.0,10.464,10.464,0.577,0.577,0.003,0.003,0.837,0.837,ok,baseline,44,spiral__high_ir__medium_overlap,spiral,high_ir,medium_overlap,spiral
distance_SMOTE,2400.0,3104.0,10.464,10.464,0.577,0.383,0.003,0.003,0.837,0.837,ok,smote_variants,44,spiral__high_ir__medium_overlap,spiral,high_ir,medium_overlap,spiral
cluster_SMOTE,2400.0,3104.0,10.464,10.464,0.577,0.364,0.003,0.004,0.837,0.837,ok,smote_variants,44,spiral__high_ir__medium_overlap,spiral,high_ir,medium_overlap,spiral
CBSO,2400.0,3104.0,10.464,10.464,0.577,0.432,0.003,0.003,0.837,0.837,ok,smote_variants,44,spiral__high_ir__medium_overlap,spiral,high_ir,medium_overlap,spiral
AHC,2400.0,2515.0,10.464,1.084,0.577,0.253,0.003,0.002,0.837,0.871,ok,smote_variants,44,spiral__high_ir__medium_overlap,spiral,high_ir,medium_overlap,spiral
DBSMOTE,2400.0,3104.0,10.464,10.464,0.577,0.345,0.003,0.003,0.837,0.837,ok,smote_variants,44,spiral__high_ir__medium_overlap,spiral,high_ir,medium_overlap,spiral
MWMOTE,2400.0,3104.0,10.464,10.464,0.577,0.406,0.003,0.003,0.837,0.837,ok,smote_variants,44,spiral__high_ir__medium_overlap,spiral,high_ir,medium_overlap,spiral
SMOTE,2400.0,5232.0,10.464,1.0,0.577,0.168,0.003,0.006,0.837,0.837,ok,imbalanced_learn,44,spiral__high_ir__medium_overlap,spiral,high_ir,medium_overlap,spiral
BorderlineSMOTE,2400.0,5232.0,10.464,1.0,0.577,0.179,0.003,0.012,0.837,0.837,ok,imbalanced_learn,44,spiral__high_ir__medium_overlap,spiral,high_ir,medium_overlap,spiral
SVMSMOTE,2400.0,4709.0,10.464,1.666,0.577,0.206,0.003,0.029,0.837,0.828,ok,imbalanced_learn,44,spiral__high_ir__medium_overlap,spiral,high_ir,medium_overlap,spiral
ADASYN,2400.0,5307.0,10.464,1.163,0.577,0.155,0.003,0.005,0.837,0.837,ok,imbalanced_learn,44,spiral__high_ir__medium_overlap,spiral,high_ir,medium_overlap,spiral
KMeansSMOTE,,,,,,,,,,,error,imbalanced_learn,44,spiral__high_ir__medium_overlap,spiral,high_ir,medium_overlap,spiral
NoSampler,2400.0,2400.0,10.077,10.077,0.589,0.589,0.002,0.002,0.839,0.839,ok,baseline,45,spiral__high_ir__high_overlap,spiral,high_ir,high_overlap,spiral
distance_SMOTE,2400.0,3116.0,10.077,10.077,0.589,0.403,0.002,0.003,0.839,0.839,ok,smote_variants,45,spiral__high_ir__high_overlap,spiral,high_ir,high_overlap,spiral
cluster_SMOTE,2400.0,3116.0,10.077,10.077,0.589,0.379,0.002,0.003,0.839,0.839,ok,smote_variants,45,spiral__high_ir__high_overlap,spiral,high_ir,high_overlap,spiral
CBSO,2400.0,3116.0,10.077,10.077,0.589,0.444,0.002,0.003,0.839,0.839,ok,smote_variants,45,spiral__high_ir__high_overlap,spiral,high_ir,high_overlap,spiral
AHC,2400.0,2497.0,10.077,1.104,0.589,0.262,0.002,0.002,0.839,0.869,ok,smote_variants,45,spiral__high_ir__high_overlap,spiral,high_ir,high_overlap,spiral
DBSMOTE,2400.0,3116.0,10.077,10.077,0.589,0.356,0.002,0.003,0.839,0.839,ok,smote_variants,45,spiral__high_ir__high_overlap,spiral,high_ir,high_overlap,spiral
MWMOTE,2400.0,3116.0,10.077,10.077,0.589,0.415,0.002,0.002,0.839,0.839,ok,smote_variants,45,spiral__high_ir__high_overlap,spiral,high_ir,high_overlap,spiral
SMOTE,2400.0,5240.0,10.077,1.0,0.589,0.177,0.002,0.005,0.839,0.839,ok,imbalanced_learn,45,spiral__high_ir__high_overlap,spiral,high_ir,high_overlap,spiral
BorderlineSMOTE,2400.0,5240.0,10.077,1.0,0.589,0.186,0.002,0.007,0.839,0.839,ok,imbalanced_learn,45,spiral__high_ir__high_overlap,spiral,high_ir,high_overlap,spiral
SVMSMOTE,2400.0,4718.0,10.077,1.662,0.589,0.218,0.002,0.052,0.839,0.838,ok,imbalanced_learn,45,spiral__high_ir__high_overlap,spiral,high_ir,high_overlap,spiral
ADASYN,2400.0,5303.0,10.077,1.138,0.589,0.16,0.002,0.004,0.839,0.839,ok,imbalanced_learn,45,spiral__high_ir__high_overlap,spiral,high_ir,high_overlap,spiral
KMeansSMOTE,,,,,,,,,,,error,imbalanced_learn,45,spiral__high_ir__high_overlap,spiral,high_ir,high_overlap,spiral
NoSampler,2400.0,2400.0,2.309,2.309,0.595,0.595,0.001,0.001,0.863,0.863,ok,baseline,46,complex__low_ir__low_overlap,complex,low_ir,low_overlap,complex
distance_SMOTE,2400.0,2521.0,2.309,2.309,0.595,0.517,0.001,0.001,0.863,0.863,ok,smote_variants,46,complex__low_ir__low_overlap,complex,low_ir,low_overlap,complex
cluster_SMOTE,2400.0,2521.0,2.309,2.309,0.595,0.532,0.001,0.002,0.863,0.863,ok,smote_variants,46,complex__low_ir__low_overlap,complex,low_ir,low_overlap,complex
CBSO,2400.0,2521.0,2.309,2.309,0.595,0.555,0.001,0.001,0.863,0.863,ok,smote_variants,46,complex__low_ir__low_overlap,complex,low_ir,low_overlap,complex
AHC,2400.0,2271.0,2.309,1.71,0.595,0.189,0.001,0.001,0.863,0.852,ok,smote_variants,46,complex__low_ir__low_overlap,complex,low_ir,low_overlap,complex
DBSMOTE,2400.0,2521.0,2.309,2.309,0.595,0.543,0.001,0.001,0.863,0.863,ok,smote_variants,46,complex__low_ir__low_overlap,complex,low_ir,low_overlap,complex
MWMOTE,2400.0,2521.0,2.309,2.309,0.595,0.537,0.001,0.001,0.863,0.863,ok,smote_variants,46,complex__low_ir__low_overlap,complex,low_ir,low_overlap,complex
SMOTE,2400.0,3352.0,2.309,1.0,0.595,0.29,0.001,0.002,0.863,0.863,ok,imbalanced_learn,46,complex__low_ir__low_overlap,complex,low_ir,low_overlap,complex
BorderlineSMOTE,2400.0,3352.0,2.309,1.0,0.595,0.303,0.001,0.002,0.863,0.863,ok,imbalanced_learn,46,complex__low_ir__low_overlap,complex,low_ir,low_overlap,complex
SVMSMOTE,2400.0,3142.0,2.309,1.334,0.595,0.346,0.001,0.003,0.863,0.853,ok,imbalanced_learn,46,complex__low_ir__low_overlap,complex,low_ir,low_overlap,complex
ADASYN,,,,,,,,,,,error,imbalanced_learn,46,complex__low_ir__low_overlap,complex,low_ir,low_overlap,complex
KMeansSMOTE,,,,,,,,,,,error,imbalanced_learn,46,complex__low_ir__low_overlap,complex,low_ir,low_overlap,complex
NoSampler,2400.0,2400.0,2.332,2.332,0.586,0.586,0.002,0.002,0.866,0.866,ok,baseline,47,complex__low_ir__medium_overlap,complex,low_ir,medium_overlap,complex
distance_SMOTE,2400.0,2524.0,2.332,2.332,0.586,0.521,0.002,0.002,0.866,0.866,ok,smote_variants,47,complex__low_ir__medium_overlap,complex,low_ir,medium_overlap,complex
cluster_SMOTE,2400.0,2524.0,2.332,2.332,0.586,0.526,0.002,0.002,0.866,0.866,ok,smote_variants,47,complex__low_ir__medium_overlap,complex,low_ir,medium_overlap,complex
CBSO,2400.0,2524.0,2.332,2.332,0.586,0.548,0.002,0.002,0.866,0.866,ok,smote_variants,47,complex__low_ir__medium_overlap,complex,low_ir,medium_overlap,complex
AHC,2400.0,2277.0,2.332,1.704,0.586,0.184,0.002,0.001,0.866,0.857,ok,smote_variants,47,complex__low_ir__medium_overlap,complex,low_ir,medium_overlap,complex
DBSMOTE,2400.0,2524.0,2.332,2.332,0.586,0.532,0.002,0.002,0.866,0.866,ok,smote_variants,47,complex__low_ir__medium_overlap,complex,low_ir,medium_overlap,complex
MWMOTE,2400.0,2524.0,2.332,2.332,0.586,0.524,0.002,0.002,0.866,0.866,ok,smote_variants,47,complex__low_ir__medium_overlap,complex,low_ir,medium_overlap,complex
SMOTE,2400.0,3368.0,2.332,1.0,0.586,0.287,0.002,0.003,0.866,0.866,ok,imbalanced_learn,47,complex__low_ir__medium_overlap,complex,low_ir,medium_overlap,complex
BorderlineSMOTE,2400.0,3368.0,2.332,1.0,0.586,0.298,0.002,0.003,0.866,0.866,ok,imbalanced_learn,47,complex__low_ir__medium_overlap,complex,low_ir,medium_overlap,complex
SVMSMOTE,2400.0,3368.0,2.332,1.0,0.586,0.322,0.002,0.019,0.866,0.843,ok,imbalanced_learn,47,complex__low_ir__medium_overlap,complex,low_ir,medium_overlap,complex
ADASYN,,,,,,,,,,,error,imbalanced_learn,47,complex__low_ir__medium_overlap,complex,low_ir,medium_overlap,complex
KMeansSMOTE,,,,,,,,,,,error,imbalanced_learn,47,complex__low_ir__medium_overlap,complex,low_ir,medium_overlap,complex
NoSampler,2400.0,2400.0,2.304,2.304,0.602,0.602,0.002,0.002,0.855,0.855,ok,baseline,48,complex__low_ir__high_overlap,complex,low_ir,high_overlap,complex
distance_SMOTE,2400.0,2530.0,2.304,2.304,0.602,0.522,0.002,0.002,0.855,0.855,ok,smote_variants,48,complex__low_ir__high_overlap,complex,low_ir,high_overlap,complex
cluster_SMOTE,2400.0,2530.0,2.304,2.304,0.602,0.533,0.002,0.002,0.855,0.855,ok,smote_variants,48,complex__low_ir__high_overlap,complex,low_ir,high_overlap,complex
CBSO,2400.0,2530.0,2.304,2.304,0.602,0.549,0.002,0.002,0.855,0.855,ok,smote_variants,48,complex__low_ir__high_overlap,complex,low_ir,high_overlap,complex
AHC,2400.0,2262.0,2.304,1.69,0.602,0.182,0.002,0.001,0.855,0.86,ok,smote_variants,48,complex__low_ir__high_overlap,complex,low_ir,high_overlap,complex
DBSMOTE,2400.0,2530.0,2.304,2.304,0.602,0.543,0.002,0.002,0.855,0.855,ok,smote_variants,48,complex__low_ir__high_overlap,complex,low_ir,high_overlap,complex
MWMOTE,2400.0,2530.0,2.304,2.304,0.602,0.533,0.002,0.002,0.855,0.855,ok,smote_variants,48,complex__low_ir__high_overlap,complex,low_ir,high_overlap,complex
SMOTE,2400.0,3364.0,2.304,1.0,0.602,0.307,0.002,0.002,0.855,0.855,ok,imbalanced_learn,48,complex__low_ir__high_overlap,complex,low_ir,high_overlap,complex
BorderlineSMOTE,2400.0,3364.0,2.304,1.0,0.602,0.304,0.002,0.003,0.855,0.855,ok,imbalanced_learn,48,complex__low_ir__high_overlap,complex,low_ir,high_overlap,complex
SVMSMOTE,2400.0,3364.0,2.304,1.0,0.602,0.327,0.002,0.01,0.855,0.845,ok,imbalanced_learn,48,complex__low_ir__high_overlap,complex,low_ir,high_overlap,complex
ADASYN,,,,,,,,,,,error,imbalanced_learn,48,complex__low_ir__high_overlap,complex,low_ir,high_overlap,complex
KMeansSMOTE,,,,,,,,,,,error,imbalanced_learn,48,complex__low_ir__high_overlap,complex,low_ir,high_overlap,complex
NoSampler,2400.0,2400.0,4.343,4.343,0.538,0.538,0.002,0.002,0.845,0.845,ok,baseline,49,complex__medium_ir__low_overlap,complex,medium_ir,low_overlap,complex
distance_SMOTE,2400.0,2880.0,4.343,4.343,0.538,0.39,0.002,0.003,0.845,0.845,ok,smote_variants,49,complex__medium_ir__low_overlap,complex,medium_ir,low_overlap,complex
cluster_SMOTE,2400.0,2880.0,4.343,4.343,0.538,0.385,0.002,0.002,0.845,0.845,ok,smote_variants,49,complex__medium_ir__low_overlap,complex,medium_ir,low_overlap,complex
CBSO,2400.0,2880.0,4.343,4.343,0.538,0.446,0.002,0.002,0.845,0.845,ok,smote_variants,49,complex__medium_ir__low_overlap,complex,medium_ir,low_overlap,complex
AHC,2400.0,2270.0,4.343,1.108,0.538,0.18,0.002,0.001,0.845,0.852,ok,smote_variants,49,complex__medium_ir__low_overlap,complex,medium_ir,low_overlap,complex
DBSMOTE,2400.0,2880.0,4.343,4.343,0.538,0.38,0.002,0.003,0.845,0.845,ok,smote_variants,49,complex__medium_ir__low_overlap,complex,medium_ir,low_overlap,complex
MWMOTE,2400.0,2880.0,4.343,4.343,0.538,0.407,0.002,0.002,0.845,0.845,ok,smote_variants,49,complex__medium_ir__low_overlap,complex,medium_ir,low_overlap,complex
SMOTE,2400.0,4308.0,4.343,1.0,0.538,0.178,0.002,0.004,0.845,0.845,ok,imbalanced_learn,49,complex__medium_ir__low_overlap,complex,medium_ir,low_overlap,complex
BorderlineSMOTE,2400.0,4308.0,4.343,1.0,0.538,0.187,0.002,0.004,0.845,0.845,ok,imbalanced_learn,49,complex__medium_ir__low_overlap,complex,medium_ir,low_overlap,complex
SVMSMOTE,2400.0,3941.0,4.343,1.517,0.538,0.218,0.002,0.004,0.845,0.833,ok,imbalanced_learn,49,complex__medium_ir__low_overlap,complex,medium_ir,low_overlap,complex
ADASYN,2400.0,4188.0,4.343,1.12,0.538,0.161,0.002,0.003,0.845,0.845,ok,imbalanced_learn,49,complex__medium_ir__low_overlap,complex,medium_ir,low_overlap,complex
KMeansSMOTE,,,,,,,,,,,error,imbalanced_learn,49,complex__medium_ir__low_overlap,complex,medium_ir,low_overlap,complex
NoSampler,2400.0,2400.0,4.455,4.455,0.552,0.552,0.001,0.001,0.836,0.836,ok,baseline,50,complex__medium_ir__medium_overlap,complex,medium_ir,medium_overlap,complex
distance_SMOTE,2400.0,2880.0,4.455,4.455,0.552,0.392,0.001,0.001,0.836,0.836,ok,smote_variants,50,complex__medium_ir__medium_overlap,complex,medium_ir,medium_overlap,complex
cluster_SMOTE,2400.0,2880.0,4.455,4.455,0.552,0.391,0.001,0.002,0.836,0.836,ok,smote_variants,50,complex__medium_ir__medium_overlap,complex,medium_ir,medium_overlap,complex
CBSO,2400.0,2880.0,4.455,4.455,0.552,0.443,0.001,0.001,0.836,0.836,ok,smote_variants,50,complex__medium_ir__medium_overlap,complex,medium_ir,medium_overlap,complex
AHC,2400.0,2273.0,4.455,1.109,0.552,0.201,0.001,0.001,0.836,0.857,ok,smote_variants,50,complex__medium_ir__medium_overlap,complex,medium_ir,medium_overlap,complex
DBSMOTE,2400.0,2880.0,4.455,4.455,0.552,0.391,0.001,0.001,0.836,0.836,ok,smote_variants,50,complex__medium_ir__medium_overlap,complex,medium_ir,medium_overlap,complex
MWMOTE,2400.0,2880.0,4.455,4.455,0.552,0.406,0.001,0.002,0.836,0.836,ok,smote_variants,50,complex__medium_ir__medium_overlap,complex,medium_ir,medium_overlap,complex
SMOTE,2400.0,4312.0,4.455,1.0,0.552,0.179,0.001,0.003,0.836,0.836,ok,imbalanced_learn,50,complex__medium_ir__medium_overlap,complex,medium_ir,medium_overlap,complex
BorderlineSMOTE,2400.0,4312.0,4.455,1.0,0.552,0.196,0.001,0.003,0.836,0.836,ok,imbalanced_learn,50,complex__medium_ir__medium_overlap,complex,medium_ir,medium_overlap,complex
SVMSMOTE,2400.0,4312.0,4.455,1.0,0.552,0.21,0.001,0.051,0.836,0.823,ok,imbalanced_learn,50,complex__medium_ir__medium_overlap,complex,medium_ir,medium_overlap,complex
ADASYN,2400.0,4252.0,4.455,1.128,0.552,0.16,0.001,0.002,0.836,0.836,ok,imbalanced_learn,50,complex__medium_ir__medium_overlap,complex,medium_ir,medium_overlap,complex
KMeansSMOTE,,,,,,,,,,,error,imbalanced_learn,50,complex__medium_ir__medium_overlap,complex,medium_ir,medium_overlap,complex
NoSampler,2400.0,2400.0,4.356,4.356,0.558,0.558,0.001,0.001,0.844,0.844,ok,baseline,51,complex__medium_ir__high_overlap,complex,medium_ir,high_overlap,complex
distance_SMOTE,2400.0,2880.0,4.356,4.356,0.558,0.402,0.001,0.001,0.844,0.844,ok,smote_variants,51,complex__medium_ir__high_overlap,complex,medium_ir,high_overlap,complex
cluster_SMOTE,2400.0,2880.0,4.356,4.356,0.558,0.405,0.001,0.002,0.844,0.844,ok,smote_variants,51,complex__medium_ir__high_overlap,complex,medium_ir,high_overlap,complex
CBSO,2400.0,2880.0,4.356,4.356,0.558,0.447,0.001,0.001,0.844,0.844,ok,smote_variants,51,complex__medium_ir__high_overlap,complex,medium_ir,high_overlap,complex
AHC,2400.0,2267.0,4.356,1.107,0.558,0.187,0.001,0.001,0.844,0.87,ok,smote_variants,51,complex__medium_ir__high_overlap,complex,medium_ir,high_overlap,complex
DBSMOTE,2400.0,2880.0,4.356,4.356,0.558,0.394,0.001,0.001,0.844,0.844,ok,smote_variants,51,complex__medium_ir__high_overlap,complex,medium_ir,high_overlap,complex
MWMOTE,2400.0,2880.0,4.356,4.356,0.558,0.419,0.001,0.001,0.844,0.844,ok,smote_variants,51,complex__medium_ir__high_overlap,complex,medium_ir,high_overlap,complex
SMOTE,2400.0,4304.0,4.356,1.0,0.558,0.192,0.001,0.002,0.844,0.844,ok,imbalanced_learn,51,complex__medium_ir__high_overlap,complex,medium_ir,high_overlap,complex
BorderlineSMOTE,2400.0,4304.0,4.356,1.0,0.558,0.2,0.001,0.003,0.844,0.844,ok,imbalanced_learn,51,complex__medium_ir__high_overlap,complex,medium_ir,high_overlap,complex
SVMSMOTE,2400.0,3937.0,4.356,1.518,0.558,0.232,0.001,0.003,0.844,0.824,ok,imbalanced_learn,51,complex__medium_ir__high_overlap,complex,medium_ir,high_overlap,complex
ADASYN,2400.0,4275.0,4.356,1.151,0.558,0.172,0.001,0.002,0.844,0.844,ok,imbalanced_learn,51,complex__medium_ir__high_overlap,complex,medium_ir,high_overlap,complex
KMeansSMOTE,,,,,,,,,,,error,imbalanced_learn,51,complex__medium_ir__high_overlap,complex,medium_ir,high_overlap,complex
NoSampler,2400.0,2400.0,10.123,10.123,0.48,0.48,0.002,0.002,0.822,0.822,ok,baseline,52,complex__high_ir__low_overlap,complex,high_ir,low_overlap,complex
distance_SMOTE,2400.0,3122.0,10.123,10.123,0.48,0.32,0.002,0.002,0.822,0.822,ok,smote_variants,52,complex__high_ir__low_overlap,complex,high_ir,low_overlap,complex
cluster_SMOTE,2400.0,3122.0,10.123,10.123,0.48,0.308,0.002,0.003,0.822,0.822,ok,smote_variants,52,complex__high_ir__low_overlap,complex,high_ir,low_overlap,complex
CBSO,2400.0,3122.0,10.123,10.123,0.48,0.393,0.002,0.002,0.822,0.822,ok,smote_variants,52,complex__high_ir__low_overlap,complex,high_ir,low_overlap,complex
AHC,2400.0,2503.0,10.123,1.109,0.48,0.193,0.002,0.001,0.822,0.876,ok,smote_variants,52,complex__high_ir__low_overlap,complex,high_ir,low_overlap,complex
DBSMOTE,2400.0,3122.0,10.123,10.123,0.48,0.286,0.002,0.002,0.822,0.822,ok,smote_variants,52,complex__high_ir__low_overlap,complex,high_ir,low_overlap,complex
MWMOTE,2400.0,3122.0,10.123,10.123,0.48,0.34,0.002,0.002,0.822,0.822,ok,smote_variants,52,complex__high_ir__low_overlap,complex,high_ir,low_overlap,complex
SMOTE,2400.0,5264.0,10.123,1.0,0.48,0.141,0.002,0.004,0.822,0.822,ok,imbalanced_learn,52,complex__high_ir__low_overlap,complex,high_ir,low_overlap,complex
BorderlineSMOTE,2400.0,5264.0,10.123,1.0,0.48,0.149,0.002,0.006,0.822,0.822,ok,imbalanced_learn,52,complex__high_ir__low_overlap,complex,high_ir,low_overlap,complex
SVMSMOTE,2400.0,4740.0,10.123,1.662,0.48,0.168,0.002,0.007,0.822,0.802,ok,imbalanced_learn,52,complex__high_ir__low_overlap,complex,high_ir,low_overlap,complex
ADASYN,2400.0,5284.0,10.123,1.034,0.48,0.133,0.002,0.003,0.822,0.822,ok,imbalanced_learn,52,complex__high_ir__low_overlap,complex,high_ir,low_overlap,complex
KMeansSMOTE,,,,,,,,,,,error,imbalanced_learn,52,complex__high_ir__low_overlap,complex,high_ir,low_overlap,complex
NoSampler,2400.0,2400.0,10.219,10.219,0.49,0.49,0.002,0.002,0.818,0.818,ok,baseline,53,complex__high_ir__medium_overlap,complex,high_ir,medium_overlap,complex
distance_SMOTE,2400.0,3107.0,10.219,10.219,0.49,0.325,0.002,0.002,0.818,0.818,ok,smote_variants,53,complex__high_ir__medium_overlap,complex,high_ir,medium_overlap,complex
cluster_SMOTE,2400.0,3107.0,10.219,10.219,0.49,0.313,0.002,0.002,0.818,0.818,ok,smote_variants,53,complex__high_ir__medium_overlap,complex,high_ir,medium_overlap,complex
CBSO,2400.0,3107.0,10.219,10.219,0.49,0.387,0.002,0.002,0.818,0.818,ok,smote_variants,53,complex__high_ir__medium_overlap,complex,high_ir,medium_overlap,complex
AHC,2400.0,2509.0,10.219,1.089,0.49,0.177,0.002,0.002,0.818,0.847,ok,smote_variants,53,complex__high_ir__medium_overlap,complex,high_ir,medium_overlap,complex
DBSMOTE,2400.0,3107.0,10.219,10.219,0.49,0.299,0.002,0.002,0.818,0.818,ok,smote_variants,53,complex__high_ir__medium_overlap,complex,high_ir,medium_overlap,complex
MWMOTE,2400.0,3107.0,10.219,10.219,0.49,0.341,0.002,0.002,0.818,0.818,ok,smote_variants,53,complex__high_ir__medium_overlap,complex,high_ir,medium_overlap,complex
SMOTE,2400.0,5232.0,10.219,1.0,0.49,0.149,0.002,0.005,0.818,0.818,ok,imbalanced_learn,53,complex__high_ir__medium_overlap,complex,high_ir,medium_overlap,complex
BorderlineSMOTE,2400.0,5232.0,10.219,1.0,0.49,0.145,0.002,0.006,0.818,0.818,ok,imbalanced_learn,53,complex__high_ir__medium_overlap,complex,high_ir,medium_overlap,complex
SVMSMOTE,2400.0,4710.0,10.219,1.664,0.49,0.172,0.002,0.008,0.818,0.789,ok,imbalanced_learn,53,complex__high_ir__medium_overlap,complex,high_ir,medium_overlap,complex
ADASYN,2400.0,5251.0,10.219,1.043,0.49,0.132,0.002,0.004,0.818,0.818,ok,imbalanced_learn,53,complex__high_ir__medium_overlap,complex,high_ir,medium_overlap,complex
KMeansSMOTE,,,,,,,,,,,error,imbalanced_learn,53,complex__high_ir__medium_overlap,complex,high_ir,medium_overlap,complex
NoSampler,2400.0,2400.0,10.346,10.346,0.475,0.475,0.002,0.002,0.823,0.823,ok,baseline,54,complex__high_ir__high_overlap,complex,high_ir,high_overlap,complex
distance_SMOTE,2400.0,3115.0,10.346,10.346,0.475,0.323,0.002,0.002,0.823,0.823,ok,smote_variants,54,complex__high_ir__high_overlap,complex,high_ir,high_overlap,complex
cluster_SMOTE,2400.0,3115.0,10.346,10.346,0.475,0.306,0.002,0.003,0.823,0.823,ok,smote_variants,54,complex__high_ir__high_overlap,complex,high_ir,high_overlap,complex
CBSO,2400.0,3115.0,10.346,10.346,0.475,0.379,0.002,0.002,0.823,0.823,ok,smote_variants,54,complex__high_ir__high_overlap,complex,high_ir,high_overlap,complex
AHC,2400.0,2511.0,10.346,1.098,0.475,0.174,0.002,0.001,0.823,0.842,ok,smote_variants,54,complex__high_ir__high_overlap,complex,high_ir,high_overlap,complex
DBSMOTE,2400.0,3115.0,10.346,10.346,0.475,0.291,0.002,0.002,0.823,0.823,ok,smote_variants,54,complex__high_ir__high_overlap,complex,high_ir,high_overlap,complex
MWMOTE,2400.0,3115.0,10.346,10.346,0.475,0.341,0.002,0.002,0.823,0.823,ok,smote_variants,54,complex__high_ir__high_overlap,complex,high_ir,high_overlap,complex
SMOTE,2400.0,5256.0,10.346,1.0,0.475,0.141,0.002,0.004,0.823,0.823,ok,imbalanced_learn,54,complex__high_ir__high_overlap,complex,high_ir,high_overlap,complex
BorderlineSMOTE,2400.0,5256.0,10.346,1.0,0.475,0.154,0.002,0.007,0.823,0.823,ok,imbalanced_learn,54,complex__high_ir__high_overlap,complex,high_ir,high_overlap,complex
SVMSMOTE,2400.0,4731.0,10.346,1.665,0.475,0.178,0.002,0.008,0.823,0.813,ok,imbalanced_learn,54,complex__high_ir__high_overlap,complex,high_ir,high_overlap,complex
ADASYN,2400.0,5204.0,10.346,1.038,0.475,0.137,0.002,0.003,0.823,0.823,ok,imbalanced_learn,54,complex__high_ir__high_overlap,complex,high_ir,high_overlap,complex
KMeansSMOTE,,,,,,,,,,,error,imbalanced_learn,54,complex__high_ir__high_overlap,complex,high_ir,high_overlap,complex
