sampler,model,balanced_accuracy,f1_macro,gmean_macro,auc_roc_ovr_macro,status,group,dataset_id,dataset_name,dataset_type,ir_level,overlap_level,cluster_level
NoSampler,LogisticRegression,0.949,0.952,0.968,0.993,ok,baseline,1,linear__low_ir__low_overlap__low_clusters,linear,low_ir,low_overlap,low_clusters
NoSampler,RandomForest,0.962,0.964,0.976,0.996,ok,baseline,1,linear__low_ir__low_overlap__low_clusters,linear,low_ir,low_overlap,low_clusters
distance_SMOTE,LogisticRegression,0.949,0.952,0.968,0.993,ok,smote_variants,1,linear__low_ir__low_overlap__low_clusters,linear,low_ir,low_overlap,low_clusters
distance_SMOTE,RandomForest,0.973,0.973,0.983,0.996,ok,smote_variants,1,linear__low_ir__low_overlap__low_clusters,linear,low_ir,low_overlap,low_clusters
cluster_SMOTE,LogisticRegression,0.949,0.952,0.968,0.993,ok,smote_variants,1,linear__low_ir__low_overlap__low_clusters,linear,low_ir,low_overlap,low_clusters
cluster_SMOTE,RandomForest,0.969,0.97,0.98,0.996,ok,smote_variants,1,linear__low_ir__low_overlap__low_clusters,linear,low_ir,low_overlap,low_clusters
CBSO,LogisticRegression,0.949,0.952,0.968,0.993,ok,smote_variants,1,linear__low_ir__low_overlap__low_clusters,linear,low_ir,low_overlap,low_clusters
CBSO,RandomForest,0.972,0.972,0.982,0.996,ok,smote_variants,1,linear__low_ir__low_overlap__low_clusters,linear,low_ir,low_overlap,low_clusters
AHC,LogisticRegression,0.499,0.41,0.657,,ok,smote_variants,1,linear__low_ir__low_overlap__low_clusters,linear,low_ir,low_overlap,low_clusters
AHC,RandomForest,0.497,0.403,0.656,,ok,smote_variants,1,linear__low_ir__low_overlap__low_clusters,linear,low_ir,low_overlap,low_clusters
DBSMOTE,LogisticRegression,0.949,0.952,0.968,0.993,ok,smote_variants,1,linear__low_ir__low_overlap__low_clusters,linear,low_ir,low_overlap,low_clusters
DBSMOTE,RandomForest,0.968,0.968,0.979,0.996,ok,smote_variants,1,linear__low_ir__low_overlap__low_clusters,linear,low_ir,low_overlap,low_clusters
MWMOTE,LogisticRegression,0.949,0.952,0.968,0.993,ok,smote_variants,1,linear__low_ir__low_overlap__low_clusters,linear,low_ir,low_overlap,low_clusters
MWMOTE,RandomForest,0.969,0.969,0.98,0.995,ok,smote_variants,1,linear__low_ir__low_overlap__low_clusters,linear,low_ir,low_overlap,low_clusters
SMOTE,LogisticRegression,0.959,0.952,0.973,0.993,ok,imbalanced_learn,1,linear__low_ir__low_overlap__low_clusters,linear,low_ir,low_overlap,low_clusters
SMOTE,RandomForest,0.962,0.959,0.975,0.996,ok,imbalanced_learn,1,linear__low_ir__low_overlap__low_clusters,linear,low_ir,low_overlap,low_clusters
BorderlineSMOTE,LogisticRegression,0.958,0.949,0.972,0.994,ok,imbalanced_learn,1,linear__low_ir__low_overlap__low_clusters,linear,low_ir,low_overlap,low_clusters
BorderlineSMOTE,RandomForest,0.963,0.956,0.975,0.996,ok,imbalanced_learn,1,linear__low_ir__low_overlap__low_clusters,linear,low_ir,low_overlap,low_clusters
SVMSMOTE,LogisticRegression,0.961,0.949,0.973,0.994,ok,imbalanced_learn,1,linear__low_ir__low_overlap__low_clusters,linear,low_ir,low_overlap,low_clusters
SVMSMOTE,RandomForest,0.966,0.959,0.977,0.996,ok,imbalanced_learn,1,linear__low_ir__low_overlap__low_clusters,linear,low_ir,low_overlap,low_clusters
ADASYN,LogisticRegression,0.919,0.904,0.946,0.988,ok,imbalanced_learn,1,linear__low_ir__low_overlap__low_clusters,linear,low_ir,low_overlap,low_clusters
ADASYN,RandomForest,0.96,0.954,0.973,0.995,ok,imbalanced_learn,1,linear__low_ir__low_overlap__low_clusters,linear,low_ir,low_overlap,low_clusters
KMeansSMOTE,LogisticRegression,0.952,0.949,0.969,0.993,ok,imbalanced_learn,1,linear__low_ir__low_overlap__low_clusters,linear,low_ir,low_overlap,low_clusters
KMeansSMOTE,RandomForest,0.963,0.962,0.976,0.995,ok,imbalanced_learn,1,linear__low_ir__low_overlap__low_clusters,linear,low_ir,low_overlap,low_clusters
NoSampler,LogisticRegression,0.728,0.734,0.816,0.912,ok,baseline,2,linear__low_ir__low_overlap__medium_clusters,linear,low_ir,low_overlap,medium_clusters
NoSampler,RandomForest,0.884,0.895,0.925,0.979,ok,baseline,2,linear__low_ir__low_overlap__medium_clusters,linear,low_ir,low_overlap,medium_clusters
distance_SMOTE,LogisticRegression,0.719,0.726,0.81,0.912,ok,smote_variants,2,linear__low_ir__low_overlap__medium_clusters,linear,low_ir,low_overlap,medium_clusters
distance_SMOTE,RandomForest,0.879,0.892,0.922,0.978,ok,smote_variants,2,linear__low_ir__low_overlap__medium_clusters,linear,low_ir,low_overlap,medium_clusters
cluster_SMOTE,LogisticRegression,0.718,0.725,0.809,0.912,ok,smote_variants,2,linear__low_ir__low_overlap__medium_clusters,linear,low_ir,low_overlap,medium_clusters
cluster_SMOTE,RandomForest,0.887,0.9,0.927,0.978,ok,smote_variants,2,linear__low_ir__low_overlap__medium_clusters,linear,low_ir,low_overlap,medium_clusters
CBSO,LogisticRegression,0.723,0.731,0.813,0.911,ok,smote_variants,2,linear__low_ir__low_overlap__medium_clusters,linear,low_ir,low_overlap,medium_clusters
CBSO,RandomForest,0.887,0.899,0.926,0.978,ok,smote_variants,2,linear__low_ir__low_overlap__medium_clusters,linear,low_ir,low_overlap,medium_clusters
AHC,LogisticRegression,0.462,0.364,0.628,,ok,smote_variants,2,linear__low_ir__low_overlap__medium_clusters,linear,low_ir,low_overlap,medium_clusters
AHC,RandomForest,0.488,0.385,0.65,,ok,smote_variants,2,linear__low_ir__low_overlap__medium_clusters,linear,low_ir,low_overlap,medium_clusters
DBSMOTE,LogisticRegression,0.719,0.727,0.81,0.912,ok,smote_variants,2,linear__low_ir__low_overlap__medium_clusters,linear,low_ir,low_overlap,medium_clusters
DBSMOTE,RandomForest,0.883,0.895,0.924,0.979,ok,smote_variants,2,linear__low_ir__low_overlap__medium_clusters,linear,low_ir,low_overlap,medium_clusters
MWMOTE,LogisticRegression,0.723,0.73,0.813,0.912,ok,smote_variants,2,linear__low_ir__low_overlap__medium_clusters,linear,low_ir,low_overlap,medium_clusters
MWMOTE,RandomForest,0.88,0.891,0.922,0.978,ok,smote_variants,2,linear__low_ir__low_overlap__medium_clusters,linear,low_ir,low_overlap,medium_clusters
SMOTE,LogisticRegression,0.744,0.736,0.826,0.911,ok,imbalanced_learn,2,linear__low_ir__low_overlap__medium_clusters,linear,low_ir,low_overlap,medium_clusters
SMOTE,RandomForest,0.894,0.902,0.931,0.98,ok,imbalanced_learn,2,linear__low_ir__low_overlap__medium_clusters,linear,low_ir,low_overlap,medium_clusters
BorderlineSMOTE,LogisticRegression,0.718,0.707,0.807,0.905,ok,imbalanced_learn,2,linear__low_ir__low_overlap__medium_clusters,linear,low_ir,low_overlap,medium_clusters
BorderlineSMOTE,RandomForest,0.901,0.907,0.936,0.978,ok,imbalanced_learn,2,linear__low_ir__low_overlap__medium_clusters,linear,low_ir,low_overlap,medium_clusters
SVMSMOTE,LogisticRegression,0.752,0.741,0.831,0.908,ok,imbalanced_learn,2,linear__low_ir__low_overlap__medium_clusters,linear,low_ir,low_overlap,medium_clusters
SVMSMOTE,RandomForest,0.906,0.909,0.938,0.979,ok,imbalanced_learn,2,linear__low_ir__low_overlap__medium_clusters,linear,low_ir,low_overlap,medium_clusters
ADASYN,LogisticRegression,0.748,0.734,0.828,0.911,ok,imbalanced_learn,2,linear__low_ir__low_overlap__medium_clusters,linear,low_ir,low_overlap,medium_clusters
ADASYN,RandomForest,0.906,0.912,0.939,0.979,ok,imbalanced_learn,2,linear__low_ir__low_overlap__medium_clusters,linear,low_ir,low_overlap,medium_clusters
KMeansSMOTE,LogisticRegression,0.742,0.737,0.825,0.911,ok,imbalanced_learn,2,linear__low_ir__low_overlap__medium_clusters,linear,low_ir,low_overlap,medium_clusters
KMeansSMOTE,RandomForest,0.889,0.899,0.928,0.978,ok,imbalanced_learn,2,linear__low_ir__low_overlap__medium_clusters,linear,low_ir,low_overlap,medium_clusters
NoSampler,LogisticRegression,0.595,0.599,0.72,0.846,ok,baseline,3,linear__low_ir__low_overlap__high_clusters,linear,low_ir,low_overlap,high_clusters
NoSampler,RandomForest,0.812,0.827,0.876,0.972,ok,baseline,3,linear__low_ir__low_overlap__high_clusters,linear,low_ir,low_overlap,high_clusters
distance_SMOTE,LogisticRegression,0.599,0.608,0.723,0.847,ok,smote_variants,3,linear__low_ir__low_overlap__high_clusters,linear,low_ir,low_overlap,high_clusters
distance_SMOTE,RandomForest,0.832,0.847,0.889,0.972,ok,smote_variants,3,linear__low_ir__low_overlap__high_clusters,linear,low_ir,low_overlap,high_clusters
cluster_SMOTE,LogisticRegression,0.599,0.608,0.723,0.846,ok,smote_variants,3,linear__low_ir__low_overlap__high_clusters,linear,low_ir,low_overlap,high_clusters
cluster_SMOTE,RandomForest,0.832,0.846,0.89,0.972,ok,smote_variants,3,linear__low_ir__low_overlap__high_clusters,linear,low_ir,low_overlap,high_clusters
CBSO,LogisticRegression,0.598,0.607,0.723,0.846,ok,smote_variants,3,linear__low_ir__low_overlap__high_clusters,linear,low_ir,low_overlap,high_clusters
CBSO,RandomForest,0.846,0.861,0.899,0.974,ok,smote_variants,3,linear__low_ir__low_overlap__high_clusters,linear,low_ir,low_overlap,high_clusters
AHC,LogisticRegression,0.373,0.295,0.55,,ok,smote_variants,3,linear__low_ir__low_overlap__high_clusters,linear,low_ir,low_overlap,high_clusters
AHC,RandomForest,0.471,0.371,0.636,,ok,smote_variants,3,linear__low_ir__low_overlap__high_clusters,linear,low_ir,low_overlap,high_clusters
DBSMOTE,LogisticRegression,0.597,0.606,0.721,0.845,ok,smote_variants,3,linear__low_ir__low_overlap__high_clusters,linear,low_ir,low_overlap,high_clusters
DBSMOTE,RandomForest,0.825,0.841,0.885,0.97,ok,smote_variants,3,linear__low_ir__low_overlap__high_clusters,linear,low_ir,low_overlap,high_clusters
MWMOTE,LogisticRegression,0.607,0.615,0.729,0.845,ok,smote_variants,3,linear__low_ir__low_overlap__high_clusters,linear,low_ir,low_overlap,high_clusters
MWMOTE,RandomForest,0.833,0.849,0.89,0.973,ok,smote_variants,3,linear__low_ir__low_overlap__high_clusters,linear,low_ir,low_overlap,high_clusters
SMOTE,LogisticRegression,0.613,0.591,0.73,0.846,ok,imbalanced_learn,3,linear__low_ir__low_overlap__high_clusters,linear,low_ir,low_overlap,high_clusters
SMOTE,RandomForest,0.856,0.859,0.904,0.972,ok,imbalanced_learn,3,linear__low_ir__low_overlap__high_clusters,linear,low_ir,low_overlap,high_clusters
BorderlineSMOTE,LogisticRegression,0.587,0.562,0.71,0.838,ok,imbalanced_learn,3,linear__low_ir__low_overlap__high_clusters,linear,low_ir,low_overlap,high_clusters
BorderlineSMOTE,RandomForest,0.864,0.868,0.91,0.974,ok,imbalanced_learn,3,linear__low_ir__low_overlap__high_clusters,linear,low_ir,low_overlap,high_clusters
SVMSMOTE,LogisticRegression,0.607,0.586,0.725,0.844,ok,imbalanced_learn,3,linear__low_ir__low_overlap__high_clusters,linear,low_ir,low_overlap,high_clusters
SVMSMOTE,RandomForest,0.876,0.878,0.918,0.975,ok,imbalanced_learn,3,linear__low_ir__low_overlap__high_clusters,linear,low_ir,low_overlap,high_clusters
ADASYN,LogisticRegression,0.606,0.586,0.725,0.842,ok,imbalanced_learn,3,linear__low_ir__low_overlap__high_clusters,linear,low_ir,low_overlap,high_clusters
ADASYN,RandomForest,0.862,0.865,0.909,0.972,ok,imbalanced_learn,3,linear__low_ir__low_overlap__high_clusters,linear,low_ir,low_overlap,high_clusters
KMeansSMOTE,LogisticRegression,0.604,0.606,0.725,0.836,ok,imbalanced_learn,3,linear__low_ir__low_overlap__high_clusters,linear,low_ir,low_overlap,high_clusters
KMeansSMOTE,RandomForest,0.828,0.84,0.888,0.969,ok,imbalanced_learn,3,linear__low_ir__low_overlap__high_clusters,linear,low_ir,low_overlap,high_clusters
NoSampler,LogisticRegression,0.863,0.869,0.909,0.972,ok,baseline,4,linear__low_ir__medium_overlap__low_clusters,linear,low_ir,medium_overlap,low_clusters
NoSampler,RandomForest,0.943,0.951,0.963,0.993,ok,baseline,4,linear__low_ir__medium_overlap__low_clusters,linear,low_ir,medium_overlap,low_clusters
distance_SMOTE,LogisticRegression,0.864,0.87,0.91,0.973,ok,smote_variants,4,linear__low_ir__medium_overlap__low_clusters,linear,low_ir,medium_overlap,low_clusters
distance_SMOTE,RandomForest,0.939,0.949,0.96,0.993,ok,smote_variants,4,linear__low_ir__medium_overlap__low_clusters,linear,low_ir,medium_overlap,low_clusters
cluster_SMOTE,LogisticRegression,0.864,0.87,0.91,0.973,ok,smote_variants,4,linear__low_ir__medium_overlap__low_clusters,linear,low_ir,medium_overlap,low_clusters
cluster_SMOTE,RandomForest,0.943,0.953,0.963,0.993,ok,smote_variants,4,linear__low_ir__medium_overlap__low_clusters,linear,low_ir,medium_overlap,low_clusters
CBSO,LogisticRegression,0.872,0.878,0.915,0.972,ok,smote_variants,4,linear__low_ir__medium_overlap__low_clusters,linear,low_ir,medium_overlap,low_clusters
CBSO,RandomForest,0.938,0.948,0.959,0.994,ok,smote_variants,4,linear__low_ir__medium_overlap__low_clusters,linear,low_ir,medium_overlap,low_clusters
AHC,LogisticRegression,0.489,0.385,0.649,,ok,smote_variants,4,linear__low_ir__medium_overlap__low_clusters,linear,low_ir,medium_overlap,low_clusters
AHC,RandomForest,0.493,0.397,0.652,,ok,smote_variants,4,linear__low_ir__medium_overlap__low_clusters,linear,low_ir,medium_overlap,low_clusters
DBSMOTE,LogisticRegression,0.864,0.87,0.91,0.972,ok,smote_variants,4,linear__low_ir__medium_overlap__low_clusters,linear,low_ir,medium_overlap,low_clusters
DBSMOTE,RandomForest,0.94,0.949,0.961,0.993,ok,smote_variants,4,linear__low_ir__medium_overlap__low_clusters,linear,low_ir,medium_overlap,low_clusters
MWMOTE,LogisticRegression,0.864,0.87,0.91,0.972,ok,smote_variants,4,linear__low_ir__medium_overlap__low_clusters,linear,low_ir,medium_overlap,low_clusters
MWMOTE,RandomForest,0.939,0.949,0.96,0.994,ok,smote_variants,4,linear__low_ir__medium_overlap__low_clusters,linear,low_ir,medium_overlap,low_clusters
SMOTE,LogisticRegression,0.862,0.856,0.907,0.972,ok,imbalanced_learn,4,linear__low_ir__medium_overlap__low_clusters,linear,low_ir,medium_overlap,low_clusters
SMOTE,RandomForest,0.944,0.948,0.963,0.994,ok,imbalanced_learn,4,linear__low_ir__medium_overlap__low_clusters,linear,low_ir,medium_overlap,low_clusters
BorderlineSMOTE,LogisticRegression,0.858,0.843,0.903,0.97,ok,imbalanced_learn,4,linear__low_ir__medium_overlap__low_clusters,linear,low_ir,medium_overlap,low_clusters
BorderlineSMOTE,RandomForest,0.962,0.961,0.975,0.994,ok,imbalanced_learn,4,linear__low_ir__medium_overlap__low_clusters,linear,low_ir,medium_overlap,low_clusters
SVMSMOTE,LogisticRegression,0.857,0.843,0.902,0.971,ok,imbalanced_learn,4,linear__low_ir__medium_overlap__low_clusters,linear,low_ir,medium_overlap,low_clusters
SVMSMOTE,RandomForest,0.953,0.95,0.968,0.993,ok,imbalanced_learn,4,linear__low_ir__medium_overlap__low_clusters,linear,low_ir,medium_overlap,low_clusters
ADASYN,LogisticRegression,0.856,0.844,0.902,0.971,ok,imbalanced_learn,4,linear__low_ir__medium_overlap__low_clusters,linear,low_ir,medium_overlap,low_clusters
ADASYN,RandomForest,0.951,0.952,0.967,0.995,ok,imbalanced_learn,4,linear__low_ir__medium_overlap__low_clusters,linear,low_ir,medium_overlap,low_clusters
KMeansSMOTE,LogisticRegression,0.865,0.869,0.91,0.972,ok,imbalanced_learn,4,linear__low_ir__medium_overlap__low_clusters,linear,low_ir,medium_overlap,low_clusters
KMeansSMOTE,RandomForest,0.95,0.958,0.967,0.993,ok,imbalanced_learn,4,linear__low_ir__medium_overlap__low_clusters,linear,low_ir,medium_overlap,low_clusters
NoSampler,LogisticRegression,0.611,0.609,0.734,0.861,ok,baseline,5,linear__low_ir__medium_overlap__medium_clusters,linear,low_ir,medium_overlap,medium_clusters
NoSampler,RandomForest,0.808,0.821,0.873,0.962,ok,baseline,5,linear__low_ir__medium_overlap__medium_clusters,linear,low_ir,medium_overlap,medium_clusters
distance_SMOTE,LogisticRegression,0.607,0.604,0.731,0.86,ok,smote_variants,5,linear__low_ir__medium_overlap__medium_clusters,linear,low_ir,medium_overlap,medium_clusters
distance_SMOTE,RandomForest,0.807,0.821,0.872,0.963,ok,smote_variants,5,linear__low_ir__medium_overlap__medium_clusters,linear,low_ir,medium_overlap,medium_clusters
cluster_SMOTE,LogisticRegression,0.611,0.608,0.735,0.861,ok,smote_variants,5,linear__low_ir__medium_overlap__medium_clusters,linear,low_ir,medium_overlap,medium_clusters
cluster_SMOTE,RandomForest,0.816,0.829,0.879,0.96,ok,smote_variants,5,linear__low_ir__medium_overlap__medium_clusters,linear,low_ir,medium_overlap,medium_clusters
CBSO,LogisticRegression,0.605,0.602,0.73,0.86,ok,smote_variants,5,linear__low_ir__medium_overlap__medium_clusters,linear,low_ir,medium_overlap,medium_clusters
CBSO,RandomForest,0.811,0.823,0.876,0.96,ok,smote_variants,5,linear__low_ir__medium_overlap__medium_clusters,linear,low_ir,medium_overlap,medium_clusters
AHC,LogisticRegression,0.4,0.314,0.573,,ok,smote_variants,5,linear__low_ir__medium_overlap__medium_clusters,linear,low_ir,medium_overlap,medium_clusters
AHC,RandomForest,0.471,0.37,0.635,,ok,smote_variants,5,linear__low_ir__medium_overlap__medium_clusters,linear,low_ir,medium_overlap,medium_clusters
DBSMOTE,LogisticRegression,0.606,0.603,0.731,0.859,ok,smote_variants,5,linear__low_ir__medium_overlap__medium_clusters,linear,low_ir,medium_overlap,medium_clusters
DBSMOTE,RandomForest,0.809,0.821,0.874,0.961,ok,smote_variants,5,linear__low_ir__medium_overlap__medium_clusters,linear,low_ir,medium_overlap,medium_clusters
MWMOTE,LogisticRegression,0.601,0.597,0.727,0.861,ok,smote_variants,5,linear__low_ir__medium_overlap__medium_clusters,linear,low_ir,medium_overlap,medium_clusters
MWMOTE,RandomForest,0.815,0.827,0.878,0.959,ok,smote_variants,5,linear__low_ir__medium_overlap__medium_clusters,linear,low_ir,medium_overlap,medium_clusters
SMOTE,LogisticRegression,0.632,0.618,0.746,0.858,ok,imbalanced_learn,5,linear__low_ir__medium_overlap__medium_clusters,linear,low_ir,medium_overlap,medium_clusters
SMOTE,RandomForest,0.841,0.84,0.894,0.962,ok,imbalanced_learn,5,linear__low_ir__medium_overlap__medium_clusters,linear,low_ir,medium_overlap,medium_clusters
BorderlineSMOTE,LogisticRegression,0.616,0.605,0.735,0.858,ok,imbalanced_learn,5,linear__low_ir__medium_overlap__medium_clusters,linear,low_ir,medium_overlap,medium_clusters
BorderlineSMOTE,RandomForest,0.867,0.863,0.91,0.963,ok,imbalanced_learn,5,linear__low_ir__medium_overlap__medium_clusters,linear,low_ir,medium_overlap,medium_clusters
SVMSMOTE,LogisticRegression,0.63,0.617,0.745,0.858,ok,imbalanced_learn,5,linear__low_ir__medium_overlap__medium_clusters,linear,low_ir,medium_overlap,medium_clusters
SVMSMOTE,RandomForest,0.858,0.859,0.905,0.962,ok,imbalanced_learn,5,linear__low_ir__medium_overlap__medium_clusters,linear,low_ir,medium_overlap,medium_clusters
ADASYN,LogisticRegression,0.62,0.607,0.738,0.857,ok,imbalanced_learn,5,linear__low_ir__medium_overlap__medium_clusters,linear,low_ir,medium_overlap,medium_clusters
ADASYN,RandomForest,0.858,0.851,0.905,0.961,ok,imbalanced_learn,5,linear__low_ir__medium_overlap__medium_clusters,linear,low_ir,medium_overlap,medium_clusters
KMeansSMOTE,LogisticRegression,0.624,0.615,0.742,0.844,ok,imbalanced_learn,5,linear__low_ir__medium_overlap__medium_clusters,linear,low_ir,medium_overlap,medium_clusters
KMeansSMOTE,RandomForest,0.813,0.822,0.876,0.957,ok,imbalanced_learn,5,linear__low_ir__medium_overlap__medium_clusters,linear,low_ir,medium_overlap,medium_clusters
NoSampler,LogisticRegression,0.435,0.428,0.599,0.701,ok,baseline,6,linear__low_ir__medium_overlap__high_clusters,linear,low_ir,medium_overlap,high_clusters
NoSampler,RandomForest,0.677,0.692,0.783,0.908,ok,baseline,6,linear__low_ir__medium_overlap__high_clusters,linear,low_ir,medium_overlap,high_clusters
distance_SMOTE,LogisticRegression,0.442,0.431,0.604,0.701,ok,smote_variants,6,linear__low_ir__medium_overlap__high_clusters,linear,low_ir,medium_overlap,high_clusters
distance_SMOTE,RandomForest,0.674,0.69,0.781,0.908,ok,smote_variants,6,linear__low_ir__medium_overlap__high_clusters,linear,low_ir,medium_overlap,high_clusters
cluster_SMOTE,LogisticRegression,0.439,0.429,0.602,0.701,ok,smote_variants,6,linear__low_ir__medium_overlap__high_clusters,linear,low_ir,medium_overlap,high_clusters
cluster_SMOTE,RandomForest,0.663,0.677,0.773,0.906,ok,smote_variants,6,linear__low_ir__medium_overlap__high_clusters,linear,low_ir,medium_overlap,high_clusters
CBSO,LogisticRegression,0.449,0.438,0.61,0.701,ok,smote_variants,6,linear__low_ir__medium_overlap__high_clusters,linear,low_ir,medium_overlap,high_clusters
CBSO,RandomForest,0.666,0.679,0.775,0.908,ok,smote_variants,6,linear__low_ir__medium_overlap__high_clusters,linear,low_ir,medium_overlap,high_clusters
AHC,LogisticRegression,0.387,0.301,0.562,,ok,smote_variants,6,linear__low_ir__medium_overlap__high_clusters,linear,low_ir,medium_overlap,high_clusters
AHC,RandomForest,0.455,0.357,0.621,,ok,smote_variants,6,linear__low_ir__medium_overlap__high_clusters,linear,low_ir,medium_overlap,high_clusters
DBSMOTE,LogisticRegression,0.445,0.435,0.607,0.701,ok,smote_variants,6,linear__low_ir__medium_overlap__high_clusters,linear,low_ir,medium_overlap,high_clusters
DBSMOTE,RandomForest,0.663,0.678,0.773,0.905,ok,smote_variants,6,linear__low_ir__medium_overlap__high_clusters,linear,low_ir,medium_overlap,high_clusters
MWMOTE,LogisticRegression,0.437,0.426,0.6,0.7,ok,smote_variants,6,linear__low_ir__medium_overlap__high_clusters,linear,low_ir,medium_overlap,high_clusters
MWMOTE,RandomForest,0.655,0.669,0.768,0.908,ok,smote_variants,6,linear__low_ir__medium_overlap__high_clusters,linear,low_ir,medium_overlap,high_clusters
SMOTE,LogisticRegression,0.436,0.43,0.597,0.701,ok,imbalanced_learn,6,linear__low_ir__medium_overlap__high_clusters,linear,low_ir,medium_overlap,high_clusters
SMOTE,RandomForest,0.698,0.701,0.796,0.903,ok,imbalanced_learn,6,linear__low_ir__medium_overlap__high_clusters,linear,low_ir,medium_overlap,high_clusters
BorderlineSMOTE,LogisticRegression,0.428,0.423,0.591,0.694,ok,imbalanced_learn,6,linear__low_ir__medium_overlap__high_clusters,linear,low_ir,medium_overlap,high_clusters
BorderlineSMOTE,RandomForest,0.727,0.731,0.816,0.91,ok,imbalanced_learn,6,linear__low_ir__medium_overlap__high_clusters,linear,low_ir,medium_overlap,high_clusters
SVMSMOTE,LogisticRegression,0.438,0.432,0.598,0.704,ok,imbalanced_learn,6,linear__low_ir__medium_overlap__high_clusters,linear,low_ir,medium_overlap,high_clusters
SVMSMOTE,RandomForest,0.712,0.718,0.806,0.907,ok,imbalanced_learn,6,linear__low_ir__medium_overlap__high_clusters,linear,low_ir,medium_overlap,high_clusters
ADASYN,LogisticRegression,0.411,0.41,0.577,0.698,ok,imbalanced_learn,6,linear__low_ir__medium_overlap__high_clusters,linear,low_ir,medium_overlap,high_clusters
ADASYN,RandomForest,0.677,0.68,0.78,0.902,ok,imbalanced_learn,6,linear__low_ir__medium_overlap__high_clusters,linear,low_ir,medium_overlap,high_clusters
KMeansSMOTE,LogisticRegression,0.456,0.45,0.612,0.704,ok,imbalanced_learn,6,linear__low_ir__medium_overlap__high_clusters,linear,low_ir,medium_overlap,high_clusters
KMeansSMOTE,RandomForest,0.712,0.723,0.806,0.902,ok,imbalanced_learn,6,linear__low_ir__medium_overlap__high_clusters,linear,low_ir,medium_overlap,high_clusters
NoSampler,LogisticRegression,0.557,0.558,0.688,0.814,ok,baseline,7,linear__low_ir__high_overlap__low_clusters,linear,low_ir,high_overlap,low_clusters
NoSampler,RandomForest,0.823,0.831,0.88,0.962,ok,baseline,7,linear__low_ir__high_overlap__low_clusters,linear,low_ir,high_overlap,low_clusters
distance_SMOTE,LogisticRegression,0.549,0.55,0.682,0.814,ok,smote_variants,7,linear__low_ir__high_overlap__low_clusters,linear,low_ir,high_overlap,low_clusters
distance_SMOTE,RandomForest,0.829,0.838,0.884,0.962,ok,smote_variants,7,linear__low_ir__high_overlap__low_clusters,linear,low_ir,high_overlap,low_clusters
cluster_SMOTE,LogisticRegression,0.541,0.543,0.677,0.813,ok,smote_variants,7,linear__low_ir__high_overlap__low_clusters,linear,low_ir,high_overlap,low_clusters
cluster_SMOTE,RandomForest,0.823,0.832,0.881,0.962,ok,smote_variants,7,linear__low_ir__high_overlap__low_clusters,linear,low_ir,high_overlap,low_clusters
CBSO,LogisticRegression,0.554,0.554,0.686,0.812,ok,smote_variants,7,linear__low_ir__high_overlap__low_clusters,linear,low_ir,high_overlap,low_clusters
CBSO,RandomForest,0.835,0.844,0.889,0.962,ok,smote_variants,7,linear__low_ir__high_overlap__low_clusters,linear,low_ir,high_overlap,low_clusters
AHC,LogisticRegression,0.344,0.268,0.523,,ok,smote_variants,7,linear__low_ir__high_overlap__low_clusters,linear,low_ir,high_overlap,low_clusters
AHC,RandomForest,0.443,0.348,0.611,,ok,smote_variants,7,linear__low_ir__high_overlap__low_clusters,linear,low_ir,high_overlap,low_clusters
DBSMOTE,LogisticRegression,0.542,0.544,0.678,0.813,ok,smote_variants,7,linear__low_ir__high_overlap__low_clusters,linear,low_ir,high_overlap,low_clusters
DBSMOTE,RandomForest,0.819,0.828,0.878,0.961,ok,smote_variants,7,linear__low_ir__high_overlap__low_clusters,linear,low_ir,high_overlap,low_clusters
MWMOTE,LogisticRegression,0.553,0.554,0.685,0.813,ok,smote_variants,7,linear__low_ir__high_overlap__low_clusters,linear,low_ir,high_overlap,low_clusters
MWMOTE,RandomForest,0.822,0.833,0.88,0.961,ok,smote_variants,7,linear__low_ir__high_overlap__low_clusters,linear,low_ir,high_overlap,low_clusters
SMOTE,LogisticRegression,0.575,0.546,0.699,0.812,ok,imbalanced_learn,7,linear__low_ir__high_overlap__low_clusters,linear,low_ir,high_overlap,low_clusters
SMOTE,RandomForest,0.858,0.85,0.903,0.962,ok,imbalanced_learn,7,linear__low_ir__high_overlap__low_clusters,linear,low_ir,high_overlap,low_clusters
BorderlineSMOTE,LogisticRegression,0.552,0.516,0.681,0.806,ok,imbalanced_learn,7,linear__low_ir__high_overlap__low_clusters,linear,low_ir,high_overlap,low_clusters
BorderlineSMOTE,RandomForest,0.852,0.843,0.898,0.962,ok,imbalanced_learn,7,linear__low_ir__high_overlap__low_clusters,linear,low_ir,high_overlap,low_clusters
SVMSMOTE,LogisticRegression,0.569,0.536,0.694,0.812,ok,imbalanced_learn,7,linear__low_ir__high_overlap__low_clusters,linear,low_ir,high_overlap,low_clusters
SVMSMOTE,RandomForest,0.856,0.849,0.902,0.963,ok,imbalanced_learn,7,linear__low_ir__high_overlap__low_clusters,linear,low_ir,high_overlap,low_clusters
ADASYN,LogisticRegression,0.566,0.53,0.691,0.808,ok,imbalanced_learn,7,linear__low_ir__high_overlap__low_clusters,linear,low_ir,high_overlap,low_clusters
ADASYN,RandomForest,0.853,0.844,0.899,0.963,ok,imbalanced_learn,7,linear__low_ir__high_overlap__low_clusters,linear,low_ir,high_overlap,low_clusters
KMeansSMOTE,LogisticRegression,0.575,0.559,0.699,0.804,ok,imbalanced_learn,7,linear__low_ir__high_overlap__low_clusters,linear,low_ir,high_overlap,low_clusters
KMeansSMOTE,RandomForest,0.832,0.835,0.886,0.958,ok,imbalanced_learn,7,linear__low_ir__high_overlap__low_clusters,linear,low_ir,high_overlap,low_clusters
NoSampler,LogisticRegression,0.403,0.405,0.57,0.7,ok,baseline,8,linear__low_ir__high_overlap__medium_clusters,linear,low_ir,high_overlap,medium_clusters
NoSampler,RandomForest,0.681,0.698,0.784,0.905,ok,baseline,8,linear__low_ir__high_overlap__medium_clusters,linear,low_ir,high_overlap,medium_clusters
distance_SMOTE,LogisticRegression,0.417,0.416,0.582,0.7,ok,smote_variants,8,linear__low_ir__high_overlap__medium_clusters,linear,low_ir,high_overlap,medium_clusters
distance_SMOTE,RandomForest,0.676,0.695,0.78,0.909,ok,smote_variants,8,linear__low_ir__high_overlap__medium_clusters,linear,low_ir,high_overlap,medium_clusters
cluster_SMOTE,LogisticRegression,0.403,0.398,0.57,0.699,ok,smote_variants,8,linear__low_ir__high_overlap__medium_clusters,linear,low_ir,high_overlap,medium_clusters
cluster_SMOTE,RandomForest,0.666,0.683,0.774,0.907,ok,smote_variants,8,linear__low_ir__high_overlap__medium_clusters,linear,low_ir,high_overlap,medium_clusters
CBSO,LogisticRegression,0.404,0.401,0.571,0.701,ok,smote_variants,8,linear__low_ir__high_overlap__medium_clusters,linear,low_ir,high_overlap,medium_clusters
CBSO,RandomForest,0.664,0.681,0.772,0.904,ok,smote_variants,8,linear__low_ir__high_overlap__medium_clusters,linear,low_ir,high_overlap,medium_clusters
AHC,LogisticRegression,0.342,0.264,0.521,,ok,smote_variants,8,linear__low_ir__high_overlap__medium_clusters,linear,low_ir,high_overlap,medium_clusters
AHC,RandomForest,0.417,0.327,0.588,,ok,smote_variants,8,linear__low_ir__high_overlap__medium_clusters,linear,low_ir,high_overlap,medium_clusters
DBSMOTE,LogisticRegression,0.411,0.408,0.577,0.7,ok,smote_variants,8,linear__low_ir__high_overlap__medium_clusters,linear,low_ir,high_overlap,medium_clusters
DBSMOTE,RandomForest,0.666,0.683,0.773,0.905,ok,smote_variants,8,linear__low_ir__high_overlap__medium_clusters,linear,low_ir,high_overlap,medium_clusters
MWMOTE,LogisticRegression,0.409,0.407,0.575,0.699,ok,smote_variants,8,linear__low_ir__high_overlap__medium_clusters,linear,low_ir,high_overlap,medium_clusters
MWMOTE,RandomForest,0.665,0.682,0.772,0.906,ok,smote_variants,8,linear__low_ir__high_overlap__medium_clusters,linear,low_ir,high_overlap,medium_clusters
SMOTE,LogisticRegression,0.443,0.433,0.601,0.695,ok,imbalanced_learn,8,linear__low_ir__high_overlap__medium_clusters,linear,low_ir,high_overlap,medium_clusters
SMOTE,RandomForest,0.703,0.704,0.797,0.904,ok,imbalanced_learn,8,linear__low_ir__high_overlap__medium_clusters,linear,low_ir,high_overlap,medium_clusters
BorderlineSMOTE,LogisticRegression,0.427,0.42,0.588,0.699,ok,imbalanced_learn,8,linear__low_ir__high_overlap__medium_clusters,linear,low_ir,high_overlap,medium_clusters
BorderlineSMOTE,RandomForest,0.699,0.7,0.795,0.906,ok,imbalanced_learn,8,linear__low_ir__high_overlap__medium_clusters,linear,low_ir,high_overlap,medium_clusters
SVMSMOTE,LogisticRegression,0.432,0.421,0.592,0.696,ok,imbalanced_learn,8,linear__low_ir__high_overlap__medium_clusters,linear,low_ir,high_overlap,medium_clusters
SVMSMOTE,RandomForest,0.707,0.709,0.8,0.905,ok,imbalanced_learn,8,linear__low_ir__high_overlap__medium_clusters,linear,low_ir,high_overlap,medium_clusters
ADASYN,LogisticRegression,0.436,0.426,0.596,0.701,ok,imbalanced_learn,8,linear__low_ir__high_overlap__medium_clusters,linear,low_ir,high_overlap,medium_clusters
ADASYN,RandomForest,0.709,0.707,0.802,0.9,ok,imbalanced_learn,8,linear__low_ir__high_overlap__medium_clusters,linear,low_ir,high_overlap,medium_clusters
KMeansSMOTE,LogisticRegression,0.442,0.434,0.599,0.691,ok,imbalanced_learn,8,linear__low_ir__high_overlap__medium_clusters,linear,low_ir,high_overlap,medium_clusters
KMeansSMOTE,RandomForest,0.674,0.681,0.779,0.89,ok,imbalanced_learn,8,linear__low_ir__high_overlap__medium_clusters,linear,low_ir,high_overlap,medium_clusters
NoSampler,LogisticRegression,0.395,0.381,0.566,0.714,ok,baseline,9,linear__low_ir__high_overlap__high_clusters,linear,low_ir,high_overlap,high_clusters
NoSampler,RandomForest,0.593,0.605,0.721,0.877,ok,baseline,9,linear__low_ir__high_overlap__high_clusters,linear,low_ir,high_overlap,high_clusters
distance_SMOTE,LogisticRegression,0.385,0.372,0.558,0.715,ok,smote_variants,9,linear__low_ir__high_overlap__high_clusters,linear,low_ir,high_overlap,high_clusters
distance_SMOTE,RandomForest,0.575,0.583,0.709,0.878,ok,smote_variants,9,linear__low_ir__high_overlap__high_clusters,linear,low_ir,high_overlap,high_clusters
cluster_SMOTE,LogisticRegression,0.39,0.376,0.561,0.715,ok,smote_variants,9,linear__low_ir__high_overlap__high_clusters,linear,low_ir,high_overlap,high_clusters
cluster_SMOTE,RandomForest,0.574,0.581,0.708,0.88,ok,smote_variants,9,linear__low_ir__high_overlap__high_clusters,linear,low_ir,high_overlap,high_clusters
CBSO,LogisticRegression,0.392,0.379,0.564,0.715,ok,smote_variants,9,linear__low_ir__high_overlap__high_clusters,linear,low_ir,high_overlap,high_clusters
CBSO,RandomForest,0.576,0.585,0.709,0.871,ok,smote_variants,9,linear__low_ir__high_overlap__high_clusters,linear,low_ir,high_overlap,high_clusters
AHC,LogisticRegression,0.336,0.261,0.516,,ok,smote_variants,9,linear__low_ir__high_overlap__high_clusters,linear,low_ir,high_overlap,high_clusters
AHC,RandomForest,0.406,0.319,0.579,,ok,smote_variants,9,linear__low_ir__high_overlap__high_clusters,linear,low_ir,high_overlap,high_clusters
DBSMOTE,LogisticRegression,0.392,0.376,0.563,0.716,ok,smote_variants,9,linear__low_ir__high_overlap__high_clusters,linear,low_ir,high_overlap,high_clusters
DBSMOTE,RandomForest,0.577,0.583,0.71,0.877,ok,smote_variants,9,linear__low_ir__high_overlap__high_clusters,linear,low_ir,high_overlap,high_clusters
MWMOTE,LogisticRegression,0.393,0.38,0.564,0.715,ok,smote_variants,9,linear__low_ir__high_overlap__high_clusters,linear,low_ir,high_overlap,high_clusters
MWMOTE,RandomForest,0.589,0.601,0.718,0.877,ok,smote_variants,9,linear__low_ir__high_overlap__high_clusters,linear,low_ir,high_overlap,high_clusters
SMOTE,LogisticRegression,0.422,0.411,0.585,0.71,ok,imbalanced_learn,9,linear__low_ir__high_overlap__high_clusters,linear,low_ir,high_overlap,high_clusters
SMOTE,RandomForest,0.677,0.677,0.78,0.877,ok,imbalanced_learn,9,linear__low_ir__high_overlap__high_clusters,linear,low_ir,high_overlap,high_clusters
BorderlineSMOTE,LogisticRegression,0.428,0.414,0.59,0.705,ok,imbalanced_learn,9,linear__low_ir__high_overlap__high_clusters,linear,low_ir,high_overlap,high_clusters
BorderlineSMOTE,RandomForest,0.653,0.652,0.762,0.866,ok,imbalanced_learn,9,linear__low_ir__high_overlap__high_clusters,linear,low_ir,high_overlap,high_clusters
SVMSMOTE,LogisticRegression,0.417,0.403,0.58,0.701,ok,imbalanced_learn,9,linear__low_ir__high_overlap__high_clusters,linear,low_ir,high_overlap,high_clusters
SVMSMOTE,RandomForest,0.654,0.658,0.763,0.876,ok,imbalanced_learn,9,linear__low_ir__high_overlap__high_clusters,linear,low_ir,high_overlap,high_clusters
ADASYN,LogisticRegression,,,,,error,imbalanced_learn,9,linear__low_ir__high_overlap__high_clusters,linear,low_ir,high_overlap,high_clusters
ADASYN,RandomForest,,,,,error,imbalanced_learn,9,linear__low_ir__high_overlap__high_clusters,linear,low_ir,high_overlap,high_clusters
KMeansSMOTE,LogisticRegression,,,,,error,imbalanced_learn,9,linear__low_ir__high_overlap__high_clusters,linear,low_ir,high_overlap,high_clusters
KMeansSMOTE,RandomForest,,,,,error,imbalanced_learn,9,linear__low_ir__high_overlap__high_clusters,linear,low_ir,high_overlap,high_clusters
NoSampler,LogisticRegression,0.942,0.95,0.964,0.986,ok,baseline,10,linear__medium_ir__low_overlap__low_clusters,linear,medium_ir,low_overlap,low_clusters
NoSampler,RandomForest,0.932,0.944,0.958,0.986,ok,baseline,10,linear__medium_ir__low_overlap__low_clusters,linear,medium_ir,low_overlap,low_clusters
distance_SMOTE,LogisticRegression,0.942,0.95,0.964,0.986,ok,smote_variants,10,linear__medium_ir__low_overlap__low_clusters,linear,medium_ir,low_overlap,low_clusters
distance_SMOTE,RandomForest,0.926,0.939,0.954,0.984,ok,smote_variants,10,linear__medium_ir__low_overlap__low_clusters,linear,medium_ir,low_overlap,low_clusters
cluster_SMOTE,LogisticRegression,0.94,0.947,0.963,0.986,ok,smote_variants,10,linear__medium_ir__low_overlap__low_clusters,linear,medium_ir,low_overlap,low_clusters
cluster_SMOTE,RandomForest,0.931,0.945,0.958,0.986,ok,smote_variants,10,linear__medium_ir__low_overlap__low_clusters,linear,medium_ir,low_overlap,low_clusters
CBSO,LogisticRegression,0.923,0.929,0.952,0.984,ok,smote_variants,10,linear__medium_ir__low_overlap__low_clusters,linear,medium_ir,low_overlap,low_clusters
CBSO,RandomForest,0.938,0.948,0.961,0.987,ok,smote_variants,10,linear__medium_ir__low_overlap__low_clusters,linear,medium_ir,low_overlap,low_clusters
AHC,LogisticRegression,0.495,0.399,0.663,,ok,smote_variants,10,linear__medium_ir__low_overlap__low_clusters,linear,medium_ir,low_overlap,low_clusters
AHC,RandomForest,0.491,0.397,0.658,,ok,smote_variants,10,linear__medium_ir__low_overlap__low_clusters,linear,medium_ir,low_overlap,low_clusters
DBSMOTE,LogisticRegression,0.942,0.95,0.964,0.986,ok,smote_variants,10,linear__medium_ir__low_overlap__low_clusters,linear,medium_ir,low_overlap,low_clusters
DBSMOTE,RandomForest,0.933,0.947,0.959,0.985,ok,smote_variants,10,linear__medium_ir__low_overlap__low_clusters,linear,medium_ir,low_overlap,low_clusters
MWMOTE,LogisticRegression,0.942,0.95,0.964,0.986,ok,smote_variants,10,linear__medium_ir__low_overlap__low_clusters,linear,medium_ir,low_overlap,low_clusters
MWMOTE,RandomForest,0.933,0.945,0.959,0.986,ok,smote_variants,10,linear__medium_ir__low_overlap__low_clusters,linear,medium_ir,low_overlap,low_clusters
SMOTE,LogisticRegression,0.955,0.951,0.971,0.986,ok,imbalanced_learn,10,linear__medium_ir__low_overlap__low_clusters,linear,medium_ir,low_overlap,low_clusters
SMOTE,RandomForest,0.954,0.964,0.972,0.987,ok,imbalanced_learn,10,linear__medium_ir__low_overlap__low_clusters,linear,medium_ir,low_overlap,low_clusters
BorderlineSMOTE,LogisticRegression,0.948,0.939,0.966,0.986,ok,imbalanced_learn,10,linear__medium_ir__low_overlap__low_clusters,linear,medium_ir,low_overlap,low_clusters
BorderlineSMOTE,RandomForest,0.956,0.964,0.973,0.987,ok,imbalanced_learn,10,linear__medium_ir__low_overlap__low_clusters,linear,medium_ir,low_overlap,low_clusters
SVMSMOTE,LogisticRegression,0.944,0.936,0.964,0.985,ok,imbalanced_learn,10,linear__medium_ir__low_overlap__low_clusters,linear,medium_ir,low_overlap,low_clusters
SVMSMOTE,RandomForest,0.959,0.962,0.975,0.987,ok,imbalanced_learn,10,linear__medium_ir__low_overlap__low_clusters,linear,medium_ir,low_overlap,low_clusters
ADASYN,LogisticRegression,0.932,0.917,0.955,0.985,ok,imbalanced_learn,10,linear__medium_ir__low_overlap__low_clusters,linear,medium_ir,low_overlap,low_clusters
ADASYN,RandomForest,0.953,0.959,0.971,0.989,ok,imbalanced_learn,10,linear__medium_ir__low_overlap__low_clusters,linear,medium_ir,low_overlap,low_clusters
KMeansSMOTE,LogisticRegression,0.949,0.95,0.968,0.986,ok,imbalanced_learn,10,linear__medium_ir__low_overlap__low_clusters,linear,medium_ir,low_overlap,low_clusters
KMeansSMOTE,RandomForest,0.942,0.949,0.964,0.987,ok,imbalanced_learn,10,linear__medium_ir__low_overlap__low_clusters,linear,medium_ir,low_overlap,low_clusters
NoSampler,LogisticRegression,0.672,0.687,0.784,0.901,ok,baseline,11,linear__medium_ir__low_overlap__medium_clusters,linear,medium_ir,low_overlap,medium_clusters
NoSampler,RandomForest,0.854,0.879,0.906,0.98,ok,baseline,11,linear__medium_ir__low_overlap__medium_clusters,linear,medium_ir,low_overlap,medium_clusters
distance_SMOTE,LogisticRegression,0.663,0.676,0.777,0.901,ok,smote_variants,11,linear__medium_ir__low_overlap__medium_clusters,linear,medium_ir,low_overlap,medium_clusters
distance_SMOTE,RandomForest,0.84,0.868,0.898,0.979,ok,smote_variants,11,linear__medium_ir__low_overlap__medium_clusters,linear,medium_ir,low_overlap,medium_clusters
cluster_SMOTE,LogisticRegression,0.664,0.677,0.778,0.9,ok,smote_variants,11,linear__medium_ir__low_overlap__medium_clusters,linear,medium_ir,low_overlap,medium_clusters
cluster_SMOTE,RandomForest,0.837,0.864,0.896,0.978,ok,smote_variants,11,linear__medium_ir__low_overlap__medium_clusters,linear,medium_ir,low_overlap,medium_clusters
CBSO,LogisticRegression,0.654,0.658,0.772,0.894,ok,smote_variants,11,linear__medium_ir__low_overlap__medium_clusters,linear,medium_ir,low_overlap,medium_clusters
CBSO,RandomForest,0.848,0.875,0.902,0.978,ok,smote_variants,11,linear__medium_ir__low_overlap__medium_clusters,linear,medium_ir,low_overlap,medium_clusters
AHC,LogisticRegression,0.444,0.361,0.616,,ok,smote_variants,11,linear__medium_ir__low_overlap__medium_clusters,linear,medium_ir,low_overlap,medium_clusters
AHC,RandomForest,0.47,0.383,0.639,,ok,smote_variants,11,linear__medium_ir__low_overlap__medium_clusters,linear,medium_ir,low_overlap,medium_clusters
DBSMOTE,LogisticRegression,0.655,0.669,0.772,0.9,ok,smote_variants,11,linear__medium_ir__low_overlap__medium_clusters,linear,medium_ir,low_overlap,medium_clusters
DBSMOTE,RandomForest,0.843,0.87,0.9,0.978,ok,smote_variants,11,linear__medium_ir__low_overlap__medium_clusters,linear,medium_ir,low_overlap,medium_clusters
MWMOTE,LogisticRegression,0.66,0.674,0.775,0.901,ok,smote_variants,11,linear__medium_ir__low_overlap__medium_clusters,linear,medium_ir,low_overlap,medium_clusters
MWMOTE,RandomForest,0.844,0.871,0.901,0.979,ok,smote_variants,11,linear__medium_ir__low_overlap__medium_clusters,linear,medium_ir,low_overlap,medium_clusters
SMOTE,LogisticRegression,0.684,0.666,0.785,0.907,ok,imbalanced_learn,11,linear__medium_ir__low_overlap__medium_clusters,linear,medium_ir,low_overlap,medium_clusters
SMOTE,RandomForest,0.869,0.887,0.916,0.981,ok,imbalanced_learn,11,linear__medium_ir__low_overlap__medium_clusters,linear,medium_ir,low_overlap,medium_clusters
BorderlineSMOTE,LogisticRegression,0.668,0.642,0.774,0.89,ok,imbalanced_learn,11,linear__medium_ir__low_overlap__medium_clusters,linear,medium_ir,low_overlap,medium_clusters
BorderlineSMOTE,RandomForest,0.877,0.885,0.922,0.982,ok,imbalanced_learn,11,linear__medium_ir__low_overlap__medium_clusters,linear,medium_ir,low_overlap,medium_clusters
SVMSMOTE,LogisticRegression,0.701,0.67,0.795,0.907,ok,imbalanced_learn,11,linear__medium_ir__low_overlap__medium_clusters,linear,medium_ir,low_overlap,medium_clusters
SVMSMOTE,RandomForest,0.888,0.896,0.928,0.983,ok,imbalanced_learn,11,linear__medium_ir__low_overlap__medium_clusters,linear,medium_ir,low_overlap,medium_clusters
ADASYN,LogisticRegression,0.673,0.647,0.777,0.894,ok,imbalanced_learn,11,linear__medium_ir__low_overlap__medium_clusters,linear,medium_ir,low_overlap,medium_clusters
ADASYN,RandomForest,0.888,0.9,0.928,0.98,ok,imbalanced_learn,11,linear__medium_ir__low_overlap__medium_clusters,linear,medium_ir,low_overlap,medium_clusters
KMeansSMOTE,LogisticRegression,0.697,0.717,0.798,0.882,ok,imbalanced_learn,11,linear__medium_ir__low_overlap__medium_clusters,linear,medium_ir,low_overlap,medium_clusters
KMeansSMOTE,RandomForest,0.837,0.866,0.895,0.979,ok,imbalanced_learn,11,linear__medium_ir__low_overlap__medium_clusters,linear,medium_ir,low_overlap,medium_clusters
NoSampler,LogisticRegression,0.653,0.671,0.763,0.865,ok,baseline,12,linear__medium_ir__low_overlap__high_clusters,linear,medium_ir,low_overlap,high_clusters
NoSampler,RandomForest,0.813,0.836,0.879,0.968,ok,baseline,12,linear__medium_ir__low_overlap__high_clusters,linear,medium_ir,low_overlap,high_clusters
distance_SMOTE,LogisticRegression,0.65,0.66,0.761,0.864,ok,smote_variants,12,linear__medium_ir__low_overlap__high_clusters,linear,medium_ir,low_overlap,high_clusters
distance_SMOTE,RandomForest,0.805,0.829,0.874,0.969,ok,smote_variants,12,linear__medium_ir__low_overlap__high_clusters,linear,medium_ir,low_overlap,high_clusters
cluster_SMOTE,LogisticRegression,0.642,0.652,0.754,0.864,ok,smote_variants,12,linear__medium_ir__low_overlap__high_clusters,linear,medium_ir,low_overlap,high_clusters
cluster_SMOTE,RandomForest,0.806,0.829,0.876,0.969,ok,smote_variants,12,linear__medium_ir__low_overlap__high_clusters,linear,medium_ir,low_overlap,high_clusters
CBSO,LogisticRegression,0.652,0.661,0.762,0.864,ok,smote_variants,12,linear__medium_ir__low_overlap__high_clusters,linear,medium_ir,low_overlap,high_clusters
CBSO,RandomForest,0.797,0.816,0.868,0.967,ok,smote_variants,12,linear__medium_ir__low_overlap__high_clusters,linear,medium_ir,low_overlap,high_clusters
AHC,LogisticRegression,0.391,0.318,0.565,,ok,smote_variants,12,linear__medium_ir__low_overlap__high_clusters,linear,medium_ir,low_overlap,high_clusters
AHC,RandomForest,0.455,0.381,0.622,,ok,smote_variants,12,linear__medium_ir__low_overlap__high_clusters,linear,medium_ir,low_overlap,high_clusters
DBSMOTE,LogisticRegression,0.652,0.663,0.762,0.864,ok,smote_variants,12,linear__medium_ir__low_overlap__high_clusters,linear,medium_ir,low_overlap,high_clusters
DBSMOTE,RandomForest,0.809,0.832,0.876,0.969,ok,smote_variants,12,linear__medium_ir__low_overlap__high_clusters,linear,medium_ir,low_overlap,high_clusters
MWMOTE,LogisticRegression,0.651,0.661,0.761,0.864,ok,smote_variants,12,linear__medium_ir__low_overlap__high_clusters,linear,medium_ir,low_overlap,high_clusters
MWMOTE,RandomForest,0.812,0.835,0.879,0.969,ok,smote_variants,12,linear__medium_ir__low_overlap__high_clusters,linear,medium_ir,low_overlap,high_clusters
SMOTE,LogisticRegression,0.656,0.625,0.761,0.857,ok,imbalanced_learn,12,linear__medium_ir__low_overlap__high_clusters,linear,medium_ir,low_overlap,high_clusters
SMOTE,RandomForest,0.83,0.835,0.889,0.972,ok,imbalanced_learn,12,linear__medium_ir__low_overlap__high_clusters,linear,medium_ir,low_overlap,high_clusters
BorderlineSMOTE,LogisticRegression,0.654,0.614,0.757,0.853,ok,imbalanced_learn,12,linear__medium_ir__low_overlap__high_clusters,linear,medium_ir,low_overlap,high_clusters
BorderlineSMOTE,RandomForest,0.834,0.835,0.892,0.97,ok,imbalanced_learn,12,linear__medium_ir__low_overlap__high_clusters,linear,medium_ir,low_overlap,high_clusters
SVMSMOTE,LogisticRegression,0.649,0.615,0.755,0.858,ok,imbalanced_learn,12,linear__medium_ir__low_overlap__high_clusters,linear,medium_ir,low_overlap,high_clusters
SVMSMOTE,RandomForest,0.842,0.842,0.897,0.969,ok,imbalanced_learn,12,linear__medium_ir__low_overlap__high_clusters,linear,medium_ir,low_overlap,high_clusters
ADASYN,LogisticRegression,0.651,0.608,0.756,0.85,ok,imbalanced_learn,12,linear__medium_ir__low_overlap__high_clusters,linear,medium_ir,low_overlap,high_clusters
ADASYN,RandomForest,0.835,0.83,0.892,0.971,ok,imbalanced_learn,12,linear__medium_ir__low_overlap__high_clusters,linear,medium_ir,low_overlap,high_clusters
KMeansSMOTE,LogisticRegression,,,,,error,imbalanced_learn,12,linear__medium_ir__low_overlap__high_clusters,linear,medium_ir,low_overlap,high_clusters
KMeansSMOTE,RandomForest,,,,,error,imbalanced_learn,12,linear__medium_ir__low_overlap__high_clusters,linear,medium_ir,low_overlap,high_clusters
NoSampler,LogisticRegression,0.782,0.792,0.857,0.958,ok,baseline,13,linear__medium_ir__medium_overlap__low_clusters,linear,medium_ir,medium_overlap,low_clusters
NoSampler,RandomForest,0.859,0.878,0.91,0.983,ok,baseline,13,linear__medium_ir__medium_overlap__low_clusters,linear,medium_ir,medium_overlap,low_clusters
distance_SMOTE,LogisticRegression,0.778,0.783,0.854,0.957,ok,smote_variants,13,linear__medium_ir__medium_overlap__low_clusters,linear,medium_ir,medium_overlap,low_clusters
distance_SMOTE,RandomForest,0.86,0.879,0.911,0.983,ok,smote_variants,13,linear__medium_ir__medium_overlap__low_clusters,linear,medium_ir,medium_overlap,low_clusters
cluster_SMOTE,LogisticRegression,0.778,0.783,0.855,0.957,ok,smote_variants,13,linear__medium_ir__medium_overlap__low_clusters,linear,medium_ir,medium_overlap,low_clusters
cluster_SMOTE,RandomForest,0.845,0.867,0.902,0.984,ok,smote_variants,13,linear__medium_ir__medium_overlap__low_clusters,linear,medium_ir,medium_overlap,low_clusters
CBSO,LogisticRegression,0.784,0.784,0.858,0.956,ok,smote_variants,13,linear__medium_ir__medium_overlap__low_clusters,linear,medium_ir,medium_overlap,low_clusters
CBSO,RandomForest,0.853,0.871,0.907,0.983,ok,smote_variants,13,linear__medium_ir__medium_overlap__low_clusters,linear,medium_ir,medium_overlap,low_clusters
AHC,LogisticRegression,0.471,0.377,0.641,,ok,smote_variants,13,linear__medium_ir__medium_overlap__low_clusters,linear,medium_ir,medium_overlap,low_clusters
AHC,RandomForest,0.483,0.389,0.652,,ok,smote_variants,13,linear__medium_ir__medium_overlap__low_clusters,linear,medium_ir,medium_overlap,low_clusters
DBSMOTE,LogisticRegression,0.773,0.777,0.852,0.956,ok,smote_variants,13,linear__medium_ir__medium_overlap__low_clusters,linear,medium_ir,medium_overlap,low_clusters
DBSMOTE,RandomForest,0.865,0.884,0.915,0.982,ok,smote_variants,13,linear__medium_ir__medium_overlap__low_clusters,linear,medium_ir,medium_overlap,low_clusters
MWMOTE,LogisticRegression,0.778,0.78,0.855,0.956,ok,smote_variants,13,linear__medium_ir__medium_overlap__low_clusters,linear,medium_ir,medium_overlap,low_clusters
MWMOTE,RandomForest,0.86,0.88,0.912,0.982,ok,smote_variants,13,linear__medium_ir__medium_overlap__low_clusters,linear,medium_ir,medium_overlap,low_clusters
SMOTE,LogisticRegression,0.845,0.821,0.895,0.958,ok,imbalanced_learn,13,linear__medium_ir__medium_overlap__low_clusters,linear,medium_ir,medium_overlap,low_clusters
SMOTE,RandomForest,0.911,0.91,0.942,0.984,ok,imbalanced_learn,13,linear__medium_ir__medium_overlap__low_clusters,linear,medium_ir,medium_overlap,low_clusters
BorderlineSMOTE,LogisticRegression,0.835,0.801,0.886,0.953,ok,imbalanced_learn,13,linear__medium_ir__medium_overlap__low_clusters,linear,medium_ir,medium_overlap,low_clusters
BorderlineSMOTE,RandomForest,0.916,0.915,0.945,0.984,ok,imbalanced_learn,13,linear__medium_ir__medium_overlap__low_clusters,linear,medium_ir,medium_overlap,low_clusters
SVMSMOTE,LogisticRegression,0.821,0.79,0.878,0.955,ok,imbalanced_learn,13,linear__medium_ir__medium_overlap__low_clusters,linear,medium_ir,medium_overlap,low_clusters
SVMSMOTE,RandomForest,0.919,0.916,0.947,0.985,ok,imbalanced_learn,13,linear__medium_ir__medium_overlap__low_clusters,linear,medium_ir,medium_overlap,low_clusters
ADASYN,LogisticRegression,0.846,0.814,0.894,0.955,ok,imbalanced_learn,13,linear__medium_ir__medium_overlap__low_clusters,linear,medium_ir,medium_overlap,low_clusters
ADASYN,RandomForest,0.915,0.916,0.945,0.984,ok,imbalanced_learn,13,linear__medium_ir__medium_overlap__low_clusters,linear,medium_ir,medium_overlap,low_clusters
KMeansSMOTE,LogisticRegression,,,,,error,imbalanced_learn,13,linear__medium_ir__medium_overlap__low_clusters,linear,medium_ir,medium_overlap,low_clusters
KMeansSMOTE,RandomForest,,,,,error,imbalanced_learn,13,linear__medium_ir__medium_overlap__low_clusters,linear,medium_ir,medium_overlap,low_clusters
NoSampler,LogisticRegression,0.562,0.561,0.703,0.857,ok,baseline,14,linear__medium_ir__medium_overlap__medium_clusters,linear,medium_ir,medium_overlap,medium_clusters
NoSampler,RandomForest,0.713,0.743,0.812,0.949,ok,baseline,14,linear__medium_ir__medium_overlap__medium_clusters,linear,medium_ir,medium_overlap,medium_clusters
distance_SMOTE,LogisticRegression,0.559,0.552,0.701,0.857,ok,smote_variants,14,linear__medium_ir__medium_overlap__medium_clusters,linear,medium_ir,medium_overlap,medium_clusters
distance_SMOTE,RandomForest,0.695,0.719,0.8,0.949,ok,smote_variants,14,linear__medium_ir__medium_overlap__medium_clusters,linear,medium_ir,medium_overlap,medium_clusters
cluster_SMOTE,LogisticRegression,0.567,0.56,0.707,0.856,ok,smote_variants,14,linear__medium_ir__medium_overlap__medium_clusters,linear,medium_ir,medium_overlap,medium_clusters
cluster_SMOTE,RandomForest,0.699,0.722,0.802,0.952,ok,smote_variants,14,linear__medium_ir__medium_overlap__medium_clusters,linear,medium_ir,medium_overlap,medium_clusters
CBSO,LogisticRegression,0.571,0.56,0.71,0.855,ok,smote_variants,14,linear__medium_ir__medium_overlap__medium_clusters,linear,medium_ir,medium_overlap,medium_clusters
CBSO,RandomForest,0.7,0.722,0.804,0.949,ok,smote_variants,14,linear__medium_ir__medium_overlap__medium_clusters,linear,medium_ir,medium_overlap,medium_clusters
AHC,LogisticRegression,0.446,0.365,0.615,,ok,smote_variants,14,linear__medium_ir__medium_overlap__medium_clusters,linear,medium_ir,medium_overlap,medium_clusters
AHC,RandomForest,0.46,0.385,0.626,,ok,smote_variants,14,linear__medium_ir__medium_overlap__medium_clusters,linear,medium_ir,medium_overlap,medium_clusters
DBSMOTE,LogisticRegression,0.563,0.555,0.704,0.856,ok,smote_variants,14,linear__medium_ir__medium_overlap__medium_clusters,linear,medium_ir,medium_overlap,medium_clusters
DBSMOTE,RandomForest,0.698,0.721,0.803,0.951,ok,smote_variants,14,linear__medium_ir__medium_overlap__medium_clusters,linear,medium_ir,medium_overlap,medium_clusters
MWMOTE,LogisticRegression,0.565,0.556,0.706,0.855,ok,smote_variants,14,linear__medium_ir__medium_overlap__medium_clusters,linear,medium_ir,medium_overlap,medium_clusters
MWMOTE,RandomForest,0.704,0.726,0.807,0.948,ok,smote_variants,14,linear__medium_ir__medium_overlap__medium_clusters,linear,medium_ir,medium_overlap,medium_clusters
SMOTE,LogisticRegression,0.636,0.609,0.747,0.857,ok,imbalanced_learn,14,linear__medium_ir__medium_overlap__medium_clusters,linear,medium_ir,medium_overlap,medium_clusters
SMOTE,RandomForest,0.775,0.78,0.85,0.954,ok,imbalanced_learn,14,linear__medium_ir__medium_overlap__medium_clusters,linear,medium_ir,medium_overlap,medium_clusters
BorderlineSMOTE,LogisticRegression,0.586,0.557,0.713,0.831,ok,imbalanced_learn,14,linear__medium_ir__medium_overlap__medium_clusters,linear,medium_ir,medium_overlap,medium_clusters
BorderlineSMOTE,RandomForest,0.805,0.806,0.869,0.956,ok,imbalanced_learn,14,linear__medium_ir__medium_overlap__medium_clusters,linear,medium_ir,medium_overlap,medium_clusters
SVMSMOTE,LogisticRegression,0.617,0.592,0.735,0.848,ok,imbalanced_learn,14,linear__medium_ir__medium_overlap__medium_clusters,linear,medium_ir,medium_overlap,medium_clusters
SVMSMOTE,RandomForest,0.772,0.782,0.849,0.957,ok,imbalanced_learn,14,linear__medium_ir__medium_overlap__medium_clusters,linear,medium_ir,medium_overlap,medium_clusters
ADASYN,LogisticRegression,0.607,0.582,0.728,0.844,ok,imbalanced_learn,14,linear__medium_ir__medium_overlap__medium_clusters,linear,medium_ir,medium_overlap,medium_clusters
ADASYN,RandomForest,0.798,0.806,0.865,0.959,ok,imbalanced_learn,14,linear__medium_ir__medium_overlap__medium_clusters,linear,medium_ir,medium_overlap,medium_clusters
KMeansSMOTE,LogisticRegression,0.609,0.6,0.732,0.837,ok,imbalanced_learn,14,linear__medium_ir__medium_overlap__medium_clusters,linear,medium_ir,medium_overlap,medium_clusters
KMeansSMOTE,RandomForest,0.704,0.724,0.805,0.945,ok,imbalanced_learn,14,linear__medium_ir__medium_overlap__medium_clusters,linear,medium_ir,medium_overlap,medium_clusters
NoSampler,LogisticRegression,0.482,0.491,0.638,0.796,ok,baseline,15,linear__medium_ir__medium_overlap__high_clusters,linear,medium_ir,medium_overlap,high_clusters
NoSampler,RandomForest,0.637,0.659,0.756,0.909,ok,baseline,15,linear__medium_ir__medium_overlap__high_clusters,linear,medium_ir,medium_overlap,high_clusters
distance_SMOTE,LogisticRegression,0.472,0.471,0.631,0.795,ok,smote_variants,15,linear__medium_ir__medium_overlap__high_clusters,linear,medium_ir,medium_overlap,high_clusters
distance_SMOTE,RandomForest,0.631,0.649,0.751,0.908,ok,smote_variants,15,linear__medium_ir__medium_overlap__high_clusters,linear,medium_ir,medium_overlap,high_clusters
cluster_SMOTE,LogisticRegression,0.482,0.477,0.639,0.797,ok,smote_variants,15,linear__medium_ir__medium_overlap__high_clusters,linear,medium_ir,medium_overlap,high_clusters
cluster_SMOTE,RandomForest,0.651,0.67,0.766,0.912,ok,smote_variants,15,linear__medium_ir__medium_overlap__high_clusters,linear,medium_ir,medium_overlap,high_clusters
CBSO,LogisticRegression,0.466,0.459,0.626,0.795,ok,smote_variants,15,linear__medium_ir__medium_overlap__high_clusters,linear,medium_ir,medium_overlap,high_clusters
CBSO,RandomForest,0.619,0.633,0.743,0.902,ok,smote_variants,15,linear__medium_ir__medium_overlap__high_clusters,linear,medium_ir,medium_overlap,high_clusters
AHC,LogisticRegression,0.377,0.304,0.554,,ok,smote_variants,15,linear__medium_ir__medium_overlap__high_clusters,linear,medium_ir,medium_overlap,high_clusters
AHC,RandomForest,0.441,0.36,0.612,,ok,smote_variants,15,linear__medium_ir__medium_overlap__high_clusters,linear,medium_ir,medium_overlap,high_clusters
DBSMOTE,LogisticRegression,0.465,0.457,0.626,0.796,ok,smote_variants,15,linear__medium_ir__medium_overlap__high_clusters,linear,medium_ir,medium_overlap,high_clusters
DBSMOTE,RandomForest,0.64,0.663,0.758,0.91,ok,smote_variants,15,linear__medium_ir__medium_overlap__high_clusters,linear,medium_ir,medium_overlap,high_clusters
MWMOTE,LogisticRegression,0.469,0.466,0.628,0.795,ok,smote_variants,15,linear__medium_ir__medium_overlap__high_clusters,linear,medium_ir,medium_overlap,high_clusters
MWMOTE,RandomForest,0.635,0.654,0.753,0.907,ok,smote_variants,15,linear__medium_ir__medium_overlap__high_clusters,linear,medium_ir,medium_overlap,high_clusters
SMOTE,LogisticRegression,0.534,0.5,0.671,0.798,ok,imbalanced_learn,15,linear__medium_ir__medium_overlap__high_clusters,linear,medium_ir,medium_overlap,high_clusters
SMOTE,RandomForest,0.697,0.698,0.795,0.912,ok,imbalanced_learn,15,linear__medium_ir__medium_overlap__high_clusters,linear,medium_ir,medium_overlap,high_clusters
BorderlineSMOTE,LogisticRegression,0.524,0.494,0.664,0.796,ok,imbalanced_learn,15,linear__medium_ir__medium_overlap__high_clusters,linear,medium_ir,medium_overlap,high_clusters
BorderlineSMOTE,RandomForest,0.69,0.692,0.791,0.912,ok,imbalanced_learn,15,linear__medium_ir__medium_overlap__high_clusters,linear,medium_ir,medium_overlap,high_clusters
SVMSMOTE,LogisticRegression,0.519,0.489,0.66,0.79,ok,imbalanced_learn,15,linear__medium_ir__medium_overlap__high_clusters,linear,medium_ir,medium_overlap,high_clusters
SVMSMOTE,RandomForest,0.684,0.681,0.786,0.912,ok,imbalanced_learn,15,linear__medium_ir__medium_overlap__high_clusters,linear,medium_ir,medium_overlap,high_clusters
ADASYN,LogisticRegression,0.533,0.502,0.671,0.797,ok,imbalanced_learn,15,linear__medium_ir__medium_overlap__high_clusters,linear,medium_ir,medium_overlap,high_clusters
ADASYN,RandomForest,0.683,0.684,0.785,0.914,ok,imbalanced_learn,15,linear__medium_ir__medium_overlap__high_clusters,linear,medium_ir,medium_overlap,high_clusters
KMeansSMOTE,LogisticRegression,,,,,error,imbalanced_learn,15,linear__medium_ir__medium_overlap__high_clusters,linear,medium_ir,medium_overlap,high_clusters
KMeansSMOTE,RandomForest,,,,,error,imbalanced_learn,15,linear__medium_ir__medium_overlap__high_clusters,linear,medium_ir,medium_overlap,high_clusters
NoSampler,LogisticRegression,0.62,0.635,0.747,0.872,ok,baseline,16,linear__medium_ir__high_overlap__low_clusters,linear,medium_ir,high_overlap,low_clusters
NoSampler,RandomForest,0.801,0.826,0.874,0.974,ok,baseline,16,linear__medium_ir__high_overlap__low_clusters,linear,medium_ir,high_overlap,low_clusters
distance_SMOTE,LogisticRegression,0.604,0.61,0.737,0.87,ok,smote_variants,16,linear__medium_ir__high_overlap__low_clusters,linear,medium_ir,high_overlap,low_clusters
distance_SMOTE,RandomForest,0.784,0.807,0.864,0.973,ok,smote_variants,16,linear__medium_ir__high_overlap__low_clusters,linear,medium_ir,high_overlap,low_clusters
cluster_SMOTE,LogisticRegression,0.596,0.599,0.732,0.87,ok,smote_variants,16,linear__medium_ir__high_overlap__low_clusters,linear,medium_ir,high_overlap,low_clusters
cluster_SMOTE,RandomForest,0.784,0.811,0.864,0.973,ok,smote_variants,16,linear__medium_ir__high_overlap__low_clusters,linear,medium_ir,high_overlap,low_clusters
CBSO,LogisticRegression,0.606,0.613,0.739,0.87,ok,smote_variants,16,linear__medium_ir__high_overlap__low_clusters,linear,medium_ir,high_overlap,low_clusters
CBSO,RandomForest,0.77,0.79,0.855,0.972,ok,smote_variants,16,linear__medium_ir__high_overlap__low_clusters,linear,medium_ir,high_overlap,low_clusters
AHC,LogisticRegression,0.46,0.37,0.63,,ok,smote_variants,16,linear__medium_ir__high_overlap__low_clusters,linear,medium_ir,high_overlap,low_clusters
AHC,RandomForest,0.483,0.396,0.648,,ok,smote_variants,16,linear__medium_ir__high_overlap__low_clusters,linear,medium_ir,high_overlap,low_clusters
DBSMOTE,LogisticRegression,0.595,0.597,0.731,0.871,ok,smote_variants,16,linear__medium_ir__high_overlap__low_clusters,linear,medium_ir,high_overlap,low_clusters
DBSMOTE,RandomForest,0.786,0.81,0.865,0.974,ok,smote_variants,16,linear__medium_ir__high_overlap__low_clusters,linear,medium_ir,high_overlap,low_clusters
MWMOTE,LogisticRegression,0.604,0.61,0.737,0.869,ok,smote_variants,16,linear__medium_ir__high_overlap__low_clusters,linear,medium_ir,high_overlap,low_clusters
MWMOTE,RandomForest,0.773,0.796,0.856,0.973,ok,smote_variants,16,linear__medium_ir__high_overlap__low_clusters,linear,medium_ir,high_overlap,low_clusters
SMOTE,LogisticRegression,0.649,0.628,0.763,0.865,ok,imbalanced_learn,16,linear__medium_ir__high_overlap__low_clusters,linear,medium_ir,high_overlap,low_clusters
SMOTE,RandomForest,0.849,0.851,0.904,0.977,ok,imbalanced_learn,16,linear__medium_ir__high_overlap__low_clusters,linear,medium_ir,high_overlap,low_clusters
BorderlineSMOTE,LogisticRegression,0.625,0.604,0.747,0.86,ok,imbalanced_learn,16,linear__medium_ir__high_overlap__low_clusters,linear,medium_ir,high_overlap,low_clusters
BorderlineSMOTE,RandomForest,0.872,0.872,0.918,0.979,ok,imbalanced_learn,16,linear__medium_ir__high_overlap__low_clusters,linear,medium_ir,high_overlap,low_clusters
SVMSMOTE,LogisticRegression,0.627,0.603,0.747,0.86,ok,imbalanced_learn,16,linear__medium_ir__high_overlap__low_clusters,linear,medium_ir,high_overlap,low_clusters
SVMSMOTE,RandomForest,0.86,0.869,0.912,0.98,ok,imbalanced_learn,16,linear__medium_ir__high_overlap__low_clusters,linear,medium_ir,high_overlap,low_clusters
ADASYN,LogisticRegression,0.633,0.613,0.752,0.859,ok,imbalanced_learn,16,linear__medium_ir__high_overlap__low_clusters,linear,medium_ir,high_overlap,low_clusters
ADASYN,RandomForest,0.873,0.867,0.919,0.975,ok,imbalanced_learn,16,linear__medium_ir__high_overlap__low_clusters,linear,medium_ir,high_overlap,low_clusters
KMeansSMOTE,LogisticRegression,,,,,error,imbalanced_learn,16,linear__medium_ir__high_overlap__low_clusters,linear,medium_ir,high_overlap,low_clusters
KMeansSMOTE,RandomForest,,,,,error,imbalanced_learn,16,linear__medium_ir__high_overlap__low_clusters,linear,medium_ir,high_overlap,low_clusters
NoSampler,LogisticRegression,0.373,0.364,0.547,0.726,ok,baseline,17,linear__medium_ir__high_overlap__medium_clusters,linear,medium_ir,high_overlap,medium_clusters
NoSampler,RandomForest,0.55,0.579,0.691,0.891,ok,baseline,17,linear__medium_ir__high_overlap__medium_clusters,linear,medium_ir,high_overlap,medium_clusters
distance_SMOTE,LogisticRegression,0.374,0.349,0.548,0.725,ok,smote_variants,17,linear__medium_ir__high_overlap__medium_clusters,linear,medium_ir,high_overlap,medium_clusters
distance_SMOTE,RandomForest,0.577,0.601,0.713,0.885,ok,smote_variants,17,linear__medium_ir__high_overlap__medium_clusters,linear,medium_ir,high_overlap,medium_clusters
cluster_SMOTE,LogisticRegression,0.379,0.348,0.553,0.725,ok,smote_variants,17,linear__medium_ir__high_overlap__medium_clusters,linear,medium_ir,high_overlap,medium_clusters
cluster_SMOTE,RandomForest,0.583,0.606,0.717,0.89,ok,smote_variants,17,linear__medium_ir__high_overlap__medium_clusters,linear,medium_ir,high_overlap,medium_clusters
CBSO,LogisticRegression,0.37,0.339,0.545,0.724,ok,smote_variants,17,linear__medium_ir__high_overlap__medium_clusters,linear,medium_ir,high_overlap,medium_clusters
CBSO,RandomForest,0.576,0.592,0.713,0.882,ok,smote_variants,17,linear__medium_ir__high_overlap__medium_clusters,linear,medium_ir,high_overlap,medium_clusters
AHC,LogisticRegression,0.346,0.277,0.525,,ok,smote_variants,17,linear__medium_ir__high_overlap__medium_clusters,linear,medium_ir,high_overlap,medium_clusters
AHC,RandomForest,0.416,0.344,0.589,,ok,smote_variants,17,linear__medium_ir__high_overlap__medium_clusters,linear,medium_ir,high_overlap,medium_clusters
DBSMOTE,LogisticRegression,0.363,0.326,0.54,0.724,ok,smote_variants,17,linear__medium_ir__high_overlap__medium_clusters,linear,medium_ir,high_overlap,medium_clusters
DBSMOTE,RandomForest,0.578,0.605,0.713,0.893,ok,smote_variants,17,linear__medium_ir__high_overlap__medium_clusters,linear,medium_ir,high_overlap,medium_clusters
MWMOTE,LogisticRegression,0.374,0.347,0.548,0.725,ok,smote_variants,17,linear__medium_ir__high_overlap__medium_clusters,linear,medium_ir,high_overlap,medium_clusters
MWMOTE,RandomForest,0.585,0.605,0.72,0.895,ok,smote_variants,17,linear__medium_ir__high_overlap__medium_clusters,linear,medium_ir,high_overlap,medium_clusters
SMOTE,LogisticRegression,0.433,0.398,0.591,0.719,ok,imbalanced_learn,17,linear__medium_ir__high_overlap__medium_clusters,linear,medium_ir,high_overlap,medium_clusters
SMOTE,RandomForest,0.682,0.699,0.785,0.909,ok,imbalanced_learn,17,linear__medium_ir__high_overlap__medium_clusters,linear,medium_ir,high_overlap,medium_clusters
BorderlineSMOTE,LogisticRegression,0.432,0.391,0.589,0.713,ok,imbalanced_learn,17,linear__medium_ir__high_overlap__medium_clusters,linear,medium_ir,high_overlap,medium_clusters
BorderlineSMOTE,RandomForest,0.702,0.708,0.801,0.908,ok,imbalanced_learn,17,linear__medium_ir__high_overlap__medium_clusters,linear,medium_ir,high_overlap,medium_clusters
SVMSMOTE,LogisticRegression,0.426,0.398,0.586,0.714,ok,imbalanced_learn,17,linear__medium_ir__high_overlap__medium_clusters,linear,medium_ir,high_overlap,medium_clusters
SVMSMOTE,RandomForest,0.677,0.691,0.783,0.904,ok,imbalanced_learn,17,linear__medium_ir__high_overlap__medium_clusters,linear,medium_ir,high_overlap,medium_clusters
ADASYN,LogisticRegression,0.461,0.408,0.612,0.718,ok,imbalanced_learn,17,linear__medium_ir__high_overlap__medium_clusters,linear,medium_ir,high_overlap,medium_clusters
ADASYN,RandomForest,0.7,0.708,0.798,0.911,ok,imbalanced_learn,17,linear__medium_ir__high_overlap__medium_clusters,linear,medium_ir,high_overlap,medium_clusters
KMeansSMOTE,LogisticRegression,,,,,error,imbalanced_learn,17,linear__medium_ir__high_overlap__medium_clusters,linear,medium_ir,high_overlap,medium_clusters
KMeansSMOTE,RandomForest,,,,,error,imbalanced_learn,17,linear__medium_ir__high_overlap__medium_clusters,linear,medium_ir,high_overlap,medium_clusters
NoSampler,LogisticRegression,0.403,0.408,0.573,0.719,ok,baseline,18,linear__medium_ir__high_overlap__high_clusters,linear,medium_ir,high_overlap,high_clusters
NoSampler,RandomForest,0.553,0.562,0.694,0.863,ok,baseline,18,linear__medium_ir__high_overlap__high_clusters,linear,medium_ir,high_overlap,high_clusters
distance_SMOTE,LogisticRegression,0.394,0.379,0.565,0.715,ok,smote_variants,18,linear__medium_ir__high_overlap__high_clusters,linear,medium_ir,high_overlap,high_clusters
distance_SMOTE,RandomForest,0.532,0.528,0.679,0.848,ok,smote_variants,18,linear__medium_ir__high_overlap__high_clusters,linear,medium_ir,high_overlap,high_clusters
cluster_SMOTE,LogisticRegression,0.39,0.371,0.561,0.715,ok,smote_variants,18,linear__medium_ir__high_overlap__high_clusters,linear,medium_ir,high_overlap,high_clusters
cluster_SMOTE,RandomForest,0.535,0.532,0.682,0.864,ok,smote_variants,18,linear__medium_ir__high_overlap__high_clusters,linear,medium_ir,high_overlap,high_clusters
CBSO,LogisticRegression,0.398,0.379,0.568,0.716,ok,smote_variants,18,linear__medium_ir__high_overlap__high_clusters,linear,medium_ir,high_overlap,high_clusters
CBSO,RandomForest,0.545,0.543,0.688,0.848,ok,smote_variants,18,linear__medium_ir__high_overlap__high_clusters,linear,medium_ir,high_overlap,high_clusters
AHC,LogisticRegression,0.348,0.276,0.527,,ok,smote_variants,18,linear__medium_ir__high_overlap__high_clusters,linear,medium_ir,high_overlap,high_clusters
AHC,RandomForest,0.397,0.324,0.571,,ok,smote_variants,18,linear__medium_ir__high_overlap__high_clusters,linear,medium_ir,high_overlap,high_clusters
DBSMOTE,LogisticRegression,0.394,0.373,0.565,0.717,ok,smote_variants,18,linear__medium_ir__high_overlap__high_clusters,linear,medium_ir,high_overlap,high_clusters
DBSMOTE,RandomForest,0.546,0.552,0.689,0.859,ok,smote_variants,18,linear__medium_ir__high_overlap__high_clusters,linear,medium_ir,high_overlap,high_clusters
MWMOTE,LogisticRegression,0.396,0.377,0.567,0.714,ok,smote_variants,18,linear__medium_ir__high_overlap__high_clusters,linear,medium_ir,high_overlap,high_clusters
MWMOTE,RandomForest,0.549,0.549,0.691,0.852,ok,smote_variants,18,linear__medium_ir__high_overlap__high_clusters,linear,medium_ir,high_overlap,high_clusters
SMOTE,LogisticRegression,0.446,0.41,0.603,0.712,ok,imbalanced_learn,18,linear__medium_ir__high_overlap__high_clusters,linear,medium_ir,high_overlap,high_clusters
SMOTE,RandomForest,0.609,0.606,0.733,0.863,ok,imbalanced_learn,18,linear__medium_ir__high_overlap__high_clusters,linear,medium_ir,high_overlap,high_clusters
BorderlineSMOTE,LogisticRegression,0.436,0.4,0.594,0.71,ok,imbalanced_learn,18,linear__medium_ir__high_overlap__high_clusters,linear,medium_ir,high_overlap,high_clusters
BorderlineSMOTE,RandomForest,0.618,0.618,0.739,0.851,ok,imbalanced_learn,18,linear__medium_ir__high_overlap__high_clusters,linear,medium_ir,high_overlap,high_clusters
SVMSMOTE,LogisticRegression,0.45,0.429,0.607,0.701,ok,imbalanced_learn,18,linear__medium_ir__high_overlap__high_clusters,linear,medium_ir,high_overlap,high_clusters
SVMSMOTE,RandomForest,0.588,0.591,0.718,0.86,ok,imbalanced_learn,18,linear__medium_ir__high_overlap__high_clusters,linear,medium_ir,high_overlap,high_clusters
ADASYN,LogisticRegression,0.437,0.398,0.595,0.715,ok,imbalanced_learn,18,linear__medium_ir__high_overlap__high_clusters,linear,medium_ir,high_overlap,high_clusters
ADASYN,RandomForest,0.64,0.636,0.755,0.862,ok,imbalanced_learn,18,linear__medium_ir__high_overlap__high_clusters,linear,medium_ir,high_overlap,high_clusters
KMeansSMOTE,LogisticRegression,0.478,0.458,0.628,0.706,ok,imbalanced_learn,18,linear__medium_ir__high_overlap__high_clusters,linear,medium_ir,high_overlap,high_clusters
KMeansSMOTE,RandomForest,0.558,0.558,0.697,0.839,ok,imbalanced_learn,18,linear__medium_ir__high_overlap__high_clusters,linear,medium_ir,high_overlap,high_clusters
NoSampler,LogisticRegression,0.893,0.898,0.926,0.975,ok,baseline,19,linear__high_ir__low_overlap__low_clusters,linear,high_ir,low_overlap,low_clusters
NoSampler,RandomForest,0.937,0.95,0.958,0.983,ok,baseline,19,linear__high_ir__low_overlap__low_clusters,linear,high_ir,low_overlap,low_clusters
distance_SMOTE,LogisticRegression,0.902,0.902,0.934,0.975,ok,smote_variants,19,linear__high_ir__low_overlap__low_clusters,linear,high_ir,low_overlap,low_clusters
distance_SMOTE,RandomForest,0.941,0.955,0.961,0.983,ok,smote_variants,19,linear__high_ir__low_overlap__low_clusters,linear,high_ir,low_overlap,low_clusters
cluster_SMOTE,LogisticRegression,0.901,0.9,0.933,0.975,ok,smote_variants,19,linear__high_ir__low_overlap__low_clusters,linear,high_ir,low_overlap,low_clusters
cluster_SMOTE,RandomForest,0.94,0.95,0.96,0.982,ok,smote_variants,19,linear__high_ir__low_overlap__low_clusters,linear,high_ir,low_overlap,low_clusters
CBSO,LogisticRegression,0.908,0.905,0.937,0.974,ok,smote_variants,19,linear__high_ir__low_overlap__low_clusters,linear,high_ir,low_overlap,low_clusters
CBSO,RandomForest,0.936,0.943,0.957,0.983,ok,smote_variants,19,linear__high_ir__low_overlap__low_clusters,linear,high_ir,low_overlap,low_clusters
AHC,LogisticRegression,0.462,0.397,0.647,,ok,smote_variants,19,linear__high_ir__low_overlap__low_clusters,linear,high_ir,low_overlap,low_clusters
AHC,RandomForest,0.476,0.416,0.655,,ok,smote_variants,19,linear__high_ir__low_overlap__low_clusters,linear,high_ir,low_overlap,low_clusters
DBSMOTE,LogisticRegression,0.907,0.905,0.937,0.975,ok,smote_variants,19,linear__high_ir__low_overlap__low_clusters,linear,high_ir,low_overlap,low_clusters
DBSMOTE,RandomForest,0.938,0.95,0.959,0.984,ok,smote_variants,19,linear__high_ir__low_overlap__low_clusters,linear,high_ir,low_overlap,low_clusters
MWMOTE,LogisticRegression,0.898,0.897,0.931,0.974,ok,smote_variants,19,linear__high_ir__low_overlap__low_clusters,linear,high_ir,low_overlap,low_clusters
MWMOTE,RandomForest,0.93,0.941,0.954,0.981,ok,smote_variants,19,linear__high_ir__low_overlap__low_clusters,linear,high_ir,low_overlap,low_clusters
SMOTE,LogisticRegression,0.916,0.877,0.94,0.973,ok,imbalanced_learn,19,linear__high_ir__low_overlap__low_clusters,linear,high_ir,low_overlap,low_clusters
SMOTE,RandomForest,0.946,0.95,0.963,0.986,ok,imbalanced_learn,19,linear__high_ir__low_overlap__low_clusters,linear,high_ir,low_overlap,low_clusters
BorderlineSMOTE,LogisticRegression,0.89,0.849,0.924,0.968,ok,imbalanced_learn,19,linear__high_ir__low_overlap__low_clusters,linear,high_ir,low_overlap,low_clusters
BorderlineSMOTE,RandomForest,0.938,0.938,0.959,0.984,ok,imbalanced_learn,19,linear__high_ir__low_overlap__low_clusters,linear,high_ir,low_overlap,low_clusters
SVMSMOTE,LogisticRegression,0.916,0.868,0.94,0.971,ok,imbalanced_learn,19,linear__high_ir__low_overlap__low_clusters,linear,high_ir,low_overlap,low_clusters
SVMSMOTE,RandomForest,0.945,0.94,0.963,0.984,ok,imbalanced_learn,19,linear__high_ir__low_overlap__low_clusters,linear,high_ir,low_overlap,low_clusters
ADASYN,LogisticRegression,0.899,0.843,0.929,0.967,ok,imbalanced_learn,19,linear__high_ir__low_overlap__low_clusters,linear,high_ir,low_overlap,low_clusters
ADASYN,RandomForest,0.921,0.931,0.949,0.98,ok,imbalanced_learn,19,linear__high_ir__low_overlap__low_clusters,linear,high_ir,low_overlap,low_clusters
KMeansSMOTE,LogisticRegression,0.905,0.892,0.934,0.974,ok,imbalanced_learn,19,linear__high_ir__low_overlap__low_clusters,linear,high_ir,low_overlap,low_clusters
KMeansSMOTE,RandomForest,0.937,0.943,0.959,0.985,ok,imbalanced_learn,19,linear__high_ir__low_overlap__low_clusters,linear,high_ir,low_overlap,low_clusters
NoSampler,LogisticRegression,0.757,0.77,0.842,0.95,ok,baseline,20,linear__high_ir__low_overlap__medium_clusters,linear,high_ir,low_overlap,medium_clusters
NoSampler,RandomForest,0.756,0.786,0.852,0.983,ok,baseline,20,linear__high_ir__low_overlap__medium_clusters,linear,high_ir,low_overlap,medium_clusters
distance_SMOTE,LogisticRegression,0.729,0.746,0.828,0.948,ok,smote_variants,20,linear__high_ir__low_overlap__medium_clusters,linear,high_ir,low_overlap,medium_clusters
distance_SMOTE,RandomForest,0.766,0.797,0.86,0.981,ok,smote_variants,20,linear__high_ir__low_overlap__medium_clusters,linear,high_ir,low_overlap,medium_clusters
cluster_SMOTE,LogisticRegression,0.735,0.757,0.831,0.948,ok,smote_variants,20,linear__high_ir__low_overlap__medium_clusters,linear,high_ir,low_overlap,medium_clusters
cluster_SMOTE,RandomForest,0.761,0.789,0.857,0.981,ok,smote_variants,20,linear__high_ir__low_overlap__medium_clusters,linear,high_ir,low_overlap,medium_clusters
CBSO,LogisticRegression,0.706,0.724,0.812,0.948,ok,smote_variants,20,linear__high_ir__low_overlap__medium_clusters,linear,high_ir,low_overlap,medium_clusters
CBSO,RandomForest,0.754,0.779,0.853,0.981,ok,smote_variants,20,linear__high_ir__low_overlap__medium_clusters,linear,high_ir,low_overlap,medium_clusters
AHC,LogisticRegression,0.457,0.399,0.635,,ok,smote_variants,20,linear__high_ir__low_overlap__medium_clusters,linear,high_ir,low_overlap,medium_clusters
AHC,RandomForest,0.484,0.422,0.661,,ok,smote_variants,20,linear__high_ir__low_overlap__medium_clusters,linear,high_ir,low_overlap,medium_clusters
DBSMOTE,LogisticRegression,0.711,0.732,0.816,0.948,ok,smote_variants,20,linear__high_ir__low_overlap__medium_clusters,linear,high_ir,low_overlap,medium_clusters
DBSMOTE,RandomForest,0.756,0.786,0.853,0.976,ok,smote_variants,20,linear__high_ir__low_overlap__medium_clusters,linear,high_ir,low_overlap,medium_clusters
MWMOTE,LogisticRegression,0.73,0.75,0.827,0.948,ok,smote_variants,20,linear__high_ir__low_overlap__medium_clusters,linear,high_ir,low_overlap,medium_clusters
MWMOTE,RandomForest,0.772,0.804,0.864,0.982,ok,smote_variants,20,linear__high_ir__low_overlap__medium_clusters,linear,high_ir,low_overlap,medium_clusters
SMOTE,LogisticRegression,0.772,0.711,0.85,0.945,ok,imbalanced_learn,20,linear__high_ir__low_overlap__medium_clusters,linear,high_ir,low_overlap,medium_clusters
SMOTE,RandomForest,0.887,0.897,0.93,0.984,ok,imbalanced_learn,20,linear__high_ir__low_overlap__medium_clusters,linear,high_ir,low_overlap,medium_clusters
BorderlineSMOTE,LogisticRegression,0.761,0.699,0.841,0.94,ok,imbalanced_learn,20,linear__high_ir__low_overlap__medium_clusters,linear,high_ir,low_overlap,medium_clusters
BorderlineSMOTE,RandomForest,0.894,0.906,0.935,0.988,ok,imbalanced_learn,20,linear__high_ir__low_overlap__medium_clusters,linear,high_ir,low_overlap,medium_clusters
SVMSMOTE,LogisticRegression,0.758,0.697,0.838,0.944,ok,imbalanced_learn,20,linear__high_ir__low_overlap__medium_clusters,linear,high_ir,low_overlap,medium_clusters
SVMSMOTE,RandomForest,0.856,0.87,0.913,0.985,ok,imbalanced_learn,20,linear__high_ir__low_overlap__medium_clusters,linear,high_ir,low_overlap,medium_clusters
ADASYN,LogisticRegression,0.76,0.694,0.841,0.939,ok,imbalanced_learn,20,linear__high_ir__low_overlap__medium_clusters,linear,high_ir,low_overlap,medium_clusters
ADASYN,RandomForest,0.865,0.878,0.918,0.982,ok,imbalanced_learn,20,linear__high_ir__low_overlap__medium_clusters,linear,high_ir,low_overlap,medium_clusters
KMeansSMOTE,LogisticRegression,,,,,error,imbalanced_learn,20,linear__high_ir__low_overlap__medium_clusters,linear,high_ir,low_overlap,medium_clusters
KMeansSMOTE,RandomForest,,,,,error,imbalanced_learn,20,linear__high_ir__low_overlap__medium_clusters,linear,high_ir,low_overlap,medium_clusters
NoSampler,LogisticRegression,0.545,0.556,0.7,0.86,ok,baseline,21,linear__high_ir__low_overlap__high_clusters,linear,high_ir,low_overlap,high_clusters
NoSampler,RandomForest,0.698,0.734,0.81,0.976,ok,baseline,21,linear__high_ir__low_overlap__high_clusters,linear,high_ir,low_overlap,high_clusters
distance_SMOTE,LogisticRegression,0.531,0.532,0.688,0.853,ok,smote_variants,21,linear__high_ir__low_overlap__high_clusters,linear,high_ir,low_overlap,high_clusters
distance_SMOTE,RandomForest,0.686,0.707,0.807,0.975,ok,smote_variants,21,linear__high_ir__low_overlap__high_clusters,linear,high_ir,low_overlap,high_clusters
cluster_SMOTE,LogisticRegression,0.534,0.534,0.691,0.853,ok,smote_variants,21,linear__high_ir__low_overlap__high_clusters,linear,high_ir,low_overlap,high_clusters
cluster_SMOTE,RandomForest,0.698,0.725,0.814,0.974,ok,smote_variants,21,linear__high_ir__low_overlap__high_clusters,linear,high_ir,low_overlap,high_clusters
CBSO,LogisticRegression,0.545,0.545,0.7,0.851,ok,smote_variants,21,linear__high_ir__low_overlap__high_clusters,linear,high_ir,low_overlap,high_clusters
CBSO,RandomForest,0.682,0.698,0.804,0.976,ok,smote_variants,21,linear__high_ir__low_overlap__high_clusters,linear,high_ir,low_overlap,high_clusters
AHC,LogisticRegression,0.434,0.375,0.616,,ok,smote_variants,21,linear__high_ir__low_overlap__high_clusters,linear,high_ir,low_overlap,high_clusters
AHC,RandomForest,0.478,0.418,0.656,,ok,smote_variants,21,linear__high_ir__low_overlap__high_clusters,linear,high_ir,low_overlap,high_clusters
DBSMOTE,LogisticRegression,0.53,0.53,0.687,0.855,ok,smote_variants,21,linear__high_ir__low_overlap__high_clusters,linear,high_ir,low_overlap,high_clusters
DBSMOTE,RandomForest,0.682,0.704,0.803,0.976,ok,smote_variants,21,linear__high_ir__low_overlap__high_clusters,linear,high_ir,low_overlap,high_clusters
MWMOTE,LogisticRegression,0.528,0.526,0.685,0.854,ok,smote_variants,21,linear__high_ir__low_overlap__high_clusters,linear,high_ir,low_overlap,high_clusters
MWMOTE,RandomForest,0.676,0.687,0.801,0.979,ok,smote_variants,21,linear__high_ir__low_overlap__high_clusters,linear,high_ir,low_overlap,high_clusters
SMOTE,LogisticRegression,0.608,0.567,0.737,0.859,ok,imbalanced_learn,21,linear__high_ir__low_overlap__high_clusters,linear,high_ir,low_overlap,high_clusters
SMOTE,RandomForest,0.825,0.85,0.892,0.977,ok,imbalanced_learn,21,linear__high_ir__low_overlap__high_clusters,linear,high_ir,low_overlap,high_clusters
BorderlineSMOTE,LogisticRegression,0.574,0.535,0.714,0.836,ok,imbalanced_learn,21,linear__high_ir__low_overlap__high_clusters,linear,high_ir,low_overlap,high_clusters
BorderlineSMOTE,RandomForest,0.808,0.826,0.883,0.975,ok,imbalanced_learn,21,linear__high_ir__low_overlap__high_clusters,linear,high_ir,low_overlap,high_clusters
SVMSMOTE,LogisticRegression,0.597,0.561,0.73,0.85,ok,imbalanced_learn,21,linear__high_ir__low_overlap__high_clusters,linear,high_ir,low_overlap,high_clusters
SVMSMOTE,RandomForest,0.814,0.835,0.886,0.978,ok,imbalanced_learn,21,linear__high_ir__low_overlap__high_clusters,linear,high_ir,low_overlap,high_clusters
ADASYN,LogisticRegression,0.557,0.526,0.703,0.848,ok,imbalanced_learn,21,linear__high_ir__low_overlap__high_clusters,linear,high_ir,low_overlap,high_clusters
ADASYN,RandomForest,0.848,0.865,0.906,0.977,ok,imbalanced_learn,21,linear__high_ir__low_overlap__high_clusters,linear,high_ir,low_overlap,high_clusters
KMeansSMOTE,LogisticRegression,,,,,error,imbalanced_learn,21,linear__high_ir__low_overlap__high_clusters,linear,high_ir,low_overlap,high_clusters
KMeansSMOTE,RandomForest,,,,,error,imbalanced_learn,21,linear__high_ir__low_overlap__high_clusters,linear,high_ir,low_overlap,high_clusters
NoSampler,LogisticRegression,0.793,0.808,0.871,0.965,ok,baseline,22,linear__high_ir__medium_overlap__low_clusters,linear,high_ir,medium_overlap,low_clusters
NoSampler,RandomForest,0.85,0.883,0.907,0.989,ok,baseline,22,linear__high_ir__medium_overlap__low_clusters,linear,high_ir,medium_overlap,low_clusters
distance_SMOTE,LogisticRegression,0.784,0.805,0.865,0.961,ok,smote_variants,22,linear__high_ir__medium_overlap__low_clusters,linear,high_ir,medium_overlap,low_clusters
distance_SMOTE,RandomForest,0.805,0.837,0.882,0.989,ok,smote_variants,22,linear__high_ir__medium_overlap__low_clusters,linear,high_ir,medium_overlap,low_clusters
cluster_SMOTE,LogisticRegression,0.79,0.808,0.87,0.96,ok,smote_variants,22,linear__high_ir__medium_overlap__low_clusters,linear,high_ir,medium_overlap,low_clusters
cluster_SMOTE,RandomForest,0.815,0.845,0.887,0.989,ok,smote_variants,22,linear__high_ir__medium_overlap__low_clusters,linear,high_ir,medium_overlap,low_clusters
CBSO,LogisticRegression,0.792,0.805,0.871,0.962,ok,smote_variants,22,linear__high_ir__medium_overlap__low_clusters,linear,high_ir,medium_overlap,low_clusters
CBSO,RandomForest,0.817,0.845,0.889,0.987,ok,smote_variants,22,linear__high_ir__medium_overlap__low_clusters,linear,high_ir,medium_overlap,low_clusters
AHC,LogisticRegression,0.465,0.411,0.638,,ok,smote_variants,22,linear__high_ir__medium_overlap__low_clusters,linear,high_ir,medium_overlap,low_clusters
AHC,RandomForest,0.478,0.424,0.652,,ok,smote_variants,22,linear__high_ir__medium_overlap__low_clusters,linear,high_ir,medium_overlap,low_clusters
DBSMOTE,LogisticRegression,0.767,0.786,0.856,0.959,ok,smote_variants,22,linear__high_ir__medium_overlap__low_clusters,linear,high_ir,medium_overlap,low_clusters
DBSMOTE,RandomForest,0.827,0.859,0.894,0.988,ok,smote_variants,22,linear__high_ir__medium_overlap__low_clusters,linear,high_ir,medium_overlap,low_clusters
MWMOTE,LogisticRegression,0.784,0.801,0.867,0.963,ok,smote_variants,22,linear__high_ir__medium_overlap__low_clusters,linear,high_ir,medium_overlap,low_clusters
MWMOTE,RandomForest,0.816,0.85,0.888,0.987,ok,smote_variants,22,linear__high_ir__medium_overlap__low_clusters,linear,high_ir,medium_overlap,low_clusters
SMOTE,LogisticRegression,0.83,0.795,0.89,0.968,ok,imbalanced_learn,22,linear__high_ir__medium_overlap__low_clusters,linear,high_ir,medium_overlap,low_clusters
SMOTE,RandomForest,0.912,0.904,0.944,0.989,ok,imbalanced_learn,22,linear__high_ir__medium_overlap__low_clusters,linear,high_ir,medium_overlap,low_clusters
BorderlineSMOTE,LogisticRegression,0.791,0.747,0.865,0.958,ok,imbalanced_learn,22,linear__high_ir__medium_overlap__low_clusters,linear,high_ir,medium_overlap,low_clusters
BorderlineSMOTE,RandomForest,0.922,0.928,0.95,0.992,ok,imbalanced_learn,22,linear__high_ir__medium_overlap__low_clusters,linear,high_ir,medium_overlap,low_clusters
SVMSMOTE,LogisticRegression,0.825,0.79,0.886,0.965,ok,imbalanced_learn,22,linear__high_ir__medium_overlap__low_clusters,linear,high_ir,medium_overlap,low_clusters
SVMSMOTE,RandomForest,0.917,0.918,0.948,0.991,ok,imbalanced_learn,22,linear__high_ir__medium_overlap__low_clusters,linear,high_ir,medium_overlap,low_clusters
ADASYN,LogisticRegression,0.79,0.748,0.864,0.956,ok,imbalanced_learn,22,linear__high_ir__medium_overlap__low_clusters,linear,high_ir,medium_overlap,low_clusters
ADASYN,RandomForest,0.926,0.925,0.953,0.989,ok,imbalanced_learn,22,linear__high_ir__medium_overlap__low_clusters,linear,high_ir,medium_overlap,low_clusters
KMeansSMOTE,LogisticRegression,,,,,error,imbalanced_learn,22,linear__high_ir__medium_overlap__low_clusters,linear,high_ir,medium_overlap,low_clusters
KMeansSMOTE,RandomForest,,,,,error,imbalanced_learn,22,linear__high_ir__medium_overlap__low_clusters,linear,high_ir,medium_overlap,low_clusters
NoSampler,LogisticRegression,0.449,0.453,0.622,0.802,ok,baseline,23,linear__high_ir__medium_overlap__medium_clusters,linear,high_ir,medium_overlap,medium_clusters
NoSampler,RandomForest,0.576,0.596,0.725,0.932,ok,baseline,23,linear__high_ir__medium_overlap__medium_clusters,linear,high_ir,medium_overlap,medium_clusters
distance_SMOTE,LogisticRegression,0.461,0.448,0.633,0.79,ok,smote_variants,23,linear__high_ir__medium_overlap__medium_clusters,linear,high_ir,medium_overlap,medium_clusters
distance_SMOTE,RandomForest,0.565,0.572,0.719,0.919,ok,smote_variants,23,linear__high_ir__medium_overlap__medium_clusters,linear,high_ir,medium_overlap,medium_clusters
cluster_SMOTE,LogisticRegression,0.461,0.442,0.633,0.79,ok,smote_variants,23,linear__high_ir__medium_overlap__medium_clusters,linear,high_ir,medium_overlap,medium_clusters
cluster_SMOTE,RandomForest,0.578,0.587,0.729,0.929,ok,smote_variants,23,linear__high_ir__medium_overlap__medium_clusters,linear,high_ir,medium_overlap,medium_clusters
CBSO,LogisticRegression,0.459,0.438,0.631,0.792,ok,smote_variants,23,linear__high_ir__medium_overlap__medium_clusters,linear,high_ir,medium_overlap,medium_clusters
CBSO,RandomForest,0.569,0.579,0.722,0.922,ok,smote_variants,23,linear__high_ir__medium_overlap__medium_clusters,linear,high_ir,medium_overlap,medium_clusters
AHC,LogisticRegression,0.436,0.38,0.616,,ok,smote_variants,23,linear__high_ir__medium_overlap__medium_clusters,linear,high_ir,medium_overlap,medium_clusters
AHC,RandomForest,0.478,0.419,0.654,,ok,smote_variants,23,linear__high_ir__medium_overlap__medium_clusters,linear,high_ir,medium_overlap,medium_clusters
DBSMOTE,LogisticRegression,0.455,0.434,0.628,0.79,ok,smote_variants,23,linear__high_ir__medium_overlap__medium_clusters,linear,high_ir,medium_overlap,medium_clusters
DBSMOTE,RandomForest,0.569,0.579,0.722,0.93,ok,smote_variants,23,linear__high_ir__medium_overlap__medium_clusters,linear,high_ir,medium_overlap,medium_clusters
MWMOTE,LogisticRegression,0.465,0.446,0.637,0.792,ok,smote_variants,23,linear__high_ir__medium_overlap__medium_clusters,linear,high_ir,medium_overlap,medium_clusters
MWMOTE,RandomForest,0.562,0.564,0.718,0.918,ok,smote_variants,23,linear__high_ir__medium_overlap__medium_clusters,linear,high_ir,medium_overlap,medium_clusters
SMOTE,LogisticRegression,0.496,0.448,0.651,0.79,ok,imbalanced_learn,23,linear__high_ir__medium_overlap__medium_clusters,linear,high_ir,medium_overlap,medium_clusters
SMOTE,RandomForest,0.71,0.733,0.816,0.941,ok,imbalanced_learn,23,linear__high_ir__medium_overlap__medium_clusters,linear,high_ir,medium_overlap,medium_clusters
BorderlineSMOTE,LogisticRegression,0.52,0.458,0.668,0.788,ok,imbalanced_learn,23,linear__high_ir__medium_overlap__medium_clusters,linear,high_ir,medium_overlap,medium_clusters
BorderlineSMOTE,RandomForest,0.743,0.772,0.837,0.946,ok,imbalanced_learn,23,linear__high_ir__medium_overlap__medium_clusters,linear,high_ir,medium_overlap,medium_clusters
SVMSMOTE,LogisticRegression,0.511,0.459,0.66,0.779,ok,imbalanced_learn,23,linear__high_ir__medium_overlap__medium_clusters,linear,high_ir,medium_overlap,medium_clusters
SVMSMOTE,RandomForest,0.711,0.74,0.817,0.937,ok,imbalanced_learn,23,linear__high_ir__medium_overlap__medium_clusters,linear,high_ir,medium_overlap,medium_clusters
ADASYN,LogisticRegression,0.496,0.448,0.652,0.79,ok,imbalanced_learn,23,linear__high_ir__medium_overlap__medium_clusters,linear,high_ir,medium_overlap,medium_clusters
ADASYN,RandomForest,0.722,0.747,0.825,0.942,ok,imbalanced_learn,23,linear__high_ir__medium_overlap__medium_clusters,linear,high_ir,medium_overlap,medium_clusters
KMeansSMOTE,LogisticRegression,,,,,error,imbalanced_learn,23,linear__high_ir__medium_overlap__medium_clusters,linear,high_ir,medium_overlap,medium_clusters
KMeansSMOTE,RandomForest,,,,,error,imbalanced_learn,23,linear__high_ir__medium_overlap__medium_clusters,linear,high_ir,medium_overlap,medium_clusters
NoSampler,LogisticRegression,0.501,0.529,0.658,0.799,ok,baseline,24,linear__high_ir__medium_overlap__high_clusters,linear,high_ir,medium_overlap,high_clusters
NoSampler,RandomForest,0.557,0.58,0.707,0.896,ok,baseline,24,linear__high_ir__medium_overlap__high_clusters,linear,high_ir,medium_overlap,high_clusters
distance_SMOTE,LogisticRegression,0.459,0.458,0.625,0.794,ok,smote_variants,24,linear__high_ir__medium_overlap__high_clusters,linear,high_ir,medium_overlap,high_clusters
distance_SMOTE,RandomForest,0.55,0.57,0.702,0.897,ok,smote_variants,24,linear__high_ir__medium_overlap__high_clusters,linear,high_ir,medium_overlap,high_clusters
cluster_SMOTE,LogisticRegression,0.452,0.446,0.621,0.794,ok,smote_variants,24,linear__high_ir__medium_overlap__high_clusters,linear,high_ir,medium_overlap,high_clusters
cluster_SMOTE,RandomForest,0.56,0.581,0.71,0.896,ok,smote_variants,24,linear__high_ir__medium_overlap__high_clusters,linear,high_ir,medium_overlap,high_clusters
CBSO,LogisticRegression,0.487,0.492,0.646,0.794,ok,smote_variants,24,linear__high_ir__medium_overlap__high_clusters,linear,high_ir,medium_overlap,high_clusters
CBSO,RandomForest,0.552,0.567,0.703,0.888,ok,smote_variants,24,linear__high_ir__medium_overlap__high_clusters,linear,high_ir,medium_overlap,high_clusters
AHC,LogisticRegression,0.393,0.339,0.575,,ok,smote_variants,24,linear__high_ir__medium_overlap__high_clusters,linear,high_ir,medium_overlap,high_clusters
AHC,RandomForest,0.445,0.395,0.622,,ok,smote_variants,24,linear__high_ir__medium_overlap__high_clusters,linear,high_ir,medium_overlap,high_clusters
DBSMOTE,LogisticRegression,0.451,0.444,0.62,0.795,ok,smote_variants,24,linear__high_ir__medium_overlap__high_clusters,linear,high_ir,medium_overlap,high_clusters
DBSMOTE,RandomForest,0.571,0.605,0.718,0.894,ok,smote_variants,24,linear__high_ir__medium_overlap__high_clusters,linear,high_ir,medium_overlap,high_clusters
MWMOTE,LogisticRegression,0.465,0.463,0.63,0.795,ok,smote_variants,24,linear__high_ir__medium_overlap__high_clusters,linear,high_ir,medium_overlap,high_clusters
MWMOTE,RandomForest,0.55,0.563,0.702,0.89,ok,smote_variants,24,linear__high_ir__medium_overlap__high_clusters,linear,high_ir,medium_overlap,high_clusters
SMOTE,LogisticRegression,0.529,0.475,0.669,0.785,ok,imbalanced_learn,24,linear__high_ir__medium_overlap__high_clusters,linear,high_ir,medium_overlap,high_clusters
SMOTE,RandomForest,0.663,0.676,0.779,0.903,ok,imbalanced_learn,24,linear__high_ir__medium_overlap__high_clusters,linear,high_ir,medium_overlap,high_clusters
BorderlineSMOTE,LogisticRegression,0.532,0.466,0.67,0.779,ok,imbalanced_learn,24,linear__high_ir__medium_overlap__high_clusters,linear,high_ir,medium_overlap,high_clusters
BorderlineSMOTE,RandomForest,0.676,0.686,0.788,0.902,ok,imbalanced_learn,24,linear__high_ir__medium_overlap__high_clusters,linear,high_ir,medium_overlap,high_clusters
SVMSMOTE,LogisticRegression,0.535,0.479,0.672,0.79,ok,imbalanced_learn,24,linear__high_ir__medium_overlap__high_clusters,linear,high_ir,medium_overlap,high_clusters
SVMSMOTE,RandomForest,0.683,0.698,0.793,0.91,ok,imbalanced_learn,24,linear__high_ir__medium_overlap__high_clusters,linear,high_ir,medium_overlap,high_clusters
ADASYN,LogisticRegression,0.524,0.456,0.665,0.78,ok,imbalanced_learn,24,linear__high_ir__medium_overlap__high_clusters,linear,high_ir,medium_overlap,high_clusters
ADASYN,RandomForest,0.657,0.664,0.775,0.904,ok,imbalanced_learn,24,linear__high_ir__medium_overlap__high_clusters,linear,high_ir,medium_overlap,high_clusters
KMeansSMOTE,LogisticRegression,,,,,error,imbalanced_learn,24,linear__high_ir__medium_overlap__high_clusters,linear,high_ir,medium_overlap,high_clusters
KMeansSMOTE,RandomForest,,,,,error,imbalanced_learn,24,linear__high_ir__medium_overlap__high_clusters,linear,high_ir,medium_overlap,high_clusters
NoSampler,LogisticRegression,0.509,0.523,0.665,0.821,ok,baseline,25,linear__high_ir__high_overlap__low_clusters,linear,high_ir,high_overlap,low_clusters
NoSampler,RandomForest,0.671,0.715,0.786,0.949,ok,baseline,25,linear__high_ir__high_overlap__low_clusters,linear,high_ir,high_overlap,low_clusters
distance_SMOTE,LogisticRegression,0.532,0.538,0.684,0.813,ok,smote_variants,25,linear__high_ir__high_overlap__low_clusters,linear,high_ir,high_overlap,low_clusters
distance_SMOTE,RandomForest,0.645,0.675,0.77,0.942,ok,smote_variants,25,linear__high_ir__high_overlap__low_clusters,linear,high_ir,high_overlap,low_clusters
cluster_SMOTE,LogisticRegression,0.524,0.524,0.68,0.813,ok,smote_variants,25,linear__high_ir__high_overlap__low_clusters,linear,high_ir,high_overlap,low_clusters
cluster_SMOTE,RandomForest,0.667,0.701,0.785,0.95,ok,smote_variants,25,linear__high_ir__high_overlap__low_clusters,linear,high_ir,high_overlap,low_clusters
CBSO,LogisticRegression,0.527,0.522,0.681,0.81,ok,smote_variants,25,linear__high_ir__high_overlap__low_clusters,linear,high_ir,high_overlap,low_clusters
CBSO,RandomForest,0.665,0.69,0.786,0.943,ok,smote_variants,25,linear__high_ir__high_overlap__low_clusters,linear,high_ir,high_overlap,low_clusters
AHC,LogisticRegression,0.407,0.351,0.589,,ok,smote_variants,25,linear__high_ir__high_overlap__low_clusters,linear,high_ir,high_overlap,low_clusters
AHC,RandomForest,0.443,0.389,0.624,,ok,smote_variants,25,linear__high_ir__high_overlap__low_clusters,linear,high_ir,high_overlap,low_clusters
DBSMOTE,LogisticRegression,0.519,0.519,0.675,0.811,ok,smote_variants,25,linear__high_ir__high_overlap__low_clusters,linear,high_ir,high_overlap,low_clusters
DBSMOTE,RandomForest,0.664,0.704,0.783,0.943,ok,smote_variants,25,linear__high_ir__high_overlap__low_clusters,linear,high_ir,high_overlap,low_clusters
MWMOTE,LogisticRegression,0.52,0.521,0.676,0.813,ok,smote_variants,25,linear__high_ir__high_overlap__low_clusters,linear,high_ir,high_overlap,low_clusters
MWMOTE,RandomForest,0.686,0.722,0.799,0.943,ok,smote_variants,25,linear__high_ir__high_overlap__low_clusters,linear,high_ir,high_overlap,low_clusters
SMOTE,LogisticRegression,0.552,0.514,0.693,0.803,ok,imbalanced_learn,25,linear__high_ir__high_overlap__low_clusters,linear,high_ir,high_overlap,low_clusters
SMOTE,RandomForest,0.768,0.795,0.849,0.952,ok,imbalanced_learn,25,linear__high_ir__high_overlap__low_clusters,linear,high_ir,high_overlap,low_clusters
BorderlineSMOTE,LogisticRegression,0.547,0.493,0.687,0.797,ok,imbalanced_learn,25,linear__high_ir__high_overlap__low_clusters,linear,high_ir,high_overlap,low_clusters
BorderlineSMOTE,RandomForest,0.792,0.808,0.866,0.953,ok,imbalanced_learn,25,linear__high_ir__high_overlap__low_clusters,linear,high_ir,high_overlap,low_clusters
SVMSMOTE,LogisticRegression,0.547,0.507,0.69,0.803,ok,imbalanced_learn,25,linear__high_ir__high_overlap__low_clusters,linear,high_ir,high_overlap,low_clusters
SVMSMOTE,RandomForest,0.778,0.798,0.855,0.95,ok,imbalanced_learn,25,linear__high_ir__high_overlap__low_clusters,linear,high_ir,high_overlap,low_clusters
ADASYN,LogisticRegression,0.538,0.488,0.681,0.8,ok,imbalanced_learn,25,linear__high_ir__high_overlap__low_clusters,linear,high_ir,high_overlap,low_clusters
ADASYN,RandomForest,0.797,0.796,0.867,0.953,ok,imbalanced_learn,25,linear__high_ir__high_overlap__low_clusters,linear,high_ir,high_overlap,low_clusters
KMeansSMOTE,LogisticRegression,,,,,error,imbalanced_learn,25,linear__high_ir__high_overlap__low_clusters,linear,high_ir,high_overlap,low_clusters
KMeansSMOTE,RandomForest,,,,,error,imbalanced_learn,25,linear__high_ir__high_overlap__low_clusters,linear,high_ir,high_overlap,low_clusters
NoSampler,LogisticRegression,0.409,0.414,0.583,0.777,ok,baseline,26,linear__high_ir__high_overlap__medium_clusters,linear,high_ir,high_overlap,medium_clusters
NoSampler,RandomForest,0.52,0.55,0.675,0.902,ok,baseline,26,linear__high_ir__high_overlap__medium_clusters,linear,high_ir,high_overlap,medium_clusters
distance_SMOTE,LogisticRegression,0.428,0.415,0.601,0.775,ok,smote_variants,26,linear__high_ir__high_overlap__medium_clusters,linear,high_ir,high_overlap,medium_clusters
distance_SMOTE,RandomForest,0.528,0.54,0.685,0.908,ok,smote_variants,26,linear__high_ir__high_overlap__medium_clusters,linear,high_ir,high_overlap,medium_clusters
cluster_SMOTE,LogisticRegression,0.423,0.411,0.596,0.774,ok,smote_variants,26,linear__high_ir__high_overlap__medium_clusters,linear,high_ir,high_overlap,medium_clusters
cluster_SMOTE,RandomForest,0.539,0.56,0.692,0.905,ok,smote_variants,26,linear__high_ir__high_overlap__medium_clusters,linear,high_ir,high_overlap,medium_clusters
CBSO,LogisticRegression,0.422,0.41,0.595,0.775,ok,smote_variants,26,linear__high_ir__high_overlap__medium_clusters,linear,high_ir,high_overlap,medium_clusters
CBSO,RandomForest,0.54,0.54,0.696,0.902,ok,smote_variants,26,linear__high_ir__high_overlap__medium_clusters,linear,high_ir,high_overlap,medium_clusters
AHC,LogisticRegression,0.372,0.325,0.555,,ok,smote_variants,26,linear__high_ir__high_overlap__medium_clusters,linear,high_ir,high_overlap,medium_clusters
AHC,RandomForest,0.429,0.382,0.607,,ok,smote_variants,26,linear__high_ir__high_overlap__medium_clusters,linear,high_ir,high_overlap,medium_clusters
DBSMOTE,LogisticRegression,0.421,0.407,0.595,0.777,ok,smote_variants,26,linear__high_ir__high_overlap__medium_clusters,linear,high_ir,high_overlap,medium_clusters
DBSMOTE,RandomForest,0.506,0.525,0.665,0.914,ok,smote_variants,26,linear__high_ir__high_overlap__medium_clusters,linear,high_ir,high_overlap,medium_clusters
MWMOTE,LogisticRegression,0.417,0.403,0.591,0.772,ok,smote_variants,26,linear__high_ir__high_overlap__medium_clusters,linear,high_ir,high_overlap,medium_clusters
MWMOTE,RandomForest,0.515,0.514,0.676,0.904,ok,smote_variants,26,linear__high_ir__high_overlap__medium_clusters,linear,high_ir,high_overlap,medium_clusters
SMOTE,LogisticRegression,0.52,0.452,0.66,0.78,ok,imbalanced_learn,26,linear__high_ir__high_overlap__medium_clusters,linear,high_ir,high_overlap,medium_clusters
SMOTE,RandomForest,0.637,0.665,0.76,0.92,ok,imbalanced_learn,26,linear__high_ir__high_overlap__medium_clusters,linear,high_ir,high_overlap,medium_clusters
BorderlineSMOTE,LogisticRegression,0.512,0.447,0.655,0.77,ok,imbalanced_learn,26,linear__high_ir__high_overlap__medium_clusters,linear,high_ir,high_overlap,medium_clusters
BorderlineSMOTE,RandomForest,0.685,0.716,0.793,0.923,ok,imbalanced_learn,26,linear__high_ir__high_overlap__medium_clusters,linear,high_ir,high_overlap,medium_clusters
SVMSMOTE,LogisticRegression,0.465,0.439,0.624,0.761,ok,imbalanced_learn,26,linear__high_ir__high_overlap__medium_clusters,linear,high_ir,high_overlap,medium_clusters
SVMSMOTE,RandomForest,0.649,0.686,0.768,0.92,ok,imbalanced_learn,26,linear__high_ir__high_overlap__medium_clusters,linear,high_ir,high_overlap,medium_clusters
ADASYN,LogisticRegression,0.505,0.435,0.648,0.776,ok,imbalanced_learn,26,linear__high_ir__high_overlap__medium_clusters,linear,high_ir,high_overlap,medium_clusters
ADASYN,RandomForest,0.66,0.687,0.775,0.92,ok,imbalanced_learn,26,linear__high_ir__high_overlap__medium_clusters,linear,high_ir,high_overlap,medium_clusters
KMeansSMOTE,LogisticRegression,,,,,error,imbalanced_learn,26,linear__high_ir__high_overlap__medium_clusters,linear,high_ir,high_overlap,medium_clusters
KMeansSMOTE,RandomForest,,,,,error,imbalanced_learn,26,linear__high_ir__high_overlap__medium_clusters,linear,high_ir,high_overlap,medium_clusters
NoSampler,LogisticRegression,0.325,0.312,0.509,0.692,ok,baseline,27,linear__high_ir__high_overlap__high_clusters,linear,high_ir,high_overlap,high_clusters
NoSampler,RandomForest,0.44,0.454,0.611,0.84,ok,baseline,27,linear__high_ir__high_overlap__high_clusters,linear,high_ir,high_overlap,high_clusters
distance_SMOTE,LogisticRegression,0.341,0.313,0.524,0.69,ok,smote_variants,27,linear__high_ir__high_overlap__high_clusters,linear,high_ir,high_overlap,high_clusters
distance_SMOTE,RandomForest,0.435,0.435,0.609,0.827,ok,smote_variants,27,linear__high_ir__high_overlap__high_clusters,linear,high_ir,high_overlap,high_clusters
cluster_SMOTE,LogisticRegression,0.342,0.312,0.526,0.689,ok,smote_variants,27,linear__high_ir__high_overlap__high_clusters,linear,high_ir,high_overlap,high_clusters
cluster_SMOTE,RandomForest,0.439,0.433,0.613,0.852,ok,smote_variants,27,linear__high_ir__high_overlap__high_clusters,linear,high_ir,high_overlap,high_clusters
CBSO,LogisticRegression,0.341,0.313,0.524,0.688,ok,smote_variants,27,linear__high_ir__high_overlap__high_clusters,linear,high_ir,high_overlap,high_clusters
CBSO,RandomForest,0.445,0.434,0.619,0.834,ok,smote_variants,27,linear__high_ir__high_overlap__high_clusters,linear,high_ir,high_overlap,high_clusters
AHC,LogisticRegression,0.322,0.28,0.508,,ok,smote_variants,27,linear__high_ir__high_overlap__high_clusters,linear,high_ir,high_overlap,high_clusters
AHC,RandomForest,0.38,0.344,0.562,,ok,smote_variants,27,linear__high_ir__high_overlap__high_clusters,linear,high_ir,high_overlap,high_clusters
DBSMOTE,LogisticRegression,0.336,0.307,0.52,0.69,ok,smote_variants,27,linear__high_ir__high_overlap__high_clusters,linear,high_ir,high_overlap,high_clusters
DBSMOTE,RandomForest,0.438,0.443,0.61,0.845,ok,smote_variants,27,linear__high_ir__high_overlap__high_clusters,linear,high_ir,high_overlap,high_clusters
MWMOTE,LogisticRegression,0.342,0.314,0.525,0.688,ok,smote_variants,27,linear__high_ir__high_overlap__high_clusters,linear,high_ir,high_overlap,high_clusters
MWMOTE,RandomForest,0.443,0.433,0.616,0.839,ok,smote_variants,27,linear__high_ir__high_overlap__high_clusters,linear,high_ir,high_overlap,high_clusters
SMOTE,LogisticRegression,0.419,0.357,0.581,0.677,ok,imbalanced_learn,27,linear__high_ir__high_overlap__high_clusters,linear,high_ir,high_overlap,high_clusters
SMOTE,RandomForest,0.512,0.529,0.666,0.846,ok,imbalanced_learn,27,linear__high_ir__high_overlap__high_clusters,linear,high_ir,high_overlap,high_clusters
BorderlineSMOTE,LogisticRegression,0.443,0.362,0.597,0.685,ok,imbalanced_learn,27,linear__high_ir__high_overlap__high_clusters,linear,high_ir,high_overlap,high_clusters
BorderlineSMOTE,RandomForest,0.55,0.571,0.694,0.841,ok,imbalanced_learn,27,linear__high_ir__high_overlap__high_clusters,linear,high_ir,high_overlap,high_clusters
SVMSMOTE,LogisticRegression,0.397,0.374,0.566,0.683,ok,imbalanced_learn,27,linear__high_ir__high_overlap__high_clusters,linear,high_ir,high_overlap,high_clusters
SVMSMOTE,RandomForest,0.525,0.546,0.677,0.845,ok,imbalanced_learn,27,linear__high_ir__high_overlap__high_clusters,linear,high_ir,high_overlap,high_clusters
ADASYN,LogisticRegression,0.435,0.367,0.594,0.686,ok,imbalanced_learn,27,linear__high_ir__high_overlap__high_clusters,linear,high_ir,high_overlap,high_clusters
ADASYN,RandomForest,0.548,0.56,0.692,0.85,ok,imbalanced_learn,27,linear__high_ir__high_overlap__high_clusters,linear,high_ir,high_overlap,high_clusters
KMeansSMOTE,LogisticRegression,,,,,error,imbalanced_learn,27,linear__high_ir__high_overlap__high_clusters,linear,high_ir,high_overlap,high_clusters
KMeansSMOTE,RandomForest,,,,,error,imbalanced_learn,27,linear__high_ir__high_overlap__high_clusters,linear,high_ir,high_overlap,high_clusters
NoSampler,LogisticRegression,0.464,0.46,0.609,0.758,ok,baseline,28,nonlinear__low_ir__low_overlap,nonlinear,low_ir,low_overlap,nonlinear
NoSampler,RandomForest,0.813,0.827,0.879,0.974,ok,baseline,28,nonlinear__low_ir__low_overlap,nonlinear,low_ir,low_overlap,nonlinear
distance_SMOTE,LogisticRegression,0.487,0.478,0.628,0.758,ok,smote_variants,28,nonlinear__low_ir__low_overlap,nonlinear,low_ir,low_overlap,nonlinear
distance_SMOTE,RandomForest,0.818,0.835,0.882,0.974,ok,smote_variants,28,nonlinear__low_ir__low_overlap,nonlinear,low_ir,low_overlap,nonlinear
cluster_SMOTE,LogisticRegression,0.487,0.479,0.628,0.758,ok,smote_variants,28,nonlinear__low_ir__low_overlap,nonlinear,low_ir,low_overlap,nonlinear
cluster_SMOTE,RandomForest,0.818,0.836,0.882,0.974,ok,smote_variants,28,nonlinear__low_ir__low_overlap,nonlinear,low_ir,low_overlap,nonlinear
CBSO,LogisticRegression,0.477,0.471,0.62,0.756,ok,smote_variants,28,nonlinear__low_ir__low_overlap,nonlinear,low_ir,low_overlap,nonlinear
CBSO,RandomForest,0.804,0.819,0.872,0.975,ok,smote_variants,28,nonlinear__low_ir__low_overlap,nonlinear,low_ir,low_overlap,nonlinear
AHC,LogisticRegression,0.249,0.12,0.432,,ok,smote_variants,28,nonlinear__low_ir__low_overlap,nonlinear,low_ir,low_overlap,nonlinear
AHC,RandomForest,0.499,0.403,0.659,,ok,smote_variants,28,nonlinear__low_ir__low_overlap,nonlinear,low_ir,low_overlap,nonlinear
DBSMOTE,LogisticRegression,0.48,0.472,0.623,0.757,ok,smote_variants,28,nonlinear__low_ir__low_overlap,nonlinear,low_ir,low_overlap,nonlinear
DBSMOTE,RandomForest,0.816,0.831,0.881,0.973,ok,smote_variants,28,nonlinear__low_ir__low_overlap,nonlinear,low_ir,low_overlap,nonlinear
MWMOTE,LogisticRegression,0.487,0.478,0.628,0.756,ok,smote_variants,28,nonlinear__low_ir__low_overlap,nonlinear,low_ir,low_overlap,nonlinear
MWMOTE,RandomForest,0.814,0.831,0.88,0.973,ok,smote_variants,28,nonlinear__low_ir__low_overlap,nonlinear,low_ir,low_overlap,nonlinear
SMOTE,LogisticRegression,0.511,0.464,0.646,0.756,ok,imbalanced_learn,28,nonlinear__low_ir__low_overlap,nonlinear,low_ir,low_overlap,nonlinear
SMOTE,RandomForest,0.823,0.827,0.884,0.971,ok,imbalanced_learn,28,nonlinear__low_ir__low_overlap,nonlinear,low_ir,low_overlap,nonlinear
BorderlineSMOTE,LogisticRegression,0.492,0.441,0.631,0.757,ok,imbalanced_learn,28,nonlinear__low_ir__low_overlap,nonlinear,low_ir,low_overlap,nonlinear
BorderlineSMOTE,RandomForest,0.829,0.83,0.888,0.973,ok,imbalanced_learn,28,nonlinear__low_ir__low_overlap,nonlinear,low_ir,low_overlap,nonlinear
SVMSMOTE,LogisticRegression,0.522,0.486,0.655,0.764,ok,imbalanced_learn,28,nonlinear__low_ir__low_overlap,nonlinear,low_ir,low_overlap,nonlinear
SVMSMOTE,RandomForest,0.822,0.827,0.883,0.971,ok,imbalanced_learn,28,nonlinear__low_ir__low_overlap,nonlinear,low_ir,low_overlap,nonlinear
ADASYN,LogisticRegression,,,,,error,imbalanced_learn,28,nonlinear__low_ir__low_overlap,nonlinear,low_ir,low_overlap,nonlinear
ADASYN,RandomForest,,,,,error,imbalanced_learn,28,nonlinear__low_ir__low_overlap,nonlinear,low_ir,low_overlap,nonlinear
KMeansSMOTE,LogisticRegression,0.505,0.474,0.642,0.759,ok,imbalanced_learn,28,nonlinear__low_ir__low_overlap,nonlinear,low_ir,low_overlap,nonlinear
KMeansSMOTE,RandomForest,0.828,0.835,0.888,0.971,ok,imbalanced_learn,28,nonlinear__low_ir__low_overlap,nonlinear,low_ir,low_overlap,nonlinear
NoSampler,LogisticRegression,0.472,0.462,0.615,0.758,ok,baseline,29,nonlinear__low_ir__medium_overlap,nonlinear,low_ir,medium_overlap,nonlinear
NoSampler,RandomForest,0.799,0.813,0.867,0.957,ok,baseline,29,nonlinear__low_ir__medium_overlap,nonlinear,low_ir,medium_overlap,nonlinear
distance_SMOTE,LogisticRegression,0.487,0.478,0.628,0.759,ok,smote_variants,29,nonlinear__low_ir__medium_overlap,nonlinear,low_ir,medium_overlap,nonlinear
distance_SMOTE,RandomForest,0.791,0.805,0.861,0.957,ok,smote_variants,29,nonlinear__low_ir__medium_overlap,nonlinear,low_ir,medium_overlap,nonlinear
cluster_SMOTE,LogisticRegression,0.48,0.468,0.622,0.757,ok,smote_variants,29,nonlinear__low_ir__medium_overlap,nonlinear,low_ir,medium_overlap,nonlinear
cluster_SMOTE,RandomForest,0.784,0.798,0.856,0.956,ok,smote_variants,29,nonlinear__low_ir__medium_overlap,nonlinear,low_ir,medium_overlap,nonlinear
CBSO,LogisticRegression,0.478,0.466,0.62,0.758,ok,smote_variants,29,nonlinear__low_ir__medium_overlap,nonlinear,low_ir,medium_overlap,nonlinear
CBSO,RandomForest,0.787,0.802,0.858,0.957,ok,smote_variants,29,nonlinear__low_ir__medium_overlap,nonlinear,low_ir,medium_overlap,nonlinear
AHC,LogisticRegression,0.247,0.12,0.43,,ok,smote_variants,29,nonlinear__low_ir__medium_overlap,nonlinear,low_ir,medium_overlap,nonlinear
AHC,RandomForest,0.477,0.385,0.641,,ok,smote_variants,29,nonlinear__low_ir__medium_overlap,nonlinear,low_ir,medium_overlap,nonlinear
DBSMOTE,LogisticRegression,0.488,0.478,0.628,0.759,ok,smote_variants,29,nonlinear__low_ir__medium_overlap,nonlinear,low_ir,medium_overlap,nonlinear
DBSMOTE,RandomForest,0.794,0.809,0.863,0.959,ok,smote_variants,29,nonlinear__low_ir__medium_overlap,nonlinear,low_ir,medium_overlap,nonlinear
MWMOTE,LogisticRegression,0.484,0.474,0.625,0.759,ok,smote_variants,29,nonlinear__low_ir__medium_overlap,nonlinear,low_ir,medium_overlap,nonlinear
MWMOTE,RandomForest,0.8,0.813,0.867,0.958,ok,smote_variants,29,nonlinear__low_ir__medium_overlap,nonlinear,low_ir,medium_overlap,nonlinear
SMOTE,LogisticRegression,0.494,0.448,0.631,0.756,ok,imbalanced_learn,29,nonlinear__low_ir__medium_overlap,nonlinear,low_ir,medium_overlap,nonlinear
SMOTE,RandomForest,0.806,0.801,0.869,0.954,ok,imbalanced_learn,29,nonlinear__low_ir__medium_overlap,nonlinear,low_ir,medium_overlap,nonlinear
BorderlineSMOTE,LogisticRegression,0.5,0.446,0.636,0.759,ok,imbalanced_learn,29,nonlinear__low_ir__medium_overlap,nonlinear,low_ir,medium_overlap,nonlinear
BorderlineSMOTE,RandomForest,0.797,0.781,0.861,0.95,ok,imbalanced_learn,29,nonlinear__low_ir__medium_overlap,nonlinear,low_ir,medium_overlap,nonlinear
SVMSMOTE,LogisticRegression,0.493,0.448,0.63,0.759,ok,imbalanced_learn,29,nonlinear__low_ir__medium_overlap,nonlinear,low_ir,medium_overlap,nonlinear
SVMSMOTE,RandomForest,0.805,0.799,0.869,0.958,ok,imbalanced_learn,29,nonlinear__low_ir__medium_overlap,nonlinear,low_ir,medium_overlap,nonlinear
ADASYN,LogisticRegression,,,,,error,imbalanced_learn,29,nonlinear__low_ir__medium_overlap,nonlinear,low_ir,medium_overlap,nonlinear
ADASYN,RandomForest,,,,,error,imbalanced_learn,29,nonlinear__low_ir__medium_overlap,nonlinear,low_ir,medium_overlap,nonlinear
KMeansSMOTE,LogisticRegression,0.496,0.464,0.633,0.761,ok,imbalanced_learn,29,nonlinear__low_ir__medium_overlap,nonlinear,low_ir,medium_overlap,nonlinear
KMeansSMOTE,RandomForest,0.793,0.795,0.861,0.953,ok,imbalanced_learn,29,nonlinear__low_ir__medium_overlap,nonlinear,low_ir,medium_overlap,nonlinear
NoSampler,LogisticRegression,0.479,0.473,0.62,0.767,ok,baseline,30,nonlinear__low_ir__high_overlap,nonlinear,low_ir,high_overlap,nonlinear
NoSampler,RandomForest,0.661,0.677,0.767,0.899,ok,baseline,30,nonlinear__low_ir__high_overlap,nonlinear,low_ir,high_overlap,nonlinear
distance_SMOTE,LogisticRegression,0.49,0.481,0.629,0.766,ok,smote_variants,30,nonlinear__low_ir__high_overlap,nonlinear,low_ir,high_overlap,nonlinear
distance_SMOTE,RandomForest,0.655,0.671,0.763,0.903,ok,smote_variants,30,nonlinear__low_ir__high_overlap,nonlinear,low_ir,high_overlap,nonlinear
cluster_SMOTE,LogisticRegression,0.487,0.478,0.627,0.765,ok,smote_variants,30,nonlinear__low_ir__high_overlap,nonlinear,low_ir,high_overlap,nonlinear
cluster_SMOTE,RandomForest,0.655,0.671,0.763,0.901,ok,smote_variants,30,nonlinear__low_ir__high_overlap,nonlinear,low_ir,high_overlap,nonlinear
CBSO,LogisticRegression,0.494,0.485,0.632,0.767,ok,smote_variants,30,nonlinear__low_ir__high_overlap,nonlinear,low_ir,high_overlap,nonlinear
CBSO,RandomForest,0.654,0.669,0.762,0.901,ok,smote_variants,30,nonlinear__low_ir__high_overlap,nonlinear,low_ir,high_overlap,nonlinear
AHC,LogisticRegression,0.252,0.127,0.435,,ok,smote_variants,30,nonlinear__low_ir__high_overlap,nonlinear,low_ir,high_overlap,nonlinear
AHC,RandomForest,0.424,0.338,0.595,,ok,smote_variants,30,nonlinear__low_ir__high_overlap,nonlinear,low_ir,high_overlap,nonlinear
DBSMOTE,LogisticRegression,0.497,0.488,0.634,0.766,ok,smote_variants,30,nonlinear__low_ir__high_overlap,nonlinear,low_ir,high_overlap,nonlinear
DBSMOTE,RandomForest,0.663,0.679,0.768,0.901,ok,smote_variants,30,nonlinear__low_ir__high_overlap,nonlinear,low_ir,high_overlap,nonlinear
MWMOTE,LogisticRegression,0.502,0.492,0.639,0.767,ok,smote_variants,30,nonlinear__low_ir__high_overlap,nonlinear,low_ir,high_overlap,nonlinear
MWMOTE,RandomForest,0.652,0.668,0.761,0.898,ok,smote_variants,30,nonlinear__low_ir__high_overlap,nonlinear,low_ir,high_overlap,nonlinear
SMOTE,LogisticRegression,0.506,0.462,0.641,0.765,ok,imbalanced_learn,30,nonlinear__low_ir__high_overlap,nonlinear,low_ir,high_overlap,nonlinear
SMOTE,RandomForest,0.692,0.679,0.786,0.902,ok,imbalanced_learn,30,nonlinear__low_ir__high_overlap,nonlinear,low_ir,high_overlap,nonlinear
BorderlineSMOTE,LogisticRegression,0.507,0.459,0.642,0.767,ok,imbalanced_learn,30,nonlinear__low_ir__high_overlap,nonlinear,low_ir,high_overlap,nonlinear
BorderlineSMOTE,RandomForest,0.709,0.696,0.798,0.899,ok,imbalanced_learn,30,nonlinear__low_ir__high_overlap,nonlinear,low_ir,high_overlap,nonlinear
SVMSMOTE,LogisticRegression,0.505,0.463,0.64,0.768,ok,imbalanced_learn,30,nonlinear__low_ir__high_overlap,nonlinear,low_ir,high_overlap,nonlinear
SVMSMOTE,RandomForest,0.703,0.699,0.794,0.899,ok,imbalanced_learn,30,nonlinear__low_ir__high_overlap,nonlinear,low_ir,high_overlap,nonlinear
ADASYN,LogisticRegression,,,,,error,imbalanced_learn,30,nonlinear__low_ir__high_overlap,nonlinear,low_ir,high_overlap,nonlinear
ADASYN,RandomForest,,,,,error,imbalanced_learn,30,nonlinear__low_ir__high_overlap,nonlinear,low_ir,high_overlap,nonlinear
KMeansSMOTE,LogisticRegression,0.515,0.482,0.648,0.765,ok,imbalanced_learn,30,nonlinear__low_ir__high_overlap,nonlinear,low_ir,high_overlap,nonlinear
KMeansSMOTE,RandomForest,0.674,0.679,0.775,0.895,ok,imbalanced_learn,30,nonlinear__low_ir__high_overlap,nonlinear,low_ir,high_overlap,nonlinear
NoSampler,LogisticRegression,0.454,0.412,0.597,0.748,ok,baseline,31,nonlinear__medium_ir__low_overlap,nonlinear,medium_ir,low_overlap,nonlinear
NoSampler,RandomForest,0.835,0.856,0.894,0.973,ok,baseline,31,nonlinear__medium_ir__low_overlap,nonlinear,medium_ir,low_overlap,nonlinear
distance_SMOTE,LogisticRegression,0.462,0.451,0.602,0.745,ok,smote_variants,31,nonlinear__medium_ir__low_overlap,nonlinear,medium_ir,low_overlap,nonlinear
distance_SMOTE,RandomForest,0.826,0.848,0.888,0.972,ok,smote_variants,31,nonlinear__medium_ir__low_overlap,nonlinear,medium_ir,low_overlap,nonlinear
cluster_SMOTE,LogisticRegression,0.487,0.479,0.624,0.75,ok,smote_variants,31,nonlinear__medium_ir__low_overlap,nonlinear,medium_ir,low_overlap,nonlinear
cluster_SMOTE,RandomForest,0.841,0.866,0.899,0.969,ok,smote_variants,31,nonlinear__medium_ir__low_overlap,nonlinear,medium_ir,low_overlap,nonlinear
CBSO,LogisticRegression,0.479,0.47,0.617,0.746,ok,smote_variants,31,nonlinear__medium_ir__low_overlap,nonlinear,medium_ir,low_overlap,nonlinear
CBSO,RandomForest,0.834,0.859,0.894,0.973,ok,smote_variants,31,nonlinear__medium_ir__low_overlap,nonlinear,medium_ir,low_overlap,nonlinear
AHC,LogisticRegression,0.24,0.131,0.422,,ok,smote_variants,31,nonlinear__medium_ir__low_overlap,nonlinear,medium_ir,low_overlap,nonlinear
AHC,RandomForest,0.488,0.413,0.652,,ok,smote_variants,31,nonlinear__medium_ir__low_overlap,nonlinear,medium_ir,low_overlap,nonlinear
DBSMOTE,LogisticRegression,0.475,0.465,0.613,0.746,ok,smote_variants,31,nonlinear__medium_ir__low_overlap,nonlinear,medium_ir,low_overlap,nonlinear
DBSMOTE,RandomForest,0.842,0.869,0.9,0.973,ok,smote_variants,31,nonlinear__medium_ir__low_overlap,nonlinear,medium_ir,low_overlap,nonlinear
MWMOTE,LogisticRegression,0.489,0.48,0.625,0.748,ok,smote_variants,31,nonlinear__medium_ir__low_overlap,nonlinear,medium_ir,low_overlap,nonlinear
MWMOTE,RandomForest,0.834,0.86,0.894,0.97,ok,smote_variants,31,nonlinear__medium_ir__low_overlap,nonlinear,medium_ir,low_overlap,nonlinear
SMOTE,LogisticRegression,0.474,0.415,0.612,0.747,ok,imbalanced_learn,31,nonlinear__medium_ir__low_overlap,nonlinear,medium_ir,low_overlap,nonlinear
SMOTE,RandomForest,0.843,0.835,0.897,0.968,ok,imbalanced_learn,31,nonlinear__medium_ir__low_overlap,nonlinear,medium_ir,low_overlap,nonlinear
BorderlineSMOTE,LogisticRegression,0.486,0.426,0.622,0.745,ok,imbalanced_learn,31,nonlinear__medium_ir__low_overlap,nonlinear,medium_ir,low_overlap,nonlinear
BorderlineSMOTE,RandomForest,0.829,0.817,0.887,0.965,ok,imbalanced_learn,31,nonlinear__medium_ir__low_overlap,nonlinear,medium_ir,low_overlap,nonlinear
SVMSMOTE,LogisticRegression,0.48,0.427,0.614,0.743,ok,imbalanced_learn,31,nonlinear__medium_ir__low_overlap,nonlinear,medium_ir,low_overlap,nonlinear
SVMSMOTE,RandomForest,0.848,0.835,0.9,0.967,ok,imbalanced_learn,31,nonlinear__medium_ir__low_overlap,nonlinear,medium_ir,low_overlap,nonlinear
ADASYN,LogisticRegression,0.488,0.421,0.624,0.748,ok,imbalanced_learn,31,nonlinear__medium_ir__low_overlap,nonlinear,medium_ir,low_overlap,nonlinear
ADASYN,RandomForest,0.851,0.838,0.902,0.971,ok,imbalanced_learn,31,nonlinear__medium_ir__low_overlap,nonlinear,medium_ir,low_overlap,nonlinear
KMeansSMOTE,LogisticRegression,0.483,0.44,0.618,0.741,ok,imbalanced_learn,31,nonlinear__medium_ir__low_overlap,nonlinear,medium_ir,low_overlap,nonlinear
KMeansSMOTE,RandomForest,0.828,0.84,0.889,0.962,ok,imbalanced_learn,31,nonlinear__medium_ir__low_overlap,nonlinear,medium_ir,low_overlap,nonlinear
NoSampler,LogisticRegression,0.478,0.462,0.615,0.753,ok,baseline,32,nonlinear__medium_ir__medium_overlap,nonlinear,medium_ir,medium_overlap,nonlinear
NoSampler,RandomForest,0.754,0.777,0.838,0.956,ok,baseline,32,nonlinear__medium_ir__medium_overlap,nonlinear,medium_ir,medium_overlap,nonlinear
distance_SMOTE,LogisticRegression,0.497,0.491,0.63,0.751,ok,smote_variants,32,nonlinear__medium_ir__medium_overlap,nonlinear,medium_ir,medium_overlap,nonlinear
distance_SMOTE,RandomForest,0.746,0.771,0.833,0.952,ok,smote_variants,32,nonlinear__medium_ir__medium_overlap,nonlinear,medium_ir,medium_overlap,nonlinear
cluster_SMOTE,LogisticRegression,0.497,0.493,0.63,0.752,ok,smote_variants,32,nonlinear__medium_ir__medium_overlap,nonlinear,medium_ir,medium_overlap,nonlinear
cluster_SMOTE,RandomForest,0.741,0.764,0.829,0.954,ok,smote_variants,32,nonlinear__medium_ir__medium_overlap,nonlinear,medium_ir,medium_overlap,nonlinear
CBSO,LogisticRegression,0.486,0.481,0.621,0.752,ok,smote_variants,32,nonlinear__medium_ir__medium_overlap,nonlinear,medium_ir,medium_overlap,nonlinear
CBSO,RandomForest,0.755,0.775,0.839,0.953,ok,smote_variants,32,nonlinear__medium_ir__medium_overlap,nonlinear,medium_ir,medium_overlap,nonlinear
AHC,LogisticRegression,0.246,0.175,0.429,,ok,smote_variants,32,nonlinear__medium_ir__medium_overlap,nonlinear,medium_ir,medium_overlap,nonlinear
AHC,RandomForest,0.484,0.409,0.649,,ok,smote_variants,32,nonlinear__medium_ir__medium_overlap,nonlinear,medium_ir,medium_overlap,nonlinear
DBSMOTE,LogisticRegression,0.502,0.497,0.634,0.751,ok,smote_variants,32,nonlinear__medium_ir__medium_overlap,nonlinear,medium_ir,medium_overlap,nonlinear
DBSMOTE,RandomForest,0.734,0.759,0.826,0.955,ok,smote_variants,32,nonlinear__medium_ir__medium_overlap,nonlinear,medium_ir,medium_overlap,nonlinear
MWMOTE,LogisticRegression,0.489,0.482,0.622,0.752,ok,smote_variants,32,nonlinear__medium_ir__medium_overlap,nonlinear,medium_ir,medium_overlap,nonlinear
MWMOTE,RandomForest,0.747,0.77,0.833,0.954,ok,smote_variants,32,nonlinear__medium_ir__medium_overlap,nonlinear,medium_ir,medium_overlap,nonlinear
SMOTE,LogisticRegression,0.5,0.43,0.63,0.752,ok,imbalanced_learn,32,nonlinear__medium_ir__medium_overlap,nonlinear,medium_ir,medium_overlap,nonlinear
SMOTE,RandomForest,0.783,0.779,0.854,0.953,ok,imbalanced_learn,32,nonlinear__medium_ir__medium_overlap,nonlinear,medium_ir,medium_overlap,nonlinear
BorderlineSMOTE,LogisticRegression,0.519,0.444,0.645,0.754,ok,imbalanced_learn,32,nonlinear__medium_ir__medium_overlap,nonlinear,medium_ir,medium_overlap,nonlinear
BorderlineSMOTE,RandomForest,0.775,0.762,0.848,0.946,ok,imbalanced_learn,32,nonlinear__medium_ir__medium_overlap,nonlinear,medium_ir,medium_overlap,nonlinear
SVMSMOTE,LogisticRegression,0.499,0.443,0.63,0.751,ok,imbalanced_learn,32,nonlinear__medium_ir__medium_overlap,nonlinear,medium_ir,medium_overlap,nonlinear
SVMSMOTE,RandomForest,0.796,0.784,0.863,0.95,ok,imbalanced_learn,32,nonlinear__medium_ir__medium_overlap,nonlinear,medium_ir,medium_overlap,nonlinear
ADASYN,LogisticRegression,0.515,0.439,0.643,0.755,ok,imbalanced_learn,32,nonlinear__medium_ir__medium_overlap,nonlinear,medium_ir,medium_overlap,nonlinear
ADASYN,RandomForest,0.795,0.784,0.862,0.953,ok,imbalanced_learn,32,nonlinear__medium_ir__medium_overlap,nonlinear,medium_ir,medium_overlap,nonlinear
KMeansSMOTE,LogisticRegression,0.507,0.454,0.635,0.75,ok,imbalanced_learn,32,nonlinear__medium_ir__medium_overlap,nonlinear,medium_ir,medium_overlap,nonlinear
KMeansSMOTE,RandomForest,0.772,0.77,0.847,0.947,ok,imbalanced_learn,32,nonlinear__medium_ir__medium_overlap,nonlinear,medium_ir,medium_overlap,nonlinear
NoSampler,LogisticRegression,0.451,0.422,0.594,0.746,ok,baseline,33,nonlinear__medium_ir__high_overlap,nonlinear,medium_ir,high_overlap,nonlinear
NoSampler,RandomForest,0.644,0.667,0.754,0.881,ok,baseline,33,nonlinear__medium_ir__high_overlap,nonlinear,medium_ir,high_overlap,nonlinear
distance_SMOTE,LogisticRegression,0.494,0.483,0.628,0.743,ok,smote_variants,33,nonlinear__medium_ir__high_overlap,nonlinear,medium_ir,high_overlap,nonlinear
distance_SMOTE,RandomForest,0.611,0.63,0.731,0.878,ok,smote_variants,33,nonlinear__medium_ir__high_overlap,nonlinear,medium_ir,high_overlap,nonlinear
cluster_SMOTE,LogisticRegression,0.503,0.492,0.635,0.74,ok,smote_variants,33,nonlinear__medium_ir__high_overlap,nonlinear,medium_ir,high_overlap,nonlinear
cluster_SMOTE,RandomForest,0.632,0.645,0.747,0.886,ok,smote_variants,33,nonlinear__medium_ir__high_overlap,nonlinear,medium_ir,high_overlap,nonlinear
CBSO,LogisticRegression,0.495,0.485,0.63,0.743,ok,smote_variants,33,nonlinear__medium_ir__high_overlap,nonlinear,medium_ir,high_overlap,nonlinear
CBSO,RandomForest,0.639,0.658,0.752,0.885,ok,smote_variants,33,nonlinear__medium_ir__high_overlap,nonlinear,medium_ir,high_overlap,nonlinear
AHC,LogisticRegression,0.247,0.145,0.431,,ok,smote_variants,33,nonlinear__medium_ir__high_overlap,nonlinear,medium_ir,high_overlap,nonlinear
AHC,RandomForest,0.425,0.356,0.597,,ok,smote_variants,33,nonlinear__medium_ir__high_overlap,nonlinear,medium_ir,high_overlap,nonlinear
DBSMOTE,LogisticRegression,0.498,0.487,0.631,0.743,ok,smote_variants,33,nonlinear__medium_ir__high_overlap,nonlinear,medium_ir,high_overlap,nonlinear
DBSMOTE,RandomForest,0.626,0.639,0.742,0.882,ok,smote_variants,33,nonlinear__medium_ir__high_overlap,nonlinear,medium_ir,high_overlap,nonlinear
MWMOTE,LogisticRegression,0.489,0.477,0.624,0.744,ok,smote_variants,33,nonlinear__medium_ir__high_overlap,nonlinear,medium_ir,high_overlap,nonlinear
MWMOTE,RandomForest,0.624,0.64,0.742,0.885,ok,smote_variants,33,nonlinear__medium_ir__high_overlap,nonlinear,medium_ir,high_overlap,nonlinear
SMOTE,LogisticRegression,0.511,0.44,0.641,0.745,ok,imbalanced_learn,33,nonlinear__medium_ir__high_overlap,nonlinear,medium_ir,high_overlap,nonlinear
SMOTE,RandomForest,0.69,0.666,0.782,0.871,ok,imbalanced_learn,33,nonlinear__medium_ir__high_overlap,nonlinear,medium_ir,high_overlap,nonlinear
BorderlineSMOTE,LogisticRegression,0.489,0.412,0.624,0.745,ok,imbalanced_learn,33,nonlinear__medium_ir__high_overlap,nonlinear,medium_ir,high_overlap,nonlinear
BorderlineSMOTE,RandomForest,0.677,0.652,0.774,0.873,ok,imbalanced_learn,33,nonlinear__medium_ir__high_overlap,nonlinear,medium_ir,high_overlap,nonlinear
SVMSMOTE,LogisticRegression,0.5,0.434,0.632,0.743,ok,imbalanced_learn,33,nonlinear__medium_ir__high_overlap,nonlinear,medium_ir,high_overlap,nonlinear
SVMSMOTE,RandomForest,0.669,0.654,0.769,0.88,ok,imbalanced_learn,33,nonlinear__medium_ir__high_overlap,nonlinear,medium_ir,high_overlap,nonlinear
ADASYN,LogisticRegression,0.465,0.377,0.605,0.748,ok,imbalanced_learn,33,nonlinear__medium_ir__high_overlap,nonlinear,medium_ir,high_overlap,nonlinear
ADASYN,RandomForest,0.681,0.652,0.776,0.874,ok,imbalanced_learn,33,nonlinear__medium_ir__high_overlap,nonlinear,medium_ir,high_overlap,nonlinear
KMeansSMOTE,LogisticRegression,0.525,0.472,0.649,0.746,ok,imbalanced_learn,33,nonlinear__medium_ir__high_overlap,nonlinear,medium_ir,high_overlap,nonlinear
KMeansSMOTE,RandomForest,0.683,0.69,0.78,0.88,ok,imbalanced_learn,33,nonlinear__medium_ir__high_overlap,nonlinear,medium_ir,high_overlap,nonlinear
NoSampler,LogisticRegression,0.422,0.401,0.57,0.717,ok,baseline,34,nonlinear__high_ir__low_overlap,nonlinear,high_ir,low_overlap,nonlinear
NoSampler,RandomForest,0.77,0.822,0.858,0.95,ok,baseline,34,nonlinear__high_ir__low_overlap,nonlinear,high_ir,low_overlap,nonlinear
distance_SMOTE,LogisticRegression,0.441,0.459,0.587,0.713,ok,smote_variants,34,nonlinear__high_ir__low_overlap,nonlinear,high_ir,low_overlap,nonlinear
distance_SMOTE,RandomForest,0.768,0.82,0.857,0.952,ok,smote_variants,34,nonlinear__high_ir__low_overlap,nonlinear,high_ir,low_overlap,nonlinear
cluster_SMOTE,LogisticRegression,0.436,0.455,0.583,0.712,ok,smote_variants,34,nonlinear__high_ir__low_overlap,nonlinear,high_ir,low_overlap,nonlinear
cluster_SMOTE,RandomForest,0.772,0.823,0.86,0.945,ok,smote_variants,34,nonlinear__high_ir__low_overlap,nonlinear,high_ir,low_overlap,nonlinear
CBSO,LogisticRegression,0.444,0.459,0.589,0.72,ok,smote_variants,34,nonlinear__high_ir__low_overlap,nonlinear,high_ir,low_overlap,nonlinear
CBSO,RandomForest,0.772,0.823,0.86,0.951,ok,smote_variants,34,nonlinear__high_ir__low_overlap,nonlinear,high_ir,low_overlap,nonlinear
AHC,LogisticRegression,0.248,0.168,0.43,,ok,smote_variants,34,nonlinear__high_ir__low_overlap,nonlinear,high_ir,low_overlap,nonlinear
AHC,RandomForest,0.49,0.445,0.665,,ok,smote_variants,34,nonlinear__high_ir__low_overlap,nonlinear,high_ir,low_overlap,nonlinear
DBSMOTE,LogisticRegression,0.447,0.463,0.592,0.714,ok,smote_variants,34,nonlinear__high_ir__low_overlap,nonlinear,high_ir,low_overlap,nonlinear
DBSMOTE,RandomForest,0.763,0.817,0.854,0.951,ok,smote_variants,34,nonlinear__high_ir__low_overlap,nonlinear,high_ir,low_overlap,nonlinear
MWMOTE,LogisticRegression,0.448,0.466,0.592,0.719,ok,smote_variants,34,nonlinear__high_ir__low_overlap,nonlinear,high_ir,low_overlap,nonlinear
MWMOTE,RandomForest,0.77,0.824,0.858,0.951,ok,smote_variants,34,nonlinear__high_ir__low_overlap,nonlinear,high_ir,low_overlap,nonlinear
SMOTE,LogisticRegression,0.433,0.317,0.575,0.707,ok,imbalanced_learn,34,nonlinear__high_ir__low_overlap,nonlinear,high_ir,low_overlap,nonlinear
SMOTE,RandomForest,0.8,0.798,0.874,0.96,ok,imbalanced_learn,34,nonlinear__high_ir__low_overlap,nonlinear,high_ir,low_overlap,nonlinear
BorderlineSMOTE,LogisticRegression,0.44,0.341,0.582,0.707,ok,imbalanced_learn,34,nonlinear__high_ir__low_overlap,nonlinear,high_ir,low_overlap,nonlinear
BorderlineSMOTE,RandomForest,0.816,0.828,0.884,0.954,ok,imbalanced_learn,34,nonlinear__high_ir__low_overlap,nonlinear,high_ir,low_overlap,nonlinear
SVMSMOTE,LogisticRegression,0.466,0.385,0.603,0.711,ok,imbalanced_learn,34,nonlinear__high_ir__low_overlap,nonlinear,high_ir,low_overlap,nonlinear
SVMSMOTE,RandomForest,0.784,0.814,0.866,0.958,ok,imbalanced_learn,34,nonlinear__high_ir__low_overlap,nonlinear,high_ir,low_overlap,nonlinear
ADASYN,LogisticRegression,0.438,0.318,0.579,0.706,ok,imbalanced_learn,34,nonlinear__high_ir__low_overlap,nonlinear,high_ir,low_overlap,nonlinear
ADASYN,RandomForest,0.809,0.811,0.88,0.963,ok,imbalanced_learn,34,nonlinear__high_ir__low_overlap,nonlinear,high_ir,low_overlap,nonlinear
KMeansSMOTE,LogisticRegression,,,,,error,imbalanced_learn,34,nonlinear__high_ir__low_overlap,nonlinear,high_ir,low_overlap,nonlinear
KMeansSMOTE,RandomForest,,,,,error,imbalanced_learn,34,nonlinear__high_ir__low_overlap,nonlinear,high_ir,low_overlap,nonlinear
NoSampler,LogisticRegression,0.43,0.409,0.578,0.754,ok,baseline,35,nonlinear__high_ir__medium_overlap,nonlinear,high_ir,medium_overlap,nonlinear
NoSampler,RandomForest,0.732,0.789,0.829,0.967,ok,baseline,35,nonlinear__high_ir__medium_overlap,nonlinear,high_ir,medium_overlap,nonlinear
distance_SMOTE,LogisticRegression,0.475,0.484,0.61,0.752,ok,smote_variants,35,nonlinear__high_ir__medium_overlap,nonlinear,high_ir,medium_overlap,nonlinear
distance_SMOTE,RandomForest,0.731,0.785,0.827,0.969,ok,smote_variants,35,nonlinear__high_ir__medium_overlap,nonlinear,high_ir,medium_overlap,nonlinear
cluster_SMOTE,LogisticRegression,0.478,0.493,0.613,0.753,ok,smote_variants,35,nonlinear__high_ir__medium_overlap,nonlinear,high_ir,medium_overlap,nonlinear
cluster_SMOTE,RandomForest,0.724,0.78,0.823,0.967,ok,smote_variants,35,nonlinear__high_ir__medium_overlap,nonlinear,high_ir,medium_overlap,nonlinear
CBSO,LogisticRegression,0.452,0.465,0.59,0.747,ok,smote_variants,35,nonlinear__high_ir__medium_overlap,nonlinear,high_ir,medium_overlap,nonlinear
CBSO,RandomForest,0.741,0.795,0.835,0.975,ok,smote_variants,35,nonlinear__high_ir__medium_overlap,nonlinear,high_ir,medium_overlap,nonlinear
AHC,LogisticRegression,0.257,0.176,0.439,,ok,smote_variants,35,nonlinear__high_ir__medium_overlap,nonlinear,high_ir,medium_overlap,nonlinear
AHC,RandomForest,0.479,0.438,0.654,,ok,smote_variants,35,nonlinear__high_ir__medium_overlap,nonlinear,high_ir,medium_overlap,nonlinear
DBSMOTE,LogisticRegression,0.461,0.474,0.598,0.753,ok,smote_variants,35,nonlinear__high_ir__medium_overlap,nonlinear,high_ir,medium_overlap,nonlinear
DBSMOTE,RandomForest,0.733,0.788,0.83,0.966,ok,smote_variants,35,nonlinear__high_ir__medium_overlap,nonlinear,high_ir,medium_overlap,nonlinear
MWMOTE,LogisticRegression,0.482,0.491,0.615,0.758,ok,smote_variants,35,nonlinear__high_ir__medium_overlap,nonlinear,high_ir,medium_overlap,nonlinear
MWMOTE,RandomForest,0.732,0.784,0.828,0.972,ok,smote_variants,35,nonlinear__high_ir__medium_overlap,nonlinear,high_ir,medium_overlap,nonlinear
SMOTE,LogisticRegression,0.537,0.378,0.648,0.749,ok,imbalanced_learn,35,nonlinear__high_ir__medium_overlap,nonlinear,high_ir,medium_overlap,nonlinear
SMOTE,RandomForest,0.814,0.804,0.878,0.968,ok,imbalanced_learn,35,nonlinear__high_ir__medium_overlap,nonlinear,high_ir,medium_overlap,nonlinear
BorderlineSMOTE,LogisticRegression,0.579,0.438,0.68,0.753,ok,imbalanced_learn,35,nonlinear__high_ir__medium_overlap,nonlinear,high_ir,medium_overlap,nonlinear
BorderlineSMOTE,RandomForest,0.833,0.824,0.89,0.968,ok,imbalanced_learn,35,nonlinear__high_ir__medium_overlap,nonlinear,high_ir,medium_overlap,nonlinear
SVMSMOTE,LogisticRegression,0.547,0.434,0.658,0.751,ok,imbalanced_learn,35,nonlinear__high_ir__medium_overlap,nonlinear,high_ir,medium_overlap,nonlinear
SVMSMOTE,RandomForest,0.785,0.818,0.863,0.966,ok,imbalanced_learn,35,nonlinear__high_ir__medium_overlap,nonlinear,high_ir,medium_overlap,nonlinear
ADASYN,LogisticRegression,0.54,0.382,0.652,0.747,ok,imbalanced_learn,35,nonlinear__high_ir__medium_overlap,nonlinear,high_ir,medium_overlap,nonlinear
ADASYN,RandomForest,0.815,0.793,0.877,0.963,ok,imbalanced_learn,35,nonlinear__high_ir__medium_overlap,nonlinear,high_ir,medium_overlap,nonlinear
KMeansSMOTE,LogisticRegression,,,,,error,imbalanced_learn,35,nonlinear__high_ir__medium_overlap,nonlinear,high_ir,medium_overlap,nonlinear
KMeansSMOTE,RandomForest,,,,,error,imbalanced_learn,35,nonlinear__high_ir__medium_overlap,nonlinear,high_ir,medium_overlap,nonlinear
NoSampler,LogisticRegression,0.411,0.402,0.564,0.726,ok,baseline,36,nonlinear__high_ir__high_overlap,nonlinear,high_ir,high_overlap,nonlinear
NoSampler,RandomForest,0.543,0.563,0.692,0.869,ok,baseline,36,nonlinear__high_ir__high_overlap,nonlinear,high_ir,high_overlap,nonlinear
distance_SMOTE,LogisticRegression,0.42,0.444,0.571,0.722,ok,smote_variants,36,nonlinear__high_ir__high_overlap,nonlinear,high_ir,high_overlap,nonlinear
distance_SMOTE,RandomForest,0.551,0.564,0.696,0.869,ok,smote_variants,36,nonlinear__high_ir__high_overlap,nonlinear,high_ir,high_overlap,nonlinear
cluster_SMOTE,LogisticRegression,0.429,0.451,0.579,0.727,ok,smote_variants,36,nonlinear__high_ir__high_overlap,nonlinear,high_ir,high_overlap,nonlinear
cluster_SMOTE,RandomForest,0.548,0.556,0.695,0.864,ok,smote_variants,36,nonlinear__high_ir__high_overlap,nonlinear,high_ir,high_overlap,nonlinear
CBSO,LogisticRegression,0.425,0.451,0.575,0.726,ok,smote_variants,36,nonlinear__high_ir__high_overlap,nonlinear,high_ir,high_overlap,nonlinear
CBSO,RandomForest,0.546,0.561,0.693,0.864,ok,smote_variants,36,nonlinear__high_ir__high_overlap,nonlinear,high_ir,high_overlap,nonlinear
AHC,LogisticRegression,0.256,0.187,0.438,,ok,smote_variants,36,nonlinear__high_ir__high_overlap,nonlinear,high_ir,high_overlap,nonlinear
AHC,RandomForest,0.432,0.39,0.612,,ok,smote_variants,36,nonlinear__high_ir__high_overlap,nonlinear,high_ir,high_overlap,nonlinear
DBSMOTE,LogisticRegression,0.415,0.438,0.567,0.722,ok,smote_variants,36,nonlinear__high_ir__high_overlap,nonlinear,high_ir,high_overlap,nonlinear
DBSMOTE,RandomForest,0.574,0.592,0.714,0.874,ok,smote_variants,36,nonlinear__high_ir__high_overlap,nonlinear,high_ir,high_overlap,nonlinear
MWMOTE,LogisticRegression,0.43,0.454,0.579,0.726,ok,smote_variants,36,nonlinear__high_ir__high_overlap,nonlinear,high_ir,high_overlap,nonlinear
MWMOTE,RandomForest,0.576,0.59,0.714,0.867,ok,smote_variants,36,nonlinear__high_ir__high_overlap,nonlinear,high_ir,high_overlap,nonlinear
SMOTE,LogisticRegression,0.528,0.389,0.646,0.722,ok,imbalanced_learn,36,nonlinear__high_ir__high_overlap,nonlinear,high_ir,high_overlap,nonlinear
SMOTE,RandomForest,0.645,0.626,0.756,0.876,ok,imbalanced_learn,36,nonlinear__high_ir__high_overlap,nonlinear,high_ir,high_overlap,nonlinear
BorderlineSMOTE,LogisticRegression,0.538,0.411,0.655,0.725,ok,imbalanced_learn,36,nonlinear__high_ir__high_overlap,nonlinear,high_ir,high_overlap,nonlinear
BorderlineSMOTE,RandomForest,0.654,0.631,0.762,0.874,ok,imbalanced_learn,36,nonlinear__high_ir__high_overlap,nonlinear,high_ir,high_overlap,nonlinear
SVMSMOTE,LogisticRegression,0.526,0.435,0.649,0.725,ok,imbalanced_learn,36,nonlinear__high_ir__high_overlap,nonlinear,high_ir,high_overlap,nonlinear
SVMSMOTE,RandomForest,0.601,0.599,0.727,0.878,ok,imbalanced_learn,36,nonlinear__high_ir__high_overlap,nonlinear,high_ir,high_overlap,nonlinear
ADASYN,LogisticRegression,0.526,0.382,0.644,0.724,ok,imbalanced_learn,36,nonlinear__high_ir__high_overlap,nonlinear,high_ir,high_overlap,nonlinear
ADASYN,RandomForest,0.654,0.626,0.76,0.867,ok,imbalanced_learn,36,nonlinear__high_ir__high_overlap,nonlinear,high_ir,high_overlap,nonlinear
KMeansSMOTE,LogisticRegression,,,,,error,imbalanced_learn,36,nonlinear__high_ir__high_overlap,nonlinear,high_ir,high_overlap,nonlinear
KMeansSMOTE,RandomForest,,,,,error,imbalanced_learn,36,nonlinear__high_ir__high_overlap,nonlinear,high_ir,high_overlap,nonlinear
NoSampler,LogisticRegression,0.263,0.215,0.446,0.522,ok,baseline,37,spiral__low_ir__low_overlap,spiral,low_ir,low_overlap,spiral
NoSampler,RandomForest,0.368,0.336,0.542,0.688,ok,baseline,37,spiral__low_ir__low_overlap,spiral,low_ir,low_overlap,spiral
distance_SMOTE,LogisticRegression,0.259,0.219,0.442,0.522,ok,smote_variants,37,spiral__low_ir__low_overlap,spiral,low_ir,low_overlap,spiral
distance_SMOTE,RandomForest,0.359,0.331,0.534,0.656,ok,smote_variants,37,spiral__low_ir__low_overlap,spiral,low_ir,low_overlap,spiral
cluster_SMOTE,LogisticRegression,0.252,0.213,0.435,0.522,ok,smote_variants,37,spiral__low_ir__low_overlap,spiral,low_ir,low_overlap,spiral
cluster_SMOTE,RandomForest,0.354,0.33,0.529,0.676,ok,smote_variants,37,spiral__low_ir__low_overlap,spiral,low_ir,low_overlap,spiral
CBSO,LogisticRegression,0.259,0.218,0.442,0.522,ok,smote_variants,37,spiral__low_ir__low_overlap,spiral,low_ir,low_overlap,spiral
CBSO,RandomForest,0.36,0.323,0.535,0.66,ok,smote_variants,37,spiral__low_ir__low_overlap,spiral,low_ir,low_overlap,spiral
AHC,LogisticRegression,0.248,0.141,0.431,,ok,smote_variants,37,spiral__low_ir__low_overlap,spiral,low_ir,low_overlap,spiral
AHC,RandomForest,0.293,0.223,0.476,,ok,smote_variants,37,spiral__low_ir__low_overlap,spiral,low_ir,low_overlap,spiral
DBSMOTE,LogisticRegression,0.254,0.211,0.438,0.522,ok,smote_variants,37,spiral__low_ir__low_overlap,spiral,low_ir,low_overlap,spiral
DBSMOTE,RandomForest,0.364,0.329,0.539,0.695,ok,smote_variants,37,spiral__low_ir__low_overlap,spiral,low_ir,low_overlap,spiral
MWMOTE,LogisticRegression,0.254,0.211,0.438,0.523,ok,smote_variants,37,spiral__low_ir__low_overlap,spiral,low_ir,low_overlap,spiral
MWMOTE,RandomForest,0.374,0.339,0.547,0.659,ok,smote_variants,37,spiral__low_ir__low_overlap,spiral,low_ir,low_overlap,spiral
SMOTE,LogisticRegression,0.278,0.271,0.46,0.517,ok,imbalanced_learn,37,spiral__low_ir__low_overlap,spiral,low_ir,low_overlap,spiral
SMOTE,RandomForest,0.356,0.356,0.53,0.609,ok,imbalanced_learn,37,spiral__low_ir__low_overlap,spiral,low_ir,low_overlap,spiral
BorderlineSMOTE,LogisticRegression,0.256,0.251,0.439,0.52,ok,imbalanced_learn,37,spiral__low_ir__low_overlap,spiral,low_ir,low_overlap,spiral
BorderlineSMOTE,RandomForest,0.356,0.358,0.53,0.601,ok,imbalanced_learn,37,spiral__low_ir__low_overlap,spiral,low_ir,low_overlap,spiral
SVMSMOTE,LogisticRegression,0.242,0.241,0.425,0.496,ok,imbalanced_learn,37,spiral__low_ir__low_overlap,spiral,low_ir,low_overlap,spiral
SVMSMOTE,RandomForest,0.402,0.393,0.571,0.683,ok,imbalanced_learn,37,spiral__low_ir__low_overlap,spiral,low_ir,low_overlap,spiral
ADASYN,LogisticRegression,,,,,error,imbalanced_learn,37,spiral__low_ir__low_overlap,spiral,low_ir,low_overlap,spiral
ADASYN,RandomForest,,,,,error,imbalanced_learn,37,spiral__low_ir__low_overlap,spiral,low_ir,low_overlap,spiral
KMeansSMOTE,LogisticRegression,,,,,error,imbalanced_learn,37,spiral__low_ir__low_overlap,spiral,low_ir,low_overlap,spiral
KMeansSMOTE,RandomForest,,,,,error,imbalanced_learn,37,spiral__low_ir__low_overlap,spiral,low_ir,low_overlap,spiral
NoSampler,LogisticRegression,0.264,0.216,0.446,0.512,ok,baseline,38,spiral__low_ir__medium_overlap,spiral,low_ir,medium_overlap,spiral
NoSampler,RandomForest,0.326,0.286,0.505,0.618,ok,baseline,38,spiral__low_ir__medium_overlap,spiral,low_ir,medium_overlap,spiral
distance_SMOTE,LogisticRegression,0.281,0.233,0.463,0.513,ok,smote_variants,38,spiral__low_ir__medium_overlap,spiral,low_ir,medium_overlap,spiral
distance_SMOTE,RandomForest,0.327,0.288,0.506,0.598,ok,smote_variants,38,spiral__low_ir__medium_overlap,spiral,low_ir,medium_overlap,spiral
cluster_SMOTE,LogisticRegression,0.277,0.23,0.46,0.513,ok,smote_variants,38,spiral__low_ir__medium_overlap,spiral,low_ir,medium_overlap,spiral
cluster_SMOTE,RandomForest,0.351,0.316,0.527,0.619,ok,smote_variants,38,spiral__low_ir__medium_overlap,spiral,low_ir,medium_overlap,spiral
CBSO,LogisticRegression,0.276,0.23,0.459,0.51,ok,smote_variants,38,spiral__low_ir__medium_overlap,spiral,low_ir,medium_overlap,spiral
CBSO,RandomForest,0.339,0.305,0.517,0.63,ok,smote_variants,38,spiral__low_ir__medium_overlap,spiral,low_ir,medium_overlap,spiral
AHC,LogisticRegression,0.256,0.132,0.439,,ok,smote_variants,38,spiral__low_ir__medium_overlap,spiral,low_ir,medium_overlap,spiral
AHC,RandomForest,0.293,0.227,0.476,,ok,smote_variants,38,spiral__low_ir__medium_overlap,spiral,low_ir,medium_overlap,spiral
DBSMOTE,LogisticRegression,0.286,0.237,0.468,0.512,ok,smote_variants,38,spiral__low_ir__medium_overlap,spiral,low_ir,medium_overlap,spiral
DBSMOTE,RandomForest,0.346,0.306,0.523,0.636,ok,smote_variants,38,spiral__low_ir__medium_overlap,spiral,low_ir,medium_overlap,spiral
MWMOTE,LogisticRegression,0.281,0.233,0.463,0.513,ok,smote_variants,38,spiral__low_ir__medium_overlap,spiral,low_ir,medium_overlap,spiral
MWMOTE,RandomForest,0.342,0.305,0.519,0.625,ok,smote_variants,38,spiral__low_ir__medium_overlap,spiral,low_ir,medium_overlap,spiral
SMOTE,LogisticRegression,0.258,0.25,0.441,0.513,ok,imbalanced_learn,38,spiral__low_ir__medium_overlap,spiral,low_ir,medium_overlap,spiral
SMOTE,RandomForest,0.33,0.328,0.507,0.605,ok,imbalanced_learn,38,spiral__low_ir__medium_overlap,spiral,low_ir,medium_overlap,spiral
BorderlineSMOTE,LogisticRegression,0.229,0.223,0.413,0.503,ok,imbalanced_learn,38,spiral__low_ir__medium_overlap,spiral,low_ir,medium_overlap,spiral
BorderlineSMOTE,RandomForest,0.317,0.316,0.496,0.589,ok,imbalanced_learn,38,spiral__low_ir__medium_overlap,spiral,low_ir,medium_overlap,spiral
SVMSMOTE,LogisticRegression,0.256,0.252,0.439,0.508,ok,imbalanced_learn,38,spiral__low_ir__medium_overlap,spiral,low_ir,medium_overlap,spiral
SVMSMOTE,RandomForest,0.362,0.355,0.536,0.649,ok,imbalanced_learn,38,spiral__low_ir__medium_overlap,spiral,low_ir,medium_overlap,spiral
ADASYN,LogisticRegression,,,,,error,imbalanced_learn,38,spiral__low_ir__medium_overlap,spiral,low_ir,medium_overlap,spiral
ADASYN,RandomForest,,,,,error,imbalanced_learn,38,spiral__low_ir__medium_overlap,spiral,low_ir,medium_overlap,spiral
KMeansSMOTE,LogisticRegression,,,,,error,imbalanced_learn,38,spiral__low_ir__medium_overlap,spiral,low_ir,medium_overlap,spiral
KMeansSMOTE,RandomForest,,,,,error,imbalanced_learn,38,spiral__low_ir__medium_overlap,spiral,low_ir,medium_overlap,spiral
NoSampler,LogisticRegression,0.276,0.231,0.458,0.544,ok,baseline,39,spiral__low_ir__high_overlap,spiral,low_ir,high_overlap,spiral
NoSampler,RandomForest,0.285,0.249,0.467,0.588,ok,baseline,39,spiral__low_ir__high_overlap,spiral,low_ir,high_overlap,spiral
distance_SMOTE,LogisticRegression,0.254,0.208,0.436,0.542,ok,smote_variants,39,spiral__low_ir__high_overlap,spiral,low_ir,high_overlap,spiral
distance_SMOTE,RandomForest,0.293,0.251,0.475,0.603,ok,smote_variants,39,spiral__low_ir__high_overlap,spiral,low_ir,high_overlap,spiral
cluster_SMOTE,LogisticRegression,0.256,0.212,0.439,0.546,ok,smote_variants,39,spiral__low_ir__high_overlap,spiral,low_ir,high_overlap,spiral
cluster_SMOTE,RandomForest,0.301,0.261,0.482,0.6,ok,smote_variants,39,spiral__low_ir__high_overlap,spiral,low_ir,high_overlap,spiral
CBSO,LogisticRegression,0.255,0.211,0.437,0.545,ok,smote_variants,39,spiral__low_ir__high_overlap,spiral,low_ir,high_overlap,spiral
CBSO,RandomForest,0.307,0.264,0.488,0.601,ok,smote_variants,39,spiral__low_ir__high_overlap,spiral,low_ir,high_overlap,spiral
AHC,LogisticRegression,0.264,0.167,0.447,,ok,smote_variants,39,spiral__low_ir__high_overlap,spiral,low_ir,high_overlap,spiral
AHC,RandomForest,0.272,0.209,0.455,,ok,smote_variants,39,spiral__low_ir__high_overlap,spiral,low_ir,high_overlap,spiral
DBSMOTE,LogisticRegression,0.254,0.208,0.436,0.543,ok,smote_variants,39,spiral__low_ir__high_overlap,spiral,low_ir,high_overlap,spiral
DBSMOTE,RandomForest,0.274,0.231,0.457,0.586,ok,smote_variants,39,spiral__low_ir__high_overlap,spiral,low_ir,high_overlap,spiral
MWMOTE,LogisticRegression,0.265,0.219,0.447,0.543,ok,smote_variants,39,spiral__low_ir__high_overlap,spiral,low_ir,high_overlap,spiral
MWMOTE,RandomForest,0.286,0.247,0.468,0.607,ok,smote_variants,39,spiral__low_ir__high_overlap,spiral,low_ir,high_overlap,spiral
SMOTE,LogisticRegression,0.286,0.281,0.466,0.55,ok,imbalanced_learn,39,spiral__low_ir__high_overlap,spiral,low_ir,high_overlap,spiral
SMOTE,RandomForest,0.303,0.304,0.483,0.574,ok,imbalanced_learn,39,spiral__low_ir__high_overlap,spiral,low_ir,high_overlap,spiral
BorderlineSMOTE,LogisticRegression,0.27,0.268,0.452,0.55,ok,imbalanced_learn,39,spiral__low_ir__high_overlap,spiral,low_ir,high_overlap,spiral
BorderlineSMOTE,RandomForest,0.285,0.281,0.467,0.563,ok,imbalanced_learn,39,spiral__low_ir__high_overlap,spiral,low_ir,high_overlap,spiral
SVMSMOTE,LogisticRegression,0.276,0.269,0.457,0.549,ok,imbalanced_learn,39,spiral__low_ir__high_overlap,spiral,low_ir,high_overlap,spiral
SVMSMOTE,RandomForest,0.309,0.3,0.489,0.603,ok,imbalanced_learn,39,spiral__low_ir__high_overlap,spiral,low_ir,high_overlap,spiral
ADASYN,LogisticRegression,,,,,error,imbalanced_learn,39,spiral__low_ir__high_overlap,spiral,low_ir,high_overlap,spiral
ADASYN,RandomForest,,,,,error,imbalanced_learn,39,spiral__low_ir__high_overlap,spiral,low_ir,high_overlap,spiral
KMeansSMOTE,LogisticRegression,,,,,error,imbalanced_learn,39,spiral__low_ir__high_overlap,spiral,low_ir,high_overlap,spiral
KMeansSMOTE,RandomForest,,,,,error,imbalanced_learn,39,spiral__low_ir__high_overlap,spiral,low_ir,high_overlap,spiral
NoSampler,LogisticRegression,0.256,0.174,0.439,0.55,ok,baseline,40,spiral__medium_ir__low_overlap,spiral,medium_ir,low_overlap,spiral
NoSampler,RandomForest,0.332,0.309,0.51,0.728,ok,baseline,40,spiral__medium_ir__low_overlap,spiral,medium_ir,low_overlap,spiral
distance_SMOTE,LogisticRegression,0.266,0.222,0.449,0.546,ok,smote_variants,40,spiral__medium_ir__low_overlap,spiral,medium_ir,low_overlap,spiral
distance_SMOTE,RandomForest,0.324,0.299,0.503,0.643,ok,smote_variants,40,spiral__medium_ir__low_overlap,spiral,medium_ir,low_overlap,spiral
cluster_SMOTE,LogisticRegression,0.266,0.223,0.449,0.544,ok,smote_variants,40,spiral__medium_ir__low_overlap,spiral,medium_ir,low_overlap,spiral
cluster_SMOTE,RandomForest,0.35,0.326,0.527,0.677,ok,smote_variants,40,spiral__medium_ir__low_overlap,spiral,medium_ir,low_overlap,spiral
CBSO,LogisticRegression,0.279,0.234,0.461,0.554,ok,smote_variants,40,spiral__medium_ir__low_overlap,spiral,medium_ir,low_overlap,spiral
CBSO,RandomForest,0.342,0.319,0.521,0.668,ok,smote_variants,40,spiral__medium_ir__low_overlap,spiral,medium_ir,low_overlap,spiral
AHC,LogisticRegression,0.252,0.193,0.435,,ok,smote_variants,40,spiral__medium_ir__low_overlap,spiral,medium_ir,low_overlap,spiral
AHC,RandomForest,0.28,0.231,0.463,,ok,smote_variants,40,spiral__medium_ir__low_overlap,spiral,medium_ir,low_overlap,spiral
DBSMOTE,LogisticRegression,0.267,0.219,0.449,0.547,ok,smote_variants,40,spiral__medium_ir__low_overlap,spiral,medium_ir,low_overlap,spiral
DBSMOTE,RandomForest,0.342,0.319,0.52,0.704,ok,smote_variants,40,spiral__medium_ir__low_overlap,spiral,medium_ir,low_overlap,spiral
MWMOTE,LogisticRegression,0.272,0.227,0.455,0.548,ok,smote_variants,40,spiral__medium_ir__low_overlap,spiral,medium_ir,low_overlap,spiral
MWMOTE,RandomForest,0.351,0.329,0.528,0.685,ok,smote_variants,40,spiral__medium_ir__low_overlap,spiral,medium_ir,low_overlap,spiral
SMOTE,LogisticRegression,0.312,0.271,0.488,0.543,ok,imbalanced_learn,40,spiral__medium_ir__low_overlap,spiral,medium_ir,low_overlap,spiral
SMOTE,RandomForest,0.45,0.464,0.609,0.697,ok,imbalanced_learn,40,spiral__medium_ir__low_overlap,spiral,medium_ir,low_overlap,spiral
BorderlineSMOTE,LogisticRegression,0.3,0.264,0.478,0.547,ok,imbalanced_learn,40,spiral__medium_ir__low_overlap,spiral,medium_ir,low_overlap,spiral
BorderlineSMOTE,RandomForest,0.408,0.418,0.575,0.666,ok,imbalanced_learn,40,spiral__medium_ir__low_overlap,spiral,medium_ir,low_overlap,spiral
SVMSMOTE,LogisticRegression,0.298,0.291,0.477,0.55,ok,imbalanced_learn,40,spiral__medium_ir__low_overlap,spiral,medium_ir,low_overlap,spiral
SVMSMOTE,RandomForest,0.392,0.396,0.564,0.712,ok,imbalanced_learn,40,spiral__medium_ir__low_overlap,spiral,medium_ir,low_overlap,spiral
ADASYN,LogisticRegression,0.297,0.255,0.475,0.549,ok,imbalanced_learn,40,spiral__medium_ir__low_overlap,spiral,medium_ir,low_overlap,spiral
ADASYN,RandomForest,0.408,0.414,0.574,0.681,ok,imbalanced_learn,40,spiral__medium_ir__low_overlap,spiral,medium_ir,low_overlap,spiral
KMeansSMOTE,LogisticRegression,,,,,error,imbalanced_learn,40,spiral__medium_ir__low_overlap,spiral,medium_ir,low_overlap,spiral
KMeansSMOTE,RandomForest,,,,,error,imbalanced_learn,40,spiral__medium_ir__low_overlap,spiral,medium_ir,low_overlap,spiral
NoSampler,LogisticRegression,0.258,0.179,0.44,0.521,ok,baseline,41,spiral__medium_ir__medium_overlap,spiral,medium_ir,medium_overlap,spiral
NoSampler,RandomForest,0.298,0.249,0.48,0.659,ok,baseline,41,spiral__medium_ir__medium_overlap,spiral,medium_ir,medium_overlap,spiral
distance_SMOTE,LogisticRegression,0.258,0.21,0.44,0.522,ok,smote_variants,41,spiral__medium_ir__medium_overlap,spiral,medium_ir,medium_overlap,spiral
distance_SMOTE,RandomForest,0.306,0.28,0.488,0.634,ok,smote_variants,41,spiral__medium_ir__medium_overlap,spiral,medium_ir,medium_overlap,spiral
cluster_SMOTE,LogisticRegression,0.267,0.219,0.449,0.524,ok,smote_variants,41,spiral__medium_ir__medium_overlap,spiral,medium_ir,medium_overlap,spiral
cluster_SMOTE,RandomForest,0.343,0.315,0.523,0.669,ok,smote_variants,41,spiral__medium_ir__medium_overlap,spiral,medium_ir,medium_overlap,spiral
CBSO,LogisticRegression,0.26,0.215,0.442,0.529,ok,smote_variants,41,spiral__medium_ir__medium_overlap,spiral,medium_ir,medium_overlap,spiral
CBSO,RandomForest,0.335,0.312,0.515,0.622,ok,smote_variants,41,spiral__medium_ir__medium_overlap,spiral,medium_ir,medium_overlap,spiral
AHC,LogisticRegression,0.26,0.197,0.443,,ok,smote_variants,41,spiral__medium_ir__medium_overlap,spiral,medium_ir,medium_overlap,spiral
AHC,RandomForest,0.286,0.234,0.469,,ok,smote_variants,41,spiral__medium_ir__medium_overlap,spiral,medium_ir,medium_overlap,spiral
DBSMOTE,LogisticRegression,0.258,0.209,0.44,0.522,ok,smote_variants,41,spiral__medium_ir__medium_overlap,spiral,medium_ir,medium_overlap,spiral
DBSMOTE,RandomForest,0.326,0.301,0.506,0.671,ok,smote_variants,41,spiral__medium_ir__medium_overlap,spiral,medium_ir,medium_overlap,spiral
MWMOTE,LogisticRegression,0.262,0.216,0.444,0.516,ok,smote_variants,41,spiral__medium_ir__medium_overlap,spiral,medium_ir,medium_overlap,spiral
MWMOTE,RandomForest,0.328,0.306,0.508,0.619,ok,smote_variants,41,spiral__medium_ir__medium_overlap,spiral,medium_ir,medium_overlap,spiral
SMOTE,LogisticRegression,0.261,0.242,0.445,0.522,ok,imbalanced_learn,41,spiral__medium_ir__medium_overlap,spiral,medium_ir,medium_overlap,spiral
SMOTE,RandomForest,0.348,0.35,0.523,0.618,ok,imbalanced_learn,41,spiral__medium_ir__medium_overlap,spiral,medium_ir,medium_overlap,spiral
BorderlineSMOTE,LogisticRegression,0.26,0.234,0.442,0.529,ok,imbalanced_learn,41,spiral__medium_ir__medium_overlap,spiral,medium_ir,medium_overlap,spiral
BorderlineSMOTE,RandomForest,0.339,0.339,0.517,0.641,ok,imbalanced_learn,41,spiral__medium_ir__medium_overlap,spiral,medium_ir,medium_overlap,spiral
SVMSMOTE,LogisticRegression,0.274,0.261,0.455,0.531,ok,imbalanced_learn,41,spiral__medium_ir__medium_overlap,spiral,medium_ir,medium_overlap,spiral
SVMSMOTE,RandomForest,0.337,0.329,0.514,0.642,ok,imbalanced_learn,41,spiral__medium_ir__medium_overlap,spiral,medium_ir,medium_overlap,spiral
ADASYN,LogisticRegression,0.259,0.22,0.441,0.52,ok,imbalanced_learn,41,spiral__medium_ir__medium_overlap,spiral,medium_ir,medium_overlap,spiral
ADASYN,RandomForest,0.334,0.333,0.512,0.622,ok,imbalanced_learn,41,spiral__medium_ir__medium_overlap,spiral,medium_ir,medium_overlap,spiral
KMeansSMOTE,LogisticRegression,,,,,error,imbalanced_learn,41,spiral__medium_ir__medium_overlap,spiral,medium_ir,medium_overlap,spiral
KMeansSMOTE,RandomForest,,,,,error,imbalanced_learn,41,spiral__medium_ir__medium_overlap,spiral,medium_ir,medium_overlap,spiral
NoSampler,LogisticRegression,0.249,0.165,0.432,0.526,ok,baseline,42,spiral__medium_ir__high_overlap,spiral,medium_ir,high_overlap,spiral
NoSampler,RandomForest,0.277,0.221,0.46,0.594,ok,baseline,42,spiral__medium_ir__high_overlap,spiral,medium_ir,high_overlap,spiral
distance_SMOTE,LogisticRegression,0.241,0.196,0.425,0.527,ok,smote_variants,42,spiral__medium_ir__high_overlap,spiral,medium_ir,high_overlap,spiral
distance_SMOTE,RandomForest,0.275,0.233,0.459,0.54,ok,smote_variants,42,spiral__medium_ir__high_overlap,spiral,medium_ir,high_overlap,spiral
cluster_SMOTE,LogisticRegression,0.271,0.219,0.454,0.528,ok,smote_variants,42,spiral__medium_ir__high_overlap,spiral,medium_ir,high_overlap,spiral
cluster_SMOTE,RandomForest,0.286,0.247,0.469,0.577,ok,smote_variants,42,spiral__medium_ir__high_overlap,spiral,medium_ir,high_overlap,spiral
CBSO,LogisticRegression,0.238,0.195,0.422,0.523,ok,smote_variants,42,spiral__medium_ir__high_overlap,spiral,medium_ir,high_overlap,spiral
CBSO,RandomForest,0.286,0.243,0.469,0.588,ok,smote_variants,42,spiral__medium_ir__high_overlap,spiral,medium_ir,high_overlap,spiral
AHC,LogisticRegression,0.256,0.201,0.439,,ok,smote_variants,42,spiral__medium_ir__high_overlap,spiral,medium_ir,high_overlap,spiral
AHC,RandomForest,0.266,0.218,0.45,,ok,smote_variants,42,spiral__medium_ir__high_overlap,spiral,medium_ir,high_overlap,spiral
DBSMOTE,LogisticRegression,0.24,0.195,0.423,0.527,ok,smote_variants,42,spiral__medium_ir__high_overlap,spiral,medium_ir,high_overlap,spiral
DBSMOTE,RandomForest,0.278,0.227,0.462,0.572,ok,smote_variants,42,spiral__medium_ir__high_overlap,spiral,medium_ir,high_overlap,spiral
MWMOTE,LogisticRegression,0.247,0.201,0.43,0.53,ok,smote_variants,42,spiral__medium_ir__high_overlap,spiral,medium_ir,high_overlap,spiral
MWMOTE,RandomForest,0.293,0.249,0.476,0.578,ok,smote_variants,42,spiral__medium_ir__high_overlap,spiral,medium_ir,high_overlap,spiral
SMOTE,LogisticRegression,0.261,0.233,0.442,0.532,ok,imbalanced_learn,42,spiral__medium_ir__high_overlap,spiral,medium_ir,high_overlap,spiral
SMOTE,RandomForest,0.287,0.279,0.47,0.578,ok,imbalanced_learn,42,spiral__medium_ir__high_overlap,spiral,medium_ir,high_overlap,spiral
BorderlineSMOTE,LogisticRegression,0.267,0.237,0.447,0.535,ok,imbalanced_learn,42,spiral__medium_ir__high_overlap,spiral,medium_ir,high_overlap,spiral
BorderlineSMOTE,RandomForest,0.278,0.274,0.46,0.558,ok,imbalanced_learn,42,spiral__medium_ir__high_overlap,spiral,medium_ir,high_overlap,spiral
SVMSMOTE,LogisticRegression,0.258,0.253,0.441,0.532,ok,imbalanced_learn,42,spiral__medium_ir__high_overlap,spiral,medium_ir,high_overlap,spiral
SVMSMOTE,RandomForest,0.298,0.287,0.479,0.582,ok,imbalanced_learn,42,spiral__medium_ir__high_overlap,spiral,medium_ir,high_overlap,spiral
ADASYN,LogisticRegression,0.253,0.216,0.435,0.526,ok,imbalanced_learn,42,spiral__medium_ir__high_overlap,spiral,medium_ir,high_overlap,spiral
ADASYN,RandomForest,0.273,0.265,0.457,0.559,ok,imbalanced_learn,42,spiral__medium_ir__high_overlap,spiral,medium_ir,high_overlap,spiral
KMeansSMOTE,LogisticRegression,,,,,error,imbalanced_learn,42,spiral__medium_ir__high_overlap,spiral,medium_ir,high_overlap,spiral
KMeansSMOTE,RandomForest,,,,,error,imbalanced_learn,42,spiral__medium_ir__high_overlap,spiral,medium_ir,high_overlap,spiral
NoSampler,LogisticRegression,0.249,0.18,0.432,0.504,ok,baseline,43,spiral__high_ir__low_overlap,spiral,high_ir,low_overlap,spiral
NoSampler,RandomForest,0.284,0.247,0.467,0.666,ok,baseline,43,spiral__high_ir__low_overlap,spiral,high_ir,low_overlap,spiral
distance_SMOTE,LogisticRegression,0.233,0.199,0.414,0.505,ok,smote_variants,43,spiral__high_ir__low_overlap,spiral,high_ir,low_overlap,spiral
distance_SMOTE,RandomForest,0.294,0.268,0.478,0.635,ok,smote_variants,43,spiral__high_ir__low_overlap,spiral,high_ir,low_overlap,spiral
cluster_SMOTE,LogisticRegression,0.239,0.207,0.421,0.501,ok,smote_variants,43,spiral__high_ir__low_overlap,spiral,high_ir,low_overlap,spiral
cluster_SMOTE,RandomForest,0.313,0.287,0.497,0.657,ok,smote_variants,43,spiral__high_ir__low_overlap,spiral,high_ir,low_overlap,spiral
CBSO,LogisticRegression,0.245,0.21,0.427,0.504,ok,smote_variants,43,spiral__high_ir__low_overlap,spiral,high_ir,low_overlap,spiral
CBSO,RandomForest,0.31,0.289,0.493,0.636,ok,smote_variants,43,spiral__high_ir__low_overlap,spiral,high_ir,low_overlap,spiral
AHC,LogisticRegression,0.234,0.206,0.416,,ok,smote_variants,43,spiral__high_ir__low_overlap,spiral,high_ir,low_overlap,spiral
AHC,RandomForest,0.298,0.266,0.483,,ok,smote_variants,43,spiral__high_ir__low_overlap,spiral,high_ir,low_overlap,spiral
DBSMOTE,LogisticRegression,0.231,0.198,0.412,0.503,ok,smote_variants,43,spiral__high_ir__low_overlap,spiral,high_ir,low_overlap,spiral
DBSMOTE,RandomForest,0.311,0.29,0.495,0.703,ok,smote_variants,43,spiral__high_ir__low_overlap,spiral,high_ir,low_overlap,spiral
MWMOTE,LogisticRegression,0.234,0.199,0.416,0.505,ok,smote_variants,43,spiral__high_ir__low_overlap,spiral,high_ir,low_overlap,spiral
MWMOTE,RandomForest,0.321,0.298,0.505,0.648,ok,smote_variants,43,spiral__high_ir__low_overlap,spiral,high_ir,low_overlap,spiral
SMOTE,LogisticRegression,0.253,0.199,0.434,0.508,ok,imbalanced_learn,43,spiral__high_ir__low_overlap,spiral,high_ir,low_overlap,spiral
SMOTE,RandomForest,0.349,0.362,0.524,0.62,ok,imbalanced_learn,43,spiral__high_ir__low_overlap,spiral,high_ir,low_overlap,spiral
BorderlineSMOTE,LogisticRegression,0.265,0.213,0.446,0.508,ok,imbalanced_learn,43,spiral__high_ir__low_overlap,spiral,high_ir,low_overlap,spiral
BorderlineSMOTE,RandomForest,0.308,0.302,0.492,0.615,ok,imbalanced_learn,43,spiral__high_ir__low_overlap,spiral,high_ir,low_overlap,spiral
SVMSMOTE,LogisticRegression,0.245,0.237,0.428,0.506,ok,imbalanced_learn,43,spiral__high_ir__low_overlap,spiral,high_ir,low_overlap,spiral
SVMSMOTE,RandomForest,0.3,0.285,0.482,0.612,ok,imbalanced_learn,43,spiral__high_ir__low_overlap,spiral,high_ir,low_overlap,spiral
ADASYN,LogisticRegression,0.259,0.212,0.442,0.506,ok,imbalanced_learn,43,spiral__high_ir__low_overlap,spiral,high_ir,low_overlap,spiral
ADASYN,RandomForest,0.335,0.342,0.512,0.632,ok,imbalanced_learn,43,spiral__high_ir__low_overlap,spiral,high_ir,low_overlap,spiral
KMeansSMOTE,LogisticRegression,,,,,error,imbalanced_learn,43,spiral__high_ir__low_overlap,spiral,high_ir,low_overlap,spiral
KMeansSMOTE,RandomForest,,,,,error,imbalanced_learn,43,spiral__high_ir__low_overlap,spiral,high_ir,low_overlap,spiral
NoSampler,LogisticRegression,0.253,0.186,0.437,0.564,ok,baseline,44,spiral__high_ir__medium_overlap,spiral,high_ir,medium_overlap,spiral
NoSampler,RandomForest,0.289,0.255,0.471,0.607,ok,baseline,44,spiral__high_ir__medium_overlap,spiral,high_ir,medium_overlap,spiral
distance_SMOTE,LogisticRegression,0.265,0.23,0.449,0.564,ok,smote_variants,44,spiral__high_ir__medium_overlap,spiral,high_ir,medium_overlap,spiral
distance_SMOTE,RandomForest,0.279,0.251,0.464,0.574,ok,smote_variants,44,spiral__high_ir__medium_overlap,spiral,high_ir,medium_overlap,spiral
cluster_SMOTE,LogisticRegression,0.272,0.236,0.455,0.568,ok,smote_variants,44,spiral__high_ir__medium_overlap,spiral,high_ir,medium_overlap,spiral
cluster_SMOTE,RandomForest,0.299,0.271,0.485,0.598,ok,smote_variants,44,spiral__high_ir__medium_overlap,spiral,high_ir,medium_overlap,spiral
CBSO,LogisticRegression,0.265,0.23,0.449,0.566,ok,smote_variants,44,spiral__high_ir__medium_overlap,spiral,high_ir,medium_overlap,spiral
CBSO,RandomForest,0.285,0.262,0.469,0.591,ok,smote_variants,44,spiral__high_ir__medium_overlap,spiral,high_ir,medium_overlap,spiral
AHC,LogisticRegression,0.267,0.236,0.451,,ok,smote_variants,44,spiral__high_ir__medium_overlap,spiral,high_ir,medium_overlap,spiral
AHC,RandomForest,0.277,0.243,0.462,,ok,smote_variants,44,spiral__high_ir__medium_overlap,spiral,high_ir,medium_overlap,spiral
DBSMOTE,LogisticRegression,0.269,0.234,0.453,0.563,ok,smote_variants,44,spiral__high_ir__medium_overlap,spiral,high_ir,medium_overlap,spiral
DBSMOTE,RandomForest,0.291,0.265,0.475,0.609,ok,smote_variants,44,spiral__high_ir__medium_overlap,spiral,high_ir,medium_overlap,spiral
MWMOTE,LogisticRegression,0.265,0.228,0.448,0.561,ok,smote_variants,44,spiral__high_ir__medium_overlap,spiral,high_ir,medium_overlap,spiral
MWMOTE,RandomForest,0.287,0.264,0.472,0.559,ok,smote_variants,44,spiral__high_ir__medium_overlap,spiral,high_ir,medium_overlap,spiral
SMOTE,LogisticRegression,0.296,0.246,0.476,0.562,ok,imbalanced_learn,44,spiral__high_ir__medium_overlap,spiral,high_ir,medium_overlap,spiral
SMOTE,RandomForest,0.332,0.339,0.509,0.611,ok,imbalanced_learn,44,spiral__high_ir__medium_overlap,spiral,high_ir,medium_overlap,spiral
BorderlineSMOTE,LogisticRegression,0.307,0.236,0.483,0.547,ok,imbalanced_learn,44,spiral__high_ir__medium_overlap,spiral,high_ir,medium_overlap,spiral
BorderlineSMOTE,RandomForest,0.307,0.307,0.488,0.594,ok,imbalanced_learn,44,spiral__high_ir__medium_overlap,spiral,high_ir,medium_overlap,spiral
SVMSMOTE,LogisticRegression,0.311,0.28,0.489,0.556,ok,imbalanced_learn,44,spiral__high_ir__medium_overlap,spiral,high_ir,medium_overlap,spiral
SVMSMOTE,RandomForest,0.305,0.291,0.486,0.603,ok,imbalanced_learn,44,spiral__high_ir__medium_overlap,spiral,high_ir,medium_overlap,spiral
ADASYN,LogisticRegression,0.306,0.242,0.484,0.558,ok,imbalanced_learn,44,spiral__high_ir__medium_overlap,spiral,high_ir,medium_overlap,spiral
ADASYN,RandomForest,0.332,0.342,0.509,0.602,ok,imbalanced_learn,44,spiral__high_ir__medium_overlap,spiral,high_ir,medium_overlap,spiral
KMeansSMOTE,LogisticRegression,,,,,error,imbalanced_learn,44,spiral__high_ir__medium_overlap,spiral,high_ir,medium_overlap,spiral
KMeansSMOTE,RandomForest,,,,,error,imbalanced_learn,44,spiral__high_ir__medium_overlap,spiral,high_ir,medium_overlap,spiral
NoSampler,LogisticRegression,0.256,0.195,0.439,0.494,ok,baseline,45,spiral__high_ir__high_overlap,spiral,high_ir,high_overlap,spiral
NoSampler,RandomForest,0.255,0.194,0.438,0.562,ok,baseline,45,spiral__high_ir__high_overlap,spiral,high_ir,high_overlap,spiral
distance_SMOTE,LogisticRegression,0.241,0.208,0.423,0.489,ok,smote_variants,45,spiral__high_ir__high_overlap,spiral,high_ir,high_overlap,spiral
distance_SMOTE,RandomForest,0.258,0.224,0.441,0.531,ok,smote_variants,45,spiral__high_ir__high_overlap,spiral,high_ir,high_overlap,spiral
cluster_SMOTE,LogisticRegression,0.232,0.2,0.414,0.488,ok,smote_variants,45,spiral__high_ir__high_overlap,spiral,high_ir,high_overlap,spiral
cluster_SMOTE,RandomForest,0.266,0.237,0.45,0.533,ok,smote_variants,45,spiral__high_ir__high_overlap,spiral,high_ir,high_overlap,spiral
CBSO,LogisticRegression,0.245,0.21,0.428,0.495,ok,smote_variants,45,spiral__high_ir__high_overlap,spiral,high_ir,high_overlap,spiral
CBSO,RandomForest,0.254,0.225,0.437,0.529,ok,smote_variants,45,spiral__high_ir__high_overlap,spiral,high_ir,high_overlap,spiral
AHC,LogisticRegression,0.242,0.213,0.425,,ok,smote_variants,45,spiral__high_ir__high_overlap,spiral,high_ir,high_overlap,spiral
AHC,RandomForest,0.257,0.224,0.441,,ok,smote_variants,45,spiral__high_ir__high_overlap,spiral,high_ir,high_overlap,spiral
DBSMOTE,LogisticRegression,0.245,0.211,0.427,0.496,ok,smote_variants,45,spiral__high_ir__high_overlap,spiral,high_ir,high_overlap,spiral
DBSMOTE,RandomForest,0.268,0.227,0.452,0.571,ok,smote_variants,45,spiral__high_ir__high_overlap,spiral,high_ir,high_overlap,spiral
MWMOTE,LogisticRegression,0.249,0.213,0.432,0.495,ok,smote_variants,45,spiral__high_ir__high_overlap,spiral,high_ir,high_overlap,spiral
MWMOTE,RandomForest,0.27,0.239,0.454,0.534,ok,smote_variants,45,spiral__high_ir__high_overlap,spiral,high_ir,high_overlap,spiral
SMOTE,LogisticRegression,0.248,0.212,0.43,0.497,ok,imbalanced_learn,45,spiral__high_ir__high_overlap,spiral,high_ir,high_overlap,spiral
SMOTE,RandomForest,0.249,0.228,0.433,0.508,ok,imbalanced_learn,45,spiral__high_ir__high_overlap,spiral,high_ir,high_overlap,spiral
BorderlineSMOTE,LogisticRegression,0.252,0.217,0.434,0.505,ok,imbalanced_learn,45,spiral__high_ir__high_overlap,spiral,high_ir,high_overlap,spiral
BorderlineSMOTE,RandomForest,0.263,0.248,0.447,0.533,ok,imbalanced_learn,45,spiral__high_ir__high_overlap,spiral,high_ir,high_overlap,spiral
SVMSMOTE,LogisticRegression,0.257,0.248,0.441,0.503,ok,imbalanced_learn,45,spiral__high_ir__high_overlap,spiral,high_ir,high_overlap,spiral
SVMSMOTE,RandomForest,0.272,0.251,0.455,0.548,ok,imbalanced_learn,45,spiral__high_ir__high_overlap,spiral,high_ir,high_overlap,spiral
ADASYN,LogisticRegression,0.24,0.208,0.423,0.493,ok,imbalanced_learn,45,spiral__high_ir__high_overlap,spiral,high_ir,high_overlap,spiral
ADASYN,RandomForest,0.268,0.258,0.453,0.535,ok,imbalanced_learn,45,spiral__high_ir__high_overlap,spiral,high_ir,high_overlap,spiral
KMeansSMOTE,LogisticRegression,,,,,error,imbalanced_learn,45,spiral__high_ir__high_overlap,spiral,high_ir,high_overlap,spiral
KMeansSMOTE,RandomForest,,,,,error,imbalanced_learn,45,spiral__high_ir__high_overlap,spiral,high_ir,high_overlap,spiral
NoSampler,LogisticRegression,0.255,0.201,0.437,0.519,ok,baseline,46,complex__low_ir__low_overlap,complex,low_ir,low_overlap,complex
NoSampler,RandomForest,0.528,0.499,0.672,0.815,ok,baseline,46,complex__low_ir__low_overlap,complex,low_ir,low_overlap,complex
distance_SMOTE,LogisticRegression,0.267,0.21,0.45,0.523,ok,smote_variants,46,complex__low_ir__low_overlap,complex,low_ir,low_overlap,complex
distance_SMOTE,RandomForest,0.54,0.522,0.681,0.818,ok,smote_variants,46,complex__low_ir__low_overlap,complex,low_ir,low_overlap,complex
cluster_SMOTE,LogisticRegression,0.262,0.206,0.445,0.517,ok,smote_variants,46,complex__low_ir__low_overlap,complex,low_ir,low_overlap,complex
cluster_SMOTE,RandomForest,0.542,0.521,0.683,0.807,ok,smote_variants,46,complex__low_ir__low_overlap,complex,low_ir,low_overlap,complex
CBSO,LogisticRegression,0.265,0.209,0.448,0.516,ok,smote_variants,46,complex__low_ir__low_overlap,complex,low_ir,low_overlap,complex
CBSO,RandomForest,0.541,0.519,0.683,0.814,ok,smote_variants,46,complex__low_ir__low_overlap,complex,low_ir,low_overlap,complex
AHC,LogisticRegression,0.267,0.163,0.45,,ok,smote_variants,46,complex__low_ir__low_overlap,complex,low_ir,low_overlap,complex
AHC,RandomForest,0.383,0.303,0.558,,ok,smote_variants,46,complex__low_ir__low_overlap,complex,low_ir,low_overlap,complex
DBSMOTE,LogisticRegression,0.275,0.216,0.458,0.524,ok,smote_variants,46,complex__low_ir__low_overlap,complex,low_ir,low_overlap,complex
DBSMOTE,RandomForest,0.546,0.524,0.686,0.816,ok,smote_variants,46,complex__low_ir__low_overlap,complex,low_ir,low_overlap,complex
MWMOTE,LogisticRegression,0.268,0.211,0.451,0.519,ok,smote_variants,46,complex__low_ir__low_overlap,complex,low_ir,low_overlap,complex
MWMOTE,RandomForest,0.546,0.527,0.687,0.813,ok,smote_variants,46,complex__low_ir__low_overlap,complex,low_ir,low_overlap,complex
SMOTE,LogisticRegression,0.27,0.257,0.452,0.514,ok,imbalanced_learn,46,complex__low_ir__low_overlap,complex,low_ir,low_overlap,complex
SMOTE,RandomForest,0.542,0.532,0.682,0.804,ok,imbalanced_learn,46,complex__low_ir__low_overlap,complex,low_ir,low_overlap,complex
BorderlineSMOTE,LogisticRegression,0.271,0.265,0.454,0.519,ok,imbalanced_learn,46,complex__low_ir__low_overlap,complex,low_ir,low_overlap,complex
BorderlineSMOTE,RandomForest,0.565,0.554,0.699,0.808,ok,imbalanced_learn,46,complex__low_ir__low_overlap,complex,low_ir,low_overlap,complex
SVMSMOTE,LogisticRegression,0.283,0.272,0.465,0.525,ok,imbalanced_learn,46,complex__low_ir__low_overlap,complex,low_ir,low_overlap,complex
SVMSMOTE,RandomForest,0.555,0.546,0.691,0.814,ok,imbalanced_learn,46,complex__low_ir__low_overlap,complex,low_ir,low_overlap,complex
ADASYN,LogisticRegression,,,,,error,imbalanced_learn,46,complex__low_ir__low_overlap,complex,low_ir,low_overlap,complex
ADASYN,RandomForest,,,,,error,imbalanced_learn,46,complex__low_ir__low_overlap,complex,low_ir,low_overlap,complex
KMeansSMOTE,LogisticRegression,,,,,error,imbalanced_learn,46,complex__low_ir__low_overlap,complex,low_ir,low_overlap,complex
KMeansSMOTE,RandomForest,,,,,error,imbalanced_learn,46,complex__low_ir__low_overlap,complex,low_ir,low_overlap,complex
NoSampler,LogisticRegression,0.271,0.222,0.453,0.513,ok,baseline,47,complex__low_ir__medium_overlap,complex,low_ir,medium_overlap,complex
NoSampler,RandomForest,0.483,0.456,0.638,0.782,ok,baseline,47,complex__low_ir__medium_overlap,complex,low_ir,medium_overlap,complex
distance_SMOTE,LogisticRegression,0.294,0.241,0.476,0.512,ok,smote_variants,47,complex__low_ir__medium_overlap,complex,low_ir,medium_overlap,complex
distance_SMOTE,RandomForest,0.495,0.471,0.648,0.798,ok,smote_variants,47,complex__low_ir__medium_overlap,complex,low_ir,medium_overlap,complex
cluster_SMOTE,LogisticRegression,0.277,0.23,0.46,0.512,ok,smote_variants,47,complex__low_ir__medium_overlap,complex,low_ir,medium_overlap,complex
cluster_SMOTE,RandomForest,0.5,0.472,0.652,0.788,ok,smote_variants,47,complex__low_ir__medium_overlap,complex,low_ir,medium_overlap,complex
CBSO,LogisticRegression,0.289,0.237,0.471,0.513,ok,smote_variants,47,complex__low_ir__medium_overlap,complex,low_ir,medium_overlap,complex
CBSO,RandomForest,0.5,0.482,0.651,0.778,ok,smote_variants,47,complex__low_ir__medium_overlap,complex,low_ir,medium_overlap,complex
AHC,LogisticRegression,0.259,0.144,0.441,,ok,smote_variants,47,complex__low_ir__medium_overlap,complex,low_ir,medium_overlap,complex
AHC,RandomForest,0.395,0.312,0.569,,ok,smote_variants,47,complex__low_ir__medium_overlap,complex,low_ir,medium_overlap,complex
DBSMOTE,LogisticRegression,0.288,0.236,0.47,0.51,ok,smote_variants,47,complex__low_ir__medium_overlap,complex,low_ir,medium_overlap,complex
DBSMOTE,RandomForest,0.487,0.464,0.641,0.793,ok,smote_variants,47,complex__low_ir__medium_overlap,complex,low_ir,medium_overlap,complex
MWMOTE,LogisticRegression,0.291,0.239,0.473,0.515,ok,smote_variants,47,complex__low_ir__medium_overlap,complex,low_ir,medium_overlap,complex
MWMOTE,RandomForest,0.493,0.473,0.646,0.787,ok,smote_variants,47,complex__low_ir__medium_overlap,complex,low_ir,medium_overlap,complex
SMOTE,LogisticRegression,0.257,0.254,0.441,0.507,ok,imbalanced_learn,47,complex__low_ir__medium_overlap,complex,low_ir,medium_overlap,complex
SMOTE,RandomForest,0.534,0.532,0.675,0.783,ok,imbalanced_learn,47,complex__low_ir__medium_overlap,complex,low_ir,medium_overlap,complex
BorderlineSMOTE,LogisticRegression,0.269,0.264,0.451,0.527,ok,imbalanced_learn,47,complex__low_ir__medium_overlap,complex,low_ir,medium_overlap,complex
BorderlineSMOTE,RandomForest,0.507,0.498,0.654,0.785,ok,imbalanced_learn,47,complex__low_ir__medium_overlap,complex,low_ir,medium_overlap,complex
SVMSMOTE,LogisticRegression,0.25,0.25,0.434,0.523,ok,imbalanced_learn,47,complex__low_ir__medium_overlap,complex,low_ir,medium_overlap,complex
SVMSMOTE,RandomForest,0.505,0.492,0.653,0.798,ok,imbalanced_learn,47,complex__low_ir__medium_overlap,complex,low_ir,medium_overlap,complex
ADASYN,LogisticRegression,,,,,error,imbalanced_learn,47,complex__low_ir__medium_overlap,complex,low_ir,medium_overlap,complex
ADASYN,RandomForest,,,,,error,imbalanced_learn,47,complex__low_ir__medium_overlap,complex,low_ir,medium_overlap,complex
KMeansSMOTE,LogisticRegression,,,,,error,imbalanced_learn,47,complex__low_ir__medium_overlap,complex,low_ir,medium_overlap,complex
KMeansSMOTE,RandomForest,,,,,error,imbalanced_learn,47,complex__low_ir__medium_overlap,complex,low_ir,medium_overlap,complex
NoSampler,LogisticRegression,0.256,0.204,0.439,0.502,ok,baseline,48,complex__low_ir__high_overlap,complex,low_ir,high_overlap,complex
NoSampler,RandomForest,0.513,0.496,0.662,0.785,ok,baseline,48,complex__low_ir__high_overlap,complex,low_ir,high_overlap,complex
distance_SMOTE,LogisticRegression,0.259,0.206,0.442,0.503,ok,smote_variants,48,complex__low_ir__high_overlap,complex,low_ir,high_overlap,complex
distance_SMOTE,RandomForest,0.492,0.469,0.645,0.772,ok,smote_variants,48,complex__low_ir__high_overlap,complex,low_ir,high_overlap,complex
cluster_SMOTE,LogisticRegression,0.255,0.203,0.438,0.5,ok,smote_variants,48,complex__low_ir__high_overlap,complex,low_ir,high_overlap,complex
cluster_SMOTE,RandomForest,0.485,0.463,0.64,0.771,ok,smote_variants,48,complex__low_ir__high_overlap,complex,low_ir,high_overlap,complex
CBSO,LogisticRegression,0.259,0.206,0.442,0.501,ok,smote_variants,48,complex__low_ir__high_overlap,complex,low_ir,high_overlap,complex
CBSO,RandomForest,0.48,0.462,0.634,0.774,ok,smote_variants,48,complex__low_ir__high_overlap,complex,low_ir,high_overlap,complex
AHC,LogisticRegression,0.267,0.178,0.45,,ok,smote_variants,48,complex__low_ir__high_overlap,complex,low_ir,high_overlap,complex
AHC,RandomForest,0.39,0.307,0.564,,ok,smote_variants,48,complex__low_ir__high_overlap,complex,low_ir,high_overlap,complex
DBSMOTE,LogisticRegression,0.261,0.208,0.444,0.505,ok,smote_variants,48,complex__low_ir__high_overlap,complex,low_ir,high_overlap,complex
DBSMOTE,RandomForest,0.503,0.484,0.653,0.799,ok,smote_variants,48,complex__low_ir__high_overlap,complex,low_ir,high_overlap,complex
MWMOTE,LogisticRegression,0.256,0.204,0.439,0.498,ok,smote_variants,48,complex__low_ir__high_overlap,complex,low_ir,high_overlap,complex
MWMOTE,RandomForest,0.503,0.483,0.653,0.77,ok,smote_variants,48,complex__low_ir__high_overlap,complex,low_ir,high_overlap,complex
SMOTE,LogisticRegression,0.271,0.266,0.453,0.51,ok,imbalanced_learn,48,complex__low_ir__high_overlap,complex,low_ir,high_overlap,complex
SMOTE,RandomForest,0.5,0.492,0.65,0.76,ok,imbalanced_learn,48,complex__low_ir__high_overlap,complex,low_ir,high_overlap,complex
BorderlineSMOTE,LogisticRegression,0.257,0.256,0.441,0.494,ok,imbalanced_learn,48,complex__low_ir__high_overlap,complex,low_ir,high_overlap,complex
BorderlineSMOTE,RandomForest,0.516,0.511,0.662,0.766,ok,imbalanced_learn,48,complex__low_ir__high_overlap,complex,low_ir,high_overlap,complex
SVMSMOTE,LogisticRegression,0.253,0.25,0.436,0.493,ok,imbalanced_learn,48,complex__low_ir__high_overlap,complex,low_ir,high_overlap,complex
SVMSMOTE,RandomForest,0.507,0.488,0.656,0.763,ok,imbalanced_learn,48,complex__low_ir__high_overlap,complex,low_ir,high_overlap,complex
ADASYN,LogisticRegression,,,,,error,imbalanced_learn,48,complex__low_ir__high_overlap,complex,low_ir,high_overlap,complex
ADASYN,RandomForest,,,,,error,imbalanced_learn,48,complex__low_ir__high_overlap,complex,low_ir,high_overlap,complex
KMeansSMOTE,LogisticRegression,,,,,error,imbalanced_learn,48,complex__low_ir__high_overlap,complex,low_ir,high_overlap,complex
KMeansSMOTE,RandomForest,,,,,error,imbalanced_learn,48,complex__low_ir__high_overlap,complex,low_ir,high_overlap,complex
NoSampler,LogisticRegression,0.245,0.177,0.428,0.525,ok,baseline,49,complex__medium_ir__low_overlap,complex,medium_ir,low_overlap,complex
NoSampler,RandomForest,0.525,0.529,0.675,0.827,ok,baseline,49,complex__medium_ir__low_overlap,complex,medium_ir,low_overlap,complex
distance_SMOTE,LogisticRegression,0.25,0.205,0.433,0.522,ok,smote_variants,49,complex__medium_ir__low_overlap,complex,medium_ir,low_overlap,complex
distance_SMOTE,RandomForest,0.539,0.537,0.687,0.818,ok,smote_variants,49,complex__medium_ir__low_overlap,complex,medium_ir,low_overlap,complex
cluster_SMOTE,LogisticRegression,0.258,0.208,0.441,0.525,ok,smote_variants,49,complex__medium_ir__low_overlap,complex,medium_ir,low_overlap,complex
cluster_SMOTE,RandomForest,0.527,0.518,0.678,0.823,ok,smote_variants,49,complex__medium_ir__low_overlap,complex,medium_ir,low_overlap,complex
CBSO,LogisticRegression,0.254,0.204,0.437,0.522,ok,smote_variants,49,complex__medium_ir__low_overlap,complex,medium_ir,low_overlap,complex
CBSO,RandomForest,0.527,0.519,0.677,0.811,ok,smote_variants,49,complex__medium_ir__low_overlap,complex,medium_ir,low_overlap,complex
AHC,LogisticRegression,0.271,0.213,0.454,,ok,smote_variants,49,complex__medium_ir__low_overlap,complex,medium_ir,low_overlap,complex
AHC,RandomForest,0.409,0.343,0.584,,ok,smote_variants,49,complex__medium_ir__low_overlap,complex,medium_ir,low_overlap,complex
DBSMOTE,LogisticRegression,0.251,0.203,0.434,0.521,ok,smote_variants,49,complex__medium_ir__low_overlap,complex,medium_ir,low_overlap,complex
DBSMOTE,RandomForest,0.538,0.534,0.686,0.83,ok,smote_variants,49,complex__medium_ir__low_overlap,complex,medium_ir,low_overlap,complex
MWMOTE,LogisticRegression,0.263,0.215,0.446,0.52,ok,smote_variants,49,complex__medium_ir__low_overlap,complex,medium_ir,low_overlap,complex
MWMOTE,RandomForest,0.533,0.524,0.683,0.812,ok,smote_variants,49,complex__medium_ir__low_overlap,complex,medium_ir,low_overlap,complex
SMOTE,LogisticRegression,0.281,0.247,0.46,0.53,ok,imbalanced_learn,49,complex__medium_ir__low_overlap,complex,medium_ir,low_overlap,complex
SMOTE,RandomForest,0.565,0.57,0.704,0.818,ok,imbalanced_learn,49,complex__medium_ir__low_overlap,complex,medium_ir,low_overlap,complex
BorderlineSMOTE,LogisticRegression,0.283,0.25,0.463,0.533,ok,imbalanced_learn,49,complex__medium_ir__low_overlap,complex,medium_ir,low_overlap,complex
BorderlineSMOTE,RandomForest,0.562,0.557,0.703,0.801,ok,imbalanced_learn,49,complex__medium_ir__low_overlap,complex,medium_ir,low_overlap,complex
SVMSMOTE,LogisticRegression,0.297,0.29,0.476,0.538,ok,imbalanced_learn,49,complex__medium_ir__low_overlap,complex,medium_ir,low_overlap,complex
SVMSMOTE,RandomForest,0.566,0.563,0.706,0.819,ok,imbalanced_learn,49,complex__medium_ir__low_overlap,complex,medium_ir,low_overlap,complex
ADASYN,LogisticRegression,0.28,0.241,0.46,0.528,ok,imbalanced_learn,49,complex__medium_ir__low_overlap,complex,medium_ir,low_overlap,complex
ADASYN,RandomForest,0.587,0.591,0.722,0.816,ok,imbalanced_learn,49,complex__medium_ir__low_overlap,complex,medium_ir,low_overlap,complex
KMeansSMOTE,LogisticRegression,,,,,error,imbalanced_learn,49,complex__medium_ir__low_overlap,complex,medium_ir,low_overlap,complex
KMeansSMOTE,RandomForest,,,,,error,imbalanced_learn,49,complex__medium_ir__low_overlap,complex,medium_ir,low_overlap,complex
NoSampler,LogisticRegression,0.248,0.162,0.431,0.546,ok,baseline,50,complex__medium_ir__medium_overlap,complex,medium_ir,medium_overlap,complex
NoSampler,RandomForest,0.477,0.481,0.635,0.798,ok,baseline,50,complex__medium_ir__medium_overlap,complex,medium_ir,medium_overlap,complex
distance_SMOTE,LogisticRegression,0.274,0.219,0.456,0.54,ok,smote_variants,50,complex__medium_ir__medium_overlap,complex,medium_ir,medium_overlap,complex
distance_SMOTE,RandomForest,0.487,0.485,0.643,0.791,ok,smote_variants,50,complex__medium_ir__medium_overlap,complex,medium_ir,medium_overlap,complex
cluster_SMOTE,LogisticRegression,0.278,0.224,0.461,0.546,ok,smote_variants,50,complex__medium_ir__medium_overlap,complex,medium_ir,medium_overlap,complex
cluster_SMOTE,RandomForest,0.487,0.488,0.644,0.795,ok,smote_variants,50,complex__medium_ir__medium_overlap,complex,medium_ir,medium_overlap,complex
CBSO,LogisticRegression,0.297,0.238,0.479,0.55,ok,smote_variants,50,complex__medium_ir__medium_overlap,complex,medium_ir,medium_overlap,complex
CBSO,RandomForest,0.481,0.475,0.638,0.803,ok,smote_variants,50,complex__medium_ir__medium_overlap,complex,medium_ir,medium_overlap,complex
AHC,LogisticRegression,0.287,0.224,0.469,,ok,smote_variants,50,complex__medium_ir__medium_overlap,complex,medium_ir,medium_overlap,complex
AHC,RandomForest,0.39,0.325,0.566,,ok,smote_variants,50,complex__medium_ir__medium_overlap,complex,medium_ir,medium_overlap,complex
DBSMOTE,LogisticRegression,0.272,0.218,0.454,0.543,ok,smote_variants,50,complex__medium_ir__medium_overlap,complex,medium_ir,medium_overlap,complex
DBSMOTE,RandomForest,0.482,0.479,0.64,0.814,ok,smote_variants,50,complex__medium_ir__medium_overlap,complex,medium_ir,medium_overlap,complex
MWMOTE,LogisticRegression,0.277,0.224,0.46,0.544,ok,smote_variants,50,complex__medium_ir__medium_overlap,complex,medium_ir,medium_overlap,complex
MWMOTE,RandomForest,0.484,0.477,0.642,0.811,ok,smote_variants,50,complex__medium_ir__medium_overlap,complex,medium_ir,medium_overlap,complex
SMOTE,LogisticRegression,0.254,0.242,0.439,0.536,ok,imbalanced_learn,50,complex__medium_ir__medium_overlap,complex,medium_ir,medium_overlap,complex
SMOTE,RandomForest,0.529,0.536,0.674,0.796,ok,imbalanced_learn,50,complex__medium_ir__medium_overlap,complex,medium_ir,medium_overlap,complex
BorderlineSMOTE,LogisticRegression,0.268,0.254,0.452,0.529,ok,imbalanced_learn,50,complex__medium_ir__medium_overlap,complex,medium_ir,medium_overlap,complex
BorderlineSMOTE,RandomForest,0.53,0.528,0.676,0.789,ok,imbalanced_learn,50,complex__medium_ir__medium_overlap,complex,medium_ir,medium_overlap,complex
SVMSMOTE,LogisticRegression,0.28,0.272,0.464,0.549,ok,imbalanced_learn,50,complex__medium_ir__medium_overlap,complex,medium_ir,medium_overlap,complex
SVMSMOTE,RandomForest,0.5,0.51,0.652,0.788,ok,imbalanced_learn,50,complex__medium_ir__medium_overlap,complex,medium_ir,medium_overlap,complex
ADASYN,LogisticRegression,0.26,0.239,0.444,0.531,ok,imbalanced_learn,50,complex__medium_ir__medium_overlap,complex,medium_ir,medium_overlap,complex
ADASYN,RandomForest,0.542,0.552,0.683,0.809,ok,imbalanced_learn,50,complex__medium_ir__medium_overlap,complex,medium_ir,medium_overlap,complex
KMeansSMOTE,LogisticRegression,,,,,error,imbalanced_learn,50,complex__medium_ir__medium_overlap,complex,medium_ir,medium_overlap,complex
KMeansSMOTE,RandomForest,,,,,error,imbalanced_learn,50,complex__medium_ir__medium_overlap,complex,medium_ir,medium_overlap,complex
NoSampler,LogisticRegression,0.246,0.156,0.429,0.526,ok,baseline,51,complex__medium_ir__high_overlap,complex,medium_ir,high_overlap,complex
NoSampler,RandomForest,0.468,0.463,0.628,0.763,ok,baseline,51,complex__medium_ir__high_overlap,complex,medium_ir,high_overlap,complex
distance_SMOTE,LogisticRegression,0.249,0.2,0.431,0.531,ok,smote_variants,51,complex__medium_ir__high_overlap,complex,medium_ir,high_overlap,complex
distance_SMOTE,RandomForest,0.461,0.453,0.622,0.74,ok,smote_variants,51,complex__medium_ir__high_overlap,complex,medium_ir,high_overlap,complex
cluster_SMOTE,LogisticRegression,0.249,0.202,0.432,0.529,ok,smote_variants,51,complex__medium_ir__high_overlap,complex,medium_ir,high_overlap,complex
cluster_SMOTE,RandomForest,0.458,0.449,0.62,0.753,ok,smote_variants,51,complex__medium_ir__high_overlap,complex,medium_ir,high_overlap,complex
CBSO,LogisticRegression,0.246,0.199,0.428,0.528,ok,smote_variants,51,complex__medium_ir__high_overlap,complex,medium_ir,high_overlap,complex
CBSO,RandomForest,0.455,0.445,0.618,0.751,ok,smote_variants,51,complex__medium_ir__high_overlap,complex,medium_ir,high_overlap,complex
AHC,LogisticRegression,0.266,0.203,0.448,,ok,smote_variants,51,complex__medium_ir__high_overlap,complex,medium_ir,high_overlap,complex
AHC,RandomForest,0.37,0.31,0.547,,ok,smote_variants,51,complex__medium_ir__high_overlap,complex,medium_ir,high_overlap,complex
DBSMOTE,LogisticRegression,0.25,0.201,0.432,0.533,ok,smote_variants,51,complex__medium_ir__high_overlap,complex,medium_ir,high_overlap,complex
DBSMOTE,RandomForest,0.468,0.461,0.629,0.757,ok,smote_variants,51,complex__medium_ir__high_overlap,complex,medium_ir,high_overlap,complex
MWMOTE,LogisticRegression,0.24,0.194,0.423,0.521,ok,smote_variants,51,complex__medium_ir__high_overlap,complex,medium_ir,high_overlap,complex
MWMOTE,RandomForest,0.461,0.449,0.623,0.746,ok,smote_variants,51,complex__medium_ir__high_overlap,complex,medium_ir,high_overlap,complex
SMOTE,LogisticRegression,0.263,0.23,0.445,0.531,ok,imbalanced_learn,51,complex__medium_ir__high_overlap,complex,medium_ir,high_overlap,complex
SMOTE,RandomForest,0.462,0.46,0.622,0.748,ok,imbalanced_learn,51,complex__medium_ir__high_overlap,complex,medium_ir,high_overlap,complex
BorderlineSMOTE,LogisticRegression,0.272,0.224,0.452,0.533,ok,imbalanced_learn,51,complex__medium_ir__high_overlap,complex,medium_ir,high_overlap,complex
BorderlineSMOTE,RandomForest,0.476,0.467,0.634,0.756,ok,imbalanced_learn,51,complex__medium_ir__high_overlap,complex,medium_ir,high_overlap,complex
SVMSMOTE,LogisticRegression,0.275,0.272,0.458,0.53,ok,imbalanced_learn,51,complex__medium_ir__high_overlap,complex,medium_ir,high_overlap,complex
SVMSMOTE,RandomForest,0.461,0.451,0.622,0.746,ok,imbalanced_learn,51,complex__medium_ir__high_overlap,complex,medium_ir,high_overlap,complex
ADASYN,LogisticRegression,0.266,0.216,0.447,0.531,ok,imbalanced_learn,51,complex__medium_ir__high_overlap,complex,medium_ir,high_overlap,complex
ADASYN,RandomForest,0.462,0.457,0.622,0.751,ok,imbalanced_learn,51,complex__medium_ir__high_overlap,complex,medium_ir,high_overlap,complex
KMeansSMOTE,LogisticRegression,,,,,error,imbalanced_learn,51,complex__medium_ir__high_overlap,complex,medium_ir,high_overlap,complex
KMeansSMOTE,RandomForest,,,,,error,imbalanced_learn,51,complex__medium_ir__high_overlap,complex,medium_ir,high_overlap,complex
NoSampler,LogisticRegression,0.25,0.177,0.433,0.513,ok,baseline,52,complex__high_ir__low_overlap,complex,high_ir,low_overlap,complex
NoSampler,RandomForest,0.491,0.515,0.653,0.771,ok,baseline,52,complex__high_ir__low_overlap,complex,high_ir,low_overlap,complex
distance_SMOTE,LogisticRegression,0.262,0.226,0.445,0.514,ok,smote_variants,52,complex__high_ir__low_overlap,complex,high_ir,low_overlap,complex
distance_SMOTE,RandomForest,0.503,0.518,0.663,0.782,ok,smote_variants,52,complex__high_ir__low_overlap,complex,high_ir,low_overlap,complex
cluster_SMOTE,LogisticRegression,0.253,0.222,0.437,0.506,ok,smote_variants,52,complex__high_ir__low_overlap,complex,high_ir,low_overlap,complex
cluster_SMOTE,RandomForest,0.493,0.508,0.654,0.781,ok,smote_variants,52,complex__high_ir__low_overlap,complex,high_ir,low_overlap,complex
CBSO,LogisticRegression,0.255,0.221,0.438,0.507,ok,smote_variants,52,complex__high_ir__low_overlap,complex,high_ir,low_overlap,complex
CBSO,RandomForest,0.493,0.5,0.655,0.786,ok,smote_variants,52,complex__high_ir__low_overlap,complex,high_ir,low_overlap,complex
AHC,LogisticRegression,0.248,0.22,0.431,,ok,smote_variants,52,complex__high_ir__low_overlap,complex,high_ir,low_overlap,complex
AHC,RandomForest,0.401,0.362,0.582,,ok,smote_variants,52,complex__high_ir__low_overlap,complex,high_ir,low_overlap,complex
DBSMOTE,LogisticRegression,0.257,0.222,0.44,0.517,ok,smote_variants,52,complex__high_ir__low_overlap,complex,high_ir,low_overlap,complex
DBSMOTE,RandomForest,0.495,0.513,0.656,0.791,ok,smote_variants,52,complex__high_ir__low_overlap,complex,high_ir,low_overlap,complex
MWMOTE,LogisticRegression,0.264,0.228,0.447,0.516,ok,smote_variants,52,complex__high_ir__low_overlap,complex,high_ir,low_overlap,complex
MWMOTE,RandomForest,0.498,0.508,0.66,0.777,ok,smote_variants,52,complex__high_ir__low_overlap,complex,high_ir,low_overlap,complex
SMOTE,LogisticRegression,0.255,0.209,0.438,0.507,ok,imbalanced_learn,52,complex__high_ir__low_overlap,complex,high_ir,low_overlap,complex
SMOTE,RandomForest,0.529,0.536,0.679,0.804,ok,imbalanced_learn,52,complex__high_ir__low_overlap,complex,high_ir,low_overlap,complex
BorderlineSMOTE,LogisticRegression,0.243,0.2,0.428,0.503,ok,imbalanced_learn,52,complex__high_ir__low_overlap,complex,high_ir,low_overlap,complex
BorderlineSMOTE,RandomForest,0.524,0.525,0.676,0.79,ok,imbalanced_learn,52,complex__high_ir__low_overlap,complex,high_ir,low_overlap,complex
SVMSMOTE,LogisticRegression,0.32,0.287,0.494,0.528,ok,imbalanced_learn,52,complex__high_ir__low_overlap,complex,high_ir,low_overlap,complex
SVMSMOTE,RandomForest,0.52,0.541,0.672,0.781,ok,imbalanced_learn,52,complex__high_ir__low_overlap,complex,high_ir,low_overlap,complex
ADASYN,LogisticRegression,0.245,0.195,0.43,0.51,ok,imbalanced_learn,52,complex__high_ir__low_overlap,complex,high_ir,low_overlap,complex
ADASYN,RandomForest,0.524,0.521,0.675,0.792,ok,imbalanced_learn,52,complex__high_ir__low_overlap,complex,high_ir,low_overlap,complex
KMeansSMOTE,LogisticRegression,,,,,error,imbalanced_learn,52,complex__high_ir__low_overlap,complex,high_ir,low_overlap,complex
KMeansSMOTE,RandomForest,,,,,error,imbalanced_learn,52,complex__high_ir__low_overlap,complex,high_ir,low_overlap,complex
NoSampler,LogisticRegression,0.253,0.191,0.436,0.516,ok,baseline,53,complex__high_ir__medium_overlap,complex,high_ir,medium_overlap,complex
NoSampler,RandomForest,0.466,0.486,0.632,0.797,ok,baseline,53,complex__high_ir__medium_overlap,complex,high_ir,medium_overlap,complex
distance_SMOTE,LogisticRegression,0.249,0.217,0.432,0.517,ok,smote_variants,53,complex__high_ir__medium_overlap,complex,high_ir,medium_overlap,complex
distance_SMOTE,RandomForest,0.477,0.489,0.643,0.798,ok,smote_variants,53,complex__high_ir__medium_overlap,complex,high_ir,medium_overlap,complex
cluster_SMOTE,LogisticRegression,0.237,0.207,0.419,0.508,ok,smote_variants,53,complex__high_ir__medium_overlap,complex,high_ir,medium_overlap,complex
cluster_SMOTE,RandomForest,0.48,0.491,0.645,0.782,ok,smote_variants,53,complex__high_ir__medium_overlap,complex,high_ir,medium_overlap,complex
CBSO,LogisticRegression,0.257,0.222,0.44,0.516,ok,smote_variants,53,complex__high_ir__medium_overlap,complex,high_ir,medium_overlap,complex
CBSO,RandomForest,0.466,0.471,0.633,0.794,ok,smote_variants,53,complex__high_ir__medium_overlap,complex,high_ir,medium_overlap,complex
AHC,LogisticRegression,0.242,0.214,0.425,,ok,smote_variants,53,complex__high_ir__medium_overlap,complex,high_ir,medium_overlap,complex
AHC,RandomForest,0.394,0.357,0.575,,ok,smote_variants,53,complex__high_ir__medium_overlap,complex,high_ir,medium_overlap,complex
DBSMOTE,LogisticRegression,0.259,0.224,0.442,0.521,ok,smote_variants,53,complex__high_ir__medium_overlap,complex,high_ir,medium_overlap,complex
DBSMOTE,RandomForest,0.471,0.488,0.637,0.79,ok,smote_variants,53,complex__high_ir__medium_overlap,complex,high_ir,medium_overlap,complex
MWMOTE,LogisticRegression,0.248,0.215,0.43,0.515,ok,smote_variants,53,complex__high_ir__medium_overlap,complex,high_ir,medium_overlap,complex
MWMOTE,RandomForest,0.484,0.492,0.649,0.804,ok,smote_variants,53,complex__high_ir__medium_overlap,complex,high_ir,medium_overlap,complex
SMOTE,LogisticRegression,0.26,0.222,0.441,0.516,ok,imbalanced_learn,53,complex__high_ir__medium_overlap,complex,high_ir,medium_overlap,complex
SMOTE,RandomForest,0.508,0.524,0.665,0.797,ok,imbalanced_learn,53,complex__high_ir__medium_overlap,complex,high_ir,medium_overlap,complex
BorderlineSMOTE,LogisticRegression,0.255,0.232,0.439,0.517,ok,imbalanced_learn,53,complex__high_ir__medium_overlap,complex,high_ir,medium_overlap,complex
BorderlineSMOTE,RandomForest,0.508,0.526,0.664,0.796,ok,imbalanced_learn,53,complex__high_ir__medium_overlap,complex,high_ir,medium_overlap,complex
SVMSMOTE,LogisticRegression,0.256,0.243,0.438,0.521,ok,imbalanced_learn,53,complex__high_ir__medium_overlap,complex,high_ir,medium_overlap,complex
SVMSMOTE,RandomForest,0.488,0.505,0.649,0.796,ok,imbalanced_learn,53,complex__high_ir__medium_overlap,complex,high_ir,medium_overlap,complex
ADASYN,LogisticRegression,0.282,0.238,0.463,0.519,ok,imbalanced_learn,53,complex__high_ir__medium_overlap,complex,high_ir,medium_overlap,complex
ADASYN,RandomForest,0.497,0.499,0.657,0.803,ok,imbalanced_learn,53,complex__high_ir__medium_overlap,complex,high_ir,medium_overlap,complex
KMeansSMOTE,LogisticRegression,,,,,error,imbalanced_learn,53,complex__high_ir__medium_overlap,complex,high_ir,medium_overlap,complex
KMeansSMOTE,RandomForest,,,,,error,imbalanced_learn,53,complex__high_ir__medium_overlap,complex,high_ir,medium_overlap,complex
NoSampler,LogisticRegression,0.25,0.185,0.433,0.541,ok,baseline,54,complex__high_ir__high_overlap,complex,high_ir,high_overlap,complex
NoSampler,RandomForest,0.424,0.445,0.595,0.732,ok,baseline,54,complex__high_ir__high_overlap,complex,high_ir,high_overlap,complex
distance_SMOTE,LogisticRegression,0.275,0.234,0.458,0.541,ok,smote_variants,54,complex__high_ir__high_overlap,complex,high_ir,high_overlap,complex
distance_SMOTE,RandomForest,0.43,0.447,0.6,0.736,ok,smote_variants,54,complex__high_ir__high_overlap,complex,high_ir,high_overlap,complex
cluster_SMOTE,LogisticRegression,0.258,0.224,0.441,0.535,ok,smote_variants,54,complex__high_ir__high_overlap,complex,high_ir,high_overlap,complex
cluster_SMOTE,RandomForest,0.421,0.436,0.592,0.766,ok,smote_variants,54,complex__high_ir__high_overlap,complex,high_ir,high_overlap,complex
CBSO,LogisticRegression,0.27,0.23,0.453,0.539,ok,smote_variants,54,complex__high_ir__high_overlap,complex,high_ir,high_overlap,complex
CBSO,RandomForest,0.429,0.438,0.599,0.741,ok,smote_variants,54,complex__high_ir__high_overlap,complex,high_ir,high_overlap,complex
AHC,LogisticRegression,0.266,0.231,0.449,,ok,smote_variants,54,complex__high_ir__high_overlap,complex,high_ir,high_overlap,complex
AHC,RandomForest,0.362,0.33,0.544,,ok,smote_variants,54,complex__high_ir__high_overlap,complex,high_ir,high_overlap,complex
DBSMOTE,LogisticRegression,0.276,0.236,0.459,0.544,ok,smote_variants,54,complex__high_ir__high_overlap,complex,high_ir,high_overlap,complex
DBSMOTE,RandomForest,0.426,0.443,0.596,0.722,ok,smote_variants,54,complex__high_ir__high_overlap,complex,high_ir,high_overlap,complex
MWMOTE,LogisticRegression,0.287,0.242,0.47,0.543,ok,smote_variants,54,complex__high_ir__high_overlap,complex,high_ir,high_overlap,complex
MWMOTE,RandomForest,0.426,0.439,0.597,0.756,ok,smote_variants,54,complex__high_ir__high_overlap,complex,high_ir,high_overlap,complex
SMOTE,LogisticRegression,0.277,0.227,0.459,0.539,ok,imbalanced_learn,54,complex__high_ir__high_overlap,complex,high_ir,high_overlap,complex
SMOTE,RandomForest,0.446,0.458,0.612,0.729,ok,imbalanced_learn,54,complex__high_ir__high_overlap,complex,high_ir,high_overlap,complex
BorderlineSMOTE,LogisticRegression,0.314,0.246,0.49,0.567,ok,imbalanced_learn,54,complex__high_ir__high_overlap,complex,high_ir,high_overlap,complex
BorderlineSMOTE,RandomForest,0.438,0.448,0.604,0.746,ok,imbalanced_learn,54,complex__high_ir__high_overlap,complex,high_ir,high_overlap,complex
SVMSMOTE,LogisticRegression,0.309,0.288,0.488,0.56,ok,imbalanced_learn,54,complex__high_ir__high_overlap,complex,high_ir,high_overlap,complex
SVMSMOTE,RandomForest,0.422,0.434,0.591,0.752,ok,imbalanced_learn,54,complex__high_ir__high_overlap,complex,high_ir,high_overlap,complex
ADASYN,LogisticRegression,0.287,0.236,0.467,0.54,ok,imbalanced_learn,54,complex__high_ir__high_overlap,complex,high_ir,high_overlap,complex
ADASYN,RandomForest,0.437,0.44,0.604,0.731,ok,imbalanced_learn,54,complex__high_ir__high_overlap,complex,high_ir,high_overlap,complex
KMeansSMOTE,LogisticRegression,,,,,error,imbalanced_learn,54,complex__high_ir__high_overlap,complex,high_ir,high_overlap,complex
KMeansSMOTE,RandomForest,,,,,error,imbalanced_learn,54,complex__high_ir__high_overlap,complex,high_ir,high_overlap,complex
