dataset_name,group,gen_base_type,gen_imbalance_ratio,gen_n_classes,gen_n_features,gen_n_samples_test,gen_n_samples_train,gen_noise,gen_noise_scale,gen_noise_type,gen_outlier_frac,gen_overlap,gen_spatial_distortion,gen_subsampled_to,CV,HDB,HDB_mean_f1,HDB_std_f1,IR,attr_ent.mean,attr_ent.sd,c2,can_cor.mean,can_cor.sd,class_ent,cor.mean,cor.sd,cov.mean,cov.sd,eigenvalues.mean,eigenvalues.sd,eq_num_attr,f1.mean,f1.sd,f2.mean,f2.sd,f3.mean,f3.sd,f4.mean,f4.sd,joint_ent.mean,joint_ent.sd,lh_trace,lsc,mut_inf.mean,mut_inf.sd,n1,n2.mean,n2.sd,n3.mean,n3.sd,nr_attr,nr_class,nr_inst,pIR_cv,p_trace,roy_root,sd_ratio,t1,w_lambda,cluster,dist_to_centroid,is_representative
openml_44382_pol_seed_0_nrows_2000_nclasses,real_openml,real_openml,1.0,2,26,400,1600,0.0,0.0,,0.0,0.0,False,1600,0.0,0.0,0.4084122790875522,0.0,1.0,1.2355937516176836,0.9856551762430892,0.0,0.717925627309343,,1.0,0.1005392165600461,0.1333244860175092,0.1006020928680887,0.1334078659337176,1.0006253908692944,0.8511495882908581,27.517585961811054,0.9719648233849656,0.0363527139569305,4.219511916346321e-12,,0.828125,,0.585625,,2.199253354557135,0.9405610764915744,1.0636308451288925,0.978416015625,0.0363403970605488,0.076804953727148,0.14375,0.3044617462055539,0.1289254222764717,0.073125,0.2604229674034521,26.0,2.0,1600.0,0.0,0.5154172063475136,1.0636308451288925,,0.25125,0.4845827936524863,0,0.0,True
pmlb_analcatdata_authorship,real_pmlb,real_pmlb,5.7636,4,70,169,672,0.0,0.0,,0.0,0.0,False,672,0.5003364797518981,0.2332553051678223,4.859190263551706,1.133431907793264,5.75,2.7733126706085973,0.3344567148341882,0.0973528809915665,0.9386471991852078,0.0253321283217205,1.7873756212282004,0.147925249493768,0.115022802144581,0.1481457044110462,0.1151942221179708,1.001490312965722,1.5699667094864822,6.823592497890224,0.7508295467013536,0.1367172438890264,4.4240561228655684e-14,6.82592526288175e-14,0.2704786233001885,0.1617780880652341,0.0,0.0,4.29874773460381,0.3365918350719034,25.10411609376685,0.9184869260204082,0.2619405572329878,0.1633886274330526,0.0223214285714285,0.4352548106072249,0.0264186887911839,0.0089285714285714,0.0941384066135842,70.0,4.0,672.0,0.5781972104110091,2.644459127065321,12.034429602950404,,0.9672619047619048,0.0014194797662517,1,0.0,True
pmlb_calendarDOW,real_pmlb,real_pmlb,2.1818,5,32,80,319,0.0,0.0,,0.0,0.0,False,319,0.2386154512098441,0.3748614757149865,0.5027671394648283,0.1884680318407879,2.2,1.3556645378659056,0.4917298610223019,0.0164864669904449,0.5675061254087559,0.1197784130037629,2.275739008834458,0.2524776605273881,0.1757109671908215,0.2532716154347069,0.1762635174021133,1.0031446540880498,1.744960285958303,22.906059471597555,0.9485620368869394,0.0329540656875752,0.0048237724139766,0.0053415937194617,0.8805622084029432,0.0765167396795833,0.18784885253334,0.1827459260312279,3.532052586241352,0.4580024726279633,2.192802377474722,0.9815548196263796,0.0993509604590116,0.0625678794215169,0.6677115987460815,,,0.3855799373040752,0.4874967108794018,32.0,5.0,319.0,0.3113059457767465,1.3312934141709345,0.9088219449462752,,0.5078369905956113,0.1857781740975426,2,0.0,True
openml_45495_timing-attack-dataset-15-micro,real_openml,real_openml,1.1141,11,124,2000,7996,0.0,0.0,,0.0,0.0,False,1994,0.0348639705508201,0.5898451170368991,0.0057929189998433,0.0034169249854479,1.1135371179039302,0.4625740386357073,1.206678092752294,0.0001359523147143,0.0545939550171409,0.0395314792004289,3.458544846912541,,,0.0033732664866447,0.0512746060151423,0.1369905534982134,0.6759102274477937,630.0451105866084,,,,,0.9808776330812669,0.0061643660271182,0.8211171080484715,0.0256205953797175,3.915629524883753,1.1923617739231254,0.0442549326291316,0.9994524697462498,0.0054893606644966,0.0146411006127896,,,,,,124.0,11.0,1994.0,0.0299153158326762,0.0438696398741016,0.0130540347878325,,,0.9568949802654636,3,0.0,True
openml_46184_Flare,real_openml,real_openml,7.6977,6,11,214,852,0.0,0.0,,0.0,0.0,False,852,0.5371228526179741,0.9613604555575048,4.869979745488837,4.681805946678969,7.794117647058823,0.750083247876346,0.6394821291734956,0.0672573898960106,0.4431917982296579,0.3216265806904059,2.360418192636169,0.1713761752071558,0.1178635578043398,0.1715775573166824,0.118002057872265,1.0011750881316095,0.6886304415816361,10.139050092723808,0.7966945758253825,0.2136018289853045,,,0.4252750233586357,0.4596877876860678,0.3846880903514507,0.4636173168527314,2.8776967723187856,0.4125503095790028,4.47186119372399,0.9735268024421962,0.2328046681937295,0.3451344235876441,0.4366197183098591,,,0.3251173708920187,0.4686938225018162,11.0,6.0,852.0,0.6362511987002984,1.395869479716598,3.5282830656497706,,0.1725352112676056,0.1040126775860358,4,0.0,True
pmlb_ann_thyroid,real_pmlb,real_pmlb,40.1566,3,21,1440,5760,0.0,0.0,,0.0,0.0,False,1999,1.2574220480358111,0.5589041036285507,3.54840070397944,1.9832157147725469,40.097744360902254,1.1814717705690927,1.5447185077420769,0.8808017690048517,0.4126979341600944,0.3657605268517436,0.4470085762543085,,,0.0505672558262543,0.0867913626914746,0.9445476009862076,0.515905878105275,14.32366948887798,,,,,0.035617452948723,0.0387042312564436,0.0,0.0,1.5972726610693142,1.4975878786317576,0.8447577813888164,0.980038543533898,0.031207685754087,0.0658632285017113,0.1185592796398199,0.285417829792764,0.1447499959756776,0.0740370185092546,0.2618966408352653,21.0,3.0,1999.0,0.7708747094470799,0.4744199327228843,0.8204442771192432,,0.1755877938969484,0.5362776673845056,5,0.0,True
openml_44700_Fashion-MNIST_seed_2_nrows_200,real_openml,real_openml,1.0,10,100,400,1600,0.0,0.0,,0.0,0.0,False,1600,0.0,0.7569168424265384,6.00816440439415,4.547680829753544,1.0,2.0156752361651997,1.0859570186362706,0.0,0.7157716280074112,0.1899422920521596,3.321928094887362,,,0.2098846133487401,0.1751012035466023,0.9906191369606,2.7350669734897117,8.631887453869409,,,,,0.5090972222222223,0.3108927576179086,0.0,0.0,4.952759562799044,0.9670867166227476,21.855753601831623,0.99102109375,0.3848437682535173,0.1870718392302019,0.37,0.4398343342983806,0.0838483238285019,0.2425,0.4287290874130145,100.0,10.0,1600.0,0.0,4.8995858056236425,10.014005769619995,,0.765625,0.00015968726819,6,0.0,True
openml_44443_covertype_seed_0_nrows_2000_nc,real_openml,real_openml,1.0,2,54,400,1600,0.0,0.0,,0.0,0.0,False,1600,0.0,0.0,0.7576523624218707,0.0,1.0,0.7800054133575456,1.3056917650360698,0.0,0.6258507645044198,,1.0,,,0.0357360724012447,0.0739073792251344,0.7967942927292492,0.7274582786938739,102.1161514798771,,,,,0.965625,,0.9375,,1.7702126432079868,1.2952901412285376,0.6438964525803427,0.996794921875,0.0097927701495591,0.0321170059656036,0.43,0.4110494410575559,0.1399594716540569,0.2575,0.4373937823352269,54.0,2.0,1600.0,0.0,0.3916891794307667,0.6438964525803427,,0.604375,0.6083108205692334,7,0.0,True
openml_41882_FOREX_audjpy-day-High,real_openml,real_openml,1.0561,2,11,367,1465,0.0,0.0,,0.0,0.0,False,1465,0.0266211604095563,0.0,0.0183174955903261,0.0,1.0546984572230014,3.459424232177723,2.995223781400528e-06,0.0014163686022461,0.4875079667203353,,0.9994887305819136,0.6433736526770907,0.3815995861413396,0.6438131155546026,0.3818602415963542,1.0006830601092906,2.4767468263371715,214.26954171059825,0.9977384985298376,0.003628176495983,0.3641269413015018,,0.9959044368600682,,0.9631399317406144,,4.454248329967675,0.0044833604209042,0.3117575755410387,0.998549080362031,0.0046646327919619,0.0044843824349077,0.6559726962457337,0.4890646044697708,0.1117627578248434,0.4668941979522184,0.4990731632418495,11.0,2.0,1465.0,0.0,0.2376640176157955,0.3117575755410387,,0.8129692832764505,0.7623359823842044,8,0.0,True
openml_45545_Tour-and-Travels-Customer-Chur,real_openml,real_openml,3.2589,2,6,191,763,0.0,0.0,,0.0,0.0,False,763,0.5307994757536042,0.0,0.5388295301151028,0.0,3.2625698324022347,1.5735681182709895,0.6920706861867072,0.4396309806833076,0.477926158961345,,0.7859447953060482,0.1068750513634407,0.1197701713427497,0.107015307336359,0.1199273500452996,1.0013123359580078,0.3863366977696323,12.688744678815222,0.9498989493848036,0.0620368406077635,1.0,,1.0,,1.0,,2.2975726022853906,0.6906640989654107,0.2960308245272063,0.9768125750426424,0.0619403112916473,0.0489597954587007,0.2568807339449541,,,0.1389252948885976,0.3460954284484624,6.0,2.0,763.0,0.0,0.2284134134195448,0.2960308245272063,,0.145478374836173,0.7715865865804551,9,0.0,True
pmlb_clean1,real_pmlb,real_pmlb,1.2995,2,168,96,380,0.0,0.0,,0.0,0.0,False,380,0.131578947368421,0.0,6.597798607451905,0.0,1.303030303030303,2.754239509246585,0.2495810013795165,0.0340367597004765,0.998240247826178,,0.9874750082985964,0.2588371452911912,0.2412658465638881,0.2595200929040967,0.2419024319110224,1.002638522427441,4.598372902594037,20.349122754977028,0.9792288739783944,0.0610528032171876,0.0,,0.0,,0.0,,3.693187855232081,0.2600283472944576,283.3811378214789,0.981668975069252,0.0485266623131003,0.0773049621298693,,,,,,168.0,2.0,380.0,0.0,0.9964835923800692,283.3811378214789,,,0.0035164076199306,10,0.0,True
openml_1121_badges2,real_openml,real_openml,2.5,2,10,59,235,0.0,0.0,,0.0,0.0,False,235,0.4297872340425532,0.0,0.4006031424671252,0.0,2.5074626865671643,1.4621140976643203,0.8621849164149188,0.3118332161525998,1.0,,0.8623156581075424,0.2240972415251733,0.2746108295725324,0.2250549220445116,0.2757843801262612,1.0042735042735038,1.1181081618611468,7.660036883170388,0.869504390927435,0.3120371386516505,0.0,,0.0,,0.0,,2.2118564521103483,0.968715445081292,inf,0.8166591217745587,0.1125733036615146,0.2667004741910334,0.0340425531914893,0.0632941931728123,0.1130180774131652,0.0,0.0,10.0,2.0,235.0,0.0,1.0,inf,,0.0936170212765957,0.0,11,0.0,True
openml_1022_mfeat-pixel,real_openml,real_openml,9.0,2,240,400,1600,0.0,0.0,,0.0,0.0,False,1600,0.8,0.0,2.046570960342666,0.0,9.0,1.4950297149235174,0.3216495203753775,0.7804878048780488,0.8523733854535999,,0.4689955935892811,0.1726214137109179,0.1588069204124903,0.1727293695668974,0.1589062368104971,1.0006253908692946,3.636011444279783,12.177142789093772,0.9599979543408408,0.0413916242236681,0.0,,0.33625,,0.0,,1.9255108883641467,0.3222499829104422,2.656847142896281,0.879682421875,0.0385144201486516,0.0354760738217935,,,,,,240.0,2.0,1600.0,0.0,0.7265403882296311,2.656847142896281,,,0.273459611770369,12,0.0,True
openml_46951_Pumpkin_Seeds,real_openml,real_openml,1.0833,2,12,500,2000,0.0,0.0,,0.0,0.0,False,2000,0.04,0.0,2.222734220744888,0.0,1.0833333333333333,3.584538616787456,0.0014118600842223,0.0031948881789137,0.7651258443052831,,0.9988455359952018,0.4466032363319997,0.3400787345233375,0.4468266496568279,0.3402488589528137,1.000500250125062,1.9401111126047756,4.127990129825195,0.7698344558978177,0.213714173492518,0.0019499013080311,,0.878,,0.7345,,4.341415178879733,0.2089394744926459,1.4120654851387924,0.98906725,0.2419689739029243,0.2093740066057383,0.261,0.3583523341020987,0.1487459135210015,0.178,0.3826084089474493,12.0,2.0,2000.0,0.0,0.5854175576238723,1.4120654851387924,1.430512868057572,0.339,0.4145824423761277,13,0.0,True
pmlb_splice,real_pmlb,real_pmlb,2.1662,3,60,638,2550,0.0,0.0,,0.0,0.0,False,2550,0.3943206968894562,0.1555225160124127,1.6641019478376835,0.2588053218288733,2.1669394435351883,1.9750699914266951,0.0575431182688776,0.1242793990622507,0.6591924606509962,0.0372462020815357,1.4797149506045104,0.0250752471582627,0.0207788285519285,0.0250850844462807,0.0207869803089123,1.0003923107100785,0.2523231129205606,26.36058240995016,0.9780956565569088,0.0530443068774392,0.4166666666666667,0.1443375672974064,0.7726693168190417,0.0845839578349055,0.6669053146439466,0.1707106376070762,3.3986513207176663,0.1469530279877327,1.5546903138768058,0.9984222991157248,0.0561336213135401,0.092080031492929,,,,,,60.0,3.0,2550.0,0.3062461714994766,0.8704566799277291,0.886616958633045,1.148011167547346,,0.3177613857563788,14,0.0,True
openml_45020_default-of-credit-card-clients,real_openml,real_openml,1.0,2,20,2655,10617,0.0,0.0,,0.0,0.0,False,1999,9.418856550814732e-05,0.0,0.2766404540851346,0.0,1.0001883948756594,2.9589419002856228,0.7303323516860397,5.005002501334843e-07,0.4280665486742064,,0.99999981948264,0.2521496308226034,0.2513738512713975,0.25922804149504,0.2735367404901251,1.0020643569701295,1.6897331620599687,25.07469576442818,0.969484741027012,0.0412070029438124,0.000711559335827,,0.9869934967483742,,0.959479739869935,,3.919060884169002,0.7661753184377846,0.2243513244229467,0.9982082086566044,0.0398808355992607,0.0417744855163232,0.5297648824412207,0.4620449864376946,0.122689264508841,0.3706853426713357,0.4831091750477168,20.0,2.0,1999.0,0.0,0.1832409700938467,0.2243513244229467,1.1510701074566343,0.6818409204602301,0.8167590299061533,15,0.0,True
openml_44603_cnae-9_seed_0_nrows_2000_nclas,real_openml,real_openml,1.0,9,100,216,864,0.0,0.0,,0.0,0.0,False,864,0.0,0.6604120551676219,0.5077878997875,0.3353492504879133,1.0,0.0459482273953886,0.0752038044315088,0.0,0.5746897130305362,0.1729135730359617,3.1699250014423126,,,0.0078202939658984,0.049029899806479,0.9110544611819202,0.5739158013423487,200.58875382763247,,,,,0.8478009259259258,0.0845897757991655,0.599826388888889,0.153247440519552,3.2000701245212637,0.0553228904056361,6.257574642799797,0.9950234160665294,0.0158031043164376,0.0325588685929267,0.7743055555555556,,,0.5752314814814815,0.494594129640633,100.0,9.0,864.0,0.0,2.8514398562854004,2.7266507545084875,,0.099537037037037,0.0182904431479296,16,0.0,True
pmlb_satimage,real_pmlb,real_pmlb,2.4489,6,36,1287,5148,0.0,0.0,,0.0,0.0,False,1996,0.3714817474627648,0.7321589420000232,6.4420307600987785,4.716590425645527,2.447105788423153,3.5563086863442552,0.018120141738096,0.0324542687964178,0.6168697224056663,0.3832948093434064,2.482970475052242,0.4948235371779493,0.3232200175841258,0.496013678561576,0.3240894973347213,1.0024298407931,3.5542085264821464,2.762175329050407,0.3206605534732075,0.0676447225299978,1.7029758967350337e-06,4.703997178079623e-06,0.4312710045924451,0.24262475727778,0.0344595911215909,0.0993122769470446,5.140360671705313,0.1566504415032098,16.852537101514923,0.9729453897775512,0.8989184896911843,0.1486088693861437,0.1783567134268537,0.3758810459166383,0.1089843022301956,0.1067134268537074,0.3088259277882377,36.0,6.0,1996.0,0.3151060500713779,2.490300915582612,7.729218786994884,1.338181938851288,0.4934869739478958,0.0045866101008844,17,0.0,True
pmlb_ecoli,real_pmlb,real_pmlb,7.15,5,7,66,261,0.0,0.0,,0.0,0.0,False,261,0.6578891044254798,0.4770286971447143,6.0170071734749,2.870285092673132,7.125,1.855764291192724,1.2370812111756702,0.1425252201133594,0.6829467236160307,0.2046558541316001,2.028642744537557,,,0.1607898344048915,0.200293147825525,0.8604395604395608,0.7696627315056723,4.560969841273745,,,,,0.3578755195706057,0.2707819231760019,0.1345404922338488,0.2268098885001987,3.439623839362769,0.9599806073958675,6.642553611117902,0.9626106486986392,0.4447831963675113,0.3570842895029408,0.2835249042145594,0.4023060538892004,0.1266737788024064,0.210727969348659,0.4086090932655832,7.0,5.0,261.0,0.5660222460552188,1.991316965082489,3.783310407115235,,0.425287356321839,0.0363503927243592,18,0.0,True
pmlb_cars,real_pmlb,real_pmlb,3.6029,3,8,79,313,0.0,0.0,,0.0,0.0,False,313,0.6222572744352484,0.6321997462883829,1.3183321807754,0.8334492702100185,3.6296296296296298,2.4153147090031157,0.3817753080174606,0.2976567575356827,0.5123773677621714,0.3429378116197387,1.3257514675591269,0.5304473080074145,0.2791753586586569,0.5321474596356437,0.2800701514748707,1.0032051282051295,1.694269884849685,4.336474683281771,0.7513519651981424,0.141763505681158,0.0333285420953937,0.0477495561661194,0.5398713878713879,0.1695788097026334,0.218084502084502,0.0939093833690633,3.435345155597853,0.4382212328560225,1.403222987719619,0.913697189927426,0.3057210209643886,0.1900631616587793,0.2907348242811501,0.3167969388508834,0.1584882251861341,0.1597444089456869,0.3669555078211015,8.0,3.0,313.0,0.4022243982421409,0.6426674766283181,1.3246637298022028,1.3195304289010523,0.4217252396166134,0.398837375120454,19,0.0,True
openml_939_chscase_whale,real_openml,real_openml,1.0541,2,8,46,182,0.0,0.0,,0.0,0.0,False,182,0.0219780219780219,0.0,45.50000000000004,0.0,1.0449438202247192,2.140795068215858,0.4615248713229696,0.0009656004828003,0.9785409298017644,,0.999651536962123,0.2771741145104612,0.2407850594655083,0.2787054632094142,0.2421153636614505,1.0055248618784531,1.0361583604701166,7.5026969622736255,0.871262926663628,0.3348574846844127,0.0,,0.5,,0.0,,3.007207645642664,0.7813554235976827,22.552882238070037,0.8104697500301896,0.1332389595353172,0.3201591242628657,0.0329670329670329,0.2756753022006967,0.0832256661256737,0.0109890109890109,0.1045385011424781,8.0,2.0,182.0,0.0,0.9575423512973016,22.552882238070037,,0.1648351648351648,0.0424576487026983,20,0.0,True
openml_46826_SOCC,real_openml,real_openml,118.4286,4,13,209,834,0.0,0.0,,0.0,0.0,False,834,1.2808292440372824,0.4956837844136605,0.1131548542323003,0.0560890263706427,110.5,0.1341977968162363,0.4028294625380392,0.6760400812311846,,,0.9068344570871364,,,,,,,1221.8938977674177,,,,,0.0,0.0,0.0,0.0,1.0402900990740995,0.4005998879332848,,0.998220128932825,0.0007421548292728,0.0022295756338597,0.2961630695443645,,,0.2458033573141486,0.4308208638720023,13.0,4.0,834.0,1.3147325159887395,,,,0.0983213429256594,,21,0.0,True
openml_40701_churn,real_openml,real_openml,6.0721,2,20,1000,4000,0.0,0.0,,0.0,0.0,False,2000,0.717,0.0,0.1849938232552523,0.0,6.067137809187279,2.9540608116510563,1.0751445109516438,0.6790736872138956,0.4260463836234328,,0.5881537361455434,0.0437648411880698,0.1566435371388382,0.0432078856212099,0.1543341800966614,0.9908907169926614,0.715244790828441,37.81849763313912,0.9879608320312756,0.020725404122783,0.0959297704742485,,0.988,,0.928,,3.5266625356079886,1.0784977109086136,0.2217702664564466,0.99155175,0.0155520121886112,0.0199686110734512,0.236,0.4385209266333179,0.061214395391382,0.1565,0.363419574174874,20.0,2.0,2000.0,0.0,0.1815155209986052,0.2217702664564466,1.0169628575700933,0.672,0.8184844790013948,22,0.0,True
openml_46761_mental_health_detection,real_openml,real_openml,157.0,10,15,108,432,0.0,0.0,,0.0,0.0,False,432,1.073724799532131,0.6897405805037249,2.0934574560898893,1.4439425610232914,128.0,1.762061438976424,0.3034341110718545,0.1350543694616,0.2989237303786931,0.1613017865670422,2.4348969144343715,0.551646500638199,0.3670343264766247,0.5529264229134618,0.3678859142410717,1.0023201856148498,2.56840044259496,27.603741670113997,0.9460479792162176,0.0311392276131253,,,0.2706012198703128,0.382666509885381,0.186950545368242,0.3489249627062538,4.108749409002705,0.2692672487332934,1.264692689089253,0.99210176611797,0.0882089444080903,0.0487376662280246,0.7939814814814815,0.6082556720097432,0.3189065791545598,0.7083333333333334,0.4550566625435672,15.0,10.0,432.0,1.5203508826483416,1.0123447000493797,0.4056364984695609,,0.7615740740740741,0.3239044269930499,23,0.0,True
openml_44033_electricity,real_openml,real_openml,1.0,2,8,7695,30779,0.0,0.0,,0.0,0.0,False,1999,3.248968452516326e-05,0.0,0.3145958348713124,0.0,1.0000649814802782,3.0809436531314,0.5463778032313084,5.005002501334843e-07,0.4629812468968602,,0.99999981948264,0.2118577877306851,0.2051289280942096,0.1713644157860961,0.1743737111806098,0.9284788157391124,0.7745943477218464,12.9527455491969,0.9503211861919212,0.0495438708541663,0.0341129409311472,,0.935967983991996,,0.9214607303651826,,4.003739777406375,0.5164927043970758,0.2728340623126173,0.9978105611084682,0.0772036952076652,0.0822923499936399,0.4752376188094047,0.4195683428832201,0.1526132583456877,0.2946473236618309,0.4559981331969132,8.0,2.0,1999.0,0.0,0.2143516349781714,0.2728340623126173,1.1345532405050536,0.576288144072036,0.7856483650218286,24,0.0,True
pmlb_collins,real_pmlb,real_pmlb,4.7059,13,23,97,388,0.0,0.0,,0.0,0.0,False,388,0.5111546678687426,1.410109200969457,329.2156767371629,464.23005487045975,4.571428571428571,2.673393295758102,0.5837350801642162,0.0243760260577945,0.4901205622364741,0.2857211179399219,3.5333407626318603,,,0.2198750094951344,0.1844980426532979,0.9589933715312888,1.3912057130424915,5.244302126051255,,,,,0.0,0.0,0.0,0.0,5.532985544725987,0.8531101395220188,9172135.498470752,0.9881762142629398,0.6737485136639757,0.7379963967553084,0.3865979381443299,0.4625457097998778,0.0541885907327444,0.2216494845360824,0.4158927520577918,23.0,13.0,388.0,0.4520415555272335,3.780620115929197,9172128.618667295,,0.9458762886597938,1.862254933790829e-09,25,0.0,True
openml_1557_abalone,real_openml,real_openml,1.0937,3,8,836,3341,0.0,0.0,,0.0,0.0,False,1999,0.0371267033902081,0.6500413273208578,1.1222717534479292,0.7295230202259984,1.0935727788279772,3.326569945125253,0.7052184385583976,0.0010208204816145,0.5068297095994027,0.2680203920245854,1.5839665058945394,0.6658018449999578,0.3827481000893359,0.6860720578505585,0.3916238881421605,1.0279533606343108,2.2250920275186634,4.543627745517663,0.6787205269324468,0.1400165287652902,0.0417744505739921,0.0510591620510895,0.8917372013113011,0.0881464216487324,0.8389778128536115,0.1080397537692144,4.561923713663141,0.6524631539438959,1.0533352980372026,0.9958886396675076,0.3486127373566506,0.0670065341923398,0.5702851425712856,0.4655257983553695,0.1391677970511388,0.4382191095547774,0.4962925914733755,8.0,3.0,1999.0,0.0254460258252134,0.585587639606242,0.9413765492501271,1.2748498569723306,0.7413706853426714,0.4632351911377027,26,0.0,True
pmlb_penguins,real_pmlb,real_pmlb,2.1471,3,7,67,266,0.0,0.0,,0.0,0.0,False,266,0.294435552619568,0.2179955714217731,6.811975583349228,1.4849805098033813,2.1666666666666665,2.0501942090034246,0.6851471896506776,0.0598602261954628,0.9066987438753028,0.0931228217005674,1.5186926606909426,0.3471046327102354,0.2565990118140413,0.3484144615129155,0.2575673099718302,1.0037735849056602,1.136671128066591,2.7713067836518066,0.5216355976334068,0.3379896152021833,0.0,0.0,0.0965280076501526,0.1028329579633803,0.0,0.0,3.020880900218216,0.467657910810078,19.87943128077716,0.91402849228334,0.5480059694761512,0.3720580668865441,0.0639097744360902,0.2006030276560525,0.1124809933314618,0.0150375939849624,0.1219317722003789,7.0,3.0,266.0,0.2226652857197921,1.652877084211579,17.466108484163623,,0.1466165413533834,0.0158652622791615,27,0.0,True
openml_44582_Diabetes130US_seed_4_nrows_200,real_openml,real_openml,4.8341,3,49,400,1600,0.0,0.0,,0.0,0.0,False,1600,0.5254469823397979,0.3625898065602388,0.0749567114342488,0.0271785394993359,4.848314606741573,1.1115875462416644,1.2272099333956412,0.1817242333138373,0.2456873309456519,0.0635590832357909,1.3628971862917243,,,0.0274368703022918,0.0518911193320026,0.7964161274265785,0.5785668775781893,225.2721589651304,,,,,0.9803213997073432,0.0131553230817308,0.9035902401132212,0.0543381707810381,2.4684347297609524,1.2208382778059534,0.1342491565664728,0.998779296875,0.0060500027724361,0.0081305192529788,0.684375,0.5083089119172964,0.062070146294531,0.555,0.4971211682376276,49.0,3.0,1600.0,0.4246396925968098,0.1247642862361707,0.0922587534515255,,0.971875,0.8786395477745729,28,0.0,True
openml_44472_yeast_seed_4_nrows_2000_nclass,real_openml,real_openml,92.6,10,8,297,1187,0.0,0.0,,0.0,0.0,False,1187,1.1092869294588157,2.767902505360366,12.029986213063443,33.29782897858897,92.5,2.330089153374141,1.4536025817619336,0.1504607260707983,0.4523584363976421,0.2387197691784392,2.49110189850608,0.0852352776554038,0.117112879037352,0.0853071455117742,0.1172116251410935,1.0008431703204042,0.4052180756623049,12.240712371967936,0.7065758199892693,0.1558749642774957,,,0.4707776089960013,0.3358290634040724,0.2280299336986049,0.271910833832906,4.617681499265385,1.3463615293880091,3.475821744894083,0.9977983901704012,0.2035095526148357,0.1535005982662909,0.6596461668070767,0.4790523735758268,0.1447899375186614,0.481044650379107,0.4998511621926105,8.0,10.0,1187.0,1.6280255412612994,2.035935137217208,1.0309198974100475,,0.8087615838247684,0.0731956570755024,29,0.0,True
openml_970_analcatdata_authorship,real_openml,real_openml,1.653,2,70,169,672,0.0,0.0,,0.0,0.0,False,672,0.2470238095238095,0.0,1.8742111678713944,0.0,1.6561264822134387,2.7695504943709017,0.3368520393736359,0.1150227490921235,0.952370454247681,,0.9555238660560093,0.1471319032847768,0.1144927651944286,0.1473511758679135,0.1146633952468793,1.0014903129657224,1.5619933847997365,8.719877029703436,0.9009636464727012,0.1271262055387211,1.7145234317526268e-13,,0.7574404761904762,,0.0,,3.615494390112983,0.3411595447128404,9.753784609875616,0.9137325503117912,0.1095799703139284,0.1126186977773929,0.0148809523809523,0.4323678597123745,0.0282449641470405,0.0059523809523809,0.0769790115606207,70.0,2.0,672.0,0.0,0.9070094821239342,9.753784609875616,,0.9092261904761904,0.0929905178760658,30,0.0,True
pmlb_new_thyroid,real_pmlb,real_pmlb,5.0,3,5,43,172,0.0,0.0,,0.0,0.0,False,172,0.7734087975960878,0.5132703095300563,6.000294880857543,3.079773210769363,5.0,2.3111954575311096,0.0107188858399329,0.4370001083775875,0.7671010939238274,0.1760813581827771,1.1851490029117324,0.4161863736983338,0.1561679733567537,0.4186202121410141,0.1570812363588399,1.005847953216374,0.9936044115929822,2.589115012756913,0.5145837660558671,0.134087876242107,0.0003966792935118,0.0003824334958388,0.1321321321321321,0.1186946196634935,0.0,0.0,3.038601564869511,0.2034686277558894,4.580633257614348,0.7615603028664143,0.4577428955733315,0.2119106928308876,0.1104651162790697,0.2619724864476815,0.1125923838694398,0.0523255813953488,0.2233329375152536,5.0,3.0,172.0,0.4777194975592747,1.2078928212977569,3.877272016581379,2.448007707129436,0.127906976744186,0.1203694458714453,31,0.0,True
openml_36_segment,real_openml,real_openml,1.0,7,19,462,1848,0.0,0.0,,0.0,0.0,False,1848,0.0,1.2253027700701151,46.43435759856774,56.89614699195136,1.0,3.0599499022552856,1.2462819541743486,-2.220446049250313e-16,0.7524652145764299,0.2574946442700306,2.807354922057604,,,0.2462294692976196,0.3197947582743802,0.9478813438577466,1.770982930110834,3.229564533058252,,,,,0.1612554112554112,0.2663785769194609,0.0185786435786435,0.082151177388149,4.998037499470439,0.9717173373105176,54.80808272117982,0.950618487753228,0.8692673248424503,0.5785186952754593,0.0698051948051948,0.1787455122587014,0.1429406980473004,0.0275974025974025,0.1638606583616315,19.0,7.0,1848.0,0.0,3.728740854024064,32.98609239794823,,0.1558441558441558,8.86191780371992e-05,32,0.0,True
openml_47151_aztrees3,real_openml,real_openml,7.8368,2,21,1192,4764,0.0,0.0,,0.0,0.0,False,1999,0.7737195633921075,0.0,2.0588678045555944,0.0,7.838589981447124,3.503601439815907,0.2162286201346369,0.7491408170963234,0.739600482903815,,0.5090670844288661,0.3649101854888819,0.2961534064990348,0.3358867708043628,0.284322200156886,0.9163641231730524,2.019928914183686,3.4144444884227703,0.9505463444595728,0.078686582558356,6.024445118782375e-16,,0.3836918459229614,,0.0545272636318159,,3.8635763113958177,0.2116444310056988,1.2075487648466114,0.803768317375296,0.1490922128489541,0.0592019546501281,0.0285142571285642,0.1079871201836623,0.1136196661818031,0.0110055027513756,0.1043543448977276,21.0,2.0,1999.0,0.0,0.5470088743115563,1.2075487648466114,1.6482344667789082,0.0620310155077538,0.4529911256884437,33,0.0,True
openml_44617_cmc_seed_4_nrows_2000_nclasses,real_openml,real_openml,1.8889,3,9,295,1178,0.0,0.0,,0.0,0.0,False,1178,0.2481537872846507,0.5994558695607003,0.1932477622172722,0.1158435053406143,1.8909774436090223,1.5425596348750763,0.946481844636424,0.0438011792949926,0.3270767551573597,0.0913500642767397,1.538879262719534,0.1746895490632427,0.1502703604950693,0.1748379683912493,0.1503980328489315,1.00084961767205,0.687776169413322,43.41433649522621,0.9668855394417106,0.0233036944403633,0.765928515928516,0.048618072376628,0.964410844695904,0.0559053800862705,0.9579331317263924,0.0528566959491812,3.0459925591969537,0.9269513291033998,0.2551990985829858,0.9984557002891148,0.0354463383976569,0.0237330105433164,0.7249575551782682,,,0.5636672325976231,0.4961405486070596,9.0,3.0,1178.0,0.1739611338917678,0.2223032417718993,0.1812039869669327,1.0476130192346036,0.6960950764006791,0.7882659936078746,34,0.0,True
openml_1508_user-knowledge,real_openml,real_openml,5.375,5,5,81,322,0.0,0.0,,0.0,0.0,False,322,0.572945596351868,1.0411776344898978,12.366443065593176,12.875663938088303,5.421052631578948,2.582116559840427,0.002455206314802,0.0912865374165056,0.355269963633551,0.4143267950687285,2.0477813097776982,0.1226217502525331,0.0722806574358232,0.1230037494745036,0.0725058308234737,1.003115264797508,0.3151294046724969,5.532048125661633,0.7649685475942349,0.3493750018873359,0.0819700876141466,0.1053778003300757,0.2786131509117964,0.3115279271853229,0.0805549042952651,0.1331661724554435,4.259730932660616,0.4927524560773088,14.448821991424726,0.9850507310674742,0.3701669369575094,0.4934521605549828,0.3416149068322981,0.4141415496062846,0.1108578215179022,0.2204968944099379,0.4152269975469838,5.0,5.0,322.0,0.5437230902009992,1.0198670675765114,14.359539627720263,1.2459329913771922,0.6459627329192547,0.0596761417705929,35,0.0,True
openml_44508_APSFailure_seed_0_nrows_2000_n,real_openml,real_openml,54.5556,2,100,400,1600,0.0,0.0,,0.0,0.0,False,1600,0.96375,0.0,1.666206941239797,0.0,54.172413793103445,2.305221009186743,1.3737104964232285,0.9630934163722688,0.8573016391873661,,0.1307794167522983,,,0.1828242010004859,0.2364956833581875,0.980612883051908,2.992354009663318,5.738818049973663,,,,,0.411875,,0.0,,2.413211862925983,1.362592680253253,2.7731022412145268,0.429409375,0.0227885630130578,0.0164305645794152,0.03125,0.1440858402622064,0.1391009760668366,0.021875,0.146321104222744,100.0,2.0,1600.0,0.0,0.7349661005533449,2.7731022412145268,,0.058125,0.2650338994466552,36,0.0,True
openml_45558_Pulsar-Dataset-HTRU2,real_openml,real_openml,9.9201,2,8,3580,14318,0.0,0.0,,0.0,0.0,False,1999,0.8168738650649532,0.0,2.881978668690904,0.0,9.921434019832189,3.5849550968339505,3.065060397485888e-06,0.8004841888186303,0.8266142486009208,,0.441608467937083,0.4254372609127997,0.278763992683906,0.4052865685255275,0.2662522063659299,0.9531351977933672,1.3646261145899932,2.3852351843198263,0.7218911079261807,0.1970579124271461,0.0018521006743165,,0.592296148074037,,0.5167583791895948,,3.841421038432269,0.0721190809473503,2.157473788984808,0.938764780088894,0.1851425263387652,0.0721196873087943,0.0525262631315657,0.2542472903792755,0.1074492884229979,0.0360180090045022,0.1863815703485822,8.0,2.0,1999.0,0.0,0.6832911159900649,2.157473788984808,1.2064735979118333,0.0845422711355677,0.3167088840099351,37,0.0,True
pmlb_irish,real_pmlb,real_pmlb,1.2523,2,5,100,400,0.0,0.0,,0.0,0.0,False,400,0.11,0.0,0.4856775856878913,0.0,1.247191011235955,1.9003676983801288,0.9292334492987776,0.0239106807627704,0.6220657998322499,,0.9912540071703688,0.0927998215682031,0.0612223789354291,0.0930324025746397,0.0613758184816331,1.0025062656641597,0.2454110828148474,4.932065240960714,0.9124170799920068,0.0691418627440271,0.2753333333333333,,0.555,,0.0,,2.690640177784396,0.916433730287836,0.6312305198733161,0.94206875,0.2009815277661013,0.2144753692274706,0.0825,0.1480028060851539,0.1344075046283092,0.03,0.1708008557672562,5.0,2.0,400.0,0.0,0.3869658593209367,0.6312305198733161,1.2721896085158173,0.1325,0.6130341406790633,38,0.0,True
openml_41725_FOREX_eurcad-day-High,real_openml,real_openml,1.0355,2,11,367,1467,0.0,0.0,,0.0,0.0,False,1467,0.0170415814587593,0.0,0.0084558811765377,0.0,1.0346740638002774,3.1449279695386205,1.0430546067747513,0.0005806623638811,,,0.9997904993591156,,,,,,,268.62524950222667,,,,,0.0,,0.0,,4.140996590551557,1.0418203842470348,,0.9983453286550882,0.0037218783461784,0.0013790885341917,0.634628493524199,0.4752307666469125,0.1160774490403672,0.4144512610770279,0.4927950416897773,11.0,2.0,1467.0,0.0,,,,0.7852760736196319,,39,0.0,True
openml_1459_artificial-characters,real_openml,real_openml,2.36,10,7,2044,8174,0.0,0.0,,0.0,0.0,False,1996,0.2232286431656817,0.6453435726536142,0.6631953370668798,0.4279888481899581,2.3604166666666666,3.102565669003206,0.5355056278233273,0.0061377685974903,0.3006392780231665,0.2141576602643156,3.284565119662856,0.2562114167181556,0.164991712114098,0.2578285582979205,0.1678752399353412,1.003363293293879,0.8085448783144509,14.253493244510986,0.8584502360898121,0.0901646650848818,0.0829984395780986,0.1225348902885243,0.7577422121055547,0.104538375648598,0.4621763362028777,0.2552716843759829,6.1566914806790365,0.5346360887460927,1.326794088401626,0.9979628595869092,0.2304393079870255,0.095840767051888,0.6142284569138277,,,0.3647294589178356,0.4814748404734459,7.0,10.0,1996.0,0.2241117529374661,0.9078688491313522,0.7576467310399106,,0.6072144288577155,0.3383059115610994,41,0.0,True
openml_375_JapaneseVowels,real_openml,real_openml,2.0639,9,14,1993,7968,0.0,0.0,,0.0,0.0,False,1996,0.234170402908534,0.6540099834803165,4.106384426823641,2.685616411150758,2.0656,3.578679962015028,0.0206967384332286,0.0079082227678497,0.6572610954030028,0.2536305611454776,3.1317535440813176,0.2352342613540552,0.1626032114693228,0.2364865812896269,0.1632005114216865,1.0065362595553795,1.0736378992841316,8.191032363240701,0.6903342775127067,0.1887778208162752,0.0046729865770995,0.0048171270290798,0.5186776150137605,0.2427939423237222,0.0417292152433929,0.0915785242529784,6.328094210486205,0.2025843072500733,14.661824070444366,0.99043377335834,0.3823392956101409,0.2105383700767397,0.1402805611222445,0.3570949275522413,0.0933747476344153,0.0596192384769539,0.2368393707335097,14.0,9.0,1996.0,0.1951334359167562,3.90623641107163,5.512401579908292,,0.5345691382765531,0.0012296109994223,42,0.0,True
pmlb_balance_scale,real_pmlb,real_pmlb,5.8776,3,4,125,500,0.0,0.0,,0.0,0.0,False,500,0.5416493330559911,0.5781987954869026,0.2983683919643449,0.1725162448451482,5.923076923076923,2.320390317014861,0.0007600874409195,0.1644322702717361,0.435518252698799,0.5517097685387563,1.3170894310222006,0.0167115359047244,0.0171992201640036,0.0167450259566376,0.0172336875390818,1.0020040080160322,0.0459519698286834,9.135470591576926,0.8230013093294993,0.0187060502846893,1.0,0.0,1.0,0.0,1.0,0.0,3.4933066134602195,0.0143273102942509,2.143506561750603,0.963456,0.1441731345768417,0.0148775090326686,0.284,0.3685833345453166,0.147120212230044,0.2,0.4004006010017532,4.0,3.0,500.0,0.5409862701952389,0.6837359655687179,2.1414410958966155,1.3242087283528414,0.304,0.3176691082335754,43,0.0,True
pmlb_dermatology,real_pmlb,real_pmlb,5.6,6,34,74,292,0.0,0.0,,0.0,0.0,False,292,0.4518471918485108,0.5153104922292725,19.296182949537737,9.943525533872387,5.5625,1.1263491744344842,0.493276163904248,0.0496887195946887,0.9156897287752208,0.120868952917894,2.434537549231454,0.2255381526595153,0.2100513992970392,0.2263131978576577,0.2107732254114618,1.003436426116837,1.8025454504499552,5.610831977561406,0.4482194395909437,0.3070257753748887,,,0.066578831796223,0.1831748788287008,0.0,0.0,3.126987159578553,0.5699397265550162,114.83713441333066,0.8840190467254645,0.4338995640873848,0.2301912854337738,0.0787671232876712,0.3215725669066445,0.0921064296510407,0.0376712328767123,0.1907267385334367,34.0,6.0,292.0,0.5360296554849457,4.250875612040061,73.08476681281434,,0.1952054794520548,2.578968740101219e-06,44,0.0,True
pmlb_allhypo,real_pmlb,real_pmlb,36.6421,3,29,754,3016,0.0,0.0,,0.0,0.0,False,1998,1.252149454627731,0.4027664016206344,0.4397424041689516,0.1771134657671353,36.64473684210526,0.9499834412908992,1.3233839452254943,0.8772926002429011,0.3439273146194143,0.1876893658106515,0.4577217002929548,,,0.0768428909109958,0.1466138322821619,0.8976278203885308,0.9454615358195736,34.895389346329715,,,,,0.509427075234504,0.3793832756743292,0.3492715822731609,0.187805282730078,1.3945881737303027,1.3027146128716296,0.340670882311134,0.9790406021637252,0.013116967853551,0.0265532007756436,0.1321321321321321,0.2819957792263321,0.1497393072031715,0.0795795795795795,0.2707089737080996,29.0,3.0,1998.0,0.7489090935546509,0.2717992935210478,0.293977864277858,,0.1846846846846846,0.7383356282761803,45,0.0,True
openml_983_cmc,real_openml,real_openml,1.3418,2,9,295,1178,0.0,0.0,,0.0,0.0,False,1178,0.1460101867572156,0.0,0.1295029633354927,0.0,1.341948310139165,1.5768041115643454,0.950259278263032,0.0417479262919927,0.3803520991951583,,0.9845664972341444,0.1807215579156711,0.1540141058064529,0.180875102144996,0.1541449589124903,1.0008496176720485,0.7087651736064147,45.64986564955522,0.9816200594788526,0.0178568546129688,0.75,,0.9974533106960952,,0.9974533106960952,,2.5398028235876318,0.9365336134955276,0.1691362791245085,0.997657968240608,0.0215677852108582,0.0186775901684456,0.5797962648556876,,,0.3913412563667232,0.4882577707009966,9.0,2.0,1178.0,0.0,0.1446677193621635,0.1691362791245085,1.0305665631565883,0.5645161290322581,0.8553322806378364,46,0.0,True
pmlb_coil2000,real_pmlb,real_pmlb,15.7611,2,85,1965,7857,0.0,0.0,,0.0,0.0,False,1999,0.8806160112002036,0.0,0.2035638341942641,0.0,15.75266524520256,1.305426036009131,1.154162609444994,0.8739094523103872,0.3267702850445424,,0.3255754263915287,0.0721359708804855,0.1305451400360055,0.0709381999375603,0.1303593992791669,0.977526501452451,1.3884993118487905,87.1161927683264,0.9961716253593292,0.0046658165591309,0.0,,0.9539769884942472,,0.8019009504752376,,1.6272642074076942,1.1515428472854443,0.1195435368998226,0.9875728259327262,0.0037372549929649,0.0042516866510412,0.1470735367683842,0.2942150602660575,0.2018535566219174,0.1050525262631315,0.3066978126603805,85.0,2.0,1999.0,0.0,0.1067788191880915,0.1195435368998226,,0.2586293146573287,0.8932211808119085,47,0.0,True
pmlb_wine_quality_red,real_pmlb,real_pmlb,68.1,6,11,320,1279,0.0,0.0,,0.0,0.0,False,1279,1.0694395764213451,0.7310652160201284,1.3058878947413173,0.9546892158671318,68.125,3.3043768757395253,0.023060107217419,0.2498989777344112,0.2457814711353364,0.2227295154869424,1.7101198592052465,0.2020777836540035,0.1878661644433174,0.2022359039855015,0.18801316457199,1.0007824726134595,0.9119548399097422,17.116831213174923,0.9327116123044932,0.0823467422531236,0.0212473618691446,0.0384355460613312,0.6125084804440432,0.2997813861858052,0.3030040429543822,0.3760595546604183,4.914588063888358,0.0753009346853953,0.7487328130107136,0.9976709227852828,0.0999086710564136,0.0645335346892942,0.6301798279906177,0.3680688523562009,0.2349442847229352,0.3682564503518373,0.4825201284929455,11.0,6.0,1279.0,1.1508105086258236,0.5004764060434437,0.6264517660857204,,0.7599687255668491,0.546013907217064,48,0.0,True
openml_44788_KDDCup09-Upselling_seed_0_nrow,real_openml,real_openml,12.6054,2,100,400,1600,0.0,0.0,,0.0,0.0,False,1600,0.8525,0.0,0.3227774903453833,0.0,12.559322033898304,0.332198167830994,0.8598535130692229,0.8417589338390986,0.2360672669666806,,0.3797646003360102,,,0.0105175632741024,0.0457298363763876,0.6904315196998125,0.6606605751987851,192.37150929909188,,,,,0.78875,,0.619375,,0.7099886473540018,0.8569801404173785,0.0590166181423285,0.987204296875,0.0019741208130023,0.0060567943839667,0.1975,0.3794764007409519,0.1309028877834381,0.134375,0.3411614043453396,100.0,2.0,1600.0,0.0,0.055727754533118,0.0590166181423285,,0.3125,0.944272245466882,49,0.0,True
pmlb_page_blocks,real_pmlb,real_pmlb,175.4643,5,10,1095,4378,0.0,0.0,,0.0,0.0,False,1998,1.7466329791725113,0.58080356148889,2.547462934000275,1.4795755448282968,170.8695652173913,3.5163019603879517,0.1657360207990307,0.8603121729477431,0.5282248235075524,0.1513565318379488,0.6311890355422735,0.2987250173235078,0.2555313532789746,0.2847670518525008,0.2389828019063574,0.9624233831196528,1.1760658243943238,4.061391542889877,0.8271035264669946,0.1037339517571128,0.0003529001027893,0.0010693152851141,0.2818713893961264,0.320488504693539,0.1403809538373371,0.3190635621441,3.99207898286114,0.2143218259014302,1.9971796615891773,0.8957583709835962,0.1554120130690851,0.0658134203118084,0.077077077077077,,,0.0445445445445445,0.206353192919591,10.0,5.0,1998.0,1.6040597838342672,1.1848122558683754,1.1325893956914814,,0.0940940940940941,0.2218466989468736,51,0.0,True
pmlb_analcatdata_lawsuit,real_pmlb,real_pmlb,12.8947,2,4,53,211,0.0,0.0,,0.0,0.0,False,211,0.8578199052132701,0.0,3.748438471855359,0.0,13.066666666666666,1.93089849553932,0.6512258959222718,0.84783002510287,0.5325846644302236,,0.3699783906943482,0.3225127155944728,0.1845121533336115,0.3240484904306371,0.1853907826352002,1.0047619047619052,0.7311603820105449,4.510435172450959,0.885192234795897,0.0921587204571718,0.0838393838662056,,0.2748815165876777,,0.0805687203791469,,2.2188496811971965,0.6250430643228906,0.3959586921885874,0.6909099076840143,0.0820272050364716,0.0531602060498459,0.0616113744075829,0.1570971798567707,0.1539600050394699,0.0426540284360189,0.2025564441508286,4.0,2.0,211.0,0.0,0.2836464247862538,0.3959586921885874,1.0769699776640655,0.0663507109004739,0.7163535752137462,53,0.0,True
pmlb_tokyo1,real_pmlb,real_pmlb,1.7717,2,44,192,767,0.0,0.0,,0.0,0.0,False,767,0.2777053455019557,0.0,2.494520115504131,0.0,1.7689530685920578,2.6019930425885107,1.0867449906085178,0.1431971189506011,0.8843751607340379,,0.9436314375069952,,,0.1863021569528017,0.2663213423299117,0.9557915974365064,2.1654511707552286,3.1271546399212027,,,,,0.5371577574967406,,0.0,,3.2438704748855893,0.9789882405353796,3.589670279914701,0.886185191292035,0.3017540052099158,0.1967290680570039,0.1395045632333768,0.2258761610470454,0.176948749664832,0.0847457627118644,0.278684726516147,44.0,2.0,767.0,0.0,0.7821194249233553,3.589670279914701,,0.1851368970013037,0.2178805750766447,54,0.0,True
openml_44492_wilt_seed_4_nrows_2000_nclasse,real_openml,real_openml,17.5185,2,5,400,1600,0.0,0.0,,0.0,0.0,False,1600,0.8925,0.0,0.2169348571153693,0.0,17.6046511627907,3.459423167090096,0.0,0.8867590424736214,0.3765963628354015,,0.3021180043104883,0.2492988586526405,0.2631268313291782,0.249454767882567,0.2632913884469572,1.0006253908692928,0.7893598701689843,13.376690910388827,0.9930077092750784,0.0071333314292021,0.0002149999225716,,0.705625,,0.44875,,3.738955764715598,0.0123182150204676,0.1652632514769607,0.965177734375,0.022585406684986,0.0123182150204676,0.0775,0.2842052974892902,0.1091960055146321,0.038125,0.1915578721600643,5.0,2.0,1600.0,0.0,0.1418248205008534,0.1652632514769607,1.28109418009141,0.150625,0.8581751794991466,55,0.0,True
pmlb_nursery,real_pmlb,real_pmlb,13.1707,4,8,2592,10366,0.0,0.0,,0.0,0.0,False,1998,0.5199641184350487,1.1266713785909088,3.523244406237721,3.969538632288561,13.19083969465649,1.7072410052846767,0.3977406738099925,0.0935012234587869,0.448735675026736,0.396338105999753,1.7135356677693812,0.016760865802678,0.0113979775103451,0.0166991958279585,0.0113947748681857,0.9964018179454248,0.0579370681495632,10.350082088865484,0.8847865258326525,0.2670730480145343,0.1666666666666666,0.408248290463863,0.3288857874119152,0.4144333221806024,0.2306967984934086,0.407005848393447,3.2552189844234736,0.5177379122194772,3.596183429087517,0.9978815151487824,0.1655576886305845,0.3285999199586984,0.3733733733733734,0.394122966032334,0.1265584654521354,0.2107107107107107,0.4079154175527216,8.0,4.0,1998.0,0.8504135861674694,0.9182589066600444,3.4314840559355315,20.050629756796475,0.535035035035035,0.1934864798091632,56,0.0,True
openml_47046_Accidents_Prediction_Dataset,real_openml,real_openml,6.9365,2,6,100,400,0.0,0.0,,0.0,0.0,False,400,0.75,0.0,0.0894603276012,0.0,7.0,2.0114705672526214,0.6801645897477545,0.72,0.1969226479913984,,0.5435644431995964,0.0249856228936082,0.0187321826743368,0.0250482435023641,0.0187791305005882,1.0025062656641597,0.0757585584110987,64.03200970218587,0.9930240453224554,0.0061052252997405,0.9495798319327732,,0.955,,0.955,,2.5465460617884528,0.6835889743187257,0.0403429703493609,0.98000625,0.0084889486637655,0.0044778644254285,0.3125,0.3817583502542597,0.2185072423908571,0.23,0.4213595372708713,6.0,2.0,400.0,0.0,0.0387785292919442,0.0403429703493609,,0.315,0.9612214707080556,57,4.47545209131181e-16,True
pmlb_dna,real_pmlb,real_pmlb,2.1621,3,180,638,2548,0.0,0.0,,0.0,0.0,False,2548,0.3943483055274502,0.2412457528147258,2.310376096126558,0.5573684205951989,2.161764705882353,0.8055242544808325,0.0653964250740052,0.1242980502181073,0.8480722078419398,0.0301090502369802,1.4797016542904289,0.0322657190035419,0.0414554847841829,0.0322783871303592,0.0414717609855118,1.0003926187671814,0.7050567391765604,68.52065691762033,0.9745506542055996,0.0589789772255859,0.3333333333333333,0.5773502691896258,0.9016780513858436,0.0851497402576,0.8967800922021701,0.0897151769871947,2.2636309369648844,0.0750219107989008,5.25509606784192,0.9984269066882882,0.0215949718063768,0.0510641764533145,,,,,,180.0,3.0,2548.0,0.3078347314065436,1.4393594943339778,3.094856426697605,,,0.0772754075788259,58,0.0,True
openml_50_tic-tac-toe,real_openml,real_openml,1.8855,2,9,192,766,0.0,0.0,,0.0,0.0,False,766,0.3080939947780678,0.0,0.0875385534087913,0.0,1.890566037735849,1.5382646665072282,0.0332201469374903,0.1733857159756681,0.2601708007082612,,0.9304017190069436,0.0777203396004946,0.0507401203462218,0.0778219348156589,0.0508064473009229,1.0013071895424874,0.2776555669535761,47.58474651872722,0.9920377841888436,0.0111022411612912,1.0,,1.0,,1.0,,2.4491138652829085,0.0582198047666565,0.0726032775832968,0.9959829980434798,0.0195525202312631,0.0264970638077247,0.391644908616188,0.4853412866414548,0.0633666648863227,0.2637075718015665,0.4409304933828918,9.0,2.0,766.0,0.0,0.0676888455411777,0.0726032775832968,1.025862878000942,0.5509138381201044,0.9323111544588224,59,0.0,True
openml_46913_blood-transfusion-service-cent,real_openml,real_openml,3.2022,2,4,150,598,0.0,0.0,,0.0,0.0,False,598,0.5250836120401338,0.0,0.2628483004006897,0.0,3.211267605633803,2.8671769200662456,0.1725651362478518,0.4322490135905305,0.3401326959093274,,0.7907877320094978,0.4650966005711994,0.350777507429824,0.4658756568535629,0.351365074443944,1.001675041876046,1.1312317309279667,19.519314149492715,0.9586958032497694,0.0299046664132877,0.2705741976879004,,0.9933110367892976,,0.9882943143812708,,3.617451562017707,0.1956763615837616,0.1308254838699679,0.9930817328665228,0.0405130900580361,0.0262257379232857,0.4765886287625418,,,0.3093645484949833,0.4626186452526426,4.0,2.0,598.0,0.0,0.1156902508265469,0.1308254838699679,,0.3260869565217391,0.8843097491734531,60,0.0,True
openml_44364_california_seed_2_nrows_2000_n,real_openml,real_openml,1.0,2,8,400,1600,0.0,0.0,,0.0,0.0,False,1600,0.0,0.0,0.7592916717550715,0.0,1.0,3.4586374582203563,0.0019562295789919,0.0,0.6435707723336389,,1.0,0.1502871863239008,0.2169295053358737,0.1503811745579997,0.217065171067791,1.000625390869294,0.7378293886740706,11.829320793490073,0.9596150372451064,0.0952244280224089,0.002045946731376,,0.96,,0.935625,,4.374101750933567,0.0867681470133718,0.7070187083730157,0.994901953125,0.0845357072867887,0.0873807944081773,0.355625,0.4208227273766617,0.1147213444700667,0.23875,0.4264529297745776,8.0,2.0,1600.0,0.0,0.4141833390021164,0.7070187083730157,1.6236785597506955,0.550625,0.5858166609978835,61,0.0,True
pmlb_car_evaluation,real_pmlb,real_pmlb,18.6154,4,6,346,1382,0.0,0.0,,0.0,0.0,False,1382,1.0825055912446406,0.4560197530035766,1.2594651317717709,0.57434097830718,18.615384615384617,1.7923517197998375,0.2272314704240131,0.5069562793245246,0.363092213253035,0.3095976834727916,1.2051031299123935,0.0119806588751553,0.0099457422652439,0.0119893342255355,0.0099529441061311,1.0007241129616171,0.0376458092057577,10.499868137492278,0.9017311981398094,0.0846823349037397,0.0648148148148148,0.1004106793461182,0.5452977782732956,0.1596038347955506,0.1364575938491385,0.167862420808914,2.882681681694122,0.3002332385402201,1.114919139821501,0.987119906341823,0.1147731680181092,0.104737083738759,0.1548480463096961,0.3667710643588803,0.1038562666074978,0.0832127351664254,0.2763034876260852,6.0,4.0,1382.0,0.7955011554733665,0.5872093171984002,1.030526526335795,,0.3516642547033285,0.4537144424677266,62,0.0,True
openml_42345_Traffic_violations,real_openml,real_openml,9.8066,3,20,14068,56272,0.0,0.0,,0.0,0.0,False,1998,0.6023043760031939,0.715843181826346,2.519954742119479,1.803892420657197,9.806060606060608,1.4576382759585504,1.4498096121889397,0.1961048686748645,0.3870446051965698,0.1837952299595544,1.2343556480042084,0.0472883831367656,0.0850094159166389,0.0438797438062989,0.0893788302576344,0.9522722204857326,0.502836375231862,34.76786392662054,0.981751808583019,0.0417774616744867,0.2301250393600034,0.3985882602653137,0.3319290854835878,0.5749180405674473,0.3294716517465332,0.5706616404786348,2.656491149026416,1.4092829459919287,0.4355771115072181,0.9987823158493828,0.035502774936343,0.0902280264247744,0.6216216216216216,0.482918788506112,0.0972946279394594,0.4269269269269269,0.4947553333977856,20.0,3.0,1998.0,0.596346594211942,0.3333877393794227,0.364808943521597,,0.8503503503503503,0.6842781748713433,63,0.0,True
pmlb_adult,real_pmlb,real_pmlb,3.1792,2,14,9769,39073,0.0,0.0,,0.0,0.0,False,1999,0.5214598315972666,0.0,0.3501052444651856,0.0,3.1793774735265803,1.76537913371141,1.1598177723144203,0.4279626660896761,0.5165730185910554,,0.7935730699043289,0.0689940353490732,0.0871488980077997,0.0671990018806412,0.0870508905192517,0.9623720735741867,0.4231332786566881,13.433678077872566,0.9664374144487028,0.0350198906436068,0.0181960021085854,,0.8549274637318659,,0.8084042021010506,,2.4998788012828763,1.1368809383356753,0.3639730483610605,0.9881721751320884,0.059073402332863,0.0559721570840928,0.3106553276638319,0.3722608403552684,0.1727157578172742,0.2236118059029515,0.4167690701557985,14.0,2.0,1999.0,0.0,0.2668476835362749,0.3639730483610605,,0.4062031015507754,0.733152316463725,64,0.0,True
openml_853_boston,real_openml,real_openml,1.4211,2,13,102,404,0.0,0.0,,0.0,0.0,False,404,0.1732673267326732,0.0,1.589590322291634,0.0,1.4191616766467066,2.3606027970555576,0.7594205256401242,0.0582930833472126,0.7444282761594208,,0.9782343371278984,0.3957201254712121,0.2154439451442779,0.3967020612664262,0.2159785455044374,1.0024813895781648,1.626184458342021,5.263452757625378,0.8229765184787544,0.1095283909952442,0.0109090153914948,,0.8514851485148515,,0.556930693069307,,3.1529830224104014,0.6999008020994262,1.2430248237113348,0.9761665522987942,0.1858541117730544,0.1176316024063628,0.2846534653465346,0.3275896051793711,0.1654568782453953,0.1584158415841584,0.3655832083531888,13.0,2.0,404.0,0.0,0.5541734583456868,1.2430248237113348,1.4157363961883844,0.3341584158415842,0.4458265416543132,65,0.0,True
pmlb_schizo,real_pmlb,real_pmlb,3.2258,3,14,68,272,0.0,0.0,,0.0,0.0,False,272,0.5434216534382905,0.6886955951225143,0.2745638494270461,0.1890909136802879,3.2,2.0943769852205407,0.4768143327661511,0.2303882725832011,0.3184750440224418,0.1773183828861128,1.385766238622764,0.2619094420002074,0.1498619131881514,0.2628758975057432,0.1504149091777755,1.003690036900369,1.1316875182192585,23.711321713597687,0.9542140707749756,0.0297990596831667,0.6499426079604106,0.2127581350182991,0.9352960102960104,0.0525596951431866,0.803035178035178,0.0641680851348944,3.421699993416884,0.4556956567191104,0.2840740059669452,0.9925524437716264,0.0584432304264199,0.0318625422069503,0.6911764705882353,0.5059381006815228,0.0839840217941257,0.5367647058823529,0.4995656893860118,14.0,3.0,272.0,0.3495525363677794,0.2342945162395387,0.2453455067443999,,0.8970588235294118,0.7730509077848218,66,0.0,True
openml_43941_anneal,real_openml,real_openml,1.1796,2,38,180,718,0.0,0.0,,0.0,0.0,False,718,0.0835654596100278,0.0,1.386262005300562,0.0,1.182370820668693,0.5665795589058081,0.7068970248294811,0.0138695186506498,0.7334091449237807,,0.9949568168891753,,,0.0632832521005749,0.0984658867680304,0.8169272553769381,0.8214966287006148,20.571394866638887,,,,,0.4651810584958217,,0.0,,1.5131703401741945,0.6648283556013372,1.163982124270606,0.9834459695377906,0.0483660356207891,0.1532710762328731,0.2075208913649025,0.2386322070457253,0.1984302059088644,0.096100278551532,0.294934171744145,38.0,2.0,718.0,0.0,0.5378889738578312,1.163982124270606,,0.2590529247910863,0.4621110261421688,67,0.0,True
openml_46948_PhishingWebsites,real_openml,real_openml,1.257,2,30,2211,8844,0.0,0.0,,0.0,0.0,False,1999,0.1139755766621438,0.0,2.054653290133419,0.0,1.2572741194486985,0.8159923443044834,0.3691122317449682,0.0254619483981588,0.8463965264926855,,0.990678026008586,0.1178698898517529,0.1719629356030011,0.1179882741685141,0.173031709475986,0.9982672044245036,1.1464367761728786,18.347897823550248,0.9429740790750633,0.1282038478566469,0.0,,0.8624312156078039,,0.8624312156078039,,1.7526762814242045,0.3121609395582272,2.525932458251967,0.9937249765453012,0.053994088888865,0.1260938456553373,0.16008004002001,,,0.0760380190095047,0.2651252571092292,30.0,2.0,1999.0,0.0,0.7163870800588833,2.525932458251967,,0.256128064032016,0.2836129199411167,68,0.0,True
openml_46630_Skin_Cancer_PAD-UFES-20,real_openml,real_openml,1.4038,2,25,460,1838,0.0,0.0,,0.0,0.0,False,1838,0.1675734494015233,0.0,3.7975552537362502,0.0,1.4026143790849672,0.945212678732514,1.166030970346598,0.0546277282480129,,,0.9796480581767066,,,,,,,4.153846032544848,,,,,0.0,,0.0,,1.6890195308314582,1.0288245592866117,,0.8699555153505786,0.2358412060777627,0.3031315301135552,0.117519042437432,0.1223756416269101,0.1878331323307803,0.0505984766050054,0.2192359942222555,25.0,2.0,1838.0,0.0,,,,0.1164309031556039,,69,0.0,True
pmlb_phoneme,real_pmlb,real_pmlb,2.4073,2,5,1081,4323,0.0,0.0,,0.0,0.0,False,1999,0.4129077029840388,0.0,0.2842371584670574,0.0,2.4066193853427897,3.559880557117522,0.0559931996725118,0.2910752324432187,0.5085780321778215,,0.873385611214609,0.1294965916338202,0.1175904926843487,0.1296337651312712,0.1176477630687935,1.0042289081019695,0.3829556357979506,5.969674379302972,0.9261258866492434,0.0349761171648237,0.2372533429572037,,0.87943971985993,,0.8574287143571786,,4.28696244124064,0.0926634858008841,0.3488934757022827,0.9708265838772312,0.1463037270914911,0.0585335381248082,0.240120060030015,0.2863261242305716,0.178026862393352,0.1245622811405702,0.3303045520350788,5.0,2.0,1999.0,0.0,0.2586516148138652,0.3488934757022827,1.2288711199691087,0.3481740870435217,0.7413483851861348,70,0.0,True
openml_44681_sylvine_seed_3_nrows_2000_ncla,real_openml,real_openml,1.0,2,20,400,1600,0.0,0.0,,0.0,0.0,False,1600,0.0,0.0,2.1515545359044626,0.0,1.0,3.456096872734164,0.0069472568814498,0.0,0.7401702519702414,,1.0,0.0610755538198185,0.123321436566396,0.0611137499135144,0.1233985606668129,1.0006253908692933,0.6145234254299549,20.095018213578577,0.9673981825056224,0.1148320658448598,0.040863841029249,,0.775,,0.65375,,4.406333295046821,0.1474133363775506,1.2116652162696795,0.99721640625,0.0497635776873435,0.1481785869464726,0.40875,0.470711812778333,0.0446699098323627,0.245625,0.4305917325612439,20.0,2.0,1600.0,0.0,0.5478520019016907,1.2116652162696795,1.0514091391699234,0.9675,0.4521479980983093,71,0.0,True
openml_41862_FOREX_eurrub-hour-Close,real_openml,real_openml,2.2485,2,11,8765,35060,0.0,0.0,,0.0,0.0,False,1999,0.384312606959498,0.0,0.1974882157583769,0.0,2.2484017418697304,3.445901469067209,0.3093675549412141,0.2578218156753272,0.3350814243660514,,0.8904466155797516,0.7193639603062298,0.3613455498528165,0.7264502177418999,0.3623271673095297,1.0146956132431535,2.687719071362692,24.04851239663924,0.9849674537022692,0.0277520606093432,0.238781297189038,,0.992496248124062,,0.9664832416208105,,4.299320987049682,0.3649228290015096,0.1264807658095537,0.99697897973499,0.0370270975972796,0.0555704730720438,0.5032516258129065,0.3868713674114117,0.2520533703623945,0.35967983991996,0.4800265857969183,11.0,2.0,1999.0,0.0,0.1122795609551818,0.1264807658095537,,0.5317658829414708,0.8877204390448181,72,0.0,True
pmlb_ionosphere,real_pmlb,real_pmlb,1.7857,2,34,71,280,0.0,0.0,,0.0,0.0,False,280,0.2785714285714286,0.0,0.5133020833213937,0.0,1.7722772277227723,2.3171527438793773,0.605880442367288,0.1440272714360115,0.7738789987413094,,0.9432745030584194,,,0.2234697641730769,0.1819829666878298,0.9740670461733082,1.6886497720805256,7.231746959495332,,,,,0.8214285714285714,,0.0,,3.12999202729562,0.5860705520427215,1.4930736473882047,0.9066454081632652,0.130435219642177,0.0884050810525269,0.1821428571428571,0.3219177729092878,0.1479056481062848,0.0964285714285714,0.2957066051229902,34.0,2.0,280.0,0.0,0.5988887046928515,1.4930736473882047,,0.3392857142857143,0.4011112953071485,73,0.0,True
openml_46459_Credit_Score_Classification_do,real_openml,real_openml,2.0929,3,13,6573,26289,0.0,0.0,,0.0,0.0,False,1998,0.2828595742078227,0.6055871207045898,0.0760050369797212,0.0460276715035952,2.0927777777777776,1.6366228740692037,1.6862532287308123,0.0547160641195614,,,1.5231653819017723,,,,,,,200.09786204184465,,,,,0.0,0.0,0.0,0.0,3.1521761537408017,1.6803454795903157,,0.9991713435156878,0.0076121022301739,0.0100075301267367,0.7782782782782782,0.527244986590242,0.092945009299962,0.6181181181181181,0.4859694553460701,13.0,3.0,1998.0,0.2252611762539304,,,,0.9309309309309308,,74,0.0,True
openml_44656_Bioresponse_seed_3_nrows_2000_,real_openml,real_openml,1.1858,2,100,400,1600,0.0,0.0,,0.0,0.0,False,1600,0.085,0.0,0.133281808927979,0.0,1.185792349726776,0.5405120969584424,0.6993072539037023,0.0143463476383131,0.4725774615467913,,0.9947819701586452,0.09062248833424,0.1148469043030172,0.0906791628109968,0.1149187285083345,1.0006253908692937,1.46377446308578,235.3963346430617,0.9960554689973232,0.0076392884701582,0.0,,0.995,,0.93875,,1.5310680796068443,0.6940776707618966,0.2875472222056377,0.99771015625,0.0042259875102433,0.0082101420325708,0.47625,0.388552092274668,0.2181919411273754,0.30125,0.4589445296556142,100.0,2.0,1600.0,0.0,0.223329457162009,0.2875472222056377,,0.585,0.776670542837991,75,0.0,True
openml_43977_jannis,real_openml,real_openml,1.0,2,54,11516,46064,0.0,0.0,,0.0,0.0,False,2000,0.0,0.0,0.2581311790317336,0.0,1.0,3.5602586097996407,0.1270710826972618,0.0,0.5478666842177697,,1.0,0.0642351347075002,0.1438732284770894,0.0645458377701537,0.1461772967611176,0.993938711646804,1.1750703751555682,40.121961365157,0.9778219687446308,0.0364584402584231,4.9721870262378105e-05,,0.981,,0.8565,,4.535334603944123,0.1347497564209395,0.428893753679994,0.997855,0.024924005855517,0.0314956740255313,0.503,0.4898847477062714,0.0273492808473099,0.363,0.480985107188017,54.0,2.0,2000.0,0.0,0.3001579036757734,0.428893753679994,,0.9995,0.6998420963242266,76,0.0,True
pmlb_connect_4,real_pmlb,real_pmlb,6.8961,3,42,13512,54045,0.0,0.0,,0.0,0.0,False,1998,0.7136716776031751,0.2035633687518709,0.0215578275135262,0.0043883839916251,6.896297732118628,0.6662320405826726,0.5598825614762083,0.3647837350250702,0.2082337058738824,0.0670126135427009,1.2174401128147587,0.0843620574454249,0.100726643272131,0.085174390868934,0.1029891453338776,1.0359222626414413,0.918073897547556,193.4015323972504,0.9980046488968124,0.0023724921597373,,,0.99643126887198,0.0016583121846156,0.9906679126681078,0.003777328818121,1.8773772699095683,0.5537440054289349,0.0964683090405111,0.9990443396349302,0.0062948834878625,0.0089774691573887,0.5620620620620621,0.4764227991275966,0.1241802578344761,0.4149149149149149,0.492830691925862,42.0,3.0,1998.0,0.4971069985312749,0.0912132428977645,0.0699088732647058,,0.6631631631631631,0.9104772768904044,77,0.0,True
pmlb_spectf,real_pmlb,real_pmlb,2.6737,2,44,70,279,0.0,0.0,,0.0,0.0,False,279,0.4551971326164875,0.0,0.5712282938043625,0.0,2.671052631578948,2.5598297630298794,0.0216152334052916,0.3432797701394061,0.5873177635294673,,0.8448894759499644,0.300986197065223,0.1878780191089777,0.3020688812273282,0.1885538393216,1.0035971223021585,2.3616658111336237,11.562470089546638,0.9464904557175584,0.0366000467459984,5.60870343590809e-19,,0.7204301075268817,,0.0,,3.3316475277099653,0.0482310358976349,0.5265827410179016,0.9581839904420548,0.073071711269879,0.04578674147323,0.3584229390681003,0.3102758914416411,0.2248892815470217,0.1756272401433691,0.3811864535221977,44.0,2.0,279.0,0.0,0.3449421553572552,0.5265827410179016,1.5361506776268603,0.6415770609318996,0.6550578446427447,78,0.0,True
openml_981_kdd_internet_usage,real_openml,real_openml,2.723,2,68,2022,8086,0.0,0.0,,0.0,0.0,False,1999,0.4627751669552312,0.0,1.085652424336695,0.0,2.7228360957642725,0.8686156064580942,0.8016685345356501,0.3527168005118284,0.7067534458846686,,0.8394981341530169,0.0473126780383232,0.0636926035131019,0.0483916107687831,0.0650842122650763,1.0280802212807532,0.673504727057322,46.81320214791972,0.9860115765512244,0.0386021141442168,0.0,,0.9894947473736868,,0.9769884942471236,,1.6901808051220928,0.781944964728275,0.9980037276219414,0.995791542594709,0.0179329354890182,0.0500870655309043,0.3386693346673337,0.4552349716976497,0.0591898870632327,0.2121060530265132,0.4089018433265556,68.0,2.0,1999.0,0.0,0.4995004332698531,0.9980037276219414,2.2187417724840905,0.8214107053526764,0.5004995667301468,79,0.0,True
openml_1002_ipums_la_98-small,real_openml,real_openml,8.4627,2,55,1497,5988,0.0,0.0,,0.0,0.0,False,1999,0.7885771543086172,0.0,0.9601678981095546,0.0,8.459715639810426,1.3767421589852855,0.8877979679014877,0.767223770733295,0.4368042858972407,,0.4863543051723473,,,0.2246105675838561,0.2305972294868731,0.9676348377747076,2.392480740643093,17.32810958199989,,,,,0.4457228614307154,,0.3996998499249625,,1.835029103268043,0.8769613798752028,0.2357853545192044,0.9283473652784372,0.0280673608895896,0.0355989293182848,0.2096048024012006,0.2995741674517724,0.189352096273921,0.1425712856428214,0.3497226010620296,55.0,2.0,1999.0,0.0,0.1907979841781983,0.2357853545192044,,0.3511755877938969,0.8092020158218016,80,0.0,True
openml_44415_MiniBooNE_seed_3_nrows_2000_nc,real_openml,real_openml,1.0,2,50,400,1600,0.0,0.0,,0.0,0.0,False,1600,0.0,0.0,0.5769697084507102,0.0,1.0,3.4169754973812423,0.2633671932115072,0.0,0.7980621332941115,,1.0,0.8306003163142796,0.2771491248553791,0.8311197661681345,0.2773224513874961,1.0006253908692926,6.195179682336518,7.920050960412972,0.9879569012917144,0.0402564155692364,3.4860635453566225e-120,,0.946875,,0.558125,,4.290713683537072,0.2720338209195008,1.7540862753845254,0.9912234375,0.1262618138441696,0.0872495580427294,0.26625,0.416175639746402,0.0886286917841532,0.168125,0.3740941738477315,50.0,2.0,1600.0,0.0,0.6369031685979482,1.7540862753845254,,0.549375,0.3630968314020518,81,0.0,True
openml_40708_allrep,real_openml,real_openml,107.2941,4,29,755,3017,0.0,0.0,,0.0,0.0,False,1997,1.6562867120242533,0.5354125215249226,6.201708414307986,3.320472339866968,108.07407407407408,0.9468250029586498,1.324831758383759,0.956611783549236,0.302461594594321,0.1881887872155765,0.2511614039620954,,,0.0768178559251477,0.14154381734908,0.9582531265763324,0.9128938183915414,20.40333484530881,,,,,0.2270312983256749,0.2773545263161514,0.0130838385555366,0.0227415276952487,1.1856765857142455,1.3120687581142445,0.4355664115589836,0.8564887892680282,0.0123098212064996,0.0243765485174255,0.0495743615423134,0.1796186504321325,0.1260067548464842,0.0330495743615423,0.1788108236863862,29.0,4.0,1997.0,1.0018502041903987,0.3452790878809572,0.3327537206666818,,0.0766149223835753,0.6795266281825527,82,0.0,True
openml_44035_KDDCup09_upselling,real_openml,real_openml,1.0,2,45,1007,4025,0.0,0.0,,0.0,0.0,False,1999,0.0002484472049689,0.0,0.2734933056632443,0.0,1.0004970178926442,2.438342667300127,1.2486162126125748,5.005002501334843e-07,0.5761765869837125,,0.99999981948264,0.1004150133654648,0.1840802833390015,0.0890873492572296,0.1578168169777349,0.9348921356981468,1.2254697518011108,41.01649298085314,0.9884436842044736,0.0226720106588458,2.5285070906623783e-05,,0.991495747873937,,0.9389694847423712,,3.4139620547465754,1.2446587194208318,0.496959957375202,0.9975828334377294,0.024380432036192,0.0590932436936987,0.4752376188094047,0.4683914506902867,0.0737193622925237,0.3341670835417709,0.4718164949447511,45.0,2.0,1999.0,0.0,0.3319794593881996,0.496959957375202,,0.83991995997999,0.6680205406118003,83,0.0,True
openml_1524_vertebra-column,real_openml,real_openml,2.1,2,6,62,248,0.0,0.0,,0.0,0.0,False,248,0.3548387096774194,0.0,0.6806428519050464,0.0,2.1,2.584845272216036,5.7930388825927547e-05,0.2236598890942699,0.5742572284477028,,0.907165767573082,0.4059958043711827,0.2591112524915933,0.4076395120811875,0.2601602859024904,1.0040485829959511,1.1730501810577325,6.231845536995446,0.8887356742809288,0.0431314113040319,0.0049925777110749,,0.6411290322580645,,0.532258064516129,,3.3464416796071816,0.1002180237074675,0.4920281631077191,0.966961498439126,0.1455693601819362,0.100241444640942,0.3629032258064516,0.4135733390395957,0.1192438694640636,0.2177419354838709,0.4135456222910318,6.0,2.0,248.0,0.0,0.3297713644244371,0.4920281631077191,,0.5201612903225806,0.6702286355755629,84,0.0,True
openml_43900_amazon_employee_access,real_openml,real_openml,16.2741,2,9,6554,26215,0.0,0.0,,0.0,0.0,False,1999,0.884188441731833,0.0,0.0274430850021127,0.0,16.26943346508564,3.1821948859788725,0.5960397069712918,0.8783724953202378,0.1201648437267105,,0.3175559042538389,0.1190851100283856,0.1467457530094903,0.1159661050702747,0.1399696818543226,0.986086624137427,0.5423086461782703,60.6071005523681,0.9982871625476892,0.0027757572544712,0.4937453373861308,,0.9649824912456229,,0.8649324662331166,,3.4945112077191167,0.5968069200356182,0.0146511462072615,0.9900665690524102,0.0052395825135942,0.0022507451985253,0.1490745372686343,0.3181885572284088,0.1616709811846303,0.1010505252626313,0.301471029669858,9.0,2.0,1999.0,0.0,0.0144395896678647,0.0146511462072615,1.0044562366189262,0.2031015507753877,0.9855604103321352,85,0.0,True
openml_730_fri_c1_250_5,real_openml,real_openml,1.1008,2,5,50,200,0.0,0.0,,0.0,0.0,False,200,0.05,0.0,0.297228569256722,0.0,1.105263157894737,2.321928094887362,0.0,0.0049875311720699,0.465015292964361,,0.99819587904281,0.1690260718855272,0.2803342348121639,0.1698754491311832,0.2817429495599639,1.0050251256281408,0.708162583315423,7.149476040327249,0.9478798546996676,0.0482424485378192,0.7884595349245377,,0.935,,0.825,,3.1805059273191487,0.1041983715936508,0.2758995205566446,0.9619,0.1396180466110241,0.1041983715936508,0.295,0.3796721356692106,0.1077747889506654,0.175,0.3809205986981575,5.0,2.0,200.0,0.0,0.2162392226907305,0.2758995205566446,1.0371159675507626,0.54,0.7837607773092694,86,0.0,True
openml_46334_glass_clean,real_openml,real_openml,8.4444,6,9,43,171,0.0,0.0,,0.0,0.0,False,171,0.7657246611507086,0.7605338045565668,4.038296301484917,3.0712608500950367,8.714285714285714,2.0133231257717834,0.6255367816647759,0.1372331877058992,0.4952402596816022,0.2793125677497545,2.1710541960089595,0.2258034229398582,0.1858452032418385,0.2271316783689162,0.1869384103197317,1.0058823529411762,0.8775399847475475,6.237392686621452,0.7418372916022503,0.220974435597725,0.0005803555281076,0.0014870376751154,0.2423777527884163,0.2896679290052132,0.0509401709401709,0.1510175457156929,3.8363065324162,0.5652730526934941,5.338017573345689,0.9700420642248896,0.3480707893645435,0.1466219804361467,0.52046783625731,0.4050944338153044,0.1483825385792231,0.2982456140350877,0.4588314677411235,9.0,6.0,171.0,0.6404213726292659,1.538376616059349,4.254550775763367,,0.6023391812865497,0.0791696837652699,87,0.0,True
pmlb_dis,real_pmlb,real_pmlb,64.0345,2,29,755,3017,0.0,0.0,,0.0,0.0,False,1999,0.9695061319191248,0.0,0.2385633562080709,0.0,64.58695652173913,0.9481220576221668,1.325182562270664,0.9695347512455964,0.1374573304147234,,0.1124060081711335,,,0.0753750409840385,0.1463419663261446,0.890318205224206,0.940078825733628,31.541943469821867,,,,,0.2196098049024512,,0.1420710355177588,,1.0569643662933417,1.3188985842251637,0.0192583957844719,0.9569757364925584,0.0035636994999588,0.0086848810552541,0.0370185092546273,0.2210782511480017,0.1173535709374458,0.0215107553776888,0.1451157377292911,29.0,2.0,1999.0,0.0,0.0188945176847424,0.0192583957844719,,0.0805402701350675,0.9811054823152576,88,0.0,True
openml_1480_ilpd,real_openml,real_openml,2.491,2,10,117,466,0.0,0.0,,0.0,0.0,False,466,0.4291845493562232,0.0,0.2179670871356943,0.0,2.5037593984962405,2.5072117367084883,0.6361400824658031,0.3110952106892314,0.3511244004637437,,0.8627149855203994,0.1707286864308841,0.208002888233152,0.1710958448963267,0.2084502062723628,1.002150537634407,0.8471109018455402,16.67431188136155,0.9735579545855728,0.0180730533592596,1.1958027730699272e-05,,0.8862660944206009,,0.7381974248927039,,3.318187556519463,0.6247698879967383,0.140625876069729,0.9894315607213248,0.051739165709425,0.0356748225965335,0.4914163090128755,0.4442740573666814,0.1342620003889569,0.3390557939914163,0.4738975538067187,10.0,2.0,466.0,0.0,0.1232883446010234,0.140625876069729,,0.6244635193133047,0.8767116553989766,89,0.0,True
pmlb_biomed,real_pmlb,real_pmlb,1.7867,2,8,42,167,0.0,0.0,,0.0,0.0,False,167,0.281437125748503,0.0,0.7451103549137602,0.0,1.7833333333333334,2.197529272300385,0.333327643697853,0.1467871619376702,0.740617551505244,,0.942085111148101,0.1799438128659175,0.1561922438215872,0.1810278117386039,0.1571331609530426,1.0060240963855422,0.6727857520913315,5.313510248234651,0.8562077514965678,0.1171013922169767,0.0009587695647323,,0.6586826347305389,,0.0419161676646706,,2.9623144316019463,0.2831488213239907,1.2149098577729982,0.9468249130481552,0.1772999518465401,0.1098325508821116,0.2035928143712574,0.3595805817067576,0.1140169164237172,0.0838323353293413,0.2779696969853077,8.0,2.0,167.0,0.0,0.5485143575976228,1.2149098577729982,1.312866909655264,0.4251497005988024,0.4514856424023772,90,0.0,True
pmlb_breast_cancer,real_pmlb,real_pmlb,2.3647,2,9,58,228,0.0,0.0,,0.0,0.0,False,228,0.4035087719298245,0.0,0.2729566246245468,0.0,2.3529411764705883,1.32689720266056,0.5668591259376616,0.2800423504499735,0.422187784329851,,0.8791357668533337,0.1351041336162338,0.1549535080464998,0.1356993060110189,0.1556361226193918,1.004405286343612,0.6145538936308478,26.511468309915045,0.9629379524657132,0.0395264240043554,0.6400000000000001,,0.9956140350877192,,0.9912280701754386,,2.1728723857025267,0.5735294016541337,0.2169040510265278,0.9746075715604802,0.0331605838113668,0.033183435773464,0.3947368421052631,0.4059043746664745,0.2438886090068861,0.3114035087719298,0.4640861935607583,9.0,2.0,228.0,0.0,0.1782425252373487,0.2169040510265278,1.0383326657662928,0.4035087719298245,0.8217574747626513,91,0.0,True
openml_44715_nomao_seed_2_nrows_2000_nclass,real_openml,real_openml,2.5026,2,100,400,1600,0.0,0.0,,0.0,0.0,False,1600,0.42875,0.0,1.5005155478361571,0.0,2.50109409190372,1.1117755292519915,0.9288277879772604,0.3105633347367976,0.8454939983831704,,0.8630025110930458,0.1633206121909103,0.2005876989406385,0.1634227514105413,0.2007131446560479,1.00062539086929,2.5881387825546947,14.217464617271654,0.9375749779787204,0.0891921804383814,1.1564251224173127e-05,,0.955,,0.85375,,1.9140778709178776,0.8832419741564151,2.5070504147825026,0.971709765625,0.0607001694271602,0.0793419747492839,0.1475,0.2840321447499768,0.156594644546925,0.078125,0.2684520924740969,100.0,2.0,1600.0,0.0,0.7148601013019605,2.5070504147825026,,0.229375,0.2851398986980394,92,0.0,True
openml_43901_click_prediction_small,real_openml,real_openml,4.937,2,8,7986,31940,0.0,0.0,,0.0,0.0,False,1999,0.6631183469004384,0.0,0.0689184531480901,0.0,4.936802973977695,2.637099201094544,1.2266610675683356,0.6117597400003127,0.1708790289923533,,0.6533030549585386,0.0502359453766313,0.0999118791211335,0.0458255593993055,0.101666907667073,0.8821960930231869,0.4632471605514984,102.4469698371222,0.995118667726774,0.0081922553541809,0.2968503849291377,,0.9819909954977488,,0.9684842421210604,,3.284025268466264,1.229502703411547,0.03007790667285,0.9966914422694088,0.0063769875868189,0.005734600920047,0.3726863431715858,,,0.2496248124062031,0.4329041641287044,8.0,2.0,1999.0,0.0,0.0291996425493695,0.03007790667285,1.0553211139915892,0.4552276138069034,0.9708003574506304,93,0.0,True
openml_44568_ada_seed_0_nrows_2000_nclasses,real_openml,real_openml,3.0323,2,48,400,1600,0.0,0.0,,0.0,0.0,False,1600,0.50375,0.0,0.9353471841230496,0.0,3.030226700251889,0.589750146885004,0.7641911315666587,0.4048035353541648,0.6268463128582279,,0.8082927718631158,,,0.0536704083394312,0.0839745653275113,0.938086303939956,0.7323679127929759,37.13793139720642,,,,,0.93875,,0.84125,,1.3762783039337383,0.7474390702885443,0.6472735890939932,0.988258203125,0.0217646148143813,0.0367471124625215,0.320625,0.3397530794187334,0.2176477456736106,0.22625,0.4185336533803255,48.0,2.0,1600.0,0.0,0.3929362999439553,0.6472735890939932,,0.371875,0.6070637000560446,94,0.0,True
openml_44368_wine_seed_1_nrows_2000_nclasse,real_openml,real_openml,1.0,2,11,400,1600,0.0,0.0,,0.0,0.0,False,1600,0.0,0.0,0.5499680428578941,0.0,1.0,3.4509915248026477,0.008513256962276,0.0,0.5519664800760467,,1.0,0.2450375603870139,0.1674642955701303,0.2451908046399135,0.1675690262115123,1.000625390869292,0.9821207287145384,16.48312764598018,0.9579177421764964,0.0673194499467851,0.0386997783666994,,0.990625,,0.9575,,4.390323427007271,0.0614225661953749,0.4381598356364862,0.995909765625,0.0606680977953765,0.0594257474271837,0.4225,0.3717433247905033,0.1885793997497468,0.260625,0.4391128806482674,11.0,2.0,1600.0,0.0,0.3046669951275408,0.4381598356364862,,0.655625,0.6953330048724592,95,0.0,True
openml_807_kin8nm,real_openml,real_openml,1.0358,2,8,1639,6553,0.0,0.0,,0.0,0.0,False,1999,0.017549214100412,0.0,0.4791729659290145,0.0,1.0357253805529667,3.5849561804964467,0.0,0.0006129250635316,0.5210701257071245,,0.999778854943674,0.017056032728802,0.0108563278378411,0.0169314657983308,0.0108528306584598,0.990801375381974,0.0595715178544187,31.423712379741364,0.9662999286951496,0.0644874899991011,0.9839295611144404,,0.9934967483741872,,0.9804902451225612,,4.552918971097951,0.0518884693947207,0.3727101196107968,0.9971116123344314,0.0318160643421693,0.0518884693947207,0.3776888444222111,0.450919261434505,0.0666948375603979,0.2266133066533266,0.418745069793661,8.0,2.0,1999.0,0.0,0.2715140759044385,0.3727101196107968,1.0167719887906668,0.8364182091045522,0.7284859240955615,96,0.0,True
openml_45707_cylinder-bands,real_openml,real_openml,1.3684,2,37,108,432,0.0,0.0,,0.0,0.0,False,432,0.1574074074074074,0.0,0.2382800616969758,0.0,1.3736263736263736,1.6523605537056392,0.9654307464531908,0.0483560612398562,0.606233910538858,,0.9820525584558656,,,0.1000242587751273,0.1341490334400824,0.9481407161221548,1.0429895000360128,26.58112710606605,,,,,0.9074074074074074,,0.6712962962962963,,2.597467629957639,0.9638993992340328,0.5810765483398711,0.9844071502057612,0.036945482203866,0.0312563300303986,0.4097222222222222,0.4100029335816766,0.1149967675760933,0.2152777777777778,0.4114914491015352,37.0,2.0,432.0,0.0,0.3675195542872361,0.5810765483398711,,0.6898148148148148,0.6324804457127639,97,0.0,True
openml_335_monks-problems-3,real_openml,real_openml,1.0827,2,6,111,443,0.0,0.0,,0.0,0.0,False,443,0.0383747178329571,0.0,0.7224546980968499,0.0,1.07981220657277,1.4586363007160583,0.3898341983076637,0.0029409071019343,0.6734440628162198,,0.9989374690847928,0.0246274106936679,0.0187310191090331,0.0246831288174092,0.0187733969803205,1.0022624434389138,0.0750280448946452,10.244111511433744,0.92861366145698,0.1140484110039036,1.0,,1.0,,1.0,,2.36006043563128,0.3122386035768582,0.8299162584729999,0.9916483650872108,0.0975133341695714,0.1487511506728935,0.435665914221219,0.3105440858446301,0.2469856758550966,0.2392776523702031,0.427124895233716,6.0,2.0,443.0,0.0,0.4535269057424166,0.8299162584729999,,0.4717832957110609,0.5464730942575834,98,0.0,True
pmlb_spect,real_pmlb,real_pmlb,3.8545,2,22,54,213,0.0,0.0,,0.0,0.0,False,213,0.5868544600938967,0.0,0.5285554805457332,0.0,3.840909090909091,0.8544422863899984,0.1304843311676922,0.5123454766042561,0.5323196645321874,,0.7348804373538654,0.2015116880381466,0.1545384694488727,0.202462214868515,0.1552674244934427,1.0047169811320746,1.1957760144958096,16.355949578792323,0.9483040499567296,0.0273112340909914,0.0,,0.8544600938967136,,0.8028169014084507,,1.5443922576884577,0.1270515046858062,0.395408986309102,0.9690978421389054,0.0449304660554062,0.0226335296344844,0.3427230046948357,,,0.2488262910798122,0.4333513900174395,22.0,2.0,213.0,0.0,0.2833642252476605,0.395408986309102,,0.1971830985915492,0.7166357747523395,99,0.0,True
openml_44072_phoneme,real_openml,real_openml,1.0,2,5,635,2537,0.0,0.0,,0.0,0.0,False,2537,0.0003941663381947,0.0,0.2981314355910737,0.0,1.000788643533123,3.6589975180847056,0.092662069672253,3.107341559616117e-07,0.5511702494801308,,0.9999998879263232,0.1222441067987878,0.0978508626237962,0.1222923103109326,0.0978894473488056,1.0003943217665632,0.3433621897735291,5.616232945722562,0.9102199466525022,0.0462057999715635,0.2949067348833936,,0.9124950729207726,,0.8986992510839574,,4.480942133448316,0.1244324925970011,0.4363454305298444,0.9880592613630448,0.1780552725627137,0.0682868654577952,,,,,,5.0,2.0,2537.0,0.0,0.3037886439119897,0.4363454305298444,1.2152818058935284,,0.6962113560880103,100,0.0,True
pmlb_yeast,real_pmlb,real_pmlb,23.15,9,8,296,1183,0.0,0.0,,0.0,0.0,False,1183,1.010426257712408,0.8374514254944215,2.4430996728832826,2.04597730368106,23.125,2.3252601346276665,1.467740877708254,0.1414711015967419,0.3845192893992954,0.27946277554345,2.466884607546698,0.0887519576629135,0.1207947180169606,0.0888270439215113,0.1208969132098681,1.000846023688654,0.4193738674093502,12.687888368793814,0.7478623994797609,0.1895962488213496,,,0.6036661074408913,0.2650598911308927,0.2986282731129296,0.2780121604617287,4.597716438910437,1.3572624046506998,3.061982807680173,0.9977055911121844,0.1944283032639271,0.1562161207881653,0.6703296703296703,0.4814012637684324,0.1456781870804376,0.4852071005917159,0.4999924908576187,8.0,9.0,1183.0,0.9051727352884116,1.7295367717622545,1.0305411039455532,,0.8157227387996618,0.1046832616828609,101,0.0,True
openml_838_fri_c4_500_25,real_openml,real_openml,1.3148,2,25,100,400,0.0,0.0,,0.0,0.0,False,400,0.135,0.0,0.189239847668373,0.0,1.3121387283236994,2.8072748287208986,2.367696271920105e-05,0.0357975889415405,0.4775766929615602,,0.9868132147842472,0.0570811423239575,0.1196878742713726,0.0572242028310351,0.1199878438810753,1.00250626566416,0.6637714552705497,25.39510365751204,0.9905303969586702,0.0218886523653876,0.3283257035441331,,0.9575,,0.635,,3.755229638826324,0.0770844711505202,0.2954701902187204,0.99279375,0.0388584046788224,0.0770809007252399,0.5575,0.4896292100560943,0.032531385940782,0.365,0.4820330794917614,25.0,2.0,400.0,0.0,0.2280794976601003,0.2954701902187204,1.0430028692020412,1.0,0.7719205023398996,103,0.0,True
openml_1590_adult,real_openml,real_openml,3.1792,2,14,9769,39073,0.0,0.0,,0.0,0.0,False,1999,0.5214598315972666,0.0,0.3446965460791493,0.0,3.1793774735265803,1.791077234811256,1.2013931271219658,0.4279626660896761,0.5179268771687159,,0.7935730699043289,0.0693372285563759,0.0890237214274977,0.069089950833569,0.0883602296738528,1.0016244232742384,0.427308757764776,13.87966336459107,0.9666349421304858,0.0340353374413186,0.0210051321646683,,0.9179589794897448,,0.8579289644822411,,2.527475065730406,1.183891120123668,0.3665836810477063,0.9899907432455598,0.057175238985179,0.0493628572981039,0.3251625812906453,0.3730435878387363,0.1733679741877073,0.2336168084042021,0.423237055138679,14.0,2.0,1999.0,0.0,0.2682482500937381,0.3665836810477063,,0.391695847923962,0.7317517499062619,104,0.0,True
pmlb_magic,real_pmlb,real_pmlb,1.8439,2,10,3804,15216,0.0,0.0,,0.0,0.0,False,1999,0.2967928496319663,0.0,0.5539024869885909,0.0,1.8441121495327104,3.5849544466364534,3.030819049558013e-06,0.1617650914862051,0.5928436112957501,,0.9355558224142296,0.2685017002955003,0.2655961375033915,0.2643741158168881,0.2581835296882958,0.9894691761649744,1.1626676456064424,15.322778158799805,0.9548421120888156,0.0736166443784712,0.0111034117942322,,0.9574787393696848,,0.9244622311155578,,4.459453728734138,0.0590921968099159,0.5419333733277832,0.9923185704908484,0.0610565403165446,0.0590937258128774,0.3106553276638319,0.4208970416992882,0.0969603615717134,0.2011005502751375,0.4009233454460104,10.0,2.0,1999.0,0.0,0.3514635474541865,0.5419333733277832,,0.5662831415707854,0.6485364525458135,105,0.0,True
openml_44453_road-safety_seed_0_nrows_2000_,real_openml,real_openml,1.0,2,32,400,1600,0.0,0.0,,0.0,0.0,False,1600,0.0,0.0,0.3349678746948925,0.0,1.0,1.9584529537857611,1.2984111642037477,0.0,0.4497078660681617,,1.0,0.0742792663148581,0.1560405807115791,0.0743257198897892,0.1561381670659958,1.0006253908692924,0.9774135400855546,83.0293940351392,0.9925584406275914,0.0253685788393984,0.000153083888916,,0.99375,,0.958125,,2.946409026311392,1.2989170186011203,0.2535053726259209,0.997936328125,0.0120439274743687,0.0224674408880655,0.5375,0.4727308829052963,0.0892755042545113,0.38,0.48553819838279,32.0,2.0,1600.0,0.0,0.2022371648035796,0.2535053726259209,1.0869301233227042,0.84125,0.7977628351964203,106,0.0,True
openml_44777_sf-police-incidents_seed_4_nro,real_openml,real_openml,7.2305,2,8,400,1600,0.0,0.0,,0.0,0.0,False,1600,0.7575,0.0,0.0201937966745544,0.0,7.247422680412371,3.3083317241049435,0.2313620647197353,0.7291955410648547,0.0924377034272952,,0.532943310174545,0.0475510479506671,0.0749212628545123,0.0475807859418809,0.0749681179282177,1.000625390869295,0.2479262438696501,105.16784613109336,0.9987057424230124,0.0015802586461636,0.8977386492532063,,0.983125,,0.973125,,3.8362074843601888,0.2314421151276251,0.0086183706567243,0.99462734375,0.0050675499192996,0.0015986683309583,0.289375,0.4203568430271477,0.1097652042586174,0.19375,0.3953588627993513,8.0,2.0,1600.0,0.0,0.0085447290149125,0.0086183706567243,1.0035389010704594,0.5025,0.9914552709850876,107,0.0,True
pmlb_hypothyroid,real_pmlb,real_pmlb,19.947,2,25,633,2530,0.0,0.0,,0.0,0.0,False,2530,0.9043478260869564,0.0,0.366880441806048,0.0,19.90909090909091,1.059483780782498,1.4258660343797849,0.8997961815232312,0.4255450399685396,,0.2770895559110393,0.1554732340146231,0.2393781193659185,0.155534710184656,0.2394727726357346,1.0003954132067971,1.42607062888985,22.42257116807991,0.9965832566325792,0.0055997853077858,0.0,,0.7940711462450593,,0.7256916996047431,,1.3242157192805315,1.4066139900898813,0.2211332957992067,0.9607239606930276,0.0123576174130063,0.0247584287003018,,,,,,25.0,2.0,2530.0,0.0,0.181088581041826,0.2211332957992067,,,0.818911418958174,108,0.0,True
pmlb_profb,real_pmlb,real_pmlb,2.0,2,9,135,537,0.0,0.0,,0.0,0.0,False,537,0.3333333333333333,0.0,0.1833218714329263,0.0,2.0,2.227305045298949,1.1571877949367118,0.1999999999999999,0.3030760318711534,,0.9182958340544894,0.0593681994009728,0.0498691092798248,0.0594789609670194,0.0499621486628096,1.0018656716417915,0.2316929299649368,67.50600267393197,0.9887575500940972,0.0224843245787584,0.5531736023539302,,0.988826815642458,,0.9832402234636872,,3.1319977063365134,1.1495804616250709,0.1011458404738918,0.9955612427133292,0.0136031730169248,0.0184764662506079,0.6201117318435754,0.4869146621741212,0.0787474026618011,0.4692737430167598,0.4995203235668189,9.0,2.0,537.0,0.0,0.0918550810947644,0.1011458404738918,1.0163745390629697,0.8715083798882681,0.9081449189052356,109,0.0,True
openml_46935_HR_Analytics_Job_Change_of_Dat,real_openml,real_openml,3.0105,2,12,3832,15326,0.0,0.0,,0.0,0.0,False,1999,0.501239723345948,0.0,0.3068630225862411,0.0,3.009942438513867,1.993780800967719,0.983483084445952,0.4022418987566999,0.4203276943076315,,0.8098876377538533,0.0985854848077011,0.0958758604130425,0.0992726283943672,0.0962097571561476,1.0042381373214992,0.4785089146811412,31.700267423475957,0.979962970810804,0.0307805522233111,0.919224162774589,,0.9989994997498748,,0.9974987493746872,,2.7781201483259497,0.9725112278336224,0.2145877388985012,0.9967572580687544,0.0255482903956224,0.028734945750596,0.4382191095547774,0.4331384315318718,0.1446369175231433,0.3006503251625813,0.4586555812708215,12.0,2.0,1999.0,0.0,0.1766753706019697,0.2145877388985012,1.0119932727549352,0.5397698849424712,0.8233246293980302,110,0.0,True
pmlb_clean2,real_pmlb,real_pmlb,5.4877,2,168,1320,5278,0.0,0.0,,0.0,0.0,False,1999,0.691549829480864,0.0,6.023468186191115,0.0,5.484029484029484,3.49383918062027,0.3114476226581405,0.647415586195925,0.9740471956084076,,0.619949744472836,0.2703936693947457,0.2270065362841051,0.2706189032778648,0.2271851322969582,1.0006551008247375,4.579818146839326,11.406599177246822,0.9823667463733264,0.0429533245137124,0.0,,0.0,,0.0,,4.059438830482131,0.3174604929679913,18.519027456673136,0.9866166199658108,0.0543500946109751,0.0452525445843553,,,,,,168.0,2.0,1999.0,0.0,0.9487679392726034,18.519027456673136,1.593579507771674,,0.0512320607273966,111,0.0,True
openml_41746_FOREX_cadchf-day-High,real_openml,real_openml,1.0666,2,11,367,1464,0.0,0.0,,0.0,0.0,False,1464,0.0327868852459016,0.0,0.001543155142912,0.0,1.0677966101694916,3.459417482530774,3.869458543413735e-06,0.0021476510067114,0.3818913809726528,,0.9992244269658094,0.6719282554075577,0.4262803153938518,0.6723875365117327,0.4265716894987008,1.0006835269993162,2.634076646504929,242.55241847929992,0.9997890025798768,0.0002481549165643,0.7481837742048281,,0.994535519125683,,0.9528688524590164,,4.454522286887871,0.002066652938777,0.1707422522592885,0.9985844232434532,0.0041196226087149,0.0020651242948914,0.6687158469945356,0.494410645550339,0.1128181920565863,0.4726775956284153,0.4994235253838772,11.0,2.0,1464.0,0.0,0.1458410268611998,0.1707422522592885,,0.8333333333333334,0.8541589731388002,112,0.0,True
openml_41143_jasmine,real_openml,real_openml,1.0,2,144,597,2387,0.0,0.0,,0.0,0.0,False,2387,0.0004189359028068,0.0,0.7797740572842873,0.0,1.0008382229673094,0.6859207726363974,0.7691144042781208,3.510145196727877e-07,0.6838961893072311,,0.9999998733982476,,,0.0506902604913228,0.1001589346692212,0.9934717565428004,1.3495922639033084,36.081581978819166,,,,,0.8856304985337243,,0.8709677419354839,,1.6582056784928871,0.7503693851178812,0.8786892681208602,0.9888600257398992,0.0277149675417578,0.0583760360117523,,,,,,144.0,2.0,2387.0,0.0,0.467713997748952,0.8786892681208602,,,0.532286002251048,113,0.0,True
openml_44353_credit_seed_0_nrows_2000_nclas,real_openml,real_openml,1.0,2,10,400,1600,0.0,0.0,,0.0,0.0,False,1600,0.0,0.0,0.1040945896936348,0.0,1.0,2.374336805410069,1.1431990705410116,0.0,0.3361431739414273,,1.0,0.1310400361645239,0.2464774327456349,0.1311219874066535,0.2466315774815616,1.0006253908692968,0.8756049136520282,15.43184920163422,0.991763811419599,0.0148899354440743,1.9499253610460954e-05,,0.99375,,0.9875,,3.309535757464752,1.1627280380406246,0.1273858444542437,0.998285546875,0.0648010479453169,0.0611650501997211,0.609375,0.4795937963728156,0.150373995858217,0.441875,0.4967652556283498,10.0,2.0,1600.0,0.0,0.1129922333874166,0.1273858444542437,,0.7075,0.8870077666125833,114,0.0,True
pmlb_mofn_3_7_10,real_pmlb,real_pmlb,3.5342,2,10,265,1059,0.0,0.0,,0.0,0.0,False,1059,0.5580736543909348,0.0,0.2757908692720591,0.0,3.525641025641025,0.9996823239119036,0.0004148531024352,0.4749660380129483,0.7349108689885108,,0.7619223325217146,0.0131793043893653,0.0097547641479674,0.0131917611988071,0.009763984151888,1.0009451795841204,0.0516952015084399,19.16198671889901,0.9470250476838412,0.0366234993179638,1.0,,1.0,,1.0,,1.7218424781324375,0.0274608550632605,1.174357299452193,0.974904612739761,0.0397621783011804,0.0274960624107896,0.206798866855524,0.2406043425271942,0.2048716481687252,0.1048158640226629,0.3064607387551927,10.0,2.0,1059.0,0.0,0.540093985357448,1.174357299452193,,0.2426817752596789,0.459906014642552,115,0.0,True
pmlb_monk2,real_pmlb,real_pmlb,1.9175,2,6,121,480,0.0,0.0,,0.0,0.0,False,480,0.3125,0.0,0.0206171353228632,0.0,1.9090909090909087,1.4589448422116085,0.390231179249199,0.1779359430604982,0.1682822599997006,,0.9283620723948678,0.0197006989360116,0.0189219618488606,0.0197418277438112,0.0189614649007372,1.0020876826722342,0.0659685275159029,210.17481888320887,0.9954986775855992,0.0033194444731195,1.0,,1.0,,1.0,,2.382889819935821,0.3894372960425766,0.0291442527648625,0.9881510416666668,0.0044170946706548,0.0024013646960385,0.3729166666666667,0.2318669539411117,0.2240136485657837,0.14375,0.3512020812565244,6.0,2.0,480.0,0.0,0.0283189190306068,0.0291442527648625,,0.4541666666666666,0.9716810809693932,116,0.0,True
openml_46_splice,real_openml,real_openml,2.1578,3,60,638,2552,0.0,0.0,,0.0,0.0,False,2552,0.3934528327918877,0.1859660855281807,1.7390665822209483,0.3234074047685019,2.1563517915309447,1.9742861643225116,0.0585054955765918,0.1237390448847981,0.6623239224322635,0.0398269834381241,1.4801702169281388,0.0244980142572207,0.0204767330990913,0.0245076175556359,0.0204847600426817,1.0003920031360256,0.2473877485768982,26.59414608256885,0.9785984328411302,0.0539770129945582,0.4166666666666667,0.1443375672974064,0.7724948428425602,0.0823653442966782,0.6973048319847969,0.12339304337481,3.398798635657596,0.1475660063963596,1.5839003526602191,0.9984783586049666,0.0556577455930542,0.0920006854487391,,,,,,60.0,3.0,2552.0,0.3078147238764248,0.8789321450618985,0.9112079997879776,1.1499238942962955,,0.3128066476809175,117,0.0,True
openml_43904_law-school-admission-bianry,real_openml,real_openml,2.1073,2,10,4160,16640,0.0,0.0,,0.0,0.0,False,1999,0.3563701923076923,0.0,0.0757999658367387,0.0,2.107376283846872,1.950436633953871,1.239460529476563,0.2257225760761215,0.3278659476256003,,0.9061784134305944,0.1261852852986708,0.1566008311773107,0.1271919522104335,0.1564652202322228,1.0111937921738836,0.6354096861119679,47.83829735842132,0.982768698424336,0.0133323826068996,0.7722007722007722,,0.9989994997498748,,0.9984992496248124,,2.8376725167454424,1.2354741885085707,0.1204432576226141,0.998100350825738,0.0189425306390231,0.0108755020206819,0.5397698849424712,0.4465669822672043,0.1738506249839301,0.384192096048024,0.4865253765833991,10.0,2.0,1999.0,0.0,0.1074960796124328,0.1204432576226141,,0.599799899949975,0.8925039203875671,118,0.0,True
openml_41885_FOREX_chfsgd-hour-Close,real_openml,real_openml,1.0339,2,11,8765,35060,0.0,0.0,,0.0,0.0,False,1999,0.016657159155733,0.0,0.0003224761180705,0.0,1.033878640213482,3.5849534161372585,5.589694059028048e-06,0.0005448964121397,0.1325846427201617,,0.9998034076734365,0.6365423165818787,0.3976319198167585,0.6317133283770275,0.3933866990107034,0.9937961105286875,2.4619265972990427,181.6690637958203,0.9982368824130028,0.000763164915162,0.4612305459017172,,0.9969984992496248,,0.975487743871936,,4.579253391433253,0.0011853228699148,0.0178932269295294,0.9989759762322382,0.0055034323774416,0.0011855485431103,0.7058529264632316,0.4926532333040865,0.1415888009890413,0.4927463731865933,0.5000724784361683,11.0,2.0,1999.0,0.0,0.0175786874852329,0.0178932269295294,,0.7933966983491746,0.982421312514767,119,0.0,True
openml_41816_FOREX_usddkk-hour-High,real_openml,real_openml,1.1358,2,11,8765,35060,0.0,0.0,,0.0,0.0,False,1999,0.0636052481460353,0.0,0.0042982569685831,0.0,1.1358513554675602,3.259050677936124,1.080904827147539,0.0080401183411306,,,0.997086473804342,,,,,,,246.72542169966877,,,,,0.0,,0.0,,4.252095871896113,1.0795650480150392,,0.9989909912434956,0.0040412798443529,0.0017330049545842,0.7088544272136068,0.4941340995151563,0.1433066983631355,0.4772386193096548,0.4996066306352122,11.0,2.0,1999.0,0.0,,,,0.7718859429714857,,120,0.0,True
openml_44376_electricity_seed_4_nrows_2000_,real_openml,real_openml,1.0,2,7,400,1600,0.0,0.0,,0.0,0.0,False,1600,0.0,0.0,0.3054351047929443,0.0,1.0,3.073661954398277,0.480530274545221,0.0,0.445144723997015,,1.0,0.2852350511602882,0.2100304426621785,0.285413434556886,0.2101617937832927,1.0006253908692924,0.9298811738534012,11.39193135741874,0.941387369899292,0.0505799863605501,0.006185036300283,,0.929375,,0.90375,,3.985880526594223,0.4561445803570146,0.2471219936630652,0.99691953125,0.0877814278040547,0.07311069467619,0.468125,0.4198094594722203,0.150913073229477,0.285625,0.4518528147847406,7.0,2.0,1600.0,0.0,0.1981538253023787,0.2471219936630652,,0.58875,0.8018461746976213,121,0.0,True
openml_41750_FOREX_eurhuf-day-Close,real_openml,real_openml,1.0265,2,11,367,1467,0.0,0.0,,0.0,0.0,False,1467,0.0129516019086571,0.0,0.0121091839838587,0.0,1.026243093922652,3.4594195560149923,4.9718502399112594e-06,0.0003354317173452,0.1460751319501139,,0.9998789949041892,0.7782742531365388,0.2585387801961598,0.778805135983153,0.2587151367992949,1.000682128240109,2.71933702873865,140.74758889935418,0.9958181663476195,0.0021895767005531,0.4217497552962131,,0.996591683708248,,0.9713701431492844,,4.452194493203357,0.0016418859713989,0.0218031791947211,0.9986687353543464,0.0071040577158247,0.0016400235479708,0.7034764826175869,0.5022520935216302,0.1002658711063619,0.498295841854124,0.5001675978350006,11.0,2.0,1467.0,0.0,0.0213379441742431,0.0218031791947211,,0.880027266530334,0.9786620558257568,122,0.0,True
openml_44660_churn_seed_2_nrows_2000_nclass,real_openml,real_openml,6.0671,2,20,400,1600,0.0,0.0,,0.0,0.0,False,1600,0.7175,0.0,0.185510281940004,0.0,6.079646017699115,2.86184152822282,1.0273355569104643,0.6796991364407164,0.4284126365015919,,0.5875031108110359,0.0475998427003202,0.1561960075636938,0.0476296112073247,0.1562936911206439,1.0006253908692917,0.7289407494665661,34.498649772746646,0.9870914609264082,0.0196604319147838,0.0162005471647117,,0.98,,0.891875,,3.432314896864784,1.0283715960233204,0.2247958255743511,0.99006328125,0.0170297421690733,0.0217057512418015,0.230625,0.4373220995597046,0.0610030356224437,0.143125,0.3503097664322052,20.0,2.0,1600.0,0.0,0.1835373871142451,0.2247958255743511,1.0203121453214188,0.71,0.8164626128857548,123,0.0,True
openml_41783_FOREX_eurdkk-day-Close,real_openml,real_openml,1.0864,2,11,368,1468,0.0,0.0,,0.0,0.0,False,1468,0.0408719346049046,0.0,0.0051198147619947,0.0,1.0852272727272727,3.144903281129534,1.043046419048206,0.0033354581437062,,,0.9987946423936424,,,,,,,268.88013843183336,,,,,0.0,,0.0,,4.139983277107793,1.0418163951075892,,0.998630177668555,0.0037146464153835,0.0023845899671962,0.7043596730245232,0.50057656852986,0.0800927590975611,0.494550408719346,0.5001406777351701,11.0,2.0,1468.0,0.0,,,,0.9134877384196184,,124,0.0,True
openml_44567_philippine_seed_4_nrows_2000_n,real_openml,real_openml,1.0,2,100,400,1600,0.0,0.0,,0.0,0.0,False,1600,0.0,0.0,0.4652647759408414,0.0,1.0,3.4434094886495585,0.0892764353908441,0.0,0.5515263964441904,,1.0,0.0528576618219241,0.1220449791980863,0.0528907185209997,0.1221213050137199,1.0006253908692937,1.3307151608358043,42.85540420166669,0.9805031955227652,0.0432722557777062,4.233388613084444e-09,,0.9775,,0.70125,,4.420075208676505,0.1160377735061742,0.4371561080723522,0.997720703125,0.023334279973052,0.0385483246252795,0.483125,0.4938194044684391,0.0181030739950827,0.358125,0.4795990449348695,100.0,2.0,1600.0,0.0,0.3041813659747143,0.4371561080723522,,1.0,0.6958186340252858,125,0.0,True
openml_45504_timing-attack-dataset-20-micro,real_openml,real_openml,1.0584,11,124,4399,17593,0.0,0.0,,0.0,0.0,False,1993,0.0187560823444122,0.7346088274800029,0.0042006715991803,0.0030858504381024,1.0582959641255605,0.4620649256164425,1.2053541677039594,3.891040837722404e-05,0.0383787671724816,0.0359374017381118,3.459177272671961,,,0.0032130899771403,0.0497621980707235,0.1219576696372714,0.6465086117022449,574.147595264454,,,,,0.9703018659151578,0.0137999402110038,0.8061696655066054,0.032007567342825,3.9152173062550606,1.1896500441740858,0.0266129410338778,0.9994310241389268,0.0060248920333431,0.0169267220393433,,,,,,124.0,11.0,1993.0,0.0152475283870614,0.0263527692899735,0.0150801870560348,,,0.9738653086511598,126,0.0,True
openml_41763_FOREX_audcad-hour-High,real_openml,real_openml,1.0605,2,11,8765,35060,0.0,0.0,,0.0,0.0,False,1999,0.0293782087849401,0.0,0.0009540782689473,0.0,1.060534822215692,3.259047134954443,1.080903652090037,0.0017407254239424,,,0.9993715278320968,,,,,,,130.80262648800553,,,,,0.0,,0.0,,4.25077836109945,1.0783707224086454,,0.9989056559295156,0.0076403016870898,0.0029536696013692,0.6618309154577289,,,0.4582291145572786,0.4983768102327235,11.0,2.0,1999.0,0.0,,,,0.7858929464732366,,127,0.0,True
openml_45505_timing-attack-dataset-20-micro,real_openml,real_openml,1.1828,11,124,2000,7999,0.0,0.0,,0.0,0.0,False,1995,0.0428367828953165,0.8258639958115334,0.007074039734657,0.0058421947217934,1.1815431164901664,0.4625733532640911,1.206676304902042,0.0002022993182173,0.0583862671229474,0.040860002582684,3.4580947217704203,,,0.0035595941601336,0.0506190480596728,0.1222404679717719,0.6524399754065323,570.7304942213532,,,,,0.979052608785528,0.0062091557410734,0.8106801803052587,0.0251212421480205,3.914609007301521,1.1908815268499862,0.0496115878712888,0.9994479934171268,0.0060590677329906,0.0166568174617326,,,,,,124.0,11.0,1995.0,0.037301500034005,0.0491154201850342,0.0163568423622559,,,0.951836041438054,128,0.0,True
openml_46915_churn,real_openml,real_openml,6.0721,2,19,1000,4000,0.0,0.0,,0.0,0.0,False,2000,0.717,0.0,0.1876773992422641,0.0,6.067137809187279,2.928767023338766,1.0893161189424705,0.6790736872138956,0.4345627594096463,,0.5881537361455434,0.044496855967981,0.1651738023067401,0.0442630843144868,0.1643431546402997,0.997345602098761,0.7401359709931329,36.13728976877171,0.9865463758161456,0.0217229955924924,0.0641703070074753,,0.99,,0.939,,3.500645224160302,1.0924521244444174,0.2328096891593475,0.99119975,0.0162755353240076,0.0196423026289649,0.217,0.4322863584262411,0.0651056553062031,0.141,0.3481085890852127,19.0,2.0,2000.0,0.0,0.1888447918657261,0.2328096891593475,,0.641,0.8111552081342739,129,0.0,True
openml_41806_FOREX_audjpy-hour-Close,real_openml,real_openml,1.0278,2,11,8765,35060,0.0,0.0,,0.0,0.0,False,1999,0.0136908157444381,0.0,0.0004354383874876,0.0,1.0277617119722382,3.2590443800059017,1.0809027383909349,0.0003647982225468,,,0.9998683988485928,,,,,,,203.051962460983,,,,,0.0,,0.0,,4.253988579222388,1.079269975210516,,0.9989862364899308,0.0049241996321051,0.0018813937749958,0.7028514257128564,0.4945497853377382,0.1352801902040345,0.4817408704352176,0.4997915189835563,11.0,2.0,1999.0,0.0,,,,0.7823911955977989,,130,0.0,True
openml_44678_sylvine_seed_0_nrows_2000_ncla,real_openml,real_openml,1.0,2,20,400,1600,0.0,0.0,,0.0,0.0,False,1600,0.0,0.0,2.018663259074053,0.0,1.0,3.454251872306137,0.0157090812293203,0.0,0.7278748772680064,,1.0,0.055509066518637,0.1217145403072643,0.0555437813820007,0.1217906594694327,1.0006253908692933,0.5973275173431862,22.08942390908013,0.970009581581815,0.1115941137439982,0.0433262630133846,,0.771875,,0.69,,4.408981339035736,0.1428177735400393,1.1267628812716055,0.997490625,0.0452705332704008,0.1433307268745517,0.433125,0.4738670911263935,0.0438256854862216,0.266875,0.4424647938634557,20.0,2.0,1600.0,0.0,0.5298018369579154,1.1267628812716055,1.04824335239579,0.978125,0.4701981630420845,131,0.0,True
pmlb_tic_tac_toe,real_pmlb,real_pmlb,1.8855,2,9,192,766,0.0,0.0,,0.0,0.0,False,766,0.3080939947780678,0.0,0.0604665383115632,0.0,1.890566037735849,1.5388871600025114,0.0274795778146183,0.1733857159756681,0.2452949174880984,,0.9304017190069436,0.0762341900682893,0.0556811319904685,0.0763338426043266,0.0557539177839203,1.0013071895424863,0.2822074928805403,52.30953567788344,0.9931360507848565,0.007297529946393,1.0,,1.0,,1.0,,2.451502414133601,0.046858980265673,0.0640217600157745,0.9962727266529868,0.0177864648758547,0.0210011141857604,0.4007832898172324,0.4884557965823582,0.0620936401818562,0.2689295039164491,0.4436929430400538,9.0,2.0,766.0,0.0,0.060169596545493,0.0640217600157745,1.0271991468714656,0.5926892950391645,0.939830403454507,132,0.0,True
openml_41768_FOREX_eurnok-hour-High,real_openml,real_openml,1.1093,2,11,8765,35060,0.0,0.0,,0.0,0.0,False,1999,0.0517969195664575,0.0,0.0033520855368097,0.0,1.1092527974972928,3.259049108771839,1.0809043067263628,0.0052957487751491,,,0.9980840431029072,,,,,,,475.58882602239134,,,,,0.0,,0.0,,4.255034523840421,1.0802089570217246,,0.9990030032525016,0.0020986280343262,0.0014014125630955,0.7263631815907954,0.5049817520473275,0.1486316588337133,0.5202601300650325,0.4997143652257718,11.0,2.0,1999.0,0.0,,,,0.7728864432216108,,133,0.0,True
openml_45516_timing-attack-dataset-30-micro,real_openml,real_openml,1.1092,11,124,2000,7996,0.0,0.0,,0.0,0.0,False,1995,0.0359810792556989,0.7908637789983215,0.0083321484662628,0.0065895944232037,1.1088534107402033,0.4625737361383404,1.2066773036707032,0.0001459476982129,0.0598357410473979,0.0454438580227277,3.458470435985281,,,0.0036604633339546,0.0507319891074134,0.1439757437953125,0.6928277897090538,598.7901594885278,,,,,0.95648385659762,0.0329734761958207,0.8030314329712422,0.0456078394065157,3.91526840847557,1.1916508041322893,0.0550606207589271,0.99944824467183,0.0057757636480523,0.0180096582646155,,,,,,124.0,11.0,1995.0,0.0303905328236515,0.0543894571548211,0.0199681567085657,,,0.9467470623844606,134,0.0,True
openml_44386_pol_seed_4_nrows_2000_nclasses,real_openml,real_openml,1.0,2,26,400,1600,0.0,0.0,,0.0,0.0,False,1600,0.0,0.0,0.451120947064133,0.0,1.0,1.2381855803740187,0.9826413790691304,0.0,0.7076736818954592,,1.0,0.0975732550108047,0.1336844088577703,0.0976342764335756,0.1337680138664363,1.000625390869295,0.843595376740385,27.40948890733564,0.9711063316205748,0.0396005837805744,5.974889638800044e-13,,0.805625,,0.56875,,2.2017018647023865,0.9384509737399466,1.0032133146038975,0.976750390625,0.0364837156716325,0.0775263837694448,0.14625,0.3038473122502876,0.127122503739313,0.07,0.2552267872806281,26.0,2.0,1600.0,0.0,0.5008020400474756,1.0032133146038975,,0.235625,0.4991979599525243,135,0.0,True
openml_44454_road-safety_seed_1_nrows_2000_,real_openml,real_openml,1.0,2,32,400,1600,0.0,0.0,,0.0,0.0,False,1600,0.0,0.0,0.3378395174556737,0.0,1.0,1.969633492156777,1.2940353657524155,0.0,0.4697477727708541,,1.0,0.0742899134684893,0.1517746412228106,0.0743363737020531,0.1518695596976212,1.000625390869293,0.9557197729165208,76.17300041499769,0.992488002006772,0.0258601883043821,2.034880678680409e-05,,0.981875,,0.945,,2.956505480990722,1.2950885743686404,0.2831419033556517,0.997915625,0.0131280111660549,0.0240295744653335,0.523125,0.4713470806954309,0.0854789779923805,0.366875,0.4821026848599977,32.0,2.0,1600.0,0.0,0.2206629700231779,0.2831419033556517,1.1010978056746572,0.823125,0.7793370299768221,136,0.0,True
openml_44594_blood-transfusion-service-cent,real_openml,real_openml,3.2022,2,4,150,598,0.0,0.0,,0.0,0.0,False,598,0.5250836120401338,0.0,0.2553352432159395,0.0,3.211267605633803,2.8881479347918244,0.1337816521222296,0.4322490135905305,0.3445974604137601,,0.7907877320094978,0.4633312169385739,0.3446838428852304,0.4641073161294256,0.34526120275606,1.001675041876047,1.122022012841685,20.827788615553864,0.9610035512890154,0.0274847765456857,0.2705741976879002,,0.991638795986622,,0.9882943143812708,,3.640967750638637,0.1578107259993114,0.1347484376600473,0.9921057930000784,0.0379679161626861,0.0252515436135175,0.4949832775919732,,,0.3394648829431438,0.4739241165829868,4.0,2.0,598.0,0.0,0.118747409723613,0.1347484376600473,,0.3244147157190635,0.881252590276387,137,0.0,True
openml_41782_FOREX_usdjpy-hour-Close,real_openml,real_openml,1.042,2,11,8765,35060,0.0,0.0,,0.0,0.0,False,1999,0.0205362236166571,0.0,0.0002261754255675,0.0,1.0419336051252184,3.259048708824052,1.0809041740804144,0.0008409873521705,,,0.999696529051755,,,,,,,266.2088829256183,,,,,0.0,,0.0,,4.2549899291946485,1.079659125983106,,0.9990060062547532,0.0037553086811572,0.0015831068169527,0.7113556778389195,0.5000140871064824,0.1500726752582798,0.5077538769384692,0.5000649682052853,11.0,2.0,1999.0,0.0,,,,0.7773886943471736,,138,0.0,True
pmlb_churn,real_pmlb,real_pmlb,6.0721,2,20,1000,4000,0.0,0.0,,0.0,0.0,False,2000,0.717,0.0,0.1849938232552523,0.0,6.067137809187279,2.9540608116510563,1.0751445109516438,0.6790736872138956,0.4262022765054063,,0.5881537361455434,0.0439744849024247,0.156612705171053,0.0433979287583939,0.1543068450007657,0.9895518173728224,0.7153681142621178,37.81849763313912,0.9879515792332408,0.0207198960957336,0.0959297704742485,,0.988,,0.928,,3.5266625356079886,1.0784977109086136,0.2219686210299405,0.991553,0.0155520121886112,0.0199686110734512,0.2345,0.4381139669282327,0.0600740772735658,0.15,0.3571607227718992,20.0,2.0,2000.0,0.0,0.1816483804983908,0.2219686210299405,1.016989144834916,0.696,0.8183516195016092,139,0.0,True
openml_41719_FOREX_eurjpy-day-High,real_openml,real_openml,1.0424,2,11,367,1465,0.0,0.0,,0.0,0.0,False,1465,0.0211604095563139,0.0,0.0165924601382237,0.0,1.0432357043235705,3.1449309977749325,1.043055611121953,0.0008951250613594,,,0.9996769832104856,,,,,,,192.26913578330823,,,,,0.0,,0.0,,4.139408618232068,1.0413326513877696,,0.9984405176530886,0.0051993627533497,0.0024579618361791,0.6491467576791808,0.4881828883970207,0.1201426592154551,0.4464163822525597,0.4972902570244449,11.0,2.0,1465.0,0.0,,,,0.7924914675767918,,140,0.0,True
openml_45496_timing-attack-dataset-20-micro,real_openml,real_openml,1.0652,11,124,2000,7997,0.0,0.0,,0.0,0.0,False,1995,0.0169077086785588,0.6958960105118859,0.0048581054167258,0.0033807361781457,1.0661040787623066,0.4625741571207949,1.2066784018379104,3.244458389606297e-05,0.0624120415734713,0.0389037490069977,3.4592203336863303,,,0.0038642379942038,0.0519321904724797,0.1235866257684301,0.6701955973341819,619.8582560532245,,,,,0.96724152068986,0.0181289322849188,0.8004124903851394,0.0275225738842739,3.9162138273249423,1.1921424531666394,0.0531450835594422,0.9994467371436108,0.0055806634821837,0.016292732768777,,,,,,124.0,11.0,1995.0,0.0157176664654246,0.0525741445148824,0.017951878476538,,,0.94851442648745,141,0.0,True
openml_41788_FOREX_audnzd-day-High,real_openml,real_openml,1.2099,2,11,367,1465,0.0,0.0,,0.0,0.0,False,1465,0.0948805460750853,0.0,0.0053139760001145,0.0,1.209653092006033,3.144932344027907,1.0430560576193473,0.0178439986959407,,,0.993496421752278,,,,,,,171.26784742736774,,,,,0.0,,0.0,,4.132627931375621,1.0411332084633655,,0.9984554275530292,0.0058008344045639,0.0024337987321025,0.6457337883959045,0.488358351778289,0.11514783669424,0.4389078498293515,0.4964231711586411,11.0,2.0,1465.0,0.0,,,,0.8,,142,0.0,True
openml_45462_timing-attack-dataset-16-micro,real_openml,real_openml,1.1376,11,124,2000,7998,0.0,0.0,,0.0,0.0,False,1996,0.0347959991249706,0.6644932022958704,0.0055447047101157,0.0036844185886098,1.1379821958456973,0.4625729209733596,1.2066751772418582,0.0001335878802549,0.0621095087450006,0.0433091246519597,3.4585477963343223,,,0.0042270160504611,0.0549268787005456,0.1265953752904178,0.6968492640309573,730.1504772914951,,,,,0.974604106877207,0.0132792481177642,0.8189060654565793,0.0266995811052522,3.9163839570042938,1.1943269038717004,0.0560897638121137,0.9994530644455244,0.0047367603033882,0.0131714711261854,,,,,,124.0,11.0,1996.0,0.030151661226949,0.055457033268524,0.0180312416713737,,,0.9457548098948976,143,0.0,True
openml_43_haberman,real_openml,real_openml,2.7778,2,3,62,244,0.0,0.0,,0.0,0.0,False,244,0.4672131147540984,0.0,0.274187741182398,0.0,2.753846153846154,2.410883985155328,0.2705352259603706,0.3583521755914631,0.3581139169982983,,0.8362417147057082,0.0451089852984162,0.011441002059471,0.0452946189827718,0.011488084372473,1.004115226337449,0.0801171622780135,14.341102716718131,0.9581221796146386,0.0676429181757391,0.7010159651669085,,0.971311475409836,,0.9672131147540984,,3.188814862038861,0.325292638492354,0.1471120469766306,0.9829178984144048,0.0583108378221752,0.0552994482925278,0.4713114754098361,0.3718554974010421,0.2318386064640407,0.2786885245901639,0.4492755042460135,3.0,2.0,244.0,0.0,0.1282455775478641,0.1471120469766306,,0.4590163934426229,0.8717544224521359,144,6.304854800243424e-16,True
openml_1498_sa-heart,real_openml,real_openml,1.8875,2,9,93,369,0.0,0.0,,0.0,0.0,False,369,0.3062330623306233,0.0,0.3718212092712974,0.0,1.8828125,2.586298390628725,0.6093579310531572,0.1714765325992077,0.4747916600662006,,0.9312538894440796,0.2010240305389505,0.1714505360823908,0.201570291491502,0.1719164342782669,1.0027173913043486,0.7901163015585525,19.84244785968093,0.9472116085077072,0.040520849705485,0.2460627514768993,,0.940379403794038,,0.8699186991869918,,3.4706198705218467,0.6129219661275632,0.2910340994700775,0.9875221245437388,0.0469324095509582,0.0369457433788799,0.5094850948509485,0.4673836355847907,0.0927128738223635,0.3495934959349593,0.4774890137149248,9.0,2.0,369.0,0.0,0.2254271204684186,0.2910340994700775,1.038028045012359,0.7642276422764228,0.7745728795315814,145,1.1857187100668868e-16,True
openml_44_spambase,real_openml,real_openml,1.5378,2,57,921,3680,0.0,0.0,,0.0,0.0,False,1999,0.2119565217391304,0.0,0.3778233459515261,0.0,1.5379310344827586,1.0406464760998504,0.8993069182838638,0.0857159281712508,0.7527813525570373,,0.967454738729892,0.0624151593195162,0.1084220666261139,0.0651038048904988,0.1188909832561279,1.0437863635561373,1.0427645628776852,11.96908602134599,0.9660395779619636,0.0355476155947279,6.827130813896646e-37,,0.8494247123561781,,0.4417208604302151,,1.9272717565900312,0.851054598703189,1.3077620629477504,0.9918766286595024,0.0808294582397108,0.0740528582429026,0.1960980490245122,0.3139270774143648,0.190529236404951,0.1110555277638819,0.3142795062141904,57.0,2.0,1999.0,0.0,0.5666797647576024,1.3077620629477504,3.0451808616845444,0.3591795897948974,0.4333202352423976,146,0.0,True
openml_44266_anneal,real_openml,real_openml,1.1796,2,38,180,718,0.0,0.0,,0.0,0.0,False,718,0.0835654596100278,0.0,1.386262005300562,0.0,1.182370820668693,0.5665795589058081,0.7068970248294811,0.0138695186506498,0.7334091449237807,,0.9949568168891753,,,0.0632832521005749,0.0984658867680304,0.8169272553769381,0.8214966287006148,20.571394866638887,,,,,0.4651810584958217,,0.0,,1.5131703401741945,0.6648283556013372,1.163982124270606,0.9834459695377906,0.0483660356207891,0.1532710762328731,0.2075208913649025,0.2386322070457253,0.1984302059088644,0.096100278551532,0.294934171744145,38.0,2.0,718.0,0.0,0.5378889738578312,1.163982124270606,,0.2590529247910863,0.4621110261421688,147,0.0,True
pmlb_xd6,real_pmlb,real_pmlb,2.0217,2,9,195,778,0.0,0.0,,0.0,0.0,False,778,0.3393316195372751,0.0,0.1323518715541604,0.0,2.027237354085603,0.9997817586383722,0.0001923003463284,0.2065127855640167,0.6033751357277768,,0.9152674489837118,0.0126065652471078,0.0089931316299515,0.0126227899128055,0.0090047058019335,1.001287001287003,0.0462979997863293,31.359669460333887,0.9599712720885628,0.0081440433863325,1.0,,1.0,,1.0,,1.885863075729291,0.0059904875741446,0.572479234337427,0.9945347968887333,0.0291861318927934,0.0059644355577218,0.2712082262210797,0.1145029991287371,0.20417132929118,0.0449871465295629,0.2074092500424531,9.0,2.0,778.0,0.0,0.364061554414513,0.572479234337427,1.0387257020654208,0.3894601542416452,0.635938445585487,149,0.0,True
