feature_0,feature_1,feature_2,feature_3,feature_4,feature_5,feature_6,feature_7,feature_8,feature_9,feature_10,feature_11,feature_12,feature_13,feature_14,feature_15,feature_16,feature_17,feature_18,feature_19,target
0.1685950859550743,3.0052775511736143,-2.6860446439873695,3.6584835944002623,6.911747256250564,-1.1737175865244867,8.873652399801088,-2.7021987875828137,-4.307809714865636,-0.4308104435729651,-7.401118667387172,-2.61823286909934,-3.696640480218986,-3.8648485213125436,5.200061893264804,-4.647525700025216,-4.799813953656459,-0.07998315398866533,-6.122895864936022,1.6556010928207059,0
-2.4445789017349173,-0.13598340677128729,-1.5816651561324742,2.6923078035355656,-0.5655624537649082,2.280297638668623,2.1113179603079564,1.4975130877627558,-1.5767309300956662,-0.3195269243557479,0.7128625174680986,0.10849292192735982,-0.02981211040403342,-0.26534313126437326,-0.8483919335956893,1.4025864106335342,-2.2047218233120525,1.3915436504129006,1.4867323659187077,1.9924198252012455,2
-1.0621561225267548,3.289431927390939,1.0689755442551407,1.0936649028204777,6.978053934840922,-0.3135363648646909,-4.766176689767644,1.8245739685869236,-3.5348853210113833,-2.033891956969194,0.408121911741644,0.6182476451565191,-0.6992015760109802,-1.939658128009703,1.3065200632330525,1.5784031762760913,1.4420962904926946,1.5706615433847417,-0.4833239920203459,0.5925172626660544,1
-0.870021317496713,1.1912518074030836,2.7152796227485654,2.1804809054569074,2.3692922861890517,-0.7612959029780283,-5.389803792886499,2.4085614532168287,-1.867917364989852,-1.3405349475036916,1.6465918291308654,-5.126015110263824,-6.910775321419568,-0.6897374097873923,1.4962032744256026,1.337555510324977,-1.5049992957870337,-0.8709476705336259,-0.4061662835115537,0.3526195908793097,3
0.1807295281423227,-0.7246436996489325,2.7294933466216724,5.395788095578466,-8.051103492776262,0.41364169441080456,5.1356114632835,-0.4920507601191879,1.3647413253923046,1.1135270950424474,1.2424311856733237,-3.7522160886485225,-9.997229571975664,0.24149837182820422,-4.83305945641793,-0.7423054604200898,-6.205924773093676,0.9594319097092565,0.48433922719910816,1.847471659970065,0
0.03318104121039646,-0.3215173557890547,-1.0907011081207871,-1.5609636723896698,-4.363573322806112,-0.3538501935617767,0.3234798095032445,-0.358059602030941,1.243750567688494,-0.9853673440880708,-4.773879616901067,1.5297315403876675,-1.6506370530909626,-1.6762290078226894,-4.896553195035731,2.5935816291940696,-0.32022131069552073,0.6602944476793567,-0.31574177141231474,-0.3484884420366986,0
-0.2532098482065603,-1.7641813523516108,1.7318556548352677,1.7989264581506168,-1.4926805892014459,-1.6615526084419563,1.2638936925174593,1.3383733003449316,-1.0101272316907486,1.2496303141701446,5.8024698100500425,0.6722964154981552,-1.7324042363653098,2.1415295869342588,-0.5658752053802237,-0.6155607048604361,-1.1978065008585017,1.9223458376666447,0.9359610529079939,-1.388735694296598,1
-1.1376270203081071,0.45847948725891086,-1.0944295977871499,-1.0485664568617743,-0.7556638099577375,-1.4254590845909751,1.089545207714492,0.32313331294227976,-2.203179248564075,2.0280478497139005,0.359332260165262,-0.8429291824450935,-0.5407291347875216,3.5302797935855637,0.11382094604068893,1.1696688918172802,-2.535889729272125,-0.006880795325241453,-1.0236660960857,-0.34448648155826034,3
0.10293610077565697,2.5207118137286137,-0.7574710930002646,1.240233647679902,7.42095782173854,-0.5409830352772186,-4.150472769411169,0.41300666842429845,-4.1793113023498405,-0.6135508652665085,-3.8168096251558974,-2.32378539329826,-1.2389814672277573,-2.4192892772104724,2.099746367828034,-1.5879026778013998,1.080783465393977,-0.042448346103028375,0.21137378914606897,2.102469834625385,0
0.9474760645689778,4.106231588228431,-0.3999511320314546,2.0107419709986294,7.702656166980549,0.6476486270436428,0.319116083824469,1.1529910058780324,-1.2320750683898676,-0.2850208592247846,0.052326603972826874,1.9123205254507254,-0.58315692919957,-3.455478748947202,2.393720028784665,1.8611240440119876,0.806262560814419,-0.27380283473347994,-2.58437996006747,-2.9242494201898355,3
1.8036548118535072,1.0106164365209258,-0.06681254870134756,1.3786664787897511,0.9820242750750445,-1.1020266817599613,3.5856287086400047,-0.8766796634592421,3.941199117696618,1.3604576947873372,0.5298018977192781,-2.3545025763881693,2.785840984894145,-0.8054491173080685,2.6789819505255794,-2.0991152933359496,1.9225454365789831,-1.2315478603689292,-3.2058515893951762,0.1587196480218287,2
-0.37572100637676215,-1.8596224021751788,1.8562571245075534,-2.059775311539621,-2.700946028436913,-1.4754922110181068,0.4723974915307174,-2.707809162608822,-2.22248284460226,-2.661709076965646,-8.421086735077095,-0.08424819431849495,-8.073055874412786,-3.7097316745799707,-3.079085742456123,-2.707084411546373,-1.8813307498274883,-2.954310752325581,-3.739344565907215,-0.02079380764646599,2
1.6096875766843193,2.690817434706637,2.859600565622701,3.0780680924273733,1.1295847521588855,0.6420913619898411,-0.930891840096627,4.018224030279735,1.833121071001989,0.6573438652939351,2.9076259217664457,-3.056757408748381,-5.95343193832822,-1.91975238573111,2.225259142744512,-2.066481417351598,-2.239987067225773,-1.006032163033362,2.985522131200409,-1.9797079698130706,1
-0.9623523300126562,0.5637351885066206,1.3463666148483133,1.7921706112520703,-4.5191534537723586,0.9640123513812151,3.8332581871075644,4.426000944100884,0.7414493763444454,-0.4796242845124562,2.6367999394535477,0.20524257676603463,0.21619506094341331,1.2084002429197125,-3.874122742821591,-2.5634046063212814,-0.16923207108623084,-0.668488479884408,0.5027642896865152,1.2419684684490193,0
0.12358359560917835,0.20447114453694482,3.562748057012994,-2.117158894872627,-1.9983852646915816,-0.9796558027189143,-6.425800551669147,0.20931195728339758,0.914018391737355,-0.46692692598392155,7.074206044662996,3.4732616266254714,3.781657424344789,3.600122716220226,-1.531280697570185,4.307148959777862,2.059553396097368,0.16682557146429558,3.138521129898051,1.6682680610153677,4
0.3040943271378514,0.016175082200974744,-1.414958762400322,-0.7763379029655008,-3.0998345043763154,0.16954695867870795,-0.512107667930504,-0.7452129804154074,1.0335408792151837,0.8815704761380926,-1.4412858505688357,-2.4169383096480526,-0.5307868026291429,1.8080198093765016,-1.017520788416897,3.2848064333196807,-1.7300939931907249,-0.02654772137084417,-0.27430759087294065,1.119748580070898,4
-1.3168410850971901,2.3017965961348406,-3.1714238811304396,2.2909050688079207,0.43660712870831014,1.0389328785167367,5.455243079869683,0.8969394145953575,-2.2060584976340714,-1.7943510532262297,-1.354818190694602,-2.008279645374637,-1.9160868125621824,2.2121060015969674,-1.568971677872208,0.8122561887481821,-3.066027390433148,-0.6259944698265318,-2.7311476523702494,-1.0994763816495305,3
-1.5679198145231794,0.23964785766076702,2.0446330124311354,2.8777916921981204,0.4571917828930876,1.7012201455433127,0.0852228428899815,3.33060033248316,-2.727039142183975,1.9398024898680992,-2.4654018409962526,-4.659341850825106,-9.41852849627734,-3.4507187949865594,0.2674707693152727,-1.7218976742448744,-3.3531318754384745,-0.9569365446970746,-2.6466145440189996,0.36708652928509977,0
0.5771412491448318,-0.7382021847335001,3.9754432778673245,4.070657873277975,1.1640788463853977,0.12924929402027668,-3.81657815752592,2.6431778773612598,-3.104443198136939,-1.9810243764964857,2.629763082260293,-1.1063788468888336,-5.587215987958225,-2.5784404696981458,-2.279241437707123,-1.7700771942476816,0.48754085652776546,1.1951003262851103,1.6006153644567331,2.3637180707971064,0
1.1238664956919266,0.6025625123470301,3.409408411912962,6.331801143632496,3.6507348909811745,0.666116837635053,-6.326732760065528,0.8342922143821486,-2.927282575569637,1.216758238361086,2.6784041479107423,-5.068856554190186,-10.839999246466824,-2.805978257527197,0.1193294613664948,1.101729717640358,-2.504824916975204,-0.2889455016157498,3.012960532909382,1.0758938987608637,0
1.14253333048923,0.22771838987317727,-4.104257594914558,4.977232289889502,-0.724776971094473,-0.04935238558920484,7.4819135917791995,-1.599098351432771,1.0688173999195636,0.8801789564535437,-0.45210134196637847,-3.3558181797002273,-1.1403598813462728,0.5825357920407943,-0.8646251701596466,1.6489209756496734,-2.625649346891789,2.1079120973696077,-2.6081795300259274,-0.4378207664622943,2
0.01285306915560368,1.26124492266846,0.8998314090360449,1.3893578755441336,2.8827912048103497,-0.038521558081879674,-4.295754430896255,2.053877532556527,-2.3214950273321286,-1.1770811017090523,-1.194721985652823,-3.430794524282615,-5.4185862125492585,-1.5809039545002666,0.646521208817757,0.30761521011421866,-0.9689354715654636,0.41802098666552523,0.5848005447328966,-0.04448214774792847,0
0.7632052848677686,3.798362310696982,-0.5092573942023197,1.634056768755333,2.794446574910855,0.4298647980100758,-1.8872079278400864,-0.8583262219804038,1.9510022125444437,0.8623703721217144,0.22615755004679455,-1.8855662586745825,1.7097538450303242,-0.5183613242772864,1.4163216831485497,3.887210311215533,0.5218382011088079,0.7059957583889291,-0.561380036392322,2.093296078273431,0
0.12102247537725104,-0.6122408875713246,0.08498687426205898,0.8216999005318061,2.667478590707525,0.8810347536387857,-1.9245171883269065,5.342732539360345,-5.0280082935765105,-0.6896687017269431,-0.23906798515790406,-0.6727720884801911,-3.7706907994431487,-1.9931063063539034,-0.18184903446370648,1.2162026442801603,-0.5703664654638794,-0.7556409030768438,-2.393048965458014,-0.9744290511287984,0
-0.014247630881020015,-2.3474032905364615,7.471842482729259,5.535506453866032,-2.313415719752962,-0.1306082079047539,-3.9383211136447476,3.004481650451984,-0.9786594150593796,-0.5631191485343621,6.405977300810133,-0.639776511343134,-13.313356361786887,-4.344159000149135,-3.1984465343386783,1.7792330096675948,-2.418458012116708,-1.6683113541853407,0.6349458589051669,-1.6088965455297015,0
1.8377436153003923,1.4418051481145182,-0.33972460002109917,1.1419697520386274,5.291729455895989,-0.35037160563076825,-1.2489491054461035,1.0068052556561211,-3.3742361883408893,2.085628588735579,1.1458144917486568,-0.7641443171148649,-3.807525544086331,0.8320730559363638,1.4170167167618848,-1.64599694343391,-0.7443947983529271,0.10953631496535014,0.955933412858866,-4.2038752831068535,0
1.7779139304561196,0.9347320841963364,0.5066604204385563,-2.11035151385413,-1.3163022444457753,2.715897453045435,1.1154488465714967,3.324357518029913,-0.38085395036648884,0.2812873442405197,-1.8862353193530703,1.7577309104324828,-0.13562700397590924,-1.2959355751280275,-0.657711397742007,0.1039824472307167,-0.46990589772288727,0.7915688682778428,-1.938729268617723,-0.6155229404184733,0
1.244837649313243,1.667862239945889,-1.6795553473021116,0.6333779261505201,-0.36181891037591096,-0.08244670526704578,1.9786705744951414,2.5296738925090274,2.6164632307835096,-0.47477570784746564,0.6658066074908466,-1.178013253694211,2.696323664420138,-0.6904963562263684,3.8025055645123707,1.5437729677620544,-2.3293519267399487,1.307388820504227,1.932854774916065,1.2850539761533508,1
0.9201046790111094,-1.044543663724647,-0.23943134497122065,-3.97012072891394,-6.3208386464998565,0.6981700736817216,-0.4677426769712411,1.7283783491746072,1.6999445409440885,-0.8538796678197721,-2.823737462359292,-0.818352497615489,1.032366390067976,1.070663893225143,-0.5310688271830145,1.102956697570168,-1.9421656935515617,0.6923436113267796,0.7384567039790474,2.2603709738715,4
-0.37409430093846596,0.3252940260444922,1.580646380510621,-1.2746650103915558,-0.5043782681735755,0.06880356655700676,-5.2280897572778615,1.010767286821515,-1.2189234636264132,0.36268932056654,-2.978205328005296,-1.5607847590621384,-5.225439417937705,-1.3074801739696624,-2.285158094569049,0.6856105427263253,0.023429866334518934,-0.555503733487994,0.5682743963177412,-0.42111155356145824,0
0.007012679347772802,0.6016069591685779,-3.0652768363167353,-3.3774787978871936,2.2059692139106444,-0.18480432550280562,4.110745395269302,0.6175098480184669,-2.305524330582964,0.987057182020705,-4.540557800503366,3.293551896077175,3.0192030741235896,-0.46437390486021735,2.815541408354364,-2.760853920597848,-1.4914437308330588,-0.19134974835630528,-0.4874161628083693,-1.7682850662293754,3
0.8777747615288143,0.6498279840422896,-1.6991086728920557,-2.139592156052751,0.02839776817665615,-0.4866512612852037,-2.363708003519494,-0.593636152556994,-2.616506220282126,0.08641531339620093,-8.648825321196936,-2.9612851664405326,-5.843681359152628,-1.0500542473806598,-0.7786499172505648,-2.9179599878531124,-2.81074701439343,1.0947324333283535,2.675481643561982,-0.17953695991795082,2
1.012899568733763,4.832240097317273,-2.478520759470989,3.4782319012896252,1.9792160732537436,0.486809711783723,5.164270134481481,2.9502546389415043,4.478375195642412,-0.21652932680737683,5.506144229668114,4.390378897612372,7.7082139520874975,0.4805433339093792,0.018189246229145306,-0.2970398015302238,1.3728517536139881,2.4111992662535333,6.108412692617217,-1.8609402219433342,1
-2.2983061801538542,-1.4471276564394775,3.3934296814513867,-0.8764070862059323,-8.241938392686134,-0.6267245708915488,-0.6437252768682745,-0.49669739856558337,0.8163678267863437,1.391291786396494,-1.3325464098058573,-4.538132144757908,-9.235889621169074,1.5893869436372032,-2.243954782869406,1.025809450858576,-5.592916921934847,1.2434450686497005,-1.1040634302722954,1.37247787951845,0
-0.7181477550689718,1.2927302008420338,-1.1031103350524245,-1.3861492194305387,4.612203489102757,-1.0822549295982995,-1.2537641969067328,0.7894376175622672,-3.875260963563535,0.5265166670862197,-8.395902588701945,2.5640959853008547,-1.2790646579532503,-4.78310304835485,-2.9994587941331687,-4.368696906396353,3.306593704076202,1.5291753373330506,-0.8524916126239336,-0.9611465536082735,1
0.9034402784012313,0.06802655705132132,-2.3905366355841275,3.219109187423157,7.509045193956657,-0.6731031618491319,-1.4854857182096033,4.883037729179597,-5.794408465228147,0.6580514258052779,-5.547994364338256,-2.0208812928657096,-7.1969409515335485,-7.436715671057785,1.540002403647248,0.335111163705725,-1.0394128017539062,0.3163477058465088,-2.048356193187915,-2.545666443331962,0
-1.1337768565258166,-2.656760153237272,1.6653887582479685,2.5089781739675994,3.0501557485777417,0.0098760626400211,-8.716821546573069,2.1627348809007856,-4.4388129784324555,-0.7810076060760212,2.1848579364206064,-2.404489721827085,-7.074307822802154,-2.250975337104327,-0.566861287328889,3.592996761925967,-0.008459476225232132,0.9686165100631691,1.9609746657973357,-0.43931588578801506,0
0.9599278700956456,-0.028822468304647186,2.8114352707905157,3.2181715268837148,1.3280972690740185,0.9924641950780103,-1.7735137101954916,1.514622854780145,-0.04144157830110162,0.8694263781695669,6.7007044355668794,0.14037948815044454,-2.564593534712295,-0.18864026011716406,1.946451229123911,0.7344924091456446,-1.4478657912639794,1.3380659269790276,3.119268119220928,-0.5084327056380664,3
-0.27582769790392936,1.1272511202854532,1.911010151944455,-2.8238239778199468,1.8058372395492006,-0.6666989871434867,-8.894143714226928,-1.368755025629496,0.1476489030303827,1.1889785216677367,-4.014482959320606,-1.904639291407311,-3.60762918580114,-2.1669814670875844,0.3088448250744422,2.385490896139612,1.358005705871931,-0.7463231409704632,0.5426562488822773,0.32784929247819594,0
1.7650846676849807,2.1224404448237326,0.6258029755424743,-1.5340460823977535,0.9969975665423718,2.078247327281108,0.3431927360789144,2.6083825911079543,0.16080656957853368,-0.8859232783542873,1.4930822819631926,4.224819452892669,3.6229124721146553,-0.0999031037825111,-1.7328310525836024,1.3722402550999209,2.7487988563230163,1.1141778335953265,-2.0129434822168193,-1.5629768787146139,0
-0.029559678965264426,2.5314606819096563,-0.47952779032351023,0.16099266425779335,2.1523792528784886,-0.10317171956553796,-2.802252511301508,3.1073304264195256,-0.6424378647860999,-0.6071873629556563,-2.061606221153106,-1.119975869762009,-1.4427190337148843,-1.374394341716965,-1.292789234582749,0.07911273212559244,1.1617170125245178,-0.9081119652408802,1.0735543550303621,-0.893817258634473,0
-0.7331319247248258,-3.496190088284126,1.0560489531823838,-0.043146899856597365,-0.2696712508581003,-0.5164084876280468,-3.033509772810159,0.43258331562345365,-2.255747524929625,-0.36488136677570365,6.377377028199272,0.7609742631324903,-1.038371719116924,2.8899675315836126,0.03723037308859212,3.8077377196343782,-0.01464012923740765,0.6846711770762893,-0.45816465175133925,-2.279171576501677,4
-0.14483988295033545,0.8242716937188227,-0.04863461162998428,-0.7682665362665759,1.702017518946058,-0.5873101978481875,-4.03143445932539,-0.712771111690411,-1.0631754599520675,1.5498717041592647,-2.8328099158333115,-1.7682998266059526,-6.164538868650588,-0.9308233660112984,0.31938813409980904,1.1427238097019385,-1.888611854830189,-1.2941154747213328,1.7281170947388813,-2.9773609597209845,2
-1.6095051276579868,-1.6690969667970985,-2.5533806143313638,-0.2377044727660762,2.705475152524076,0.06606134432478361,-0.8962585781444519,-1.75190143951889,0.11646997533825165,1.908336817046162,0.4855006336662929,-2.7491102562381715,4.702898559335133,1.3049054541554674,4.648975395137899,0.3151641775734739,1.1768478094582715,-0.08983396532289771,-0.28830405068346154,1.6349667185938896,2
-0.6536628470652709,0.18978076447007175,-4.297808809794725,5.2335857718766485,-0.8816307483736853,1.9506062771860113,2.911751724859162,-1.8614891885896512,5.338066325240897,-1.7593949485770175,0.3487299091231332,-5.053215037478077,2.1222867745524505,-0.076052089585947,-1.6738595408718613,2.2993722409428865,1.8258335871265956,1.8302551889382326,0.7085624836672553,0.26462362284901886,2
1.0707398422249086,-0.7576464782251429,2.3474361964016977,-0.35223362340612674,-0.20943989130712468,-0.9500831733080524,-1.7896461510646449,-0.9985604950833362,-2.920288857904,-0.49769579998508295,-4.599951552664924,-0.38939388819114384,-6.732727654405831,-2.9592250445539383,-1.9924717203372326,-1.7246167423596885,-1.1500033894653592,-0.03961345669298553,-1.8569175283937163,0.7446688180367385,2
1.4591763476760826,2.5197311227130617,-3.822416332444304,0.6136976657673145,-0.44128272047177586,-0.01726674628893345,10.064974430411405,-0.6442507527511678,1.470293916059677,0.5046082929230434,-1.7733287024558386,4.922729226603639,6.640697190728137,-0.25584857312806575,0.28810713658114284,-1.1117446679738618,-1.7466522315355328,-1.508632477516153,-0.1277405099124993,0.6457017155743134,1
-0.12299787692671595,3.644780152405068,0.6689229371497755,1.6948724751470396,5.4675116836019155,-0.26310038485036735,-0.740066549746995,0.6891060098713382,-4.224778373002081,0.00894414271343174,-4.426328491093064,0.2826661932619541,-2.7857979673464297,-3.4478982130665243,-0.11155534781471943,-2.5508283647590733,-0.34417433881712545,0.8293672626915776,-0.7612685218977056,2.3352563872335423,2
-1.116430732954923,0.8926338551337519,3.794076921991449,2.205424023768213,-3.5347732722300456,-0.45739173015987844,-1.5981129238123737,3.7797038455939185,-0.00030866946462970724,-0.299742983877268,5.201677731871764,-0.9079161889533345,-2.1106022443346,1.5321867642709206,-2.8332169402168024,0.5166205718722128,-0.8660921646915517,-0.03471992112849314,1.6416864050124644,2.827585285064779,2
0.3826241240290592,4.771765277019273,-0.9599245566585732,2.207174210100659,14.130722669366875,0.47008902814650944,-10.79369080331299,3.333027980980208,-5.42761479307769,-1.694040945309439,1.7021829393443406,-1.3139283214596396,-1.3176721425781261,-2.558237752684651,3.214732870958864,6.488892479476379,3.6187933701162907,-0.30961484943164824,-0.7489767043067983,-2.6228465362222493,3
0.8662652183210665,-0.0371308403704258,-4.614855879853919,2.22425108100475,3.890188005655379,-0.9285688118003078,4.817375679717473,4.471025274007463,-3.731595947543493,-0.1643459558964511,-4.157616273370258,-0.6001972556209452,5.2267766371448126,-2.5878967305340046,0.9979148807392964,-5.153007527995315,1.564451203142391,-1.098685142409619,-0.28273485633564155,3.2495443024435406,3
0.8079702659154591,3.06105187579386,0.36538267639073385,2.9475219485864126,2.501172551777137,-0.7850507414912696,-3.7372781002407467,0.5931331016776562,-0.8158219099158339,-0.38677519729828513,-0.3804375735333746,-0.46632600808392044,-4.013407958145763,-1.983653426705977,-2.5265574269056477,3.070789884489194,-0.3528285019240346,0.28411329535018487,2.4670231559386355,0.11075889767145908,0
-0.8164958825846508,2.369674734949392,-0.03661846228506027,0.6639628575091243,-7.367159009452342,0.6295666324698411,2.5114359733869036,6.362289304300785,1.833912303857753,1.8137458253774852,-0.7761286440646897,-5.1737465241988545,-5.191162439118084,2.713543699511049,-3.78815476860345,-1.3077582219321795,-4.30580971603087,-0.6681933439494793,2.2134242023934547,-0.17121736823512435,0
0.37758692137520417,-0.5927704363564755,0.7347169518602498,-0.4091489075308059,-1.9451280089206837,-0.012798669871084068,6.21667280147774,-0.5845632401306105,-0.5208629045634774,-0.2506971879565842,-1.34843089091573,2.565142797052115,-2.7340764028145705,-0.6523527546368773,-1.4460473770209639,-2.516359788539366,-1.7136618642198198,-0.8805874840191672,-3.7859898195019146,-2.844896135429407,1
-0.5217659458557397,3.6534699224011717,1.0711028486654457,1.6740233218685416,4.29288874817702,0.41571332369794867,-4.813182279489351,1.5938913407446686,0.08285313502719616,-0.8549415617525271,-1.4134563998991208,-1.6273606584558231,-4.1849075612382105,-3.646817408690864,0.9886786670111187,2.1745339702090165,-0.1524259397409815,0.010363113109881228,1.3700089952660108,-0.5102355613458023,0
-0.3599709240847465,-0.009400026931310368,-2.9825884014933397,0.5964419473242933,3.6677975386719317,-1.9457083143101772,4.965507717816032,-0.22553040262765056,-0.27524531446129163,-0.8600805536134594,1.1866681187826347,3.5384368382646123,5.1281126129247445,-0.47073826248171025,2.628815370315728,-0.6589961158705104,0.8301930196040868,0.8566008465286504,-0.7543045914874249,-2.41030899836706,3
2.929783515915425,2.768727789203342,0.848069885625383,-1.971712779633132,0.6156880676468712,2.5525529031196807,-3.042984041800356,-0.4089448632231911,-1.2844426524769408,0.027049306368040326,-4.2173882535007365,1.5656871308561953,-4.02770940772494,-0.8006837094392487,-3.753574278843,0.366751289430568,0.17504960733176,0.059453644932930726,0.47709509446153386,-2.0047537937503854,0
-1.3192220946210158,-0.06325535588979703,-1.7804940919550067,-5.644965652141227,-2.808491846256857,-0.5035221872999496,-1.7623539713159229,1.374158279384371,1.262778839728496,1.2711506164868032,-8.014549180045577,3.1946333661280573,1.229830339244338,-4.038355802254843,-1.5962938451612645,4.1888755857353,0.3533403265515034,2.226441337337686,-1.7417519810970319,-0.42071828515955756,0
-0.17236071632934327,-0.8520356004656361,1.9103663508875908,0.9722986656408478,-0.5132336544470859,-0.9797339275241835,3.929944971841701,-1.6314958716940544,1.9357331191199658,1.0944248656423168,3.0374483994340946,0.6549412947071622,-0.6652899038815042,0.5162638438734561,0.5321758107570962,-2.9382384813196425,0.7434253971873293,-0.4678452334317717,-2.503901953896443,-2.663492649995172,2
0.06841968078810651,0.3174332014349136,1.148601468575714,0.10459542027253732,-0.8033645528002498,-0.9227196052745015,0.35178118923251395,2.799497055492544,-2.3775775008648656,-1.115672166074201,0.6879939533875804,1.3464271797261929,-1.122119487379617,0.3745417754704793,-2.2805815607768203,-1.1796093070917102,-0.30972352571940265,-0.3987386946413775,-0.014043031302201081,0.3595669077645376,3
-2.1509619419991983,-1.4863964199153252,4.950752996589902,2.7959917839300346,-3.116207880762967,-0.8880290897915581,-5.56860827439935,1.7087439675713938,-1.806900381839362,-0.5279407225584639,-2.885846307481095,-7.085089567750976,-21.395303492812623,-4.704613255079526,-1.478577508410759,2.001372743703612,-7.485531112628712,0.7024131269998759,-0.011887669786350363,-3.4250432624853477,0
1.4342029237529947,-0.6659351895872354,-2.6498223050457996,-2.0097632849234808,-4.7786350206057016,-0.4690773352875434,2.447605060784189,1.247963404729045,1.4249212149894566,-0.5323307876805883,-5.443094427055244,3.193740388296751,3.8681106618950927,-2.5872026678747666,-3.5386904985806984,2.012596358677402,0.07112769198597091,-0.4868507836865621,0.5082358949139635,2.8116601945869233,1
0.40557399879083267,-1.074823336982924,0.8875253776745446,1.2579457913300756,3.1431709413139566,1.6638880355028012,2.526052634097625,-3.6650844713958857,-0.09591664337613315,0.23801964482862245,5.640469357130048,1.2000424367000995,4.426988025863714,2.4807821347101893,3.7895993307625653,-1.403524612178744,1.446913128317811,0.8507048835988336,-2.2805244696414393,0.3010509449566665,2
-0.3432864991510838,-1.2431972802096833,2.9715868782880346,-0.14859668034969808,3.721746062905276,-1.9940213537652376,-12.185350171895116,-0.6223799043863227,-3.1892220359226915,-0.4977267590346284,1.4365011558554568,-3.949876438357728,-7.372065883300666,5.748307668684838e-05,0.6729208881795683,2.577969932088431,0.7843726900198689,0.6454695249490044,2.5141242793635743,-1.073590277815248,0
0.11755969444974049,3.6770738545241337,-3.0533963685910503,3.3230622162280348,1.8728509250034722,-1.7920582747828795,7.843353845420949,1.4685594403719366,-0.4305532561283806,0.4076456555588818,-5.533602391084394,1.1950950411000352,-3.073385335304306,-4.518200623388257,-0.8942013782548662,-1.3219583573341338,-3.434954661405444,-1.0704049927889578,-0.9958403909807121,-1.5800481685236516,0
-1.3756192732209869,0.9914592255550374,-1.3907514704893382,3.2084970826514927,4.39022139226254,0.16468413655074587,-1.138971239544111,-2.5017715195463115,2.303556158009116,-0.5511604093495621,-3.0329025903655347,-3.076248246322939,-2.52140439268179,-4.5866762024606,1.839408738117187,0.47948976028653556,1.2529353344531824,-0.03572072731851775,-0.04769238494465733,-1.084403709621867,2
0.6816618422576785,-0.4303935128993024,1.1818495933530517,-2.064801015719583,-4.729727067577593,1.237438552564681,1.1341709775882356,1.8749606819629907,-0.3143478762534202,0.5843608316205889,-1.4743356617216947,1.4408398656145058,-1.0991803851665258,0.19235932734698302,-2.9968850994094485,0.7484685963594151,-1.2340594720584375,0.3936251091857943,-1.7334652065465734,0.904492314011706,1
-1.5280099314764812,1.493932668171504,-0.18796359674948326,2.383869135926201,2.11074883082945,0.09806341647343508,-2.280421598136037,1.4698426649696867,-1.6875275953690276,2.025105107847757,-5.305456872663481,-3.685743580759992,-5.285682378491307,-3.680426419815014,-1.6594538465508308,-2.707366807697915,-0.021191830560662428,0.1011512666737154,1.3792925959690865,1.4681619051563723,2
1.0043461605718487,-0.35540479363684097,1.3662130438815359,1.6377280858453283,-1.9084945672234535,-0.29075967370820327,5.800003753362236,0.9410176913724568,0.19073617863029302,2.13841525100487,3.10060261628574,0.5948182534162063,0.03332671877269771,0.6896878311921877,1.796783722041118,-2.525243637341428,-2.8003060901006966,-1.430655347400926,-1.1021406806451348,0.9830856146260993,2
-0.28160721445420284,-1.0504916848307606,4.8982200143242345,-3.2296604815303906,-3.6217563163829865,-0.3349289594301161,-10.09114297697767,0.7994052193870682,2.1689934602207037,-1.3242777074353174,-3.0202084320987925,-1.957228210959895,-2.966511509823235,-2.74717330342501,-3.908154416367463,0.38846363430146147,4.408470641984525,-0.44835057051119054,0.4421375162787201,2.855689271326958,1
0.7801063150990825,-0.24730114211098542,2.5293266518979696,1.7256878764570163,0.13502293299953538,-0.18555840346604682,-6.383797667378588,0.33758240639895,-2.5156079331512453,-0.3420055915646587,0.26952107022564176,-4.1456790615925385,-9.980084281603562,0.10612755916033145,-2.16002870451994,0.935193229084157,-2.02896772954258,0.35667344205192825,2.1719208461448134,-1.2527830316949533,1
0.6336418599051225,2.709152917546872,-0.13711340324931176,0.04888503954966883,1.7781499468583875,-0.5172850951578238,1.7014145208839473,-1.7430705389572667,-2.909762375666348,-0.7370920348291283,-5.621505718285435,-1.4103456633411668,-1.9357616209929074,-0.7538011329729977,0.6356813056084427,-2.6193933915000773,-2.480912540506326,-0.42785033212746104,-1.824085697846412,3.7105029407876993,0
-0.8222502796666334,0.3031294538614995,-4.694854894773076,-3.239354162084271,6.069056570485595,0.15956821781565017,-1.632687849108118,-8.43669329705428,2.771612596994567,-1.834185840771083,-0.28307230029849406,0.3325359912787228,6.971581543243375,3.3499543304306956,6.4907956035281265,2.8507088078661402,2.010448090296232,-1.1194340052362721,0.7418759632492725,-3.9915197516612264,0
-0.608754246118337,4.205065140934172,2.75870821065838,3.3358736262106605,3.343561189582576,-0.7642317171041063,-0.17529509674384225,3.7927691935234695,-0.9416728168386024,0.5260532532626558,2.8647322882623114,-1.9316252271240324,-6.009348194653688,-1.124649163940058,0.05498487081611114,0.701107179385076,-1.1521176985224932,0.783151140342495,-2.6909300203298567,-2.4695152085876853,1
-0.2760400959918368,1.709605569258395,0.20412905608154785,-2.907749911098687,-0.3207093681520325,0.5882674603314766,-5.476025467820164,2.5901040348802837,-2.0061966365229695,-3.0291592453160363,-8.351602521593842,-1.3560162145950994,-5.092839331273859,-2.5892972556661538,-4.4452476367061085,-2.1561973939426142,1.1378274144903022,0.6548402523941542,1.6729649262132997,-0.41588470230109076,0
-0.7115915839578838,1.0821773584761178,-1.048209721616296,-0.32003297774315653,3.245036917544064,-0.29995213014949745,-1.81541630777683,1.7141141058550544,-3.923863465484914,1.4378929810273835,-1.9223509476631668,-3.2175461356888717,-1.8632682068206197,1.174516277558061,1.6725474020619493,-0.9629512845389971,-1.0639523506993638,-0.2492030607926305,-1.017581224434846,0.38625638538597196,3
-0.5519723877684776,-0.9922377352908982,2.512106660202983,0.37185792138285834,1.1470971570978892,0.8020299352709576,-3.8629544195482275,4.617709360756548,-2.5242984817769587,-1.4572571123079197,3.234444356838731,2.998774178734616,0.7877753566328864,-1.0061643449466462,-3.73182529588215,-1.97995814390742,4.547479089642445,0.28059932518458214,1.5249005604367127,-0.3947333424319086,4
2.327171831094046,1.6965825587877075,1.1709464380641614,-0.03504794366723907,-6.663047852008639,0.18013009989749784,2.384439151835338,4.706924868221372,1.4977060517736325,-0.39450153378689606,0.5883910963071344,-2.7810761485625166,-3.6597361645407003,2.5144617092832338,-3.1472171784846945,-0.39338308022216817,-3.4566818260931793,-0.7273547026711876,0.47877321931342487,0.1967147376188636,0
-1.4461027280185585,-0.4363098726231538,3.920019270026025,1.6334646739367384,0.11972937036083868,-0.42620890025907093,-2.0117855594395473,1.4520982531606583,0.6475311114692126,-0.19226081222583638,5.817025707952176,-1.5180648044365923,-4.7385302516425645,0.37287691262017675,3.0361693333031194,-1.2656233332825684,-2.192580595771142,0.42823494801635187,2.5273279837617446,-1.6933019094337909,0
0.679593987031822,-2.1422081069681176,2.0204808571881485,1.386619335231317,0.23968918743351975,0.14077359958166677,-1.854402352388504,2.67993633401467,-3.4108863155847593,0.9961663543986442,2.7214219490198035,-0.8170453544298577,-3.119947734740391,-0.5371828727415147,0.16335277653994718,0.6686251726063462,-0.8406269107409459,0.3690347090314865,-1.3799888489050391,1.0542609538002634,0
1.451746922318308,3.2241098140086186,-5.473787748252753,4.1361566093880615,1.7218871575040575,0.7243725381536846,8.54144726056507,3.988928707097811,0.7265925854613606,0.5295700932864975,2.806109788459124,3.354649259915549,7.535527467095665,1.004749814479007,-2.023835499301237,0.5812926453262067,0.7561655174136084,1.127998990264501,1.6104901810695504,-1.267805484074369,2
-1.1305985632204167,1.679560009582611,-1.5524222172498816,3.0222542729257027,1.239844149284907,0.6321447084375785,0.6512054892757632,1.648206999073304,-2.620246706821506,2.4721714513625326,-4.182948154632215,-1.260001562532494,-6.028759738060793,-2.780956807461857,-4.099980521746833,0.9676523669634799,-1.393136311801692,-0.5145804598405583,-0.6459013970752965,-1.030606615417861,0
-0.19679442872953962,2.086178667492784,-3.606695252820775,0.43451532009772376,-1.327378120417502,-0.6897753922632557,2.8226772193714798,-2.2630327089451887,2.641482733621608,-0.4029999828314354,-6.669182152586783,-3.476910119687374,-3.359229843729286,-1.350131688300967,0.5685949727006343,0.8919371752188359,-3.978537361136984,1.2346428122478839,1.2164492100676536,-0.7627955250430922,2
-1.917491134790412,-0.7167578933715726,0.564476277360318,1.6952301888535355,-3.25116664579588,-0.24595705136739915,1.6234746803545652,0.8556436124414957,-0.36726825967412713,0.8348705013643479,-4.151230907644781,-3.9869432313291355,-7.249192020952624,-1.7909350516007017,-2.3152534281429205,-3.1459291636013407,-2.7540727871060393,1.1056475867588516,-0.029460491451741233,0.512207909605449,0
-0.47180262011623125,-1.5626227122390586,3.494796507322313,2.0289031267758735,-4.930676131914107,-1.024886957499313,6.33333848493823,0.9307046566194712,-1.417161549757897,1.293626296587855,2.5090754776613524,0.8504033743253743,-2.9983291377683847,0.6317584590486429,-1.9756079305280234,-3.4923061866607497,-3.059846238574725,0.7490471544836241,-3.0821943307565225,2.573368385935796,0
-0.8996313571086966,4.058520126376057,2.2283409498394975,2.819767500947759,5.66183976500411,-0.477181877679892,1.1062070772091297,2.5079946789871195,1.1992275928727778,1.5514117699205972,5.115185088295571,0.29616455350899995,-2.3033904436772796,-1.3802668525294066,5.030526373708717,-1.7534022449889348,-1.2634774570642242,0.3660477198566599,1.2782526010986708,-4.098632317150684,1
1.8438441323223753,1.3548310671982056,-1.24469712567404,-0.15929123165858083,0.7655511125458824,-1.3574951593550835,3.95369873771957,-0.674002207747016,-1.5026622943050953,-0.768100463669754,-2.944224051237931,-0.6089008505375362,2.0739728538115068,0.6704237398153803,0.7234674277740403,-2.516546507834918,-0.7107019740309066,-0.4081082375061723,-2.77259328515572,2.5373641284973494,0
-0.07602220455660161,3.384227809411518,-2.3087942999394504,0.3824101883385491,3.3135445938736816,-1.6904989488382234,0.6065503758871141,2.5551309645795994,-4.39457493892776,1.5498058934200973,-1.4245644179603192,-3.9501807817096175,2.431000228175735,3.610369602573845,1.2666074849550844,-0.8732394581769223,-0.8732210677087253,0.4535724473345734,-2.3066390329687887,3.708943751228924,0
-0.06819330273561863,-0.2907413403469947,5.849227452581707,2.54703142540521,-3.321898596342008,-0.5813065462115173,4.107657526603191,-1.8314004434301598,3.505042839436277,0.2732538833871209,6.22400531314396,1.8063300589572275,-5.494773164417055,0.14003997503719812,-1.2016529200957637,-3.556484338397451,-1.2399408565944547,-0.23174943983759091,-0.5128944740608823,-3.4855545136913424,2
0.19679548582991108,1.8517267366207226,0.533335537216781,0.8954092226650955,-1.2376222281606173,-0.10270212990490013,2.689112492166003,1.341759451776306,1.2619109393332364,1.1080475749099057,2.172934814359308,0.188040896829631,2.032684978097341,1.1704871595293032,-0.35441341195817055,0.622277912352597,-0.30524627810845084,1.679422130223758,-1.45630639258878,1.2962892714276548,0
-1.2138849564483563,0.05058888763485414,0.6227941140820341,2.0340918616804524,2.6078215353553316,-1.5237436821072903,-4.200863991796683,2.3828256578794145,-0.9930970063037418,1.1863115482516167,2.38633608068885,-1.219975025784437,-1.4695430977755792,-0.8885788431234043,-2.5960124944657506,2.817746475171664,3.6744627207187497,0.573283862845763,-1.8461932738682747,-1.6119128522626973,3
0.9815823325972547,1.795251588482148,1.9467914049295785,0.8656257169987133,0.2875736228933372,-0.9626296279733129,-2.9846506700551623,0.5881918241893569,-1.4338412917821306,1.3176548508270345,-0.5352539025625761,-3.2450415852830377,-7.290984301453657,0.33986134332591367,-0.5008687293587241,0.4218812181427184,-2.78852727067446,-0.12569062026261868,0.5321927290037454,-0.767390046147123,0
0.17048316919624168,2.109588221986872,-0.6644460449645759,0.06290172573742958,5.600134888492446,0.7603585532585745,-1.404689559242176,-2.1821782097580154,-2.590211622952435,-1.221575367044848,4.717198794168622,1.0801145292570482,1.7115412128259744,4.25949777414166,4.661686348617646,0.9844029870846578,-1.9663521282363596,-0.27677243417806024,2.783467862296977,-1.6283918800125257,1
-1.1762567479454462,-0.1597515413514603,-3.006213133866208,-2.457708692232768,-0.7205610681025026,1.3069642136321409,-1.9611797396985928,1.4023189529729971,2.23348763914229,-0.5220406483868127,-5.995279414339686,2.200580918290977,3.920113396955439,-4.971649891348051,1.3336769307514216,2.1040694659508237,0.12313989365949785,1.1987064237854481,4.368056929086038,2.17194129844152,1
0.9788058372819639,0.02146544743181178,-0.9223360005360226,-1.613421056598988,-5.8360409581306465,0.6202085531273911,8.804758604309237,0.7818274239766003,2.081774106801791,0.06325598055174447,0.7551207714377939,0.8157449205353318,4.555018245983674,3.9165773868371003,-0.7595401482640816,-2.2499247093394956,-1.5316143816299888,-0.7826310840358215,-3.532785193766482,0.8064092574509307,0
-0.6482554662044676,2.020665705194276,1.8727982961141967,-0.22140681379241545,1.6918723366870008,-0.7887259510980241,-6.9676135898742,1.016370283290679,-0.3438601893590125,-1.5125914665320204,0.11864548892805155,-0.26211464538886076,-2.9293546028036195,-1.2654810311490867,-1.1460559359094098,3.196282688746983,0.737883460199215,0.07597720888085203,2.25952187815676,-0.0025215309388043616,0
-0.8087870649159447,2.667349698049611,-1.4986732399672873,-2.0305757547361623,5.448978815434535,0.7138271263299022,-6.5749232587018245,5.421621204918299,-0.15365420129745022,0.3947119758039662,-1.4925599843865933,0.05126938216897603,0.46466432131640834,-3.2926598031027474,2.773176905186586,4.064727205012193,1.8992452135239968,-0.6806960506046669,1.4244516050503926,-3.433081279378272,1
-1.6866655687028371,0.97092697757625,0.6970445578909505,-4.701127810519774,-2.5333664969659337,-0.22596345769928491,-5.042479943987448,1.8191048168733972,1.4004673809761736,0.48595167095797076,-6.139364979417159,0.8126745483680347,-1.835230119748575,-3.237700518843341,-1.9912535210211755,3.4785678135544353,0.5658470986179727,0.6889959462443453,-0.6701157998538045,-0.13169359043212925,0
-0.2730934175393734,-0.9871768226661028,0.9905948690817952,1.1467595019100576,0.4090088316842006,0.6168230845725562,1.2606102723691577,1.0485392222601428,-3.0343061772178794,-0.029881305468155962,-4.019237840303287,-1.7603772531016144,-7.391081312172103,-3.1191082455790915,-0.8804799422210626,-3.1030572677779813,-1.9922549469378739,0.5058197292884915,-2.437751313623923,-1.0348498826741381,0
-0.1755902366945623,0.587812396896478,0.8320911353823532,1.8491352458017465,-7.650207105976182,-1.4109731352851684,5.021341476526801,2.874654941821306,1.87373683973167,0.9084127908081175,-0.28626843969963806,-4.97894630153027,-5.011851820465546,2.1110648562686394,-2.299977988387065,-2.080513053289173,-5.057058491709904,-0.4887530637727683,0.07039542232190987,1.8873359785564878,2
-0.7150959718838386,1.825056459794844,1.3138900824239164,4.298162842820701,3.5970994463803074,-0.9416547309223845,3.7766360783241364,-1.0245550285501739,1.6959453926729189,0.34734250846226167,4.978651599119487,1.2010716686580478,-1.280903124403033,-0.5595836670832157,0.5359295698207265,-2.033180409679633,1.0712205093290752,1.0605941745432637,-0.6226859350616296,-4.054679345499842,2
-1.032350750567252,2.5647327591542552,-1.8480796640138146,0.5874249058372616,0.717075323207726,0.006738545307093142,4.429974440516549,1.8460099191562933,2.5561868061036535,-1.0948545068448001,0.15697583447781913,0.6313226498077815,3.121360993924743,-0.7782286550424982,1.952487373013816,0.9093923932067735,-0.5791815935728104,-0.13301905393161553,-1.2151063504471127,-1.052141163576255,1
0.7540709361560466,0.9888317259707847,-5.231338623918913,-0.9729401358094583,2.5148617115127627,-0.7744683361355603,-2.8888323921147667,2.563545340288789,-2.667996485472105,1.051193725530923,-9.79274964889881,-1.569549190562349,-1.726805097769794,-4.3744183740086955,-0.9900732107772116,1.7973581855632998,-0.7690222234557499,2.7334441347068945,2.3085606539240473,0.2856487563156713,2
-0.2770626801989218,2.9748297411143607,-0.37104833038589047,-0.06698844368401291,5.865593189497841,0.18300230756698915,0.2274462093818504,-4.761000344614832,-3.621615816317966,0.13661643676329138,-7.4664881601340705,1.6125262150135349,2.153214439306998,-3.3124130950908266,0.5330858311189439,-2.3073808139873777,1.4819180734184205,0.3567871430722091,-3.404594995642846,5.579893102809656,0
1.0309769978001706,0.5770028696131626,-1.255714024664091,-3.235973706556111,-3.3798530989298854,0.9884959699784608,1.8363185185316597,-0.18786898190933798,0.4850573775773459,-0.6990268077477451,-7.133056957187376,-1.211400368658676,-1.4419712397516309,-0.1245901240477042,-2.3551483522119496,-1.9925691134324524,-0.7349917738159335,-0.9550285379714056,-2.0070405263119557,-0.09932817039567521,0
0.8050207947578638,3.263716162598482,-1.7286393175838741,1.1664948778622115,1.5083210859976812,-1.3549805026903685,5.187748191075744,2.2235724235828522,-0.2681950691785717,1.3420272607868098,-1.4557860878469715,-0.23040732517073836,1.8503925733725548,-0.1274834232860339,0.4647345545084185,-1.3884769959027463,-0.7374459072352184,-0.4875726982440375,-2.4898260237027108,0.3026469706492285,0
-0.39547381767514356,-2.2720085228667632,1.3147058758683379,-1.6301455595072927,-0.4889779730728073,-0.7770364852041693,-4.3354811776874715,-2.036999364593569,0.7537802992133446,0.41567343002894347,6.288203163480884,0.458932278389222,3.60542768517074,4.256791161669141,1.9672818719687601,2.241056617530705,1.4099205452995267,1.0657776961518615,2.1350086409451765,0.22272533758335045,2
0.5142081526487404,2.40912001147396,1.7605811804498912,2.1802162444128363,-3.204062980656418,1.1675388736255816,3.684990096731838,1.2710209332523654,1.761690398584698,-0.21910248419605943,-2.715260590891948,-1.7355969213472044,-6.246112410879083,-2.607296457412282,-1.7519948121338955,-1.6199153008663627,-3.6850120124398495,-0.26875637403827246,-0.5206495593211053,0.5537222446600838,0
0.2797859158726353,0.008171849285687038,2.232134859962179,2.568308757804094,4.020034090187655,-1.3588880820388403,-5.073245803459787,-3.8923282144653264,-0.17336840464629621,-0.9600860539999243,2.383798542726296,-1.1088696070507358,-1.080912593596238,-0.5280082239262915,0.9270482108647391,-1.4952549620915652,2.2524536896636014,0.39112816558134683,3.2656400892161224,1.5773007605103748,4
1.259487925425993,-0.08837984967119428,2.0207032169221173,3.521734849223476,2.247622913144487,1.4165082975506988,-4.4356437330779865,-1.3259329067815058,-0.3977536372192667,-0.09489130469109,8.095087359102674,-0.8634226643631453,-3.416085308861896,3.171718367717726,-0.3928962883636917,1.212102394309108,0.03874332680532189,-0.2042334860648611,5.022181017619411,-2.7936732919831875,0
-1.0508331749455584,3.181771986823646,1.4470218915837698,3.5737910231811165,8.955115349810406,0.4862550743850754,-10.139034046323529,0.4248085781704707,-4.6089615572647205,1.0197148149680835,-1.7937339100388248,-4.82427227547271,-8.44062786653274,-3.399781150476624,-1.0170243227290723,3.9384425172546518,2.1359281444495712,0.15020286930002552,-1.9857375229539311,-0.6632176033724803,3
0.0058189870129865045,0.7451159401242375,0.6387016345509533,1.2137870709472949,1.6765769412652178,-1.8679491619816884,-1.423960053348971,1.2299095753853375,-1.8957249670107994,1.189729589084625,-1.199017451072685,-1.9932677484603336,-3.2222530427493115,-1.227153259819016,-0.03202084113298753,-0.45851180259921,-0.5161587483123284,-0.10486384230129707,-0.8247903945946504,0.6353750690212725,0
0.6079523323913418,0.5278808004258699,-0.6383404836633282,-1.5076002566807443,-3.422049006272888,-0.5411943819813142,-1.4990825121287168,1.362352147010927,0.6698164962900162,-1.5728397930554092,-1.7682613204307522,-3.3587852576501493,-1.237037469433194,1.9573030301143979,-1.2352502381977393,2.1648875283918354,-1.421420804761605,-1.7093317174321883,-0.4827557030652192,1.142707796093377,4
0.497666926607605,1.9087669536187923,2.1428680711382224,3.2164783444492575,-5.679750743621141,0.4509883342333267,5.361563803572021,0.40283559279699965,3.7351169239015896,0.8359097731379274,6.198790903090223,-0.27799812970927495,3.3278649465986656,3.139371557839386,-1.685542822021329,1.725005702582676,-1.7057541704553953,-1.7074838772797847,-1.09022638577045,4.967590172035128,0
0.12575056003115576,-1.0670492757440857,3.977105535872652,1.4075913760409873,-4.64378116804672,-0.022953179818889807,2.9309698136924247,-0.9580545437050996,-1.0291671215075737,-0.08050986894451367,3.1395549723141953,-0.56677688210378,-0.7890411419684805,2.0657164286887633,-0.9329135159453217,-1.2695919179742865,-2.429782232907766,0.3547810699315197,-2.8681198933033976,5.937395465954326,1
0.11397410559191218,1.3717094739880098,-0.3879873852040705,1.1756347422602347,7.509440775189587,-1.0421597067164987,-2.311601738476128,-0.4854772499641671,-6.867654174693478,-2.1115989172370146,-8.02244088598431,-0.32188481995651674,-1.486996499244044,-4.684573311376214,-0.49847086162772325,-6.029190096627655,2.3555501893051813,0.25380913823974105,-0.9147395854618665,4.216892760195207,0
0.13773109267775793,1.4093088021956208,-1.5469850256082474,0.7040301648519293,0.1775289378057465,0.12989380845139337,4.724499071370508,1.9820885131997268,-1.9457084403727891,0.7948308137922806,-6.8168958938963415,-0.9152666250265865,-2.397033980507164,-2.5209384483915294,-2.219906308432317,-5.879353393416768,-0.6729263981886218,1.6230332949062931,-1.232956029509694,0.35023135960694873,0
0.4131571898552856,-1.3773737577043992,-4.369690731577389,2.4267748327567245,-2.127828062935841,-0.6102531601419365,5.7826701217722265,-0.8669433783466897,0.6447466820594461,-0.725180882356598,-1.9611167447166797,-2.041777219400375,0.5586208866810438,0.9069140675178413,-1.661717894256598,-0.7933240425943553,-1.4028079272854677,2.1643936633251406,0.27416839630022616,-0.327945140236823,2
-1.2941238219222433,-0.36296917995039024,-2.9238761264334157,-0.5508185322884485,-1.9529451165166436,-0.2134595608134348,2.044378157306164,0.09827224499036191,0.4344640007592945,0.5012388657189913,-6.347443267444851,-2.870083348531563,-0.7965825917204539,-1.5351895893967193,-0.4956158719520741,-0.41301522263256707,-1.3530387392325236,-1.820407893534869,-1.0834798084710804,1.4155265823996386,2
1.0701088429898735,-0.6552314192299842,0.674206045073021,-1.9807261598750023,-1.423943914191741,-0.5966999758391445,-3.8958822966583533,1.5347001893279582,-1.142414477356231,-0.3875177829085516,-0.6477680337816013,0.9094852337662198,-2.210718838946894,-0.16249112107765717,-2.0048304678742754,2.7734617659841083,-0.17406282404971318,-1.0731354266731266,0.6612560003375013,-0.9928611197174895,0
-1.2922187943976398,-1.70142280537467,-5.297878892562012,4.975878805111304,-3.8375583126385755,1.2313755247293834,10.336830548378247,3.629311333510224,-0.37546139108355625,-1.4248199818185208,1.4420798128609673,-0.2728768425135024,2.0741612351399015,0.924900794100363,-3.3644992079506872,0.9329932551974205,-2.5023160232846346,-0.460505646635202,-0.8729416120065661,0.027157154342175804,3
-0.051652398509889653,2.9112192730207855,-0.9863312527708419,-1.4223628592768423,-0.5170495515348238,0.6026507592352539,3.665584714725311,1.6828135201534549,-0.17131705591808966,0.07566335651233778,-4.388922201791444,2.629770797328529,-0.47934342475337255,-1.7968334630953873,-0.398219024574211,-1.3463844927145074,-2.5067262814407774,-1.0885491549713995,0.4875450613651372,-0.6328663581678959,1
-1.991838730766402,3.523099626818811,-1.6756881489500652,-1.4875920582264146,2.8572728736022204,0.18362415193460738,0.35002294301256587,0.39684412439235517,-1.7969806125354997,0.45783633746765673,-8.548350120728138,0.2929340436635264,-1.871144684209416,-3.1168711261285305,-1.533957544827979,-2.193211228041646,0.23245773729128305,-0.4047125489300302,-1.2875975076630295,-0.4012807912053602,0
-1.4597324931773479,4.306219654453447,-0.9713675063118787,-0.10984331630341204,2.4312684270887313,0.8988190218367798,0.48306413029382,-0.18202194557152085,0.12223934266693637,-2.1409313578867395,-2.81092340970055,0.9803585178252683,3.2297148325521787,-0.6039030915062076,-0.6279306893081795,0.36755565316654115,1.1294098947646471,-0.34001008676487676,-0.6767226466616503,2.292524778086179,0
1.3700994866880023,1.576784358522037,0.9017410187532666,1.4024419469273968,0.18967772394466018,-0.9055814964467445,-1.0100832129989117,1.4169613713036118,-1.2194235222869756,0.18789179974112238,0.3942090971540167,0.0736177171210739,-2.894047926580999,-0.5022769852884366,-1.822192448163238,1.383257833748212,-1.1382961988986167,-0.044779223554883764,0.5319925281023847,0.2531296443065023,0
-0.899534765346044,3.0960668145194714,0.3857760642942597,-0.5957707103598169,2.971067508700056,0.42582752877089647,-3.7305870345134253,-1.30552647411894,0.24910523376862526,0.25815454908069196,-0.16411355952263018,1.1586451231671342,3.271883179810913,-0.14079572459906176,-0.1153537945772255,3.3275999380234627,2.310551573790599,-0.35213932946545956,-0.554408833469167,2.261093731292513,0
0.27595220853429714,1.6536135358412531,1.4170788567908588,-2.218740568219292,0.8199029161682377,1.115654871666828,-5.2682418774280535,2.081302634217061,0.1893668773204864,-0.016039461404155957,-0.9049413805184169,0.6485833570048187,-1.6068213549024475,-1.5265213965068578,0.2678767642166593,2.7344790783155366,0.2635029371882496,1.3939025239838898,1.0672646092060134,-0.8766834328885765,0
0.8978227439900389,1.3831613189635068,2.8978152012797915,0.8375256572247323,-0.6035643282074536,-0.9101888117340344,-4.0883902805659424,3.3314946488714314,-0.8827886691032919,-0.22998705150149223,-0.17205778023937562,-2.9746381319046917,-7.408032036801683,-0.6378207063138395,-3.4360902155949518,-0.4382328793013688,0.2245914683857264,0.47287578405480524,-0.25914562500263605,-1.8893066063052977,3
1.0655637839313106,0.46629620600401467,0.4047748177168011,1.075921444098329,3.759270278368389,-0.47542445978800635,-3.900160403172584,-0.4528090298563139,-2.659998002221341,0.5977672982624946,-0.5427591701131849,-2.889987028249587,-8.146247965340637,-0.01647625336172054,0.9883475470536953,-1.0483823999015542,-2.052401972249191,-0.7621491075067962,2.4334605714475828,-4.403670877596923,0
-0.02817926032255652,-0.2718096277496611,-0.00903187015597351,0.3763620935662727,-4.477736345260514,0.18844884360933378,3.261995406753939,-0.9941446573422731,0.881360085956151,0.06827940263085906,-2.4718038261588737,-1.5354271617237396,-3.084423726726094,0.7806832532900725,-2.042669525950588,-2.766861675883526,-2.910198872435931,1.5827454581165692,1.3860713026599432,0.9214472031859977,2
0.2948343021026958,1.3727985405537693,0.820350221895971,0.2627989714340392,-2.731954405923267,1.0924947525413211,0.46157179858392045,3.5328239550271543,0.7225758923537191,-1.7540689752901926,-2.228538316486474,-0.3353311542692693,-2.986906601300138,-1.5278305506009147,-4.031336751530441,-1.5538245019275414,0.14658166098939707,-0.9377793476344694,0.6145156649867505,-0.5932001890062031,0
0.20264531709830477,1.4323459940737195,-2.9651949249125003,-2.9378957024567596,-5.875811354788075,-0.4242129595355222,6.923568635965106,1.1465302861387967,4.826451858662727,0.9312116687382725,-7.042014265126786,3.396872684961784,6.31070792688156,-3.0629613704503855,-0.254413323933812,-1.6803602501132038,-1.7379538499717018,-0.8305790681481182,2.0986365080555105,3.4285510215287625,1
0.2180785729448001,4.146763124948063,-3.5212000484056576,0.669046326422037,7.413391548691707,0.4739921275988617,0.7061460314236998,0.29868067611688154,-2.762973569043276,0.5497511461771262,-6.947827114296442,-0.30730802578324334,3.2839118238486718,-2.875526300933659,0.8184479813725527,-3.1938494292173587,2.5411131118810104,0.09571420709270953,-0.8949177284583024,1.8150885842361533,2
-0.24309887933819999,0.6818493655664899,1.8507813265130877,-2.850681111103173,-4.774263718930214,0.15648603882961526,-2.313785363327704,-2.3421829720713196,0.9374121750092761,2.757725954602999,-9.380320657279698,-6.160524058524409,-8.66268221940415,-0.7556306815647682,-0.7231127517586844,-5.141174983566949,-3.962050549965406,-1.2063527618181018,1.7207711837806627,2.3063223844345173,2
0.6309242503928535,1.7229971546623992,0.4649671641973643,-0.4601695435922095,-3.450301860640006,-0.9256341336769174,-0.4890970403572578,-2.5658190781719012,1.122807011704968,-0.2681771068169781,-4.902808558077831,-3.600524279380639,-6.004059420895525,1.1385026086906227,-2.9816774590641346,-2.129075248551496,-2.6427284110387945,0.293232706583152,1.8919819073407789,0.3003366191817385,2
0.0855057858201024,2.081699800804927,-0.6573278207628162,1.6285565425796475,-0.2781605257427129,-1.1582026044040932,-1.1095041213579186,3.7688290733922916,3.6104912393601607,-0.14741374269239707,2.1641943221417708,-1.533444426803157,1.4915346424038682,0.3699580332989011,-3.762915886411726,0.31015656466425,4.425863954139761,0.17654223546752512,1.0801235506211841,-2.8643967082368977,1
-0.6705034750024332,1.2720567662728475,1.0594283517670422,0.7427769848286139,-0.379792941426108,1.2951926076818845,1.056293160096698,-2.6868609231560323,4.497995076479414,-0.5833223310666139,-3.728059913931389,0.29076509715960963,-3.724905662705683,-4.472937130857167,-0.02528401426722726,-2.7523732154590794,-0.1907867827613252,-0.028592892938669033,2.2819635344712808,-2.1689683018043877,2
-0.0772131289206602,2.5180401218032253,-3.0289058139890956,-2.0761080932265186,3.23160729620388,0.4437603146215473,-0.3593013480511329,1.640245887519279,-2.3137034059282415,-0.9586299061284765,-6.905330943621223,-0.03780734951359732,4.16920656205151,-0.675600692972597,-1.5025207465061656,-4.068993139608061,3.3026077063879677,0.4715661272542067,0.05435014338455435,1.6824232549309892,0
0.49813719027966596,1.7363211515030887,3.3303678833742647,5.197009051661552,3.3552881597674125,-0.25598392457565067,-4.483220532530941,1.927072446032958,-3.3003655168428225,-0.6230013158930239,-0.16994023216792192,-4.620681253154581,-9.711774474423235,-3.8289557468313014,-0.04243307505703986,0.026676510396999586,-2.395480235065036,-0.47282642084329146,0.5394898217949102,2.491541333218506,3
0.1605519383122771,1.0181557647401644,-0.0538904694437472,1.6856885477339258,2.0676202529689647,0.8171261395614118,2.2316212943608065,1.84857242302489,-2.307506244604199,0.08587785416985415,-1.4476666984725854,-1.52526492212274,-6.982520358866989,-1.320086691578738,1.1398807256455612,-2.9091624772396285,-3.58033922866018,0.21992111489591223,0.3407996041617942,-3.727817777884573,0
-0.6373315185492832,-3.3987541625520192,0.22516874389322195,0.0031305672114303462,-6.539953272853545,-0.8503223648181184,6.303846713163788,2.191067325392331,-0.037714772229444526,-0.8619461864213049,2.202044869478213,2.651468901621683,-1.3784380936540008,0.7770217358950495,-1.8591252356510304,-0.34798117407672446,-3.5980328537542974,-0.30109952146951935,-0.4799393886066057,-1.241405094167177,0
0.45583143556578454,1.386488895084441,-1.4120665104234134,-2.962553588650369,1.8490323787796192,-0.2575030372326256,-1.933911301281332,-3.9746657184105216,-0.3224058928054041,-0.47941541372426383,-5.015921010740527,-0.5886069526147331,-0.6282522749223517,1.2968159205505991,-1.0115528110379275,-0.7278821196481648,1.40197548350362,-1.0026520144412134,-1.0207849706004435,-2.1552578203546915,1
0.48450470440323173,-2.3578544426915333,0.44216286284495254,-4.968713718479246,-6.872547830519726,0.7235437606733699,-1.2571912195846544,0.6138016054918172,2.2876093420213324,-0.4432481290102483,-5.520085518590349,1.6533974672124891,-0.9616625215381955,-2.7841587581604843,-1.9859883814590682,3.4478385570436867,-1.113138459446968,0.207665570312392,-1.5960571887382544,0.8976740324144992,0
0.07099443797148695,0.29377188589385483,-1.8376469600644567,0.8741164852532204,6.438806654654938,0.11110856144795785,-2.111217541631822,1.7514756149509862,-0.8795444407065327,-0.029206087085122644,2.8231655936017517,1.6107422841096657,4.23949684546621,-1.1941482920659092,1.1647634058307932,3.3656904871187816,4.91284768009999,-1.3435133108136401,-2.754811680932389,-3.131447045113114,3
-1.6903489237650033,-1.0041840689460955,0.2112248966719984,-2.7957946458237424,7.8594843102528715,0.22620384199532179,-1.1036890450487395,-2.160560851361123,-7.656891092090356,0.5004883807063788,-7.352036471658883,5.891743461347313,2.0348202872621295,-4.590292626459252,-0.6312854200795475,-5.768126367998509,4.960221316717153,1.9909325703689373,-4.520206222949687,0.9289393579829002,0
0.5614722354446345,-0.19797435314837442,-0.7707443289280598,1.6589958268664469,2.246609659513173,-1.1379489845325137,-4.135289911049353,-1.0247311219053823,3.630303421001837,-2.6660453115404037,3.5973555950782825,0.7028705879430664,4.206424085429996,-0.9819128196047604,1.8499947845769409,1.019591940760614,2.826652771247603,-0.9985947789506053,7.110199666590673,0.03769448137627851,2
0.43856407559576316,-0.4922876159922387,2.2520144921862846,0.829705708584052,0.7557331675152987,-0.13996407043301753,-2.308280596457252,-0.9326475142223323,-2.071249117624061,0.4522207766654843,-1.2646193759597681,-0.43420652979677254,-2.86799881938525,-1.7989257520517161,-1.0734640431883606,-0.9089807223942287,0.4071738092368946,1.3367670096549722,-1.049137943211209,2.4546450739489054,0
-0.0845614702664156,3.3714917996752476,1.6322679533974893,-1.4453435499947787,-0.9737613374425954,-1.5511185108571612,0.9455824095536481,3.4399689993416414,-1.859973900225944,0.7949585272801896,2.1084945331459255,0.1122361367817244,-2.019968706801868,3.969975467078483,-1.3092902829111819,-0.1327868702614179,-2.1258011434745643,1.8033753153897722,-1.5906994059209207,-1.753295634593369,4
-1.6434750023638616,-0.06457810310042567,0.7166030583860209,0.05880931573247572,1.516282415540297,-0.010492349868986972,4.7130659984016505,3.0911428998879655,-1.2359710550145504,0.6666839583982711,0.7205562351261182,-0.27880764190784946,-1.4368764657772881,-1.4813990365283605,4.7393405806408895,-1.9921585095942813,-2.6175817927969844,-0.38892813193950254,-4.362939963452737,-1.6093118344816468,2
-0.7220111875796321,-0.32379609956371413,4.093721251172866,1.6124532578534332,-7.983001880901708,0.3004482839259974,4.618140420028042,1.6445250156929814,2.250610623678515,1.1679695222734725,5.155381161543596,-1.7859675571687095,-6.865672894333011,2.210619727412069,-1.0035714306261732,2.6181037281082893,-6.311315921486226,1.443800714439614,-3.0494141924569798,-0.3815948192989047,0
1.4357970301917995,4.555756122715166,-2.659423911074609,0.5455822229383394,1.9588770721807622,0.6344521571569945,1.8954877346705077,1.9248971366180982,-0.890033732321909,-0.5532641806320266,-5.939529414136087,-5.209027839259224,-4.370422054421871,-0.34338157703273386,1.972746837010026,-0.8842553325080347,-4.273764684188642,0.6194247636018987,-0.5846191544591013,-0.37877759733058136,0
1.4446284466304904,1.2481927166094904,2.5512369405495257,2.3118022971653214,-0.5656093468547698,-1.1803047566372284,-2.0603732080486177,-1.589937498031373,0.5721638541761787,1.1121456854365446,1.6595593312356993,-3.0613610665908286,-7.64358072255104,1.001586807753445,-0.75524670631298,-0.9576934869091873,-2.754141399926553,-1.0155255346254368,2.9505723066599527,-1.6019315306122115,1
-0.2645963657171757,1.6543065609196896,1.1938249878851142,-0.31642162123450834,-2.676636835836448,-1.0446187930902044,-0.3271914973504145,0.437547587399405,0.3222280812363678,0.912147027016459,-4.011925224978881,-0.7432735909835984,-4.856069525185908,-2.3221484077293706,-1.432788891297988,1.5393782467452708,-3.2734737499192708,0.4732330748923653,-0.25843216117748247,1.6051108280496176,0
-0.5175112737456785,-0.5327873830422807,-0.3446702174447146,1.6634470442493625,1.4262174901315405,-0.7019532993175868,-0.1853540673515323,-2.8549579894587254,-2.852008491346885,-0.5384929744494404,0.02784913395826489,3.047507992838808,-0.7131600022953454,-0.394802450799824,-1.6655648834555814,0.44020318346715637,-1.013103546954567,-0.2692473335425451,2.652831578106002,1.2430774024259397,1
1.2906717955753941,0.8897044676778315,0.5026522283386161,-1.249472482601675,0.5024415449849375,0.7406395895285339,-5.8435822689094215,3.375944170310242,-3.048838306572692,0.3192857341569892,2.9119955833577165,-3.221882123840602,-1.3958632966136304,4.931177115678898,-0.14876442449008442,0.45354415865537734,-0.5847787387473515,0.9457963462191479,3.0450381154718054,-0.08790794939652635,3
-1.46345965818056,-0.25736943075224095,1.2607103892897487,-2.6064554989323674,-1.5935029169725614,0.045121967383527466,-6.346461243371321,-3.62941094365834,1.5902189227075016,-0.7913756920140128,-1.3471193943248956,-0.952283550892022,-4.362331428216508,1.2955922196391656,-1.4693347217598922,1.8658437918969437,-0.29605979375720715,0.3685481057512981,3.485404102710538,-2.4409124353318465,0
0.9787706596397112,3.102434957388733,-1.3650529575288681,-1.5407591076762035,2.801226271428928,0.3023346832328115,4.239229808521547,-1.593652268105596,-2.5742110178221256,0.07964030997635009,-7.300759360607065,2.59656445869265,2.428383683999234,-1.8664996196644217,-0.6202367291075714,-3.745790526915415,0.45417909975031256,2.202109734891766,-3.5725788536018848,2.322261311292732,0
-0.0893893619394829,2.280273923604848,1.870059858344423,1.8756504135006717,0.6938764353638405,1.7519733904649262,0.06063867107133558,-0.7037054003615657,-0.2211265693189789,-0.7743372894351556,0.501423303734787,-2.1855244885129204,-5.845236586857608,0.7763540896194776,-0.37334239080132114,-2.32514250749745,-2.241647755329682,-0.6390202216625587,1.2720065261690967,-1.5381037418186236,0
2.088799052941144,-1.0945615334633771,0.011998306031201666,0.22705422624867533,-1.1679332084662206,-1.4276929353041292,-0.7587437841271243,0.3633098074091452,4.865838597791685,1.1579424719813753,3.6336045751249237,-0.5111900445824675,6.855184895821777,0.5253592790859757,0.26579850574209707,-0.051449956173719835,5.082267493460733,-0.14267572794813488,0.528674027648715,1.0544720940351908,1
-0.17242656183794594,-1.685463588743347,-1.199559843813271,-4.08761080355322,-0.5558611155962365,-1.388591230776271,-2.1829340912223807,0.32793693020837,-1.7965669001781417,1.171559010470227,-4.198465001102491,2.328458612220139,-1.1875381356616683,-1.4142796856968782,0.04925597192276987,1.8578331447878997,-0.9597736452019182,-1.859163037191152,0.043044249323107686,-2.0317881900004586,0
0.13647660791200458,0.7722802669422071,4.334958452910078,1.4540219334219167,-0.634973812145526,0.31072092333422824,-5.239892380381142,3.040799523898566,-0.3895684709904631,1.0317966614850234,7.1153909393809025,0.1912727215430583,-1.3808405455966306,1.5978537029426199,-1.5725569050564092,2.2658268622135918,0.8734226630944997,0.8711815285904906,2.050631494591043,1.1930531112839469,0
0.10999093657078643,-0.2314268905399488,0.8591703007625893,1.662865238493484,-5.761489526703414,-1.0652216607102516,7.507665756094576,0.837230540622067,1.31686808926628,0.5008115879431271,-1.424937161996715,-0.9708677978381625,-3.174286779641946,-0.2612340205922231,-2.5895532494728783,-3.1914086096083545,-3.1518765295737605,-0.911316623510115,-2.395557342405012,1.0237292449203437,0
-0.7251439304823433,3.9644209211856394,-0.33380192347283044,4.027183250706079,5.227643753107106,-1.5565951553110222,3.6795620600805417,2.9564308203490084,-0.7146411359469709,0.675747650845586,1.6432307392298537,-0.2567863746492589,-4.6225238894561045,-1.6355439901641862,2.1442210024975963,-3.318494301350322,-2.4562664219635755,0.3671170444223692,2.0710357351014226,-5.064653057627843,0
-1.6356864185198698,0.04308221770497567,2.053082583712125,1.6443164026796389,1.2515301384237776,0.4393284421552732,1.3060591920844433,0.41603208520011115,-0.5628690100730536,1.6151195640797096,2.930665408903408,2.7774881261325883,1.9153333497384257,-1.313240217378027,-0.6864610446772523,-0.31221696878054284,2.0284766788730844,1.1505065755655455,-2.30816597371017,1.302762032779969,0
-0.6320763818628885,-1.0902409959787334,0.27809282063583796,1.5714231830970178,-10.214040800682415,-0.7737797572943258,10.429108172375187,1.07791892634688,2.0408015621431606,0.6386155226382453,5.0925744654356215,-0.676184634288994,1.3555689012022816,6.920710476337168,-3.251566546538292,-3.3854748382485735,-4.663809068547658,0.6112952232126311,0.533067913259226,2.02608719481587,2
-0.3320739190468038,2.1871619611721496,0.3400061463335404,-1.854079431899534,-1.9510735253309417,-2.122898269497989,3.4136307408102926,2.237484310698041,0.07388531733896886,-0.32907576462412463,0.9878935850722543,3.7062361308926883,6.164054841146578,2.3792730406439637,-2.4847467967883565,-1.5704919577239809,1.7669146583134552,0.006392465731143423,-1.3409006662297251,1.8664096800958492,0
-1.7752217372096184,-0.1370376979937451,0.9487976627889186,1.2657009394516128,3.265471770836384,-0.3074718299857303,-3.9092690125518748,-0.3997879598158236,-3.1915132080589523,1.2286667474227126,-4.850801693830762,-1.6862941776225187,-5.208706100968176,-4.163562838515631,-1.3247691833205986,-1.7678650019495556,1.0011676089995305,-0.3258960087720073,-0.4409649505013292,1.2653333119376384,0
0.20964737963946026,-1.2596358470349824,0.7901910138472321,2.6872394396390984,-0.23176129158737702,-0.7034781684598667,-0.8686327809603765,-3.084393336577364,0.09216793110369681,-1.7566505990027286,3.589831328098791,-0.26777813863406874,0.2613229749402044,1.6137754874784738,-1.1633345107410102,0.14966931355602275,0.5468595874250544,-0.017128890657324997,2.2305518174312864,1.755897813853443,1
0.2539761588561609,1.278480447530207,0.4309046012896143,1.803916377568961,1.0898999546718204,-0.7882297370232847,-6.454593427240443,0.023721512487757335,-1.9276597845513157,-0.16204045906229825,-5.783846670948247,-3.3587604655007315,-8.936195926553488,-4.361899683648866,-3.379548921181982,3.5356507273543154,-1.3134515563968325,-0.7626356063765112,0.961277066848332,0.9551033616447793,0
0.3649673802584513,-0.11875092879189197,2.814978770348552,-1.115772527017739,-1.263921989027492,0.44903948583537623,-6.082962778170554,0.8130404967027147,0.32352682196302585,0.1430229087468902,1.5609850487583574,1.0320741858286997,-0.9596138657399992,-1.045842464736319,-0.6877918490278044,3.8101732292270647,0.3098032173659049,0.7573635312088819,1.7843788369988305,2.014039814752895,0
0.21839255509289454,-0.7519584882766208,2.169406025133883,1.6298949205208877,4.147679213458459,-1.1369323309719466,-3.4675460764968884,-2.623086401066603,-3.1946747461308562,0.5260046704307684,-0.7155644266351393,0.849899351629462,-0.5072646651376124,-2.826276369227699,-0.15068213695784383,-0.6400972569725936,2.5110535313956857,-0.22652779356340422,-1.6955059293500139,3.63717842345508,0
0.44356182717502385,0.25282006558322645,1.7516388300581025,-0.9654376242267677,-3.077675952245855,0.7437462438569138,0.3364026588950759,-1.8556528694299455,-2.222474216187246,-1.3392001890140703,-6.564908202347512,-1.8039232656838156,-5.61775022860219,-1.1792521537096616,-2.6809803673696377,-2.3579641461312875,-2.744978046812975,0.3458213162085912,-2.134306184498545,3.6928863796681273,0
0.7218569916101722,-2.737330133070029,5.0902766321366,3.8077047363452103,-5.271985090537354,0.3998735875292586,-0.9189464193903214,-0.026472014783895714,2.124358707048472,-1.3649269809680389,6.448131651512348,-1.2456592761404721,-6.238879420917848,-0.6049419995480569,-2.4375013996542156,2.2763201626362677,-1.6653126801212967,-1.2388682825738393,-0.00919395993359906,0.8577416831095116,0
1.448845031181159,-0.8773338444094556,-1.4644215172457749,-3.020174209465495,-0.6132854857066994,0.6985311210775337,-2.609283846148016,3.8636213186618917,-0.4629148479994041,-2.933734492974521,-2.666946947056181,1.2096609443653423,1.0435218665201282,-2.3084171463640866,0.6000022480380267,3.261840609411772,0.057349582233868546,-1.631163989078862,0.056733704139042884,-0.6598578640539343,1
-0.7931050236445718,2.9169710529291293,-1.3796061210276873,-0.2365651047300339,4.755809259417629,0.23405488426840085,-0.8449474627402462,-2.7813980823790945,2.5483687628802048,-1.4756878692166442,-5.49314857319118,1.7812284651545522,-3.1836886599201843,-4.263904844962569,-1.7561693073884248,-1.609285167939099,3.1141483012931968,0.16858596771481743,0.8813821306465865,-7.052539051801184,2
-0.8065856774717746,1.72687123648532,2.989608434595342,1.7465833664057737,-0.0871214946869985,0.24888852314446733,-8.691618694245221,-1.2857318809196352,1.3101071005258023,-1.2302172134785654,-1.88949301432865,-4.7740063564408874,-9.986857060590998,-2.741894167485425,-1.2721658425536255,3.525641621837063,-1.9817956641638208,-0.15649669658811755,3.5544794038621728,0.3523629891245268,0
0.9769711598889208,2.2478826074484344,1.6908890803282919,1.8686769086127595,0.49309895753320626,-0.04961550072682194,-0.07743060414174423,1.9067086791061056,-2.4884360885530814,-0.20356538925638012,-1.042595382177926,-2.4627573803392404,-5.562085259783434,-0.751601553082757,-0.23395448770669558,-0.2284063624764041,-3.2250985628176037,-0.1044712683894624,-1.2118537417757387,1.6870631274914492,0
1.1148792672769945,2.7732897670123915,-1.1407501583200383,-0.46442089401164477,3.6832850723859023,-0.7706694808488352,-4.266994291955238,-3.5454826822489225,2.3142004740270563,0.28929380089671103,-7.894537002791756,-1.6748591289152577,-4.9998695682686005,-4.653150034407901,-0.8676227651729375,-0.09870910389426368,1.4907401133722935,0.15485644587433614,1.7700866881682127,-3.2897254018202267,2
0.8403499483518234,-0.2503588529961249,-3.5307982882637994,1.4933699356364865,5.871062126251881,-0.028800819699881648,-3.1785781600085117,1.1726006252194319,-4.059776101778502,1.3176372766281867,3.1685483333839066,-0.8333425740909417,0.3478451292804963,1.5249796281970704,5.149629875138863,3.9633355820214335,-3.016172851040698,0.193670571880911,4.4178122913126225,-1.3411968734024637,1
1.5884147904557355,-2.169770041083596,3.52518817851905,3.1251596505623125,-2.1147417399336303,0.5936394643756311,0.2697942543241812,1.0271008146219698,-0.7701631873394994,-2.137798854962697,3.3038451455695013,-1.8794236270178364,-7.4428914391476555,-1.269871467395678,-0.52713142273443,-0.2014364265169838,-2.6351945551259726,0.35554250537486626,-1.0754753670172768,-0.5283705403958983,0
-0.8587658325831028,7.705296647445275,0.6691918788058779,0.6685776555360003,8.29478408652739,-1.017215174123941,-3.684904089482485,4.256503229151258,-1.2165720394077877,-0.025461110764491424,-2.098683613048551,0.5329038390007468,-1.2052473135781507,-3.360137190988399,1.2826218746508338,-0.3501313327097768,1.6549539359331336,-1.031367801247887,0.7336399411365173,-1.8051861883704157,0
0.1583601522341749,-0.656388616067975,0.09263092047909427,-1.7903754272267838,-1.4103802730793893,1.005871968741621,0.9627690521942165,2.1445404196516527,-0.2323962968286747,-0.3581559259724111,-2.097037362284107,0.882531241346618,-1.9429276355056422,-1.6596205572872669,0.197203423051578,-0.09475089789829494,-1.2619716527921827,-1.4761226049126905,-1.207620480757574,-1.8047620631231367,0
-0.14306646977155701,-0.25968948754001187,-1.9165106975185497,-4.135520268552453,-1.9053267427213907,0.7530134615893244,-2.4202658965379302,-1.800665529310786,-0.8896771750288734,-0.5466833609590606,-6.282071405270453,-1.8062327507335763,-1.2745516374101753,1.0453960034338352,-0.8850861069697274,2.378873003795575,-1.1914143883449253,-0.37285277131099326,-1.6787786717844,0.37518916033087,4
0.09230029436114771,-0.8033231462040116,1.6221402525366706,2.0894586486935394,1.0899894254392821,-1.5410723701257767,1.9024214943827136,-1.83953567457359,1.304980711048088,-3.967711444594042,6.512766116027844,1.0616028891199125,3.012927891150243,2.210208738260488,0.31786435942819913,-0.8717141539311123,2.7480911804850177,0.2631878332342004,-1.7981133984021436,-0.8662527415351036,1
0.41649742054684125,2.29199833314371,-0.21177976516044672,-0.565932814276509,-1.535935074623671,1.9799798653738627,2.475765412218922,0.8564173029955733,-0.18546859616953182,-1.032747465150256,-0.28723369404091675,-1.5872159581365053,2.429186453845191,2.8609472159153384,0.4543178658922844,-0.8165980512979707,-1.5106329860522008,0.01921484945418607,-1.38978278278999,3.3465723825370612,0
-1.0491772178231749,-3.7587916254633633,-0.5934057759171647,-0.5590908706263367,-10.552752518553223,0.2251375425754161,11.06827565488148,0.2519891392465492,-0.07665703719819827,-0.013495811686846262,-3.8642221123151597,1.819735924026662,-4.088268935445061,-0.06741209959318173,-4.233857002273002,-2.582780947057009,-6.208947751723562,-0.08764441013541906,-2.778347771261399,0.36292270006308547,0
-1.6116046444752332,2.3943382309241317,-1.6128973187066484,-2.2825846475148337,-2.5592147908047345,-0.037773569434509824,5.511528432784269,-0.7249323493901836,2.3993134497428907,-0.7684217537432435,-2.3022773792558486,2.2118120328738535,-0.21949059531954984,1.7139645245648119,-0.9355834742802314,-1.2529883052398745,-2.474051919978434,-0.8468374787977386,0.3564198848541906,-4.251680432796869,0
1.012349797254572,-0.6338693118512624,0.127982692562024,0.18808528330024432,-1.6566396331293018,-0.4688148223852451,2.9083520800760407,-1.4806454503504964,-1.5604327954276058,0.37373477453572995,-7.339513132386015,-3.016670017087883,-7.55254386120829,-2.7875188156700235,-0.7768559529473995,-3.5053992106764165,-3.4683674892766896,-1.6485598835609496,-2.795758571757034,0.26003580270413573,0
-0.5970155943760274,1.164188999080681,-1.7956380412761987,-1.5715489358970647,-2.4009811783181134,0.12599740922738273,-0.40677584939620076,-2.211178000160994,0.8441544905176883,1.3887477120485912,-9.725609736669448,-5.0533243394919465,-7.0415113869227035,-0.8983407876118662,-1.6394723951903227,-3.6077652081560196,-3.02489567887418,-1.6828855675867511,2.251427489582829,-0.8687065076949195,2
-1.352377074749181,4.181048756248068,2.1591718013939145,-2.221324862233071,3.395560431417284,-1.831573596391734,-8.322402984175213,1.2978714434832896,0.5432786713506224,1.2154926684870857,0.4445855689133568,1.154936868807026,-0.04858148682528975,-0.5979607047171558,0.32801695374154827,3.2762327866970793,1.9220054103531927,0.5443006148308525,2.8029799874357133,-0.5383912212739865,0
-0.7687892820425916,5.221319800731852,0.3960613996405187,0.0932662403432305,3.70044180655658,1.7938578884156093,-0.7649315781594492,2.6395990353082968,-1.1166231890642038,0.9848596384708694,-0.5407397409227617,0.7597096811184727,-2.021992356716427,0.06645063455833333,-0.5073009429311197,-0.816181179042039,-0.3596945471995713,-0.3426417019160762,1.035468275050155,-2.697997827404991,0
-0.775329568308889,-0.8428712080637168,5.274764247842745,3.2896323441389757,3.7751191645573594,0.819012594162052,-6.696960071594062,3.9247955320650023,-1.4770132697090719,2.029790582586369,9.325935404167668,3.753645409867655,-1.231770453750127,-2.7371545196800646,-1.601947132556192,3.1976423450964786,4.506774877418776,-0.8724536051720158,0.6017325886142826,-1.3340955913242882,0
0.5556588918570415,0.915842344093679,2.3377846164873484,1.509304553937341,2.2512273773644482,-0.5932051259193936,-3.65870743098062,-1.0955743678492995,-0.28833762539388097,0.6722546490030943,4.782300089581961,-1.7040664868500988,-4.272960589696346,2.2969385809872507,1.527267396768826,-0.33116593761320323,-1.1408372518569188,-1.6072708956063038,3.2570909497680476,-2.560592387396786,0
1.9898450095665838,-1.4979496271752075,3.8601333940427605,0.7957078867456936,-1.7012719760863215,0.6362920305645317,0.3609882603954996,0.2014186826539459,-0.7126135930713857,0.5761442774610127,5.034195459110167,1.055410727270914,-5.083027326702383,1.5060186724183295,-1.155177797081417,-1.5391542922290165,-1.195170914928994,1.8447332323755723,-0.27693724513396645,-3.2370350615753147,0
-1.0474467628306452,2.935446621412683,3.417780033575531,0.6370595356448889,-4.827213421612253,-1.7636302969383426,0.6494421173977627,1.2153257262259534,1.650835547078298,-1.1766479143170716,2.8386588432447732,-1.2319617342686309,-3.907529750908962,2.012356555894989,-1.2666847049462402,3.451915039362129,-4.419600953046368,-0.23721326100309761,-0.9596376397056732,2.030344831091435,2
0.16623620077891424,1.6460383694698129,-0.7214681549423241,2.4618503019345184,2.3074162111886545,-1.1925018307204291,5.506674223546778,1.0099493877117158,-1.5552792387467147,-0.3884813748222363,-0.0582971941349105,-0.0028759913882943078,2.220043478267835,-0.44960448484013826,1.2097685586987343,-3.02657515969899,-0.329290050281438,0.12169840786183227,-2.7538273690115043,2.1417112876065305,0
-0.1677715263343671,1.876911084573693,-0.25963940224679827,-0.3955152016673149,0.5501925176783513,0.0005227782536350267,-1.5219897732694456,-2.411762129699367,2.3374422410532025,1.4691937319712376,-1.533139253789376,-0.727287596694191,-2.2083156497377168,0.1665172419541867,-1.0482910603275637,0.6081870818916515,0.4400412396189405,0.2798730314768611,1.2545732279314277,-2.9443959229677095,1
0.7712099383665516,0.04964731122264143,0.9421988430888667,2.365017531142244,-0.31208451006407373,0.803065238286184,1.6633991310287501,1.6364728360958485,-2.2023561855882776,-0.08829518273459146,-4.2135567220452925,-2.9719002581302982,-8.593512629030737,-3.2043782270638146,-1.2092462522571639,-4.072809986973032,-3.1037441017877336,0.7874742095328273,-0.1832467112917261,-0.48379090333712615,0
0.7201674382073684,0.6104919006719042,0.46566195347587924,1.8347932300184824,-4.938343724189909,-0.9122099018042182,5.325072715470534,1.4420487249023008,0.9927526274064518,-0.30645832682935026,-0.35886956992465424,1.4883156713489445,-1.8215355197364684,-1.225276446675709,-2.8376122125190237,1.1579169131910907,-3.4764052341787104,-0.9636560275624995,-0.6741901536110617,1.8200967775106012,0
-0.41763997819188964,1.9323914026145566,1.854063393168253,2.8359326994932497,0.9859622352503342,-0.27002187029742203,0.28732854316578865,-0.18791494040545276,1.0560668891769334,1.597995305173882,3.08415448920696,-4.763017531787353,-5.670525650990083,1.6518308286892691,0.9826548618952518,0.014559981030261238,-1.6128837827262386,-0.17076348835672836,-2.114777780283782,-2.409812919819429,3
1.0141644877635565,-0.040438823407043634,-0.44408204314190636,1.4841369822389563,0.008814354704767739,1.425027911669431,-1.7063532357995257,3.4907103371852677,-2.6208196856887063,-0.8045158852914841,3.679508442445361,0.7685418046192518,-0.5685138753141523,0.8693678402864561,0.4234283811375277,3.8211091645149464,-2.957349635131079,-0.18060531719234085,3.2773433516922275,1.1204456640369593,4
0.29203797700007733,-0.2717345134353413,2.9550841447301934,5.300383523794424,-0.227717917978928,1.0422088065347175,-0.1871164383136808,0.6922226411030207,-1.5925002648110063,1.151280275071432,4.496571162918351,-3.0356980556075124,-6.811647694009754,0.11527249976260823,-0.8613430137267034,-0.5860645268739522,-2.696849222532216,1.1654714207692924,0.9756377230242214,1.0405395412692107,1
0.8406013580168666,2.8415967347580677,-3.164560058949474,0.08836912525243412,-1.7013192667537993,0.9300485752951438,5.496087274983962,-1.665650058478807,2.577353045697496,-0.9441866858866826,-3.347155624378909,3.832844209928843,7.156091638368135,-1.0618018973157273,-0.9679720554811726,1.399481177215709,-0.7874089503309136,0.15622789980902388,1.430027033510759,4.232223053397512,3
-0.012787657981532639,1.0558016282773293,-3.281095410193437,2.7891760023910184,3.696279904380462,-1.9041936436882452,0.8996978846032376,-1.9703426690501096,1.9720974313253936,0.09394767943912846,-5.230321711591313,-2.7189687508472247,-2.1304086323032148,-4.861612691676813,0.7488575231032122,1.4848618187173206,0.7948996343406263,1.4023448524141264,-1.4982226689644285,-1.6802585455628267,2
0.8931875286289948,0.6857680072977679,1.4797470171505007,-0.03229409997421717,0.806982584737776,-1.0526231556756807,1.153394424884701,-0.8503972928695844,-2.1012138307126627,0.5505400095123123,-1.671119242970588,1.03812292512059,-1.5092590808287214,-1.0979991341690214,-0.2963172762891916,-0.9088123924817879,-0.7075536369984133,1.6135153994659313,-2.9867676789875426,1.5332914196520355,0
1.24867987099682,4.679758621516006,0.5817171247996993,-0.7150781618328623,1.9735521617368952,0.5470760367127877,-2.7065538153252384,1.4698527625675286,0.04538285696231892,1.2435056830878783,-1.5784056845570635,0.36419988305339146,-1.2620052412478886,-0.8355386708944459,-0.713622596198427,3.4251517361519506,-0.3486760599255182,-1.6416713489217658,-0.6828822467745108,-0.208697813880953,4
0.1540880330055167,1.464229119697537,0.040301632182874525,-3.591904003680696,-1.5883306367212686,0.12179664041887106,-3.02596167620444,3.3409490866049794,0.8842702626838692,-1.044472538378888,-2.218674776592035,4.111796742986945,3.4287816216081555,-2.434540876864925,-1.8728886073300983,5.160637469892696,1.4798141223140222,0.2966593265160524,-0.5617149407941737,1.1215968183140967,0
-0.7756687991346262,-3.700465825340224,1.382242281528834,-2.4090754368284117,-8.547457908967392,0.1057043387164432,3.1590349362473917,-1.273215529839994,-1.0892929025958005,0.31824563798746663,0.9618450287225845,0.37522753407388754,-3.2838318815410883,5.099529947987152,-4.3614437676850635,-1.1756076359672458,-3.1876107322736793,0.912954620306918,-1.143640256633132,-0.6248564391010629,0
1.9914906616219616,0.14895924437206665,2.3486203818171973,3.061968264735887,2.5425768384560357,-0.8406157818114738,-1.558089659523883,0.6655335426340803,-3.49696186967256,0.4297907257672019,-2.1675313377777092,-1.2114921242387782,-6.850338851370082,-4.08083357381855,-1.0863999108765439,-2.1023201491226455,-0.8884961302316852,-1.6435062844882267,-0.7666432935325971,1.3437047847391264,0
0.4495944755482657,-0.6578682483312219,0.5986087886242706,0.38337489982803974,-1.6771623558283693,0.3964264217842998,1.1715044237701233,-1.8666457669462226,-1.4459671538448413,-0.8499815817526171,-3.5255956877470007,0.058579897188217656,-4.161708584391442,-0.8200908275961114,-4.265626808685508,-1.6270618824418945,-0.0761694291052355,-0.8089554278278943,-1.9357292176126362,-0.20021956254213435,3
0.5783880703253933,-0.14010792934928795,4.296549604486312,3.3347343818539223,-1.3643347944273683,0.5922718665847648,-2.508811854708833,3.35529828326276,0.10629360924846742,-0.28200274933054587,7.4711662749611705,1.1642873163907321,-0.9310520328033582,-0.059480784874177295,-2.835075385996682,1.3740347259946368,1.5414262467308344,0.5527673995839918,1.3151933823548685,1.6758740582765284,0
-0.8382753526450819,1.5945652297488508,-1.348979574285884,0.4483349233711812,-2.400892079735163,-2.1048960631010294,4.89533864920825,1.8437619086101962,-1.5120408092820892,0.5732930561652154,-7.935014736373158,-4.052533629101243,-5.749523903584448,-1.3949220858217064,-1.6735497189754505,-5.118372134650329,-3.882181013119335,1.3929903085139699,-1.4562806019874246,1.0364634894364295,0
0.4478487326490578,4.522630819401478,2.3480598065602027,-0.10762657283545285,0.6397273305299381,0.0551638617446861,-2.6880502485420084,2.8176677930874288,-0.11265955824777019,-1.552101799130862,-1.7418889636826091,-0.24725786321560328,-2.7104446169403666,-1.7334400993288142,-1.5079651936713185,0.9845733915740525,-0.4536548679593997,0.9972602630203073,-0.18199435659411467,1.43121226407249,0
1.9879214320505951,0.09018470744347318,-0.7600901132013098,-0.6575373855969788,1.3650291919625348,-0.5749062465092536,-0.3843049122753116,3.735208439289199,0.972719542084119,-0.12319046676273847,5.00218401190135,0.21992957961280934,4.88938451033462,1.4643143021289045,3.9173065465506074,2.6572711969575344,0.6886073327114066,-1.5199182054987015,-0.26525733060767265,-0.9099795917737571,3
0.18199782852233615,-0.3495910054891187,2.8906450977034224,2.780642973200905,-0.598827015431161,0.0861193466690552,-1.4474789229223672,2.4012547160443702,0.153832406932632,0.5314504751295382,5.622922633683358,-0.22740680510952394,-2.3530702563465744,-0.23629946565043336,-0.9960232636546217,1.9596405879572,0.15299223902023495,0.32604393967797535,-0.21257305280608618,-0.06809425734238128,0
0.559564602889939,0.42736772632701914,1.623463637949262,3.7569700933323373,-0.9886259887415977,-0.8116517263311753,4.100791170268817,-3.9802873635893534,5.833298932110907,-0.29861476306731505,4.413573944462232,-0.8569265522329774,-0.5564512819244753,1.119702152383597,-1.8529719424806463,-3.801775595268272,2.723215366692086,0.1444859968749955,0.38279609110811985,-3.5129844159566446,2
-1.3019864421944305,0.5440675959394149,1.7401205761198382,1.1934252764306863,-1.4990053603476259,-0.410175568277822,1.2648566938439632,-1.4305936046027843,-1.1189854284680139,1.9555854965676116,-1.6741991839425767,-2.9111982267399465,-6.7579650856535025,-0.42955133709297844,0.5966433443928074,0.6585554021435338,-4.638417016120304,1.0662422811871797,-2.6516165858109875,1.2298081624791672,0
-0.5892685258555133,0.9038131605656243,2.172446251753936,2.3913981124930612,1.5987958036984187,-0.35954362740277196,-1.9872663340044026,1.801071036207182,-0.7567204808035164,0.46733082269254395,1.1884738377304949,-0.4489865418167438,-4.236224159821021,-2.738265001702379,-0.8677245571957725,1.6775400788873276,0.05403429626849432,1.2082449887348437,-1.2598991646756241,-0.3933931931632544,3
-1.9962119975488262,-0.06111147609086687,2.8585139532846497,0.23234235536229697,0.6688979594596759,-0.3337283638962054,-2.293114373364183,-1.3975713625525872,0.004928957988249438,0.6127951812546909,0.9178611233120337,-0.014413426588608336,-2.267295536803984,-1.9982412517532926,2.4696722731365606,2.310690142255419,-1.4212356920552645,-0.10389971240106657,-1.5197990691718295,1.97815589795069,3
-0.3453718176791336,-1.5014230530450567,3.1732914960205285,1.191994427863474,-1.518724532129272,1.0606030025775692,-2.9873336391958865,0.07613683982285091,-0.5508241044209945,0.6728576876858687,5.2766908030242385,-0.5863412008838027,-3.1050735355124197,1.9665522015558898,-0.835679946261216,0.3873107936198473,-0.5737764488236965,1.7773057017925924,1.9152924771857764,-0.12149759028847706,1
0.8084922744288519,-3.438196793247176,0.991127781716174,-4.412475559706832,-11.474386150369504,0.4236162120725045,3.6030917537927873,-2.8894893871627487,2.3878996922388183,-0.42662438037789724,0.19822002126523777,3.564004965736266,2.4166350376959835,4.166586309288265,-4.447472844423266,2.517943857613674,-2.490664738184113,-0.2055954310453375,-1.0223559156778053,2.4528047206751924,0
-0.8042565895538656,3.3871251539358944,-1.7151558082516098,2.4568067890179246,0.4040196247527034,1.2188571660123784,6.898263646972081,-0.6840612330227214,0.6498417986068508,0.5799093945979683,0.7734030800939287,-1.366000938731501,-1.4784324962971944,2.633697937928151,0.14401611436867534,-0.8208502049664664,-3.2070975044487353,-0.781485211185383,-1.7605937595701415,-2.3750705000099233,3
0.3742479186332696,2.558899027477577,1.390602903874742,-0.14087922309129186,4.592494039022551,-0.8451472527435062,-8.944182892815103,-0.4938403117204777,0.6196455328753345,-0.2893831347670742,1.9638576104558887,-1.3301665769066089,-3.906373992679466,0.5728365706629914,-0.17145834348458144,1.7300339752984075,2.1868703415051463,-0.09378918838834874,4.665247404247087,-4.57626706463933,0
1.3653527245967476,2.805513524557042,2.835014549934156,0.8661750508531231,2.3012325413026073,1.1543525208548588,-7.256989668475115,0.30958522274471,1.1809011386031676,-1.7267063084454617,-0.9776702051238291,-2.360693685869193,-5.404801643344624,-3.3944022727831284,1.096270300976403,2.6619262055613975,-0.5750714284068708,1.3365826377007834,2.4624673574344174,0.7288952629902425,0
-0.7860842724479333,2.0634031052996136,1.7982796848040477,2.512582407355792,-0.35561791276555155,-0.01628375833212363,2.040443036269205,-1.0037593659387491,0.13646095467902075,0.5447155006095178,1.2894540641097088,0.15249854813558894,0.44132168033839636,-0.27024996793702527,-0.6931130239056547,0.6738426158004349,-0.8541217820634323,0.09780645085098183,-1.8553246042798301,4.190727833537494,1
1.7200912801670276,-0.8507879546917256,-1.2799453060100658,-3.413654264339665,1.2941265582598402,0.3044566615733906,-7.023882557671291,2.656500133244502,-1.5743650604488102,-0.32436053340558757,-8.857528652187947,0.3812545397700915,-3.478390575987604,-7.37192485486826,-0.2353891063282979,5.380926649350494,0.41092654110624216,1.2368593065974203,-1.1267723751069187,0.03145911883282548,0
-0.17392081259851633,1.2513034105984782,1.640681606439138,4.08733433821242,-2.894070405887074,0.6844737091697553,1.1532025484144992,-0.06161581373243785,-0.04124431267708928,0.5923247282052154,-0.7563506699466014,-2.4401428762361794,-7.245233675965894,-1.0718193574721548,-4.413401522153885,0.11295795772113659,-2.811255605396842,-0.5780356749745817,0.543660522633482,1.3750806206872195,0
0.8646005863886839,1.2033308148705384,0.7624626583438616,-3.7022390510974894,-0.5680220867357382,0.7461274297952186,-4.373803588213208,1.9874870580995607,-1.2247286667072765,0.8464716339274181,-6.032427044580256,-0.672383505228397,-3.529442255563388,-2.5848868350867362,-0.6666317275704594,2.216184158575129,-0.7527413940940418,1.274569696935241,-1.9412099390651445,0.3588278360682362,0
1.3380689892965485,4.672592053480962,-0.4019263902650414,0.571110912391407,4.780525250422882,1.057042261196059,-3.009697939099181,1.8909754415127997,-0.39035305683558685,2.691794673814491,-1.3519307904073454,1.0090644782098894,-0.9528796674783135,-2.088240895009695,-0.2827075465067955,1.89473185819647,0.8605443653343501,0.6581776985091147,1.5021319256255643,-1.7838190995331273,0
-1.2873851521510717,2.755197808175912,-0.6268940917922419,1.0993843900366644,4.101405034550236,1.1046165654402151,2.3413089986974827,-0.7673713946496099,-1.1021598063096354,-0.5103000349233029,0.45214036252761625,0.2946839542303388,0.592582746506733,1.0979370452808106,1.4631544798275302,-2.6226167796384705,-0.03529781943796173,0.2724742960964822,-0.27874603947908827,-1.5069752008667336,3
-0.47115835023582464,-3.457767670697672,0.33754179786884997,0.759039345948903,-0.07533168902045227,0.06794409529252465,-1.745894444060987,-8.544714104389989,0.6045712616295642,-1.5907709956374665,3.937369305047811,-4.9731129955022295,0.9776155665410249,6.377557415726686,0.9929422520972893,-0.051415771697401746,1.9242567224318277,1.7030847535597402,-2.5293942743350706,1.088405190040572,4
-0.09700762964584372,2.197997323115918,-0.7143392557010619,2.4526739380925466,4.114148314942292,1.3836645172103057,1.9474874053421614,0.39241283299724117,-1.608616996212242,-3.1078198733279727,0.18197282293497494,-2.3597906072970094,-0.3189392057860262,-0.4200258258075925,3.3741337848421002,-0.07939059463446996,-1.5080349060611413,-0.11477166086883968,-2.480760889770999,1.2928012071283237,0
0.8085530787863773,1.432854953447849,0.16587204495657826,-2.144496294387612,0.1140687999170212,-0.7438161797125488,-0.5294123029024853,-1.792954778410225,1.8750111124426023,1.0185060511715454,0.7603080099234742,1.0729069619779426,4.268530287075893,2.192764390274009,0.30800476257388776,0.5654468687035565,2.047963788733819,-0.9539528999183187,-0.8393102464010178,0.192196245842446,1
-0.49503452343293,-2.4797720178641254,-2.8515696015755636,-2.309446624834961,1.521934912427551,-0.6796578943040206,-2.173079969825274,-2.3480236198459625,0.032862493262644565,1.138176954952262,-2.9110356804303312,0.3747686799096326,6.043983829566662,-0.507824234948683,0.958464234176521,0.9301670195944237,3.8252452455675736,-0.7986992657656182,-0.8210092122600718,1.6469954904838624,1
0.625776514830617,-2.44714556827886,1.5075683261064108,-0.7001536547769671,3.066368363848299,1.4537960520722502,-10.554048135003415,0.671961931587238,-5.05961020822113,-0.4003861099801894,-0.36437623734335817,-4.926358024884159,-9.22094835073578,0.8813708054421752,-1.17533736248211,1.3342470783676013,0.7759491765684805,1.895367654099805,0.5074605725917871,-3.4287663179581402,0
-0.24406221014771706,-1.4188199122784695,0.5453226904820867,2.772021436032824,-1.0003804349958936,0.5528898985721978,6.6981551876432315,-3.146194067139787,-0.5900860542825475,-1.5002230625315673,0.3488753015007177,2.172861977003181,-2.589709462221031,-1.4333412471798663,0.05559209500235707,-1.8173850820734123,-3.116297512020152,-0.9687919342053573,-1.659160084074715,-0.047162425334974056,1
0.7045463555711305,0.38235055020079856,-0.8253905248734381,1.2511893800280407,-1.8643850104854562,-0.22454590117932335,1.0264133635024866,2.1500928077392962,3.226283075543833,-1.4968634512594456,1.535469439011899,-0.8302436972320739,3.098534165429779,-0.03706738262923026,-2.1379283225902217,1.1137660228260275,2.703443431113703,-0.807005794321172,-0.45295224906247666,0.16822765354243363,1
0.8007031694608326,2.898541009983165,-0.4026922903712611,0.398116659157855,6.2046552477859995,0.06395899789624428,-4.64123300308836,2.009342524158601,-2.349139920839876,0.1326868549044997,-0.34885064337637606,-0.4317551155044417,0.39833175546719124,-1.1481696792357647,1.2735143101150261,1.1827520501779456,1.98017014180421,-4.186147504069675,0.47162239787252047,-0.3303707924638626,0
1.5555463071561142,4.566438396816361,-0.6815428125379706,0.9530363167739444,-0.1781546048863141,0.23583492080535307,-3.312458713458991,3.0566681940252804,1.7759601274128483,0.1701834391008173,0.04057053420014305,-4.6041724628379095,-0.795411747158958,1.7112333529689794,-0.24061496222017353,2.5369733193841504,-1.2088796666606434,0.7624667851941349,2.960310847804065,1.5706358513467835,0
-0.0541907880977308,1.5281805089290401,-0.4014761424044725,1.7541554797676526,2.686956280585735,0.11544848616950126,0.2635407840052943,-4.580386588868963,3.289608912629715,-1.0870345895422158,-3.745561435833618,-2.794289311633669,-4.287897583143626,-2.4708904272135963,-0.4720822314897195,-1.9882349710287561,1.7560654388875445,-0.39020826540860476,-1.1166273811852911,-3.799999338431924,2
-2.610904858735281,0.6378607005166836,-0.1353505045001786,0.1881727199049752,0.2038965686740523,1.224170042282331,1.9748964944976228,4.186282983145439,-1.1001176135718507,1.8177025739243113,2.325254464023253,0.22301722388558076,0.8438108615578224,1.382319679629524,-0.1989574495216072,-1.3957604587539496,0.2096238566252786,-0.07019313129802682,-0.7911972782223249,-1.6096118822010688,0
0.056367964366067586,-1.875305395228088,-0.23175177777439004,5.911959889044696,-3.1540077617850657,0.685785731916634,8.433660844126338,-2.5326411218155385,4.196148514488023,-1.0308327252272793,7.102206870488441,-0.6634391854552025,2.1786819063449094,2.268027634375837,-1.0856726380790278,-1.8942599142518275,0.13111720949201477,0.22701053246071756,-0.3045478825736265,-0.2770035036802585,2
0.23662352181409577,-0.3763887408267048,1.7385564985402957,1.9986640208113853,-3.6662401219688796,0.5903439118771275,-0.2524143306968408,-2.994651370157741,-0.8390078457234755,-0.20150889736848634,-2.234677882841593,-4.40507104169477,-9.797039953650255,1.0525457348645095,-3.314820097909419,-0.9390958469763231,-4.165504045244564,0.348985033294006,0.38908519268821007,0.29437095878059116,0
0.6410689223900254,0.3962557258484585,-0.5143292734480189,-0.7159192186132505,-1.7707265607016662,0.30258954523796966,-1.2581272500273886,-0.885534609071075,0.277831176698628,-1.1658650050848949,-2.460165674722033,-4.870661577321213,-2.979547920141235,2.126379792460547,-1.1905112437667813,0.8618194397582515,-0.6878333478590546,0.1613108202029236,-2.337538015085022,0.12995700498760165,4
1.4824136509407193,1.1589249763875131,1.0891489549492674,-2.7813631201163918,1.1101120423576702,0.1740227716243513,-5.5368339521783305,-1.271058420012742,0.32430034495650273,-0.782124078988419,1.4032369449256679,0.8096932486648067,-0.30784565744614933,2.596077734632963,-0.5092425918515542,1.3939857158950077,1.4882194628450596,1.1224997968594315,2.347736540415946,-2.7688851567245005,0
0.5565879997027249,-0.09563904022993741,1.6259295308962045,3.4228498431992684,3.340828446388807,-1.5742870306502652,-5.45108886416378,0.07626027064716712,-1.5439177233808195,-1.1573282690661557,1.496544071172965,-3.429917680296326,-6.8654071218545125,-2.219089246246572,1.1566983708052212,1.9819808491204352,-1.1774730612944635,0.5825559601380931,1.8388982030837533,-0.4687094007477721,0
-0.31675107498529675,-0.20967067036545806,-2.3280475511970002,2.029117121797429,-1.1286001699210995,2.9252803751484935,6.540404069528929,4.315165394996091,-0.6221907319385016,0.33765633805192874,-1.5949068791486076,-0.052423291633729496,0.17248180687818787,-1.6070868218790566,-0.5461805364669265,-3.8377491689907304,-1.5168706804141645,-1.9706028206796415,0.3670511309168629,-0.4564943294501411,3
0.4849441384748313,0.34340095466614895,-3.6474793686071725,2.5495976183946105,1.2284228081503348,1.4899263536002787,8.050972747116969,5.389092734527351,-0.982442355794054,0.6444252117298708,0.06586161200662799,2.641669479418054,6.048994685934873,-1.8277152567990984,0.20656610393096764,-3.7955297702447224,0.6981456628918217,-0.7537112540371185,0.37036616866952143,0.6308780363360913,3
-1.1126728800642849,-1.5621730184245348,1.9569473093929493,0.6475745012417531,-3.657376137096257,-0.06669275791000259,-1.4036310733707207,0.4654124941133517,1.2916642534070781,-0.7535686918035059,4.035692846595783,-2.1011148563552,-1.561872989228992,1.993322004820996,0.1343366741276395,1.7430445249213449,-1.5413362286607368,-0.21576139855213228,0.8624009919684317,1.265699448156027,4
0.5594637969363389,-1.0443873851270356,3.106932158297348,1.1623264377913578,2.83499507234207,-0.13508804104202363,-5.76835870687156,0.7642923154273469,-3.8501266845431514,0.6738336502899052,0.830543793247352,-1.0257986108399153,-5.244474280431696,-1.8725378817789,-0.10842772974898818,-0.13790208648227187,0.3969178204917376,-1.6645114078707999,0.06638408877803204,0.8134543027817527,1
0.5867633820969806,4.240906449624552,-2.360327308636088,-0.560492143963579,4.1410248225785455,-2.0232656429885068,1.3017162122671297,3.456165770271413,-0.20058796378207977,-0.47827330889867403,-4.620150084104104,2.4434134996207417,1.6334739384806758,-5.091674539334121,3.8024665910344932,1.9270351024175127,-2.234379108578782,0.45217863162031247,0.8632223869849678,0.3162989550928872,1
-0.08553661632496694,0.5159323051408574,1.7114385663519571,-0.7390958957855909,-7.7203602100846505,2.1291239025104995,2.075756179170408,0.3831619618458151,-0.18199656797866637,2.281228091401298,-2.10270852644402,-3.106572569337316,-5.540526062652627,3.627014770599934,-2.9038800012038237,-4.277282177903857,-5.737298409934409,-1.087799072413326,3.80080134962928,2.78116161910936,2
1.0259342072505657,1.326638906790588,-0.06404020056235804,-1.128241075736819,0.19829501909654557,-0.5046922153433838,-0.5032090505583305,-2.8965201969563386,0.14291548319508163,-1.077288676265129,-0.32057072301972256,0.8459588058811581,2.0041741268209115,1.6694479526501116,1.4713268557799726,0.471928425759213,-1.3983702056251004,1.9446671217525004,1.848026508985414,2.1990569323843827,1
-0.6935712455901809,2.4112765129030254,-0.1127927415577874,-1.737025806611436,0.30851269922573876,-0.7976870582806972,-2.912875594681041,-1.12598738950821,0.8551134897891348,-0.7172704742282623,-4.3097622644286835,-1.0388187948270433,-1.6668802901064816,-1.0914348845000232,-0.9213909385653506,2.4344756728105788,0.0588823396197371,2.203790836770964,-1.0231638749158356,0.2499216252209968,0
-1.92899405301583,2.538532288404638,0.6532084502669862,-1.1076071400177279,2.371502081112221,-0.96746112160168,-4.4522821517843765,4.1183678912136505,-3.7617183359911963,0.8746674972771028,-2.164878285663382,1.0054414554039939,-1.7036688030768548,-1.6849015810452108,-1.7355622815250868,2.8301992700576104,0.2582262798265582,-0.1335896669003642,-0.9583946584521246,0.9409268979681369,0
0.011347476975799456,0.2767415908053237,2.5377028857527026,-0.6317449522653191,-0.33689104440282225,0.15862203371208602,1.2902275497222935,-5.379037678119763,3.240812458130952,1.1075141808280866,-1.1764596113985877,-2.0331554182227793,-3.4931826233312018,0.2141645296017387,2.235237189022369,-4.511017093062559,-0.5732149880725343,-0.9132577751843082,-0.8870194802581934,-1.8123648611914627,2
-0.08422642962581192,6.589409539940926,-2.822509294648427,1.5762656280977998,2.3537890596701914,1.6214083503306145,9.374667108672115,1.3452885834237853,0.07830696219756883,-0.825348106071837,-6.383153785652803,2.8941636224957117,-0.2917461273523949,-3.718757350611446,1.6447493715072543,-3.0894268870108874,-5.203290891879435,0.33534585725677746,0.8471943508808478,0.09116609174825085,1
-0.9022359383528566,0.1869586562443335,-0.5548661600547071,0.2849039680573766,-3.2307254217305337,0.9865268699191256,3.288242148967171,7.308620430531874,0.9585938058265362,1.225376324675364,-3.13803448175026,-1.2649167921789437,-2.4733027283430946,-4.236445949422199,-1.31564471047066,0.6615439833000316,-1.178151946282706,-0.7940046546843985,-3.35702307842409,-0.6453370145357371,2
0.8285327771235158,-3.6618824482435643,2.167304659524209,1.3984791586268934,-1.0059755998467093,1.4964560593725689,-7.8191414488202815,-1.2995122739762848,-2.1743940249273717,0.05740397701931097,1.9241169452292382,-1.6457572155087083,-5.45809492307502,-1.18308236154637,-1.0553967577076624,4.994221856292563,-1.1396085109024812,0.12618315725359716,2.3368336445456057,2.214627320648559,3
0.40980504680096347,2.591454811576651,0.49674912502114055,0.6392845529490812,0.6134321031632848,2.097642321240189,0.4383872147335974,2.058766317191685,-0.15988927347906112,-1.7156633468929383,-1.19636040349274,0.21672377908160367,-1.3396277112690522,-1.2279205396324187,-1.2848209343712473,-0.31803342947841406,-0.19798364383951084,1.0650855965154253,-0.30802612262941764,-0.05414978217999167,0
1.3290786739890195,3.0101359089027513,0.5657728527094106,8.709275515715275,5.511154852117813,-1.131478763875061,10.217787477960119,6.927214589630441,-3.1234091651487037,-0.6178737764221163,6.755490498074273,0.6051900723451811,-3.566290127430154,-2.500940029196072,3.709528085875273,-5.231953451518843,-4.446587817375175,1.0311561801619373,-0.0919247273761854,-2.336831863869378,3
0.15743134318654015,0.8835276851318624,1.02137857470685,-2.352965768222428,0.7061213690776853,-0.7562914342697644,-5.128689859860366,-0.009841855510721143,-1.1819813232837708,0.18890857031471914,-0.8178213769172178,-1.0836337282492807,-0.8263312804352989,0.6468947845492574,1.8348475744557446,2.6781263676965397,-1.1025812684305216,-0.12316294932748702,0.45819070186802546,1.7038767059435966,1
-1.246686493870209,2.0718331124952822,0.8331487685615601,0.4195157005364746,-0.9512384122278971,0.6834124021554576,2.870929426502365,-1.3131069259075234,-0.5190390410909957,-0.8968704070036753,-2.42487812852072,0.9997458484281121,1.943531442926976,-0.2535548721653861,-1.8179522283687746,-1.7799036214304393,-0.014322265693158864,-0.6436474302394887,-2.0042100287706224,4.7006561624517165,0
-1.05101794475283,1.1494074506633047,1.4997474189321405,1.2253464007064927,3.3707923749104594,-1.1391807645224268,0.8634742304505907,-3.5853820173645765,-4.691694140128899,-0.14762841804836316,-6.931061090418438,-1.5613798093670415,-6.737773288198107,-3.867487758285499,1.2574412310533134,-2.3245315876940573,-3.3148531532683365,1.4033648833051102,-4.304324991154436,3.489023141736865,3
-0.14884086876884484,0.5200251704498489,4.066701816519251,2.6856389673548904,3.9395448718770174,-0.31676822947221095,-6.394646303106641,-0.6643807146101941,-1.921010032244095,-2.088554252663557,4.5913147423873255,-0.18908426496730835,-2.4246732483543263,-1.6021764476005875,1.132457246051875,3.504234514945396,1.00247415977429,0.20150045214798828,-0.44321898810201976,2.630850329037089,1
0.9367472394406718,0.13121360520790182,2.289707543700727,4.328744684407499,1.327714617096895,0.13116220120918692,-2.96616387392999,2.267999209939912,-1.9533015307604003,-0.7562534811269974,2.314749349709752,-2.916029389806131,-6.822512039701576,-1.9174521349185591,-1.1398882630835359,0.9127610342007089,-1.2098550880263597,0.14561613876517723,0.7254777020018148,0.399305632497869,1
1.5784664170866447,0.16340908115385777,-1.4696751727366428,3.1902568694483713,-0.6417847071951978,-0.9709685208433789,4.75362250149917,0.5323997970110248,1.032651352074245,-0.15370112903848923,4.367235951035113,0.18319840549611044,4.272704519232485,2.7176402677557068,-2.154986669427829,-0.6705596983169444,1.8373004412547798,-0.12520761302005065,-0.7019587358777732,0.20952594485167797,1
-0.6242136754840819,0.8327234160744796,1.5002975101730962,1.7322387962394155,-3.168495178554742,1.0872844175987442,3.0803267137236308,1.6922790251025857,0.08455911398743554,-1.5350383930428158,-1.8921423037530278,-3.086452509395256,-7.151021255018904,0.16899069284117152,-5.6294403824793555,-2.8060382938998747,-0.10838492077218476,1.073139315817288,-4.09281537686012,-2.7321869654253814,3
1.1599493287038318,-0.3774025818374973,1.7353620478993168,1.1066605971083674,-8.95377704538577,0.8240228460368418,7.424174986851116,2.800119380342587,0.7327604907504413,1.1793376583769277,0.2809279022918086,-2.5287574152606895,-3.342863359424267,2.7266363657520927,-3.34289280990235,-3.8912491630272963,-4.670738485792777,0.7906286167024941,-1.4212212901440093,2.8315988643628307,2
-1.2206214312419663,3.65720105822552,-0.6653164808699452,-1.2791359599804322,5.512652597673339,0.7037670498555233,-3.4226717113561063,-0.8549593340880695,-3.3843792224918787,1.1223241831999562,-6.578025365984387,-0.2548877528578942,-1.3457974894863312,-2.367281589334596,0.5184031860032718,-0.47986504941179975,0.4436964483453911,0.38313280947275175,-0.910992149324169,1.493981442864892,0
-0.07674173081273157,0.7075003482831284,1.5448311540798254,5.0718890799702,0.9544024811230721,0.4952905553873956,-3.0997858194756227,-0.704849738784719,-0.9780338716774298,-0.567828761418755,3.3155755047026454,-1.7444027411549579,-5.685711448553846,-0.3375945019106188,-2.75719686540692,2.1779579197290246,-1.1196821190475175,-0.28853410918447614,3.207938173064275,0.474126506727361,0
-0.339220291345426,-1.8787333297411717,0.17883588572464648,0.11310636651374562,-1.2523686852488016,-0.4889923835576295,0.21235076957651888,2.8075641781124325,-0.8163044367341133,1.443196986880234,3.5829482543564084,2.4039784163599562,-1.271803892054273,0.1187912550352419,-0.14237789613530716,1.6484888955761834,-1.4936668766615302,0.3269740849523433,1.9191599546756102,-2.891916192608508,0
-1.1037256338910586,-1.4013351121092448,1.244821103305009,2.7391096812154627,1.3599845269332858,-2.840842536862366,-3.1720741757200197,-0.003380182705508772,1.3636742965075728,0.8817259407278182,3.16177284164027,-3.9167745087184,-3.6093228612689874,0.3680131507797212,-1.9814792490924305,-1.3175447754094485,3.843843415516692,0.8809830402409967,-0.31567653602353185,-3.624398254979355,0
1.350454021628495,-0.9971025823023038,0.11545304588488492,1.4337041247962223,0.3733211906288036,-0.09541945191233488,0.7656390919679461,2.5743505032909133,-0.5075195656794629,-0.7710094536636743,5.1118938644699785,1.0587640926758715,2.6531188364331215,0.9144931857133536,0.08365591859554278,2.2821095372723996,1.2386957039891953,1.546707950244519,-1.6268747400933927,-0.24566340562018174,3
0.042828120379757376,2.8618303228721356,-0.47524678737196546,-1.6423915459454141,-0.32854761857819037,0.09777267542037003,1.4082774397282753,-0.005196018108870382,-0.2825091249347129,-0.792905524640608,-4.673899298855427,0.5968993995609282,0.4280838792912071,-0.4503600412499903,-1.5975557724861962,-0.7553492230877862,-0.24781752380827005,-0.16157311719889997,-1.7575203615330004,1.25800881410122,0
-0.7901158596756475,2.3653648717350584,2.043775837198094,0.2535429162114826,0.7273730433273701,-1.191571065742508,-2.6654460742859754,-0.525443751303468,-2.735309884137516,-0.30802836026502434,-1.594047494324359,3.532623969761047,-5.507343816128588,-1.3720005703099565,-4.139376716702017,0.7040031891490386,-1.5749156454341229,-0.06725833936090489,2.750214148783005,-0.9845901247453799,4
-0.7536024526934025,-0.3097736061271399,0.9033983931684884,-0.25629199057229335,-3.0253307900428545,0.3130856139400979,-0.7210724978783943,-0.5251578893912288,1.6093797176240479,2.370068975660139,0.01060921822915413,-1.0019396145127395,-0.8587996979204204,0.7149583924118623,-1.849124082112514,0.45915540114535225,0.0474538685227901,-0.25574066155969577,0.33742022659277593,0.815345676905305,0
-1.519099722665058,-1.2530279881129194,0.2273659060910893,0.6194189583019614,-3.2973254947296846,0.8875284721626011,1.8540962208275402,-3.425124758947754,-0.2606147007294707,0.11529017698344701,-4.727810114330561,-3.69079459857526,-4.628548630853549,-0.44115393117004786,-1.1303890599968045,-1.4302090088474686,-2.808259499084776,-0.6570561973455599,-2.1165173423403547,2.9243359524844856,0
0.9206716089058178,-1.1925054096476315,-4.01546716287453,-1.538565641610258,-3.7849852824543904,-0.5610128470480462,0.4425392430375067,0.6173980577720124,-1.1758096956083355,-0.29269739855589355,-8.03227577008092,-4.619317071964826,-1.4971190263777465,0.3622041052611864,-1.5397975272758202,-1.1517905317486101,-2.639307377318771,0.31547494971059764,1.5089686997691212,2.8975328691355275,2
0.39542376259930456,3.8738003354416217,-1.8695797327282473,1.5455409663763957,-5.756517838081421,0.30935116945935026,9.237025305409336,4.805870371891906,1.489683676766691,0.1429518765536459,-0.6423336245981195,-5.542886057174868,-2.0805218007150423,4.22238428643305,0.2656787609872513,-2.2691523272184853,-6.945311337650637,1.4727324645227837,-1.1318501229180713,1.191130155186084,2
0.015948656754374776,2.6933226552750087,-1.8510079362390668,0.5591965266065532,0.6786002199745057,1.1000499416430207,6.227355018383613,-0.5100222525744187,0.4534742231064388,-0.6204495134054141,0.16636821862925005,-0.4846905265877417,1.3515191176656958,2.6905015950319013,1.8180424432592233,-2.1218443363959136,-2.4626350884058064,-0.3568305391471209,-1.050712409960371,-1.3175645704489356,3
-0.18628380605511963,1.2725575508506675,0.9407684576099895,1.5667394430291712,-1.4735664268303459,-0.6932099502905759,1.819181362877401,0.8140204741126054,1.3174205981610114,-1.669978677239326,3.3455545310261723,1.4331420218958073,2.7813074942642113,1.5041705774910552,-2.642249190613337,-0.42332253936903763,1.5562054777746783,0.027396935208962147,0.4363581906518751,1.228938143077789,1
-0.1527913390166114,0.3900886508474418,-1.6971668825499893,0.20840313432982438,-1.5907167575508248,1.7151111167020967,8.34869460457508,0.6377365249714011,0.6699341345512118,0.2947669488713626,-1.5125169372615768,0.9753031466958972,2.611726358698933,0.3904681828139238,-0.22835900498556427,-3.36412566300737,-0.61633589562225,-1.672731364163467,-3.5176952481555297,-0.40490388264524024,0
0.4260882085859518,2.54529905212722,-1.233013851519031,-0.0625565442290128,-1.4804578883793649,0.8328477093089578,5.3587541907219975,3.6005931199131527,-0.9211045845748596,-0.056251803149435536,-0.8624397299583776,-1.2268586501522278,0.8909701379024899,2.372198402586155,-0.1554105768347479,-2.8149388032248606,-2.3595061063406506,0.6833095066509058,-1.254929911549778,0.6017548248028015,0
-1.314050728080934,0.8142512864415536,1.8922140351634633,3.2669246590904764,5.03735486762025,-1.6746662182135001,-2.5211828610043105,0.8243094178933168,-4.686817566316623,0.30908599397407993,-4.555663534889808,-1.975775548562353,-10.072597501107591,-5.955729650391543,-0.13009215841954114,-2.4098398539473767,-1.7122190163161495,0.7367618898729666,-0.7954515983267977,-0.41514684114083633,2
0.427184975711258,-0.23170332741791722,0.2678299992117128,1.0196368538301346,-2.35860827639564,-1.4335448888846196,6.124886697622703,2.9096330389850187,-1.4761121601697862,1.0143670202644877,-1.238345120976871,1.5054347346348989,1.4677808144845577,-0.358784657482074,-3.2698884999681193,-5.9346724933566835,0.7349671126712993,-0.38940565674387106,-1.5698410196467951,1.8675795145058987,0
-0.007258642651445,-1.8801422068045999,0.38946720932482093,-3.1182089443814407,-1.922141582645249,-0.03273083784539564,-4.848598824507954,-3.9963234444906064,-1.3670231748460948,-0.933778613392027,-7.040844362769059,-3.056703329410902,-5.2446843738307445,-0.10101421637067842,-3.167921551939506,-0.23244335215801248,0.642542082585817,-1.0673697513385594,-1.8612551047177206,0.33171037442612206,4
-1.06694935411745,-1.9700907001595418,0.922377937941278,0.2649845085029817,-1.1079320722661234,-1.175425725734763,7.933874454395846,0.30629070362737787,-1.3141703260562236,-0.43861978851235134,2.690366197251868,4.783938267797265,-0.3494819839720654,-0.8136546773580138,2.2203351548226937,-1.0739859414780148,-3.429560789552605,-0.27518787865992245,-3.578438094983459,-2.1436653157691814,2
1.2122348658523052,-1.4128750300210289,0.7267872759134977,0.7560917009232351,-5.400962348465578,0.4267154554619904,4.199556681033847,1.2175552561256193,-0.028180183532482417,0.22555047777826176,2.252707839479497,0.49764340919041894,0.6881608983340027,2.248322570200927,-0.8844601718955046,-2.4505719725641875,-3.2289745902945697,0.4662657173109116,2.4908597057899073,3.0767484196468757,2
-1.2087724589036493,-0.8326161765704889,-0.776707813838871,-3.1003133057704355,0.2746463440925939,2.9021706348036407,-5.513419251023884,-1.450788997164791,0.3222326324693767,-0.798447225501649,1.365792354373583,3.1668024399435426,2.7386970418623533,1.9929360022669749,-2.201287146719709,4.026393442930544,3.0348523914558747,-0.4399539922210124,2.4832700128105025,-2.7102394078920935,0
0.3715885500687872,-0.24949223075761306,-1.1011983651464676,3.630665048252186,5.747164857180511,1.270642512988917,-3.1884584978095196,3.027960708553944,-1.4395494330444016,-0.7174903668776307,3.7657858465564065,0.34585467845311757,0.18435442762636167,-2.878661429847882,1.2368343560397073,3.619484071118192,2.23609733182398,-1.1641268684493562,0.8769739511062334,-1.9967213103663184,1
-0.5737066866414319,0.4753563137651421,0.982338230765048,1.99349901541449,0.3286327618660151,-0.4028484823351776,-1.9154986335255355,-2.4682212061066,0.8008397559729197,-0.1443387265198116,-2.457869839455345,-3.5085289986764936,-8.075191315881558,-2.11114915915641,0.27196933333854045,-0.24922560924009152,-2.7925142858177567,-0.18640835188905627,1.799752842441016,-1.3766969411669925,0
0.28655225150242536,0.5613146541546415,-0.39700708283426256,1.502100261220811,-1.1213771696878077,-0.6566765335127531,1.1876616931165742,-1.3375202470246927,0.4407072000523585,-0.8104845940796114,-1.6739494447494048,-0.6549489537641677,-5.03141323561224,-0.6728985219222234,-3.0821672539914196,1.3612126355916505,-1.3923437192595451,-0.8357772144592014,-0.7073973534847564,-2.550997493253969,1
-0.46613051643330117,-0.886572493404366,-0.5033090765367978,-3.483955599911954,-5.055308886097897,-2.029021505071113,-0.7471175830363924,-1.7699692377207876,1.9835331305874018,0.700767326137413,-3.3029321278304073,1.662322811468333,-1.070854067333223,0.6755692770693675,-3.7010701486071564,2.1693290917950008,-0.4637902700991431,1.2384263227107626,0.6747546408179435,-1.6356838680372765,0
1.4071139586739796,3.1656432629450952,-0.05752425732220523,2.1962895174870143,-1.62521015474946,0.7167116015358904,8.163645678569672,-3.0148396022246073,3.4927732247605645,0.77330587312418,4.032935202098828,1.1497795773341557,3.839012768456693,3.263720529885825,2.540964891321389,-0.8261355518809836,-3.5487603225913853,0.29508351224696616,0.3374816991527222,1.751330559575425,1
0.2865600696269515,0.981936218155749,1.5424486378995113,-3.0334954670182017,-1.0083550022935335,-0.15228111444270692,-2.652765078324793,-0.17823725015479308,1.0278370977747024,0.12665903155703578,-0.6421031593580337,1.2632734536661325,1.97370941994276,0.0646055829567993,0.564499996931927,1.9830520575614319,0.6327234910308859,-0.78799791025996,-0.9129937854109771,1.6363770038203829,1
-0.25857520707082055,-0.32836677939692316,1.7369678722821709,1.5116903082529345,-2.7185342896404276,-0.24527466876541776,-0.23192914180133595,-0.589203756856225,0.65309684832664,-0.16405720820950548,5.624839694269577,1.7037779263040322,-0.9873000501252598,2.751926517584118,-2.1196910364047024,1.682984250090506,-1.410395520185387,-0.23142383577160672,3.2656610767069814,-0.4191557265950482,0
-1.3308567296820417,0.31590286216035524,-3.7032524496044172,1.4686010993338616,2.1948334038679844,0.8716144095407541,0.8497113403061406,-0.4632257557215419,-0.014284650859521353,-0.16834016799152837,-0.28336874390492667,1.315324852129689,2.0465578412378944,-0.666602179398537,-0.2872936865357615,3.3244002440028413,0.18023420737358065,-1.0012791447798006,1.4411712336364482,-1.5657176462420028,1
-0.368580588740128,1.2206406191167416,-2.385689450023376,-1.6774145589605083,1.1476174873820126,0.7732002167157405,1.2289029957555384,-0.19275982106959233,3.8647805716945993,0.21702392733453021,0.9799206921563361,2.1000023187227077,7.916410129032336,0.4228407546332077,1.6494199460690648,2.22459172080997,3.3154885477524876,0.5278150759262772,-0.7268424919463694,-1.2251079663690123,1
0.7307143080996454,1.2304701945044807,1.0397448073700013,0.4832538284770177,3.635062961340345,1.9192163961170259,-5.020836686158187,0.04115356754047694,-1.713606201918099,-0.3879019135131578,-4.7428929932009725,-0.5593873528263014,-6.687514718665303,-4.93941045710303,-1.4201059194540686,0.726938445923329,0.6852477884939479,0.9771223084965038,-0.06515531150716514,-1.8338965980225757,0
-0.6568290138741234,0.4325551070560033,3.711482073551564,2.361545437742903,-0.12473889470808841,0.9480954743518956,-1.6331621081378473,1.1705468729782655,-1.2408393074924509,-0.11165347651596347,4.486254123811171,-2.3037679769280555,-6.766994060810366,0.1846069903992571,1.7743344495227293,2.8572719485592706,-3.956837222629416,0.7471471494865899,-1.5299363992044985,0.03549682755656414,0
1.0811274741199504,-1.9197097573444428,0.9892064346896678,0.7353835925719757,-0.11083056470012878,-1.3703374640003054,-2.5156821964644474,0.44583331726998077,-1.1697111477275508,0.20512930073540334,3.3265060754019014,1.08284001253989,-1.4543231984841263,0.14685193767120097,-0.3034738570598814,2.016893370291716,-0.34215830099398215,-0.08092556095859624,1.788997377529869,-0.7134499406678116,0
2.9616599485933954,1.0954025204112692,-1.157591774360009,0.42115778945078786,3.436999617430769,1.9867104155026418,-6.853963548339703,5.017252459496673,-1.9520897481958235,0.6231784864309536,-3.2257842956438214,-3.7005008935164776,-5.529324536661118,-3.4867724403261766,1.1426903347815436,1.6571932070469297,-0.8724369001782505,0.44099268813815407,3.6712546632080922,-1.702707618764519,1
-1.258810840683061,1.3253231372654157,-1.4777746425280944,-0.7988211159609415,3.681734134578999,1.7633369899803617,0.6821937871738318,-1.5209362073845205,-1.7182902006798495,0.7794480141929058,-4.991285106953914,-0.23171687478844405,0.2650153766981225,-1.8420563437695292,1.214539457055484,-1.1715374745428768,0.641832257942373,-0.1101505371701627,-2.906009140007928,0.266560706013949,0
0.3334495558690443,1.1885579011032286,-1.0641133742968367,0.5797110551037804,-0.25207552912573483,-0.31285131544667605,4.839334623411955,-0.020651748818664162,-0.6759985328299161,1.0600694564932502,-1.7399068546519443,2.355957735208293,-2.148734032900392,-0.47355930224890597,-1.946738843985175,-1.4599905486649287,-1.8041247786764503,-0.8671434058459958,-0.477822789686027,-3.001952337091805,0
0.08029422826362541,3.452088660091804,-0.11721818270554851,-0.8286795883525144,3.7300429532818318,-1.55609957693395,-3.669994967457607,1.9432042890881513,-2.4210710788751415,1.7851597363433906,-3.357546581166856,1.1952937572477529,1.7859516418143655,-1.4312763313507175,-2.1737149659076613,-0.3988553241322932,2.9911247565673116,0.632818165736924,0.23373352077356313,1.9526954943002757,0
0.1343635064545121,1.742168014646762,3.17565514734854,-1.623293773596958,0.9557013073772815,0.2505400794895282,-1.7002169284580384,-2.8761614326658593,1.52184788310561,-1.2833605226697762,-4.191545293394622,-3.556442428307891,-9.22974226491977,-0.5477692776581082,-0.44777735000300734,-5.949740047921116,0.1850329911870603,-1.1478384421673662,-1.3831157279534094,-5.707942489943496,2
1.9235822628018042,2.4053275313894877,1.1754412783260837,0.044025892597720384,0.04675603195969067,0.10830063603608439,3.1709184876998555,1.3682855789097736,-0.7653516306852673,0.30233868915390005,-0.7326263781640552,-0.23030831865892132,-1.0447525332557657,0.5994317859327027,-0.5883440531125321,-2.6234352296754837,-0.6649263492717465,0.9318718717778929,-2.960586895196741,0.028768456558671218,4
0.13915457253405666,0.1293288884730347,0.9012553398322465,1.8271974499414427,4.166366038764165,1.7136914186432557,-4.2087234466346395,0.2247771669163281,-0.18868282836476402,2.318724827479106,2.7169877458740808,-1.1663773477571544,0.031314282012197034,-1.6404240690920049,0.6214095235018411,4.379006705682206,3.371682596830642,-0.016648696511257933,-3.5770079885546395,-0.4573797579440618,0
0.5053370849016985,-1.140869782021959,3.2535923539490907,-0.6201335511526627,-0.7857789644422221,0.34686496636656666,-11.15834714706148,0.9455492444079056,-2.1838973317582075,0.5167290191258025,3.7326065624147784,-0.4238376252216398,-2.6254588860920984,1.39699682173323,-3.6396977203185434,5.995742905302755,1.9242120688244788,0.188933410314267,2.4145101292655755,1.9321569232571614,0
2.1166786312738624,-1.2121050947516423,-2.6910281502297595,-1.3995378583563354,1.7299741752344568,0.07367980926494352,-2.1427857713087763,3.433591404752261,0.5276020215004119,1.7575048817717762,-0.010237786472622499,1.9042240219288449,4.748541652415301,-2.7645233343478743,3.33286401764312,3.8887309524212093,0.8265035420050242,0.9733744493865836,1.93865162091338,-0.16283246852860356,1
-0.1232590308390174,4.121468175850078,-1.9778172530733555,-0.5876451874375068,2.8310276420258327,0.21701930279615766,3.519112771187229,0.9957581451492769,-0.7608917666254249,-0.8778366204040161,-2.8468864575606165,2.457683836181197,6.21489941386785,0.010560167712707624,-0.635723098569831,-1.927236003999047,2.0580484440531364,-0.77362792784181,-1.7214897317608142,2.066741632574212,0
0.9086104388939842,2.9860204936600887,-2.9265931029541457,0.6938882954229626,3.4149122866798542,1.0077514327468389,-2.24933405788469,2.07348280656627,0.7017276913184549,0.38057151387629246,-3.9647454096565524,0.39247448019654796,1.7038751123394296,-4.268825597266341,1.1040221414140199,3.31493882563562,0.15115336881181252,-0.7160910705966865,2.7903526160258503,1.086616433125293,1
-1.960049982741037,2.353256006019564,0.40930980120331895,-0.4211035519598194,2.0545434385002506,0.2430810326713741,0.4685749979224013,-1.6336637033070964,-2.971918320334291,0.30608571142441643,-5.208400122256362,-1.3008606532001177,-2.917907106747628,-1.1757819740804005,0.909742902640519,-1.0779413654629149,-2.350388054884872,1.107993307288569,-2.9459207413537927,2.772802176299808,0
-0.03721385637361559,-2.273436232562462,-0.9299610519092159,1.296911370256519,0.8648071212885027,-0.22253288266768662,5.401426252673326,0.015836162898606787,-2.634454142214809,0.6666030957228817,0.3982925689039874,0.31838882696821447,-1.4728556421825094,0.7624683237822494,-0.7983143257966665,-4.0754957418969635,0.21430828857803252,-0.056141789286628364,-3.460720279766511,-3.1822927307491597,3
-0.2233641605355503,2.0946378410616076,-0.5157730961227751,0.4197344129316687,0.7236925240121431,-0.5727253468927105,1.0905945487443027,1.8640874745407339,-0.5273547441481741,0.6652590267467294,-1.566877128170574,-1.256723276588133,-1.3502092220674662,-0.2288732741100442,-0.08334819149656014,-0.757540407375362,-0.9833119582308439,1.2558364254759533,-0.5718953506718317,-0.30445262684174956,0
-1.276057323039128,1.4046465338739824,1.5246502716864079,1.4912248197594087,4.029597965515801,0.3848444928929182,-0.3226042282205609,-3.262716625534998,1.0695482315463294,1.912618558478195,3.1124582881932015,-0.8241217092821304,-3.963517230391713,0.717538401192497,2.469793202466001,-0.33116214314959236,-0.25947603787572393,-0.1327207504204727,-0.8462857480276682,-5.106708120856454,0
-0.3786625412493349,-1.9292353388519974,-1.7506194339939969,1.199225717795108,-4.061225646998583,-1.0524906209714426,5.13078372373719,3.9819395917509253,3.525363695419823,1.2188654505852268,2.2589529953794774,0.9077916121497405,3.7185429638645235,-1.430722030484676,-0.6811240220989387,2.1677844419049097,0.598776306455014,-1.2786123247095869,-1.742734050567662,-0.638075999135276,0
-0.6539154159094946,1.4302439365150614,-2.6904522768426613,0.6216595311489299,2.1458534776273948,-0.6631003634534273,2.5437576070772008,-0.3473919817673049,-0.48922798733565753,1.3359699903868376,-0.23576447717442864,3.2002619984300686,2.1383315166883925,-0.12135746104348599,-1.2517471083647709,2.045442190567317,0.4072953614789545,-0.854637991514105,-0.1637159854103607,-2.4610548311920155,0
-0.38330607423433033,1.670164748160262,-3.1407988050464164,-0.033084274297051186,3.871982567019203,0.295722293378892,3.027266023705169,-4.4583920197193265,0.365006764549774,-1.9300567298402869,1.6131080780808518,3.215223534026048,5.096728844061492,2.6210910037188078,2.8741357108486194,0.7186285206753157,-0.5587739221980297,-0.525032558008852,2.0461259741265936,-1.9956644080186807,1
0.8197859353214116,0.8500074601821116,-2.367848829517166,1.6367124755283617,2.1995874309055417,-0.4757949706392276,3.3618831438753243,-3.4958407892900625,3.9199530610137927,-1.7626082143192456,4.9925234525048845,0.738727140506309,4.997806807285915,3.0025318316437404,2.2997731599587135,1.2206058763838321,1.4364266903661753,0.3310082345309589,0.8038247191666231,-3.5948197564665074,1
-0.467204996269618,0.330351242814943,1.5384366479482794,-1.5939656119190824,-0.8415555899583328,0.7752462547898445,-0.5091081644954845,-2.6558538751784915,0.0737394720958866,1.4070578975471166,-2.3930270694994396,1.1824313631925318,-0.4604645303512334,-0.9060948545655504,-0.8690728898739968,1.1050228202261927,0.2195243406080818,-1.2852851112428745,-3.0455311951815363,1.6429699630592602,0
0.07592102322836977,1.211149220933347,1.1523575167818108,-1.691152945530821,2.2866745459964775,0.32241185540952305,-1.8920584279167014,0.484712131791728,0.928046834710631,-1.513850022601458,-1.0256969557850177,-4.559811669003741,-1.7522497201685885,0.9361947783125618,3.2630221130844084,-3.37551145661992,1.2512527962349211,-0.03335308290967354,-2.3705414925238637,-2.0854063765589332,2
0.3079776458721335,0.23996979712992195,-0.587933531650229,2.663058707901273,2.778086624814894,0.8049648975333104,-0.8815845476463906,3.307854477342542,1.402679409592123,0.02068051074980081,1.0780639691015672,-2.5453751988882196,-1.38993184283253,-2.7422875890767617,0.6714264102558005,0.006856288181311676,2.304641283533438,-1.5662376798050242,-0.5468929190324043,-2.738055964210845,3
-0.8019349237743483,4.06292683934225,1.305169398476549,0.39738942408479694,6.519670229188263,-0.018143730353910207,-8.43631350031671,4.3521642949904855,-1.068108884403838,0.04325524019173205,-2.7857411399948067,-0.9337095912351593,-3.1726924662933205,-5.862516632184276,0.9684008843501388,3.1058972883580904,2.303108565662765,0.1807111559457698,0.6650372431753164,-0.3238787387767408,0
0.8006813556621357,2.380164252100779,-2.0060460786688807,-0.2345762840667106,0.693999362306596,0.027898314691621882,4.693934907045169,-2.0711730864108535,2.370990529010628,-0.5229912736219701,0.37291744830752377,3.045026619225634,6.341248070000449,0.4203479544174322,2.4846070105698974,1.9491761327665267,-0.8647496727023413,-1.3051139866980248,-0.5573478383906301,1.387058537319247,1
0.08311901632819285,3.6320831565040335,-2.2131806953466593,-1.337196984507028,3.6683102398426457,1.8765934667887985,0.8674164718271798,0.3907574416233397,-1.1611278234306905,0.8235512859379315,-5.574616074116117,2.003394527275368,3.7533908055975718,-1.6430576709114875,-1.313787839016088,-1.6728917142700763,2.643296129872964,0.5475460900496965,-1.210507407154674,0.7631591297121614,0
-0.279567679384274,4.934717163062513,-3.916533013508472,1.9591587283914111,8.736641552720027,0.22856341611404213,3.774039116571881,3.836990401442556,-1.5794359794924366,-0.36003001628682274,-2.8557008247409312,3.032643806063495,0.600342609315282,-4.42208362778472,2.784551843813077,-1.7323388193078912,-0.12382926510270542,-0.5101032198471679,1.296003965923226,-5.366685047648066,1
-0.8207418637012132,2.457546416281409,-0.3249841170729244,-1.8292182808635071,5.982068497785189,-0.4198477150729877,-6.068887949564444,3.213389456707459,-0.6098780692850652,0.7097010363359505,-1.0378718402973235,0.6170987790324147,-1.4547507487834512,-2.5553032717571025,2.2503506274356573,1.6141146213155306,1.9585551472429361,-0.5486904097999161,1.6602585685247564,-4.900960752610123,0
-0.05183856397937658,3.583857713249956,1.7890111167142613,6.092942436736894,3.386743556673761,-1.3104990159324559,-0.1210295479036201,-0.708122028195544,-0.5726577626300201,1.0954362826790291,1.2473999828598739,-3.7902128872803464,-8.74987249099245,-1.4635393658088798,0.32291831995817843,-1.5670151672976163,-3.527204372405675,1.4681062680661983,2.8038518125953393,-0.7678890969657461,4
-0.9507134406745065,-1.357679466912777,-1.3666474384405287,-2.4990189949978237,-1.8723114315996758,0.7757723996009324,0.08375552702200607,0.6683743987017977,0.9856763672711089,0.5146363240666902,-3.754742593420743,2.238523996369399,-0.03345960099757134,-3.2722466722383277,0.4090043860940622,3.1646738880333913,-1.1448318174505718,0.5362189251831837,-0.5426643334574719,-0.9307626678975651,0
-1.9271954372584592,3.527569687440288,0.9155005213726493,0.7602010354892257,-0.48592113184699764,-0.030687619384100955,-0.0032267967464484383,0.4384009606677651,2.022041898165745,0.586023744055136,1.995808700517968,1.7923711891972092,-0.10699267506312928,0.519580134622939,-1.2036537805790528,2.0193386502808948,-1.0483021725509398,-0.7806376224372594,2.479097276335097,-0.5473387657862249,0
-1.782619943232722,1.2823551697313782,1.8223887239101488,-1.3086695262956898,-2.0875006525808635,0.024644922194102893,-1.176058326193797,0.9777798058525068,-2.3420655895918214,-0.33110235489488604,-6.864404773591305,0.024048687404452318,-5.350025798988852,-2.5756191443986607,-4.672956164514792,-2.8092041941870978,-0.6725853681591707,-0.8746075882550929,-0.7224682925420787,1.8991517115351493,0
-0.36207734255891316,-0.5381020690836613,3.5492154781480694,-1.8173521234008478,-1.531669286002256,1.1123510774232184,-8.73722346761574,-2.8157013623106946,0.7961194961781297,-0.5064881748116418,1.7650857122568728,-2.5358153127075846,-5.559680253263508,2.730904162119037,-1.6736618488928245,1.2203587546157368,0.4287939417433284,0.2596361653183601,3.4065295327101297,-1.5267269200248257,0
1.0401704164265304,2.2802540833325393,0.7027225101147172,0.8248049880204743,-0.7412553737709282,-1.8058468884436396,-1.6062871825610285,2.379628178134908,0.32996558452600255,0.49910301434593013,-1.0841780151372649,-2.520715688832576,-2.9773581805391554,-0.3996500966435159,-1.2495000993566512,0.2766749816240175,-1.0219468412483028,-0.16535581346706807,0.9841014230117442,0.8103682718298274,0
-2.5647078051498915,0.6502056784177898,-0.393946919653565,2.189345987324354,-1.8140310635563246,1.4119620059496611,2.596524688032587,-1.7564922399096563,0.39749632788229405,0.22518789756840368,-1.1146648638775856,-0.7751598564860377,-5.329547262925034,-0.08304053064484984,-1.9035388192920195,0.006215941993179874,-3.5720372475589772,0.5093559305345263,1.6030938856955834,-1.496610343919891,0
3.1823785040645323,0.3604579970795988,-2.9242078635864095,2.534879905368654,-4.066734641045876,0.21967713057641944,7.622123605211888,4.1976174570185,-1.2141268319859448,0.2968084476355398,-3.719650643398944,-4.721562068550188,-3.5391859561583745,0.39238552744053334,-2.4507241462140144,-1.5743210714323868,-3.9931688877792713,-1.4378380781590558,-3.59580758903029,0.9293860796022422,3
0.04737443401531086,-0.8785512772698612,-0.5920079974889132,4.6181689895719265,0.6921194182050237,1.2481244897723196,2.4299968646827956,2.0453266189190793,-1.1828210155783974,0.20881735660542772,0.25529023026987735,0.31190932791659676,-3.6231803856410796,-4.535434190199298,-0.09482384092296214,1.8635883517871257,-2.5462611949660148,0.6660064141059328,0.28715478849397646,0.6051706545090272,3
-0.10530909933414562,2.8549451784257256,-1.140259420963527,1.6872256425402927,4.316514858668781,1.8969290449692906,-5.797029320710879,5.17382086620386,-4.270464715833125,0.33474402682229554,-5.344503938894533,-0.8302860615362884,-4.108461027497751,-5.547919533302839,-3.8402903240032673,5.173782525923848,1.4135788560302291,-0.6823227785683137,-1.8468775916691942,1.1840024337436565,0
-0.08908670239159408,0.33787961712077275,0.4659312963135078,-0.030654577994271737,0.08964466058710888,0.9399543566113138,-4.089946944784549,-0.60506129108835,1.1199528495030195,0.669169889442427,0.16023482636779512,-1.360394349911993,-2.0832611565941326,0.18234138002367672,-2.0253742547219122,2.1568697784466693,1.6696236071969928,-0.22800171747544853,0.6466415767666034,-1.6413551669779758,4
0.23924485380013444,3.7583720717124316,1.112232486669509,3.3936321735497716,0.8018379507897737,-1.153820886643598,0.9422441567135853,0.9219895417011867,2.2842109774636987,-1.0526792839030832,-0.4296305003571547,0.053281416865317954,-3.106082767711659,-4.074222650946375,0.692139102851532,1.7591254225396176,-2.6939356212262098,0.3893470228067903,1.9396357170207716,1.2351278048036671,0
-0.3511404317066093,-0.9641555462423987,2.4448173618200615,0.9633037286194108,1.7359761555716657,0.03141621283219198,-3.4487315609848697,-1.8324275602816014,1.5426760908525854,1.6351157876792772,9.010645222473356,-0.9591176329345819,4.399480703344429,4.506107362056733,1.9645708663193302,0.4806855920785973,3.8087887316871125,-0.21183560634187146,0.3409325302686763,0.32409695556588813,2
0.25321909055315567,-3.3287590297740266,0.7947901035244143,-2.6927657036504713,-5.066831040842008,1.0422478330483995,-1.1940541472949868,1.3903329017609436,-1.9839043833405172,-1.602891765263958,0.5091889982067935,1.6809365903163709,-0.7791941624335899,1.698223531738805,-3.1002975731320155,2.6300870732384145,-0.881681093488093,-0.43143897898355643,-1.2915001454538038,0.5150875361309513,0
-0.3100483744318677,1.8937624791324634,2.0347227151131237,0.9792713213808045,1.124946690697928,-1.2851722852951675,-3.8196768045820915,0.5657557057309134,-1.40995372632029,-0.4122580710634807,-1.696528185683743,-0.9683175626599787,-3.203189694099412,-1.87229183728132,-1.7886067771861007,0.38874342896066927,0.25043544437979204,0.3595000071326568,0.4069915638498689,2.4637043932157825,0
0.16844588597208987,4.231855797986027,2.1121144697830267,2.033416464062674,3.0621593078194116,-0.725786370144451,-3.965749330195168,4.01463303299321,-1.766849983529217,-0.8413963393324232,0.8243693292347599,-3.3150311815724502,-6.985603561422292,-0.08519051528569255,-0.9059659380806121,-0.684355967475327,-1.1015508010311077,1.0263380504222128,1.595853064022474,-2.1548175481276424,3
-2.305279086726335,2.415781204829559,-2.432581550927127,0.971383139768972,2.4862568837000025,1.0544140101497705,2.1561627440924784,0.8378296048579421,3.0327173034118466,-1.5675851678994954,4.324781293166062,3.1530522026106387,8.265254248834692,1.5326664411212199,0.6952909088562733,1.0736548682973936,3.1341073316006143,0.2683995406914741,2.4653949341023464,-1.5614873630844,1
0.7125870083839215,2.1651894236621487,-0.5098557162438324,1.8353158935516807,4.594230141064194,0.9845706916384246,-2.0487929822335476,0.6855029681190221,-4.127184966520931,-1.1830766843092233,-1.5160286753340522,-3.4520026467591047,-3.5597116588387747,0.9267272342129259,0.10221802816933201,-2.4901383774806254,-0.48311608069407685,1.018174442838346,0.5151586020000285,0.16087929687205227,2
1.0155002672566504,0.1406391044647648,-0.5249354280102798,2.8655007454435983,4.954051413400588,-0.495214188900822,-2.3584824787200156,-0.04217829653456073,1.4132012435814807,-0.08859742879342436,4.988458870798801,1.5348998835489742,2.4047102978772976,-1.9663636340739283,3.3526079092802146,2.7607814659482415,1.6204314682032517,-0.35162445006356874,3.313995215154823,-1.6255335671471904,1
-0.6590390212767135,-1.7632036531386355,3.5296131712684526,-8.046031600012583,-8.683941460001746,-0.9527863552334781,-5.525816489902145,2.0260855608287,1.537951324734594,-0.025418284620748983,-4.700174940169671,2.6210203259952607,1.8220345424096756,-1.6179302332726346,-2.5783462267918114,4.993162252753928,0.3338244262911352,0.6727451942868689,-3.0145254268433197,5.368507553935223,0
-0.28479567043464826,5.19909739637809,1.9330588699382498,-2.1646304375698673,-0.5127680072300786,0.1958506436074498,-1.5459283294382542,2.128497433198862,-0.28561925566597157,-0.49291996138949207,-8.117574656306417,-2.740431115105549,-7.707704066113152,-2.1943981213232395,-2.7445410901104443,-2.6599601386754355,-1.6283659966591033,-0.12984392628951189,-1.8161237791510971,-0.9921195931532921,4
1.6627674451978527,-1.4957714328922256,-1.272313609764417,-2.6114862529487914,0.8285401798078069,-0.5286326622955074,-1.6649880870413662,-3.989333542730167,1.194330484258786,-1.523459674793467,-1.1358184057592486,-0.4246457071944649,2.637747914661272,1.200913472794475,1.4419161030013714,2.3277329149883155,2.0998927975107904,-0.23482979342391355,-2.859021418728886,-1.09414892177859,1
0.2600006608759651,0.2432742351395344,1.4360789059710934,1.732206854522643,-4.237654292412522,-0.5336983208342153,5.62999753456753,4.143467803666406,3.038764057174978,-0.5461559534755215,8.016936725974599,3.2667280659497413,2.622086933544049,2.040010119205307,-0.9164288119357433,0.45603148952121386,-1.0696225265424582,0.4542549935872138,0.9974010676495635,-1.8489159640664292,3
0.01360407332085404,1.5151978948706244,-1.141967569260629,-1.42561338837637,-0.16471313657412254,-0.4502868471011738,-0.8943968441644644,-0.6958550393976692,-0.942579719493182,-0.9450074164480402,-7.681783224423503,-2.0119165864567377,-6.8228041148410155,-2.166039662539693,-1.7505506180659633,0.04744375587338623,-2.4114720055992507,-0.014497232258022684,-0.7401684626859519,-2.23413506299522,2
-0.5077372734912303,-0.7433730860645109,-3.1089776641319933,2.2962120333180875,0.9919585540785613,0.0358126632191833,5.60633394534863,-2.65426888042212,1.9583539337366298,-0.22756263781633743,4.955175741346069,1.8180551866655827,7.527234091917411,2.6645130733699713,1.5266956079702143,2.25409803317888,1.2197923872895975,-0.9123559219948952,-1.41928007241009,-0.16617369104716684,1
-0.5442889762967646,1.2634332872018597,-1.0538018383694427,-1.0398461096410179,-0.27827215602210986,0.430232962988477,5.4107170218514,0.9782661727692227,-3.4753291244219806,1.2653177076063253,-9.436925226059808,0.09561713697074081,-4.562708156212068,-2.8206851884924435,-2.3699724557612973,-6.656645906049574,-2.174866358383329,0.8806343495248303,-2.68242990630255,-0.18519450480760224,0
-0.9930044649963177,3.7525653278420523,-0.22608781874609107,-0.46919555128410173,4.422790272048993,0.31385724577411966,-1.9841133224175314,-1.3486335192297423,-0.8302302532634462,0.3393357930258131,-2.756137783060565,3.0253468736741347,5.5091700424954055,-1.7054950551850239,-1.2625977773471537,0.461778880345445,4.052234312323144,-1.974559082924005,-0.9320982452539702,3.6170395541908533,0
-0.37431991925421876,3.857091808491893,-0.7466396544268776,-0.6008064301973461,1.8693196717006129,0.3777625802011493,-0.3647112181949836,1.5984014440828995,-0.010928301569799181,0.4344131504341494,-5.283994366022452,0.14164635607134612,-3.038487928070324,-3.030971398916604,-0.9387603650628614,0.4878912609066389,-0.83422869092697,-0.5309968495586126,-0.3364728544058675,-1.6068913566281506,0
2.649602138697916,1.8599337066051937,-1.0049550452123033,0.9086432739781461,1.880490156028654,1.277625754169493,-6.056381314182894,-2.0663628828679084,4.269072629548226,0.800495306507029,-7.586450634701206,-2.4527971316473236,-3.8186960089615516,-6.802665980907996,-1.345217405573502,0.752905324474338,2.236952527883948,0.0036437645017512563,4.706935100083973,-0.3782851208720033,2
0.781648593680662,2.1169008204515047,-0.08976454148010626,2.3290248985241693,-1.3648980580778332,-0.6591101431574579,1.973224644227806,-1.987779459967152,1.146542516201115,-1.991068302922198,-1.1742101476728362,-4.273553448307521,0.03186573756182691,1.0247551785487086,0.8435796803235509,0.30522851762538905,-2.396817202296791,-0.04757849443608111,-1.0756860796613854,5.5432981052550545,1
0.589030355353986,-2.0990813367917625,2.5382136548852454,2.95543871529567,-4.602347963312808,-0.647534385307035,-0.5135762282217902,2.1931991147603993,1.1598212975093052,1.8577618554689812,5.37222863922316,-5.348961839089192,-7.367418283493686,1.8013129014339975,0.25058273960904565,2.0069510887949633,-4.097342704476649,-1.2160703185831854,0.17931848851142695,-0.8350512488785948,0
-0.6661872842703866,0.3974662391033277,-1.3468311052506157,2.024261700725718,0.2665359148402527,-0.6864135896442815,-1.0020608104012336,0.8213941337134378,-2.634998054282492,0.08855886207677965,-4.722503991707295,-0.7089611355322407,-5.684425251320961,-3.627245527996823,-3.0585538837914146,3.1031701169404178,-2.289850603933566,0.40709722959801203,-0.2000870808953068,0.657847023141638,0
-0.3729456459098741,0.5934096566911023,3.905488278752054,1.7770756162661554,-0.3599203006020843,2.3102827945463367,-4.175481737268106,1.2689836547529676,-0.5862671936388084,-0.09935629332733534,3.9703880667142566,-1.4241365422202963,-5.825485842914295,-0.36216256684766956,-0.16487804705448517,3.502395599246473,-1.9214997649379724,0.8180231429905729,-0.1356327492099102,0.2666944606020242,0
0.4745991274878383,-3.390055133903499,4.165621713918174,3.0669710671795287,-4.751514601475667,-0.7826291978523723,1.300967869794608,1.4767335845359888,-0.3675856302267503,1.589827520846252,2.81226662615257,-1.9610947995366343,-9.156052913773298,-1.564707790651357,-2.206197404117267,-1.2464460880439385,-3.027397360335243,0.4184141408355813,-1.2272138502665684,-0.8214808880503277,0
-0.4955940765874636,-1.198030031167816,3.909937761061838,-0.6207498441115176,-2.5712852046377703,-0.89373242494944,-1.5443604322454958,-0.9778574595518863,0.5464601949130685,-0.9162077749053583,1.401811509461074,-2.2544554113091033,-7.408094507182339,1.878463804479583,-2.3152345725250036,-3.7333209201378423,-0.04169207322013202,0.6950678287131262,-0.556043152957101,-4.076937143606716,2
1.0105270570065552,-0.8142054165587473,-2.5406616173702017,4.500868435869994,1.320004084748887,-0.44821633970351876,3.0910540403552633,0.7489036301211422,0.16701895073834083,-0.9726270833119828,-0.8762511289101707,-3.2320362053919816,-0.4514519402984411,-3.037011487248471,1.8612779072824646,1.181595907334862,-1.3798286089706189,1.6918949156824963,-1.1462672811997767,2.187249617759155,2
1.842910963016902,0.8995740643209762,2.704511659654266,-0.4314285445310484,0.41739514520279475,1.5495543970306493,1.3863618375390456,-2.3797703377139356,-0.006195419265100144,-0.3818140333690551,-1.057180403520737,-1.099676578806223,-5.656220546050764,0.4913648567022747,0.33624687580586954,-4.777557250819639,-1.181025612216093,0.14345786108280043,-1.5218882417621666,-3.043783781481033,2
-0.8666459008324837,0.6219567015325593,-0.9257541045076667,-0.03465837321599352,4.58660364391006,-0.46474112788523225,2.0143323963122244,-3.267307458053452,-4.123317082650891,-0.14397081903523254,-8.770729142960118,-0.09708249754729015,-2.349285281230332,-4.243643755898816,0.7839603897905572,-4.213819516355329,-0.1229568016691871,0.8841076936291696,-4.152001891809341,2.1128430674730905,0
0.40705954238266495,-0.4556351544674323,1.6211675547305466,3.847511998291217,-1.964841579970669,-0.15581463961487377,6.420808543048841,0.29073795935534563,2.7500926331262443,-1.2788051970527192,2.808348528613775,0.3285715761520003,-1.9898075301827525,-1.7367534169243442,-1.4233836078856865,-2.290212655742092,0.02582459784373725,-0.08600093003257334,-2.6920317160491,-1.6696063063944573,2
-0.23951872136650246,3.739052503164954,2.1224243101286153,0.7501121034387994,-1.6708660750845994,1.1027046564649727,1.3637488688128954,1.1906869077330984,-0.16465870467181032,-0.33849067477484407,3.904456979392166,-1.797139315692775,-3.1135754966736937,4.5712373123319345,-1.507073097286288,2.3345021899741023,-2.7381078327643333,0.6964543838660965,-2.9148431878148653,-0.8214087129971018,2
0.31092758187767466,0.19724832278597126,-1.332263196899376,0.46469806472532893,-1.3035464028571555,-0.9718283065958225,4.365934696675537,0.024135138196915817,1.1753984621471836,-0.4901656502040073,3.9312842671870865,1.1604575878286378,0.43238570290362466,3.136007744109582,1.2606630867152135,0.8848385700118861,-2.918814975230257,-1.5136321923549891,1.2435330035784955,-3.5550711447727883,3
-0.09985943693462605,0.48701135386731387,-0.9590813653545669,-1.6015482430423722,-0.955984098006422,1.0843676875011556,5.02886382499522,-0.5464462736816125,-2.6159306397084428,-0.06582372971465345,-5.341691655899615,-2.409027879229133,-3.092936517190112,0.8573150182031375,1.700441700099149,-3.1586756558425235,-4.226093108008728,1.5497871286573641,-4.4132460188564835,0.6545517631767903,0
-0.6505522097639834,1.0438660004419833,2.2192281840351873,1.359306150439895,0.6332116816356886,0.6152554600694721,0.15597256683934618,-0.07273380032690335,-1.5315405739017187,-0.3381245212471974,1.350491406249192,0.43597440245703645,-0.4125288637684147,-0.26883196990690383,-0.30147665675916135,0.19333203134567767,-0.30690463660444367,-0.9832721520211475,-2.0510598385427246,2.9994774610828885,0
-0.05385684118451689,2.652347790673759,2.0219295985351797,1.019551441807716,4.581742287227554,0.6284231502440458,-3.9802582014961545,2.534276901786099,-2.309182584594066,-0.3159408508458155,5.950462529697623,-0.0424540406342625,-1.5543278871129667,2.9854816945928597,0.5707293253971684,-0.4029247171325374,0.9838639180997009,-1.0832761475891712,2.0852067943370365,-3.159308642896218,0
1.5343704448156597,-1.5086968599272348,1.6287480892047843,-0.5058319413603485,2.1305197556126036,1.5492199269101596,-3.1849067426388062,-1.8361067636424506,-3.045046678911678,-0.026383971378865598,-5.093506658650497,0.21540117825763017,-5.068293248951462,-3.9976496658590794,-1.3388685391352164,-2.34833841988251,1.092430828753702,0.5610613754756312,-1.3769536125935762,0.14842227136452646,0
-1.2560910715249165,2.8693551422403503,1.8118727754832387,6.834856037724172,8.098810985678444,-1.8137808245183693,-6.034876222703037,1.4372183519228277,-4.182646625511438,-1.31510613482197,2.4614107086805497,-6.599180455206506,-12.098209920948413,-1.0465049119091658,0.13302415092287045,-1.5125952323774254,-1.1066414126797695,-1.1798748414382605,2.7813367749882483,-3.6351292979349252,0
0.3669695233232703,-1.0433231039979498,-1.5655779707652893,2.274426724136144,6.996934783020737,-1.7175376875008876,-6.625656892367777,1.6523067010395553,-4.927798132260728,-1.5870029916981552,-1.4303956126871304,-1.7508463804112446,-6.636331343405288,-3.564334277949824,0.6449756923970551,2.4412001889275725,0.21378394431567926,0.5113679313624813,1.8677039090511531,-3.807911296838355,0
-1.092460599312217,1.0454238214916818,0.0021616509036446185,3.698811666031933,5.07932338172586,-1.019272345163995,2.823371908342367,-1.8264122770194797,-2.296009731239525,1.4645823098486312,4.538300556751442,2.8498430204903245,-1.6021930270479905,0.7863956593757595,-0.008606357113788543,-0.7994725372364547,-0.13497402384499002,-0.3220760750544589,0.10369785281409616,-4.153419656781386,2
-0.22583585970728187,1.546298537692156,2.4720544744748274,1.5072199736522947,-2.7448515325581955,1.862299802347153,1.679244024311138,2.7569497302680004,1.1814814727120404,0.32103686786465296,2.760315390037327,1.9937338327669782,0.41132902337175814,-1.2551990096498304,-1.003521543602175,1.756379837929349,-1.508361365250811,-0.12221902904728241,-0.015004595519520825,2.9685011322403985,0
0.8071746823125959,3.140925182621123,1.5645610462760955,6.526728587456652,7.435337669243145,0.7436220817737631,-1.8323928748548826,2.507272760271321,-2.717438289732181,-0.9030483767359115,3.106782251801688,-3.9015273700013524,-8.512865071539803,-2.5908942145487144,2.9724500935789555,-1.5871245948559523,-2.4853010645390183,0.19857301167424676,2.3065436205989025,-2.4848643761657585,0
1.0365161397090954,2.1004222142884106,0.19103361793434193,2.611141324669797,1.8134436256281614,0.9155767398480857,-2.3870115696296264,-1.3574449782336617,0.1677476817011183,-1.3286367363868248,1.1936329674406194,-5.403041066249839,-2.8277941467850636,2.6146538318249544,0.05881599344939081,-1.0454833160335846,-0.21042375162569082,-0.38713605650313815,1.6543547452439178,0.523302056851938,4
-1.3229549422804767,0.3786381962952974,-2.1649747438051525,1.0483762967309684,0.6186706997367146,-1.008513751304247,-0.9234097485140214,-0.869091817179217,2.565692861123659,0.5838627434687643,0.3332055777903129,0.9030917489625145,3.6452737323291653,-1.785246985886703,1.6008038160636255,4.3471703207305135,-0.03598165724281943,-0.7475227022885166,2.841716589050718,1.6126820729623392,2
-0.31299658214695447,2.6111954015832897,1.1568081810425523,-1.7138538077899037,-0.7580729405460482,-2.5112126684852654,-1.88313561318083,0.1096102762753175,-1.5687972551942755,-1.5726827692728509,-6.472005676736945,-2.2053604838171212,-5.989071041766641,-1.0878003780052072,-2.463455453852956,-0.8751721125491507,-1.6504869034919505,0.2113917363391902,-1.8626665616437874,0.5296783333545083,0
-0.7871845310212732,3.2065157845125016,0.8716873830614059,-1.362829818286261,-1.0265794746036654,0.08327462951479689,1.4150692853088824,2.9204294077614383,-1.0913503592129539,0.17041029033848917,-3.028997268734373,2.1954880218919963,-0.056497278509699954,-0.709838503631385,-3.4338280642222996,-1.3289464717172341,0.23668698824978707,-0.5569292803965793,-1.4491865108506348,0.8467820938401596,0
-0.07328815833598118,1.0717782644729688,0.04468247524127855,-2.1949447337856594,-1.484708744639795,-0.06490768521031422,-2.6808069490565227,2.2997121980440793,-0.28733458151176083,-0.0006785966703410279,-6.989291856448166,-0.9889740408778451,-5.473729874746374,-4.19435680756286,-1.4588566857647332,2.331709645945719,-1.8485768964025886,0.8839235012291423,-1.17397901757049,-0.4276852937992265,2
2.0971146418260345,4.925340306614882,-1.847399190567402,0.7183675115065294,-1.0925336611140892,-0.804898451803074,5.503171689131723,2.3916435568853656,1.6943166396205882,-0.6611672154991697,-1.315606030829881,-2.5696204330575245,0.21230039004410534,1.784564254635681,1.1365705226803522,0.5079616429834071,-3.7804901045020083,-0.5899572407132415,-1.6257556749611042,0.3555535553325744,0
1.1420830026644924,3.1495800655379043,1.2399367736650022,2.139474799331403,3.9563582142748253,1.5691033779939534,-1.3814104588834428,0.7296089678342157,-2.9803443812976473,-0.1991180358312974,-2.7055810256869117,0.4277969037885365,-3.2843089613137217,-3.1367994749046195,-1.1546466561347595,-1.289762001155291,-0.2062517695108086,-2.5815690557852835,0.10501839799094115,1.7925959010296726,0
0.2117992004414931,-1.1632383162656788,2.206740267699793,0.8541923963367948,-2.164725269195867,1.2544636835916718,2.5859320411687605,-1.0364040247413802,3.0194276360209287,0.5729091416932595,5.467192081141589,2.2981777450287484,1.1716885511390664,1.025287877595844,-0.46441449833806003,-0.13666139622521256,1.065769526261466,-0.4213021763850759,-0.77846159386338,-2.014300932916815,4
-1.80367135310113,0.12975399390267572,-3.9539930665280787,-2.6305644221103965,-4.528073339595721,-0.5926282428072309,2.4396478009687383,3.3596619858667696,-0.7110802508524403,0.1448272358591896,-7.930826712566202,-3.0258862675390668,-1.067038739906298,0.20819262562124763,-0.5788508664163066,-2.3891493010934743,-4.168421879545617,0.072642275007448,2.7870289174570257,1.668218621654097,2
1.767721057442789,1.9422456814637248,-1.6695447231351463,2.6076708285789567,2.7084140638651126,-0.6043241597967836,1.3385606307618858,-0.31807964005872724,-3.0743200503998116,1.3247104470606548,1.7679909911787828,1.7238097396428693,-2.292927223752037,2.232766164086324,-3.1627883561948016,0.399988970520069,-1.0164855053538775,0.4621342438995722,2.137051201620099,-3.332226327024871,2
-1.6529768939512521,0.5720983593208879,2.184800930584169,1.605031210263674,4.362607466313935,-0.8027373682068542,-5.31039160333088,-1.5269233102845003,-0.6932421000825868,1.605934138728761,4.282032475026598,-2.1705830110069213,-4.386492262505101,1.2998149179920184,2.5674746211231647,-0.6289227705141371,-0.07032263637511338,0.15101988632431063,3.340078243722429,-2.9592247176054625,0
-0.6164442755875086,-3.0256377877334195,0.8966521764534064,-3.7215891929284837,-3.8258664562103344,-0.5701026152634049,-3.654181407169338,-1.0927195612479292,0.06618006978662949,1.254256784680147,-0.19028530317278275,0.5265535179522662,-1.6836583176371764,1.7799571945634587,-1.5460105282566206,2.079491301966944,-0.13545046153917695,0.5173758791795087,0.400483139196525,-1.6001142815026512,0
0.24691339806735413,0.8548314305899051,-0.4107167775353837,-1.5367420833870211,1.8592106314546963,-0.8113859400254679,2.0509445990293074,-1.4606999272787005,-2.986437010655847,-2.6702775464381614,-6.82629242189717,1.257594961586375,-1.1266305961425451,-2.3047982771655033,-0.7938534615051223,-3.619158920827301,0.06266001899448659,1.6001489317840796,-3.1273826886024607,0.9907736585701877,0
0.9469184737353108,0.5963482946637959,0.6848292144319787,5.948294481217196,5.4497872369695255,-1.151579177797465,-0.3649248746973009,1.593376655567114,-2.230322298184598,-0.17322484326322593,7.744856006605123,-0.36345325544543416,-3.148545570652011,0.7058213650828349,1.0722152172684702,-0.723438825196751,-0.29406595297695437,-0.5197772682535587,3.317499235390373,-3.4205542711398165,0
-0.35057288224800476,4.133494489805046,-2.3053981572219797,-0.16410481196416815,6.249855056751586,-0.42047418651301566,1.3200284594444025,1.374016253945237,-2.891038287379923,-0.27765476763832864,-4.335189688100508,0.14232415337777815,1.4679114312878,-1.4506768890888073,1.9787961544012247,-1.5890837286919313,0.3210975136081815,-0.12646644675893204,-2.0210956852521322,-0.1069453440715753,0
-1.1657942580166947,-0.3690938194423581,3.5735334201923514,2.36012342347205,2.3838079565629884,-1.5084826059446514,-7.584822251122546,-0.3746686395319143,-1.9128990999179936,2.021626640020366,0.2954553470429141,0.46028433078528863,-2.556959590148667,-3.533039367364775,-3.312748991488375,-0.3651224133386173,3.6813770288591092,-0.12167958123352367,2.667955773228218,3.5123154981366174,0
1.147622120184531,2.8369031019016626,-1.9994038239602987,-2.4909639410049618,0.5567447849547377,0.582624089223645,-1.182075028373162,-0.6141157184744317,0.058815103548590875,-0.15848305596849518,-6.3165578245507525,-2.6253363872860813,-1.6375890659363295,0.08822672797967135,0.18771741561873578,1.1407053366553224,-1.2923586480665303,0.33502700785995987,-1.3120504267102813,-0.3220103626311297,0
-1.04910393728828,-0.7262063342132132,-1.364183240992959,4.104619624796312,-1.2271527545626735,1.7886896662497807,3.3323515905348047,1.2670957614028604,-2.3801377117192244,0.12371225161601178,-3.248614383971804,-0.9406494123277563,-6.85477303383264,-3.5465699004036844,-3.321836917002687,0.8628546088754563,-3.59980224444283,2.012371447206125,-0.4689672977830335,-0.004823745610388563,0
0.1907719305925331,-3.4054964149468985,2.7557553040612555,-0.42244672139341133,-2.9784260527717725,0.325735842130716,-5.697235953551255,2.4411650951956267,-2.4495502529619566,0.4231266451155033,0.39449791641748566,-2.0357264237268513,-5.354543025881134,-0.9520165085953245,-2.714901750344669,2.4667351122602073,0.021738598531918285,0.5765417163795801,-1.240623107636591,1.3392903168978076,0
-0.2622973019414071,-0.8375621835792924,2.514566409527281,-1.2157576446335923,-3.443168276355608,0.6461648718881697,-0.49012957452016964,1.831252934647365,-0.9411375983660658,-1.1753905632190973,-1.2336660034096605,-0.09186032198744198,-2.953545414773567,-1.0370937732048608,-1.2464006939215833,-0.02784138837795691,-1.5734072855109411,0.2932440469789688,-1.7950113816470123,2.0040408474891436,0
-0.38710199089218844,1.6775958813924388,1.125231718194522,-2.6823446336509575,-0.6386501280128765,-0.9423399057951646,-0.44714852253318316,0.29226066971550413,-1.3162086734680423,-1.6038694034341352,-4.221186937823899,1.518810074970248,-1.4685976630494912,-0.9877867576783614,-1.9760503600358852,-0.15358471206677793,-0.08349649865873532,-0.3179506089863947,-2.7284227698781183,0.4165864488281019,0
1.4145307931105,2.6475126487531515,1.079336626839416,1.9011007982026595,-1.8520977642997016,0.06063748823472024,2.3434649576365394,2.3036057202162183,0.1363231714310844,-2.1826167003429697,-0.7865807932281038,-2.010513442924948,-3.677995161580468,-0.45420325793273864,-1.3136394398418607,-0.23944246262548652,-2.8488357975609375,-1.0747878383102238,-0.9892509149956129,1.4176429236693326,0
-2.2163317386113577,5.14738301386087,-2.2751739063027823,0.8820182604067168,4.9796245904669485,-1.3405194853482245,7.528223844623354,-1.5582901283391881,3.548399833394209,-0.5420948337154744,2.842916725051267,5.753916490330852,7.925231249784707,-0.6334632247699036,6.543560299887173,0.40226446919462067,-1.749163339339095,-0.8456005269259774,1.5447450063535473,-1.6527076064274726,1
0.2195261375028324,4.882745759018875,-1.7288049110527757,0.18895368065549356,1.6307621792800162,0.21403794472129267,0.6345737170970871,3.3687913587124445,1.5125530972407457,0.7141974053763827,-1.8501062145504397,0.15849475466407048,1.2542756973396918,-0.8697690623688883,-1.414689694753333,1.700493837760149,0.8210339886154205,0.15489538643251938,-0.10692480017193384,-1.5098047080522319,0
0.3645309379489642,-1.2753536931674878,6.001188918654866,0.12047529154163195,-4.945497907752293,-1.5641914317603174,-6.477247600129244,-0.9328845599104547,1.0981644133750321,0.8318463535829396,1.714290560564274,0.8779485057529974,-5.845685010564084,-1.623414784146699,-5.249930458486038,2.664386220269003,0.5954126751238109,0.0005879872975924155,1.2734017447493207,2.2697204450431894,0
-1.6042316949519322,-0.09526752514977188,0.49049752733176744,0.739050507157757,2.144114025805474,0.4785685658262142,-5.704359469908542,1.6383433333260884,-1.8822002810016216,-0.545615091149155,-3.960817351238939,-2.6399979151839092,-7.047342446270345,-4.638840492050912,-0.09715078300010738,2.6825438518964244,-0.9529420562046889,-0.3567582391842619,0.12151261655881118,-0.4704704410690196,1
-0.7191114363365751,-0.1873231012213652,1.1144140854460942,1.550782813517004,1.0110716797097992,-0.33607896334677007,-1.0018927635044013,-0.5934827581294915,-0.7470047323891722,-0.18568895173503236,-1.5021046254936452,-1.7711477905082602,-4.343533874704959,-2.327831464583296,0.03949345056041609,-0.1837121622202199,-0.6808814598893671,-0.2896071100107641,-1.2134031226978286,0.23962978493400955,0
-2.2503894932578596,-0.715666825877894,-0.365715020686725,4.6144027250653386,-0.7229321462607775,1.2738053552809596,2.235684124097665,1.9344081728582734,-2.2933224309268296,0.18997644127482605,1.2343890503790877,0.308762620018213,-3.6556001400651708,-2.074647472633057,-2.7540185425546815,2.26886101278794,-2.3871777956168385,0.9939840905447994,0.05563791415563346,1.2031522013868785,0
-0.802870026743361,2.592415759494834,0.041215988559164085,-0.7593526311192571,3.744729167800078,1.741495222697658,-1.0527425330776894,3.688526236554531,-0.6936790589081541,-0.6202174652017047,-0.9231745418061785,1.2416917896557256,-2.0875612880211434,-2.3045105718367687,1.772655252793188,-0.8158034736290534,-0.2784717948503319,0.3611919526325922,1.0645435392369544,-4.070935023692122,0
-1.1150557140611976,0.026517422165427296,1.3484326069022199,4.925514876349766,1.9709840725676928,0.030208609078095607,3.9620456055465847,3.3814627143852563,-2.5122770637427605,-0.08125230250009034,7.010204141876273,-0.13386790106994761,-4.590039646489514,0.8626980903049339,2.1409648782092066,-2.343195500637028,-3.933121638523636,-0.6912897434090713,1.8860880479528452,-2.891875608531043,0
-1.9541879451509416,0.6855624888084324,1.9739948796322964,3.307138233032298,5.220949453932551,-0.7363382369408069,-7.666543026320513,-1.7714140748784146,-2.3317174507916727,-1.3370525747067878,-2.3560037056733796,-1.1544820760369632,-2.65940925493873,-4.817197011106895,-1.8188353092611997,-0.33251602110935663,3.5513475704670627,-0.1486309199837066,2.2953735689752084,4.2697735074686145,3
0.5311274482550129,2.891988163870843,-1.6183168994004853,-0.9586514245797142,0.8157635828056425,-0.034007525801909466,2.2259073288144373,-1.329367614646411,0.23532727655674757,1.8716912472402363,-4.361289141278405,-0.9342369620275335,1.4857582606442976,0.05895294023749509,0.5322382846497318,0.16910228684517192,-0.726344509933623,-0.767082877118273,-2.6789305971560387,1.6796525617843179,0
-0.38093063304144836,-1.3841082086006447,2.8014675150476878,-2.6207696113517907,-2.6865658477302414,1.5553750872889025,-6.3219872274192594,-1.4565168930826977,1.3703521155181524,0.04124568559270903,0.38280884982618213,-1.4832763762271495,-1.6698775088287598,0.8976879080499902,0.6082989097806484,0.6893978276093504,-0.12515220043852993,-0.34297256554616,2.9325419939298634,1.6670272506220059,1
0.3662045382369723,1.4731766272709015,1.8592216799738506,1.4990123468196765,-2.3730945463753175,-0.7022622578076418,-1.529300913540966,-0.04583376843629905,0.23738023946795273,-0.5897554797978153,2.451920740083183,-0.6643571869599381,-4.223638885159368,2.270353215397598,-3.9302506294580812,1.0701084632644384,-1.2716997167776347,-0.6266153090729425,2.2474070975079656,-0.7588819534353551,0
1.5337222423796093,-2.9714548385684783,3.757558188002354,3.091334403170022,-4.407360802560887,-0.05102216171712267,2.6855205438839356,0.6206966548694715,-1.664776873198846,-1.650633216181882,1.3007434912267664,-2.8716784331669514,-8.935967177811033,-1.0647172191101388,-1.3664458442750431,-2.006650258145018,-4.205504303530709,0.5878803032873501,-2.623024622026805,1.1708109791938328,0
0.7770029625172802,-0.6963500355796939,0.9305341457431802,-2.0264851819001035,-3.8369544723646136,0.926789155018808,-0.7557480162754079,2.5441050936661527,1.4705230745146571,0.7471471248429689,0.8400826363660509,2.312844374372987,1.3536992536542947,-0.7045784674018892,-1.35700579913419,3.6497269502311096,-0.07703542689117349,0.9118591448567257,-0.6661217429100488,0.47767157387010073,0
-0.32608349237996515,-0.9689896405396643,4.19352798746545,3.1304980975679735,-1.1060883168610174,-0.38560743938743053,-3.224242493803881,1.2511550206637714,-0.9611678035674556,0.07908324966022341,3.475040744413112,-1.9281805737895261,-8.273245411933038,-1.6505845595653919,-1.1545923075327331,1.8335251271761122,-2.173796539458111,-1.1026141757878891,0.09329157720520076,-0.13532643419680102,0
1.2697502942140177,-1.0610532386116978,2.0999750227707303,2.5268024348124345,-4.534607187940825,0.848619661626,3.5372274898546356,2.4076905408779052,-0.8654538462750607,-0.3112237044975417,-2.1652884838937276,-1.8604381245585584,-6.827869401427718,-2.060668342494207,-3.9753841089236026,-4.5632894935976,-2.3588738855062052,2.517516957735271,-0.37593555543786017,1.0988945171467122,0
-0.5615381830522462,0.591331209232131,1.3952083515184115,2.039712702996437,-1.7770532198449887,-1.0510921668568691,0.22845906982370282,1.5302497020862,0.8484004328817918,-0.4398316943322781,1.1022752447344906,-0.7663588185354137,-0.7363450827864061,-0.5852272569404862,-2.4120895101212927,-0.6304635208441931,0.5812632111019558,0.5843382778354197,0.49197941014447544,1.93493046589591,0
-0.9594167788871978,3.59796422122005,-0.03601832069761124,1.8623858220145562,8.315911087027574,0.4907053801601204,-4.449862894106745,3.431123859729643,-2.2986712004629934,1.1531348786791829,3.753827450764516,1.818375471506521,0.7527055390804364,-1.586070472226007,2.961899948372714,2.5160040486080026,1.310393897576866,0.552668967022764,2.4691873195189817,-2.30874649599963,0
0.5896034016824476,2.739889768994532,-0.2733757946506912,-0.19073992298253373,1.1911212299888636,0.21981531494061168,-0.24199397840085185,2.7320917989364215,-2.2596031719321816,-1.2366053993279196,-4.434266230812548,-0.39191106442767576,-1.0675997312001058,-1.341988824622422,-2.3655057822263474,-2.648947587063308,0.4943778498133098,-0.20402374008217683,-0.061534259167503214,1.4411562594697107,0
2.5684180336896354,0.723273867890253,1.912248115346352,0.7989653517706269,-3.945834827718061,0.3325653561696426,5.333608097782223,3.7345962963591828,-0.4436586036006518,-2.7137783950564103,4.628008686752426,-0.2860988812168437,-1.5868439389216529,3.123749435873239,-0.055373254371722025,-0.14682116742389495,-3.8319513332388033,-0.005287430485535406,-2.8066422562997007,-0.1536218767945572,0
2.085670953024382,1.2505847024708934,0.409277256306403,0.17881140849535615,1.2278084921546117,0.08998643972692573,2.1980463844653366,0.41391230208936636,0.5851615368266117,1.0884929532441008,0.8625655456362343,0.6988760979198536,-1.6459345611763425,0.0350273658294995,1.5487749945477627,-2.391795467643223,-1.2039611895942097,-0.5748492450730225,0.8241204513418522,-3.2680910228327504,0
0.19030178986836324,-1.1173096621236018,0.5841695542115148,-1.045313428002638,0.2811938782333241,0.6370310606037285,-4.647233620011752,0.5989810422267392,0.10421676064297714,0.030924820673397836,0.6870837732727844,-0.7239889651347526,-3.619134446797443,-0.04446211638653497,-0.6294273129572645,1.5018722341784345,0.6360719935524766,0.15494856082683417,1.72698811460582,-3.8142474688078316,0
-0.2311176564096054,-0.4202194790461342,3.2990303890087005,-1.8303364656418086,-4.377245935563367,1.0976978703593652,-3.6826663319049286,2.8928406034946494,-0.8300233510538935,-0.3913496937669764,3.512117100566236,-4.4873851419178,-3.8500759049857,4.790529037300389,0.7450293093242952,0.05758031198708524,-3.122862148788176,-0.19601031899301918,0.7671097805608125,1.4232331865906827,3
0.3291621656073052,2.907843523278226,-2.4750939972880794,-3.0178645760256275,2.712800567731636,1.1352317972405392,-0.9459046527968928,1.4544964215234564,-2.520247110449138,-1.4560985907620927,-8.886472124320019,-0.41407735213065144,0.5979817773054201,-1.552222172152573,-1.5052229968569435,-3.235405096116148,1.5972563200685692,0.8318471746213802,-0.7752435074995307,0.35320682830058847,0
-1.3352972949088968,1.3498168707768197,0.32915917328781463,0.3649658262514035,4.098009145635217,0.18366409312814036,1.2165852976207807,2.1040422632651516,-5.354682052003615,0.06094009999622039,-3.965188223233929,1.9396261049684047,0.3219377834906944,-2.345659723490205,-1.3231595891253776,-5.699950988161975,1.6549781179932896,0.17719473681261816,-1.4932431089130047,2.2520425940638606,0
-0.669228389697547,2.255881403734734,0.7606461556064512,-0.07644109573475188,1.3708790508295883,-1.4457999022463426,1.344504595993725,1.4471934504458377,-1.0055031907339926,-1.8900392636050203,-1.2070949173903478,-1.2182868114223353,-5.3839739135992986,0.07340736816954818,1.1429633953405451,-2.973023195252671,-2.796130673199319,0.6124842102978152,0.263755112266828,-3.5649897988089707,0
-0.17791595945172312,4.604121708705515,0.6260303785353936,-0.2713350089049946,1.0216062574969185,0.609259207256053,-0.7449532614685227,1.0796372810484691,-0.2953252923438616,1.6084025223130274,-0.5069639882922433,-0.3035944514072908,-0.06350195369020513,0.9724110728501665,0.17332887452010937,1.733693255491629,-1.6049972963411112,1.6332124159788812,-0.14505581057392636,1.6940094154360836,0
-0.3104866523341394,-1.1231701738641915,-0.7041679430276511,0.6155873357236434,1.8069006462730264,-0.657877417264935,3.1638571686085157,-5.1070694676830435,-4.026799259570416,1.0386061695170397,4.461449497927377,3.9815371476415593,5.9839889751414,4.91923991536401,0.7194435335811027,0.9463224596798133,-0.50035174999657,-0.6856572419823742,-1.5241636589758998,3.3514429358151787,1
1.1763815266804634,0.7600987896511776,-2.3572107982827593,-0.5568103296208162,-0.4596028752377091,0.29382380251284385,-2.02293320900377,-3.0878808212525346,0.1916890350790177,0.6768739827196097,-6.320397806963519,-3.290171135206244,-4.290718440177144,0.28867739317350805,-2.0548381410847316,-1.4836332800826408,-1.2844065313058113,0.7404290172488911,3.5931347441585935,-1.0278580012412937,2
0.8570287368192289,0.23287741106754023,-0.24555507048923686,-2.281418679010768,-4.854900914376526,0.01762968173913671,1.3985481899665524,0.08648838112120838,-1.4448783512705856,-0.2252870743319331,-5.060282503640799,-2.212631264958062,-2.420655431580636,1.1100043970901492,0.9113626174492042,-1.2542970777175935,-6.05299825416453,0.3609738209410281,1.5616782631825015,4.769468390905402,1
-0.25130591207885217,1.9698687333149365,0.40706153172411264,-1.989738985065181,1.2650319252075453,-1.3655885436204507,-2.7944904831484707,-3.203190574284752,2.804147898301041,-1.6978310011549789,-0.5011266459320959,0.3493987357534284,0.5816284697509365,1.0023448185685773,0.49639018960906034,0.3747356797884672,1.5744378390961973,0.29264905797773294,1.5241584350249213,-2.363714806055755,1
0.3382991274584478,-0.21306418864069365,0.9267595011090961,1.2507333814680266,6.816739660608862,0.49865106514018154,1.049122395883169,-2.891817003223102,-5.157464979344692,0.11615931352773824,-2.5201133168103977,0.20870354055236806,-5.055302069561429,-3.4524858564229355,4.391720460715398,-0.8367037828406456,-2.2079840922673517,-1.6610976372817392,-5.5088805341065115,-0.7523924747034629,0
0.5200909850007069,-0.44895338487214964,-2.541305933328684,1.8297790421229232,5.725036158834575,1.2709985762421219,-2.4364375116488306,-2.884645325096207,-3.322834215182795,-0.7502241859239825,2.7045847868230375,-1.0053457635439889,-0.280561102698685,2.623429568029011,1.5793469547801027,3.164363708888877,0.1834109522117635,-0.14104436972663648,0.21623025931544237,-2.4607413124991773,3
0.25785182313584176,1.8330129860575148,2.700267318287211,-0.9390809832287477,-6.082338629463287,-0.07810167629318523,-1.1622414276528028,3.543113366190291,1.5640074718969212,-0.2290440373089135,-0.5568628933125047,-1.2081291727726793,-6.729006885202285,0.35920135789709784,-4.373072801518736,2.106388064080264,-2.972627660063951,0.3592749213850074,0.2772508617730223,-1.3091768245490956,0
-1.4350994616991959,4.325899579090194,-0.9709442295143157,0.37847444551927967,3.29037020041517,-0.41525355784184376,3.5917523001922778,2.0057871653368533,-1.0835769055048727,-0.5541642707488007,2.6618765917601155,8.328033828188952,5.361370493023714,0.1219335932802349,-1.3463697630125095,0.07380230621798356,0.49310486414318766,-0.08291415448189166,3.098586184140523,-1.8431016217304144,4
1.4698256189245404,-1.0449178574122922,0.4182644110623571,-3.0005617874721944,-0.5003334152928468,-1.8723293268343404,-6.182213036147537,1.6212328389368547,-1.912899305347749,-0.7176581555626234,-5.75973845263825,-1.337513724639088,-4.668270375912444,-3.1265170359293464,-1.6766265818303574,2.8628685121806114,0.3242908744091113,0.5320823926656392,-1.6181607430589269,-0.19648892557937936,0
-0.1948963925084862,0.7934996970262377,2.6968565046747655,0.6434589120872651,-2.7478110737023047,1.1182243195810908,-2.4775793635655883,-3.0519627312182553,2.8645017307445655,-1.1288409140151705,-1.3557614591166507,-3.874961017633289,-8.39183143739766,-0.4671974690296665,0.01541524173495179,-0.20783818789903696,-3.53885601854189,1.112836743549456,2.522783362221058,-0.9477749451408423,0
1.586582594749442,1.016472922930651,0.758517868032329,-1.025445389549085,-5.347616112376036,-0.3926406615840316,4.069302799274603,2.406199233707661,2.0431382996457055,1.3007880526290998,2.39895868865238,4.467969957968852,3.086243726841571,1.0419778469817462,-2.571812133693932,2.214520207557261,-1.4970505910702143,-0.8635749350061727,0.1391922010405826,0.8256398130349969,0
0.44869520021855525,-1.7509244478584227,-1.5460359676162816,2.6076676658687212,-2.4694900234072494,1.4306853165192506,5.178372011597318,3.0800509181113225,-0.4859518565310854,-0.45200767305804407,-3.671450282943699,2.093170520700164,-2.725358804213102,-6.949267673834321,-0.1896075468746531,2.7546627460728503,-4.144006532929272,-3.1069260191991868,-1.2078889476594008,1.8188417234623189,4
-0.42150739750330957,1.3146553043177114,-3.5766321980392806,-0.6466817297537988,1.1706525334410285,0.1923469667298092,0.9266940982715319,0.3689473383493229,-2.0610654257605705,-0.0010502773224405912,-5.04819681123905,0.17296196038961353,-1.8023956168854358,-0.32038801486309465,-1.359543883800992,-0.04896879446257363,-1.8564737564007152,0.2737102199179464,1.8101436970174034,-2.0459613812756365,2
0.7223061954104107,-0.5518220119702215,0.6406064050615562,2.0380083594512435,-2.2077041303327247,-0.5444754548134593,-0.45127341691215794,-1.5840720243207,2.2232249628465626,1.228813115353375,4.794578815806562,2.954499176959513,1.0841672956744244,0.23380835788480003,-1.0922020958041305,4.354807723811022,-1.16573251961132,0.4493423099519995,3.987572905670327,0.795360903766154,0
0.42757594692030054,0.7426701989141343,0.45613756685855544,-0.16245325976721114,-3.8510635812326277,1.4719789997621622,6.258024223526615,3.6348259596797847,0.4793722375076742,1.9673251216489829,-1.4828409204758928,2.1347211316515264,-1.078557071844466,-1.2537076864007242,-1.9321062230252926,-3.0358644423177505,-2.1922285926213068,-0.6546320461082489,-0.9035250729575521,-0.6272980791029572,1
0.21229132147923174,-2.5428816411460846,-0.1059474116633039,0.11875860439374453,-5.734680263879277,-0.7425865972230673,0.8357948104293004,-0.9338741111344642,0.3797177387333215,-0.4625307901256981,-2.8106474693321126,0.2824179172315715,-5.056939508932332,-1.509065448043295,-3.812071754400768,2.1916327533088933,-3.095697900040597,1.6355859989762787,0.874794829297076,0.09693682583347107,0
-1.2924203443622115,3.604330502284727,0.5077076623457621,1.6273306547699726,2.2429535330038295,0.4732027780727616,-2.534588534919707,3.3794214980792763,-1.5159436408107672,-0.1444408360783805,-6.782936258888422,-0.7704717415633414,-4.043032298527768,-7.2441132599163796,-1.4862603241504013,2.8610902847760937,-0.7011537846640418,-0.1888444550033698,-2.0299794373956352,3.760767608020207,0
0.36866036826184695,-1.0484849242036725,3.139161933485172,0.8423473816301322,-4.11051742815252,1.15087657207537,3.276286615543736,3.2205685374788127,-1.749580509463074,0.030915136536533383,2.6423974016200806,-0.10691496240641962,-4.389111420266485,1.1080526224719982,-1.640982346187624,-2.485484988550498,-2.9850399344523773,0.558419353672965,-1.6649607554357502,0.2008134080223951,0
-0.17492566228965598,0.6938165661225533,2.8792234867873496,1.514440988313268,2.049965625923962,1.9370767369821569,-4.554614155641213,2.8331618441955175,-2.6891488719742696,0.5109440912254752,0.9838369590083028,-2.28420343114621,-6.138909310667698,-1.8481205738537994,0.927210472993,0.6063587975298728,-1.5965584150779648,-0.6784838209778663,0.3621614187933674,0.5360732402890764,0
-0.8846486201322629,1.3045625689684193,-0.1815813981263884,0.566439531514376,2.8857949253829362,-0.9136062071809657,-0.9970956525353654,4.808073996163108,-1.7390604311030176,1.1731521176823794,1.7717833076273932,0.15737228738064402,0.08298572999203666,-1.4067228046457623,1.887732725328818,3.008198235589594,-0.25483587941078145,-0.095944506211593,-1.933626157168188,-0.841522204497241,1
-1.3470917597063503,3.6089379745286556,2.6345663804461674,0.40147341682339477,-2.511595720280923,-0.6298253995293323,-4.017640332546995,-0.7922666325591015,2.3172097412138752,-0.475470321019185,2.410401739203814,0.19338010256039473,-2.0745347505610114,2.0045828466178,-3.5206385849194883,3.6172632310819877,-0.7798148963897995,2.9939050679346657,3.3851979414356164,1.0764085174590758,0
0.5523933750328083,-0.8247572316678022,3.430372572053157,-1.252218398163596,2.796683022783705,-0.2434093460444817,-7.913211339665137,1.1840488147220318,-3.752513244158633,-0.6055174231132413,-1.4852802553700415,2.5227809549845115,-3.4902633903183093,-3.4171843934498045,-3.2556172893535873,-0.20767065253612393,3.7307649321037024,0.78398377343332,0.24766143821537034,-0.1304293260905367,0
-0.29017553939790663,0.18953915869102156,0.27453977486065795,-1.7004389031049345,1.53586277011267,-0.2610242137334429,-5.503678504173991,-0.456960494317616,-2.7985875980239565,0.8888158156776133,-0.13091996034037787,-0.6914000827295721,-1.8568426480878972,2.2350330379295884,-0.8414142571473031,1.2568808970051446,0.2389251396846881,-0.07404767418586326,1.6152660144591198,-0.6904911478219957,1
-0.25253084036146656,0.14888080265868753,-1.4638229770597377,1.51525335549579,3.021394840418455,0.35409113018732863,2.2810385552065195,-5.886312693448521,-3.592306795168356,-0.5307487997028703,1.3232672173954005,1.5937090656186421,-2.414143225792605,3.6440459909226433,-1.599181219873461,1.5422217951109933,-1.5198818667068035,0.9763093268570103,-1.976055386523043,-3.1920000113812534,1
0.4528494864520516,2.5321421080071422,0.5791928723540911,-0.7284097660499176,-2.0287772782426576,-0.9342043984244687,1.2354678237286874,-5.535731617705006,2.3164696223684267,1.1012247435315188,-4.736400021895516,-1.6615412159206628,-6.8602018108452425,1.3751477721947691,-3.264340216984119,-2.802699867760924,-2.008718025032518,0.14882500429215328,0.971066777828677,-3.638247476490513,2
0.1197823567629256,-0.5014096684809148,-0.06584998156872546,-1.7189364068557729,2.1496169395045386,0.4154490247439272,-4.891994388338874,-1.5264555497478525,-1.9309964973825906,-0.19160546307250215,-6.488857688762413,-1.8249417099142122,-4.303957556790983,-2.9070959805507712,-0.7457987502940361,-0.7526712765430865,1.1015362357512322,1.024536271607702,-0.5802950988923962,-0.37793677940426074,2
0.07942334942961432,1.7023002871062043,1.0206876364203537,-0.19533689020540268,-2.039869522673722,-1.541296253287114,0.7055621424009769,-1.749931362218749,0.24442226388530575,0.16052018661350062,-1.7860644699758923,-1.8363645340491284,-1.361201134902124,1.0229885609579816,-0.1913817450778993,0.664805412494232,-2.384590266575338,0.9640404354189851,-1.5789654477529176,3.3811809923238187,0
-1.1412806066749939,-0.5048023829768498,1.156641147231984,-1.5474846147062125,0.04082872500899933,0.6190245191695966,0.28980742095677997,-0.1803755967812366,-2.481632981665201,0.16504691999589596,-3.800885343181706,1.260281514804722,-2.3639904805339302,-1.638538837977916,-1.4947172509107602,-2.6241550907030717,0.1920332609333879,2.009433767536038,-2.303262053109427,0.13843384219453014,0
-1.0714168799615282,3.9971780062929394,-2.3745825306867427,0.8991955250832986,6.955095307671905,-0.8834616950825707,-0.8664479677764986,3.7854129965194403,-2.1093803571996643,2.7920598747843237,0.06941269966147778,1.9814761389172006,0.7337836693311276,-1.0994843147090005,-0.1802498743311467,0.9526696322143752,2.07453733835864,1.9689817107991647,0.4651955827183353,-4.845064184946738,3
0.5690419584181278,2.437508834462691,1.6428415096349467,2.4751800252711074,0.4014783295829233,0.7593402928021163,3.06994570771172,-0.4258911555424265,0.6261050090663427,-1.6530422150039252,2.3816719099051533,-2.1291811865181653,-5.888741614204564,2.243923503300288,-0.0030330102335042186,-4.482560592583167,-2.691937418222249,1.1547963279335345,1.624468759275045,-3.9393394063217486,0
-0.10921538481326784,-0.42344711241018196,1.9325721656424604,3.3343358945917903,-1.160137922796889,0.7216119262181734,-0.9271017328624584,1.229344325700965,-1.8357703994957901,0.27329419368002966,2.279185051332618,-2.28075160149551,-7.252295988107219,-0.011963044954118374,-1.6655942958564474,0.5659090953302806,-3.1524769671447523,-0.2936731427202118,1.2894765644476065,-0.23354709462538636,0
-0.13160057377310483,3.5170234045001063,-2.3399093516750384,3.5244002181461065,2.9159670745555117,0.7405107012669875,3.3703115837769992,0.6390280136111133,1.8153342037846805,-1.8535410775145302,4.571257762928986,3.338031491053794,3.6473192838559223,1.1645686843827256,-0.7831737875542916,0.6351754726803198,0.47886476155347946,0.2492267183939754,4.737938608945718,-2.9818827024337082,1
-1.5458589697859781,1.9379048195976711,-0.9790783057044175,-1.2563985103918132,8.493900949181587,-0.6065355006629567,-12.587415948409655,1.2088367294406914,-3.0593605928975265,2.9296776862602893,-5.153047451491138,-1.940154042296749,-5.0785381257344,-4.956425606332833,1.2716778108216382,5.085966025459408,2.3930326433797493,0.03748343044151456,1.916732770456707,-2.791525124727484,0
-0.48575316969594473,1.0930085289119666,0.798691592315445,2.3935979637834874,0.029009353142674478,0.08994387324884202,1.3125313439858548,1.2524276356660045,-0.7613363635524468,0.31199242869089533,2.7788105911824608,0.18454257807371333,-2.5780240164038672,0.7000501584127636,-1.1304175309231081,0.1618710274743962,-1.6307915324430393,1.9362172842059369,0.892091487605623,-1.00228619180101,0
-0.5734931562728595,1.2376292012932946,-0.7287471723565357,-2.9719655784515577,-5.596115197178118,0.59604215712279,3.394186009423524,-0.20936303424000413,1.8465287050918024,-1.1284452559048697,-7.959605292871732,0.43022184509957095,-2.589087686875376,-2.027373573256267,-3.3138945512053333,0.673194794611077,-2.535138109644998,-0.04411600767179164,-2.7587068412975,0.5097952148629517,0
0.44131336970445634,2.1394388823651873,0.9751841954759,-1.3050584696393392,-0.32462274728703905,0.9874944315118808,-2.978393372007617,-0.1094229220211711,2.0069407995004744,0.282353703268109,0.0704248595462241,0.7114216481884168,-1.6070091001415778,0.26318576577309916,-1.0988464595950995,1.4189200988879647,0.18407173078837813,0.2330201618355921,2.419342499634431,-2.3586747060634843,0
-0.08577062087132668,-3.041578333031674,-1.2545888773563125,0.07757859243192478,1.559027805016189,0.488069922184174,-2.5209804734429793,-0.6994242626367888,-0.95605146321655,-0.15570133146750337,2.2780447457140696,-2.754377871007179,1.4130338272421459,2.1105649694395607,1.9530787894981376,0.10057451088557468,1.714898810243154,0.1747107327585474,0.07514200945569494,-0.6108065179978253,2
0.2941939231712619,0.7700857714031927,1.4910869722233575,0.30807480467284265,-1.4383856406556368,-0.7289775989460784,-1.9738271067550472,-0.13626890217308518,-0.6144697196990141,0.7723203817734793,-3.9285797953892305,-2.5545995210380097,-5.74960886947999,-2.0252830108606923,-1.9831501770478597,0.6319524317351175,-1.5411647025103465,-0.5980645572653881,-1.404592284578778,1.5461292147788877,0
0.48076852983170315,-0.17115911676437734,2.957778938872587,-0.36645302506690536,-4.6461272878908115,0.19492639126912756,-3.119173183612566,0.7097476493454826,1.2346204126787415,0.4751055784198079,3.5856578457143358,2.1668403951129553,-0.3368469155960555,0.9676646911833513,-3.102681746489245,3.8687974172724733,-0.6933532319172288,0.05618151678074117,2.4717208533568726,2.31851121373045,0
0.7280196898121404,2.2977532511744996,1.3167416604257722,0.8778362935233708,-5.298538581476951,0.6274116264141991,3.1277184537703935,5.90375050720936,2.046306719930222,-1.5248935399213526,3.121652485648486,0.7872983694266549,0.9685258948807726,1.8298137054609107,-4.604227012164669,-0.8471668847904104,-0.09430653629090624,-0.6055938870939891,1.148011114767428,0.4031228442986725,0
0.2070093303943671,2.5876901871329094,1.6347668775896544,-0.5094858429738109,0.7917278707362732,0.04979282184371716,0.23113226605542822,1.6446893141512011,-1.3476985853556218,-1.00432952941944,1.773915012586251,2.0050827529980446,0.5740971998225917,0.939931217988279,-0.28216231739804254,1.3135389086786713,-0.5411558683067264,-0.8182886435718353,-1.8276373201803144,0.5584762413200308,0
2.7364447661344182,1.5872838669734715,3.7675587009370455,-1.4533740280687608,-5.739406729117785,0.6206684153913268,1.2097494688191068,3.4661443547873105,-0.5027950011996944,0.305129853797735,1.2929120833310033,0.3411111901242927,-4.259087472183008,1.6841540916189421,-1.6910367392063974,0.5907947650277892,-4.587697965731367,-0.14771317435002804,-0.9410994847643038,1.4341667034766798,4
-0.9446690066157604,3.2045485848639403,-2.0537167033724817,0.1348285179059674,0.9635419617224911,-0.13096198295672487,4.7455896385648275,4.162493628388549,-2.09575467049099,1.7228992886186119,-6.7594026429981815,-0.347603299857553,-2.5163112884960466,-2.267895918620675,-2.2196091824569413,-5.188944846797225,-1.0885529211770657,-1.3377110260651168,-0.8804966882231664,-1.4038712985808752,0
0.07991510450788056,-1.2892569052738456,0.8919027556011254,-1.4451803934553848,2.02667754555962,1.3370831775567942,-6.993470127194234,0.2770632452011291,-2.425704722644573,-0.4839833918632709,-3.8726183979761455,-3.642729232293465,-7.551626608916042,-2.4198245516534755,1.0975063769237297,1.3659474801521296,-0.8691044158425137,2.0166124234609777,-0.3624466660041543,-1.837512170842631,3
1.7038626169752848,-0.9427412156215771,1.510431872182469,-5.927461988548093,-6.657325856432544,-3.404486485931853,-4.0000986785296115,-3.660309176865149,2.9329174891195327,-0.7026217584139672,-3.3801862956613835,0.5393088485733932,-2.026359353866777,2.419767149280921,-3.044366483166506,1.9723710807609,-0.7211918145848468,0.05523249851304364,1.353245339487187,-0.9318473277385877,0
0.6840206307305157,1.7992554841312198,-0.8057551371717908,5.09306203609385,0.9720945263883023,-1.4101437091261866,2.133135283585378,0.0015342235123019243,0.9926137008716494,-0.0436018408644324,6.521126810196575,1.5246673727348226,3.1319273887628256,2.0445467156052723,-0.6747555433506256,0.12600321476635334,-0.6286431955621183,1.047721513366406,6.2792679125718385,1.3667128770683732,1
0.315312740415205,1.4185544488159205,-1.0121385357043078,1.289922703002377,0.47742733007039034,0.8746427903200078,6.613745454610501,-1.168174205362635,1.4800508384213185,1.6276666981485703,-1.7967159853653256,3.7341251806097855,0.8937313564529054,-1.9146310294494249,-3.196594072429594,-2.4072267292921468,1.7999957063864165,1.1103735990755232,-2.663123896684194,-3.207130192058228,3
1.438030886920464,1.8883787364136322,1.309131177058357,0.6934753631680806,-0.21856653668625045,0.8073741438163111,-3.2933033300946177,0.3960130617863792,0.260681461313065,0.1507666641911813,-3.098559168735104,-2.9949502685953737,-6.827640751398044,-1.8559073293315596,-1.9901478477431005,0.8386951093862881,-1.144646116633488,-1.8808388009804358,0.30601776244716394,-0.8271431353685452,0
-0.9149787292541657,2.576755930263202,-0.24084461056630113,3.7411467222626875,3.77499588258649,-0.3380985532282589,-0.8962752147340682,3.1912985586338025,-1.5957065327104047,0.727486872241873,0.1064669133763501,-1.1630465847862645,1.588597688748613,-1.7389481313466937,-1.2041444635887584,-2.919523984689664,2.445085842263272,-0.03446307409296506,2.2813584772512554,3.1918700562910547,0
0.08968992971198783,-0.16986439291394473,-3.472551942836913,0.3326508013387858,1.5050506842090685,0.734307790619755,-2.0433401884278646,2.2030694653631144,3.826283127253141,-0.13207310554270418,0.39043221019848257,-0.04804494254419045,6.221077742198277,-1.9227514886401078,0.3341342134329366,3.010095557103924,4.532283062407576,0.9429812404830894,2.1651004998661207,-1.110767165557442,1
0.5206101308015065,2.3687665967388583,-0.6278094621359565,1.5243484771227513,1.388822865167551,0.6538465953103229,2.1379372559100775,-1.1765123742681822,-0.0690512435270878,0.7911515261048111,-1.8439023722928463,0.379650375292681,-3.889176634834143,-0.8426304611225455,-1.3308576795507323,-0.48941071382442114,-1.6823905620182056,-0.8101770000495678,0.3661893822496375,-2.8241856642982146,4
-1.0598113427609108,0.7754476207416139,3.3961855368750005,2.4225358767283907,-2.596260413107854,0.3039414673797327,-0.6352829857900886,1.3573243481172304,-0.39490570417801496,0.43246446584494164,0.19444042514295126,0.008432577404719144,-2.8799719880986467,-1.7479732875230083,-4.201543048452662,-1.4006960844150165,0.1818986145832493,0.3272853461637792,0.49234419801320106,3.9560263970601284,0
0.5035875909239272,-1.0564470633504142,-4.331080998890904,3.0815618615467826,1.477497407769224,-0.2084567158833202,4.16765357851591,-0.35151108918013274,1.835839936601821,0.34922489465160417,3.4690720643182287,0.24368835645132536,6.032111110420207,1.1884932417443768,0.690104248806434,1.6456736886219936,1.8415884699911524,-0.8844629741612474,0.5247579486888672,-1.204190737502918,1
-1.6970016701598758,1.6408489941698736,2.648013088581836,2.2547894921166742,2.0299472793037765,-0.2558157042524079,-1.120437825125968,1.5489102546799152,-1.8690414982604686,-1.1503885841172417,1.6175131226792892,-0.9814315073445842,-5.180091906393363,-1.326519719987278,-1.3859869830069866,2.2356079805618307,-0.08952758690140894,0.2316598353984094,-4.587510875711759,-1.0216652852626962,3
1.5165218223678032,-1.6833508497528407,-3.4774790605510235,-1.2480221638931308,4.14773860106162,0.761558732117613,-5.353531427773196,-1.9389275277871723,0.23727845084491062,1.2247635790626354,-1.2873844151972373,-7.175377741532357,4.653310945719406,3.0411682397141147,3.832591856767783,-1.1543087935218739,4.532430712716294,0.29753893802397086,-0.1454353293970141,0.916140746704436,2
-0.31224379779611117,-0.571594562558299,-1.5923533887545238,3.5434581269163083,6.968481769239732,-1.8659362252559817,-4.182047554344822,2.9741369003978932,-5.035694715963881,-1.085513022674733,4.261300315223825,2.1696236129607827,-0.5758861602593361,-1.5504344056706185,0.13725381483058863,3.848381494875719,1.262499075271462,-0.37990291232555723,2.5777596445579163,-2.2872897757415673,0
0.8667877755870737,2.6256271716234005,2.2392823047798176,-2.135348210916432,2.586513690907769,0.8918181780704724,-5.866632333131906,3.862247475295072,-2.217112878873276,-1.9262319517224968,-5.037812527255366,-2.625658121086836,-5.600124070210767,-3.126817410753248,-0.30307467115121867,-0.6425483098057878,0.8163009760103781,-0.26997506575898067,-2.294565362893777,-0.5525744649109896,0
0.22325305012312946,1.3125979826878944,1.0637330068625723,0.2213973080646371,-1.7285339553326704,1.0379178685405663,-0.10386795772505293,1.8458996692344436,1.0576411457606651,-1.3963985654547146,1.323091462655345,0.4996332215891506,1.4767046389095024,0.5200477339110958,-2.252204743064904,0.566171014790473,1.1933474707841039,0.9967415016472139,-0.20016619549608394,1.3692857065605306,0
-0.22964062673175234,-0.02823471580676129,1.1828768801890792,0.2265423990135076,-3.0474556549859986,0.43207346047077927,0.2284085868714756,0.8265214146059424,0.548210771797315,-0.3949402014490282,-0.7936022173703101,-1.1876398218820303,-1.6668361761242416,0.0743306889246349,-2.375980933950115,-0.90247279820726,-0.27804133726851354,-1.1078287429374072,-0.23615068314648857,1.504439769611387,2
0.9346560317976221,1.537006082660213,-0.08903374111648144,1.4146185682428907,2.683293848177656,-0.20471950621822432,4.258683720888413,3.236448711848422,-3.2012046154579474,-0.30880384827867013,-1.5008124546640846,3.9954088412552062,4.039595226646617,-1.9748367348611398,-2.836506575004057,-6.498272206663341,3.30596544898368,1.4048800806781325,-0.6051984763448124,1.995199962037204,0
-0.7245216811545522,5.380576973525636,-2.1327006137545936,0.06548110355907744,3.1995117805152975,0.1857513678576868,5.077377819748117,-3.1496934843599442,0.7664039611898401,-0.021724996044236722,-3.4814970139329624,3.496333179765546,3.292630659746884,-0.03014898638357788,1.6996126184452351,-3.6952330996954643,-2.1035502194249993,-0.37313186244124735,3.8069050236157564,0.4530557655279528,1
-0.6265411144106177,2.6770066558322627,2.5049472078784016,-1.4464112806818759,2.5598281272299435,0.6470066499113067,-12.335449493751305,0.20550789518898005,0.2396144760629999,1.1293376791865164,-0.4552006987553195,-1.0291431885467484,-3.1255804396255007,-1.2487278366777763,-1.825587793251434,5.308585360436641,2.5866193613478625,0.10780395752861958,3.3448355713361098,0.19063650520611808,1
0.5009194426660396,1.387855520652903,0.9360112086946215,0.7195047743126717,-2.631345338961412,0.6039999885462077,4.1404272088655345,5.208949416240171,0.12242234763430004,0.36005534926138993,2.2505866495863422,1.4782827804447294,0.21298055772204932,0.6757668873569826,-2.7401435180709086,-1.64080851663683,-0.2153994595113723,-2.454257736119428,-1.1027746060049877,-1.0218779471733495,0
-1.5343796232333045,3.3069429390025764,-0.3223158244143485,-1.468057432015696,1.9071024311288698,-0.5992561555791459,-2.9591309405320687,-1.6671294757610795,-1.1121527563656268,-0.0035611858716525836,-6.3994999826927605,-2.075221344921714,-3.5933887171993617,-1.44323929489335,0.038832261885676234,1.5576391471424191,-1.5634380702034996,-0.2060086255944716,-1.2402188035277872,1.1769469889008735,0
0.05056801320829281,0.004316492209062273,2.6482041202059827,1.6720831344448166,-3.7861932878309608,1.0341167309060062,1.3395906460411846,0.22356144436392344,0.9279135487746997,0.4633803043897816,4.044753520322482,-0.4608645871552197,-4.061422494540677,2.228600787889443,-1.8913468071740158,-0.7687376505262458,-2.613781821791561,0.18739861499375737,1.8111074179585442,-0.7432224202532229,0
-0.7132954415455973,2.08491161056046,-3.4572124640659077,0.2736637878284147,3.4202331882112347,-1.8684662616775558,0.1945651702369566,1.3072878350492965,2.6440664781363914,1.1505115705557063,1.921217146085935,2.750944521155858,8.135993845679302,0.06550968136819246,0.954639813696377,1.2128980803955478,3.6820798927924905,0.1439968979665733,3.576814346129259,-1.5805115684724205,1
1.2241138997264402,1.4974456491054027,0.45668771771858296,-0.011664693230886591,2.3149576805269416,-1.6487047206042909,-2.975699692069763,0.00339875293794778,-1.334996624230004,1.4210805930629675,-4.978643856646615,-0.13159846815507947,-3.105489456734971,-3.5864042250039256,-1.9857557945173245,-0.6974407704488637,1.364894516787178,1.6722664158606673,-0.28371894942215903,0.3360058604592665,0
0.8458469661800985,5.10261261175713,-1.6981893904378635,1.6233499244471097,5.951780436814212,-1.1184948960779733,0.04303076594714819,2.6590021471952276,-1.9079565675942067,1.654528307332307,-3.1132487114976084,-0.09286039116424105,0.9531044835165873,-2.2389880748778017,0.29427787983024634,-1.0367052435369295,1.015773781426415,0.6733991236709899,0.07228633535878193,0.5324080041590102,0
-0.9571951220556801,2.1476966914001316,1.9969201618927297,0.9790520528977298,-1.4622241096059152,-1.1918477702187842,7.914922290040487,1.2818909813622006,3.052171121668247,1.9656922965542878,-4.386922387076613,-1.166350583608148,-6.599924012774483,-5.650571999491366,3.8790354555539825,-3.868943062639517,-5.283859505322654,0.15723276568899122,-3.9816184223680655,-1.7100986223555412,0
0.6198340388780935,-0.5331180700656173,1.092513931354896,-4.844651542432795,-3.9456183408530037,-0.40861990571752194,-4.8518763129767635,-0.6082255031197876,0.40613681516968403,-0.8630058476105167,-7.831824482774666,-2.6001170059986807,-4.798350250611549,-1.455846554577036,-2.929362723441291,1.623707328764304,0.15977690366756847,0.16360590961778826,-3.1243264151046697,0.4055463068130436,0
0.6337635523231213,-0.9534268675868041,-0.5303901975238071,-2.468590521096355,2.9056022383109186,0.8559449657599065,-5.861562331468219,-3.571061265535238,-0.7757673450166218,-0.8642025440694543,-2.7789424081323206,2.020202499257434,3.013830234564563,-1.090493906443128,0.416626814914564,-0.12482229011172463,3.1831224516045884,-0.7644407413302057,3.2665325832023706,1.3590713748751333,3
-1.7734918538386188,3.0290053784965183,0.7828007969035947,-0.5698903083320266,-1.109437332829756,-1.2404225174642518,-0.7742078548444676,-0.22843177718650298,1.596930664164638,-1.6566739647538187,0.536849778205773,1.3083301838321297,-1.685458715750687,1.4771067369058035,-2.3174418254454996,0.7668499061960833,-0.8556693080620458,-1.0740187849840637,2.748776312965584,-2.1597363453221554,0
-0.019290557578656317,1.36118903897619,-1.5523425493351606,-4.3095824284777695,-3.90010799055192,0.02084960025238944,-0.10566156551829439,-0.5036728129654369,1.846156122479321,-0.4297554124524534,-5.909100077984302,1.5051508105930582,4.306301297609833,0.27562811390177977,-2.516892027006513,0.5490221537627444,0.7540698682429314,-0.6517133728928124,0.5356456465090625,2.944505649645401,1
-0.392182540456198,0.41008051376663923,-0.11838041029158353,2.542839378333892,-7.999502370541416,-0.9369084376665925,10.043325177038566,0.4281497434302164,2.635844160893146,-0.14766805395570565,-1.819237358156842,-4.641856699667699,-4.644621734702358,1.4010263936657763,-1.191195950890092,-2.611369781184761,-6.482061760781106,0.3210065993382798,-2.8764074132088444,2.0697534348796016,0
-0.7367318872436055,0.7121319495920542,-1.9302427489979337,-4.056646072047567,0.7056519208738727,-0.5440444395964625,-1.8942946477784752,1.8411513100610515,-2.727095920619451,-0.08742231386989534,-1.7898941708435208,2.369478729782095,3.1824285519681554,0.9844185299833856,2.233910186875526,4.20847687817203,-2.0250551678055335,-0.22192515019867304,-0.09042538598452698,1.0487911411402424,4
1.5468416916440595,-0.311488125063071,-2.0910988742947865,4.412952419756291,4.73805802342024,-1.1940266131498605,4.90071293938035,-0.860008389512062,3.6413965030187696,-0.13714515835756358,2.272933714866871,1.3196152118337308,3.456518938627668,-4.014989982289025,1.1395748980501694,-0.36827901314484845,4.6813010249392395,0.9436692184253649,-3.0233686721260247,-4.096338663578422,2
-1.1065637959263668,6.5373341943567365,3.0477890755402974,-0.6750858030633176,-2.161124872064311,-0.0015859262733926738,3.6109509960895543,0.41984416821509307,-1.9257046744957016,0.351244151670364,0.6241940696451908,0.8237024113142839,-3.4185724216331654,5.44552279524215,-4.573022288177438,-1.5216021992457684,-3.130828863210444,-0.21518343650817895,-2.948372814101603,0.07369262580368163,4
-0.7979215887038205,3.447692774307698,1.847860823328185,-3.077693538897628,3.550957367008119,1.8030124437669164,-6.234704193282358,4.7317283148293,-1.8300759684793748,2.0554157406451323,-2.2664507843131925,1.3004823628439377,-0.30892117735130586,-2.4213967178483258,0.1346358716725471,1.1987869299757112,2.2329561316697104,0.5296891081501497,-0.6856440879056447,-0.345104794213254,0
-0.9955875029247702,-2.750154908450088,1.4147321857623267,1.0926338891025729,0.6818363684637316,0.10045230931323762,2.7127112300748406,-1.3627515242857018,-1.4263707247765245,0.8110194658253493,6.564579303113851,3.3550161917961976,1.300458723542535,2.014657807786151,0.9656711134086851,-0.17351333720646145,0.262187660329689,0.38142691296829023,-1.695492366798244,-2.0793619788119946,2
0.43200023052785114,1.5571886645639532,2.006801953107045,5.373567945339053,1.5915899980780899,1.3408996019688921,3.5687765907470608,2.4224668259804742,-3.7099625462262513,-2.4318519399599183,3.6196908449905107,-2.533704518939818,-6.973131324838192,1.3336323912673622,-1.2739683927512173,-4.20334690814723,-3.0299658517469834,-0.3168564131420692,-0.360904882148428,-1.028204535401525,4
-1.611346920052112,1.8472176901152952,2.0847542775284866,-0.07336119535584928,-1.0715597267381913,-1.1969238653861733,-4.004158193262897,-0.06664532122006439,2.571313612724952,1.0701904616417472,1.4207161650127575,0.5120484781214056,-1.3179312868488453,-0.8533255572535409,-0.6376762638120904,3.384535335081466,-0.26073664121239715,-0.9306400869747108,2.6160698732493572,0.47354177457580904,2
-0.26416810625591164,0.43665579659161025,1.4245446286342847,-1.4998133421257536,0.08066288988819177,1.3390059979211761,-8.288513360347991,0.8718993058634233,-0.21863888857792968,-1.0900906960816756,1.6362651784032867,1.1444060696096012,-0.8409476129415461,0.5976457420157122,-3.4049493995649236,4.556855581318901,2.6300402432577306,0.40038223340711926,2.7425593932230323,-0.9144208869841801,0
0.25080081564605294,4.7402951366736925,3.072730836914158,1.1600746334430805,4.530839336147698,1.4687311983209013,-4.098372119516132,1.3265362722410183,0.09093941339992884,0.5071855883761722,2.2093804504510524,-0.9425362812421919,-3.034631671147335,-0.4079727982607768,1.8342146606814227,-1.0712583748385285,0.03235202095073442,-0.48425022043826044,2.3732406101626795,-1.0482017735188172,0
-1.205336393319812,-0.31320286692134913,1.8396756432551706,1.4260266333557587,1.513652254131053,-1.2284874376510846,-2.4570823969437066,-0.6835213934321811,-2.294277108632997,0.43118542003545113,5.754327560798229,-0.6022798230398997,-2.5300435920702586,4.143379067327667,-0.7699665477522586,-0.8471503324431593,0.04063010669661238,-1.0091088213655226,1.9132441408191958,-2.137263592522464,0
-0.7984056574209569,0.6587815230653464,2.244627297465898,-3.6169001607146507,-2.770993256601561,2.6670572308304545,-4.344847205242347,-1.0131415410574665,2.306543066918556,1.5888104138074497,-0.3825113044926967,0.5577229667184602,-1.203844905177322,1.3030309297634326,-1.349586895365861,1.1052376231614578,0.5687936387339907,1.4836257436653333,1.5778043464567577,-1.2217010398841874,0
-0.9433956373230732,3.185852402547534,-0.024071803624463817,1.257822652350777,2.4622422995017534,-0.805167500768392,3.1633696033364265,1.9450026782719485,-1.8006529070987796,1.677285166187952,-3.6235767290107996,1.4843708317493842,-1.9213648880760728,-3.126170495941235,-1.378750671893769,-2.100144432054136,-0.40368154180998994,-0.055568222725037024,-2.2108191711735152,-0.2389994991686295,0
0.6715589707549214,-1.3484691674710103,1.8107509641106085,-2.3015043885821798,1.0651861487221856,1.4984698448780989,-5.665351583358536,-1.8817586351641635,-1.159881147185248,-0.4661552011202327,1.6741891714270052,-1.8481194007896993,-2.9431137278889614,2.74584594794252,1.722866037171875,-0.3556209186948217,0.0664158121174031,0.0012620513508245805,1.3887321457344233,-2.1627131467894207,2
-1.2745582388056698,0.49865951779631634,-2.2344735523716324,-0.22156764217479052,3.899821013260974,-0.21856899833167284,0.8676053178672316,-0.46625200934138555,-1.2536015394057884,-0.0739196939682966,4.246689530581029,1.5078604767445793,6.097161889398796,3.5573104726577474,3.820957829232391,0.6113019129614194,0.4067789579660943,1.122542795506654,1.2743719550517132,-0.6638796592931362,3
0.9273001922371351,0.068976659126888,1.3725220144647448,-3.103531370947132,-3.4873150418812457,0.4535650790171275,-2.166911881881627,1.2012606564733588,-0.09429891231845278,-0.37849392561137807,-4.215614292319895,0.8795411531117188,-1.2508891789947791,-2.152280678792422,-1.58538646332907,2.6901435419857767,-1.0017238382241018,0.2838154354316865,-1.9336531141347986,2.7030016479793706,4
-0.9260720276904779,-2.402012868808206,-0.8823140314128122,-0.5914018025401793,0.5121832103081081,-0.7329833432593729,-6.317560487587992,-0.7120100791430453,-0.14450895878561776,-0.19764098893855486,-2.546330452863547,-1.1687005311928864,-3.823918802981234,-3.4619261781066153,0.29487956167362817,5.8437767637809275,-0.3355374856580844,-1.3001208872900298,0.9881661363393761,-0.9552719384847069,0
0.7589783715242678,1.944513457011158,0.536320393288426,2.2070284100272164,-4.3789125186757705,-0.9516726199894621,6.625726781367171,0.38524579484457167,2.503243922010929,1.5802955080685877,1.0236725758558642,-1.8635290974097665,-2.665454149066683,1.1124046916937975,-0.3051492862687215,0.6992097179570018,-4.616576299409127,0.6716374463310052,-2.3301523385914886,0.6686077537575882,0
0.5490626223333354,1.7265252064281063,-3.4690583348598336,0.3886756757336517,3.6832990819723683,-1.1693224300167833,4.229081267231803,1.4917140558972257,-2.7422311202950365,-0.3017722771130864,-8.986782090602196,-1.874361310629495,-2.6310296939544067,-3.5771613459743468,0.06631022773958706,-5.683309030912494,-0.46796924243266946,0.9949951218724415,-2.0371714720610266,-1.4780239886602748,2
-0.6857440737196069,0.7255227615525363,2.553164115494467,-0.16656203347049403,-1.5037844877059727,0.8466284281968087,-1.3058349667825209,0.6517218550868022,-0.874672467607106,-0.12922582970985574,0.4815883164755674,-3.3001080926060498,-5.8526579235527425,1.2765369369206172,2.137545955573115,-1.2038219104903938,-4.487948462000608,-0.045425914786545,1.1194357557977452,0.6772736916546078,1
-2.075548494706947,1.4298542848626945,1.163310846974762,2.3944376111038403,9.686032519653082,0.35382593524071687,-5.040153107139787,0.6531238718442783,-4.407848731203355,0.26182293450421334,0.7639967371187841,0.40614061158224035,-1.9829683986971587,-3.956806212689892,3.1905560909837547,0.8437463468023372,2.12745843828917,0.38635031342739795,-1.413311746417723,-0.5124819374506253,0
-1.0319977049296458,-3.004667454602525,-0.33007376376995157,1.3923646857799268,-6.17062581809955,-0.253947248475693,7.743027327594043,1.8159867700570747,-1.6408309455155974,-0.7406879627284342,-0.4243491566554452,1.2376777436551873,-3.0688800888784913,-0.18944794720972813,-2.913753562774293,-0.8785857829473651,-4.351520373395872,-0.5198068281517645,-2.4617188061246456,0.5532547905583585,0
0.054046744289667145,6.697869503485584,-3.2904108845893356,0.3871985465795358,7.17998460749081,0.14755419327162667,-0.30116493043358106,4.525750274774534,-2.034665767900533,-0.059859144513500266,-4.139988430111746,0.21550001011045983,3.024264567891883,-1.5038346969929777,0.3263930494173404,-1.5514874674963068,1.8705196745079173,-1.1175029403086363,1.264248732321974,-0.6215456146403826,0
1.5642813694308688,-3.302234027730912,7.392478281995991,4.679706342292276,-9.862379482787048,-0.1513825677355871,3.315572709778666,1.9985931741027736,2.743473114627756,-0.225906424775555,12.86808733668135,-1.157760932246205,-5.773395980854973,3.091681445211675,-1.8430906155407725,2.624934997886165,-4.769176054833591,0.13845703861398054,-1.3665411139335668,2.1225143157241417,0
-0.3696634604821155,4.020062667287611,3.3963980322439014,-1.7894184794953611,0.7092531123041995,-0.0789419389589024,-4.4017849118124435,-2.338654212473014,2.3341339942720003,2.20812054073328,2.7234005793786653,1.6091261762772646,-0.8454378924365307,2.443713177775156,-0.31394891172616024,0.8627169112710025,0.4490468861071112,0.30993868102108424,2.95371455815864,-1.603971854252395,0
0.5599616670099412,-3.2205821324062542,1.4340349091622902,-1.3366848098934008,-5.888166581313171,0.38098456062246705,1.4612112927890644,-8.20387861774332,4.824129636022681,0.015956987781536546,1.5417755308163645,1.3762824622486365,3.1577796365045434,2.684324668861578,-0.16180537132542572,-1.3053975883324607,-0.14340255222761045,1.0253819886388493,2.7995257788964083,2.688696811453918,4
-0.012476050611647693,-1.2585259544732113,0.8922610488411669,-0.8295586811505926,0.19083820626884707,-0.7853559912063197,-4.108754957517417,3.856166033580757,-1.3686820954355843,-0.34473097462135205,-1.4495057734034533,-0.44827568593601663,-4.145200132640273,-3.4647986273704476,0.0009112478695647575,2.271983686961541,-0.29994563598117896,-1.0104243864236224,-0.31234576759617627,-1.3597865084388376,0
1.1157209628287266,1.054456564371563,-0.5958512025395479,-0.8281433215929015,1.7849899700039658,1.0074186779447727,2.1291655475900524,-0.36384086010071903,-3.985009056314241,0.1900858233931888,-7.0141981763900825,-2.481770437401905,-6.310116763337957,-1.696106169644434,1.2885707296692588,-2.5758196867089858,-3.7983954663473485,-0.9328118064103031,-3.908325854184537,-0.35956134264381023,2
-0.2800551909365809,1.9428585803783625,0.17485834751759322,1.4731953160395452,3.800898871729404,-0.1851310330903592,1.2738233201791993,-2.5211766835379685,-2.6040922026479736,0.7910232641043349,-4.523859708667772,-1.2096495784492454,-3.4194419821556488,-2.7717956379368216,1.7826150617972365,-1.0884639627683093,-2.0310846392832866,1.3560184927534369,-3.069468437142409,2.0724303401613584,0
-0.5515774445558328,0.29860785246117083,-1.7954279714929986,-0.6669985722367986,-3.461293292037935,-0.012470406970066059,4.572255803373559,1.8988344871735048,-0.594353870296791,-0.6875123713601831,-2.484346947652275,2.8104437560643154,-0.6105227664269633,-0.20554509432734125,-3.9281771540750814,1.015622952136169,-1.8226421027096382,0.7353959926953362,-1.014808737224926,-1.4670049666396403,0
1.9843638826691903,0.3785342250052427,-1.9679749214318645,2.0136771176336943,-0.9093981425743731,-0.7089949602150631,-0.1800958983254007,-1.0942967283579248,1.5490587553146031,0.052574156382776224,-1.0554464294907346,-1.8877932095569028,-0.24743786949722024,0.2977544986147531,-2.3869714007699248,0.35578626992378903,0.38386385621272123,-1.7245356827633525,2.9451339841800084,0.39309894971747883,3
-0.7337902651708361,0.7554034471649325,2.6477516798761145,-0.05947118181324562,-2.8273276323637395,0.3847971135036549,0.1038022988127658,3.9867552109116535,0.30164421173363354,-0.9580527098143476,0.7003869756978832,-2.7026354490561983,-4.0543780748144735,-0.3961706968496763,0.5172907407874618,0.3737103513354155,-2.476577399021574,0.8793783073426799,-2.4042899576634698,0.7770595218802673,1
-0.9243204370107089,1.858981773612042,2.9991511531002004,4.553043018567936,-1.9561823674883163,-0.20033187660301388,-2.3401342771991116,-1.1259706224900174,0.15180004567444305,-0.5102249158994872,7.036261588134763,-0.779584298396928,-4.176430288006385,3.7251959323390356,-4.4158394669127645,2.3009711736613694,-1.641281725570333,1.0698813046722213,4.409705068280704,0.9818213151563313,0
-0.5878859834269099,-1.312698644332237,1.3736121529709178,-2.065045367990372,-4.1657492208142655,0.24497690164503388,-0.6636648825588695,-0.8388144309404095,0.6381350579134915,-0.5294424436870959,-0.5453624628741608,-0.7156139842426386,-0.6879840128969283,0.7490756401998677,1.0460701691978107,1.8192154792635928,-2.721780004170267,-1.2535245487700224,-0.5735375298209726,2.8765338431908245,1
-1.5594035897024712,1.4585947976589537,2.8924491411004434,1.62320091992832,-6.480140245566516,-0.24506270635175723,4.193169241100656,2.308074388607591,1.1607965450250508,0.43004183655984995,1.773833495450455,-1.3259233157009946,-2.570500706287144,1.567208477629781,-2.9126883385567477,-0.5314316515888433,-3.472662621637764,0.5112757415807598,-1.4849569426122537,3.560311891837651,0
-0.9113508842588359,0.04957002339311256,-2.078361366728213,0.9524654802811211,0.9705985902670908,0.16852020532161188,0.6190606729658577,-4.68589187581042,2.247899602536201,0.45136071903635927,-6.621314909934766,-2.8035244103760117,-3.6915482117908787,-3.2658554778810216,-0.5224362567918921,-0.5457240436873,0.18777334682785995,0.07884845684997051,-0.9395277856306077,-1.4753170259006931,2
-0.9862959608695043,1.406722516485407,0.6253521630350491,-0.8198498896323043,-1.4475511867416444,-0.29093506134881436,1.5416801407090857,3.87750750442976,-1.0942572820452785,-0.0654536202792209,4.531758216567189,4.954284060368984,3.6090791725230136,2.2617353088856067,-2.041176315779194,2.0196597352349075,-0.16899966908235686,0.37623027124794367,0.7032717793054748,-0.3701118417430176,0
1.056760613852865,2.222201667735513,-1.98645614496664,0.8215588353571289,3.4918774458443185,0.12946975361398616,0.34676466562681574,2.93630433613993,-2.3237991139384,-1.2395471224382908,-6.030707660159592,-2.5012298356431897,-4.495341466163996,-3.0545186646426257,-0.32185838159927993,-2.999507330065354,-0.6124814424017104,-0.5011161833958405,-0.20563946756995377,-2.1159407986868395,0
0.8921794686077565,0.7637576282968372,1.183013647408624,3.5459747473229535,-1.166049710662317,-0.4573038315428471,2.466921416369563,0.5601397554585767,-0.48000223213770743,2.3237890846419,-1.5254821354826302,-4.599581553014172,-8.817311937290489,-1.8449627032151081,0.5532902911680286,-0.7460153160120011,-5.130541210225573,0.9453263916610316,-1.266111611539002,0.15424223941789617,0
0.22701600199899755,2.0501801347754127,-1.3955743097747146,0.25736268416949704,6.227673770639389,0.9205509192062417,-1.4832612149152706,-3.090029073972027,-1.558730530550851,0.5296999859550735,-5.208099323994822,1.7285911926287434,3.8477245464630765,-3.551115460821221,-0.01624575542486495,-1.0670183116841454,4.18177431884963,0.6524946162287035,-1.6695118049267523,2.764344907537685,1
-0.4332480997380162,1.299647348380575,-0.028674738357568952,-2.0613394374787752,2.4064964692625836,-1.2314087828393023,-7.013357137287315,1.7504383350969994,-1.4325995180951272,0.42557911557896166,-1.7885001617713139,-0.5595009180462149,-3.744120328265474,-0.5069621178353025,-1.3489282929994308,2.8606807640423693,1.0620841793133908,-0.4476234655262884,1.4785958179080714,-3.582474842338267,0
0.7480408052698734,1.4146128811131433,-1.8088327594544005,1.01896765930841,-0.6780500846933059,-0.3844517577962163,4.1625564326793345,1.2956241226690897,3.166336077616738,-0.7362487158062394,2.403401494893599,2.437781011192098,5.020791663819874,-0.3806561549871188,1.586587502900615,2.1737419815874994,-0.7399805234006229,-0.4901862855632318,1.289184719752599,0.07719913424673475,2
0.0238844468604617,0.4841225799467138,4.431486415226451,4.212575203777295,-1.2302045540060562,0.05983813720284922,-5.416331300014666,1.476784662167178,0.16978334110853055,-0.1661222742647106,1.746071974410775,-4.257428640844353,-11.07671755572467,-3.1007265365109555,-1.6842089427111557,2.721546328381585,-2.8962076337617586,1.1692262982822117,1.7202106989193062,0.6665689363453311,0
-2.0662146310098857,1.1877189208713348,1.7100720743727362,4.272440759278222,7.827941926112465,0.0921969165877305,-6.36765983218461,2.1580117271520707,-3.6069288994684903,-0.6175949809531657,3.215752521802421,-2.566862731006001,-5.239366885948324,-2.489072223973725,2.1842174470599596,0.5457314569191298,0.8765290413006599,0.4231223673518206,1.7431944476952008,-1.2156030173436854,0
-0.8928883269092323,1.773586861506493,2.54375090590119,-1.9720550048169532,-7.672445375912171,0.10818787854789104,3.6213532089172014,2.3217980637701308,2.4950881180732036,-1.636018327359986,-3.4212088957545888,-1.9843830265835711,-6.495026471148178,-0.33400119617176616,-2.1543303885104974,0.6747332481049839,-4.986234450808407,-0.9252223065948284,-3.8340876474656262,-0.09812137382284147,4
0.8188753950611192,-0.661397306949034,0.8912667727489968,1.7266770548013652,2.710562339679561,-0.8782215810884244,-3.7076514247154853,3.1882312651905185,-2.286086525930963,-0.7541768882035208,1.730590199133386,-0.3968142002771686,-0.1354556600296044,-1.0720978700836563,-1.344207989824474,-2.4548141770447405,3.1816743053487393,0.6010245829906953,2.359437190509303,0.38475058671700724,0
-0.25446067528543365,4.008812701747816,-2.368018974893717,-0.21516260660670494,5.128182418789677,0.09354542107829379,1.3021557277360687,1.5003491412341723,-3.558380571903704,-0.17005071377640224,-7.547024630064508,-0.7860599113204045,-0.6996402968519687,-2.4406143120989574,0.2918533717036611,-3.555037203412288,-0.1207972679472663,-0.5922810960742466,-1.356380209951337,0.7457576641666714,0
1.5208196849121554,1.0271636972009792,-0.35134559206337324,3.322663894557313,2.706921182511249,-2.147114083154827,1.0846145361772235,1.2185603224081678,0.6235479924306413,0.542436218623086,2.8987755657105865,-0.8414496401982431,0.4990148215617921,-0.7491717687375326,-0.6313640491531463,1.5892113678144373,2.2875253251299794,0.3817652362229581,-2.7337849585962415,-1.419612719875426,3
-0.009021880573374906,0.4307662494857991,-2.0020002353476407,-1.285151500835544,1.527061785074824,-0.30833021995069865,-4.527372963341615,-0.5680781412762972,-1.5996259009117524,-0.42540410954929025,-6.345714158753603,-2.0709671810567833,-6.026683935008057,-2.1616268478355893,-1.9039777173020183,3.036675695977507,-0.7020766284902954,0.15855321728211086,-0.04173560805917642,-2.9777330565415148,0
0.799801511831561,-2.142108730183089,1.9947765866812566,1.6513597871940742,-6.318207359916104,0.6258846821769303,4.891057723828342,1.8775883544077705,3.8970556013726902,1.397244481558056,1.8984649613577647,1.123470509252702,-1.4290662222935844,-1.4752104111549196,-3.9064601007044106,-2.9508585724732272,0.6613911524086615,-1.0141682361430138,-0.08294212419161817,-1.2694047479478734,3
-0.5959563194483009,2.4025302116065212,0.7634262182677081,2.672323442376495,0.02446298292570612,-0.5464760143304203,2.9258242169332283,1.5903271601872135,-1.6438565445194877,-1.0882616386509967,3.5183648903900533,6.199279038758573,1.2459703713855437,-0.5526886264386841,-2.8615232256603456,1.875069425738908,-1.7825562771390349,-0.9012719176632664,2.6955531094899197,1.265296551145631,1
1.4827810851814196,1.688226675067623,0.8485362062750469,0.5120835280807318,-1.751388886518978,-0.8740032655390574,0.9021116978937852,3.2306185089962143,0.28752640714113875,-0.19864063130190368,1.6741568802973883,-1.3304189773589732,-2.5606985714260717,1.2530013207532678,-0.5896779623187491,0.5151300483392629,-2.1361510625818108,-1.4954062500370302,0.018066681465762402,-1.0501636267526364,0
-0.10269406964241742,-1.6203217661034457,2.9676336127372798,-1.2938957779004514,-1.534662643228813,-0.9856337144530957,-2.314702180017977,-2.797077203390171,0.7151232330897486,0.4700080519122736,1.4547564551700758,-0.33531180921104853,-1.8093765232872343,1.284944369527845,1.0958332148111576,-2.6616019446180266,-0.393645208275628,-0.8263960642493784,2.1192998422872016,0.3657468137040282,4
0.21752508164952852,-0.44780490387440697,-0.5462070447444802,4.0987873379411734,3.111278560328819,-0.061060034599068974,-2.8246582424321245,-5.491991853992276,-0.3555360151866238,0.5866902165538467,2.929001761127693,-1.4955442522809737,-0.8162732293304912,1.332139733970879,-0.7219331125518034,1.849787662028377,0.9794783881354228,-0.8269753338636444,2.763208166067437,0.8724469258165444,4
-1.196912962747972,-0.6127642841043087,4.1959728295602154,0.9565626183340054,-3.0794271288312354,0.49762211755235336,5.554852759628453,-1.5253594812596805,-0.00771601958787671,0.6184244124770871,0.4390571753944233,1.2081176095487565,-8.556218665493326,-1.1710010914717377,0.06078319096336582,-4.449153128860644,-4.954310727347913,-0.43086016075627837,-1.651329082460583,-2.836207786098748,2
-0.9200404962257642,-2.4361502551592666,1.8841480221289657,-4.134583954842508,-8.239320183259997,-0.6441768555679441,-0.9668837575468179,0.24756519869590998,2.4761122212524245,0.36400488253885416,1.6304139944904474,4.061126151165984,3.4901902299940217,1.3748095179471562,-2.703056830131698,4.845851854544637,-0.5046664323162529,1.328988385081543,-0.04861674381525116,2.7501194008492598,0
-0.07942096116476208,0.6237083382848274,2.625636953199392,1.4205824005222372,0.3815220469583289,-0.8005986784902199,-3.5578213211618137,0.02303952071553894,-1.1649307615125268,-0.6346410442264889,0.23724276368141076,-2.785958030768292,-7.050216829051784,-1.1763558983615505,0.4312307315837751,1.9092744218346636,-2.6472027629488686,0.44526744845436245,-0.2822454275323124,0.35724184012797344,0
0.39855335149157034,1.0930899292734626,2.2215107277220256,1.5578122584703245,-2.1697046776023146,-1.3374403318258017,-1.6426273677049041,-2.182629962519817,-0.44648231924051296,1.6803499538682414,-3.9483049510281987,-4.606026970848143,-10.121134333436286,-0.5838725324191583,-3.0005589280005083,-1.7308119357034433,-3.1459129886055406,-0.858667293448665,0.3866639875960197,0.2015167789109127,1
1.1680809822914533,0.47861498546970493,0.6480076547375933,-1.4683328004920537,-3.9707840838153685,0.759690027938037,3.9140115655288246,2.721885905246563,1.271584970654716,-2.9995261606654773,1.8401798798364035,1.7894651236271963,1.8794397569388595,2.15570420601752,-1.917747639498589,-0.6803268722727613,-0.19745744224412576,-0.1993420751899088,-1.771733811256249,-1.068075430038911,0
1.402340653208185,-1.1863119976399736,-0.21478352474805185,-0.8893489544451675,-5.632217712122049,-1.7183192707436894,2.032241337228988,-0.7898030156542257,1.1836519468512094,0.5138626704797715,0.45051347150054183,-5.312732102448511,-3.384762603961476,4.989396674244981,-0.005312900387156261,-0.2466053625707172,-3.8764561084578073,1.8066519237839263,-1.0303121251013057,-0.28495353994845485,4
1.4607191975751108,0.14906264258546142,-0.17360315479890764,0.4764828628829981,1.3122972007189473,0.5758303674909726,1.535666020744426,2.585464859404035,-2.887645023770289,-1.7451679475555295,-2.85489344274878,-1.3185867854639264,-4.350016873569798,-1.5958531820770363,-0.2856318098791917,-2.7508357193213726,-1.2203895720157685,1.1862035697100186,-1.9931900114602374,-1.6481077261068737,0
0.8797131798019319,-1.2577586128803464,1.025657932600184,1.8521636615005568,-2.4919377457836425,-1.9648295325117544,4.781877984120252,4.165430889979997,-1.6606417323962002,-1.1755083130505983,0.6947519016370312,0.3384921497778415,-4.122155366968514,-1.9375449373198579,-0.18056926573502308,-1.50483770039849,-3.603526177373323,-1.1943868853678001,-1.5632081502852504,-0.397707016662327,3
-0.5384475952467263,2.151866406509221,0.5631138653336585,-1.514864853493863,-0.05676603804487636,-0.09767093748007007,-3.7826770964352434,0.1411608341552837,1.8010946444461307,0.33382040441327554,2.672928318867479,2.2777792149702814,0.6241233327989884,2.1701635995973967,-2.143713256787551,2.597218644497101,1.3955076875276275,0.6692174869335251,3.595032373330771,-3.27509919304629,0
-0.025278023876702485,-0.35004155255869884,-2.05248056229198,4.064397844930077,0.8146096431074674,1.2061875377069646,5.314335087536654,-0.5522949274597144,-0.696043505813577,-1.5983211879170496,5.0941879115682775,1.777933306060599,2.0649590321447504,2.3427861539546044,-1.2221398711374407,0.560755456729962,-0.5206455049370297,2.322017040081676,0.571699028172499,-1.4951252854415913,2
2.376255803259791,0.7317770000506453,-2.4184214467518936,-1.7663262091171115,-8.13627421610932,0.8849384811937618,9.686726002280569,0.7348737175460719,2.4196263170202403,0.04266799584506992,-5.033718132035744,1.802100359163902,2.8617936411739904,0.5422150855784185,-1.9392090820963466,-1.8182755531499666,-4.625152455976713,0.6008946882910976,-0.15060666959828262,3.214954946844618,1
0.3453032973534039,0.7050934635134305,-1.2750848354441562,0.754459250757501,2.6564930876894612,-1.4498765120109498,1.0384532480033672,4.623698578731226,-1.2648219213090321,0.04605604282380473,-1.1053028449130342,1.390713195605954,-1.8211204736173718,-3.4164595926856696,0.1354008337409771,0.11351688124344794,0.06509693230472857,0.007466320593719553,-0.4144176687992227,-3.750432260764876,0
0.10156898463164311,0.9137041655417384,1.45568000130696,0.9890997774929093,-0.19346282303863827,-2.529797714478328,-2.066449418859352,-1.3422416196828975,2.343712133094021,-0.02737385257683141,2.997514975922228,0.4466891685452017,-1.242825017819741,0.4969588557599862,-1.4192330860217839,2.2162496829283316,0.9905267199894043,-1.1878633612674159,1.211636538787116,-1.8623892537616613,1
0.01726325765466288,1.8579119933250192,-1.6854405870015414,2.6673667274126522,2.8269951229572614,0.1856061628575985,8.87790626176887,-3.6480832528258365,1.2190982211881132,0.24560856061515476,-7.779825687292848,-2.7868541550949937,-3.969912102517826,-3.9959491746529876,0.8254427962740495,-7.507586304927603,-0.47562689893887655,-1.0639853219121502,-5.251918314463502,-2.1459017782894714,2
0.8430894982128295,-3.2562580937194605,3.5146556400341358,2.2716386184556248,-0.8623269225320387,-0.36766183041417816,-1.6073796393159743,0.453510434281592,-2.9274960307603264,-0.07986590185200935,-0.27595812419826754,-1.1463222833669655,-7.821325576465976,-3.0882310551684586,-2.121762571232776,-2.646555340886483,-0.6142305083490818,-0.007987987614115004,-0.9684418845099025,0.35975541196811733,0
0.9900571107877593,3.3004034025184286,2.088636134015246,2.142481335472285,0.8616077781015069,0.08653244108015462,-1.2556487149675022,-1.438286595259195,0.9692315528957056,-0.46362783997579016,5.98917924866409,-0.6155514684621524,-3.7166269868011494,4.674183674283349,-1.066416765575197,-0.9485681323807142,-1.5431873960062743,-0.9486662238433999,4.812874603513269,-3.6124316749518055,0
-0.6909016953544066,0.9123040022816096,1.5820306881098634,-1.87771507913865,-0.14340298408844088,1.6298878685929792,-4.406096654331537,0.4490866713378199,-0.5230881658623462,-0.1984029863845394,0.5836469425781944,1.765014260828588,0.03753125353773203,0.4291903295214947,-1.3345956909249304,2.2342258104514388,0.7961860536017609,0.8912830354649167,1.2915971484424384,0.36781946952377975,0
-0.8988514649944812,2.9271488608979093,0.6302455184237037,-1.1002913506948344,-1.359558049188961,3.1400711174937883,-1.2885937855807672,-0.11544541578943601,2.2260165032812393,0.7546791398071353,-5.33997534670238,-0.18900255761845164,-3.8910582323559697,-3.6312897653507887,-0.4520045145597399,1.9374130123914206,-2.381300615846096,-0.22461483793658132,0.8241302139300948,0.40838139698678244,0
-0.3553717615301998,2.088667939264421,1.595503166501958,0.8820906076916595,-3.195005491732059,0.16373562008086287,3.255623373365449,1.5379863397036524,0.4134990650640791,1.0921054397584757,-0.3347727567265478,0.46251571760522436,-1.0097875933889802,0.1245547445293802,-2.774365084412361,-0.8542372417552925,-1.4787186211569812,-0.6306266596307407,-1.3378465233213594,2.2393412878417864,3
-0.22209955120770528,3.8319777911675166,0.3206955719005815,1.1412430448703565,5.699075754930868,1.560794877887187,-4.04098003526846,3.4833180993958184,-3.396117552287356,-0.8853917857629988,-2.2624289961046777,-0.6971823450727977,-3.1940354421068036,-2.6306386450399204,-0.19813006945096856,-0.06004543115266581,0.5506394848130469,-0.4906282985959526,0.6512503250173349,-0.3612070874083997,0
-1.5135813647665468,-0.36554914080127743,0.8086490249590825,-0.9454321465987032,2.174671721344471,-0.34255466658630035,-4.674866869084269,1.1891007040208097,-1.8274089720362325,-0.6243521492599413,-1.2326617764833794,-1.4034906774619484,-4.888714918782681,-0.5822492445685368,-1.0850641861168573,-1.0036385252476343,1.3517580097174862,0.6865432151763621,0.4850639253285671,-3.852849397237425,4
-0.3810417700776092,2.095871313842322,-1.6313508228986742,0.058343077732989745,-0.6350803714345277,-1.3130070631713815,0.2827188308992922,-1.5260386429366783,-1.872620049320183,-0.017288997377207165,-4.650249041305033,-1.081812820228385,-6.036494197706165,0.8553926848428197,-1.9040083109729493,-0.8158550753641902,-4.69215645766163,0.162794980545344,3.936678433041995,-1.3092039891978273,2
-0.6287515992403301,1.5808364691238024,3.035609982675986,0.1739091033974156,1.4854971760043598,-2.666488241775338,-4.188256988006284,0.06326217920931076,-1.5489177767326563,-0.23825457395383548,-1.2320204360640292,2.534946329702997,-1.1434124537152186,-2.8178997297448216,-3.1911434072624756,0.30743099214182523,2.438790383995974,-0.8505428081725104,-0.04851517450914389,2.4715744619776965,0
0.0300663876451924,2.159818082660874,0.04266300865754169,-3.282378598282805,-2.319818986217696,0.07457615203612739,3.481742330033807,-2.0269019374567097,-0.1147720825693852,1.4231675301779148,-5.018958137235595,3.3149220633782344,1.6958691062017917,-0.19331014026273963,0.6978043345400948,-1.8332446524878483,-3.4116326086359487,0.4771443383913693,0.6024351963011583,3.0916030454760497,1
-1.5286489651946928,-1.4778504653265,1.4421492926871924,0.3239733928822679,-3.4642101084553985,-0.8575448391026832,0.7637773155465073,1.1160875804881787,0.25042583903373616,-0.49970684848603825,0.3377850025131048,-0.2605115281850441,-3.5692138241388607,-0.7068036594398286,-1.3993191771830595,0.2518280650447232,-1.8463329869431724,-0.15880912436900688,-0.2911461511463702,-0.23842226210225492,4
-1.4008949591767739,0.6447683442150617,-0.3159108605709493,2.836711987059789,-0.563082751877264,-2.1845269375881022,4.826847635242013,0.3417025483407614,0.3562932307627291,-0.4110586047583252,4.571846310434515,1.4688397009670862,-2.387774173326588,2.227079093323526,-0.6750337728771907,-1.5132138930242895,-2.8259453505886363,-1.1666935391899966,2.9150706599560525,-4.236303598165792,2
0.591076235420115,1.663962925662787,-0.9957292074905066,2.8951843092910874,4.850843024947218,0.6126977170240864,-4.618422925316067,0.9742359446716419,-3.129830214881163,-0.1844496733531008,-1.9529453711833373,-2.265409828239788,-6.885034299196671,-2.3285281494199817,-1.6037012849433134,2.1563193112336307,-0.5067164472928918,1.2978844539573071,1.686895251299066,-2.6215613221585743,0
0.7319562774900421,1.0376340301265075,0.9139334793867886,-1.718675995359396,4.467415510866301,0.3892787315217377,-11.873440806788633,2.2835527013480283,-3.310607658049919,-1.3973132971889952,-7.149490480842421,-3.301672670928364,-6.990651279357544,-5.862962564896261,-0.35246690441303563,4.593154322460305,1.2946334964618025,-0.000623176899871723,-0.7338639169159544,0.7054405697050374,0
-0.15133554335453714,5.3025927977685186,-2.6844035415203953,0.06826590933122434,0.35792097913981336,1.9150853741257774,9.413745840858484,4.724889302186424,0.09408422013085516,-0.7877492857884731,-1.5940730875230231,6.535780207324284,1.85745893740171,-1.0201431354429822,-4.02072378013988,0.6105438447961822,-0.7711766399986928,-0.8245145678029794,-3.227859880509776,-5.40008322690762,1
1.943406573241179,2.2875459009802284,-0.48486346446886897,0.6423434712935077,0.5068488296409736,-1.6393357979454637,2.3688546726525215,-0.3709510310041293,1.056771983384412,2.2997808229864214,-1.6755286489530994,0.6745236825547885,2.0350016006620826,-1.0122341757144613,-0.8841351233986134,0.1593928723106217,0.844428287861934,0.39940643185931857,-2.0186794099007104,1.4195289558753665,0
-1.6589689578926463,3.894039038426994,1.6610805617221338,1.2244395700492627,-2.321075990215307,0.8526322267071527,-0.8337457111082021,-0.19848102971585413,1.0199294636908873,-0.6663237815445242,-4.2590413519381976,-3.2065962103197694,-7.324577241440644,-0.7458087965412245,-4.7148281291485485,-0.30377367157979385,-1.7586968137723895,-0.3536512831398441,-0.21202061720490195,0.3108172463062919,0
0.17099774841153997,0.16023939726812986,-2.497703654426616,1.6895175845794905,0.8448399650274578,0.7525714953865288,1.6629830569944433,3.4422718812987325,-1.0286797441901903,-1.3960989699880255,-1.3995188979813868,-1.9691255294006256,0.8693409507544964,-1.6760958459463589,1.9457963753368217,0.4093762794982181,-1.7095394651578966,0.28066588345115945,0.5634142930389381,1.9840275116961301,2
-2.0006699903452505,-0.637000077939734,-3.6942128763619393,1.85252303632355,-1.2349560536265436,0.09612017842982826,5.637624391161677,-1.378382477971359,-0.465821945395545,1.2727596926769074,-3.7480468439079666,-1.746746100236525,-1.8888306358605316,-0.2262356393084014,-0.995204733221287,-0.3336516564054729,-2.8061773449185257,-0.6972844307812874,-1.2516733643264164,-0.636377438652842,2
0.2677137098277742,-2.207124332691954,-0.2920514664688969,-5.914640342306907,-6.22290396895156,-0.7809151470980623,0.4304215289639534,-0.2809512161113499,0.7756428722552546,0.46014388576669846,-3.4780577259921426,3.2777233069098335,0.39501515372241136,1.1016689483164899,-2.3692653365844527,1.367476573122214,-1.2257563324363439,-0.3562463783835583,-0.516454929957864,-1.556014766359548,0
0.008084597846367472,0.839662524715706,0.23836539238691168,0.2150688395209963,-1.0173340768159278,-0.23721337736601256,1.7150959113932938,0.7124965735034376,-0.3396910910512799,-0.6853751321174921,-1.4047546753519848,0.37383354577589567,-3.1389691170232337,-0.8308449401471139,-0.6967858876238274,-0.2963773494922315,-2.3375328468209253,1.6394239417046168,0.0596888284009075,-1.0041886029468958,0
-1.9203265887208876,3.1746432084826615,1.9395761767076012,1.4565143468786,-1.215482472301614,0.07028445026711143,-0.3951131783790682,-0.9119322709352136,2.6875589459056095,0.29234029489670316,0.8089558178738102,-0.7946792815755725,-7.5486822145494825,0.251392951461864,-3.7344777548537524,2.0277158713035286,-1.2875394856665903,-0.7543779951446756,-0.12861362218236705,-5.36326257148948,3
-0.8744055630644767,1.983206873828288,0.18776269974680404,3.6774773141167656,5.625225305507941,-0.08617765678353949,-7.92681264923274,1.6940372169004625,-4.800912149108666,-1.2833919769583346,-0.40512688060714885,-2.8342160908253646,-7.8282051420132115,-1.6588471875112423,-2.9356998375833507,3.230022933453628,0.20463583600029955,1.5396346677812376,2.340927479224482,-1.2841964262871508,2
0.13291491589148124,4.05558637893872,-3.074731596524547,0.10651500178997775,7.6026276055007,-0.5497413711585165,-0.9520424005978476,1.2573302406826952,-3.1771523081555926,0.4648429677555527,-5.480860864777434,-0.46622024115148,3.118819478232585,-1.9813034446551083,1.2762574800806847,-2.4065923811544057,2.521328290039825,-0.5134404929330656,-0.4030122480592634,1.228028406645933,0
0.8648830321968387,2.311962013851754,0.2680436004991258,-2.0661598906428216,-3.3035996957840537,0.26649986727780756,2.7400269644051867,2.4010123515819153,1.256599055792853,0.21843449505768472,-2.7910283951418617,3.403325830985108,0.47722656860199525,-1.3457728125682904,-2.4774519456773856,0.5099687838184481,-1.2759430914048968,-0.9907633729489562,-0.31539123871585706,-0.044289143302110645,0
0.06995104414750146,0.6344488997221835,3.4489222691878134,2.4424629832756346,5.328934799828661,-0.7523931390395009,-9.272096977644527,-0.06102764512077341,-2.8270374550216597,-0.6162711665245576,-0.4613968942530489,-0.5914520431019045,-5.937944456016203,-4.916338302097034,-1.076707651207936,1.7348851433936558,2.2563970166497653,0.1578450733039087,1.5370929593120732,1.2228715483276358,0
0.13417180932758258,-1.258236094075543,1.7675384416381954,-2.2107819276351997,-1.1536955056463243,-0.409669066323089,-1.194324932990042,-0.19095150587303067,-2.7331870027126937,-0.7620280642692339,-4.667143113246014,2.304279537446901,-2.063279126665124,-2.0589590863847014,-4.004347872019091,-3.0326102563701363,1.8171248678810317,-1.1250676563693243,-1.8058073470418878,0.9021017566695178,0
-0.7043122095001391,0.39352255216657994,2.802869117387626,-0.41790901720501994,-0.48267142453300926,-1.6553237203959121,-2.3064920032661473,0.6934889049147185,-0.13735907224991006,1.0180566740590977,-0.5955871887201745,4.0273652938719104,-0.6530680850830665,-2.972764834216248,-4.603020886871338,0.6096492080669003,3.2599435247931394,1.0722130344331562,-1.086502289305098,0.16010138399105,0
0.32281683812675177,0.5935606233992996,1.090832107742079,-2.8290416965521406,-9.979162560187463,-1.100172910904936,6.703758721311762,0.741872238815546,4.364638181237957,1.5700508974701124,-0.5968401333993285,4.102035475478715,2.6239928978719673,1.4311380613936633,-4.1854362733680315,0.8866896589374408,-2.3687014730480893,0.6053733942869031,-1.1956480992495817,1.5169370587863131,0
-0.7982747753031845,0.3653694859959524,1.3368225070642716,3.7127759350506935,6.5952703898011995,-0.6891834913762637,-6.028714995519198,-1.2986683494528104,-2.418831310939086,-1.4171854177947767,4.644897191896068,-3.765289699304858,-7.351360372252164,1.1840779909757346,2.200881293023459,-0.7897493888984073,-0.37854708431292805,1.2627276942025538,4.03379466350201,-4.6642212816658155,0
0.7954832913490845,0.7119087285813563,-2.3714757304327057,2.498820622242631,1.983536168722133,0.1258733300201217,-0.39744504135973535,0.6628115313022716,0.8609128845410761,-1.524844170573756,-0.6690274592519909,-2.256447607872198,0.21608364714597206,-1.32775226116283,0.9828877884596243,0.3891486592427582,-0.035034838212861796,-0.8017845576690782,2.8019056337947754,0.19806093633643895,1
0.8594098168699683,-0.5042749811502578,-1.8267509064604508,2.2699280303967493,0.3767918128024778,-0.4889244099796109,7.655136512902098,-2.1619656593063974,2.1734459257380196,-0.5880039714773437,-1.8256922697277955,-0.09778730791539536,1.7637720364898106,-2.239925203824721,1.3522740685067953,-2.526382001719422,0.1433060470519424,0.2601790756231082,-3.7358782588032593,-0.23454121198201505,2
0.4297183766711612,0.9382969242308125,1.1116609916796973,0.6689046657653879,0.7978602671104634,1.2886914691570148,-2.635604247721775,-0.24376468024084352,0.1496005104171927,0.21172460572426072,-0.9318523050329932,-1.2327776878706178,-1.6114309685477333,-1.430251772666567,-0.5461693136421673,1.0406594189129867,0.6625644407103828,0.5817226240475176,-0.43057363519248903,1.3556402208321887,0
-0.4396190677241902,0.36565877363227006,-2.809975732233912,0.3670131489308418,2.053959338489085,0.01150970956038026,-2.782413468029243,-1.539695805908544,0.8983224155082625,-0.594586252347695,-4.942929006561261,-6.891886677067456,-0.16342579305888716,0.41858272988037726,-0.13558002865645102,-2.0834923924892754,2.9254325694964716,-1.4342557299707748,-0.4429861026277062,0.6543331923963913,3
0.8311830428634016,0.9117140653890755,2.5787411695253915,0.5153257559770583,1.5218470622809672,0.2760007223967418,-2.7999766588354196,0.8048488220296816,-1.551213946124335,-1.5806998272494206,0.1054147417884199,1.4972312978844076,-1.8048776714295178,-2.18748942627607,-1.6737373558588584,0.7598046027426608,1.39993594618188,1.029431494057863,-1.2872448264916252,1.041478012699685,0
-2.4909194730427626,1.4305695764311532,-0.3251735518875598,2.0922463860895766,-1.7686268711954645,0.807338635527659,6.395095843965567,1.6059802557646372,0.10752089946102794,0.5584022831375668,1.7472551632958377,-2.104417451931141,-0.22595156009010203,2.0602024200968447,1.2206728286052284,-1.132371868930985,-3.4298704871892793,-0.4896020565361259,-2.555525147417788,1.2336953660474004,0
-0.4289510596889833,-0.6575784247414664,-0.7715073438622368,-3.1144396207837666,-0.03412280063036644,-0.4422838959616578,-4.973728875792353,2.170713775594363,-2.651790500395798,-0.23494733119864472,-8.772498645209671,-1.6077855748461056,-5.3448377006109205,-4.7994464983414105,-1.3367193956113037,3.2826674726730736,-0.6458989037550864,0.45429005331010325,-3.0103306510426995,0.17244104886921718,0
0.8853145883716469,-1.1652229990895582,4.376278191072023,2.100777466956275,-6.837883786312451,-0.3272030003918698,0.9597111582053748,5.611810836056538,0.3452671231062485,-0.4394138097715213,2.7669173911255243,-1.339189423902126,-9.240894504167613,-0.9222290316809821,-4.804007528939924,-1.0558071816709318,-3.054651836265985,-0.5157207585619181,0.36747040071860493,-1.6940403389409577,0
-1.611482771875573,2.997264621198217,0.1818932298553344,2.167372719623024,0.3690749903001815,0.27765279251022523,6.618589770654281,-1.0985440900267593,0.871398131401115,-0.2678464157803018,-1.691589531564949,-1.2550534443545682,-2.7062957527473737,0.05134644161776081,-0.6287571040711801,-3.973366527755692,-1.5352490954101268,1.4286399456288703,-3.1289200696853467,-1.3867292458620832,1
-0.7287020858048149,2.1828863273912864,4.863711527596427,0.022802888676735966,-0.3997230368173645,-0.10954047363581275,-2.1250009837125425,-0.48398586385254627,1.5815714315703269,0.7575165479628068,5.800682086605098,-1.7056545251485564,-4.390268890264119,3.4490061518486206,1.2352194954130382,-0.7967903612230994,-1.2976361598876265,-0.7214720186041311,0.13325037671793138,-2.4709213181626897,3
-0.8968077770590376,3.4962316592410683,-2.2483947777123854,-2.041282392919089,5.8586619920778205,-1.631205527191668,3.183323435384088,-2.774905158843568,-3.4456738798066926,-1.1033421217799904,2.957248846599589,5.329697997087467,7.324421781051339,4.98164693532275,2.5547621374009473,3.0532235894914916,0.10950530934662783,-0.032835250649769616,-3.8711811866864387,-1.4459614801305283,1
1.0033045414754806,0.9421586208626866,0.42894204746367615,1.449954624342275,4.309823269241459,0.38174168121180896,0.37813577386475256,-3.4152010901556897,-2.9627302339521293,-1.3871732919407609,-4.8808778393668275,1.0617387888507368,-0.425460859680415,-3.693247367878513,-0.18451162607508365,-2.8173947608830883,1.2166951661627734,0.7837580615196308,-2.116649945747902,3.6234980562648507,0
0.1245621231029474,1.9245858505501796,0.12783154618819292,1.4944114210359523,4.174421815180584,-0.4208059990422844,-3.911396939667914,2.091588341855889,-0.6731080445241717,0.2009265199206635,0.1481208905136353,-1.2267856680511562,-3.2934171110814567,-2.5126371268079346,3.202177927135308,0.30688779329943916,-1.6856712353507817,-1.3785815503132692,4.633068734228949,-1.1076363509044973,2
-0.9937670401660683,2.7396224969877965,-3.6528874547569092,0.589376648733521,1.85999942137033,1.195638802099669,2.483742619788991,1.3979182943612143,1.5778600735608483,0.7638142057397639,-1.69022824688224,2.18533082697235,3.8245337738596463,-0.9963645852067802,-0.8672202235652261,0.37636410668989984,1.065452028278609,-0.822393824799093,2.5713705819954695,-1.8667845622664538,1
1.9346990356436131,2.317715072881957,1.6492740544389042,2.3834999235050525,4.708823618232205,0.4016213226919614,3.9496996181262407,-4.538296228193085,1.0062318236412853,-0.9422080791718273,2.774544440883722,5.2335841922170285,-3.0785779615259665,-0.7021573070358109,-2.5068588258992017,-2.4277837049623896,2.447449317523581,-0.7781329362422925,-1.876621780998264,-8.303241528350355,2
0.5500466343170657,2.2721379562017123,3.2859097454645476,1.5968896723586008,4.784946949833744,0.5766880217815591,-6.253926259396703,-0.055628290134981606,-0.756075579887703,0.007025871342969912,5.959487387315006,-1.7535251277635941,-3.9537918127891807,2.1780560947030114,2.19289628653735,-0.7014524276519323,0.2920425359696357,1.1632813090750225,4.000507749783495,-2.806121048388653,0
-0.8700115198177402,1.8604489922358256,1.8818460219839976,0.6530997457080285,3.3240288844094197,-0.3383721827842851,-8.645713866202836,0.3769865197248825,-1.5963769889201322,0.3034714567058414,-6.021754440054989,-3.928693768573923,-8.91957176370023,-5.7599752433782605,0.1834039273563759,2.390662803110194,-1.0087657665380563,1.9739459014223524,0.9336313146859819,1.2159545575751847,0
0.13990878057746386,2.662668830301919,-1.281398268667533,3.0135426400969787,2.7758005912537893,0.3596816940793624,2.5924791738967254,2.2724430096634287,-2.1173883327417986,1.111162474236619,-5.80984800835747,-2.749704836573083,-8.138292487400568,-4.412124103375145,-0.5760112169952489,-1.651864119857096,-3.2029808374805553,-1.6521671534230822,-1.4188807587286565,-2.240921293041087,0
1.1320130234217545,-1.1236339628638121,2.4499409666964675,1.5483311792544332,2.5910189469342164,-1.5560479688496316,-5.63661815188908,0.12471457766053107,-2.3445266192614755,-0.04494007610311573,2.91636158504752,-1.8143330399344506,-5.123428241896602,-0.47878912364726467,1.463859408687484,0.7323567246027831,-0.7326196968374468,-0.8990486738412317,2.044853629200136,-0.558394154561868,0
-0.5315370938393289,-0.24351815661852405,1.666963704374446,0.5649608690256676,-3.8209522192698233,-0.20807029936541444,1.4713465573052151,6.403205933252735,-1.1080461574196618,1.367371058207514,-0.7824131812627005,-0.9193181099192016,-7.200837789578085,-1.2504325663290974,-4.124439553279011,-3.0013345266836855,-1.775524645805314,-1.2714531802354083,0.3368995268633803,-3.282211614128938,0
1.779743021084757,0.13097869926418926,0.22255881410053435,-0.2782351773748277,-3.014733387730824,-0.8935806138132218,5.4029650474957505,-1.9953509128705402,-0.5746970446443426,-0.4569280928635677,-6.686261715909714,-0.7305297464919525,-3.1494406776388364,-1.8839115877901427,-1.8632145622877823,-3.803771234945741,-2.329916285644429,-2.5716775746744522,-3.729117667807665,2.34544197531653,0
2.4102531852332847,0.3448941254341058,2.47235352393907,1.0951597572196325,-7.3756115794193455,-0.1594023675784662,1.7674708549473257,2.1993000230165247,2.5677247638562224,0.5816715429609388,2.7612102969106345,-2.4789719473537235,-2.3415783106311086,2.371971218865566,-3.0567042848975716,0.8260165789555165,-2.5500102023056286,-0.2439036405881119,0.00557332446528136,2.5405370841659343,4
-0.8402893620676531,-0.9410949502457349,-1.6534508404525756,-0.8950871161662379,-1.1123750978852316,-0.6025166031117963,-2.3764295433275806,-1.042536399674547,0.758591666654051,-0.2053089396904516,-1.8105385887311163,0.014646426230779164,1.5532559988616321,-0.2863535212159406,-0.02070659737859204,1.2652800771608232,-0.24836743964333674,-1.0287242312449731,3.9812874982963287,1.5867491466542019,3
0.9906046298638753,2.835013402224674,2.0543956860012833,-0.6023810585878107,6.115023472594331,-0.33842295813327844,-8.679554644990775,0.33836591681425765,-1.6117847810325576,-0.9198535488916011,-0.6236310440884206,-3.8178900846974173,-6.656396183797321,0.02243432092530484,1.2931272953130537,-1.1390775780781333,1.4599549546332682,-0.5145889810564419,1.8559889012662425,-4.25779693015464,0
0.32956834899000653,1.7304245876060746,0.6907653604917161,0.9245141835332906,-1.9840698041874258,-1.5500417035957956,-1.2861863718784796,4.678601507366093,6.580319905824212,-0.47870365323977576,3.620641329363509,-1.9790920847817675,-0.09880670832656235,-0.6046969711143204,-2.9330124823000974,2.621121192207526,4.373488000843913,-0.13319182913855956,-1.0465241264931664,-5.359471677343916,1
-1.4695451849189431,2.283960243260802,1.3861257582930742,1.9968957101098468,3.469259092580956,-0.4915481087452262,-2.8491904277285665,1.8989576023078816,-1.6585011891425239,1.846137001828644,-3.6819254492111897,0.07483003633229379,-6.301903593297329,-5.444211680732749,-2.1631931806426214,-0.13986387150000767,0.5386598848824713,1.8688853228950608,-0.1580418150947155,-1.3000944213800625,0
-0.1258926754959257,0.20088358677345908,0.8017808248693218,2.144972933148463,-0.07858885480832556,2.052798683326181,4.216672816673243,-0.08857075592892794,-2.110813760970469,1.360893677117648,-2.221615027107204,-1.8408807965042717,-5.0780240912673005,-1.479539950355414,0.5495023007059905,-2.8461422186589838,-3.4569497824755917,0.40027116595352397,-2.7696470548471215,0.9262112730015136,0
0.6856783650198713,-2.087852866220163,1.7516193791985404,-0.6604962452662246,-2.5893726559765216,-0.700749766690295,-2.3508319658099435,-2.2953296805941816,0.288243457543342,1.007512381395361,-0.18825776997838842,-1.2205469097661246,-2.350946974854595,0.644772335429739,-1.4066044681343226,-0.11895383684987637,0.11364995140203016,0.4780269366434304,0.05655142832292437,1.0156382153814085,4
1.317711726208887,4.533349705929849,2.666196336488014,-4.011160448162215,1.9454723442236068,-1.0142181770395167,-8.95335931840744,-0.08331777541475494,1.8996267829074673,0.6014773275666383,0.3777410724497257,0.7410659587233657,0.915943682189836,1.5398734464243096,-0.5308458557063171,2.7875310940113147,2.9737950721037403,-0.2849934417508762,2.3271447123046443,-0.9505477319043826,3
0.9181901120202064,0.12242687743249592,-3.247133319015002,0.6709621684014638,1.3453572333968222,-0.11047350416309443,4.6359522010719365,-0.7035163847821171,0.4078614009821817,1.1781410759591413,1.0408675749757146,2.774091230934662,8.584724561157488,1.3665895526550664,0.3422972149849248,-1.464026337940067,2.3123390265463923,-1.1138701214589335,0.5453654469278204,1.5513316271799433,1
0.8275371010925998,0.16090645073910503,-5.522708473308028,1.7904347787735193,1.5676432966325204,0.24562678922221867,-0.29790336276205587,0.6467285154254454,-0.9167816091148548,-1.7381919829759058,-3.3449279378180163,-0.13262265344685176,1.326628756444461,-1.2350931661299123,-2.0305320409639975,2.657895092079666,-0.046047271821151425,0.04248379677270524,4.086053609888828,-0.4008561113233853,2
-0.48980747338125713,0.38686749134403664,-1.7620631829301208,0.29211581261609576,0.6242149225575474,0.7535601544000143,0.44253965403645973,-2.6435224348384008,-0.9918205800382871,0.8607023554010904,-1.57843286333376,-0.5415401530197634,0.12829055865989522,1.6017813052748897,-1.6105844659129884,0.7644800033341643,0.08299402213094897,-0.06602544421137865,-0.5943253883599822,0.04013482547459657,1
-0.6264688720527836,-0.6107844364847785,2.236142995003619,1.9211616250317043,-2.680170209976755,-0.046710360758503953,4.908045256572759,-1.1874071443505279,3.463758929499597,0.44946644649686546,0.6934070599325692,-1.931435934193196,-2.4387686726496876,-0.7061870562487196,0.3827930381578144,-5.835392702172153,-0.42631998867239085,1.331210233065238,-0.7267155907524576,-0.6230750901007671,2
-1.8436680224556867,2.230747495473823,0.8371873470635804,2.403963052753686,5.676967278921438,-0.8055195963541745,-0.12919197233553892,-0.7789454848473187,-2.140487007736971,0.7911492799403604,0.2501011097639908,0.2437318708449423,-1.973177940523247,-2.46848564897657,2.6666402645329104,0.8185584516339217,-0.709363652673051,0.25010436034643746,-2.232786607983696,0.19958557975952018,0
-0.010544495507590497,-0.6543828902807005,1.066604117624847,1.1442697243882498,-3.543924830569374,0.9700523871255957,0.8722452067682018,-3.0676683367511415,4.157338789948831,0.5010958847730504,0.4848690984723535,-3.7098935704151197,-3.2156199558955603,0.9206231851077569,-1.5697340905209294,0.9025808725353297,0.09312111614568386,-0.41185222425903956,-2.33801799476051,-1.138709349196913,1
0.5503188694251407,2.4726230609895845,-0.25191223871385393,4.251863724829031,7.526325794451305,0.6019715009878547,-0.9270051576571843,1.7324849375025269,-0.1768571841617339,0.32366084439010007,6.865823884638904,-1.1039885888707917,3.0441048320600856,-0.47043018120382063,3.5943091983205733,5.936622494553228,2.7776113890804908,-0.006335223857658368,-5.206237281719473,-0.9858371125083756,3
-0.43033144230027826,0.25669582352487685,0.8944230708831524,2.5635699199050492,2.2032812697848163,-1.0134763133675422,3.2482582919483693,5.514916729934546,-0.3034545898564449,-0.6646885730405762,4.17806041738877,-1.9095645044758707,0.3046366279202187,-1.3509697498717026,3.612953525750174,-0.48063697759668766,0.04060630132655629,-0.1793391194333697,-4.622513829667429,-0.7207928599111653,2
0.3216119684980479,1.4274636677699954,0.4795773265349276,-0.5521139774332728,-3.940514095232293,-2.0327493548321627,1.5484234243053234,-1.0735726838499784,2.2065506569168236,1.3051585709987308,-4.620268086559156,0.22243012600791556,-2.9723208176185447,-2.415695476326392,-2.0190259909804196,1.4165507006137514,-2.6784113159108935,0.2642742314819092,-0.2815690550928256,1.5743235939195697,3
-1.8095072257543927,1.46424732040688,0.9277365740115785,-1.108693069324909,3.9688704603422478,-0.0536144154873654,-11.756956026206652,-0.9570558292463327,-2.2633441152991987,-0.8005780468528323,-4.01466096209944,-3.582383133303208,-7.19446412368878,-1.703282852494441,-1.467572044467179,3.881327725752716,1.1627159424990268,0.6353165710718788,1.8743992408569827,-1.2558757597778993,0
1.3689268174216525,2.500340785809514,-2.1227360827725534,-0.22762808303098092,-1.1308190338840582,0.6982788277970271,2.464518472433111,1.9442967762786654,0.5626306077115246,-1.062339438179345,-2.483783268941047,-2.4977406378800415,1.9932577693417182,1.7499897642764095,-0.7040401838530712,-1.3513853472730446,-0.538746680239644,-0.8136835421860547,-0.23597089874130595,1.580324952218886,0
2.2644361479458874,1.4092209610801552,1.290549657758329,3.539539351467243,5.7045468622858575,-0.06870756670456205,-6.065584451954744,6.361035595291675,-4.400851607732433,-0.9172379158320894,1.5626129063157865,-1.2361046600695451,-3.9198674660632604,-4.537473031722222,0.26125161951018105,3.8288238714356004,0.7686193247297044,-0.38918808111602776,-0.5442813241870659,1.049478938594663,0
-0.42177631209627864,2.1508894183815217,1.8283369878298088,-1.4299378361789943,-0.12017040081352127,0.4476941313561616,-3.6671759746701587,2.2114455336447385,-0.5639310743282966,0.6398000879421298,1.962605555004233,-0.36666102636285824,-1.8471984493720703,1.5969296141899485,-0.0729099689901973,3.4671192799505235,-1.0081560546377282,-0.16400291795464822,-0.5029606331765033,-0.6293469936994383,0
1.9485260424458128,2.1340363195132777,0.4500161077368636,3.310217795748893,2.662598342657133,-0.43976629661842037,1.7240298238637748,3.1654091521029533,-2.1133753097122883,-2.108756774461991,-0.7484586903135769,-0.2529202882498579,-2.7757107154396037,-2.628858270087871,-1.1246413239233775,-2.800127363026241,-0.2727669245526887,-0.612630237691251,0.12115870677376317,0.2331205733069318,0
0.5663785148541242,3.176844747317643,3.3979697070979444,-1.0301436304241731,0.015279472430917282,0.3794883933253859,-4.906518555707058,-0.7459857603383471,1.84749116438646,-0.6577736004681114,3.60776235608626,1.0803869206824355,0.13996797207716755,2.459008449149876,-2.0289399408354876,1.5944104330835458,2.044225691750964,-0.9870436321338834,1.757265593890212,-0.44669314107834523,1
-1.8931864022127036,2.126567750879344,-0.40421853121047124,0.03686200268915163,2.3742501731416006,0.4892880395795887,-0.5981817613931107,-0.5351737439166608,-2.9831601829702588,-0.3984633461339107,1.6700977754315782,-0.8508999124490892,0.7324596558147503,4.003624053294388,0.10912261228809472,0.980674493961456,-0.6137728280625638,-0.26331776171002075,-1.2967004955845718,0.6240737991541616,3
0.5968937035016041,3.9069419060305015,-2.5361882405206098,-1.4856851003813834,7.032083771061349,1.4493589716834743,-3.0555573560101745,3.1711852712226714,-2.080701433149092,0.4587655211699281,-4.172871484370239,1.8464437679763486,0.1660907962147983,-2.912130698536049,0.1322038314170857,1.1598734347570336,2.4935880787826252,-0.1616634345188339,-0.12364812736001274,-4.45771846113243,0
0.528275524993228,-0.4551263932815177,1.5138981576325055,1.9905935389801943,0.7966546855669715,0.4652720958771515,0.25582408477204344,0.7924411467549541,-1.0585635308808978,1.0068544644126345,-0.17395128536031088,1.6288648624479216,-0.07560746780678274,-2.6644851003246717,-2.695639022617018,-2.5591460675941438,2.6011451149873044,0.25502312494452206,-0.41389224624802756,1.5469401291585587,0
1.500077642103384,0.44354689437786354,0.7171013731409419,-0.19452460363395918,0.5745478585036435,-0.49816088277580645,4.66958085019662,-3.731495689820612,1.0979721878912283,-0.5342724683441019,-1.6867183665129313,-1.1495807980233725,-0.683086997595104,1.05499901203725,0.6161534472469306,-5.563757367871158,0.8228562699411395,-0.7551708411563337,-3.8061856830252947,-1.6299298634645831,2
-0.7868327110666181,0.1828539626323895,-0.04841432198001172,-1.978167318121927,1.5262882874503536,2.3766166571755125,-2.740120344865173,-1.166880161382017,-2.054372410114313,0.4231978267779836,-3.7204810805565,2.784698503099698,-0.9455881110422287,-1.9983193902830272,-0.5598016752764012,-0.029886009942908798,-0.12122861029415488,-0.949953524793763,1.9240257183245237,0.09356924037863701,3
0.3123608726250532,-0.07223440220504385,2.433058549706837,4.049503261152629,3.985243009616566,1.1097284754345362,-5.758547773089037,2.7631282210843207,-3.959092495030707,-0.7058413095416951,-0.8462590118206655,-5.897033218866794,-12.388286898248372,-4.001923544922539,1.407677433865683,-0.13930459838436238,-3.014165460650457,-0.3843686746282931,0.8137545045301346,-1.1006722287914346,0
0.4114528252010149,1.0600614595707902,-2.52111726918398,-2.1974508391176464,-0.358384700420354,1.0297834219780846,-1.716051519787086,2.4490361272180454,-1.1394472191902238,0.009954349043195445,-5.885173948180518,2.000005765268698,2.824789728957218,-2.9445765558603902,-0.9963396006592538,2.0995402327634944,-0.2529241059645503,1.5713243804533803,2.089540484606615,3.216493707871124,1
-1.0657418566779662,-1.1833938083205124,1.591399853922077,2.338565663192296,-3.3066028662052744,-0.1211476627775129,-0.8763402504448946,1.2928543815208453,2.453330714784557,-1.288790996710457,3.9591668651444936,-4.044929400026088,-4.963903877640918,0.6835888411357802,0.04655141922605699,2.720570239482394,-2.1819359699738126,-0.10928838450262579,0.1016357138399635,-1.2393140235870517,1
0.4515915452456288,2.374713326879209,2.492655263444687,0.6059361632456739,-1.7523032671260583,0.0799792519069255,-0.7022820610741793,0.9166292276624899,1.948951023333164,-0.36559312401286687,2.2274391582047848,1.8635230237967069,1.8846480532362149,0.5043706268878001,-2.722893363444135,-1.3570353724577178,1.5294555278508015,-1.254939041535662,2.823017563674771,2.1902199511823692,1
0.2024919906447109,0.6744182515823891,2.4272271327037984,1.1640728731265853,-2.5526875902543753,0.3176548885256214,-4.354914654267475,2.8926984687341104,-0.11114587552003241,-1.1614555545212504,-1.739366942427877,-2.646095004552662,-6.21659380455823,-1.967008457150786,-4.269152593875103,-0.00999609392653844,-0.10519362834480994,-0.38681050086213625,1.8567870798522668,1.161808514706105,1
0.699963066323442,-3.104607445379364,-1.4086524855102915,-2.7959793093825422,-12.665003931273224,-0.748229340764418,6.908107595254583,1.8973934043568734,1.898556980542946,-0.24500300515808401,-8.86831565836241,0.4579997892041465,1.1157750931261945,-2.1973066032562043,-5.770775804894715,-1.532431341269708,-2.9032734646833775,-1.2183571553815016,-1.8121091127080846,6.6162154263617445,1
0.6946544643414463,3.4038264487637484,3.1175071044048845,2.0175479974263553,-1.5563238126513066,2.030739469870106,-1.9399909495876553,1.7260120102962742,1.2280367174935898,0.7813366237015992,4.277083248876944,-2.35678472253424,-4.042694754025541,1.265920465234438,0.4307655590645929,4.821514177517332,-3.6419535489562924,1.2303671703602264,-0.13277673874255913,1.6305868913172683,0
0.8369284352133449,2.907192121407305,1.7831113792160997,-3.8478724600090155,-2.271172301367689,-0.09542540759167957,-7.2529116686066635,0.4688851172525321,1.6662395262343233,-0.8483128963106845,-8.252609084541076,-2.565049556962233,-5.773856108816392,-3.1226472906048555,-3.412144084152542,2.857421956304643,0.3832956798122735,0.2779167959189828,-0.866897582410521,0.6241005635547969,0
0.17779127177116533,0.2257176541514475,1.7316993336616582,2.8762025975695975,-1.2682937903899978,-0.9545961756992686,-0.18023410510053606,0.9716716717002052,0.25264252643631524,1.0018763842730547,3.04200721454359,-0.7513028127739471,-3.953275379920831,-0.47715219158989,-0.6915738851333334,1.5729065687128783,-2.3449869620533197,0.24425766747543023,1.4733424837426772,0.24420965934533334,0
-1.3112017993118033,2.5268040246177734,0.49146941320626114,1.800100440895334,1.5340584048998178,0.03375115345803975,2.7940810150873423,2.093471169779118,-2.276109726149583,-0.725132240521119,-2.502992636600975,-0.4457984357622351,-3.255217933122684,-1.9047705067916374,-0.4983305965492314,-2.6949920905679363,-1.914175150751249,-2.2820917467798063,-1.3069536188343742,0.7886477402831126,0
1.2274298039607365,-0.1658917951635659,1.3928434727961607,-1.3981078071223165,-1.3922770424596942,0.36722312483894126,-1.4498581527556724,-1.7154507003070352,-1.9510868883359291,1.154844101020157,-8.292141273966893,-1.7919594179742047,-8.763991491343502,-3.5842295060624667,-2.34273680546346,-1.5314522422876136,-2.3574883108985745,-1.49100236894055,-2.199970390223919,0.01204930594885667,0
1.534525234865268,2.24038375226353,-1.2945886644375264,0.1238291208511777,-0.6217414706066972,-0.5347679101748003,4.847750034485124,-0.1664408880273971,-2.312329351307781,-0.6631324239193579,-6.218578347690335,-3.569002582157079,-3.8608300185795663,0.8741386914513318,-1.098131893252817,-4.289364054755378,-3.035564394423516,1.3013899158248632,-3.314838064543249,0.968273494744134,3
-0.35372586032600645,1.1766320863983595,-0.6922640338281298,-0.7575591693161714,1.453021140597945,1.5382722693147857,0.44525227191599226,-1.4392371539487672,2.7224544828247224,1.3453643301548481,4.2782617162706345,2.2277584065590537,9.267139534311996,3.092245691274735,1.0361142954301235,0.12373309304793656,4.258765519893855,-0.030317272493902887,0.5301247842817388,0.8469989093123329,1
-0.3610994622982106,1.91909781935128,-2.3299589197263737,-0.26215041175665244,5.922571836112369,0.46040522079284696,-2.8862491081167585,-0.714345541274076,-3.0464924850447717,-0.25051292081487675,-7.568948008332339,-1.9895587816775941,-0.48191706911088067,-3.067047309567658,0.40778919591542206,-2.3432346448843084,2.1085533924289717,0.5231184871522506,-0.5077805875753134,1.2906904806426798,0
0.532575500597384,-0.06392397599793287,1.5771813831148302,1.6863042625978835,2.2210107335463136,-0.1589703761243024,-4.365090433873966,1.3767156676147523,-1.4388331770082026,0.8044124855023866,4.85511675923111,1.8550976411758837,0.5689783169668197,-0.2361730223072942,-0.48059915487832294,2.9718730248940854,1.412371840368181,-1.0697743968707762,2.2217405299190705,0.6388396936676999,0
-0.4402823833802132,1.4506819174896304,0.5772389353683032,4.6631652663687415,-2.878796092171152,0.1859811164947087,6.649061521158785,2.601174502631606,-0.8218504676197473,-0.020402107126044244,0.07920954814772868,2.472248101998745,-0.6813843966377033,-3.495250861352205,-2.6246537518294746,1.5135553044602283,-3.6418050501235695,0.424907632534393,-1.330807780150531,5.220039982463079,0
-0.025944415379782843,0.1273042035518106,1.77407136481279,3.4940553560413696,-0.7518903996481041,0.10303129893251521,5.787528611887833,0.19242083188721226,6.20558035093471,-0.4756141476266168,7.395075374943044,1.7011759133891253,5.551627978494687,-1.6887405203587713,3.3859848392588705,1.4515078185064008,1.4635391609199302,-1.3180722696121525,-2.796934142905017,0.7372398058190002,2
-2.4535699585549153,1.6543823731972496,0.2416024332304969,2.1867342115662214,-1.217816672241871,0.8015597335143011,6.785448143132411,-1.540756418729605,-3.2451380190885795,-0.8192854560480206,1.4715840584954896,3.2534565364490886,-1.812577700990842,2.7082273056213273,-4.266912456764468,0.324118742230766,-2.8353513305079203,-3.5218084233963887,-3.551602664495337,-0.19272068143031706,1
-1.5467324878869588,-1.927309512703549,-0.3592756502565222,-4.8236422355220965,-6.622579385684327,0.7860827246907521,3.0935052485509558,1.155632620542591,0.8789049560980551,-1.23042779324721,-5.487802038728474,1.5059068379126348,-1.924823083375505,-0.6217728154368609,-2.275101828064453,-0.3854014569152868,-2.1448452971335836,0.7439383835236395,-2.6215718637022105,-1.687324182583933,0
0.1103690043922271,1.8427674093401025,-0.06542349388889268,0.05970768978143359,-3.0703943876546034,-1.7128720476344248,3.197055611224897,0.8402299961162338,0.19198974518173562,0.2646396990738166,-3.969213862886296,-1.5735497446885516,-0.31975687879730924,0.1428491668852614,-2.40995861022613,-2.9637286548887483,-1.1673231842881515,-1.1424176172590783,-0.831079304119168,3.402036509651644,0
1.1994786779241597,-1.7853654015445906,3.7004993354681766,3.911854178158001,-3.01952666795107,1.6463288250625079,3.4979306494695717,0.022900695421108397,-0.22549117360426463,1.1034803390940413,4.955996406456165,-0.8614688752121737,-3.9612228219382066,-0.09201189347950645,-0.24882603747055998,-0.6215826192170935,-2.716519428838561,-0.9498154049514755,-2.262886819562196,2.1378963435438365,0
-0.4013272124840051,-1.996143567527609,0.7803724934115854,0.15830310328573038,-2.2426962732381974,-0.5359585696357916,1.3168835683831281,-1.0419052833724942,1.3741988193124772,-1.3049567815341454,0.02867059894971913,-0.7077082688209517,-3.898609178762427,-0.2601457182378637,-0.6505043059468236,-2.0092008791324054,-0.8550483545059548,-1.1258426709575138,0.42335387906466404,-3.059840943512327,2
0.6528198911803372,1.9502982562860869,0.8737120380065315,2.495523532285036,6.293717456347534,-0.21685469159106374,-8.269859391515679,-0.11338297455937907,-2.439790633409258,-2.29876429842855,-2.295647077677733,-4.348978220523319,-9.421222463607846,-2.87369079160865,-0.2120670962116432,0.4219421530297788,0.27580172553041105,-0.7812342954552022,2.784325381152443,-3.148168548375086,0
0.51390906501423,1.7176479501410018,-0.40944172515441846,1.699053505701313,9.33134241080018,-0.9628913596242082,-8.69875081158248,3.5677870659519955,-5.431445317499981,-2.2422099002726443,-2.1518629454602674,-2.60661819576337,-6.41539238590401,-4.147062670554307,1.498590886705589,2.129888800636175,1.2274117512867577,0.5738218468920535,0.6401681174171354,-2.8742368759096344,0
0.16384580797481416,3.4667707057551214,-1.315725018097568,0.4684944905988617,5.164862625819598,0.24070835870860677,-1.032525125748333,2.6130111739813615,-2.9384924604900156,-0.540157667228875,4.576702577992197,0.990806108898759,3.356292718590908,4.394302823844665,-0.07214135742034233,0.9622536603194065,1.7880537141849255,0.31729386809029075,0.24285717894737568,-2.4713132292143145,4
0.5000837085871893,2.614192803713175,-0.8455894044284702,-2.9482365488272846,-4.276315465670153,1.1094427289097628,5.951520491366971,1.406812125977712,1.9424666460869564,1.7438278442077244,-6.37960582160329,4.564526156965174,3.2467571032956735,-2.480518470466788,-2.1527330878539175,-2.145545673876031,-1.5099836027868245,1.5212036166515062,-0.09208453915034043,2.229601262380014,1
-0.5323683562266188,-1.71959783530078,2.769827429228068,-4.592825595621931,-8.3518380032242,-0.8964100720732567,-5.298599913241474,4.633825279028734,0.0040010262345270275,0.49003157632924343,-8.514732353432619,-0.784155647853876,-3.6638713337265374,-4.485385762303405,-6.360126790855867,1.0458712263626402,0.7933836795859908,-0.13968027722854298,-1.6137039412150291,5.1589309853028515,1
0.00600076738473726,1.0716851360141735,-3.116624555377858,-0.04714603005108664,8.337354274876484,-0.2418378249572131,-5.536335842877099,0.4171021357263308,-1.0486423189901708,-0.08551303553332905,1.1949044545794834,0.10869787737665604,5.407369985066813,-0.40877087956399205,1.7334345312653339,4.255126188123491,6.025573488395143,0.22544362541425264,-1.371133430781244,-2.5304929077967575,3
0.3987442448991859,-1.318361534689525,1.4499543684809377,1.8036520166060317,-0.8775763857088867,-0.0934586134504327,-1.831935519027914,-2.6338414541359394,1.2856411641371321,0.7028748699171831,3.6547056435646894,-1.8707487926272865,0.7041208765429939,1.880653052117255,0.44498156676092004,-0.590417660257955,0.6188466114702786,1.7352275555184793,2.3702373014012235,2.4873440536773535,4
-0.0011495543398780522,3.2575685790006412,1.471657828553735,4.385259784126771,6.132216626508151,-1.6804127116316379,-0.33533076737389605,3.70248072094887,-0.6952570623283869,0.034223319690265874,7.321240243753786,1.1274149293381792,-0.18464594454879707,-0.4018717887467682,2.448448633682135,-0.6168661004545279,0.564718735370239,0.6255292437004567,2.681271405340481,-2.6299702158073894,0
-2.013072190073277,3.190292204075338,0.4051364032086594,0.3220571383214954,7.228074755163657,0.7461906407562207,-5.12341428283325,3.5656140603018818,-4.391368169305505,0.5742404983824129,-5.173249488013924,-3.949189169043134,-8.294127062564502,-3.9010434808009635,2.1102515046003387,-1.3025270105592344,-0.8140729172660389,-0.1848044649738344,-1.3594788948940932,-2.8932301946395453,0
0.5031399667312998,-2.481864491703234,-2.1371733155072654,2.700520384096069,-3.896026438847317,0.6607268452282582,10.146950763661504,0.8150626431383914,1.4881411543700815,0.3097776672662222,3.6954115662311646,-0.24680909760086023,4.093866254215131,2.411719237283976,0.5874647357501332,-2.3600450750784927,-1.5764553795447398,0.6781660236250351,-2.2425135209713485,0.6772944055510826,1
-0.050645165388801205,-2.26848128801318,1.215671132303793,-3.232103213947191,-3.692683095894558,1.6944787837776865,-0.3443835478246833,-2.49177050665443,0.7950964076585088,-1.9233695311189893,-0.36368817762970373,0.9540042855469586,-2.6395670668643647,1.9552282392387519,-0.19465479175039246,-1.2545001159375833,-1.7994312469039198,0.060631375820471727,1.3927221744904745,-2.614017989522254,2
-0.08882064942586936,0.6718459777936203,-0.032500962237255626,3.8717705946088823,1.2642256577868989,-0.8131389817435494,5.0098963616834915,2.0013992703511523,-2.025612260878675,-1.0143278886422185,3.1128024709105304,0.27989097728699375,-2.65171594891421,0.5307392630753096,-0.5735458099833641,-2.433984490219238,-1.965529314355443,-0.37006865223977525,-0.2607200150755675,-2.0096469323605834,0
-0.48307090347743403,5.890821602773492,0.45291893809670525,-4.893908857244853,1.7985834668973826,-1.1077058987770787,-6.587334025389265,-0.18979399354638105,1.8506261186017543,-0.18734727324787787,-3.9265640136927833,0.5021480246728269,0.4026521025620772,1.382817221096805,-2.3470116715643226,2.210171671096991,2.8725479814559125,-1.3861964253894494,0.7449740731778447,-2.572091786318489,0
-0.8715063590800407,-0.11922472301046083,0.6201975192631792,0.8719450026218943,4.105806257838969,0.12910574042228698,-6.254278940424628,2.250895478511157,-4.738887339396012,-0.7675706478861412,1.1492711196250145,-1.5131290947956326,-4.2191046860650046,0.05917327492061952,-0.9363563018479847,2.015633846621756,0.8509428468414098,-1.3289683564502022,0.08327614709332953,-1.4192469946025144,3
-1.0244256275297767,-0.01601912173897735,1.6601721807678285,1.2767540994332938,0.4254901845160741,-1.3398074506603426,-3.110037122289513,1.3022515055690356,-1.2365061197149925,-0.7906670003196188,-1.1668307395800463,-2.324521587147533,-6.284789302181352,-2.498296934834279,-0.053055898678428415,0.973415983763481,-1.7643373577045574,1.3459996647240233,0.16829861795477075,0.02845637108816268,0
-2.4030115211775405,-2.27990807367433,1.3010407286541086,-1.859491620974397,-2.953633714937477,-0.03916209768659413,2.6156259669609727,-1.661463589463024,-2.3574586969486964,-0.8112727322009359,-3.7819207706879676,-0.4795460982883609,-2.631480774057261,0.09456077063087465,-0.9003037191047194,-3.1096398679313184,-1.5924918548846985,-1.6638653567121726,-4.235407244174324,1.8583363013527814,0
-1.8421218154757273,3.137519905925998,-2.988208746178213,2.4518092095830384,7.223749550464842,-0.6948364162186461,5.277552570761978,6.0552110674660655,-1.6737793490084747,1.6969974652947069,2.2038588355054234,4.56521162798108,2.7846732254776096,-4.055018127133936,3.753112451834231,2.897665321406059,-0.43154750869593406,0.7491943800936945,-2.776015674101606,-4.746149466952321,1
1.2494372807460705,2.9626732552183572,1.5907902219516967,-0.5876727944959084,-5.23397730716472,2.04525862507221,3.683118494446099,1.1477643980270422,3.0516059679380723,-2.263094540589073,-2.005127390960464,0.9780237479593112,-2.1371946196438794,-0.5979407742762437,-2.6856289386448147,-0.15526558512351119,-2.8011463436595636,0.4218232861742496,-0.17385004936272597,0.6698235822094334,0
1.922881694713039,-3.029236870866998,2.8218386014961165,0.9539082978425005,3.1559945568755445,0.20244681162812225,-10.68767035497031,-0.9870437110576282,-3.266183529105418,-2.5750388443679153,2.7991604574792475,-4.146243652381708,-8.577839977652449,0.1875445233633568,0.9138566925558469,1.3700260077247255,0.12340882375268447,0.4010237996660596,3.2142056248854227,-2.3242135682570813,0
-1.40484312059099,-2.1437594251100442,2.53592834743939,-2.126040991861183,1.6877145780689384,0.023578312087920012,-11.807532006643203,0.029136102478888093,-2.4071175253764485,1.0065646379964868,4.7956921277452516,-3.768672821121222,-3.9492111242286345,5.138192834778762,-1.206337849505279,0.9744528810335484,3.2808707529678216,-0.31835113770485457,2.833091818123125,-3.5584241501267235,2
-1.3505329966422646,3.5541135610736405,5.036804902264462,3.929156296788958,0.8806903289825517,-1.1067272581730898,-3.486728394428993,0.4068839219098094,-0.48706951782947516,-0.2621465397205813,4.385029741525784,-3.2525147435863184,-7.58420748947473,0.9711280474120356,-0.16023503797999217,-1.021302674150824,-2.949054077217461,-1.9859614316901044,3.1949974202626428,1.3768981352846166,0
-0.45741150977522504,-0.36437196058311994,0.0761138697277225,1.4215531681895621,-4.808835068860081,-1.0892184984396958,6.725067070747457,2.4189062438591105,1.2179028643159588,-0.10319153592772577,-0.18227413843800008,-1.872039629992594,-2.2862903696102714,0.6042146572770148,-1.4581921420702753,-2.943998072444552,-2.654898912557238,1.205009460312364,-2.006880311743516,-0.1806236532253136,0
0.871326893386785,4.482486032693351,-1.495662977775455,0.7609711975624273,4.322750426852367,-0.0025720026487927147,0.7063827945691269,-0.1665252486365849,-0.976395086567987,-1.198627125914292,-5.694702080775133,-0.37175312606357847,0.3826153400697216,-2.7988717258124476,0.1576059281476725,-1.2332103742916076,0.39958650426490183,1.0748572157302807,-0.9442993608883131,1.8050528663841252,0
0.10493593938573978,-1.5113776422842307,3.531553235964343,-1.5284052849178882,-2.8000612121124266,0.5196817748484917,-0.9944377639138765,-1.9161934133068965,-1.4764733600119542,0.07892460113312272,-3.43867637450883,2.0486756864888065,-5.531258821676543,-2.5937006729459986,-3.5388450342840883,-0.5860673509509898,-0.4898708335797851,-0.2910155538405239,-2.9419886442426826,0.5164815796047045,0
-0.9457189744662521,3.906867059034282,0.7195343543482997,2.183780115490947,7.285248730689802,-1.631459559977684,-3.143592887423109,0.230682563592142,-2.0851324343784574,-0.7903842192023147,0.6141108753996302,-1.6617554021216567,-2.8527313293140493,-1.6701329518144088,2.6884110626229907,3.0004652734156,0.044034033422499785,1.885029612005801,-2.811697742355891,-0.9142955973169012,3
-0.6512581846998245,-2.503237681302166,-0.7215279886386861,-0.2657153603054381,6.099291054160317,-1.1105884123210954,-13.588358714218566,-4.1141298233771675,-4.81200332252714,0.17716376086239624,-5.027236923844019,-6.392224141035673,-12.113426175368096,-1.4517607761559663,-0.05815869598059198,2.9066492384625446,0.12735093867753133,0.1364299708993652,2.855324627520221,-4.433969772061702,0
1.2050627138897076,-1.7426974510700215,2.7008829210826146,2.59286236820204,-5.078766559267713,0.5156064025154776,2.0578286129702783,1.652191306263553,2.181078653183946,-0.8916393201525016,7.050694912717166,-3.0998514665506853,-4.043006624700357,2.4012159096884935,0.5209050429613014,2.9027769063075506,-3.493188057816405,-0.031516226969471824,-1.8472556608750192,-0.5123961025681092,1
-1.3854195336012056,-0.9610557695797299,1.028705711341023,2.090594578883659,-0.727750767369497,-1.4187919952886168,0.17318726902340148,1.063339003136865,-3.123274749408189,-0.02753919792731248,-4.380322479187715,-3.728727716666387,-8.872128117956299,-3.6960535570057576,0.015178672164323892,-0.09513749312413577,-4.4157130255561245,0.17475746088193833,-2.389289230973628,1.8158502937446355,0
1.399871878719101,2.2409402749389797,0.9530904268482281,0.7095741501848893,5.788927602478996,0.9393053306312894,-6.800726771431092,-0.3357947248371509,-0.5201544011534942,-0.6291492550279617,1.0587276734964306,-1.0236499326460202,-2.984181716260625,-1.669182517387187,3.1042593857428304,2.5050017300495853,0.08599670522899827,1.634661024246238,3.01243499160961,-1.7699636707242035,4
0.836117153189476,0.15792138588736837,0.4689704617062931,-3.7483251635700015,0.32840935252866493,-0.02457295672053189,-8.661303956717521,-0.57146634268274,0.07432037087372723,-0.7719434637189526,-4.861067243253257,-1.2818559278643407,-3.1151410539834923,-1.8221596602103791,-1.5353918599697312,4.0108586496791006,1.7874840137448058,-0.04280395798856224,0.03646788144783564,-0.9115937902845755,2
0.047601344543629416,-2.2618344939236166,0.26929840165827124,3.34435640457584,-2.3496794831473307,0.3854129221135673,6.900116610144026,0.10078528081873439,3.6612355625057114,0.37274147013513687,3.6840809427311383,-0.12726657411316633,1.7089871075065075,-1.4883225205997177,1.1450171319404598,-1.0536245415616412,0.27107438900149405,0.4828432312847351,-3.008776976301465,-0.2492272902829713,2
0.43103361077150665,0.7785024937577798,2.529002048224171,3.741338289565133,-1.2074350651708123,0.03194475226929614,-1.2046141411476334,6.840881699124233,0.7775770554602501,-2.282565028639551,8.545616374836397,0.2469252405530511,1.636524113908288,1.1446483703203878,-2.812171443389711,-0.06981805802951668,2.4262541475652704,0.5828797294777077,2.968309787892079,0.7201672163920121,0
0.8138062088794258,2.274445772519587,-0.7416567139208927,2.4475930780141506,2.728535407998527,0.28485476250314923,0.7026672321896426,-0.06462044042497261,0.29279948722731075,0.12466362266745842,0.6769684275935574,-1.521889137553369,-0.09072626431471281,0.07127875231828962,-1.2570492295315518,1.4932725160909233,1.8092184548664423,0.8219488248257374,-2.9791175512455825,-0.9935966257331597,1
-0.2841873768471706,-2.0341008846874216,1.4223910928287098,-1.7105153702624238,-0.30955296037175034,0.004687247371700142,-8.105213944149396,-1.4590095692571672,-0.8981749407172012,0.6284491796281995,-5.669703685168852,-5.104942280388062,-10.250046623496702,-3.0102528494440923,0.1588310983471113,1.6860496839391466,-1.6834710096967531,-0.5681585950037119,0.4185300026747556,-1.6132615349066397,0
-0.2458942729902455,-1.575237274632474,5.138177700594513,4.4602643256534655,-4.484181596910042,-0.4682800935701761,-3.5175268166084788,2.7594290788998626,1.4393732364440708,0.29801628058391205,4.556030003965809,-3.084450336302811,-10.82623137057444,-2.3123242968198996,-3.4303039124418246,1.7939183276382389,-2.421613114590734,-1.7935090663559552,2.2795397035804004,-0.8103429240982236,0
-2.287747458122683,-1.0922906348923527,-0.19583460913774497,-0.025118465800461953,1.5699385221860205,1.323637277036939,3.52204889354221,-2.2071896301952254,-1.3667945063490188,0.9376760352396777,-2.5179550689818515,-2.7380979202409215,-2.603602743208365,-0.38623799148996363,4.7229224182553935,-4.207185741469033,-2.902763434072548,0.92963718302185,-2.547213650780728,-0.030652010416609476,2
-1.111118140552169,-1.5098383515775133,1.0202540288099757,0.0808883583828266,-4.598430179085403,0.7645740861154448,-0.4383678299085835,0.4904775072335035,1.9590279724148831,1.8366938310860284,5.268372733338263,-0.9035793493127242,2.1211514455505647,3.626256372581163,0.7834342765165481,1.26783250053985,-1.7981077349195849,-0.6053160000784596,3.466480316703065,2.458550765114901,4
1.0352327547045455,5.221415949914125,-0.9241060752963994,5.450801680117185,11.43027763870466,-0.5316220945888382,-4.675663964128879,4.440573522683126,-3.198106184641406,0.225090329170826,1.3226780384073908,0.007581643918908698,-2.9730993812553175,-4.894390373321549,1.3447418466413472,1.7863349781564333,1.815478246544855,1.590495740975375,2.8505472502482254,-2.9228131379268882,0
-0.14133492579830162,1.7135298746145247,-0.02472171582846716,5.0810566433931665,1.7123049121630272,0.7631358416507277,-3.8905150975818623,-0.9291323608224731,-2.556394082656488,0.13817726481206005,-4.250377352190845,-5.3569921831559535,-12.565167994804183,-2.9182710513996537,-4.172485090689481,1.6077341365439544,-3.0641229946656003,-0.9219939021599475,1.9872067527831043,-0.8359494741235192,0
-0.9289035614129358,3.374098007972655,-1.5525971993124084,-3.2223355991793357,2.536645806268619,-0.3807235091108082,-0.7032555856886145,-3.230651880558077,-1.6702169426005267,-0.6723142658132499,-8.550990879344404,-1.0349994287803816,-0.31238791965734247,-0.7267465224066951,1.1757200505943084,-0.005866174995802775,-1.1568255286326532,-0.9494918905880337,-2.9370632684590987,2.065783706475104,1
-0.8621031838504611,0.09155118060133616,-1.05663280167314,-0.07216998831574728,1.5742285273776522,-0.8931746008835152,-0.3317959198461587,0.3397243347509472,-0.4425387562288896,-1.4029155224949645,2.42440267910461,2.6615199803423906,3.6855722648779623,0.44048465725292907,0.9316514375305984,2.7697450422360093,0.560278825975963,0.5228740198546974,0.7873251525275751,-0.03961934056039129,0
0.4345409296353224,-3.2606466405361916,1.9019834865869476,-2.2412405802319864,-8.2746025392609,0.2895054098202507,2.1452871006019256,2.381693467532124,-0.09825065008265943,-0.08396183700210595,-0.3112452553595082,-0.5039745025799547,-2.555895289873678,1.7202333743706155,-3.1292644900558964,-1.4365488878155097,-2.2422845511028964,2.147481793667097,-1.4178181880118905,1.0981043159570474,4
-0.4647649148436426,3.2715521808294836,-0.5627922796761404,0.12420661758083928,6.136270888151293,-2.220061501384726,-6.359834029615666,-1.7242883699028568,-2.4774861058339903,-0.5188877203597877,-5.8684055943770925,-3.6598892551305204,-4.5871096717488395,-2.8225694172716738,2.032336181524869,2.085835097377464,-0.6515393768601591,-0.08600055629079693,-0.24336577094257927,1.1466192287389136,0
-0.3452482665213084,0.7234083394359232,0.6183628292421417,-1.792852416081013,-5.577874521004242,-1.1052341966524624,5.33458448440875,1.4548747344770607,0.329496396958884,-0.2348202944575834,-5.3396198200407925,0.22459479233569069,-4.464377119205725,-0.6457231247522808,-1.6134883490244234,-5.470330679132191,-4.744072867681323,-0.8312544222650903,1.446790774862796,-0.044263734005057565,4
1.9152156346220306,4.229978072266118,-0.8989489922851179,1.1394052507384478,2.4726696752169057,-0.5237130741415701,1.8705613441953033,0.3140342636447476,-0.7434337672871101,-0.39413612404615694,-2.0631012687854344,-0.5006601503345607,2.937941026367527,-0.039615718054241245,0.29917233264886844,-0.5278718516620662,0.012234365606778486,0.4396075342721804,-1.308115161762318,3.786214183662653,1
-0.8402089744981762,-0.34915119177805076,-5.8683267695277666,0.3584955758604045,5.75871311331351,0.6842739744515063,0.063083992849445,1.0893871619298174,-5.717184029785108,-0.8197217615375335,-2.1791420396561993,-1.1429269717301516,4.170195479485762,1.578100648019828,2.3139831508449635,0.9288096115872553,-0.004814591862754791,-0.8834940869141408,-0.022451987314254684,0.990928561541184,1
1.2915345386349824,-0.7057327384814043,-0.8421858281237357,-2.3462683581187926,2.4319403702039732,-0.8664329824839139,-2.710551039820258,-4.503825748761662,-2.9789793648189216,0.973228385202868,-2.2706251676900098,2.507059520254522,2.9704224541581814,1.205784291533921,-0.3226996680488371,0.6642919533346714,1.572210755791592,2.351928342996157,-0.20474013704219973,1.8791569700356017,1
-0.48500474956216894,-0.7129655182800936,2.797962668597859,2.5397308288275116,-7.312419770400993,-0.8680772946363264,2.0806595423829415,0.6535887024989043,4.372146195236017,-1.530869932799819,3.972344446988625,-2.173822890548468,-2.816830230123468,0.88849433492004,-2.8538429890925094,1.6676712153293152,-1.888868771999645,1.492755353632024,0.003861666768670391,1.676087709567107,0
0.6076205485586204,2.5165532198523115,4.250362951208192,0.4750494042040455,1.6262077382924807,1.865399201692716,-10.726630703933166,1.965332214324449,-1.7144818446606749,0.8044705829791267,1.537030209403171,-2.783199085609589,-5.293034609030105,-0.04614083997906271,-2.8533671269450265,3.2332249130144337,1.7102612540935183,-0.9195341844877959,1.5328916529455028,1.765134322560444,0
-1.2837744562569908,3.3512478884245778,-0.37971154555273334,1.2000923023771277,2.0581356515315163,1.689462897998741,2.8408470935779446,0.2925121240303511,1.9025962590016716,-1.5056938721687458,2.565359883392606,0.8397340040858079,-1.6763577978151278,1.6278125713616038,0.678851311208593,-2.16274033498175,-1.1329738304783197,-0.09100739288704224,2.8051431211327253,-5.825708518843399,0
0.14008954542615829,4.95358660660351,-5.164305786537407,-1.644758957979609,5.559714611082314,-0.9756468137461776,1.0089819549112333,0.8892566006873247,-2.7572558806412095,0.2558874823262223,-13.289736042874456,-4.652699754942456,-5.029914191510285,-3.206402053570209,1.8882999816415307,-2.7987790515612914,-2.7133246751037694,0.5623529137228302,-1.564459361295917,-2.380404416952571,0
0.524541674581635,-0.5362560739063162,-0.06441232151128551,1.2814354152815364,-2.842005488424615,-0.47537115108016537,1.4607283715319066,2.130103319260698,-0.9911786077156863,0.03259704663633234,-4.358556135098806,-0.9606112929812334,-5.302751843687571,-3.6586709537079067,-3.2533845966456125,1.1247510130286942,-2.125994814766929,1.7860363190992723,-2.0201017546287403,0.9079011637347423,0
0.5947388705931083,2.852637727607302,2.058589675864826,4.638375420419234,0.3971840057740501,2.265148536261676,-0.3769070969568212,-1.7040608080498232,-0.5135819443614944,0.9569115709409651,-0.34062196554125906,-2.7209936232131717,-7.861736539072337,-1.0141699764478627,-2.0552047195450642,-0.7200925310838526,-3.3823568939576405,1.3401333721396091,2.411029902124551,1.2668209964995092,2
-0.03910403619223957,1.6945036987219049,1.9541693343004085,2.4214770626812463,5.793481401965393,-0.15158408776429266,-6.650440200727801,3.8051184371853397,-4.572883600296569,0.5391201720708985,4.152732300819724,-0.7173131231625769,-2.5711694107839502,-0.031010456433879785,-0.6189378238092609,1.70549667162804,1.9364537882350228,0.405314636204498,0.8153647756883721,-0.3275906637036121,1
0.22274924178874314,-0.8017632990302705,-1.0209575811426095,2.3012980648832144,-2.560921164418818,1.051366936525875,3.8455531615365435,1.1109908848429986,2.667525049905765,0.14688596919378397,-1.783564493420509,-3.55515051997704,-0.08453838154094805,-2.1289883409184274,0.705684720340459,-1.412344968678334,-0.8293118819727129,0.14899632196837168,-1.190343170264315,2.3406339040848176,2
1.2487117188070278,0.10643482577241681,2.0908668064880658,2.306129570554867,-3.1540856703561975,-0.8471278357029567,5.166232008673616,0.8311527647061557,-0.3567079194546089,-1.52165714220929,0.18790822430989854,-4.534429526274281,-12.446293066473178,-0.5236580414495919,2.603039165597149,0.8976852537104434,-9.050525482087634,-1.5002857980239717,-4.01399252077812,-3.2482236979338515,0
1.463817080701161,3.9714547039527717,-2.5150359717725173,-1.3758382808761889,-2.4245001197623535,0.145959191099021,6.779622151748298,1.4257027555268003,0.812448760475452,-0.7607952417487968,-5.217738712409976,0.06901073855312845,4.51861591483172,1.5248843514130508,-1.998049695666894,-3.4163791140707245,-0.6609454086893033,0.014156496956876959,-1.7942967240041816,2.881089625157959,0
0.9060926237765612,-0.35338186545155836,-3.498849639762745,0.06213810041487555,1.5860141064517004,0.3221086793948148,5.759314123092853,-1.0869099541831178,1.1697819405398124,-0.031456964681352784,-3.5159909324650243,-1.4691396259036935,4.660478048981021,-1.5432022503138247,4.247252942586028,-1.2814301264298158,-0.0803297137300969,0.20335983595301022,-4.027284171296408,1.5192388594992492,2
-0.8480880834096289,2.0194090867924714,0.8738303654029181,1.1375260823583222,3.197622812367742,-0.8046593122973089,3.977131308592908,-0.8300209284967319,-4.565967898276245,-0.5441253314456943,-7.021092236739339,1.8852065510214282,-3.6157959496353893,-4.566995923352183,-1.1927317358195015,-5.053350852726225,-1.1913523628250746,-0.5049644485414957,-3.7170100021237817,2.374433994117532,0
1.5057488824466922,-1.5871132120151934,-0.5301537690900555,-1.1543504267552223,3.0212445667023484,0.5298776063902524,-2.7141164222706533,-3.5802719674485237,-3.1169449712112707,1.0453672883098615,1.252052907590399,-0.6504761968387003,0.9663965653209748,3.29254542584159,2.6701800320300118,-0.5879602526134171,-0.11452644388468314,0.15127431382309495,0.8523887606771468,0.2752274446503924,2
-0.8890926255200713,0.6265609360647288,4.629242703030814,-4.863624183735769,-8.106282752379272,0.6829141445739243,2.6813961085881504,0.11944604401845482,0.8736178743870588,0.1210593624736629,-3.5933936554286365,-3.18667513218916,-9.611585851263591,3.3158849181404015,-3.5142736762035227,-2.902173083270628,-3.625443959428793,-0.3680890617470755,-7.3261617954298455,-3.472119283826103,0
-1.1188191391941806,-3.9236949929768867,1.8537024154343655,2.0701243869708725,-3.8154784457680595,0.8217772060372475,4.505980078667987,0.21365531170938756,-0.23746905366778293,0.3826679882121791,1.5216171895347028,0.15967391785074847,-1.9637503740494517,-0.8303906151051187,-2.1958928180238892,-4.006919516671874,0.08147637586607237,0.5247480164635189,-2.0587212533760537,0.651971181597069,0
-0.8614383167672617,-2.332347602265611,1.6513446793626436,-3.181646876120112,1.8311179966438291,-0.1423804952190998,-10.838237058253515,-0.27466683461595043,-2.60222773079484,-0.985604583527803,1.0182225719124507,-2.3088649527014815,-5.2430722676751165,1.8800286941740074,0.18258426695192576,2.5093745655267954,1.2632377959021306,-0.5803563753213735,1.9894173930681736,-3.75245738214507,0
-0.4092330739056816,2.5582076504106475,-1.534266849607525,0.14940120713499483,2.688313160283325,-1.4723264749378582,1.0321124222995846,-1.1241559251303124,-1.6816829268494684,-0.34055877799765455,-6.526703784507794,-2.657155686984245,-2.466497051549549,-1.9297611495782638,1.0076810385993547,-0.9652663660344941,-1.5867094459134954,-1.4526378103153914,-2.664365530682054,1.4545502210755854,0
0.12423718224557945,1.0390366378461398,-1.490260326567291,2.415344234384129,1.9533590044595368,-0.9090845053737056,-0.33914154253404166,0.02436809180467736,2.6299560022430013,0.6497339456925202,4.904848706404044,1.9024198713230698,6.737453864892331,0.829298686627422,0.7519474215091495,0.7563340068803626,2.5662617684384372,-0.17141498179867448,5.349705231025307,0.9212353582626254,1
-0.8855775662454841,3.738189823225407,-0.26730079459232825,-1.8054422599508455,-0.5768052861705857,0.69699121500238,2.3874525978239163,3.4438275747692764,-3.3525733106809663,0.6559567258048162,0.8536020219141125,-0.9926901233825454,-3.7277019832526954,6.163483296621272,-1.7457351598901223,-1.7908622916063504,-3.576527363808199,0.1800805413792185,-0.7126303173796837,-4.282732848402205,4
1.3782808137465814,1.984323191503303,2.3888662147920114,2.597899043823835,4.670392288886063,0.1060804961562784,-8.804884407842723,3.5414349712875186,2.9330250615963007,-0.17606781180746645,5.44336460612868,-3.709141626984591,-2.5467435486000753,-2.7058407530871635,3.29576886236988,5.277651038730872,2.391519957522609,1.7923222516014836,1.7724771195507874,-2.0135505281308315,1
-0.43879823040915417,1.1098307542652328,-2.2589654366691176,1.9206332174975849,6.88003141720365,-0.2988203626401941,1.585439708916752,-2.0743895454587378,-1.490230131791472,0.8719985271084444,-3.7577033559003628,-2.5785732608994207,-3.4812178240101574,-2.4271326475960673,3.4507519290917315,-3.466040071883682,-0.16313896820115092,-1.2495233012672557,-1.3217958697519472,-3.774247217981065,3
0.6577609085446663,0.8418063120512718,1.5491447360615906,-2.614326975796472,-2.0704676896829723,0.0709250307028196,-2.9702827660709303,3.437556166180175,1.2541350858335627,-1.2038584213928043,-0.4681670276024451,3.00743397498596,1.810913130916947,-2.3275632582001986,-1.13554579076067,3.6391130965557927,1.0042090727995903,-1.5799809239943792,-0.14679416868469208,1.217341951210206,0
-2.050036663840382,0.1875361505734361,0.8867463348164037,0.017365361196423845,-1.3489529262774391,-0.7117508824487794,0.3179327543704624,-1.2008759569776455,-1.330815974565373,0.3773247415497474,-7.290646522650054,-2.625444350222609,-9.188711924150514,-3.4259126125540713,-1.5954286031549696,-2.0407995993806707,-3.383489673586108,0.5246185155540974,-1.5063329827280079,-0.48319437177016367,1
1.324329612394093,1.5487132848250873,2.539633764447472,2.244413001232069,3.0446190461625338,2.008824314352343,-6.441125859299094,2.363888492991289,-1.0551387683319962,0.4359243670857002,1.7767158318246337,-2.2100606989805653,-1.815959177181688,-1.4322941671815927,-0.4187525269056659,-0.8770067450271859,2.213613790353553,0.2819154560817764,3.1239942124588436,2.330825308906859,4
-0.23564083163732086,-3.359595841644545,3.6118709420260577,0.1907831044673458,-2.379250716934615,1.2770112630853427,-4.206471838819932,0.7285195615416529,0.9454240602105781,0.21209327205978218,5.2612953895558014,-0.3336042649712022,1.6833772148669042,0.29444483155754075,0.5145485969620982,0.33664002157058825,2.129018373897621,0.27495570767931066,1.1862786222961659,3.372837400578545,4
-0.4034077620695098,1.3166752662184478,2.4632332957861847,2.526921003327554,-2.631045409397902,1.182097038550029,-2.913886198959517,1.4815525758983117,1.4125880696600217,1.661053976034506,-1.2233966601858288,-1.7184219586585203,-5.6242589131071,-3.737571800380346,-2.9535116608231795,3.270025994001721,-1.5601949983990664,-1.5829347112058996,0.8865849106609216,2.723930233530623,0
1.546182362620166,-1.3530036352087333,-4.468833259217812,-1.7386288890004615,-0.8025478455486074,0.023194115226810665,3.053007557048334,1.2299942146776797,-0.9741632717050834,-0.31861317113880944,-3.8901052673711827,3.41864985432842,5.314516386633206,-2.2676637051682667,1.0554081785341511,3.6910587460488435,-1.4109963682693327,-0.9747994493933962,-0.4518378366018574,1.988091842553573,1
0.1483430605562897,3.1367944030920634,1.583486783777623,-2.102845949024754,1.5334278663109073,0.9977075699515366,-6.224841238964244,0.8422829960303838,0.9579559185144884,1.2634336342196515,-1.1206000863602268,0.41543649841377617,0.4551848324048799,-1.3908818550437525,1.4196252849285056,2.9432398062654492,0.25212124841000505,0.03394218266591638,2.4261329473801014,1.8487632845170077,1
0.8385853740677481,1.6759815653387409,1.0527992114461322,3.6372414829587383,5.4823597233195445,-2.1716205602006857,-3.823762056109883,-1.4175977487033706,-2.149203413467276,0.8955953085619345,3.173103126845932,-5.121402147701105,-4.754283909031171,2.1234557506574134,1.7716315595215053,-1.2001928196707277,-0.09236053804125566,1.574210003841888,1.068507507369002,-1.1361023985335041,4
-0.7734901312285224,-3.359620741873946,2.7491792581566115,-4.545749525771766,-6.022646840219639,1.4757750655055626,-4.531203915990371,-0.15363381191840086,-0.7536079231158015,0.5871795690174798,-3.6558045374236023,-1.0224129297270046,-7.449728770475893,-0.2593166392444961,-1.916850567669571,0.6803997425890804,-2.787909054517212,-1.3292173526108868,0.18765748252771708,-1.0042581516002196,4
-0.3860644556339441,1.27769281503805,-3.796526209245155,0.7531603067925832,3.6382506322220807,-0.940972322519671,4.398767661769314,-0.007928454222908332,-1.8003511448747334,0.5337580112475122,-1.6393073047243978,-0.28527594201167417,2.0887895991592367,0.7711657051138237,2.434961888755537,-1.3764088426997836,-1.1775909943538971,-0.34359738492837333,-0.9377804099325113,-1.380477938451036,3
1.185496410952648,1.4229523418000527,0.14732353502184914,4.131847976557451,3.810702074098144,0.5117732126204062,0.10620066856168296,1.2564513848016359,-1.4613581036618177,1.0254349312745914,0.5118694499679611,-4.524038553066996,-7.147480609217769,-2.0717843230568134,3.3284147738746004,0.7529983881382118,-3.6938807978774078,-0.6420591620340333,-0.8309326565193503,-1.529481338151983,0
0.7454097586955774,1.9938123495420363,0.7589356190646539,3.8679774808678524,2.557001186060605,-0.5152036293576422,-0.4676848138198562,1.3735877932754046,-2.422684673357364,-1.1959299587973575,-0.17378821572975478,-3.1683034856323586,-9.369124139235806,-0.9087703010963445,-0.8928791645828201,-1.7465702995181376,-3.2060174577587444,0.1939913289490852,1.8863288368073041,-3.1193841998895446,0
0.07903337701952076,-1.759557283075066,3.2633468436133697,3.9048893443156776,-1.9745584072791647,-1.044065296019751,-3.313581096823259,0.34071615376532305,1.3366469283458366,0.7170228950770831,3.690589597435365,-3.431100266928187,-5.930579143947022,-1.5894207057360963,-1.140211180147686,1.6524992752338301,-0.6351388684592139,0.8515942960487191,1.1526695154018358,1.0824748137936766,0
-1.1097994118569416,2.213845970836679,-0.9493413051909183,-3.2798414564665244,-0.9225527876251112,-0.11074445841458508,1.3712343946861751,-1.7702225083288754,4.24252067698478,-0.41496259023290416,-1.1641637595643448,1.8005583232307159,5.155061331325072,0.8918706445322595,2.9715270195530334,0.06151707817555996,-0.3175971267337786,-0.2552859396573646,1.835580900655204,-0.07218647066280148,1
0.4071359692228609,0.8720375346810159,1.0002230158669039,3.796331303143156,-5.8744294322774255,-0.9809893742196066,6.8379953010654475,2.2133086289209745,0.46530869332461045,0.3808791841903156,-1.1149496587950032,-6.340118161700516,-9.780183571211857,0.576258812178913,-0.372831568223448,-2.530210716208581,-8.144289660597707,-0.6977254156206265,-1.0733098777145729,0.8041978389411929,0
1.0865927093728471,2.8471211260631746,-1.15028422009711,3.2853638641006486,-0.42437004008319323,0.1357184046929536,4.815997659003546,1.2901841987003322,0.915232907466659,0.26511150080124585,-4.324286137558237,-0.16603676101103548,-6.09740041903799,-4.44626546829054,-1.3989772435398777,-0.4434183231080908,-4.214694375549145,0.9998887126522745,1.0548341880597878,-1.534652360610969,0
0.27405575613011496,4.87430203368249,2.735183224900683,4.254231317453739,3.176124741865084,0.8244983893518867,-3.3845237107127826,-0.6403430113368178,1.2675901901808824,0.2650081530323211,-0.9882417879696035,-5.184990727465436,-10.171344261866228,-2.04099534696622,-0.394743882501544,-1.939815891741529,-1.9705201053204853,-0.9241314619201335,3.046324763116714,-1.9148004844169275,3
1.141797099614418,0.07931918805046034,2.893348506995191,1.5846275525994198,2.95291442204626,0.6155190234254585,-7.404678573750651,1.4082935179236284,-4.7182198599691105,0.34474128776704427,2.267388583130508,-3.8195836090641584,-6.845381020922142,1.4188624629841269,-1.492397013041239,0.48528046011749004,0.35193431390039365,-0.053099299605372734,0.0499054014902548,-0.13290853927198631,0
0.3362447033022621,2.397498891448433,1.4447802407535526,2.8473638840739053,-1.0021422153039892,-0.2933235554063825,-0.3444199447937043,2.3838232693965127,-0.7714018877552832,-1.959715541704841,-2.2063967440171504,-4.0396004552059495,-6.671191474696143,-1.7164817819972844,-1.548689367240196,-0.8659924626887434,-3.0409886968197606,-0.4111667154272513,0.5122618923301345,2.0890433297585247,0
0.01681014357189368,-1.7920955576416229,-0.23939121719916856,1.6192473672255898,5.1216918262405144,0.6889835466815611,-4.839124420275645,1.707544694611483,-4.961106053206786,2.103087728668229,-1.2995571494252713,-2.85837226316873,-8.16979450115669,-2.921495215913172,2.292910585984329,0.5804176320117189,-1.9033606535358212,1.759547271829562,0.7043291462761426,-3.1375838359778823,0
0.6039966491166329,2.3161730197026174,0.8298467632408753,3.745750271251435,-1.4129186187251381,0.24204389431908882,-0.3750561697260632,1.7927242822865521,-0.8820628197006901,-0.9174762045877483,0.9943157995254526,-0.4537094171243239,-6.205823075057975,-0.15858842324660327,-5.932304639427009,2.34192882051637,-1.5808835386800015,-0.2630161056303041,1.4281322306249933,-1.09149987291434,2
0.22959336928257906,1.380497176570689,3.0245050735402903,-1.8601954140769301,-6.8588173758202675,-1.7692700822987766,3.164911301388189,0.7366215504079081,2.380275528703554,0.24203206460620047,-0.00966055243732946,-0.17264019444921608,-3.48781109879188,2.251388467160012,-2.1530754174478295,-1.8208282637380933,-3.4912093822818937,1.9165032067183303,-0.41732597319885034,-0.13094823433613634,0
0.4018578386356905,2.1291045375285877,-0.5246717318145622,1.5075095409064347,3.1237064774666403,-1.359801617249162,1.5341455120299383,1.9361116377565777,0.5387089519684953,-0.2957109466605707,0.5547331596199602,1.045390424230765,0.16343029482862653,-2.019961768519326,0.39940579543511734,0.45437229165402915,1.092553897851441,-1.0092145058816764,-1.3668874315219814,-2.547251503869444,3
-0.20302247797353354,-0.8066540951678989,1.47139000389343,-4.238745996015483,1.8321864246966906,1.0778164403875683,-16.85363195342818,-1.9956192058647084,-3.7826970203354358,0.9557564862616222,-8.091112506154824,-4.909472867091271,-9.810398393525148,-2.2559446317750083,-2.7912766738495254,5.839475163765407,1.0958232209486627,1.1890440542288008,1.0945966267943879,0.2660624733071175,0
0.25357960640720073,0.3002265073136824,0.7051168788522034,-1.0125612132152795,1.6802411119796121,-0.5732943537865651,-5.853444948741975,2.8259193831100853,-1.3647177459254785,-1.5697971368447574,-1.866945647041231,1.837549104049367,1.652382028630617,-1.9314903870964404,-4.368698166677079,-2.336541579453459,5.613425125518512,0.0845900662881133,3.1940740632553952,0.530094779381947,0
0.4438360460406357,0.41540350628584566,-5.629752145010999,0.8445388982427079,3.581649757462953,-2.896924637097998,0.9925513076484976,0.25217858243218005,2.9521986428836255,-0.8743595071805818,1.3829828420926829,1.303431461207624,9.243928873671173,-0.05873730387165055,2.0203416525648996,3.074387718047089,3.66832540609008,-1.5950243765547878,2.297984283304464,-1.459375234660781,1
-0.1312452403441337,-1.610571662841962,0.3944972042766397,0.2499973120675466,-0.6299155373987934,-0.09841608859481728,2.2689525467495164,-2.2158893644571576,2.113569201263894,-1.1538908345198176,3.3690189737427776,1.8301858344477222,2.375919051215882,1.2127173216180027,-0.3668890991289242,-0.4413311338838666,2.1486983307346152,0.2271782297216455,-1.3310188208851192,-2.253309530454307,2
-0.5959546770224795,1.9805963283333123,0.8475417433493503,3.7849367689584654,1.50103825943643,-2.669680366664121,2.1301600824574995,-1.2265499732151492,-1.1587188073077737,-1.4024364243992253,-4.452984695617902,-2.718089587683064,-7.279510320529624,-4.23317651962784,-0.1458292825110158,-1.2909526275763943,-3.3058145265525978,-0.08746967302804623,-1.7808333940085759,1.6763710519275485,0
0.4397855131384423,1.5409147360613114,3.108958463947943,2.930970158416444,-2.232363020906357,-0.8864148716734289,2.556533828550133,4.532937355852456,0.2514684013852866,-0.11146100758178112,5.85008562110155,1.2828395457391633,-0.8105985989648489,0.0693235920702242,-0.7518582337851888,0.5812812506776344,-2.024390304450364,-0.047789632786682704,0.1778193253449709,1.6975336864314277,4
0.42977832191442467,-2.0270126445417165,-0.3223623807631586,3.062319317491226,-5.088417344355362,-0.5975649441213174,8.570339268850848,3.241685511075803,-1.186538385825455,2.0720112832591138,-3.9885686043907493,-3.70813423629436,-6.944492285106374,-1.4945109336340603,-2.774126011355869,-8.405021760187047,-3.871150558537508,1.607692026721691,-0.7682975515954794,-0.12468195644205671,0
0.5509796543035121,0.7449589861278525,1.9372467567461302,1.5472287207956574,4.336022747489589,-0.8122284967914727,-6.7433233025160275,2.1224862331465153,-3.5984461922176942,-0.36712099348696847,4.5052354788045,-1.2816387152492332,-4.606282304349917,1.518829357787944,-0.3021227787321171,0.9968403738523137,0.5991700674294727,0.6012751811297552,2.6493405771402907,-2.681206437975211,1
1.1509495807663341,3.8081273765690558,-0.2908906316095764,4.191744317544067,0.6975664382228388,0.013460964976476022,3.842034624379657,-1.0171807280531828,0.26988163621294714,0.8899250502511665,4.416440441943644,2.8744909270104473,-1.3935518769838184,1.7472389830780983,-1.8433266291974122,2.1730357460424203,-3.4116130512934584,-0.3100481575684606,3.4460315436284317,-1.4423311438666526,1
-0.15933541115393626,-0.7757229471375231,2.3867890261845437,1.2807343529079571,-0.8041642402762353,-1.8195821394577085,-4.090471638116448,5.16900155258704,-1.4032515268127734,-0.4884064331471405,1.9429036014162757,2.3018177793858374,0.37593260510725957,-4.918233257587011,-0.3430983591293003,6.051881575621215,-0.1665267006276553,-0.7218785348575827,-0.36190423513383996,5.072250395504477,0
1.2435817205347903,1.1819141624806564,0.07569894458559434,-3.768839065431229,-2.5563389967444134,1.4675451276792055,-1.1803130719353556,0.07556821817519832,2.3769779839080543,-0.8779130836102628,-7.259331195821139,0.3876483248749514,-2.4641597751770505,-3.823340578290216,-0.25200771728470506,1.5057191968760255,-1.3059640943360327,1.3999221270209399,-0.9390582864155204,-0.33792891243330514,0
-0.8963804510022381,2.4365971644313653,1.8395499547620096,5.708797220034763,-4.367149105410192,-0.10279249973736174,8.231276836770185,2.191030088275686,0.9419480055015343,1.2939738745059608,6.8211447417560995,2.9747326261745854,-0.4107056614254297,1.999834585023463,-4.303152023603028,-0.8093001256232535,-3.3884784261051193,-1.5778172790395224,1.9024436466150942,1.676267686903326,0
0.6946768411108678,0.5467967119467005,2.23063702074628,-3.4681502694355926,-1.541674243544667,-0.6889673128064364,-6.988876801045241,1.8835732636709857,-0.5211708305262567,1.6323615440343924,-4.837637252851453,1.4290380466266899,-4.010720874432419,-2.720172941857975,-5.386286235869662,0.7128418886771308,2.7572101073709296,1.7841819653137487,0.813989721189144,-1.231726726511425,0
-0.6577327992083711,3.850733574458829,-2.82775509686553,-3.1371301986511346,-0.14851460408468492,-0.8796452101306241,4.186592963460796,2.18195047226845,0.6259733969023951,-0.1338548288745113,-3.0668833445359045,1.6790285684176998,5.5307960407107135,2.1664873957225548,-0.6423876819675591,-0.609948753851121,0.6234777452443623,1.1431139588843624,-2.231026370158707,-0.761123593380906,0
-0.29007566745481517,3.421183242982225,-1.2327941593749956,2.58055585602611,1.5362489231248921,-0.7753246128578923,2.0372136612035354,2.5435615704800596,-0.6508725869818399,0.7536736733085176,-1.6519637941826661,-5.475645590009072,-4.8628167890271,-0.041629032625543516,2.4052877577867613,0.10316155790231796,-4.424233449527667,1.042246347099411,-0.8849567243205869,-0.08248790012906593,0
-0.15263704112025414,2.6831394746849657,0.05814632238285922,0.274107889840845,5.354307672648238,1.2057074728833355,-8.930390023510773,2.43961215974946,-1.5390658876570578,0.5266941014666915,-1.9254422945129521,-0.932499894715686,-2.564385416396909,-3.4225032129018014,-1.043030551791332,4.912232187792505,2.713553842363069,0.07935946765028604,0.8967168891038867,-0.8444333826469688,0
1.3828064826120896,0.8907763738105094,1.8803442250841365,-1.3674440657654507,-5.518859313114123,0.40153732790927343,-3.453594840146488,0.9435975338088701,1.1991931698297038,1.1261580396444812,-5.762249670889803,0.018093896766538498,-2.8694930919571835,-3.564531061024394,-5.940020278721988,4.0654308953635185,0.12712896873785495,0.5426730763910991,-1.5064916480823882,4.603895312124101,0
0.7765485469286657,4.341399387565712,-0.7405674265861253,5.083130918666082,3.6638757809454727,-0.0523259477486962,1.0867334419147463,2.2014511607562666,-0.9472382158766078,-2.066394256723884,-0.9476443419307745,-1.364472971015379,-6.732478484165283,-2.7499231566080238,-1.786838001898351,0.056165202818432514,-2.3453026383081412,-0.1410484461841121,2.269767613068023,-2.7675073650733344,0
0.7989078487927695,2.077482641018601,2.434480953226892,-0.3367176665989515,2.0056273953322283,-0.14687917109526835,-7.516758584578892,0.8166175606265906,-0.25197880584905563,0.6935061974390734,0.32646741654599715,-0.9365576706909775,-3.362439165937167,-0.8642168047296322,-1.119687365557614,2.108709950103191,1.3595610672794711,-0.21908699821172264,2.1029353101090695,-0.3645497108310113,0
0.24654410372291993,1.9791685068269964,-1.1163414743334052,-1.4912933096719119,3.8056811716750882,0.44168520316602206,-4.298029782313142,3.1115975175397175,-3.889734419727488,-0.39182298632143564,1.6381816583460387,-0.7924949772297413,0.6533678246069913,3.5896690646516056,0.2770809443642064,1.4567633542505278,0.6947489889373367,1.332655195722782,0.7661043102258467,-1.8144877134997506,3
-0.2877957239393374,3.7379644172312174,-0.2095029236901489,1.4162714076151748,0.7603805659329719,0.7811351042807543,3.7764790901581766,0.4133595749545873,2.3407261691974344,-0.8325312876007627,5.627313534418756,1.4349905835263765,2.2882503057093473,4.249961931898113,-1.8246951518761478,0.9133886994592599,1.2666912196669966,-0.7850440673775239,-1.2495736420377206,-4.40821646085643,1
1.5522366939143428,4.045527473813315,0.5335089186640983,1.0770012187099096,5.080136127966654,-1.937404675694699,-3.540163691328961,2.178040827489161,-2.147284559908983,2.0804607714384686,0.3690100291864611,-0.5701323157347902,-2.525397375662964,-0.008079570934035774,-0.8691341079427601,0.19600745081683957,1.1556794883707173,-0.5837256583339152,0.7021661028270119,-2.190494005487098,0
1.1446445173567392,0.44615097331665643,-1.5369728874346837,2.8698590700944977,-0.5242893710059987,0.6502203365105566,6.8297274271202975,-1.0597582052753367,-1.372485980223638,-1.5249490256829483,1.8638110341733745,0.5952509978115978,0.23757573334289944,3.0724227089173306,-3.886821758602616,-0.9773982987252878,0.07835164937888739,-0.03190744557485037,-3.7643560760876174,-1.6621966796893113,1
0.47087742836615704,2.7188914342532016,3.7328205383196384,5.457008538492604,0.05498445317430519,1.9071034133448856,-1.6121808277477128,0.38827116543218076,-2.2387004641359773,0.6039212068414063,0.19312548989381906,-5.820650992822184,-11.333344720639687,-0.7075249607712477,-2.113857416015442,-1.1978102980000003,-4.245774863807739,0.3176096345450723,0.40484308298185423,2.340866151393527,2
1.3354518817955243,0.7272086553111131,0.10019957855334016,1.1968970776200778,1.731608720279094,1.2439603680196283,-0.5264905572922719,1.180866432133826,-1.0541957773738808,-1.2468525158671082,-0.38943160901461293,-3.7978513821652613,-5.946156625375205,-0.6344631380466941,2.6367841394047056,1.0703604445639896,-3.2209699124284303,2.1304072446263937,-1.4494056155317372,-2.1538035045845425,3
-0.9845076887256973,-0.3447305626673689,1.4595677387952928,7.812712474458496,-0.1575562195831536,-1.243450801924478,-0.86091670993789,-2.0301542709555505,-1.199630599039215,-0.6995311882544853,2.321356582197583,-6.307813813720072,-12.837205806253634,0.1721423039262746,-3.6843718732513495,-0.7484041713045153,-3.5873016139183833,0.12544451927625772,2.9543378023271405,-1.8263555030944494,0
1.6392109326117312,1.2127194930021399,0.03194420012181387,2.448803402530172,5.751043517296771,-0.7998996915172688,-4.128910509387013,3.343173823795151,0.26940521494505587,-1.0033807754218391,1.629414484586459,0.7558119193909356,-0.36443939806036285,-4.50478768422889,-0.7390935532161272,3.2542295866473077,4.812121453367315,0.13308144708905537,-1.3315317267094788,-3.3515058832844424,4
0.8090311901536907,-0.24738935885353275,0.44740858701583663,-5.145284033638238,-6.784572820303443,0.41350485891683497,-1.1710845392100548,0.2043539544577898,4.072931489743643,-1.0091869216720712,-4.794297646213928,1.5647108369134526,4.760418068520577,-1.305312387017914,-1.0332750322137239,1.790646544026583,0.37291265556489805,0.11992572154323217,0.437483251335275,4.918563128839786,1
-1.3527985214509015,1.159030208657652,1.8891414016404,0.3689516691137954,-4.8816694784568515,1.2938896058438014,3.0655525450844356,1.4711735339295435,0.31423215391997794,-1.3958945963597262,0.051039507387240494,-1.9810874702682546,-4.812316931923697,1.377720254817226,-1.4303087107743186,0.5183011849199437,-4.451745414747993,0.27269389888227913,-2.1681299600280806,0.8818201603072868,0
-0.31221741908597206,-4.528018721967899,0.8064261098691173,-1.0488684803946038,-5.521063889616731,0.4169725629801534,2.0092748479814806,1.040425318770988,-1.1717824266231462,-0.5487561199189867,3.1271948235862417,0.8623171543037838,-2.2677911322352067,2.766823728114128,-1.9883757308372834,0.08871209350403675,-2.0217933160409745,-0.31250474849896126,-0.5886417620332081,-1.9683353445640472,0
2.287814421515975,3.2212137550252264,6.457983258387375,-5.227907932227414,-0.03000651125037462,0.308945999250318,-2.8961267573451863,2.06909343474146,-0.8134587798201185,0.8277904441956572,-2.710078644242837,-5.082257566300385,-12.565946182228913,2.243678568135434,-0.19766541424574446,-5.4165892142621725,-0.5731479959804435,0.850018124094554,-7.9945118546937906,-8.121939064057237,2
0.11761026682661346,-1.6266638984325898,-0.7974651408917288,0.4562197853540205,-0.24748010619233504,0.42316698185470547,1.8890483917009606,-4.5242167646366465,-1.186891120972081,-0.3506997480358557,1.4175484825349118,-1.4486290275716995,-1.9853026215366838,3.5775611404718406,-1.1278804294966835,2.879956163589723,-0.577766905976572,1.2820797404437103,-5.435634824606237,-2.262007812951783,1
-0.9611069094257415,0.49978655371360503,2.314593199807893,1.8166582183531306,-1.8111785714564064,-0.8256329392522954,-0.5754981151080919,-1.0189228555795933,0.6807097041449666,-0.4871236307288651,4.879904263521374,1.14808201574647,-1.3366440976179073,1.9005580635899935,-1.112476290028563,1.2584872284470852,-1.694904837752169,1.2883954932194481,3.028840760575596,0.781801056548505,0
0.584128321459197,2.071656035393943,-1.8975032145251052,-2.385650940648388,3.459040035311003,-0.6380481693431806,-5.222320743032867,1.2936815916499291,-0.8445613448958292,0.5166200467943914,-6.85549285480009,-1.182458077328191,-4.580024638648654,-3.433728550487143,-0.4823029508770472,2.5162827094111684,0.4990952102645072,0.6904244156423248,-0.008883590860817803,-4.1186079775363496,0
0.1389641985297701,0.05005141249218381,2.2567654703480464,3.9840176964488005,2.6152310908316867,-0.9721276289939549,0.6755604786321805,-1.483231180394191,-2.931487442101382,1.6234110524790935,-0.12950019601421306,-2.4409583799558314,-5.854577411186391,-2.519574815141472,1.8125133594212017,-1.0272449033639188,-2.7996660991765885,-0.0847520504593056,-2.394711971219964,2.6940389816778225,0
-0.8283615754758799,-2.2086501184823315,-2.178828213291915,2.327121693974486,0.25178258457074865,0.938744251021189,2.6406381182054166,-2.455308769167727,0.9178539818049616,0.740899796676248,0.15286779377961499,-0.7565459887115198,1.5437456932449767,-0.3084930938309267,-0.5937462426116402,-0.47267785215835245,1.452697399142198,0.5261685817056289,-0.5981310071001678,-0.2617924834149207,2
-0.5080452538123723,-0.5496514086128959,1.1992089441530474,-1.6793845944210144,1.7272843591270663,1.2662982636734552,-9.805372071261896,0.9799127070638735,-1.180767990792249,0.3052118030793774,1.2037129719600896,-1.592725461999437,-0.6671947136880694,0.4314787135934217,0.08741001031002238,3.8297182036919377,2.2078880627261106,-1.896005888774553,2.3219259286389646,0.6768659373788208,1
0.9959989643864737,-0.03569426764795414,-0.7473279873624137,-1.122660192314767,-0.9064201705267712,1.845339877174641,-1.636339581494343,0.10920677278073754,1.9347150363241985,0.43104563832533926,2.995867078846602,4.209225597452481,3.2960606934214596,0.786816076290322,-1.667954616971627,4.062561109234105,1.4208464988096021,0.38911495434451604,2.9880695557115287,-2.332206967933468,0
-0.2618578602261557,0.7078064647009916,-0.8628367331164875,1.7882488180000595,-0.015324684635862128,-0.817106532885653,1.6360531524420308,-0.6714832126621486,5.953335055992044,-0.5057432381519884,-1.3792622780162835,0.1477737124742895,2.0351409968378182,-4.129460301462002,-0.9462671444685639,-0.3764230394072753,3.6588875094148303,-0.2828267422915152,0.2850340838639779,-1.5502962916529082,2
0.9471657354585353,1.3547288563010393,0.47181277958496437,-0.6671134224654556,1.2401950290088684,-0.6732048502892638,2.2787689170879664,-0.20106024275768242,-2.31491968220494,0.7451974635759,-4.812442863753699,2.480414725813924,-0.8758014337630624,-2.49907131614603,-1.9352727286882867,-3.3795135334579327,0.4757793484652064,0.7779962454884063,-2.200026088448352,0.7827779888232875,0
0.9571057538558676,1.3533223797959752,1.0618659196130427,0.7021643071195593,1.9546680118434832,-0.5184799465127898,-1.840502174637908,-0.2615383447249495,-2.1252930885155985,-0.2466358530269694,-4.166967810165033,-0.7219335234330142,-4.059384093867104,-3.0374843504655944,-1.305875673438766,-0.8441140787537459,-0.12382051380850179,1.7689243790114788,-1.158128730126681,1.3410561478602527,0
-0.4485600217413734,-1.4305608530635499,3.0904334061644954,3.1173765264439552,3.644968937511098,0.6894901967413225,-7.07585858613767,-0.4166201754423957,-4.848032575994836,-0.9477365783678169,6.682828554787647,-3.648400419278438,-8.135021998136104,3.7630478340970868,-0.29511925051675925,-0.9410721564029851,-0.7139654218846179,0.8675621516799731,3.49438156319409,-2.777114382241468,0
1.2802378924569415,1.4600033380789268,0.5594179593444406,1.0269328797477357,0.18076177293282342,0.01875272601067014,-0.2293122951379203,-1.328802511671661,-0.636459593001155,1.652955927639456,-1.51514420910178,1.2574492266176929,-4.624005151634194,-0.6679295058929325,-2.270979586970767,-1.870909442101025,-1.8633469032621246,-0.9856848420041465,4.065015049195873,-1.7718201449471973,2
0.48379266063200765,-2.360656555078282,-0.08302727372237206,-0.8773383442115215,-0.010270307942071745,-0.8866648115154907,-6.277376362064393,1.5902099792434146,-1.7381179248029834,2.284186951292216,4.355068171376135,-2.975913183548899,1.5342345326056719,4.012044622098316,1.0770178161474067,2.365104484416273,1.0474424621131737,-2.624575497447951,2.285522269152733,1.1316568751812772,2
1.8124722897203587,2.891369036556675,2.4258954712312786,7.166491644291056,8.688400358202225,0.7744214036054885,-6.256826474625378,1.9752441762515887,-4.258475918764473,-0.8933132319864199,2.9751256049178676,-4.398659233948569,-9.1378640797206,-3.2547269442787052,1.485756814006102,-0.1072214122240891,-0.8994442322697603,-0.20801759135869793,2.9040525487636706,-0.3166219169956491,2
1.2106968400430538,-1.5246194546116953,2.526934879605222,3.9293748960907164,0.9358019638557394,-2.2828738651196097,-1.9170536448322208,3.6579972566741312,-2.39765621873918,1.820266331029392,3.5250403574106377,-2.138199294099567,-5.173098586439211,-2.602551596781617,0.7342267206363668,1.130543916428282,-1.4468193500957847,0.5827623495047128,-0.5974365886128963,1.2407718066118134,0
1.4350786539545588,-1.6680662721453967,-1.480782464888899,5.609852184424122,2.929008237791783,-1.2476639370292109,12.09970104547175,-3.3850361792605,-1.6852699888484333,-2.104764858203345,2.491330983190599,2.834378253738066,2.6261533707200844,-0.7431078844990637,-0.038265523427229775,-4.580472594530045,0.8125174752880888,-0.6651854332225339,-6.053135354812424,-0.6086494650456116,2
0.48066050341510047,-1.1623406287518234,1.7087662775883006,1.197084385621123,2.320353739320268,-1.129488142842377,-5.013707759732454,1.3063785346169619,-2.6855837867022965,-1.4224580693036881,2.196597871038164,-1.353493603887265,-3.4002429419332367,-0.8397830094030214,0.5909409205433951,1.7994242126546436,0.21314902351001375,1.281723539594864,0.17631283830808087,0.1266972447393111,0
0.5248317447143475,-2.9215428842033586,-1.113285792829406,-5.184345868321484,-2.038975780098025,-0.2631327066777083,-7.290699033239346,-2.5775942248704036,-0.5362541201826014,0.7096271420368573,-2.401402595993884,1.6073843906892962,-0.3571201873551399,1.6740987731881263,-2.9777089142639004,4.854558730820811,1.7872157403337097,-0.12020815340829648,1.5862109017662391,-2.6221069234293326,2
-1.3154371020621167,0.24518989688397763,-1.5474740573531665,2.128030696154024,3.8687783306635164,-0.3300441445670066,4.276232273516198,1.036487077523677,-2.6058317506249873,-0.6489302913513277,-1.3918631503984669,-1.916174827213253,-0.42215707409576425,-1.579273680129738,3.6178867584722614,-2.117578023263137,-1.4359490421945833,0.8285788372532947,-3.859985851433994,0.49250171100890827,2
-0.8489908479182136,0.48494252261309245,0.10168633772655555,-2.0451863985363956,2.241038035743059,0.1775166202437275,-6.2986854130311,1.7451521155205338,-1.4950036746525597,-0.9312525410403725,-2.5807069899218424,0.5707014647306343,-2.555820679990987,-2.2424930044953664,-0.8263301988272727,2.6068108926701976,1.2489117016884461,-1.5680967181388359,1.0857687394514945,-2.02452736719714,0
0.8298263658290952,2.363939992412868,-1.739887556148103,-1.3001581046012958,3.0735286373973305,-0.7233892023244627,-0.36564755525431636,-4.483634174020381,1.122012106631756,-0.5737185097119023,-0.07471839627160894,1.1787661136849428,6.890480163155444,3.4777400808849444,1.459204181947817,-2.9700799420588617,2.4343152093154186,-0.2632729452754817,3.756612832685913,1.2562974118586516,1
-0.17938977987528987,-1.416806228352171,0.876682024119317,-2.0469547836493733,-2.671868188842613,-0.32326563032312156,-3.604541020115377,-0.5669886499330514,0.6809742123088693,1.2998677268176337,-2.463475141567756,-1.652089914754176,-0.37003540472032526,-0.4326727255194729,-1.642569547843981,1.6657021990957261,1.4067624200676265,0.9881111928057504,-1.564583463525882,2.211359440301842,4
0.8085720133047145,0.11194612006385363,0.10415554592152665,1.3172115871537233,3.630325149529994,-1.3397535907526321,-0.4605670936652599,-4.858557830521179,2.8832940939834066,1.1261649550766988,0.782069540844965,-4.497384354458122,2.019533851587841,0.9169803961404713,4.186297165198483,-3.1205044305493326,2.806553071714219,0.9092939001787012,-1.3857389578697386,0.48401881260367086,2
-0.3733436548035681,1.860500250092624,-2.9625176743256203,-0.7955095109664094,-0.6141327340500263,0.9972789266687859,0.9851246620918941,-1.330878497579781,1.7785480863194336,0.7416325781193271,-8.902631854158532,-3.2905555626158622,-4.097521899790252,-2.6009817802828534,-1.1216723913907831,-0.7439378425192463,-1.5406125315443162,-0.25607388735650516,-0.030912604637214125,-1.526674828499588,2
-0.8546142106199984,2.0802619215086784,-0.6997141592662176,3.1278072849147773,0.6587386601131594,1.4770153314057928,5.915668975222518,-0.017723728334163358,-1.2333626597556737,-0.10475263068932719,5.109079582984396,2.680895139998876,3.0454764151414486,4.129360088403633,-3.46908522936033,-0.9775922475500749,0.7811148088077853,1.5560274369941571,-1.2033314121382217,-1.0261474267919046,0
1.4719071827548464,1.152485559992989,1.1169011038122547,5.254068506197193,-0.33538322331769854,-1.1568358310560711,5.1895344410663515,6.056469956060014,-0.8964097345929996,-0.19380485378852874,1.8075909471367007,-0.8953022502607098,-5.994756072506516,-2.8909981510111624,-2.1492158753104187,-3.348211860474429,-2.0853747485279097,-1.744648066784945,-0.15491038939524404,-2.1937914855509977,0
-0.8053828502973774,2.835049735275328,0.04525866710938564,3.1647760148698065,7.108692974914102,-0.17281637863334537,-4.984665728998256,1.173522325755884,-2.156004477716729,-0.2394351032549895,-0.08372726491341032,-1.8514856226020833,-5.979466451615149,-2.82500625235964,1.3006359854360228,0.8042707137076526,-0.2935766427870208,0.7606045076590366,2.9715752516209024,-3.151093395291286,0
0.6527231055958251,1.2037661090481668,3.1327706021100097,1.8067698106961694,-1.5088911613449505,-1.0898469856182262,-3.0195911716427086,-0.9333302703335595,0.16360568336490133,-0.41291572630352813,1.3945864777844175,-3.9734447113498854,-8.172400457055762,1.4657340579785112,-1.4948309420350991,-0.3643275018051777,-2.6527278039149182,-0.12427865929590881,1.785149521162892,-0.7207846846830573,0
0.3868812252955427,-0.10390172686026933,0.8681146761100877,0.19233800915016364,3.461970953500788,-1.3426997301827934,-5.799436156920947,-2.017754890859418,-0.7439044988595782,1.2372823861402673,-0.7399415952789546,-3.174999264321648,1.2431116918200835,0.1016656292737863,1.3100709459551796,-2.2945443070726763,3.3758130597965037,1.4968682979972736,1.5114692953183635,3.1388874840186403,4
0.1273926175542019,2.1202636026553305,-2.659768161698616,-1.1335000059632492,0.3451616263008992,-0.8204140778999041,-3.3415219414726103,0.6746019685021514,-1.2238920726866729,0.9354246128229486,-7.435382561851439,-2.1759177761714152,-3.8588896955005345,-1.5438213994010717,-1.729248550060265,0.30443077544185404,-2.013955199576433,0.03716726562968594,4.134008320928492,0.06838045767803003,4
1.4828725898981292,-1.5747288784482532,5.80851623825571,2.4807063094442316,-5.048243631993688,-1.8098800267812212,0.5098605740938013,0.6208520728649376,0.231434173143233,-0.5925765753135007,5.1380914334439005,0.2616705233503902,-8.13005317105158,-0.6682709925349768,-2.2484789133531624,2.2114593479419815,-3.644926800912072,1.3026343555457602,-2.090892504214188,0.028417921175141303,0
-0.8201481086366414,4.563518492337208,0.9427414431752948,0.7467871317304564,-1.8686856413384085,-0.42281834970367166,2.967564659647415,2.8267751231166747,0.35077409675885396,0.4660872982553206,-0.9038771296763721,1.6759489432402046,0.7831815610755632,0.08717338187635448,-3.5991357324147035,-0.647616013081056,-0.7275251149256456,0.5692790173450671,-0.18042692848145392,2.3974273557705104,0
-0.3708592610180637,-1.1173731921708052,-4.869952195320309,2.2713088231442633,1.7249348600140089,0.1898612175683834,4.599164636901697,-0.44356606050325154,-2.7226410905255243,-0.7394303447468146,-3.9598091873660675,-3.9358815594615426,-1.6252784296493317,-0.18541801020649695,1.9150470175711152,-0.46125363803440833,-3.1700870887082147,-1.0811674928118649,-1.9407473537336655,0.09631306460854461,2
1.2116169789136713,-0.3420631193548078,2.712626334468098,0.5853301886486286,-2.3134220481725465,0.3871466567690834,-2.5680800585975962,0.5951535066949369,-0.3494017952488391,0.2775608454958954,2.813657613655838,-1.0601216826009998,-0.9010111163927105,1.3946772625559616,-1.648073822991046,1.3354749632478389,0.07363637530320499,-0.2011408124746759,-0.2624424166725191,2.993214766979623,0
-1.3676383242898498,1.2044631593485422,-0.21603128892370904,-2.2650837409972886,-0.2093997010377595,1.5340916219339673,1.3938558065475863,2.334655782306238,0.4571315062483098,-1.882945854694038,-0.7939732419127224,0.9539357860168726,1.0109254437576083,-0.4510591465246462,2.924852541682254,0.5291011331360449,-1.951940692953982,-0.10171742183537563,-0.7650521473105378,-0.7122205098080929,1
0.726991923137644,-0.1288317791862812,1.4648459173274058,0.6367980580342961,-3.567204019153231,-0.36456964119372864,3.5059433990175406,3.2737888143980665,0.3482597425679119,0.007902344020385425,1.4527616040434608,0.7077264960378342,-1.8209096713154247,0.1753349258246133,-2.5663974573191712,-1.6514105853846823,-0.8703259124472046,0.11424936788569923,-1.206671945752127,-0.9360465148573842,0
-0.1787674201482074,-2.0165971860054293,2.1611579070760785,-0.6051233088328709,-8.081821640691704,-1.4273584371119512,-2.0667294973509973,-3.9649663737681875,3.0755363212467195,-0.08757758482390676,-1.793844240157683,-1.7853044753915226,-5.357830204041636,0.3406928762708521,-4.05967112153943,3.188894379295693,-2.7789799579852783,0.7101077460467076,1.2677330588368934,2.292091369982875,0
1.7731600995871857,1.6900391584723895,0.18032666937163766,-2.0484318098332226,-6.069143212603986,-0.5177322087888763,1.5359080042951334,2.449766815237944,1.9394524854761677,0.5544762598169899,-6.2438713636196415,-0.3583145168310031,-0.4385300370257478,-2.3275507159120066,-2.112677418765962,-0.14361825949496487,-2.726488301546935,0.9229052090193991,0.751992099205886,4.655127722153197,0
0.5609277657437176,1.035516768743024,-0.06563660432832785,-3.3728266154928352,2.083713171651228,-1.0882481035361067,-6.896657493621627,-0.6526208774752429,-0.2634646087079847,-0.9875565970922491,-2.561011858720737,-0.436751525221291,-3.0188834456491622,0.12262681496598105,-0.1899856599431906,2.103188396449597,0.9498404329994503,1.2923201351052573,1.874680253641703,-3.8670089099128253,0
0.644549725887201,0.8588898057986595,-1.2185172891987084,1.2763384087818817,-0.7870416168558064,-1.2590728376438651,4.3994404831164635,-0.3313922044913139,0.5648332327384313,1.7012036274483178,-2.8559414644748324,-2.7239236625102268,-2.6548515136077047,-0.7089091091835857,1.0240321618875239,-1.1688415085240327,-2.899479094472637,1.0743823459187587,-2.1304442708421045,-0.0031499300285137144,2
-2.0323368744398986,1.4211175024638276,1.7453407387259943,2.4113247407133094,0.19358097003436175,-0.1386282085656348,-3.232622384294496,3.0509929205439583,0.45773801785370694,1.2464645143965682,2.9233738153674445,-1.0569000949633354,-1.341368646601674,-0.6577848777732761,-2.058996094154822,1.3006413568794883,1.2898150665208319,-0.061025598572472965,1.8598435302588268,0.9126053896687115,0
-1.013872314461966,0.7618387279595017,0.7707564205447102,0.4928824804447447,-4.876646175654076,0.2580032430071763,8.131415764773473,0.7185390622074089,2.084615977504104,-1.305357417700682,-0.010714801437203792,0.6957998387044455,-3.2482508855157155,0.823280156303515,-0.8054485283479822,-3.7799614373610364,-4.307929117826708,-1.3005473286570142,-0.3370354654260126,-2.3179870419362194,0
-1.788882845540941,-1.1203751915937437,-0.3751981809964793,0.6481982987384385,-0.0996469685998366,-0.9450068291716966,-2.540651341013846,-0.3283469586941927,1.8107872687109414,-0.2858039249762326,2.0372055031601173,-3.434473480499537,1.583716728384453,1.4319521957689312,0.9965899230061722,0.5659431811353133,1.8636760866509114,0.25645173383641806,0.7964114907236337,0.7402679811534698,2
-0.9953043830493332,0.924761579847262,-1.217398249218826,2.624593914941977,-1.432696160275399,-0.499362641743979,4.224447407772474,1.3420065475603569,-0.6205220971450865,-1.306889061282646,0.057502855781860124,-3.6357771681966025,-4.325511223306843,1.6310135520653732,-1.293907053602151,0.24804652650738301,-3.0915736482200575,0.32977785828863926,-2.499951196310443,-1.4548510630535723,3
0.10057804534065648,-1.1034893322023032,0.09623665163547446,-0.472295453501161,-6.811691205297469,-0.4982966463669325,1.2671587507774476,-0.2690036421301385,2.4291288386688805,2.097817098408465,-2.766882613779471,-3.9659718238852104,-1.328039577732134,1.907693960848809,-2.9414533657155424,-3.728710743349657,-1.1182488663441172,-0.46466990357853183,2.3609634816968494,2.9034553137673473,2
0.5153203106163854,2.0455594952432268,0.18481200647169538,-1.8504457140658657,7.377274473267758,-0.06565722721709456,-4.828025869236894,-0.0037455714417244934,-6.07297127238998,-0.1109610809710438,-5.95360259752452,2.804704609833276,1.7947732497160391,-2.9918819301324477,-0.8816152653911001,-3.5622529522565287,4.163177799925855,-1.7111023706488653,-0.5142869273288413,2.6171169747332326,0
-1.6701238416219732,2.560372230659114,-1.6389010329600229,-1.7730021059331493,4.03125159629349,0.015600906607699359,3.0395439443661503,5.331475854606681,-4.466694296354167,0.9546974950386221,-0.771849279326096,4.106859362153149,7.883228591212724,1.3154740224698864,-1.062488020247586,-5.328005220785932,3.9197357320734802,1.6164513760078978,-1.4350097601839384,0.886268693597997,1
-1.7717453239226715,4.125155899903126,-0.9806527360303425,2.652368354771223,-1.0307151862755453,0.8305523714809273,6.457504591357161,6.330472646490123,1.1809357574685575,-0.6192929210273689,5.706822159106341,0.6120354648758888,7.0619642710785735,3.5829218531443123,-0.8596895262158908,-1.4662489565697931,0.3855218855255429,2.0543071160030317,0.2483496262341338,2.066424684380781,0
0.49085723179656604,1.9047160129491338,0.0860933201946803,0.8500843254744921,-0.28431874661090084,1.497931744421375,2.647224606605407,-0.5565845464710111,-0.15437625003709776,-0.6381459443347278,3.7179163031380305,1.8026585525238055,3.3620407612619023,3.5787605677734122,-1.8540018747662736,1.1649965838911425,0.555865227287853,0.5218900552303004,-1.4781681131584596,0.6056835505354945,1
-0.443298276160392,-4.763995639828397,1.5242257976206717,-1.3988300870438035,-9.162332086551231,0.9690360331758242,1.7110566641709832,-0.952543802168188,1.1648496774203476,1.754389360272837,1.8984098872399688,1.5499059561788915,-1.2574659976186628,1.990400288289245,-3.8404845601486723,2.0949489376634816,-2.174597112951349,-0.4574368781984707,-0.1560924669860957,1.2430187577697898,0
-1.0744321285875014,-3.1222399514523733,1.6317862296399934,-5.9359882394121435,-5.422740436731974,-0.5852251823413607,-7.589785394832788,-0.8424957462286051,1.986643317036147,-0.20663098880251304,-4.115668211501925,1.2206462613586369,-0.35161554374618464,-2.176015024721724,-1.8290824605549472,5.485275829326689,1.1804892809645402,-0.6772866967530925,-0.1578970765580172,1.7662707738461845,0
-0.7187664131915567,2.0788310808696977,-1.4943723783996092,1.1574721271005857,4.066707520804121,-1.063100153303999,4.7309514175308935,-2.0365382286676827,-0.1596743943753044,-1.6748679428926916,-1.8758110351468766,0.39050414482009255,0.27202279977047283,-0.44866695772911314,2.2415723638469647,-4.870495780520199,-0.3346980944409673,0.1901479921252132,-0.1737260172169427,-2.2970336632249593,3
-0.20163104021858924,-1.8432044351554522,-2.039141290332667,-3.5376273655796133,-4.173065741493612,0.9349095836332435,1.1162060428245493,2.813473110917763,0.07792925401469963,0.7106968339888026,-5.7730756279264055,4.228592520652127,1.8623298206697678,-4.164753654953643,-2.834565919546627,4.30985567592062,-0.12695077203973093,0.4770673437093948,-2.3380951093113174,0.6249447317857326,0
-1.8196211780928977,2.4172007707788015,-1.8468365344855844,-2.2802990044774014,3.0864679373191413,-0.9638894050535666,2.4854322550567898,-4.330321871433044,-2.34860419407653,-0.3486605052759789,-7.872348575376175,-1.3001929821075142,0.14149041454159625,-0.5088860524160659,3.1034604601547313,-1.123963702473849,-2.235371347762274,-0.9091168186778075,-4.908822211869421,2.5734433630919717,0
-0.2901193818318961,2.2382823988062865,-0.23664069330137716,2.109202306430891,-1.0690980721547538,1.4090889705614211,3.188923547055781,3.948582356926027,0.12192082133848525,0.2055862215686189,0.32428560086274616,-3.366831121714794,-5.2615500302416995,0.30649659000858054,0.4398325841163928,-0.4141900996346546,-4.12647029867656,-0.07352881786289275,-0.3225804221717452,-2.0951513893014178,0
-1.0339561066607426,-0.2533071430646485,-2.4003387918800154,-0.9171646005460901,5.751708013487127,1.3396134111925941,-1.652007435062873,0.6638143685998756,-3.5427723758367917,0.29888377707965863,-1.0675993690736043,0.3903176775994972,1.7941571263504739,-0.27065542287983657,3.595112595316401,-0.7751370296760469,0.5884590935204954,0.08774677493568163,0.632055097062719,-1.4090332287261007,3
0.2325133563860684,1.137456050832064,-0.7361437668384072,-0.44349005067796243,-1.620582712804977,-0.557976889419804,-0.48210639509403247,0.272271306610549,2.994287070166875,-0.4819449196995168,-1.1984622413318389,1.9801696935885968,-1.4985792242393325,-2.0943354529856633,-1.1622185916140997,3.1111652139674333,-1.1953702778338595,-1.1360593887706503,2.954821934939598,-2.6158416695937614,0
-2.1403648303230494,2.819599475206773,-3.7774725062357595,3.3347987129989853,-1.6014745483987751,-0.4988054557971273,10.98996883197211,3.083758879741601,4.320145503421172,0.6596295873137671,-2.6423168965743584,2.1339946907954706,3.252811093225512,-4.63583948380872,1.9995786221341207,-1.6794532668239817,-3.8040206644169445,1.4601734699654858,2.307478195382311,0.7158049146368133,1
0.06407991338736785,-3.4814186984773112,-3.239872747665661,-4.396105052239383,-1.085673171620896,0.8470592046135162,-5.810441680394653,3.0742638505071325,-1.900731635218583,-0.33883093757035243,-7.688116724970893,-4.7658801573856096,-2.61021557737551,-1.7231862700449265,1.3930570126329131,0.48039575189558137,-0.46093959174392707,-0.7000409754426833,1.1376207337597406,-0.5356929790477848,4
0.8830936491984772,-0.23541394902098456,-0.22804777569926493,2.7703195920009556,6.641413153623515,0.8301549592649,-2.768089786785604,6.383405057282294,-6.238045375194754,-0.37193894006746886,1.898225593369001,-0.5498754729191903,-4.127138799384845,-2.7298746540853274,1.3218238609906972,0.45977503369257444,0.15660283606630232,-1.5160985818001365,-0.8984595431214175,-2.7002838093620887,0
-0.387493992927473,1.118096687129917,-4.380349081806636,2.9677832516168756,0.47642119251113074,-0.9423480846788468,4.083168420384216,-0.6937461297359869,1.0002884943591297,1.2176440924858842,-3.481700537099115,-3.270969508349807,-1.9295109203208753,-0.9893839822844092,0.2518351255460365,0.9945646204251797,-2.751428778360503,1.3708014815850107,0.46241672321422567,-0.9522392909197743,2
-0.23664890497086166,-1.4645848395994245,6.264391683496229,4.651092184334956,0.23140413449399083,0.1358998868639036,-5.879641899556636,-0.8093073283834089,-2.374036019630392,-1.8470453138330596,2.3016020308674565,-1.0469917884632962,-9.516996842236914,-4.377737989094099,-2.693232071112239,0.936818477518458,-0.6568277144743286,0.7221138728022954,0.5518624596298911,3.203405353384455,0
1.4098049723649646,2.4084129738761924,-0.3553736563651744,1.6953245948717022,4.322267493863586,0.16207884958563462,-4.726652453920765,2.243195938423149,-1.281818756211554,-0.5623103075586625,-3.081277019724349,-2.820936957521973,-4.5456014737651,-3.361601213084521,-0.3870141608153961,0.709677958103472,0.7711178932823077,0.3307543400065834,1.169616393219616,-1.0277530039474558,0
0.8871258782480289,-0.6794820680032203,2.8950101217695288,3.975195647395415,-2.148403869687394,0.09965595109484077,1.7712446858457271,3.7274633226708764,0.8052927001609043,0.5257158894638888,10.77083908046106,-1.3838085226388757,0.8409134218792101,3.2951394155118887,1.07280788288853,1.4877611175092005,-1.109095360324665,0.6863673142238954,-0.3164937567020195,1.3884840521192219,0
0.3097623524048434,0.6690099326028067,2.862206909220234,3.3010774679353005,-0.9829006130947965,0.8238537065610424,0.7503191318095931,-1.3962697367836832,4.924804469112259,-1.3389544571542473,3.0267347665610296,-3.73237476748855,-2.367547381410177,-1.1724729186364562,2.085716703921637,-1.7312070334984355,-0.1776203339669571,-1.2218548286049777,0.4307738496868818,0.7037269651612434,0
-0.1486824784041567,-0.7881729565408926,3.2902783373399367,-4.202623214490324,-0.42229023740371524,-0.4236128907660596,-3.1115519769250604,-4.490105114633952,-2.7713439400727626,-0.8092405833857074,-3.2444542286956763,1.693559312575872,-2.1531948288781653,-0.026884586157375878,0.4654509687682169,1.536579138617976,-0.9204993347972669,0.8710412311490083,-4.897567698655191,2.5429627470259444,4
-0.37538145610048224,1.1478857218033227,-1.0235505551627813,1.401794712499554,0.804647657684558,0.2718884270448498,1.758405471342042,0.3929268554803338,0.6131875191587537,-1.4617747188146308,-1.572951741564935,-0.5392194210266192,2.1550836528366792,-0.9717095968717319,-0.9117918049425785,-2.16002525593142,1.6278132638496796,-0.6407449785914296,0.07802924236358333,1.636347467850658,0
0.8250978262240763,-0.7799347396382099,-3.347437017822191,1.164439801869825,3.2682012934415337,0.6798811230877586,-5.181063750872569,0.47814500893223666,-1.1517468400758322,-1.2270907538745341,-0.6036287527746123,0.3058519245021891,2.609235629811653,-1.942231860962797,0.1500732489510208,4.875455591914843,1.5583960119798177,-0.604002977132968,4.057627854314178,1.2367889382621158,1
0.34931379745369,-1.4791251438193198,1.5398162063247836,-1.9327767389406385,-3.3765260047003425,-1.161672015194444,0.5285248964835775,-0.154580696622866,-0.06686995906228965,0.4961797657413876,-1.735747573341188,0.48824027033870143,-2.0325541704695613,-0.21130744171751636,-2.0996053691300327,-0.4778590338695172,-0.106694483987261,-0.0719516812285325,-2.7426329913197938,-0.17850520151211402,0
1.9551306450250538,0.06886819695644031,3.9911457603717753,3.21078005006353,0.7051609335619321,-0.7351691432628261,-4.5794982272725795,2.380948200740632,-0.4241161693166834,0.8666385368892272,5.143274411131805,-1.1697424292591925,-5.951711887700598,-1.732497920595184,-0.5969743153479291,3.2959973388222172,-0.5313305418822534,0.4845010694048341,0.31867340564479907,-0.5725493967425515,0
-0.39720754734771124,1.5917501376388121,-1.4293470454257213,2.566938381365238,1.314801135518566,-1.586497053072647,1.0096937042942302,-1.2433938471974915,6.558701954074443,0.2914478160813398,8.85764289934014,-1.7842626791384602,6.163984661917896,4.469535966241709,2.23969118939525,2.41548877551488,3.1527530645299064,-0.273458129706639,1.8287960836171746,-3.503444560404454,1
0.29236152157836404,-1.1739207078509952,2.140435578351809,-0.46479962007050357,-0.7421691057221694,-1.5151654666050949,-3.749509423926816,0.8639094118155668,1.4751288613751494,-0.39707468146320307,5.3878529789343546,-1.1150834172440984,0.5061713991443002,2.049156922024185,1.250901425862199,1.9205691699248173,1.246075761604258,0.12512642865886495,0.5277696237836307,-0.7599658212388322,4
-0.15968448410029729,2.385352728839065,0.7315778653830509,-3.113192736095292,2.783143385379775,-0.8130772665016858,-3.1483376446151854,-4.439142474786581,-1.7224334908552321,-0.7611790857614783,-3.0906401019555085,2.1635371930269036,1.2416043686668097,2.2846179459572173,-1.81600179407542,-3.245063177940952,2.487858796284878,0.17251197765289583,1.3705286782896757,-0.12806586347572746,1
-0.25873690182879444,-0.15418553538875268,3.832484420485828,0.26561025203177,-1.6894528350512212,-1.38174953641048,-9.120629320593668,1.9037168935875792,-2.8498234109477565,0.05544499520581561,-1.7009721874670332,-6.745782619408486,-11.124128337995966,1.0159315824236814,-5.8670482502145775,-0.009492602678562445,0.9073476982859688,-1.2284712667215807,-0.7977160695555336,-0.48697363180691244,3
-0.21886378767228715,1.2647150738051167,-2.743777935247231,1.2507362468390757,3.879583324063708,1.326488684387761,2.5227882302787172,-4.373083205076686,-0.009717733762105496,-0.9209438759999115,4.14704175040032,2.037949114878193,6.203448565376139,4.452282313768895,2.090549091188864,0.03934908116823277,0.6750854986359535,-1.881703886268545,2.287366593676,-0.8423791670543245,1
-0.5267678056840817,0.15681601158065517,2.1542252267071804,-2.132382414498907,1.9053677838931333,2.153021388967867,-4.492682817539837,0.8727657009495722,-0.7054929054208419,-0.6465996275392881,4.067133839309211,1.4791978334945615,0.40473657188805967,1.8776874490405073,2.160122203951483,0.47917364541569285,0.7445826852496471,-0.30286819457178726,1.9408002054933702,-2.0960182650432015,0
0.11668529182333974,-0.7792621230424059,-1.9870977412230093,-0.2643714565144015,1.059325507448726,0.7163891379515696,-2.991118182184618,-3.8216119837101257,1.9290546005136986,-0.28870541476427714,-2.764787873879595,-3.0791203950463704,-2.380025644992367,-0.15188238023333578,-0.5006352858610417,2.078128269089526,1.4157880518576054,-0.4151234715370238,-0.1481284037497026,-3.046744603634374,1
-2.1384179234065126,0.9747069520401961,1.0312580810819896,0.759398727717425,2.6232582446603256,-0.7167444098096838,-6.605720079871916,1.663271596980739,-2.2516547531447224,1.2740751564877033,-1.750096148618155,-1.0786904699729218,-5.2251637961019295,-3.4864471068579554,0.12257467973135427,3.9721170359732674,-1.1831017248043634,-0.8193750806251868,1.550377331781001,0.6877026184580461,0
2.9441160089826006,1.044443909741051,-1.5742885450658375,-0.27471885176523725,3.5288411848627192,-0.578090936575649,-1.4084595882965105,0.8959176181455096,-3.6371622402861927,-0.5066378425708846,-3.637207496576714,-0.10429300994710466,-3.8875938670663444,-1.1516421668769008,-0.8031486536877894,-0.03461553373198312,-0.6832342637601638,0.8288368852020385,-0.28310681506811486,-2.8536470301412207,0
-0.6174686729974613,0.37929366235151296,-0.21383100667556065,0.591465499591078,-3.4410873116539427,0.20702050939082917,-0.16673034473216886,-1.7195669663254942,1.209337408497725,-1.4684266014009257,-5.117414983512948,-2.42253790281706,-8.49191904905114,-1.7661209400724422,-3.286286953013689,0.8022317385470217,-3.5488994029294303,-1.5790308905560857,1.4428276377939682,-1.9199036443125255,0
0.5148421928734493,1.654237924586364,1.8559394892464556,0.10108215047710956,-1.9901076034237477,1.3236301685549294,2.269980125886805,1.772711985724253,1.5743521895686277,0.029585426729072554,0.19023474898831508,1.0165353087224966,-1.6974243438931025,-1.196845449664148,-0.0855612091136051,-1.110883744075183,-1.799447221468849,2.498273379289094,0.19102221375338146,-0.19138276372267038,0
-2.0814476520636314,-0.08491573218143511,1.0443226868042634,-1.8107352058589918,-0.41245881668948997,1.8127310925603874,-3.8466320821911295,-0.21567061715393998,1.5628132249021365,1.2426488037952914,0.20531715253267507,-0.5101484335738697,1.503507748588455,0.6880780509414546,-1.792360132032596,0.8313389648698717,3.8665499710148117,-0.3036117965088469,-1.1039918249534413,-0.44856327522265294,1
-0.7086993642282728,-0.09080669724911927,-0.0577606176920733,0.15999471006681965,2.4263993223135985,0.35715877394115875,-0.5345208685151601,-1.2964868595927772,0.5018223970151643,-1.1417829837010651,1.6205661017745154,-2.109575840095602,1.9073625539221608,1.6913821197389227,1.867473436771459,-1.514997626866252,2.3562723740253526,0.7847563316218804,-1.686629825399287,-0.6434350730973601,2
-0.9017350330506589,2.0590669980504432,1.7000363873322408,2.232731085485415,2.802611880407938,-0.5459452130644107,-5.732393420831685,1.1159875580913474,-2.4856757941340315,0.45734361421845854,-1.173779346557386,-3.9728757259653196,-9.019442006595055,-1.4944033688599243,-0.7953910639208479,1.2494138831284471,-1.96886171569236,0.5834159846036835,1.530568893630083,-1.0148074300695624,0
-1.4149706169293315,2.707470975426802,-1.8966849327392343,-0.7394249244062827,7.1866306072422885,0.3070547362447543,-1.7084122561265485,0.6513514078497127,-4.524774872755538,-0.6326784533149897,-5.897305839016289,-2.2358428994369306,-4.568540420108561,-2.2602271651457393,3.458715205956447,-0.5924278431022774,-1.7868984741133294,1.0110098203573292,-2.3485315643623776,-2.4372514077825906,3
-0.3873868747497546,3.96982048225894,-1.2880522691712775,3.211598070033653,3.8568001221250814,0.8542611340236166,7.022229154617901,2.119438700480658,2.4351408686354814,-0.9349799500236788,2.997278152884306,4.189002228047281,4.343485062074123,-2.9345240422482792,3.453687042254777,0.7313173616467374,-0.8627444356140308,-0.2864039753502104,-0.3540627592921346,-1.5267587850790485,1
-1.063779191450438,1.6918715319740647,0.5901448094544774,-2.4483334572923403,1.69707108784132,-0.04038663978035979,-7.423192528478913,0.8653165209903061,0.09176694139054375,0.13306196538049428,-2.696286167746351,0.25884326021625137,-1.9560546700934933,-2.076185234739504,-0.7488380388676604,3.933622508491043,1.3160988871794745,-1.3371261791012425,1.4288649369729993,-1.0557502308760776,0
0.15502186714025215,1.808842029681316,1.1653088758819807,5.701235802431419,5.2830246111123795,-0.24155410045358058,-1.245601743315745,2.8420169807622675,-4.3678909232910215,0.30504568636554646,4.798534071947434,-1.9304419627263196,-5.773939360456698,0.5343145802433227,-1.0817505428334417,-1.3650106371551938,-0.5692758953987487,-1.5937953901893809,1.4885231562299084,-2.1490993374632645,0
-0.8618577819295807,3.077481092877905,-2.99445333420936,-2.1143466665293684,2.582083569205628,0.07407156614632787,4.12060094009152,4.507246418577553,-2.7215464433507144,-0.4207318742926211,-5.397330587955472,1.7031207288007897,3.4264901385527877,-0.41061307895758437,-1.2407976917652157,-4.6484052023613085,1.644583621877346,-0.17414117319826142,-2.053299775118937,-1.2501026284795973,0
2.257620637550414,-2.7530851200329867,5.192440040615916,3.7549460728088953,5.47976283831448,-3.0287201174986063,-6.543011046176159,-2.731490161590178,-6.280141997170917,-1.0621587880209766,-2.064882714214159,-0.20918232708511775,-9.695934629617062,-6.972273789358578,-0.6766463710856769,-1.9648931856312752,0.8220370917506126,0.9920325163111163,-1.5512439040144699,2.8934246883450085,0
0.4691784670402844,-0.5373955261678327,-0.9842714019337617,-1.5687002118157656,-5.8793558902419365,-0.014918905806915435,8.334985157571431,2.0072290505602313,1.0748176159333855,0.010169608368134773,-1.8158179514075568,1.0136218184398063,1.7796955239928895,1.9225110124016296,-2.835474679503374,-3.8138824065826773,-1.0116152619180176,0.9181248369733036,-3.1748741838204024,-0.5548315768170842,0
0.12221216390960167,1.6909666398891665,-1.165726603562241,1.004102097126269,3.2038651362001427,-1.285735964772452,-0.6025138481480824,0.565169076648201,-3.2288629196710326,1.5754016416484227,-8.23956182432457,-3.0173164004888093,-5.321373325031868,-3.825632384670618,-0.7928972720998255,-4.330758030978917,-0.8104689347556671,1.1238626513605412,0.10103446286385287,0.9738503955824314,0
1.1551616982270092,1.1559626048688723,4.386101505219251,6.818837876231169,5.554762118753502,1.9787860924163827,-8.773598508566593,1.4350700824206577,-4.575713298973137,1.059681933804517,6.909083795607798,-4.949671147189653,-8.80021905408067,0.14790171142971253,-0.515329558836747,1.491420816175569,-0.3842943797902335,-1.1361570092466968,3.0604019500438,1.493798203050218,0
0.40188676644896953,0.09916874717545288,-2.5047110613263674,0.4808834465908036,-1.7310889687719135,0.4933392863109031,5.552454186795705,1.7261290864130765,2.4127681451754226,-0.9586421731000547,-0.9963998794396739,1.594674697579864,3.4570149765772373,-1.9982652549884443,1.9740387879120969,0.31973758767563976,-1.9774646997279235,0.6092778559647584,0.8276670897713231,0.6044648051619281,1
-0.6812985386562329,3.1779945762006423,-0.546639270897133,0.34348392255094706,3.5266931206925927,0.1988780118987021,-5.156398330310171,-1.1763612041807365,-0.19921275686581064,0.5231569377735036,-7.549942589447132,-3.175707029925022,-7.053249007667931,-4.778915597238,1.2101829615676771,0.6162580530564841,-2.3135411672649306,-0.2863215745349355,3.2612991541078324,-0.11690890833795242,3
-0.7807607348158898,-0.11232687924851548,-2.9981938554164125,-1.7637263929485916,1.2222558017666696,-0.9437943904915858,-0.02850809951597236,0.04178699565026456,-0.9627795899193421,1.6103869986056338,-6.935918470828506,-1.3368880200190145,-0.9196327529896812,-2.3973515212112617,1.4696125310562538,-1.3591001317944285,-1.1044899862286037,-0.8310673966221047,0.6891325889263664,-0.26693046897706196,2
-0.07420524103065666,4.29160427260792,2.097977233642045,2.186697604446204,1.1671247355770438,-1.7333633630857004,1.9254064622050495,-0.8476945951766536,0.9272404933300837,1.2434023421498492,3.932153823165828,2.2254461124891707,-3.369780878423302,1.90350706107199,-2.0465734290086335,-0.6112716026655809,-1.3747794041751114,-0.3736241377059409,1.7940745435883978,-3.9082160605973852,0
0.32427504594954315,0.32344291796912494,-1.943156925648886,-0.23924190631871323,4.932159721279785,-2.199591957805854,-0.6434677861889865,-1.41863519533914,-4.064695766775942,0.8196615288463438,-7.423009813184891,-2.631166120226541,-2.2929450141036263,-2.5782621368170693,1.6004124658533092,-3.428146536459606,0.14494629410674564,0.20252799567364477,-2.250787462864338,1.123326903566763,1
0.28582767359033606,0.8833079463317999,1.963483566792989,-1.6367840988271536,-6.2972599765351776,0.6899245059628129,3.471654353213363,3.079887092231486,1.6883000667615709,0.1933266188006049,-4.028583692797147,-1.3910300139777647,-5.129930954489555,-1.4520681124865806,-3.681008912530278,-0.08701621910326485,-1.972255648319858,-1.997981401209035,-5.505473317829423,-0.613040961756956,4
-0.4019212987233088,-1.240529807749617,2.396458193832381,0.4628329962010309,-0.6242264038381411,1.3394487682538367,0.5342273785478103,-2.430183287158506,-0.7693664244537625,0.9529439017626905,-1.8832701413432218,0.27717156238463736,-5.636895025681769,-2.836121712918777,-0.5674466363341948,0.7737568445708116,-1.4891389957415444,-0.49896692279598004,-4.0589378594175205,-0.38079144073887083,1
0.8462482262072616,-0.8526169952827893,1.8638169385137822,2.5984124704777924,-3.1344319725354692,0.5232109973995908,-0.4424579325362096,-1.2273010080377134,-0.7339200261500198,0.22773940830719658,-5.1568133449102955,-6.546109202493295,-12.161628425750482,-2.8222005418927143,-1.0654688113433217,-1.4132535754561184,-5.262033163308551,0.6269241579327764,-0.6413416076477723,1.483250164534486,0
0.8415384793253294,2.009616484014963,-1.5746452187739108,0.2016066654305807,-1.7411225858767518,-0.24858630954392225,8.500633428588863,3.4029919797225783,-0.7678373568052563,-0.6977115198860081,-3.313299341729497,1.5183945664078795,1.9846472599244258,-0.12263028495443662,-2.4619448169787663,-5.526926813029263,-0.5076792470190028,-1.2653285362218054,-2.28114276775731,0.2682118056125389,0
0.248347684001961,2.760221134075707,-0.5521527174247798,-2.1294091729777334,-2.067500811459028,-1.1267089583484735,0.04553703294302029,-0.3015150198361807,1.3417971530734847,0.7064677488979768,-4.802564526318798,2.510598188624528,-0.5477649622211039,-1.7904379083985982,-2.352261948391189,2.5174584671218048,-1.4945581499438236,-1.4003172972356626,0.7887469818744097,0.405342761963974,1
0.6616997370488624,1.6393482375119794,0.3717290927908007,1.3403124871516146,-1.532546440015064,1.0211605545363918,-0.514394443041885,-1.6248397105335721,0.846567260850263,0.5340804105823167,0.03750015513678563,-0.7557125550987315,-5.6022942357045205,1.2197599618358024,-2.7738798657707093,0.6590812638106478,-2.589366186955984,1.8784306986608357,3.35768709778035,-2.5650982193999075,0
0.7659729081545613,1.4895930026670985,-0.5432570056043726,-1.2263391690658856,-0.44050255588119225,0.5752749333622718,-1.8727352204851024,0.9233321619345796,-1.1154972760904653,1.5095516743053912,-4.124182089724905,0.5848202979279382,-2.416701616127418,-1.3738435735921593,-3.1440528956097475,2.0935865620516383,-0.2004135891929787,1.5126942580929401,-0.5349405628803994,-0.38945193183408666,3
-0.8927063153854309,-0.5238402807591958,-1.064610948049137,-2.7370243294728516,2.4946030686666356,0.9368004830208964,-7.767463607607526,-1.8061580266596087,-0.5673704643355459,1.1241323862320856,0.23783773170701336,1.258300708276574,-1.9168738882286442,1.4612177531505508,-0.9019350035242951,3.372310854994013,1.540991940826653,0.010104551055929837,4.599578707075347,-5.533715403142043,1
0.030975526569029372,4.615905152424884,0.3255957192667719,4.604285129273048,8.131333879078191,-0.4220669515091928,-3.3776451188509387,1.5341812396932553,-1.1080289642697054,1.0353799615201604,4.020904265619835,-0.2719818567276031,-2.5331091314693106,-1.155693658967764,1.3914963579108992,0.762392123462222,0.7264940799144304,-0.6845609099767205,3.858223438998662,-3.0479351914770305,0
-1.2448555552711726,0.5054218198336623,3.8919359471296753,3.0060186758961436,-1.9454602594175459,-0.09585428886570539,-1.6393157460849836,2.7732302323838773,-0.8863856515970369,0.4300855996754318,0.7374889054161256,-0.9801414347882152,-8.0764989292992,-2.866076735264331,-3.560412973268101,0.0001403717280248351,-1.6478340204708277,0.41166296693634524,0.2757729620008562,0.3820330763790577,0
0.6945312598224783,2.805612410103468,0.4266286403614633,1.7992138587981796,6.216852854181799,0.687256214628081,-5.734642318016989,-1.3905180148008398,-2.0062708400270006,-0.745143649308345,-5.092142263720524,-2.2591255661631733,-4.773168828314903,-4.864731753783216,0.6831694357875944,0.9665822642490081,0.6508604694454612,0.5795642944642145,0.23786660691349648,1.3724846829597044,0
1.2577019596504813,1.3684682827419037,-1.1444068187696215,0.1814638820458172,-0.9574425339559857,0.12712902340263274,6.177159835992235,1.8758941813686056,-1.3899194039569396,-1.7314436517303284,-2.935950973259621,0.7245000553608263,1.3254931660063647,0.23727283151564804,-1.593999713876244,-4.818913658989171,-0.6484034961995255,-0.055781784622286584,-1.6313843976180507,1.053814244565097,0
0.8290195638708655,0.6777833284983088,0.8011555319173345,0.6303238256736565,-2.5091178413668813,0.5178290546920915,4.921530291077809,0.8355957088826125,1.0343866248466438,0.6693918197274806,0.9921086900599947,2.1568769437679753,2.7082819588941422,0.18792145592939824,-2.150203994354387,-1.0781842329102085,0.6524523982959605,0.40659391293881797,-2.7755275893750833,1.5594323129295886,0
0.9736316298383912,2.762278324736121,0.48069508181219855,1.7401702892533337,1.7997134276358002,0.2901142427969613,1.1859341571355322,1.9408171855139291,-2.1386671452953454,0.06457435262564466,-1.5270838055444416,-1.9376564015744844,-4.7122291298515515,-1.0093575253794258,0.6607389295915447,-0.5777090588708331,-3.0889496623333517,-0.28471203605565815,-1.1924093624505647,0.062102449880021005,0
-0.1261088847963003,-0.8338797643269846,-0.42388647088346154,-1.8594532021700343,-2.7286655518985117,-0.7824759260972359,-2.6844042590051025,-1.44653501745064,1.219094491412605,0.6112088970547901,-2.4437968577669205,0.3286480690405893,1.6503903149654233,-0.4436163740872303,-1.5060549509470906,2.7922769775994256,0.517090527824094,-0.2514205128393013,0.9288677213085469,2.7369015866410193,4
-1.0524874551169503,5.109676854279566,0.9598087780553703,4.806561034645615,1.051790416331885,-0.2290168274382205,4.878594563707947,1.6528205474892417,-0.9671684761504551,-3.227071984266752,-3.772343383811576,-3.507867880801339,-9.194048476062228,-2.5704750813727895,-1.7205332482559765,-3.8785977139891523,-4.558770971588935,0.5084588361483869,-0.8120662237436034,-0.38012612467254436,0
2.3250685817919767,4.817419446449664,-3.248979968960355,-0.2736109951096448,7.355180751791071,-1.0809064022972348,-7.011951285342852,-1.4820438450097413,-0.8724404039395415,-0.14206641362575345,-9.072499637326457,1.902564789071295,-4.8701242775672595,-6.494203334257099,-2.072063125124355,4.442813361439616,0.9396223084032505,-0.5038292785851718,4.174602095996971,-4.204682476641448,2
-0.6897273406833092,0.9265358397347111,0.8742928086116999,-0.2998204414616251,5.865446991574179,-0.8412290391614997,-8.517665417140961,4.488759309170914,-1.7387300477110026,1.2187412290075028,0.5153030199081643,-1.3004967769550722,-2.7467158153530886,-3.582142981695276,3.1209139938411092,2.9522434436431446,1.5256284480507163,0.662174442972561,1.6110627530881239,-2.1408409141657083,1
0.04880400836908435,-0.10542920281284673,-0.34669819673493396,-1.4448155946483925,-1.1961980905183784,-0.27890945821469326,-3.1444477117652063,-0.25846267361394304,3.404592413587362,-0.23702318712047746,-3.897473231640721,-1.3578517344604282,1.1138892610527644,-2.3736775376768455,-1.628320621480655,-0.5914470598602246,3.484772048925644,-1.2213847079293647,1.1343706459892706,0.4347541784072626,1
-0.73778514064582,0.5345473112730488,0.802647240407758,2.3053183963613817,5.073488979931072,0.6307792702521228,-4.171458172818413,0.7505108518963721,-1.4315582978458385,-1.129762504910996,2.169947086097882,-4.685920159851921,-5.015823006417829,-0.21699197398697256,2.8335180048403865,0.5837272550883399,0.17593011770003253,0.9923741413264524,-0.8127846838642578,-2.6957086440576847,3
0.908696373124446,2.9933107297545174,-0.18709973310362737,-1.186868253410871,6.050217961885378,-1.3595892292273506,0.9271071138966632,-3.498791021174804,-1.4569778799871356,1.3452914123621862,-3.613889947459842,-0.45004888731199655,-1.7920118524041373,-0.21916410098560823,3.4307628541496062,-3.5457241670927564,-0.18827240893344388,-0.3410330655189614,-2.526648395750559,-2.799838784263626,3
-0.20357017941798455,-0.20413037887797758,0.44159449748960355,-0.7805734694168318,-5.42498578034905,0.870515159306968,2.8321359496656586,3.0361723226265864,0.6744349093529434,1.5173161324002238,-3.2180518708228885,-1.7576519527535517,-2.1049860567697523,-1.4547773788096952,0.18156604069133653,-0.25128388270904334,-4.152225987241989,-0.9245348303952341,-0.7586134969110376,3.3789856990464355,1
-0.623356696315004,-1.6748069725701806,-2.3020193764672094,-1.3325577373587647,-0.2197693624622968,2.1550738667656373,1.5360065316831422,0.7440608525820482,0.38192030534350807,0.06546753183972158,-0.3511644592972545,2.306420226958938,3.81764352753108,0.9570506784769972,-3.941325349882669,-1.1950067617809226,4.981609411883125,-1.944769796850374,-1.6407210966636883,-3.882218680155389,3
0.25705422672112826,6.649494599451606,-3.369914720308776,0.4605130800000493,6.5524073781831556,-1.6221108055078972,0.7328195217621684,-0.4883070330459416,-1.42062772130179,-0.24304371644965392,-5.455234437549903,-2.5776111692903196,1.737962125498373,-0.40060048103634205,3.4414651136003327,0.5905787212767764,-1.5171835692044784,-1.9008681052100456,-1.1584956652216667,2.0860392438464146,0
-0.12206710920791,1.605114719058812,2.6491359949565014,2.5321676117013574,-4.500167143981045,-0.49152207733393793,2.968971089500656,3.219502550418211,2.103258601125372,-1.860339792188112,6.011507251764853,-1.663448330139777,-2.7179855292828794,2.163889621501503,-0.6150897564445813,3.038758497269045,-3.626178668166235,-1.9182960260485087,-1.6260507151725365,0.5235736873568769,0
-0.4710435676328277,0.4612362269523165,-1.5816096118921872,3.7438906419576683,-1.0021096386014166,-1.272620580982833,5.063528487813647,1.6495130851270678,-0.9593860420300919,-0.15283274987031953,0.37293754111644367,-2.317704710391354,-1.587546368621551,0.7178704666817093,-2.456213462000438,-0.3526057450437663,-1.2295284025539999,0.5969809306267065,-2.5548245618874184,0.35073704592475075,3
-0.8231540894899116,1.7739416497510194,-1.1071594529460085,-0.8569693015917088,3.862932048437611,1.2667745177402898,0.6113895621098355,-1.6205378371367138,-1.6446402192794944,-0.33268817964405195,0.204353925202394,0.33722702978695507,1.1603505945995274,2.2579817451912305,2.893996597102549,-1.482609442592108,-0.8100668956250209,-1.3227653319994441,0.4623470726871961,-1.5894566621324544,3
-0.6898099420321521,-3.1423063006383654,3.0886420126905967,1.3153651311356425,-3.750360952459335,1.7526994663902828,-0.36305938918489616,0.5805119841929438,-1.745096551309103,1.1196135161338037,-2.657287126994674,-3.2514722173263566,-11.159657843021057,-2.751992116900867,-2.2634604852640345,-2.505938147897897,-3.290555692639441,1.7169791553105584,-1.295238223319822,-0.8268885555717291,0
0.04498784357610075,3.720821480785996,-0.6590493632908472,-0.17520318494507814,2.328730774403858,0.7323000627727059,2.3934524672901474,-1.341872647880877,-0.5055479844691385,-0.7485147213918408,-1.150756038811577,2.955348442448476,7.798205527122665,0.699700455135329,-0.6689061996010601,-0.6615827295599794,2.5350255376687527,0.7596108910399549,-1.9479773267286602,4.991711573336792,0
-0.4544515410068138,-2.103205423892355,-2.6928673586229674,5.175798790613896,0.47493263635117333,-0.7469420898002969,4.05125335003513,-1.9416186895386955,4.077128187113729,-1.2766813984967598,8.107623931591398,-1.0119985711862283,7.10251009451968,2.5986301729335946,1.516337399409748,0.8464356227517591,2.5801857470471488,0.4932752848379085,2.043863312577349,0.10863276870484095,4
0.9711543798519111,1.2376018423664352,-3.5792758105278004,-4.207085167664262,4.67960106796675,-0.6162628156884995,-2.3458167303347257,1.7126568206714583,-2.535280691185007,0.2380999264024694,-3.752024684611435,3.6516759527141347,4.857577410846158,-0.21938539392695156,-0.3723051360517149,1.3719297584293209,3.6819448662767744,-1.1044426021188303,-0.9230832265432867,-3.385922779130988,1
1.3413058748422861,3.690606079150097,0.9110707916150061,1.1974908969511497,2.323853408277994,1.985779549373067,-5.711269030079452,-0.17293322428830837,-0.6746168972406972,0.7319924316095656,-0.5858462938264937,-2.2574147572447147,-6.802723742927496,0.6372870018803569,-2.740838010799693,1.6007862954739824,-0.6614098225915767,-2.1921639240006368,3.43823189106609,-2.8827411141441712,0
-0.4302353353392509,0.14283975213631528,1.2355270117784503,-3.632288472285911,-3.736552028739115,1.8989653346916118,-1.742417445515107,1.0912252185469415,2.716368808144487,-1.00841389005767,-1.1937478180006735,1.623274121224552,-0.10048651124729362,-0.35249431833415623,-1.2978731731672428,1.6102006006592418,0.2807135673150827,0.736100555840965,0.30066248475766144,-1.4790383461094883,0
0.2749953320353968,1.151654892711135,0.0879579289308473,0.1812707801151976,1.6872120843917,-0.16627421318813373,4.918455195078246,1.5706618194869022,-2.4808259835657362,-1.0801728476721582,-2.412640737737116,2.178524014553997,-1.222452602144616,-1.9165254807412295,-0.19331302844455645,-3.1256679438613637,-0.779841525728485,0.569674579218579,-3.6917987243717825,-1.1969400835712154,0
1.0200925579662905,2.0146991479519882,2.2039783727243587,1.6698733463421371,0.297831526112416,0.04892223186401748,0.3658498788848538,1.5583710753546716,-1.9079780960577954,-0.8503991054140999,-0.39169723283059843,0.7967897093028551,-1.69305701042343,-1.379855105018036,-2.213468893318204,-1.2572856826201841,-0.2477982944249172,-0.3814705130355826,-0.8538220568687584,2.833036574106501,4
0.45624587223213414,2.277487634004504,-1.863205813337704,0.7105294557997548,0.9229249674333474,0.6754027719082352,3.0510068896080145,3.462849045748463,-0.6525018422042221,-0.007025419562785687,-2.2188004518016684,-1.1794695526935421,-2.038398904044985,-1.055429886291239,1.49460200961698,-1.0458823683871783,-3.107871907291442,0.15635552331691674,0.6555991091869979,-1.4744413052850902,1
1.662216427534441,0.204585642924075,3.94405164899885,2.324836034853572,1.2942242334897704,-0.7728257528721194,-8.230089643746613,-1.7379626733788176,0.6545667095123702,0.21088989994715018,9.575069834956302,-0.3674965526352262,-2.4504859709892033,3.287129266790747,0.4963101024720986,3.621360566899619,-0.0020020341173014877,-0.787414782898855,6.504779410424058,-0.4698434929246085,0
0.67104604659568,4.495984766996868,-0.09763281913629074,2.179102131726487,0.7464906876230931,1.8255636851580956,3.428849640128759,3.1397498218438535,-0.3897737678783011,0.4690759918729839,-4.696410194971065,-1.6275322905022105,-6.790093094309578,-3.462277756178973,-0.9909481819285275,-1.3764409152739892,-3.7979533344151464,-0.6526237634388614,-0.8454188421665461,-1.4196652190988064,0
0.13222399879126648,2.7714387433103935,0.5271601121958684,1.532087397917466,-3.6693715482090625,0.5616438612260981,5.309477354765685,2.188093484421153,1.9226382582715873,0.8109964609500869,0.3951368517609516,-0.5322337585161067,-1.217283323215489,0.5829730587855464,-1.8610487405605525,0.20308239108934867,-2.7106044381221643,0.4844678488646676,-1.6903538289733988,0.7263141999990617,0
0.14908729338850005,-0.12971062983656978,-1.5406570344634827,-2.4999956839133395,-2.2060184682121333,0.6365244632170108,1.2815532234230798,-2.762919814063015,0.4414402129049322,1.1853495470755961,-1.7731701246675922,2.866842823266995,4.539916320964674,1.5921193983458815,-0.9542401500442848,1.8996986538940734,-0.23690055498460771,0.16304547320188933,0.06814084955630328,2.135084518916467,1
-0.41785672016313397,-0.768041542318066,2.1697654832596633,0.44920324257166633,1.5506812871849045,0.5109866551210646,-3.464198888616909,0.7025990908794874,-1.1287394774211932,1.9641413489560264,0.6284435070541132,1.7183047296915017,-0.10941612085274396,-2.3216945406975356,-2.0449285615948125,-0.34560636341079276,3.4875046768369353,-0.2814469186233805,-0.4506718393664132,0.7384170663668475,2
-0.30820263475491483,-2.1942889814554123,-0.20266197522225793,1.273001328046146,0.29083589863803183,-0.11666333088103126,1.950761075960057,-4.280892674780027,-2.317920975977475,-1.3990335234895999,4.8626438972587,1.1292100091771327,5.156540248973938,4.754591885328791,0.08468803476802411,0.2954155773452931,0.8462147592483564,-0.3660543085880708,-1.6059911824547752,3.552550632736314,1
0.011794419729435759,-1.4936246503846264,-1.2811517786346576,0.0593270729365849,1.4318539693716845,1.4144844412582522,-1.6230306992699215,-0.47783487175854045,0.9260200056646068,-2.0244694961669625,0.8103044992147078,-4.1696407915580025,2.0654216961035075,1.8038330313417466,1.5462818664408626,-1.333636488668985,2.9960639583514226,1.855635684112075,-1.057604545370345,-0.5274420718741336,2
0.9412496342517968,-0.6288005180327163,0.23321355950290557,3.4080259214209976,3.9075880300392334,-1.7952794226868964,1.278003393519583,4.498414146069715,-5.149559728467033,-0.8636155641117497,3.7396168212626675,-0.7609442467436394,-5.446128519702032,0.16567813962482636,0.6922492751360034,-2.519913001914518,-1.8257897012057245,-0.8645110251582188,0.15168679238003835,-4.085236000596387,1
0.7480819007849948,3.074781208862764,-1.8035965187949596,0.2776457709896194,5.125844761300395,0.2001248156687314,0.26687712468135744,3.2720270387833694,-2.455253431248763,-0.06866221374193433,-2.898006592387081,-0.0368774847794896,0.4624218847526203,-1.706292781388965,0.6011816446717066,-1.6859921149048098,1.1926810225416178,-2.6605961085140057,-0.9472781282404558,-1.3403914352722794,0
0.27778252650438723,1.436363786202595,-3.103947601864129,-3.1342905686902123,1.0582033351386213,-0.35974916926844086,2.460590503688332,0.4460737621907883,-0.36491167224617804,0.6102967783377901,-4.051342706209915,4.9525608819881395,5.580218082202732,-1.6687984964370741,1.3992640300283619,1.6634119599832564,-0.5582462561732311,0.3058437012794257,0.16823886739616656,0.4263669897054604,1
1.0250873085736634,3.9278406889271933,1.090824484957151,1.816498579126637,8.559542790869507,0.21469724970387297,-12.503410886353583,-0.7061311296507433,-5.233689743361249,-0.8915993752020086,-1.9610472620604298,-6.182095082878738,-7.421563981542908,-0.10078688771044653,-0.2691396794926897,3.6402416834431235,1.202592143702522,0.5876918668528253,0.53306064772386,0.7575886426991167,4
-0.6345030743032287,1.3960970749771922,1.028104530906331,2.177271575712352,-4.078821762800058,-0.6862503770635968,3.9641512224883937,0.285706182253492,1.5862502703786956,0.03543665004790963,0.9238845570002511,0.2836070929525416,-3.9969055323863776,0.29779969655526495,-2.5378559059041,0.0196110285092842,-3.7833265400410507,1.6943538935456013,1.4504216291650551,-0.3502352306891424,0
-0.5732967840618952,2.817231057328226,-0.26704789885328717,0.6642812822670225,2.2959355949796816,2.7670323714201657,-1.103106056381714,2.4019412851545945,-1.186402316175245,0.08551590820811876,-1.5372433290395913,-2.6775854405883943,-3.3434511518706427,-0.027716928618553016,-0.08038682256829255,-0.8209088580564359,-0.6667005276631347,0.931054772285358,-0.12623906189681766,-1.5153132896073847,4
-1.0033982385056137,2.001227537157079,-2.1589303735586434,-1.6489759411419023,0.4303964826039087,0.360563001735545,1.0580325894412408,0.8733280951396281,-2.5050739293613264,-0.4422378586160198,-7.184327297839731,-3.0967311220129496,-5.343568118228838,0.3826419892198287,-0.8439518991657957,-3.190592651528475,-2.88345240794208,0.9222963886509871,-0.20074132193432126,-2.1999424914167833,2
0.7883878048226324,0.7523094543129863,0.904928327393648,-1.3770557409996096,5.777356397804698,-0.8974467975356183,0.6873160512590913,-3.601506496091381,-4.502240625548195,-0.362456326852827,-7.183919116886401,5.757428802803365,1.0738847816952994,-5.453742747878608,-1.213304458746935,-3.585519164013258,3.3800638613268514,-0.11465539206411643,-4.700206404080687,1.8640936761096656,0
-0.7753928868522084,1.0454983369795234,-1.0669909499928534,-1.496601836436342,-1.7714750055811808,0.6289786790190267,8.701474496918074,4.156002928516318,-3.4696906118734963,-0.16575570463482503,-4.618138003244305,2.1443276955639545,0.580477355679377,0.3492774540242769,-2.365138104935559,-7.666581333577667,-1.29025389423591,0.3294470039581489,-3.2075850521294336,-0.24926079311709337,0
-0.25141241961274463,2.804558833845945,-1.919897586589475,2.5105844669348394,5.827775112507425,1.3994773331523085,-2.260785831788004,0.6538384262449028,-2.3896289765202363,0.9378607795351357,2.1688227705475875,-0.7696391187731445,-0.6698228511573815,1.4784745072511938,0.15431921612322008,1.7803237849288367,0.44312595443715286,0.2330196827037026,2.014388945353572,-2.489336779130432,4
-1.9093429514523013,0.13486989701320373,5.132850259721686,0.19496097065906814,-3.922542210171216,2.520107908822168,-2.6698394480956704,-1.5390428812894776,1.4801836718141028,-2.136582885004184,5.875794732894036,-1.6392444650936406,-4.628037586785765,4.233822052261635,-0.5541470522335411,-1.0865752651156124,-2.3528426862393284,-1.7988593887668678,3.025984553443756,0.09529875138639454,0
1.4056060244573318,2.0745758688686387,0.575203011365206,-0.4503537956908914,3.515498893672988,1.4622000840464575,-6.981558760022758,1.4809595713976274,1.0096877453694892,-1.3243782191004905,3.9975712964312304,0.8503530074575052,-0.4115291171754314,1.1519863019734187,-0.7543214283418306,3.06349804631301,2.984374683387785,-0.3506240105517248,3.953404250696433,-4.880194719164985,0
0.04387320901629515,5.062967729572067,-3.421422987025678,1.8279507829756745,1.6002685034618174,1.0148308774077393,6.20533855853602,2.7880262203534842,-1.0570293507751345,0.21323925292030857,-5.477608346445405,-4.682605232407267,-1.8948526423428043,0.19978280736762288,1.7472335784138635,-3.352996283195664,-4.361244397912431,-1.5566131543746244,-1.070569990856721,0.9654811805343342,0
0.6654810515915741,0.5631916187242325,0.16318744414599728,-0.46335242634953633,0.8603192530024513,0.10775250334940593,-3.025082657167372,-0.86551940792879,-0.7775588384210387,-1.5321480320494418,-1.1774798785688947,-0.48359921924535476,-3.6257854614986886,0.14386407449063476,-1.247111511004034,0.8041044836182123,-0.36088523948307594,0.01700158298701464,1.4178717177824947,-2.1664357253569726,0
0.8879325447984122,-1.2362576217639663,-2.0896622268260723,-3.1221128779704346,-2.2457881764022334,-1.9474111116552133,0.3078455956231904,0.6081812373882709,-0.705374520010993,0.05594021799708043,-4.591363048185659,1.5104575445578212,-2.371997330590768,-0.8725420431955109,-1.806286821849874,1.7773827933888118,-1.5637563383288469,-0.7582157380585803,-0.3769544826733777,-3.324011963512282,4
-1.4325723237065533,-1.435301058839501,3.6338245718733635,1.4756794982976713,-4.694572004093419,0.7589991339103851,0.8146498289826523,1.684868217063769,2.7834743530297184,0.38022562992875886,4.963665814305748,-0.09001470265154798,-4.20252228756214,0.020300256197110955,-1.276712084838596,-0.013164924655895138,-1.4989352039833337,-1.4000879843674685,0.9327075787094579,-1.8005537903529325,2
1.6561216174092266,-0.3381347154683485,-1.1095606794429145,0.6627850756626711,2.7044140167667323,-1.102398864051479,0.3001298259247668,-1.2795961346487759,-2.644205800432389,-1.0308066111970997,-5.276965420912665,-3.166819702862088,-4.2277298923632065,-2.041815176394223,1.4155173118348534,-2.9300987832957985,-1.3258808229680854,1.1754907528377074,-1.4834059921416907,0.15641468617822152,2
-0.49816958518333687,0.2475375350361576,-1.8280555636513927,0.7548750411519298,-2.159821542107588,-0.277590736365013,3.0578307284037893,1.5097838505157282,2.0468259641305324,-0.31784020399781737,-2.470107398304759,-3.092715865931435,0.43045692678571706,-0.36428889825319166,-0.4782031177041889,-1.6435760449760792,-0.1876789751567266,-0.23884891094708938,-0.6474424421385527,0.655545922938223,2
0.3226899823041894,-0.19792553714019778,2.7689285355566917,3.6197583340699575,-5.950620642096643,-0.6392484517984667,3.8818050689630637,1.2553698717127963,1.5559789844110332,0.40432772616034107,0.3645743185293946,-1.9316875604203978,-5.611984630342886,-1.2883268010607696,-3.8930874458950235,-2.0535956443358994,-2.821001029737491,0.9109540030534533,-0.09255978101558682,2.4273008675449015,0
-0.05722822602620605,2.622382523003887,-3.010753437400604,4.241464198173904,7.457014863145668,1.2492726141834793,0.014955437023385393,2.3729961466345886,-3.030562693186608,-1.017072451027927,-0.6698833845955457,1.4175711785863352,-3.0427529705596,-3.632035273892763,-0.16585616065550424,1.0289798927786329,-0.2626385648873435,-0.6155548336977341,2.6477669099964674,-4.291886002337677,0
0.5993336857696194,1.9894554941083333,2.188152840307268,3.1948360956344763,3.5730894400326947,-0.7315947374932197,-4.1480305508930275,3.4850427717301486,-1.43691339455285,2.0890094675877076,3.176075741375199,-1.9099654376100237,-7.4407476890178526,-2.2183938052600745,0.8514795224883036,3.223082650535659,-1.7801768604152222,-0.143905680267251,0.5989703894199088,-2.9670341065221892,0
-0.8104997409185407,0.5959998396443265,1.3865693663538192,-4.344379862927321,0.5897502247322876,-0.7075339168824166,-6.419112196948688,1.4159706000600103,-0.07664498797361363,-1.224962756530279,-2.7870735179432105,0.003931437177423502,-1.6542732079225546,-1.1889061846270281,0.4458631068482106,1.7833523263755666,1.2701931694188704,-0.9774476666350193,-0.25390473574499417,-1.5411719185591277,0
-0.0314763230484939,3.255375131990022,-2.584042250160112,-0.018254388185340975,1.3931762098185008,-1.0866445364068422,2.7787355331393226,0.8312968537089631,1.179922774222116,0.26361950434705733,-3.146228066250236,-0.3498927045495338,4.492205453055108,-0.1323541182992557,-0.302348003826573,-1.2325983943744219,1.5290722149914302,0.589976574126145,-0.8029854745161525,1.3712452358404394,4
-0.22211161234944968,-0.34249819881033017,2.8585248494683513,0.7696469494860406,-3.503725840311123,-1.6297338578389546,-1.0073088626684854,4.793179991542967,0.17990878770902707,-1.1247550071224177,2.259939599726118,-0.3176365523798488,-5.247050480472538,-0.6419126541643532,-3.386304661401631,-0.32988167752309416,-0.6652162578841043,-1.0377260078689665,0.7418648060761577,-2.0292012670817376,0
-0.218728400216553,1.8066625626545265,1.1475430457068412,-0.9840272886036967,-2.3451182219789977,0.11721529439666767,2.571161314386667,2.0944059401178348,1.165604535208801,1.5285596938419483,0.10207908493239029,3.869557921985616,3.699607141270416,-0.161892862960904,-3.774648379058839,-1.023145465413214,2.3122032347681905,1.6378806500493586,-1.3131691669210763,1.0306272481838477,0
-0.030001521220255546,0.20310719615932438,1.8768162802966195,-1.1309385044117457,-0.08677130489407059,1.0823890583232043,-6.365736309370847,-0.19942230857391485,0.2736176154749641,-0.38669808829537944,-1.5916733607856153,0.016058766788532353,-2.439972060617865,-2.558084120273886,-0.5182554223823475,3.452172567554086,0.29524424484428247,1.143628736435638,1.3761622919835435,1.5193745690878764,3
-2.0386365440670433,1.2925916465882423,0.7079809787976463,-0.17651206702492117,0.9414082923906597,-1.1744071133446974,-1.3112673359116058,0.38968404126316347,-1.2952426188255448,-0.9933427129954169,-4.040463671470103,-0.6646184982121992,-3.668578410392485,-2.4095616771214496,-1.2718692033647057,-0.771930520950471,-0.26302417711409165,-0.5033083227881994,-1.0535665334165927,0.22016093314347385,0
0.4458215778764862,-0.680031440458145,0.2814485382032236,0.16736355831662775,1.306478390051625,-0.46399172352089363,-2.5453437794673426,0.11270291870334237,-0.3112441185475787,-0.7976070461504208,0.42118279882514237,-3.598042938128902,-2.2488902725414515,0.5717610630537118,2.508914667489074,-0.9629947324434739,-0.5050598813988529,-0.3028072378232204,0.7919311179763775,-0.5206356288426384,2
-1.004118320512435,2.4306365421838443,0.44837333499881704,-2.515504008170257,-1.3963174951279547,-2.952629617510243,-1.3542822283857014,1.957242896086717,0.4725866470577422,0.6882155675004508,-5.070421758687226,1.0193216725916323,-2.4855244461999413,-2.621289865591738,-1.5979214329092213,1.3837753076322534,-1.1390611382465905,-0.617645358877866,-0.3397849717161112,-0.270928580657379,0
0.6991411827369008,0.8219692800616616,-0.8871382441010999,-1.5761341271289027,0.4639630900311856,-1.1711321774530352,-2.1119026544472668,-2.1909520815142365,1.7177312019544377,0.6627526151793846,-3.332756051223161,-1.2457118390198776,-2.456327544235878,-0.3691886266440141,-1.3032031724651394,1.4932502127499891,1.1479585015947817,-0.4211392138285679,-1.0572431647667844,-3.4569924823927547,1
-0.8119781621162306,1.7005501619323473,-1.6283288381981142,3.0041500329190725,3.4286177576436776,1.6247843445422587,1.132628676211079,-4.037847066891401,1.1367433990538336,2.5620445488323704,6.3172952871452255,1.2686557018958287,2.942396953639876,3.9341787690117638,2.032514192796712,1.6255679104450622,-0.7742111190773675,-0.9434401726439898,4.466512369255849,-1.8772295571785864,1
0.5770939079373297,-0.8962762682037453,1.2916455182063813,1.2779440159417828,0.2786423825722251,-0.03236310990836913,-3.709009544543528,-0.41561188739916943,-1.9570055675117664,0.4416910823860296,1.0181984714933139,-2.3204486282220986,-7.194944379001671,0.8515388241171351,-1.5268072001646305,0.07299762189558878,-1.5434975884944964,0.7920645499261082,2.176899966765549,-2.557727889339179,0
0.3888237215173109,-2.128452847391987,2.283761167791987,0.26283704947028375,-2.214347104225295,-0.11707881041027665,-0.7495483097897684,-0.24676582950467307,1.5542845999936916,-1.0183542875600848,1.6752764900555306,-2.1582150518750662,-5.244073914013491,0.07272721563030593,-0.07280332508416265,-1.7228499047838635,-0.5843258347331799,0.06056575688919952,0.113117841742981,-3.1167148223654544,2
1.8286621280294055,-1.4871666592405903,0.4993892629593366,-1.0870907575170903,1.6328577937977413,-0.8599744155543277,-5.307942488221723,-0.7889186640524741,-1.4878731636747475,1.4041034352051018,-1.2603765964463496,-2.0919595576923724,-5.250579599081117,-0.8120578204489983,1.3731718254161027,1.4431907884087734,-0.8875740483914493,-0.3300397830132879,0.8724057999795127,-2.425942626974282,0
0.5180021758181764,2.867030936202302,-0.49387779133456644,0.694757947757817,5.8190640712382296,0.5809926220961263,-3.9405751748221407,4.514668727201634,-2.525822420600047,0.8327710885750317,-0.9238625765745316,1.7018965647461255,2.407659598522961,-2.4710100356890523,-1.8912571959903985,-1.2635980709156986,4.830807786254919,-0.1854783071949178,1.4360334453382286,-0.24843486792681801,0
0.8720143354845803,-1.2460407868441705,-0.9511606446031821,-0.8647925807869683,-7.744282114878333,-0.6807593933921241,6.134754508216283,2.973308098263289,-0.574976617754996,-1.2888241393940127,-1.2184869832764158,-0.645037118230879,0.1607815496065759,2.9943345112233777,-2.1659120465269024,-3.2634231459694027,-4.495404973493022,2.1144119406902906,1.539987340816204,2.863402571395777,2
-0.041270618996763576,1.9743700897521763,-1.7097979473282914,0.27127759739135016,-0.6655378584098492,0.6629459716573913,8.233712983481773,-0.5498226000923478,-1.7645904164222674,0.8614466900520134,-6.9227845556544985,-1.0541292222995133,-0.7271918126691922,-0.8885695090723913,-0.12786607057838462,-5.330741967037274,-2.9232478884625372,0.9185438073233004,-4.011793057122577,2.5256037883740223,0
0.4340274938306062,0.7700370240865304,-0.41381653091872594,-2.7454845714409077,1.7852756405530608,0.6382415993670852,-2.481650329674611,-0.979037427955411,-1.25781662918122,0.2604932168576579,-0.2137413746776408,2.2547123971055836,2.9632875478566794,0.5509288445383693,3.241554623281191,3.1692166719275425,-1.2764578708895504,1.2362300256134025,0.7431850449889124,1.5036255803774625,1
0.4142355086355689,2.5543434043682716,0.4169211508281282,1.5468094321619263,0.9736508401514737,0.8845550050637124,1.6171568148692725,-0.5559178591337799,-1.3182946008655132,-0.6854636317066606,-2.8040470759740503,-2.4285042580931577,-3.8657621638150617,-1.0225510288227524,0.8220222286410039,0.07490539146722619,-3.191398156001138,1.888779783764972,-2.360088530348081,2.0319892273872666,0
-1.3718984199001882,1.3748830452819565,-0.2448529019126371,-2.613258249812228,0.7057438429268965,1.0072199973405744,-0.003872193232979208,-3.6126341904590786,-2.9459558474614465,1.2541594601571036,-8.27716670739707,-2.6736070441365394,-4.527443482893901,-0.5592981318302394,1.4828208173943347,-0.9171001143584604,-3.614750886617575,-0.784191909782542,-3.85551999874243,2.2630779616900907,0
2.3585392801323852,-1.5805004645360414,-1.9046392756928476,-1.6563722403373213,1.1816642237870931,-1.227710393084674,-2.346526137619505,-1.149117759853762,1.2877409086372222,-0.5737900377611864,-1.387514661956238,1.1538662438138059,6.388678367751874,-1.0206607231024032,0.5637503521811398,0.6499774987813336,4.238966769143149,-0.17501068910675258,0.7106434456264049,1.5903395031352652,1
0.07582953278578751,1.574724113808196,-0.3625073173238387,4.484430268327191,3.358927620395717,-0.3661698115162787,-0.08115002347860129,1.3148218036135892,-3.3840423239153834,-0.15007187418829074,2.7488691590589243,-1.9601793957580695,-6.49837257162787,1.703045344232485,-2.7415630340625436,-1.1126058691485077,-1.1432688209900752,-0.8151382819699597,1.8113726639378356,-4.147546977739782,0
1.0002910705202974,1.8299060097699442,0.139594130163462,1.9897493322313893,-0.1063675643823073,1.0664993147096082,4.860979443809868,2.1665347567573416,-3.3123848096024635,0.7050125712466379,-3.173829500126624,-2.504842705569609,-8.06772861779756,-0.48901647191535336,-0.7956515718981448,-3.554418385136337,-5.018836440795556,0.8574463881765508,-2.0965632512733894,-1.6298261811538022,0
2.0259636025490693,-2.543495585146482,-0.35571933665414357,0.515299320992262,4.358580556921325,0.2486579227620821,-9.933480434324718,-2.5929876987521943,-3.0623654782265515,0.9422684386745112,-1.250992014234627,-4.440771611953986,-9.470884646782796,-0.270557237320863,-0.4821948303683259,1.7507449136787825,0.5122034845673378,-0.09608238645868752,3.327227015795532,-5.408921661994785,0
-0.3790641977809409,4.405826600554725,-0.5019714256069445,2.8935971379828436,1.057757954198345,0.13368600333060054,3.797064905438867,-1.201566730051502,-0.8516162209091485,1.1380936173540683,-2.7923128576080334,-3.758860996900216,-0.8968891027917991,0.41224682148098,1.7376764325320435,-1.232430029260271,-3.9932287645214775,0.7944675007883284,-1.3145605677660015,5.647917572832329,0
-1.5556328538303215,0.12677485680424228,-0.7082484103600596,-2.7466158559215246,-9.030870983529736,0.6423631813711727,7.46954477040639,0.6865740463758525,4.190993269781068,0.560325803596556,-5.498979468154261,2.558245373249367,4.347213869491342,-1.037318378437134,-3.1960717913296675,-2.800142512554048,-1.4403514420480512,0.2057146516356898,-0.22574119339698973,4.263664393104921,1
-1.046373281993827,0.9666746295386948,-2.945219243344016,-1.5698270179875369,1.3160061232888658,-1.3730388323596754,3.5531224332323577,0.4793956286383032,-2.943369171883438,0.9980615154763643,-2.59829947810109,1.401689781709905,3.3377710496957698,1.7540820757509061,0.9834122131151247,-1.5490925817196155,-1.3806759172303593,0.31986393708089766,-0.658179839583659,0.7018077314385687,3
0.9085382073271695,1.7877405703779043,-0.37174395632994206,0.48765433697374083,-4.178496783221758,-1.0499963326968444,1.6454880164647483,2.507371281826928,1.594337790717109,-1.3629332045490619,-2.656849574656004,-3.632088755623896,-3.7048786819212705,0.5777419387759988,-2.43316891371191,-1.0053894422604823,-2.532745123401846,0.10140042897786389,0.9320511720574849,0.3347024308559998,0
0.06785224180955025,2.5478038773834553,0.40005314116239354,0.22817337909268887,0.026852354375211034,-1.0406313296885674,-3.0161510005490335,-0.2819479372277047,1.1416467642336174,-0.25937650660704176,-0.8926737922566239,-0.3886944741428594,-2.7391341254368853,0.01832992226569985,-3.0875591629517936,1.9834532198047463,0.5526599899883662,0.008984724619779075,1.6377575595742453,-1.5953512755235786,3
1.291848216441449,2.864588490208666,1.0019617459272645,-1.4048256130594523,-0.6068628533947699,-0.9398452612041823,3.545538526199929,1.1595307751924535,-0.22643916428827826,0.8792798090640433,-1.9629734389239615,-0.49784249986615914,-1.629370055963415,1.0024418525609893,0.8134519413086695,-3.26653871553543,-2.2495545291846235,-1.4656213038647719,-2.1624001484550934,-0.5800141759565514,4
-2.074037093627369,0.5595306926808885,0.6751515920803735,-1.048838514013699,-0.5847997882802235,0.1990505996454534,-1.6134892118098012,0.29274858511027724,-0.40808884210011265,-0.9599946094776602,-2.381607886183547,-0.9793473762309618,-1.6700388576823328,-0.44189779104499705,-0.9820262800312739,-0.4656697058315459,0.06235030635136907,-0.21961577814898187,-0.4906176504973646,0.6672140958205124,0
-0.1886545695081539,-2.836294644294977,0.9374697860476285,1.0547014073749257,-5.0040468155589,1.4412333854125432,-2.031442305479898,-1.7956376801458522,-0.6287165330350807,0.5731049161808107,-4.939607887695215,-3.8714267959254376,-9.007557725648217,-2.409052192141724,-4.080805418458867,1.9336899813932948,-2.855280018649683,0.10505078226578544,-1.0689634995381643,1.674435973823766,0
-0.30104449544285555,0.5154600443915698,1.2805476335075379,-0.27167739078701936,2.85820950036931,2.1809088193684736,-6.401945815827282,0.38923785487625673,-0.026510754343320064,0.5611077487342973,4.946546607287544,0.5297374923647529,-1.5045203039283148,1.744736186605723,0.8002516780775426,2.3494674069146435,1.0990571382027832,-0.4288758382637355,4.185587822351447,-3.9099371110174785,0
-0.29589012159399175,-2.5150722099598037,-0.4778235289295052,-6.068786816668607,-2.455667232210027,0.9585903186942275,-6.120164912903483,0.4226881202258851,0.607894266690858,-0.6445283106356816,-7.158221525018702,0.5383515531325902,-1.142609439672116,-3.7428804980262,-0.5116804716225068,4.466964067346016,1.1435053308874155,0.24618023383831225,-1.9324487713647471,-0.48858875048350026,3
1.247863997801573,-0.6445993618551531,-2.567737118543304,0.9961204986425002,-0.9926960361694173,-0.21026818368862815,2.304271166833781,-2.2792390310812287,5.096147195917806,-0.44433233899856467,-1.8578300019930047,-2.432138100384924,3.967060727746599,-1.5555820506047766,1.697447088366546,0.3151667904398876,1.5936209889673383,-0.0822196382610393,-0.19982897231356112,1.2953989898885756,4
0.6326833769689787,0.9654497647549058,-2.865300273828066,-0.39246047098404113,0.5449022543797752,0.24122526681515924,4.408518179439229,1.0202987110214776,-0.7182456486146217,-1.636008579151261,-5.345636930600855,1.503548809319215,-3.408024676554124,-2.773143248197594,-0.2496691388620842,-0.9289871779318177,-2.9450097041163126,-1.1783086102152107,-0.0437836655186552,-4.109643241886758,3
0.49264796952469264,-2.4632019719960514,0.7635784237148697,2.2236036351988937,4.11087027675717,0.20986921710529222,-6.733092225886749,0.14334928535854596,-2.9501490723438692,2.4057542736621467,0.5363761254565192,-3.8411892109807435,-9.416858414098233,-2.626659909410126,2.680227860975619,1.410087657122684,-2.097566071706064,1.6954875051353218,2.788387640314142,-3.4494181427696904,0
0.5562332149922884,2.2037732179550966,3.6100450704010933,3.1245243057583663,-0.6000555735011819,0.6225371877449236,-0.48216415875031,1.2312854121580847,-0.4857469111822832,1.8101470166300955,1.0693844819330476,-2.807095798388528,-7.619396621277965,-1.2474231207472688,-0.160825340495389,-0.5731584798744611,-3.6951693161323673,0.6835225305709535,0.2765791037387664,1.23125881650566,3
0.08971358524210456,1.1964555550834721,-0.920405165866031,0.18821614394113573,2.074228755738009,0.7741277514961679,-1.1425230092159504,-3.8488605029359024,2.784574150650501,-1.2364090633099685,-4.383686510254425,0.764083910239288,-1.932799782560812,-2.8867239776444125,-3.027609117923173,-1.0232006660831323,3.475523883490026,1.0147100469870254,0.6049759501870586,-4.0175709004376845,2
2.033800049569428,-1.2044970096895544,1.3875427290976288,-1.455303943366817,-3.624191118607529,-0.09844380806988903,-2.718286792768103,-0.5621091941596001,1.4768331011812825,-0.5618978302055627,0.7578618619947561,1.8064794792580736,-0.7181853328369326,-0.024283068886610026,-2.244433047737753,2.7934457349255655,-0.12249028245247062,0.2027818683807691,1.9315614585487064,0.1596717192351249,0
-1.0845459099011128,-1.8885332040381595,3.7478748549818537,0.208340838471734,-2.5256288019323843,-1.3140811177492744,0.8800880507051647,-0.14440361871913576,-2.5232340011535705,-0.8299311200940614,0.10043707264232038,2.158895762458363,-2.1467317509204116,-0.9572650436695042,-3.0830062734522343,-3.0838783680399198,0.25064534534826644,1.305955984797965,-2.0266693859567497,2.8756575200483248,2
0.2955587255237951,0.9469074183180155,1.1323865115239165,-0.9524584438388106,1.4609781959410364,0.9107423536477182,-1.8324322167920286,-0.20482319693573114,0.5074042878575872,0.17014198809862008,-0.1552338356067543,-1.4553346572172905,-1.5646347151618782,-0.15618130792843998,2.0727254468494456,0.13033043601408645,-0.045412408561514406,0.24996023438159998,-1.2541832986230264,-1.0970144543094598,2
-1.190098355087061,0.2098580065757728,0.9101057703694982,2.9151369484465466,2.837442656336988,-0.6390520523104248,-3.7999915426082516,-1.0703189503904422,-2.0737487708462714,-0.8836673755988683,-1.460901441367561,-3.313669621656665,-8.04290347634853,-2.5095168577727325,0.5528088329894569,0.6911742278077504,-2.3424646687872492,-0.7854156279336412,1.6191050955223227,-0.49747895819763444,0
1.5168380958098062,-3.1661592335254594,3.661357309089518,-5.825125674276372,-12.37071764559057,0.7689972664010317,1.8711130609726183,-0.8152953022738161,5.064615141695367,-1.220720172386867,-1.7577225871571627,0.1184219104392159,-2.5375590072799223,1.489403811775497,-1.7885632106438825,-0.05275779290910987,-3.1232019829301287,-0.741933259114132,-1.917552125917461,0.4533296184236477,4
1.5290376502422087,-0.3285646507092639,0.4439490321613947,0.45875772567982054,-2.1736169625988624,-0.8161517957008269,1.1597826270294136,2.1087630324945614,-1.2604471247366664,-1.2288691798619271,-2.4112963297121714,-1.709266919420899,-3.4342698522704302,-0.4726967139340177,-2.486039823270099,-3.057818879114348,-0.8636745889526997,0.3809887401339326,-0.1538799529212831,0.4521342101511341,1
-1.8935028677672354,-0.25558519950438474,2.822055893719778,0.2937313774929391,-0.47321888142718765,0.07390186759904273,-2.893535185745305,-0.17667344088096337,-1.5897404920047962,1.1625214498488576,0.4245609085012273,-0.4376050098756503,-3.487471156021768,-0.5507180214950673,-1.1312234458069992,0.5734081317192856,-0.4807697545624485,-1.350675971433337,-0.7401232157499869,1.6399467611514706,0
-0.40927984174032844,-1.7671156215377497,-3.9625539240345335,4.557023305723511,-1.1315350721542783,-1.0867400716293774,8.947950072315198,0.6714500666166983,2.2576605959991594,1.500243280444373,1.7446460676356383,-1.6021626635696944,3.966017716353049,-0.6467677254273221,0.8134678538838034,0.6789510037893374,-0.22696741171836154,2.0643241912263774,-3.5103491755202247,0.5726969305425293,2
0.6826383820923931,-5.247373855771866,-0.12995124163350802,-3.017865695362295,-3.6812829300782974,1.506426596258796,-4.586598571724004,-0.7122232749142752,-1.6131599605054978,1.3364115250398851,-1.4333286475574256,-0.8001834350670117,-1.9755152833766008,0.7428068246720885,-1.2508833708052554,1.8102594198323865,-0.21578165124221982,-0.7162798135542865,0.9522590825730839,0.1439521713612646,4
1.0078683541915205,-1.3479046230302343,1.1843977604776594,3.0149982223349774,0.03925237606612365,-1.9057372056918498,-2.2146393206230677,1.33950469818564,-2.8754615817493248,-0.16338501805032468,4.297941762571051,0.3481436838631917,-1.8623792465396949,0.6240648539219518,-2.714263785120373,2.6656019309282275,0.05086972090986541,-0.6543701519743749,0.6275028000657898,1.3058662916189694,0
1.0705335735578865,-2.507746526258596,0.20537538385448717,2.384013095076523,-6.056877693692543,0.6542407547832082,0.1187527740932854,-4.8655121815323445,1.2328143575271384,1.607432550945298,-4.0398425422351085,-3.2955024071256833,-8.978535534803443,-1.4139519034780328,-4.355674782099584,2.1512788860671637,-4.310284915801868,-1.1244764699534253,1.2742616719202826,1.2725422216271838,0
0.4268271222856313,1.6681349549111475,2.9904145134697213,1.2322193497238614,-3.189393573043382,-0.18903608269240085,-1.3445456928706105,4.19637373622916,1.322875161360194,0.5004489664830519,3.535172575953488,0.760728855137927,-2.794026399166222,-0.03749512310406833,-3.8046485480913663,1.5004056152359753,-0.17778527828528212,0.7370554217055713,1.4912759359526255,-0.5500957108845341,0
0.6385494426361481,-0.6355363381653352,4.211780349578069,3.0107813276322903,0.4774955932385419,0.8828891292315729,-3.03534046882549,-1.5550883284679529,-1.689802992244051,1.476593164493259,1.2624867091887213,-1.4595502198972754,-7.695849503360269,-2.732290785850303,-0.34028041189578073,1.8074964083765521,-2.055015855448196,-0.7329051794629308,-1.5664798890981835,1.755033856828344,4
-0.7783474096411247,1.9753208221743699,0.1316970183485563,1.2635605479139163,-1.091110985406438,0.2929728822021668,5.186119093230273,3.800140776725118,-0.44146822079935877,-0.3641042088884814,-3.5087844704468383,1.293391414387759,-2.396652161365779,-4.451204678131921,-0.12098014087697262,-0.66513089734175,-3.2212010114177887,-1.0875522704108378,-2.135035332493936,1.2215570100493354,0
0.04418049364936331,0.5044246868721034,2.105673184288909,-2.25231601066125,1.4413023308461694,-0.17885810394093826,-9.035376950458957,0.42965806753455793,-0.8389965447703522,0.7458785015464382,-2.6449651402766854,-1.1677620680865752,-3.557311406762702,-2.590159456287112,0.18906427873618203,3.5801728778721102,0.7975315992154517,0.6186221740984296,0.7697726709974895,0.9690003454252742,0
0.5409498046270919,1.9534742620111256,-3.0243480029185785,2.9807148765189466,2.9561343147758508,-0.7093621573131672,8.779604853505516,0.46013010710451274,0.9350120466149745,0.9979033696763773,-1.301406987627327,0.23581119601182898,1.6587146552664485,-1.7473629523568959,1.6723074543742913,-2.8262341687964305,-0.3933801186543069,0.08211487080059691,-3.2226609319622366,-2.3641753780190866,3
1.0933845517768621,1.5407883478867141,-0.7575964216864874,-1.9170271873165556,2.50004496960511,0.06224436735767811,3.295002654387442,-0.08272648072688527,-3.724649163420105,-0.6644440276632378,-6.175668147372677,2.885240741274944,1.423497287921035,-1.6472863509174487,-1.084067793569946,-4.816475441329058,0.9377224168773062,-0.5648613533783249,-3.0640964576891205,1.0747051544721116,0
0.4977039582181344,2.4743096936323945,-3.6099731252036005,1.0720915956799948,8.495359441502993,-1.6422901956417828,0.9852253023182668,-1.2196839188615276,-4.297250888821675,0.7419696447833772,-4.496593181157324,-1.7394442246611546,1.644428867629881,-0.586461340647441,3.0095300706898085,-3.3670319530698776,1.1003781067940759,0.9889220147678934,-1.606586027395497,0.16419204543713017,3
0.22254775222043163,0.8199383054310816,1.8575081065230097,2.9628372777551877,-2.899777342071611,0.4842250883273503,-3.087299115686425,4.615323876662458,2.068765905563139,0.09605043714712716,3.1167377075016742,-2.927552574286219,-2.842866902098671,-0.30188764625654263,-3.4964991803087013,0.2922431906031624,0.7665744461521795,-1.6596173508051615,3.8663375973789007,0.8122249023561174,0
-0.04362453249466674,-2.745098923830394,4.622853783748221,1.154997485260074,-7.9240498096365,0.23867518127513648,-5.288851867084318,3.7610485692201716,2.540542410391158,0.6513600490089047,4.434901206344946,-2.8413801739435853,-7.933108411023235,0.2629456779327486,-5.49174364856847,2.4585933321201114,-0.5913194210431245,0.7611380783377651,2.7576727405197876,-1.0756977142762816,0
-0.22951473706066583,2.6127791522453467,-0.8448117092435539,2.5938668902552777,6.936791317430363,0.23699306108848897,0.8153443996834144,-1.2329252388930307,-2.696474457926405,1.0348722659860625,1.9351668608197903,4.686490538581868,-2.195592806625042,-0.9599746139175569,-1.3367378378588857,0.5567653536108734,0.8261109244078981,-1.0947443951704192,0.8947956480694376,-6.142965978611946,3
1.540130669860402,-0.008626670871061615,1.872272808582578,-0.813585733783311,-4.439881301815847,0.07207904009235196,-1.1138028674620124,0.4139692382505765,-0.780845125053092,-0.34304741864405286,-4.793495790263321,-5.109000245353194,-11.14803287799052,-0.5922504894295508,-1.1331645892351925,0.18441208179890278,-5.730924522900002,-0.008383448029862973,-1.31433215311458,-0.5530853722634761,0
-1.9533247308551869,0.2746328292446125,-1.2477346304943358,1.0466994706938415,0.03104123432911464,1.4949790135541157,-0.11617883587640827,-0.44631147246822334,-0.3265810260461206,0.06125074715436401,-1.4702439233822489,0.6475410979008609,-3.5861085148392693,-1.3835884592550556,-1.3150663518350771,2.127012165957316,-2.100206224323251,0.6730937241992831,2.0348893347976,-2.073105388015194,0
0.3115862695479864,0.3986472505852552,1.7604113219982915,2.225686733471175,-2.4239386948544603,0.7059069394978287,0.1861709586484155,0.7136378846736402,5.003658530466708,-0.4432520583861497,0.43237205358025194,-2.5302106334267034,-0.4858225423190713,-2.839431817964436,0.9150028330243654,-1.8902170795761712,0.25728745531611397,-0.7148572302876222,2.5814702324912986,2.3325975068923435,2
0.3893939267600361,1.673451539403427,-1.5261894298324359,-0.47210847113058185,2.1326257774224775,0.9862581381923934,1.6396290064286847,-1.3664483937637417,-0.7916466946850957,-1.5570455318768548,1.3931235471160457,1.638922183577948,2.6953404311592237,2.470780938222253,2.3601428372737665,0.38293005492126486,-1.6449286873632243,0.7193692370702077,1.5245425136867081,-0.5893305246533105,1
0.38144870096370254,1.8071470579416753,-3.520770996673159,0.2630257907591149,-1.6777981345920716,0.23030416975636636,5.168612990316919,3.4014265061691886,2.426345486573329,0.4844988581727025,-4.813488959492695,2.0878734765557585,2.795436674217614,-4.112501694426189,-0.042891480726609865,-0.2441037236363055,-1.7314928547596975,1.066836955641918,2.428485929318392,0.7314188436678251,1
0.8603393329406418,-0.754999684914962,0.8694740062726566,2.353656453189396,-4.182711122393512,-0.6372574946025921,-0.5372520425919745,-1.1425253499357382,-1.4172847643116615,0.10891823324467338,-2.110631973067297,-2.866465014641659,-7.605424377870351,0.13400005918386526,-5.490870188393775,1.6012626505347107,-2.7353760739729918,1.0723279007441147,-0.3851180756001302,1.4426862383906172,3
-1.313800871074172,0.1982326602548221,-5.236161929117072,2.056507941346233,7.564510947579893,-0.34178313826854506,0.7340478793559543,1.378893161141696,-6.111182889014742,0.23054883822423747,-9.857272071901255,-5.261481657136278,-2.482682540703976,-3.9375412272483272,1.9822367332141368,-5.776152739221179,0.28251372344343095,2.425230023470288,-1.1453401170247013,1.067360760173286,3
-0.47179512474521895,4.277520492628025,-4.2141803957747,0.051503106224347506,2.5524763307711456,0.7645279339278055,7.507836876459194,-0.5394053643925643,-2.192409476760334,-0.07285490640904918,-9.677744974797154,-1.3815290756079457,2.7718297250381903,-0.9390638602635747,0.3277199332874774,-6.441085014006179,-1.2708375807098962,1.32337947890056,-2.2880398021744757,3.605432204238337,0
1.0270702477301241,-2.19902987138042,0.848750967365157,-1.4513882960157933,-1.4149801482261812,-0.6677118740849867,0.4942946207079525,1.3622473422232462,-3.817307559045532,2.1004609089505193,-5.69197331148192,0.19666797756384513,-4.4129613805343375,-1.9413501060644687,-3.4297942340302616,-6.319765379530741,0.34464079084768606,-0.014223395806873939,-0.6327894345093694,-0.1295613419123922,0
-1.1357025796379074,0.36287274440185613,-5.067111902159677,-4.048410196120299,-0.7524793495027435,1.0441400069095401,1.2547151518522772,0.05661349062156262,-0.4770801348902378,0.008694620400793256,-7.646049547915032,2.2176367846469924,3.934275921312412,-1.0347071435586948,0.8936641554764393,0.3545073310473419,-1.88186947404082,-1.4521867585385932,3.249130197382888,0.759872258939781,0
-1.0261581358630567,1.3148385682106951,-0.5494357773232541,2.9882444642269084,-1.9819849062576498,-1.9702537994190603,5.190474262114051,1.2934837356840005,0.6160672030843608,-0.14272789316753093,1.8371976066595126,1.1866558509130412,1.1351315107925342,0.7971419393391812,-3.325981502161293,-0.8284555187483296,-0.37208104129373454,2.2626328084715377,0.04579782913309882,0.7149360761068275,2
0.10157696774178945,1.7915811715707344,-0.053808118620067624,-2.629544538870415,-2.8287541169284327,-0.42035962546274214,1.0531152664266707,-2.5835264273040663,1.385065585577098,0.6137318469757057,-2.3439465189686914,1.1952015283997728,3.6456429215029376,1.6730607906038535,0.4485371099022264,0.8321181266835596,-1.738114093014215,-1.034818156592341,0.4594743648968558,4.256547772978422,1
0.1614137027544375,-2.217011444123292,2.9669004123939295,1.5168420673538745,-2.7002358726991442,-0.5798789348216229,4.595093883913927,0.3720374772200796,-2.7750929750273023,0.7277334985919344,2.0604478622256486,0.41692893939275333,-2.952420398537114,0.5353683673067238,-0.6399667619053793,-3.2920385486117567,-2.438494405285113,-0.6716953577808804,-3.4932452386157946,2.052855224119677,1
1.1676963115112249,0.9477483220370204,2.03354015914965,-1.552105737349716,-0.933247427515171,2.08091386444133,-4.497147950415336,-0.8901747703880221,1.0753008841425267,-1.1427991427659427,-2.003874165374623,-0.23400342209110692,0.04491491644441999,-0.42122108539668557,-1.0363154259494585,-2.81376248647834,1.366921002291457,-1.0964869005194846,4.379660816719513,2.662678955368533,3
0.20710241370015867,0.6671961352715454,0.6808294382003041,1.2964835938786512,-0.22183252425102956,-1.0602045728190561,1.5113242568754164,4.33034731901557,-2.0400104839434663,2.159158089016733,0.2538846312964845,-1.2779090690602333,-3.884658361503116,-0.2598577019521481,-0.9755114188465502,-2.447903285271731,-1.5685942225882261,-1.3232004572528957,-0.20115038222431247,-1.3049348549109974,0
-0.801442293830075,0.6524774285262167,-2.8101707800958917,2.7480614428834147,0.31027423687042766,-1.3950947069468786,1.4957295342607533,1.331854323896303,-2.2058715151156187,-1.5110286883918447,0.6317998535229706,0.6002963644454793,-0.36917966161738397,0.9146314936769511,-2.274569145910636,1.6555050839679732,-2.0240411779874847,-0.4820195349703568,3.3249056200699227,0.13595300744726213,2
0.9904537454467832,0.4154066646327498,0.7361865009957969,0.555380172251092,-0.7883108280305136,-0.9490136313405898,4.554681100570683,-0.7701336138422508,1.9954296158729097,-1.0655743101860848,3.013147246016354,2.2528884583847923,-0.45582117626045954,0.8440327963477582,0.6304497602508295,-1.2430195315585877,-1.1959832610570738,0.23665456555291087,-0.2840725365345971,-3.6568435956808125,3
0.8065775676225382,4.342689442425601,-0.5128110886513286,-1.3172543592562018,2.0130085911652893,0.01739125774230765,-2.8828566774279882,-1.5451435126823325,2.218770492318182,0.16570164951966182,-1.4158883348626699,-0.5528590264221676,1.0102095529149018,2.073826051620561,-1.69449358718337,-0.9008112310780569,2.4623369596473657,0.1990319032948332,2.6916722256000005,-2.1774797180104883,1
-1.5820325775681554,-0.4464826115020548,0.4743167017568364,-1.6037166393599676,-0.7228959440023777,-0.09492023943085592,-0.29778004662555513,-3.250371676382369,-0.7528385367068241,1.8825953030555844,-1.5632543872331375,-2.1411048050023744,-6.391722385973958,2.9291660478241845,0.013779998282270833,-3.1138429026450583,-2.692636949635194,0.19813560818929982,1.254001341261591,-4.416293783449605,0
1.927190012216444,0.6880962563041588,-0.08260440555908466,-1.3942907842950594,2.0942725310547328,-1.617859977988405,-0.934706983427125,1.6505210488154276,-2.3485573048957447,1.1565368631926154,-3.6331154490594386,1.4051295760720603,-0.863835772378012,-1.9789823553189738,-1.6135056178739462,-1.8774520544156075,1.7938172915098844,0.20943832091834091,-1.4273237758460702,-1.1520516016236346,0
1.2849244782753018,5.50934973757899,-3.6531911145275044,-2.2131699633478976,6.959214884512907,0.847815919455776,-1.081597922562539,2.874046565103235,-2.7502856475156605,1.4898273451730222,-9.768696107199753,2.433281026623498,2.914658369780841,-4.025385003780775,-2.267636355203801,-2.976393754557783,4.236292701086621,0.3765179781009477,-0.3237921080264333,-1.134566197354666,0
-0.03842490890568287,-2.0416939110448795,0.0857314181131047,-3.795706185123698,-5.266084513047002,-0.38962910029823467,-1.9002321424852135,1.2333601723297911,0.8868751613498383,-0.7530183265974213,-2.8356162294409457,-2.5443546193841615,0.7409544702909449,1.3126285961657596,-1.4743507680383536,1.5286397206623359,0.5555402017906741,1.135831450569967,-2.907659323344575,2.124367637354033,4
1.086170107311254,3.0088869092635373,0.8234401510873491,1.0255579467763092,-0.47200483909521995,0.04262440442227257,2.338478832945024,0.0863394633452148,1.2989400975794902,1.210221031517156,1.4227573879604878,0.2663568233439193,-3.136284403637389,1.5382271920606287,-0.8084462029378428,-1.6096717470201138,-2.295090129197428,0.33749901326902904,2.1582806842902533,-3.005688739937538,0
0.6319117536302533,2.6397362183490567,0.03467209449719799,3.3687815643070773,-1.8648048207669197,1.4503620284890586,5.8263373159453815,6.109276109910207,0.6176696974504368,-0.13157034208652155,0.6771781694490377,0.1449004737881261,-1.6145862808318177,-1.3369431139008217,-3.49541021164299,-2.9744858470630877,-0.742141728908736,0.2674270295974748,0.01838816762585682,-0.9584701217841269,0
-0.06307949839117187,4.22527290956025,-3.2368052222323955,-2.4169618693225186,7.932036103611213,1.2296290791230549,-1.1290297155507385,-4.656573260884811,-3.230905560677944,0.8626470419564917,-10.5296239307552,0.4377237497677904,4.50942564543604,-2.6391379680810827,2.1305759808825315,-1.614362232066103,2.4186847576067354,-2.0305347434111782,-3.266007773854989,4.119881930956472,0
0.5979571853404636,2.653929661002304,0.02774623829157241,3.707358037332429,-0.7387581632074268,0.7451511894358629,2.3482178064548953,4.306294137006085,-0.5871366521248707,-1.1285981014571282,-2.2667380461299524,-4.606036991609489,-7.832093845973583,-1.910522614645628,-1.1417458075253681,-2.0382739630770637,-4.089991732047304,-1.059294083433389,0.8573380121086434,-0.5741978939567127,0
-0.21364024682623683,1.9796507560388927,-0.35503637880360883,-2.0238973398034448,-3.1730931359223113,1.151022378201074,4.564685651942032,-0.8182969048421491,3.067038231107251,1.339434166590949,-2.881487201467097,2.5226828364669,1.8890506623608159,-0.3188882679273961,-0.4094033524882543,-1.616068669394907,-1.5108262538482475,-0.42690868711704577,0.5225097579985394,-0.028172615580923432,1
0.3067825358667028,2.1818563760556016,0.2988635380124812,1.3663552197575262,1.631981489998855,0.6972949285228497,5.488789364088403,1.1984694499240434,-2.6162547654780464,-0.10647431827624491,-2.8222233809432216,-0.822533949391636,-5.073396350524367,-1.7287441566792583,1.7960048625500677,-2.289109071435111,-4.371536262942869,-0.9363905682856924,-4.054579380014002,-0.7966120334002418,0
0.5898810328369343,0.6570451801868032,-2.6326218094237697,1.7764074867076993,1.0249731607663772,0.6529122622132156,4.42146184052579,-1.7171440598636551,-1.6173672701951434,1.1171037915271282,1.8084515930895224,1.9699510777090468,1.3304495523890374,2.212898350942954,-1.022177393029497,3.535511257871325,-1.6349736469871679,2.0264561310895752,-2.2920296142481984,-1.333486559497254,1
1.3649923683502012,2.5525924690592263,1.316771065228788,3.298766254206225,0.8221495070538856,2.5261794491448644,1.8377102244163557,1.7057731703221215,-1.3151598363959534,0.8107593597556704,-1.4952672503787545,-3.5110880263960413,-9.395590148094305,-1.4318954721630262,-0.3315128085309005,-2.7614329528874118,-4.275232038792895,-1.0143171809792118,0.39426060905444116,-2.1043138174729674,0
-1.1588145250874216,-2.3579466419295905,1.5843971680129711,1.4127198258301386,-2.6691345566285833,1.1925199800399207,-2.2451852043580764,-1.0997586878123982,0.35461372316765694,0.0489732731980227,1.8625016167123307,-1.3526812424620926,-4.634855367280005,0.05905143425827375,-1.7962336804564778,1.5339303684615007,-1.1633647602688726,-0.08867378366285052,1.5117977973458019,-0.41364194865089565,0
-0.5586532027475263,-0.8996036869385309,2.2352891879326258,4.280326501620504,-5.31050432429285,1.9741168171599357,1.5597941873721946,0.3679234413048389,3.003245001498886,0.22659462454430965,0.11890854464043647,-4.079612887799385,-7.311661467517914,-2.3274954677187245,-2.9989798849838607,-0.25158759769718475,-2.5454107606622545,-1.606435856468633,0.549265570149998,1.2938765875081477,0
-0.8337603463990415,3.5118310955202974,-2.3758481209756237,-0.22831478315352927,4.560673190824967,0.16609053926664036,1.0616582501741418,-0.8283730465347192,-1.4621953109556032,0.6972258912326597,-4.4846056062713835,-0.9046857136710644,2.816750657613081,-0.5115088007517515,1.9289277890638585,-1.4218893336053189,0.4253263705620163,0.8672206962914901,-1.3281368666968856,2.023506968206708,0
-0.8798609034173346,1.8860686776062405,-2.59307010991641,-0.733795059378126,7.504611130159951,0.0107888127289259,-4.806978663963118,0.322871098805949,-5.067067549612095,0.8437599628684784,-9.76618916176954,-1.616765720719123,-0.4547425476357786,-4.081508058495078,-0.8321375634264199,-4.302015483982741,3.7527261247437824,-1.4066318740320338,0.4473396537763896,1.7610111019413235,0
0.9905164908765058,1.3970543562638262,0.21431978196868573,-1.1440426554481204,1.3911047822676623,-0.19303151742147923,0.3736270920729024,-2.731026846387415,-0.8192703672970894,1.0219912832932159,0.18927766006339228,3.084380108060237,0.4860558324493308,1.3178302593181546,-0.25878102849426854,0.4461475002748916,-0.4564389211429063,0.8686244400634743,0.2399264106672253,-1.3345112121758222,1
-1.871553237699859,1.7553668074596005,-0.16810197182546016,3.870684110311604,3.7593547371276483,-1.7330938529835243,-2.376026968149348,2.5115830893949025,-2.8864537478524404,0.2663193485159318,-3.4800384659392565,-6.996877237284927,-10.93420083312277,-3.115141151032921,1.973793469171539,-1.2520248377293441,-4.2967374808995515,1.4407426944787047,1.1870384815658794,-1.255103275902628,3
-1.1588140214143121,-2.670669370794276,4.7876788778057655,1.536212189492471,-3.313254004091366,-0.5000981630877018,-4.444440911471274,2.175396129601763,-0.9412391673646743,-0.03918702075101654,4.021795197079613,-1.3351994417059028,-7.237657634290931,-0.6864247674917943,-2.806409426558413,1.2584812142570665,-0.6728875899703044,1.6534979115506607,0.31433901516968965,-0.16604767183556812,0
-1.807915425284316,2.943189071390065,0.4635622639016155,1.2292257854961077,1.3446055698176032,1.646718722311602,-0.5041718968537394,-2.0136806805148098,2.261984259450003,-0.3349858763613567,-0.20723787969765042,0.7394504871438526,-4.745749852037356,-0.3898056625132247,-2.1128891444307936,-0.7417138204837235,-0.3036739313070316,0.10633920688433207,3.393979677383726,-5.303916963462188,1
0.2867047128859801,2.618482950034898,0.6850104288147483,-0.07262699192777955,-1.8377237083508817,-0.40869021434895747,3.611587854065062,1.754689487062802,2.1610600673199856,-0.6935078253421025,5.317798470326289,5.670088639318185,6.25772830187865,2.078893094517595,-1.2901490019568675,1.806683127623999,0.34242122811264686,0.16929422476892492,1.2601394200779623,0.4178251426386881,4
-0.12881602330058578,-0.9634323786052614,2.4365230542359377,-0.18751636336319155,-2.3544230119723655,1.1899429291472816,-0.8542445044600041,-0.3444202878055699,1.2687627057607396,-1.8778246086131056,2.4986191717171504,-0.07471996513343271,-3.3453948835799743,0.9242905445518917,-1.0427535225448765,-0.4218843056414512,-0.4790025673318652,1.781383143429005,0.6254703692699954,-2.224764879728898,2
0.1626706066442845,0.02288262417882303,-0.1298524775297285,-3.3807898369433467,-6.013864485583078,-0.5837963658540882,0.30752484611734304,-0.24051103012412756,1.336937559930674,0.6797437943734773,-4.539480394146956,1.2050072836106902,-2.1172497909828767,0.24813500749368056,-4.5512861207805795,1.9558348187006298,-1.4039741959712548,-0.4861731870638999,-0.6146256127935359,-0.5230209888706443,0
0.2705937357610579,1.9571398677059784,3.792323329943573,4.19605041923602,-3.2075624940495486,-0.32339656488855784,-0.8414493289715348,3.6880053269109,1.028046977498418,1.3222839413354668,5.080729479528928,-1.8322500673886228,-4.577586725701727,0.007959704663083711,-2.872014016420801,1.911760036975505,-2.0629617469462773,-0.6820371272036796,1.4392562321779727,2.2866035994006446,0
0.008919871847261928,1.9254792263042952,2.1436265682390845,2.861779700642048,0.5323457514314313,0.9196073816291506,1.2730144758424595,2.6739130240158038,-1.1100356326272924,1.4958385998840622,3.6059302370622373,0.19032677039490675,-2.9410979745886356,0.05107532146807414,-0.23801801731356487,-0.751034453771827,-2.042539721559137,-1.1059771787150485,0.8887240375526796,0.018341462460427227,0
1.4047902936677858,-4.56222557376633,6.553237599943559,4.723134529697173,-0.2628241482063058,0.20190929371434824,-9.594918544443766,0.5888865339893377,-1.4101730370687051,-1.4778438261315525,6.256427442474572,-3.241286672909753,-10.847503140916618,-3.468926305722907,-1.5890038402923412,2.8061679509856297,0.4166344085607867,0.7529134664559394,1.7241693177681654,0.36080182402773264,0
0.9613324357067675,3.764768994806772,1.2375422438251353,-1.4289740789726775,-0.49946948473724984,-0.27696385412026164,-3.0118798061485137,4.474506162538239,0.9593272335719687,0.6821236353829301,2.398650738901001,4.948031953372147,5.11469990117869,-0.7162120893950691,-2.4683202679151517,5.649526726985821,1.9499736544449617,1.1804903685806785,0.8424937823835026,2.1189061541392356,0
0.7452391378616683,-0.611710831178534,3.1111971132089145,0.8472896772684351,0.07468205657831735,0.037625544399826266,-2.512662940893524,2.253871046443643,-1.891046967307121,0.039793451640505885,1.3150663485852687,2.421720158961917,-1.6438614991177392,-2.0380818864425656,-3.612291635742647,-1.3995433688780028,2.5424355128210183,-1.7103432667592235,0.1959346060344338,0.6658579078826797,0
1.2814740528153037,0.14069758973111446,-0.4503587075830253,2.1163929779110515,0.2706299410242384,-0.3522533372352613,2.115764936659671,-1.3850885165700721,-1.6502097181425839,0.3300315539332965,0.4745674384044695,1.2370377256421705,-2.357702183152285,0.614704715095169,-3.0650450895663366,-0.013291832869673614,-0.6551748257114216,-0.2728420071646741,-0.15726056802838673,-1.4298831124768894,1
0.3102422173213779,0.0018517704843477034,-5.860662708470978,1.8041631471731612,-2.591834556767977,-0.7648259290027293,3.044469691122518,-1.5625648986971719,0.7501715488870324,-0.792986653870211,-6.271479341372179,-2.169013397725668,-1.745929825527465,-0.6057016048361976,-3.464632588570884,1.9184025043050372,-2.8251411622918488,-0.9980309419713218,3.1167434358652866,-0.046988344062928844,2
1.1109637648570587,3.9651951231054667,-0.9461662198191543,1.4333785678549256,1.6564709608903587,0.7890312063302195,1.670455093858675,3.0869464319642965,-0.04949230828152862,0.6749363322737297,-0.01804445336940246,-2.0874710183582392,-1.234898704465365,0.38004716148992945,1.0582886008385985,1.0202349999744755,-2.091418511616606,0.3712918813182067,-0.7470894064920162,-0.6331512882954815,0
1.3619426631333937,0.24099379554201594,3.5195649768045167,-0.36592109927520156,-7.274620697528485,1.414686018023137,0.02993434007637271,5.696832319254829,1.9117137387751781,-1.824164164891383,4.765388098412611,2.744862984137356,2.664439101996533,2.121670626248438,-6.979647773103721,-1.0036408553199025,2.633524863226201,-0.5076924245523271,1.831648207072334,2.1449584977372798,0
-1.109283644262149,-3.0218762772269336,2.8478331600004596,0.1721168584072854,-4.985683603194414,0.7613946575648367,-0.6654432460787889,0.40640158969809015,1.605961527684543,0.14079553020706587,5.541856712903088,-1.2808867955067673,-0.6095317116864344,2.358767407363715,0.699267867849573,0.9923815509194774,-1.4972180974379108,-0.34062926852484704,0.6750073180125451,1.6631261195756963,4
-1.3995826658270176,0.2789634265682819,0.3510666801725295,4.320337218735428,-0.22012030045156664,-2.143969306643276,3.8747849402837815,0.23898886597157043,2.7961655239207346,-0.8030681429096495,9.044533237786732,1.4230346296297278,3.307423976772181,2.735857595083968,-0.5266972335018403,0.6061425447539477,1.1272003689759342,-2.1659965672615904,1.4740628952955988,-1.689580804148723,1
0.323838903878085,2.402845001570638,0.8429807557595496,-0.6545160893387241,4.366413293623474,-0.06897176269235558,-5.545100285367738,0.8079239933026081,-2.400751932289536,-0.04721073783058426,-2.188903165042906,1.5004397811615844,1.0807292015671155,-1.9598116494074689,-1.619851054281978,0.2729507424064639,3.500652521037151,-0.6797925329457624,0.5927608774663276,1.7192362444628126,0
0.8497309956221186,2.9283705020378497,0.47959467591269933,5.396273819421596,2.9287363181696398,-0.6047807860317715,1.0349103049753596,2.08921687912495,-1.0760289920627002,-1.0458163185834688,1.9375904742849073,-1.4654691239838233,-5.231664838258328,-1.4964163715618393,-1.4809366460637352,-0.3560392864178048,-1.4355486031019176,1.2863148690981667,1.4024902340456178,-1.4809513862259216,0
-1.254289598910707,2.8368956966066228,0.3309429862167049,1.6126920738000816,-0.5421040021674756,-0.6769143601514702,-0.6035954997237848,0.9940626464545099,0.4874100224768263,-0.278713573434405,2.156328561606399,2.4959725526717658,0.3322851032775452,0.4587224830646721,-3.565251195841409,3.226009788662706,-0.09933763903291826,-0.49695548156948743,2.3202496379439244,0.3045314053082677,0
-2.6724831036520977,1.7237293966208591,0.9574797347996626,0.5381469612389841,-8.370297357288587,-0.7000681700193767,8.958641078128654,2.529918152731325,3.5840721431163045,1.3833962226134822,1.6198785619794245,-0.19285676324923218,0.02389881642865003,2.725182640649138,-2.7480434970066465,-0.8857197260020274,-3.820664616721434,-1.5330131113204595,-2.4501688043370122,1.0680176154790422,4
0.7738725049127297,0.05689319663900627,3.3625610714206067,0.5582472712974724,1.4880474734235924,1.1426622829157422,-6.7508812893096755,2.771504546409573,-0.08969240046843086,0.7333751863632832,2.7506756067345965,-1.4975126602205826,-3.6731703057153124,-2.1793240659433692,1.4693877826987007,2.3059177626172302,0.4372604997495806,-0.3399685048591044,1.2891908865866342,0.08747119380698476,0
0.057289680656636324,-1.3171320690467099,-0.8211836703422446,0.47484074842287827,2.0126031394635913,0.02355367751129097,-2.055260794523213,-0.7471889315369367,0.581074673580898,0.44763598058784126,2.2710931905863796,-3.2579655968784578,2.830081105203448,1.3244745125309079,3.8315602968688114,0.5665139232808751,1.2297011089316967,-1.3358716445455892,-0.11184644937441668,1.347921753616669,2
-1.3690413393043028,0.8810323622892557,-0.8848645659193013,4.965388215525572,0.6157722445708297,-0.444573986037075,3.250176530817022,1.3527733095876735,-2.054056080638917,1.0355188034609841,5.2414581465605705,1.2103705332603694,-3.8102794350020526,2.4350529024886356,-3.6580469293390383,-0.12546789551282456,-2.164141247199093,-1.4558182851505919,3.523781776838335,-3.937698261710059,0
-0.21149157875479935,-1.788818395603741,1.7792536160788894,0.5239362549437216,-2.02133442243577,-0.910392712911492,-4.87365860615538,0.13436692031573627,1.2676975343238406,-0.5053227824185181,2.5599294703211366,-1.414808179500143,-0.6848400536039893,-0.31752870841241254,-0.9646600205029245,3.7599190394369235,1.1238154302166832,1.5623588340829297,0.6944176713681149,1.9542360273087838,1
-0.04447107979044405,-1.1552038908728566,0.30276071157828777,5.2241983973076,1.8700084663256502,-0.8390290359061252,-0.855562192239983,0.9535509645894791,-4.3867526652754645,-1.098113122210825,-1.2463509559351198,-4.335280744874131,-10.177737294375369,-2.7475177864087703,-1.257609506388252,0.08141241665271781,-3.422672587796203,1.285092823747467,-0.37500501126557606,-0.13247914189376075,0
-0.04232590964298583,-3.6583282561466985,-1.8832758027184973,-1.3283124858069364,-2.1596612444662324,-0.29745121765773147,-0.894134593293276,0.4773293126248971,-1.2736596026719955,-1.472109706327306,-3.384351208250511,0.7170676519335595,-2.389097102596323,-2.270143148830006,-1.996519835918637,3.1110809961762618,-0.5107919204085694,-1.3385225220510168,-1.145033675943767,-1.6089196692217564,0
-2.660522995393271,5.285530704754156,-0.31302881237586355,-2.4910407423381566,2.550103938421153,-1.0661374021308438,-2.853173028084702,3.8443658106843306,1.0445282277200088,-0.024819622246128183,-3.0162506396509197,3.667243166906694,3.920474899505376,-2.7653059128139277,-1.9063117028987167,3.113443137590036,3.316433756498925,0.015291995295807182,-0.6287537926141185,-0.17820125837953116,4
-0.9669167496137651,1.6328337830973008,-1.7181130957881339,1.8256074572618077,3.027285935476596,-0.953154820223897,0.6986773201047923,3.6533017218848323,1.1589028324322301,0.587153766832767,0.9365343897960062,0.7541665955432089,3.085911660284728,-3.1305976646080094,2.130024099143282,2.4459689765887958,0.9735776012485995,2.0950506070663057,0.0759039312113059,-0.15809248280747012,1
-0.3237833302557874,-0.12258150292426673,-0.34592195146076365,3.326298987422643,-1.547713668673916,0.3536017327061492,1.1368034192395475,1.8561849581015482,2.359894909286646,-0.12295162796571171,3.227809578745333,-0.4843824757620254,6.513218320882466,0.6409309745001541,-3.2027211836627676,-2.6473412769432896,4.604977135749328,-1.129686884043241,2.6784728811319685,4.331307811183297,0
-0.4903114683832891,-0.7200854577817418,6.365110511876539,2.648273245754311,-0.08942848815994599,0.9043069312626079,-5.486218124541124,-0.12555285554668116,2.8778990563836637,0.19257950213937158,10.431483326145047,-2.1174235093997797,-4.369426057257572,2.1844640706061753,0.21839296611682768,-0.09018852770192698,2.1290139246270785,0.7523113686385284,1.7702042310264572,-2.846629053699177,3
0.46561034402840196,0.8888289739184958,0.5723126667797486,2.1704838587731095,3.666085847449749,-0.36315047393556793,1.198861186091048,0.6767309787888889,-1.9181329383033683,-2.4961800219763663,0.8288864730730527,-1.8758629056133682,-4.585942975338025,-0.2940452926364292,1.9014642029231181,-3.3448512395857684,-1.3178695343187328,-1.0847262372915498,-0.30239295654994147,-3.0292774679404517,0
-1.3303952330879645,0.8276776207446248,0.03923408466314515,2.419900832667064,-0.7639770252378512,1.8002285381302925,5.449473019518092,1.711852619075045,0.37160297536692544,1.5869521108796756,1.5526471994954076,0.9359066293873886,-1.944744891676785,-0.5510145282861694,-0.28369134000894103,-1.7957320861054575,-2.292204251905886,1.3696410053828696,-0.04708224400731931,-1.894732297679948,0
0.20963008391828628,0.9411853629081512,3.482056004563911,0.6781174879434793,-7.152618801055927,0.4594612998204094,6.01570115842265,0.104005424330608,2.5196888201165426,-1.2025631360276268,2.7911241623876952,0.10220880156563039,-2.4018725319142,2.3929416947336364,-1.2385045315918317,-2.0528456231529613,-4.545525185663697,2.278336899957568,-0.5656209563179799,1.9440615835462833,0
-0.3704082785529956,-0.18228569951630313,2.111815390120932,1.3776584143981583,-2.4185325057880203,0.7399352865699343,2.2737638481347586,2.180955568106852,-0.5813451487349806,0.516814952030189,1.8934591459406431,1.2159379492362956,-0.22173870584786412,0.00043374855516864486,-2.8043001959823712,-2.270066798230399,0.3648245519720521,-0.2703753708003552,-0.6320804715968564,1.6835788670178378,4
1.5898141392588838,2.9760577596362223,0.6619854970187862,0.2292457083463988,3.6149154503163614,-0.14617822936365182,-3.0574052472636017,2.4613923120651506,-1.8337972027125906,-1.37924808371366,-0.8330581576540591,3.151964105574013,4.126564493286765,-1.6782363752536846,-3.1115540975561875,-1.5159440680879517,4.783063366867065,-0.4484061859687035,1.4134835344012724,2.515226977467944,0
0.034442388212760765,-0.3947401146438294,2.6955036708600475,5.57736233850554,-7.003672939477633,-0.5130683046617224,5.067511154397264,4.794805150421951,3.5168700316896278,0.6985023164459168,7.035097854917137,-3.3472154747176353,-5.324395418318555,0.8902877158962184,-2.5093977128454314,0.2675769395962695,-3.727367009766141,-0.29687694338181986,0.6101873620730895,-0.2290179198924578,0
-0.3385826735348582,-3.172051673466977,-1.8204155654611935,0.3780564383170564,2.228835945270867,-1.0554638614246967,-0.4189487019643605,-7.093191648227302,-3.6829365236604685,-0.20778279038583886,1.0903895350269424,0.056598157815294314,-0.7040249875286383,3.1120692582772427,0.7633374196497047,4.258943741793912,-1.203906722248672,0.6881533935806167,-3.2715963261444463,-0.4374521958038152,1
-0.38567678210216516,-0.6274909415379744,0.7811733482315262,4.505148779668584,1.9257252352075074,-0.27544951334533946,-1.7767048981466218,-1.6208175320566833,-0.326814996651998,0.7293817350480336,7.408901031481383,-2.555504366632534,-1.8642174424085418,2.8331913717483594,2.342876552365583,1.111611503706291,-1.8871735392525553,-1.2400060286859336,4.208910890365665,0.14205308147966167,4
-0.3451685305811281,3.0721765437372763,1.5797312542681716,-0.8060978589247334,3.6159399200490325,-0.2842307681114487,-4.548022703703862,-1.4293864762421935,0.02557524112765286,0.36953751672278695,-2.133020931274002,2.1327952224117195,-3.3870296183873183,-2.009156927522187,-1.5376434882083552,-0.8370449807644417,1.5503948469239863,-0.47839322734165307,2.9636580238109262,-3.1442311424164786,1
-0.6138234237205725,2.106634235901689,0.884052256084879,0.0593076034858705,0.6784205498554637,0.658586344656636,0.34009847954002304,-2.8002507124954406,-0.02515057173980839,1.0170556705846325,-3.531654240702687,1.915092091564067,1.4041655394359551,-2.014017227321929,-2.0272003563592484,-0.17621875031234535,1.340226199383002,0.3971513704009905,-1.7964438704874772,3.6590102928527766,2
0.08245702989758452,-4.193652080332687,0.6081201950052021,-0.13593512618335013,-7.043612196097204,1.402622953327437,0.4295710615842828,-1.2900404622560346,-0.6885644382313247,1.8088565317228078,0.9477672426964995,0.7859949263622796,-3.790326444250843,1.5203281521196814,-3.98840686585594,2.8824587408761864,-3.2604021649473434,-0.25742057768927434,1.0570752817631497,0.6756192017192337,0
0.39290783333463597,1.4634004440573454,0.649324343728453,0.3605646132170576,0.5935258491642008,-0.5191259997204939,-2.0285176557010893,0.31503585692751135,0.4302970866801259,-1.6426894821953608,-0.9671368371797628,-1.979585648140118,-5.353781349481444,-0.20886632422753415,-1.1284589456796443,-0.30554058455462907,-0.6607535539077676,-1.5688016350846476,1.0571874612726944,-3.3414882681723523,0
-2.0161888131376227,-0.015810772802374418,1.0989785848365652,0.4326577089764543,1.8592268017837286,1.5537684003704728,-3.9876633778636905,-0.6438201641831538,-2.113508482677276,0.31041593521789196,3.835113653037503,-2.0430964772835187,-2.503702007059021,3.3348565189643193,0.6310838311298285,1.9653081570648565,-0.48320810178437246,0.6831883264593744,0.19504840441267324,-1.2094920321342046,3
-0.3847025084751059,0.25478201245753007,1.233262306101673,-0.7305913672604014,2.41617679671236,-2.3932112641244245,-3.8002306491937197,0.5985957311968715,-3.0579909363460143,-1.6597252199722006,-4.970242640118338,-0.8810888567921871,-6.7196531096066225,-3.456552482243154,-0.9102554197113036,-1.3257381501376075,-0.3212539406476086,0.2973206236844861,-0.62494206532508,-1.4515314333278933,0
1.222121059160711,1.4047989970929111,1.2206344551006036,-1.0798586461629056,-6.131484314967998,0.0446050855282342,1.366609581257679,3.491173976658514,2.679486425473978,0.8667030487311171,-0.08116289669000586,1.3103982151287603,1.4356750381293928,1.007161037697926,-5.699886338673302,-0.8877268761377282,1.3033395479374619,-0.24233966525908668,0.987513550363029,1.0089405972277175,0
1.1419506102101102,-1.5364628111435006,0.9554910458608887,-3.244158487860018,-4.443129423318178,1.3681154180497124,-3.0590629897305237,-0.8858794475686196,-0.4959210528046927,0.5732563715787151,-3.9407344965986177,-0.7738096515696242,-3.819280188710378,0.10418809698363773,-2.7432841191483464,2.2276346238370017,-1.3670624113699663,2.1026498690518487,-1.1562636327237241,0.662245351907043,0
-0.4494703367087129,1.5266692424815835,-0.7153955905311398,3.443525894806217,1.7891726395969074,0.5974862990819223,4.218311452736826,0.4156353355341984,2.8314868836645046,-0.36326541214571517,7.27806956947877,3.5231513725869044,5.497295526809088,1.7819200751539142,-0.6961286389420845,-0.9057536645412139,2.717590332363269,0.216076226224706,2.546033105334544,-2.7823105204944723,2
-0.03659142513378376,-3.9654739993944403,0.008589709946875468,-1.4123629505524296,-6.270568915743885,-0.6600494905053718,4.926109831315981,-1.200872332419018,-0.02636194991360452,1.2449811128143873,-1.1826231260216995,-0.27149583750015727,-4.565045999736515,1.4051779396820652,-0.789533145030898,-1.7778466104332322,-4.4094801959560765,0.8596129393798341,-1.0933215172028379,-2.2187609114586175,0
0.2784453374190063,2.0845157918885406,-0.5657949352959699,-0.976060040442654,7.064072566716139,-0.32222817278141624,-8.43987862796725,5.052543735875562,-4.286802469068375,2.707944141783535,-2.003536976439952,0.6080613107189932,-1.8963751676591662,-3.56139653483806,0.157173154995093,3.8733261439159405,2.5758062302845945,-2.9550259487769304,0.24298366321420062,-2.210672682879252,3
0.24734614024958101,-0.07883119650503145,3.8025221873429618,2.327134042887211,3.2176012849221367,1.201591074898285,-1.4346300716466351,1.3854310398694096,-4.0746391929107055,0.30296191691269214,3.062965669155973,2.7727327295845767,-1.4546360979341546,-2.166914596651104,-0.8587496917151972,-1.2646784838262795,1.4029680342172322,0.019113056270074064,-1.6976175698210911,2.0706342947683596,0
0.9646379134149315,-0.33665709651031084,-1.6622721236537732,1.4364373092638822,-0.912665712984855,0.2153683774944933,1.9735324125169973,1.0768914461769488,-1.091995178677917,-0.8891284998107913,-0.0847587475267901,-3.621165399476164,-4.124726830219268,1.655411968155568,0.3213083704386718,0.5594927857279623,-3.385769025240286,-0.8882572390129613,-0.5199376332867878,-1.7789704131571296,3
0.35848010391115914,-2.096475942646861,3.2480590190791987,-0.3254996130278933,0.2671007479784398,1.5823840283915775,-7.742802615263119,-2.4609416268489612,-0.05485977320926905,1.7482642300112812,4.210211674732118,-3.687795349984316,-5.171790274234782,3.827648583683137,-1.3963177689504787,-1.5018302592577901,2.4292143819306062,0.40528524023091667,2.5776249545814505,-3.387449004899984,2
1.2085155272473365,2.8662235596967682,-4.276599298697244,2.4909233359408467,-0.8489338604633332,-1.6874690612130387,7.632447341520231,4.721184126906558,4.420395753473128,-0.835721156029488,-6.022519189990441,2.4243382109125546,2.7982529907669993,-7.688181320891516,-0.6313832105378974,-0.2977113256228363,-0.7397689995754907,-1.5510640400183526,1.6277192414027533,0.00925640444063558,1
0.7076285353028037,2.8295121039760778,-1.9425290458184574,-0.49252125314098993,1.8549551441592989,-0.30991108744292295,-6.341946672640615,-2.1866121550197546,-1.0211445567417439,0.15775889207883004,-7.735772067220448,-1.0534869391310344,-6.440739509858031,-2.0870688350446747,-3.9534989795882454,0.7777555804341492,-0.9113342862289625,-0.48248360458428674,6.508574472229556,-1.7978331292407221,2
-0.06958041641661791,0.9990028224294158,1.3431904631330123,0.829426957758679,-2.0825764259412427,0.13609987279290578,-3.2000335849647157,3.373310415330508,0.5188811220344165,-0.643254121188334,-3.9517732281220157,-4.982317265339685,-8.984161952549279,-1.3842443914339955,-4.842487730020388,-4.20026180896615,0.40889060574495717,1.1473860848884745,2.4655240482642466,-2.9950760577987072,3
2.173759407717909,0.6787305686330998,1.1052248939091542,2.604957134834684,0.2447925475370666,0.38216268136080717,-1.9427215088730256,-2.397449265766157,1.3924258185357852,-1.1689913581687024,-0.6840370311431173,-2.719765277967885,-7.2600521903128765,-1.4589574222278583,-0.5795338608121074,-0.17131171387059352,-2.0672313168052945,0.26430980213018973,2.9990025975581824,-1.934204102315467,0
-0.2619655540653791,0.8511413824317536,3.8991677341790543,-0.8139927998282064,-7.239225059773505,1.0590647470358372,-0.841330936962738,-0.7789871403294277,0.5889814748627868,0.5576210035028154,-2.9129918162382955,-3.750877984098798,-10.351473366722365,0.3929106499645638,-2.5471798279461524,2.140967416786477,-6.40174176720285,0.8696513957275637,-1.729291487615222,1.9145207136794422,0
0.399195611254287,-0.487049257705515,1.6816793543133932,0.5881036303966085,3.1856261608144005,-1.3619197717673195,-6.243009096554865,3.994114022557781,-4.057393889705312,1.5689449551832566,7.5265030054482125,1.1568006712565415,-2.012305912446531,2.042845523299036,2.777274531328949,3.0873875710438,-2.0743307750001314,0.41478028883819845,5.114773976887805,-1.665665903926202,4
-1.4441447182224623,2.3516866527262827,2.075943798710764,0.39781426413263565,0.31674578843304285,0.7532975451762778,-2.6479952992366513,-1.0867447336139358,-0.7552404258483478,-0.1281981421072861,1.0968581076232307,0.16063028570658666,-2.4465279045564596,0.6190713833864976,-1.024008096465755,3.860612214949202,-1.3432596695344352,-0.09069571962281098,-1.0597481257459416,1.3868176164059731,4
-0.24471823616392757,-1.8959827876645126,-2.9668871375533175,-1.3777634662952267,3.0016615976596572,2.251317973751833,-0.6407363155044202,-0.7811645684090677,-3.182769831957245,-0.7250821727725908,-0.8839054665390127,-1.5197647589602803,3.254423991609088,2.02847535445638,3.2834430417452682,-0.012915520595142338,0.29481554499787954,1.1992375566092388,-1.2322062848593824,0.7221392269832256,1
0.6268928194842975,-1.1876952053485486,0.714040287507719,1.5784480520549202,-1.441658670235805,-1.0134072592736927,-0.32192868098629557,-4.580916393219051,0.42694222943003046,0.318770031148127,3.116102921909821,-1.7343507853317501,-5.617366938694342,3.90038363809634,-1.0463059246256408,-0.9523132672999712,-2.6451862492800027,0.9468607730140203,3.673582093624946,-3.521671745275786,0
-0.004920334993235869,1.29851680540352,2.4522310714455426,-3.7339839349641237,-0.8667129837823758,0.8931291412783857,-9.004206352758668,2.2003271805114943,1.7144477669345464,1.2352537377949078,-3.2714870071311006,-0.500350350134136,-0.7065568710042319,-3.1187764805084304,0.5534852468552933,2.369874392048887,1.171531222852947,1.5593918070884487,3.1893924847338804,2.583715909337977,1
1.8404037650227503,3.237850708987837,-2.9944369031639995,1.561338056400409,-2.229313113354869,1.0497343561892427,6.158557255607987,1.9416180969396977,2.5165964355377555,-0.002074472409845884,0.3198970549920139,-4.833067577429629,2.3170107363476804,3.7285543881427294,1.8989206774382899,-0.37362172843748476,-3.395506099818716,0.30729755127196096,-0.56840835165316,1.5480072836803351,0
0.4940673364796565,0.3457369437707687,1.8353845916030418,4.85542235469036,-0.20530001669938755,1.0275967859487591,1.3945300174827666,2.1396913837400877,-1.6145254189090694,-0.6580439237534242,2.97843885700468,-1.5478627298726981,-5.555819599212052,-1.3281706703400615,-0.7130399877610476,0.3069203305786732,-3.1715004884983813,-0.35927411336406795,0.4672407453605175,1.0879115866952649,0
1.743736570116128,3.809869362360411,-4.650659749307927,0.922270677657818,3.0197588907082364,-0.7087799022315613,3.431675641057416,2.5839520867243406,-0.3382896163373248,-0.6444013050562206,-3.8057924056885764,4.935429389905744,3.9176709601400668,-2.8623303710532797,-2.6247389344745495,0.7617326111151301,0.8296285507005725,-0.1286247603330811,3.01137052966236,-1.7448758009646324,3
1.0537757981927927,2.736240122176871,-1.098633541167974,-2.936244840237361,-4.393685627192944,-0.6430040735848185,-2.418537061149269,-1.008291381585173,1.2219682267787342,0.6699636281381883,-8.549687299184813,-2.9266484167579696,-5.782601011341351,0.9080764817990141,-4.6003619143661645,-2.024713090884574,-2.5872443239509715,-0.753035853451385,4.743758878797362,-0.5926383517480426,4
0.9243900462155668,-0.5787550731798526,-1.9211437291847862,-0.6272577349741972,1.9719032240562058,-1.0201694163054116,-2.61389772345278,-4.740419827403757,1.5100137396029378,-0.7007228394750864,-2.047542053676032,-1.9438881751437214,1.9737345991710078,0.6534802260647753,1.1169250111121771,0.4333352478715231,2.140796479018823,0.7853994814304895,0.906389674515006,0.10279409110485416,2
-0.4132526939537446,-1.6965453967011799,-0.9458266744693231,-3.0886417780159716,-0.4338708155448827,2.0111876832108386,-2.498482454425478,3.830256292945983,-1.8526856959991893,0.5285755070751296,-2.9053189298526783,1.8785879766045053,-0.6587993193324119,-2.6882176466311813,-0.4720559246339956,3.1965951746466,0.2586587877527857,-0.6019056933471514,-1.6003265323237787,-1.7022613615081381,0
0.7818633025076417,2.196825622967421,1.8408982479278877,1.9874872294559318,0.7078284335106346,1.526104321729615,-6.430803238660642,1.236891173324316,-0.008442960501350516,-0.7159362327828015,-1.4475824425939392,-2.7812621072799817,-4.643274672836905,-2.339996659518949,-2.7471398648371985,1.7934627243665955,0.6586256068061467,0.30354543883134116,2.653003419705442,2.1451375974473335,0
1.8122749265077545,2.0145533752428073,0.72845062594718,-0.10751796565930127,7.694288053269778,0.11480595323445157,-4.445551856830108,-3.2432871489433177,-4.754624821669319,1.342300249977583,-4.951474020879673,1.7394209556248272,0.21322370977434554,-3.7475017293409496,0.7537397559986045,-0.2809329396227107,2.5847355182308385,-1.1429281277742376,-2.40577375715447,3.457124990622684,0
0.31665015667655527,-0.43508197990943387,-0.22557343514911476,0.3103001247732702,1.634150837220205,-0.4382164323738624,-2.3465382175712435,1.4861936381250305,-2.4840585681792158,0.9073911031373957,-5.820140744001781,-4.068818885519141,-8.236855831824622,-3.251607749541889,-0.10926649465964944,-2.5201254226012706,-1.5341985388976607,0.5836498411837081,-0.17201963667983045,-2.053726500038383,2
0.1004289408360447,-2.0362243410812955,4.2400993668688605,0.42920441300800993,-4.696866384766948,0.05583977800823738,-2.3277678995714015,-0.1165975599133684,2.1694413922454734,1.5359832276373107,5.386817695073557,-1.2991843634595577,-2.006937586883811,2.0192028526522554,-0.6555474738729785,-0.31905054998626836,-0.4649044539825521,0.2187164177941008,1.9169998379631976,1.4110123717825056,4
0.9793656104028148,0.9189390403447886,-3.0885878838240743,-0.5118754510425758,2.319387629738004,-0.894357346051842,0.745605847645146,-0.1529887637784535,0.1566501978066921,-2.1944569160539844,-5.58923788779903,2.0218412810169717,-0.7856762233478315,-3.58466114427292,-1.3204887968508925,-0.3999923323562883,0.8326570218318303,1.5951204186000147,1.373745644736232,-3.4689649344419866,2
0.9676263885936561,2.0570461568228433,-0.4265400818201268,-3.046880409839754,0.4143461810988466,-0.4255300707281032,-0.6713537140211093,-1.2815966172856288,-2.3444423602987943,0.03674523966726403,-8.38180834308968,-1.4077427377549097,-3.4789814318521732,-1.0698249411361096,-0.48839138326078735,-1.6077370917683727,-1.83340159735117,-0.5979822649799326,-2.318219767724405,1.132899041121669,0
-0.4461728401205202,3.187001179041386,1.7756664009564975,-2.936455290318584,10.645801349875846,1.150031148540006,-16.00270764379141,2.8656527319843987,-3.985138367880994,-0.53415185738357,-0.7339680534814518,-1.5978302611812731,-1.1226081953843805,-2.050014934963788,2.6298094193253636,4.071253475367496,5.636152215327728,-0.6009706474265069,0.6086325258224614,-1.5229896454769845,0
2.519034917761651,1.292132013223895,-0.7311943898577544,0.023670273957311805,1.6215867598748233,0.6458939644046955,-2.305824449739508,0.5974116123165163,1.368099915270136,0.04084007757290579,2.0482119648097545,1.7766164963440298,5.559927460108124,0.6202103479588271,-0.724370654795426,0.7101718788010738,3.5476876298920383,0.6798632546300614,2.9334337952167893,0.8572568301193666,1
0.22417076616791143,-1.3739193116325097,2.8329714858623003,0.21504500936206472,0.9659585642430115,-1.9359804032148258,-1.6258395243633859,-3.6211353940133977,-0.0942128551034147,0.09256105401407996,3.121121904301776,-1.4445878789329574,-3.5564006698016977,2.351669944744332,1.0086914182557805,-3.1052395714809675,0.43227655907308515,-1.7018813445162642,0.07754721754010196,-2.5011813779945484,2
0.010105059202847539,3.305019386381996,-0.041420066263419875,-1.2984442941903476,-1.1154707833429576,-0.6556466307162875,-0.38587910176801227,-3.5471373041296803,1.0072469448858539,-1.7831002275870083,-7.906924680378673,-0.395963905675507,-8.001238212535563,-1.5220300108834919,-4.140331997494694,-1.4080628537821809,-2.2560272077543866,0.08269163040121638,1.5278404433041723,-3.463779553634297,2
1.134823905993749,5.616469386825587,-1.2417295884484623,-1.9879374595310955,3.033345086259639,1.486817462970208,1.7126174521977457,3.498440693050309,2.6087977755912792,1.13381339009708,-6.028676780855714,2.8253316640869093,2.5203461492067443,-5.262342670661115,1.6631727525799311,-1.134102577360876,0.7894395398494403,0.6595169280437979,0.24911950792653437,-1.2120125979805234,1
0.1415317122520896,-0.5374413394781361,-2.237126471159009,-0.2293728705176692,-1.9879786930946808,-0.018523540302303382,2.128790392685429,1.8452721876909415,-1.8558714148884057,-2.0428709059209362,-5.081251028263464,2.243092261263599,-0.7776484498596945,-2.9711925376772053,-4.3872815586830916,2.5075156078738807,-0.40987126865186907,0.04506921485319545,-2.29363928975462,0.5796665234339944,4
0.11838031606942333,3.4499532077413826,-0.5265530257678774,-0.2848020962279887,0.13247513387425197,-2.3741362038255165,3.505995567568537,1.3743042408097317,-0.2461975448112257,-0.5341441497478677,-1.6494952428948872,2.8939168989418245,1.0921554778808111,0.5691271793842507,-3.3362695228260097,-2.738114449573389,0.613518745059134,1.119013989030705,0.36077918071039483,-1.429590574905918,1
-0.36339889181443175,-0.34364995454162517,3.6954730636748083,2.659162133029866,0.13339559915140292,-1.2381276388959541,-4.2225306814525725,4.575873199988219,0.4297390864334243,-1.2282875635949844,7.30167232894248,1.7730972146891837,-2.7864500580554004,-1.394579064162439,-2.8341957813492655,3.0553076386092686,2.345662443564372,-1.4733162360235148,1.2487921275958844,-2.621130840362956,4
1.7652696693949463,1.3193155779554238,1.8178317523902743,3.0260622632078564,3.067630414631642,-0.09289451391718122,-2.6714042715400654,2.5397544330093362,-0.16708364951456578,0.018008825214061275,5.684265151069295,1.2199429318242623,-0.9302611759446237,-1.227399075525287,1.3430712785915668,1.9690647738592628,-0.025260251702600933,-0.39164109045377865,3.129755359612307,-0.7808743006229341,0
-0.25983722000107284,-0.26819966596805234,1.7150027302661488,-2.0270962825025185,1.5551848863913138,-1.3134540190555344,-7.2116717961128405,1.2826411819894816,-0.7590642034424333,0.3713069185677303,1.1862907796353441,0.20344040315348866,-1.3186804482851218,-0.07001262154282883,-0.39522498066832457,2.1037022957484792,2.286423675120997,-0.18098247794339253,1.2416553253383293,-1.7153690541656803,0
-0.8399909368235391,-1.0041369300531584,2.2549681621370183,1.063924566782499,-2.347990794067348,0.03161924530426891,-2.867923719859125,1.0078208799754047,-2.4596858545278155,0.4150866578544383,-0.6361887016121841,-2.5141135421829475,-7.685373571129137,-0.3410750513123575,-2.629323364591251,0.7837750912641093,-2.6404927206199527,1.634631834909587,0.1447536363309727,0.71842097313998,0
-1.1412238104574672,6.288739230888026,-3.211892833906896,0.2706806614627093,1.2899836842139114,0.172307580723728,5.130145950789624,0.22782931331390133,0.3401087950350614,2.131607099249963,-4.0177085112269975,-1.3193975238787778,6.89476665640118,2.282220826808655,0.5369324667479443,-2.0964714468232835,-0.6900286228847747,-1.179733234843473,-0.605129448721228,5.619773680397464,2
0.7012639250384477,-2.856988388573313,3.7532888700480624,0.17498232931292368,-1.464234548665548,-0.9997194822099391,-4.557060263919987,-2.3654808004390997,-1.0031333069139061,0.25557280503720103,5.23975596377906,-4.11220830950789,-8.990223323107095,4.634230109414738,0.9224972675551759,-2.490442882743746,-2.745937352809241,0.6265452686801465,3.4717897903395696,-4.210888945238763,0
-0.3676974472804976,-0.3343985678756942,0.9400314509859642,0.15686117973804536,-0.42917759291800095,-0.011455296721681689,-3.4370324188055332,-0.33792335337140944,0.14856283978325568,1.300849539797611,3.451555333671325,0.5041070953326363,-1.7588197980761031,1.8921669931727552,-1.5580953123285628,2.222003375709689,0.1955670934461693,-1.4184043220776095,2.685686351243676,-2.189472705478085,0
-0.861586647113201,2.0415305750420583,0.8697954489417836,1.1863648009546741,1.4405397634580954,1.46934473848053,2.4075354315544586,3.069892574741941,-1.315781093405089,1.0804661600712349,1.494970343261977,0.6047508364246312,-2.572924479165594,-0.18251189354459096,0.7853209532451135,-1.9256009963913039,-2.001491802307511,-0.5989019356444178,0.11271537885742144,-2.15698306803575,0
-1.9520270674400755,-1.5720648526891834,-5.312281930934416,-0.6213613725905651,7.274224550884565,0.43848227498555165,-3.38568233619728,4.893577531340208,-6.322801983882864,-0.1932698833783334,-3.722560532611775,-1.7760028384762887,1.87332764490104,-2.1038680828239795,4.4932337482698195,-0.1509271268846415,0.37408834572468064,0.41938180955726556,1.5962281743370768,-0.4490120596908115,3
1.413492657212908,4.903358535243268,-2.039829526130243,-1.7222774807927026,5.937075239944762,0.18990202504683115,-8.171822186923833,0.0695502055747601,-1.2488586236333532,-1.1617499265549405,-11.016303567929608,0.14372076868977435,-6.42428044469504,-7.1490486577912495,-0.2869638310895094,3.154034606806796,-1.001771709506036,0.7714758008195429,4.573747306054003,-1.9871787171778137,2
1.5258127455099242,-0.3895072489164544,0.8884688861695251,4.911944117365186,1.8096482129512055,-0.5280049773503354,3.9996459822967205,-0.47093316263781704,1.4776501235700739,0.36537376924119885,3.8445175072290447,-2.371565374591337,-0.6590253641174184,-0.1957093917769912,-0.4916586449379856,-3.669370633312159,2.678755490210355,-0.14586255406536092,-2.8436483464396405,-1.4726796497128603,2
0.44219596006095385,0.25579651785659896,-3.863528696283857,0.10265133393819359,0.3922404403879273,-1.4475619878214612,5.106111751076454,1.1302468095987686,1.6873486503713577,0.7844163522026282,2.558602850929693,1.2208776427568564,11.419430706097582,3.0874944398851114,-0.677121940447794,0.9350513681312362,4.816111777046472,-0.07063139551218127,-3.951307466975803,1.116890435895582,1
0.9516400623246152,-0.8043779365449346,-0.31276159225167066,2.7030226078122874,2.7741979454164665,0.3454545111875592,-3.124980538826576,2.6223051677091647,0.958567937925308,0.6856782771224691,4.30472435593744,-0.3105192765268947,1.4964578274464402,-2.5469218122343458,1.8543731837532,5.012272016971432,1.86736895641046,-1.2938561620666047,0.21714232366901276,-0.24651833081065733,1
0.41911587265692507,-0.05933766026297915,4.181611224243634,3.2773781178923778,-0.11245440819995434,-1.1598750346479565,-2.631834258009805,-0.08074392344263548,-1.7942703792737906,-0.711644856485736,1.2296667031897264,-2.398526000504014,-7.9984966112736595,-2.2632141219180797,-0.361657593482414,0.5081690790745732,-2.7361486692593777,-0.1448394895301217,-0.41737374182867215,2.2702913170785313,0
-1.745860338554486,4.505752526116636,-2.3798260121413586,-0.6640209205044962,7.309600661626125,1.845556018994896,0.236382433882769,0.1367032539084626,-2.225325450379769,-0.3228994742332959,-6.259111625653792,3.1202435696283697,2.5683161148067986,-3.7944955230140516,-0.21591063536241661,-1.1041344140911153,2.94745744212684,1.2907012755373546,-1.817279099942748,-0.866917541359896,0
1.1191244577632744,0.07460835904529717,3.461962638573097,2.9676300827490074,-5.2856174983745525,1.7276324241180276,-1.3024087067325794,5.827960247068153,2.409644895703983,1.1979791690300343,7.196264513939107,-1.6145144923564172,-4.606584586248316,1.0952662296491082,-3.6661349608615708,2.3722974458043886,-1.1185352518054645,-1.613169707479282,2.2160253896158584,-1.391159655650672,0
-1.2870928307992595,0.2874409887208951,-0.9060711269205608,0.32672246256912174,-2.568961176462791,-0.3880038226281149,3.9874426571785833,0.8320601558852059,-0.7882285619448779,-0.9690701581921362,-6.1727433937709355,-0.2788413800741325,-4.771306962706879,-3.1468763028109783,-2.557738303006271,-0.8332580792168052,-2.9023340924790078,1.1146804812048055,-2.2092698570942244,-0.021012348848606366,0
1.6946417602320107,1.7575410676570717,-0.2232648050104724,-2.24564603699337,-1.3796617198474734,-1.821592612356869,0.4322744366204775,-1.3631700119568504,3.422490162235932,-1.0971950316380301,0.9490353486633931,1.9107623149913542,5.429652319370637,1.3267490529379664,2.3559342343936205,1.9456327223458807,-0.43935630709652496,1.8770022433954425,1.6131284553844587,1.7189498101957086,1
-0.39062852460894903,1.418020547091832,-3.052755830236662,-1.6215746870987524,0.03622231423576525,-0.5727079957856954,1.9548895144791798,2.180304492819455,-1.1568636712362095,1.9938667847667852,-5.8530762377318855,-2.406653204246868,1.0478031949143347,0.6535033861765283,-0.8694006729317875,-3.9424727853544574,0.2524875671804725,-1.6522964501085404,-0.1927693251497331,0.25309037099621656,0
0.031176742027399857,-0.04480422525172667,-0.03421717158084592,-0.570031399394058,3.321597566699072,0.1395759243343425,-2.0313888891547762,1.1966024981820695,-3.006822752762988,1.0535330671361212,-4.790869950325729,0.31274765756694434,-3.8239933892058815,-3.5099459204057912,-1.064723249165868,-2.808954562129013,1.3441190743428995,1.3547687908190007,-0.55820876021207,-2.0598123466089633,4
1.107840860588388,-2.604973183194406,1.2097781704849444,0.5829608056861741,-0.64725597962294,-1.2923688530915083,-2.538646430408503,-4.7662974692219935,-0.296428677057317,0.9266044053924978,1.060406250852698,1.7978474184907922,-1.1275694588358127,-0.1610215154061161,-0.6928962648297794,0.196788657883612,-0.24843367824460116,1.5302259798257085,3.633798293976142,1.2324404536931344,4
-1.9467598354598628,-1.8732001070364679,-0.8210099372796127,0.39581557638889064,-6.208152039257806,-0.9012527001687192,3.232902472631814,6.228268032587425,3.086151168676204,-0.6568958964969668,-5.76979682660913,-1.1302681913156971,-2.5610858360960345,-6.597187946454981,-1.9778849552894004,-2.0160773385586004,-1.4010199367980805,0.14635224670957592,1.304763545309652,1.1743099410932594,1
-1.334930458374759,-0.2852564558294093,1.1922798796415726,-1.25367726867371,-1.2041332378073109,-1.1847978531112537,0.37007461792531215,0.6687530628150624,-2.5932697422095274,0.29960109354672243,-3.97550410554858,-0.20117325107216155,-3.01277593597521,-0.8804157499386731,-1.905572034480543,-3.1939970543881624,-0.6656254747210366,-1.1696714751660198,-1.6346493473070773,1.2497465012314852,0
1.0944732128436507,5.112253873866656,-1.5541771296438616,1.9442511053962517,-2.4853252775070542,0.15532711128133148,6.49146696680975,4.884477942653588,0.7336465171959858,-1.5329133960957049,-3.37909361689643,-2.7068467814702983,-1.2708430701932059,0.4544059763350152,-2.0595963173802514,-3.6422962417135127,-3.359904655427328,-0.25650299926526604,0.6028961880952384,1.5896857853802695,4
0.6682712184047681,-4.090044417424048,-3.691554133875852,2.41905192054772,2.650913443789805,0.06235919281508086,4.984887655347789,-6.07905292874155,-3.4574750465820587,0.020030797521498816,5.3009018637618315,3.39385886868364,10.179474850095119,4.115580995885159,3.2659743422634424,1.2059566712513348,0.09252804560919692,0.6555794328509238,-0.29027567018152234,4.933823026878945,1
-0.24139537686665083,-2.4372119841130044,-4.440320933979383,1.1775494266130169,1.9181916390052471,0.7977864783896218,4.281305840223853,-4.42602391231456,-2.190542895425725,0.28368837648548595,-1.3982731353061282,1.3674226469422097,1.3560678393001317,0.4851211008626023,-0.02730989951324936,3.2417980869590157,-0.7454667094901528,0.9371722728875317,-3.6030071542377033,-1.6738488799162456,1
0.29455288030899945,5.034306164603388,1.5376290595454751,1.1258836298140176,1.3875503773635076,1.288300604596071,0.6026132575477423,3.0996160492795832,-2.2131286112772095,0.12979141939258962,-5.592614923567408,-2.3713630746182544,-6.993492350891167,-2.820777305638371,-1.839557681847434,-2.3298623127640004,-2.506210329929827,-0.8975172094498055,-2.081389550252826,0.780127525365718,0
-0.27528969954331367,-0.7900157567708415,4.433248697282307,0.2903641910772029,-0.3721148300028177,0.30471475175028134,-3.0986304402957274,-1.777760100652531,1.9988772431737605,-0.26656901137134575,9.972565328338764,0.8022768756374483,1.9733257220092122,5.027610745479185,-0.38425031347447725,-0.2061367656993306,3.4939249233744385,-0.043366099548336264,0.4947239541310384,-1.6358038197242872,2
0.6506960908912313,-2.2485692264157082,2.895578123871895,0.07914032745420374,-6.08797859004889,0.1401378036100385,-0.10252205943233685,2.2439855058285585,-0.11099513801369287,1.7282758326285543,0.9972847736743625,-0.10707847650442559,-3.0485632876542885,-0.6854944015437436,-2.932414777221687,1.6333969465009965,-1.7448405904936202,0.5320483836433963,-1.4492588666982273,2.8249309182447484,0
-0.5519412664239335,0.34183611987911555,1.297190550225299,-2.5697541400358364,-2.510471175109869,0.8894135604139836,-5.054978971724703,-0.7993329342656637,0.5660452490025942,0.9826502471123822,-2.6848752136116683,-0.6335931182252093,-3.8538140200583944,-0.15697165378772338,-2.1601098619014385,2.9057457337426804,-0.8347656247009072,0.4966233119694473,1.094048933957701,-0.250878035397298,0
-1.2177919403842177,4.595841407832022,-0.5617269850609359,0.6645138555949918,5.187265315762459,-1.485055674188856,-4.2500877939823045,0.3358289403511159,-1.3186774387087552,0.03804950621891075,-3.613161048861603,-2.926767168856147,-8.06405737799717,-0.9603064072941712,-0.22259101373191037,-0.23879766897406896,-1.4808536808997237,-0.08661935813490008,2.589269161797463,-5.241133914352605,1
-0.6731196909745443,-1.0202104578828681,4.798965620237781,2.80059456516867,4.53613735880133,1.5899196226186967,-6.018485934346784,2.370386413828605,-3.7857000988301412,-0.1940704844861863,4.988368906675061,3.4497155680630867,-2.515643613230262,-3.6421989480931383,-1.9319684717884438,0.32990173352560515,3.855543444120353,-0.8909064044174912,0.1790104690734411,0.2824355853760764,0
0.3439678685065512,-0.36512797269547903,0.6892975641588126,-2.18798929579048,2.319955519993257,0.5531022506392108,2.4924328688920565,1.5739012966727461,-3.8301573031375544,0.33953708121226917,-1.6143410001990395,6.466169363202782,4.022860115127009,-1.3893053853157586,-2.467129883878277,-4.54486625967944,3.961555091018134,-1.567921855114636,-3.033895649228372,-0.5121144166935161,0
0.5627384175947059,0.37773548222188513,1.0110225604931777,2.7931978521133,1.15733857990079,-1.478675137602298,1.4204749698756745,1.1539272076793066,-2.1011877759287323,-0.003197518446869282,1.7811630147559285,-1.1882757871737646,0.9229323956703539,0.26285522792397953,0.10786894095266475,-2.390125663594124,0.22107303372316123,0.43836513732889004,-0.862235358943151,3.881121767055907,1
-0.6024111220325941,-0.5134951131903935,3.9458969703632896,2.467133546986593,-2.056682455629777,-0.6522854555205847,-0.8052332194926549,3.932328154611016,1.7046876329543381,-0.9259438672517264,7.019964086514077,-1.866830251966813,-3.5774305353437845,0.6607418545242222,-0.3503940224162947,-0.11035033548843687,0.014734966004591454,1.1303533295981325,-0.12316920795762021,-1.7306218398388893,3
-0.21743871646335425,1.656020811924214,-1.6548112444453063,-0.4350063747701125,3.6731626027398936,-1.2094844854896478,-6.233264753863089,-1.8012755869775998,-1.4350904975724794,-0.11153332338035388,-5.935016148175714,-1.7033649210077468,-5.807528535351309,-2.98854453680755,-0.6026422488369729,3.7040169802996434,-0.8463239502421049,-1.0619231666368447,1.8396133287788508,-2.0197418977164934,0
0.7105340263394527,-0.3991563493639054,-2.144036945503432,2.595225177556438,2.075939372632864,-0.08898759948318977,3.604727517330134,-4.212061391159853,-1.3255675249877337,0.9510741853524788,3.28255456992405,1.5579725227252548,-1.0270967969172502,2.4249919754553892,0.21396905631191365,3.4243397184176367,-2.300010740833542,0.5028947805505093,-1.1220575451440098,-3.3019183601736586,1
1.7904089735170088,2.6842131132618396,1.1737578940454332,4.251316014621633,3.6723039610071013,1.407995525444814,-0.606257035035743,1.0454480553240784,-1.576639889948669,-1.38325948552308,3.937504056166445,-0.8553942721517191,-3.360757754788675,0.7847916663168362,-1.143308282924502,-0.9367691120432695,-0.07724538314240581,1.0767944919656516,1.829228631398462,-1.6119268407957958,0
1.9137125920066507,-0.9867279729529503,5.870527602742517,3.0492453544139244,-1.8561308455635406,-0.052269500029997834,-2.96908815703652,2.900238151631293,-2.3131867668738453,0.4144633521612668,3.9882413238234222,-0.9956611032635441,-10.005037417316471,-1.9682354397327442,-1.9592538434658753,0.5132196173165038,-2.8786735818322233,2.131729221261342,-0.0963919059145193,0.05276186303846797,4
-0.7037240736268697,-0.9654389122913964,3.7276428531520867,2.479583358703501,-1.3230410117622207,-0.14180197131995256,-1.6307002047896528,-0.6321586411412576,0.13324285224972776,0.2084478670243203,4.940220985649839,0.46288549861845496,-0.1230478116124252,-0.08553709760018346,-1.4211396765893574,1.8444373608621922,1.0482419964219618,1.4715807787183395,-1.2424073295489093,3.610972119742428,0
0.21428213004457786,-0.8357420596981593,1.5911250088416362,-0.9859703841134204,-0.11110528677262128,-0.7923179539098311,3.6338776382204196,-2.7325777120440344,-3.472033288467143,1.4056764635798342,-7.309603040175864,3.4610098187417115,-3.0819702826288644,-4.07306113134924,-3.0970536033085314,-5.186784905237414,0.11898880967888492,-0.09314576939953476,-4.2281429437672,1.693081815249863,0
-0.4961139869614243,-1.6555536567822005,1.5022766513747983,-0.5728143349902135,-5.348270402476344,0.18995522458586897,2.6018161810233096,0.23661845339629783,0.18337809797127402,0.20452108851534112,-2.0799613071748744,-3.5404266830090276,-9.128920797718818,0.17699019100149171,-0.3653392897041525,-0.015279879356383308,-5.523548795772717,-0.8735330609972681,-2.996924957584457,-2.3025983569091424,0
-1.2580989217791811,1.363786216010535,-3.422061696241173,0.5293176942303117,4.842614116324867,-1.315169138419943,-4.0508238774204655,-4.040573826355798,0.9581462783677673,1.0385223541097572,-8.528025607807256,-2.6286201339289574,-4.205729663600521,-4.691385033845564,-0.2102346981527946,0.7190359158855193,1.2607639216529942,0.16316803512041958,2.0961053776582856,-2.7342791143107577,2
-0.9657225906570324,-0.5352811738133145,-0.1187072461651999,0.15556214312460082,-0.9750996642866827,2.0985659045592424,2.3565458617102,2.7537895429045856,-1.4317915823794434,-0.41925326344292707,-1.8728602353385764,-0.28175116908913467,-4.012447898216972,-1.6372807779347827,-0.6076731714295396,-0.9921630192346451,-2.0350150291189557,-0.4956115982272706,-1.65130761176576,-1.993416993107651,3
-0.3377235980936757,-1.5844647972907246,2.165327008847463,-3.7127470515622303,-0.4132779194473354,1.030382213811973,-8.048172076501832,0.059505475751532866,-2.420944707143509,-0.006414301777532301,-2.41197720421022,-1.587695194840379,-4.073740588053715,-0.17313363570261964,0.5169129166911202,1.3228612016209795,-0.4897407028537789,0.1683672664874121,0.8911392412855614,0.783225345598481,1
-1.2084744952516213,0.4595289535783359,0.38976722874240766,-1.897914049211618,-5.306621319236458,1.722143225856191,-0.7978116334173935,-1.3512813808946973,2.693991686195785,-1.4128101799421877,-3.1322073430077526,-1.2815578241211947,0.13938662273518163,0.9046231775403655,-2.5611936226161296,0.2609398748654149,-0.6623055100531354,0.6169275106868255,1.4246493739740194,2.9723249639641143,1
1.5284837965498062,0.5276019079832539,1.1126200999442517,1.1728297244872692,2.7752404277490386,1.0257894298342158,-5.657429816266378,-0.1689928162261971,-1.507163480521868,-0.5476546022872474,0.5475758279176373,-0.8371451312125561,-4.042053779906522,-1.5751916481450547,0.5200635332389199,2.7433487088076394,-0.670585775381046,2.2388328948848106,2.375044778200188,-0.19057918543120989,0
0.8625543905272665,3.1434976228818208,0.7547191440566997,-0.5062587638017391,0.07857359365209327,-0.09395366661765489,-4.385055340332385,0.34367532611202123,0.6732841930999698,1.0035983919110745,-0.4399811288229498,-2.0948457028330525,0.2751408036229904,1.0738912639425742,-0.5850946701276978,3.1692231755458726,0.11086560865767292,-0.9616526427586851,0.6499135568419765,2.8875141225894145,0
-1.9823984186677817,0.6541272680377366,-1.3561033503731657,0.8505095392867663,9.617813114974393,-0.19041187378955987,-7.710860265917021,0.4648715296765641,-2.5596475853986473,-0.29561853320875037,2.1691052338168886,0.9617330659478205,3.290596514159223,-2.259872847253654,2.089511830737421,5.914996015775617,5.621108033684682,1.1637763061612525,-1.8684526940559758,-1.651184174213895,3
-0.6878231071138236,0.718642763292811,1.0139664308921619,2.0850356863083066,4.495754367870716,-1.1895000259430708,-5.209049167809092,-4.020842129396633,-1.8476779010540163,-0.5008911456105217,2.749067501042712,-0.9913855343707698,-2.645960706327987,1.0401566873535701,-0.09438918852541456,4.226211153385373,0.9014234898150633,1.2334248730952218,-0.6578973797763064,-0.48190344136335106,4
0.26575470338250445,3.1572202822656985,0.4466803064849245,-0.7132750541508678,0.3390827150282522,0.0666398020580649,1.234367345158886,4.407883007819176,-1.344204173662242,0.5026719656636606,1.70699578312024,-0.56341080774752,-3.2592120893675838,2.7301633864504016,-0.642355054515189,-0.3823481813860541,-1.9706178912230756,1.5147870986803387,-0.9664630986725568,-4.401013328488304,4
-0.9801138969108486,-0.07020510628854537,0.6908648187115045,5.60346496688469,-5.033036061285695,-0.5666099278191502,4.936068155096598,5.136317280255131,1.9352379592256717,-0.25483393551091205,-0.16005736110112342,-5.934329608910881,-11.234851247461643,-2.4717210056065064,-2.6233065892314134,-2.365714018257785,-5.1628055550431835,0.607624720840378,0.9796998776517405,-2.7273774228818937,0
-0.625380451260628,0.9539463937239333,-1.2553089820070047,-1.376623536362052,0.40678558431257755,-1.0608188627317061,0.3510306122288106,-0.9628115335052685,3.2985300983466255,-0.9017088803369265,-0.14505738901801007,1.0573271282253411,5.318144746807108,0.3197269217245843,0.6141403991270975,0.007518580916964779,2.8856889702856643,-0.5685184206309933,0.42854788659653276,-0.4930436790508347,2
-0.5737104034902404,3.493421295445745,-4.210768093070259,-0.23384189816552547,5.1753218084102475,-0.04945071837588924,-4.976374260445443,0.5515338164889321,-1.1828030870801922,1.7439779421584767,-10.204514494328045,-2.733699935744877,-4.255990326599185,-5.609145750789456,0.36810203187043666,3.408897230388374,-0.9097572869357056,1.311101642278815,1.8321987792554741,-0.8578773943605704,2
-0.5365706858945376,3.6499591894993717,1.1260811015694348,0.9871444329702741,4.685426267093362,2.6369468365793396,-4.661758024132399,3.5439684442208232,-1.3141718873295383,0.6049138271835687,1.6996519649204607,1.8201092627086406,-0.13006414196515978,-1.7976237117681428,-0.6457328921630168,1.9332325974751625,1.977327924337588,0.17440874856108765,2.0123610424437954,-0.8404499119928884,0
1.2085809090430115,3.1680494747450365,-2.9623562214041597,-0.27746508948951654,1.5440549628147984,1.5190065863804083,2.404740523508725,1.0040138081027612,-0.2518480113158661,-0.19609381090859254,-3.0036855047151296,-0.6380819309224012,7.17155313114212,1.6567412009692286,-0.5700531976837107,-3.3134635764796085,2.3314042282728966,-0.009186722084718239,0.5399466217610747,3.901218499624972,0
1.3275106943532096,-1.4798546283058758,4.999292004397475,2.1524553171766385,-6.587156168407627,-0.3838104620127987,4.510241979603735,0.6900158744094176,-0.4402605701878981,-0.8111009606728922,4.261235429586613,-0.9290855076410913,-7.580713981486167,1.1093132385413709,-1.22589225262717,0.512955861080215,-5.887618251600075,-0.2883490597517738,-3.8452151630386098,1.2608848323684763,0
-2.3428942141622495,1.8062569067676892,0.0971307173438094,2.3495445079620456,-0.24020061912783075,0.10257731562834461,3.41866877557827,0.13824192017613401,3.2645887112648744,0.2903690483665658,1.6703719305568365,0.8943032096908172,0.29803907002994356,-0.7738622740564395,-1.8541038584111567,-0.637984097679419,1.3380633998855216,-0.6329003319326709,-0.2515407493301811,-2.327492285061822,2
0.08985575524256213,4.970947954200769,0.6117360357776317,4.224864447998177,4.541154476758308,0.14161091568772208,-0.7130302913892327,3.7817440517798455,-1.7218348947000108,0.18941886551813444,-0.8779626947490109,-1.0427319608962886,-4.669229691667717,-3.516865537838443,-1.1846415405464825,0.37607379644170524,-0.8181785537439594,-0.8009705015449708,0.47111744594902505,-0.18860924805548185,0
2.335520893756594,-1.7579055112688788,4.670770404865758,2.5321452687026174,-1.9756673317319233,0.27284834271283476,-6.31842308188143,-0.8021039466827828,-0.5675331286787646,0.854377341471164,6.5626754989548255,-1.154343236826574,-4.1441726464860436,1.1996382654372888,-1.1673924679236407,2.898301780711418,-1.010572995934042,1.3793941212451364,3.454818842834436,2.9354136282089205,0
-0.45779898758061843,-1.6643957182849065,5.374363971052587,1.3140487081099181,-6.1546280184234545,-0.5326221049644234,1.9655642367208597,0.39354221413204193,-0.38050968440450705,0.6697406256622814,2.7323821624712457,0.49886531149427893,-7.10804928864591,-0.2941719014717714,-2.997094905177308,0.018337399348583583,-3.6385918573898777,0.24318837093601597,-2.499556616809855,1.2943938105368318,0
0.10426895714306594,0.8304921360392473,0.5522470355164866,-1.8251583857019087,3.188274585869218,0.8144241552427022,-8.52521258657542,0.6680910275615046,-0.9986972714309409,-0.4244053229308657,-0.7912370214377945,0.03026008291905269,-1.6456899002748477,-1.18588184663879,-0.415475028758889,3.841170160077784,2.2324124404511045,-0.3421231696459643,1.6659613151182926,-1.6243869045404682,0
1.027440983692651,1.6932759686796237,1.0956751027617346,1.8929858254312433,1.5746473155328038,-2.0853349406053554,-2.2580705489431203,-2.0661444287148614,-0.6973819677721768,0.7252765667745492,-4.541927473026774,-4.0546058866501005,-8.376058280591495,-3.4238699971052697,0.8102802499754291,1.6644039168534066,-3.3248453626216987,-1.4408469541403333,-1.4737140191475175,0.8293028498457784,0
0.3296182343981416,0.5224719609067088,1.3459727338810006,1.6598858757433006,2.774146779934264,0.8164123976571149,-4.06209480353615,0.6890680613308426,-1.0048782252536892,0.5890860749745981,-1.3035823396479989,-2.8574104324756626,-6.1777799842339105,-3.1360984538819037,1.2955394212916413,0.6881381390456744,-0.9971941274388937,-0.9103976836191963,0.47815620164345984,-0.7353133605586162,0
-1.3373228205706227,-0.7783057353395457,0.7631426866285118,1.0761303507539848,2.003897449118178,-0.4175660590141076,-2.428617141088477,-0.9535845753786159,-2.9502775973458304,-0.16980319439240066,-1.9583554752123191,-3.1616323056631352,-3.365343842925763,-0.894104676311742,0.9290770513341147,-1.2340593823904022,-0.585293123866928,0.7365762704626347,-1.093169267759037,2.3911693397575586,1
-0.5267391908819099,2.2128793350562495,1.0836635401508583,-2.0495161573567238,-1.6762503266148998,-0.8405207602940199,-4.213510782442581,0.5363198520492901,1.1699526499675552,-1.204089515841476,-5.212846357487142,-1.5890503502939326,-4.835304591040701,-2.3607285502896103,-1.9133446858971763,2.6354165973936747,-1.043908763184629,-0.3780968541848281,-0.1626847138496299,0.06563832183586649,0
0.871024480536483,2.962710236943768,-1.477927711713086,-0.5132451659699948,0.6689814311623783,-2.2691824551776887,5.61454177439025,-1.1259492225854189,-3.1879181777950993,0.35925881835654694,-11.111743958106826,-2.313485791092455,-6.304893600664015,-2.8578824457190715,-0.04451474143436107,-4.77794816824335,-4.823562832999524,0.6498968050256572,-3.906509941326094,1.1826968382076426,0
-1.5961626210467634,3.9584818007589435,-2.8747031100377987,-0.47832721662448296,7.209732696823695,1.3660535989380755,-3.904902776604262,0.9875478489055222,-2.0121354852680384,-0.7596121060476158,-3.313597021415626,0.6934035592758613,-0.3303342613807471,-2.2074130335102975,4.646347710992718,0.5102521371083115,-2.1946806853644665,1.4008792572496085,6.528179725237075,-1.4475015440399566,1
0.5657160088032129,0.10828204009422482,2.5298199714560496,0.9724499439867098,-0.9675060873867192,0.7563189406358226,-2.8810097982005423,5.102541448804841,1.6488224598099452,-0.12237298479157305,3.751262281825747,-1.3852871037292385,-2.8610982951910784,-0.6620921095298739,-2.1692723749368716,0.051697757598629046,2.4442818703060096,-0.7095594521495487,0.12094295123648613,-3.1500846581502073,3
-0.24873936544775344,2.009743478553111,-1.1077717216089864,1.4512573728731726,3.5671509479567636,2.5655622202043546,-0.4308708748973904,3.622254530829881,-2.9938349034950296,-0.9286441554651748,-0.7926405540031922,1.7778049011491306,-0.9968756531253729,-2.7316372713581636,-0.1707075290272967,2.5077392039614312,-0.8007628072265321,-0.477206022184578,-0.17279483194293777,-0.44141398501039586,0
1.3110883441523247,0.8105595829078678,1.6025089154336483,4.250870247238039,0.8505782188687263,0.20006183306625508,-3.137422374022399,-1.1478224669309824,-2.2722925903532936,0.370877903455671,0.21623485740063708,-4.097878732203542,-9.783685399742566,-0.05096198075428293,-2.7814359471550585,0.08233455947108215,-2.6330560840213977,-1.2507322884010401,2.2742841029634877,-0.6195640877754627,0
-0.7272505557323016,1.1196798548220988,-1.48612433433839,-2.1344896231714765,-0.45705376749464816,-0.6718962452415039,-3.2107871143391185,3.7213494233306053,2.302525229965131,-0.9686448863721446,-2.6774575627625863,-0.2754269462784156,2.8692476104896363,-2.5935057694464128,0.5952321687256986,3.4138341139412622,1.452892469411113,2.087720481677295,0.8823148636764109,0.7420867269236902,1
-0.7310841045075327,-0.6635827460895816,3.1416636353908807,0.8212831043364882,-3.63368918380102,1.179763381798567,2.121540361604105,2.6519886669844115,-0.6980335270395204,-0.15439277402181664,2.785885126970484,3.022074113746621,0.3023382216658419,0.06899672609992868,-4.445342873859456,-2.1036079801223444,1.2185220713596392,0.7604105018926068,-0.9722346162210582,1.7276068530495934,0
0.167285452454499,-1.8514320881120492,4.141115129324855,-4.90161511887326,-5.5104207832883265,0.6836678612285583,-3.761214540836747,-0.9968027626039389,-1.5077013398676256,-0.4743991613703914,-0.7108027816417505,-1.1093535387328122,-7.380498484888634,2.7702848861701925,-1.3061601227229818,2.4782991776926737,-3.5008672724838537,-0.5844488575066139,-3.5240981608447624,-1.2893601682067155,4
0.05516451846556768,2.9310185958606443,1.4321383978491933,1.6889160389329505,1.253123878893807,-0.5602833661721806,2.5997754251217855,3.838920833754152,0.38931271192103756,0.14737436927986808,3.9440463910523844,0.7412924488099197,-1.4735450308762073,0.44809426442421696,1.0727021641623877,-1.5576561773064146,-1.4621805078646926,0.01778874035591434,0.7274019588407259,-2.7800984709695453,2
-0.9400765619359723,3.6459413462629344,1.471313852766979,5.083581488625668,7.894734796625925,-1.2440115841734893,-10.769292786979841,-0.09961232872483272,-2.2681187134441294,1.7059709782777823,1.869992509803362,-4.281325507365013,-8.880236597950757,-1.9123675141099392,-0.6589271317837915,3.4273723352208387,0.48568338985137727,-0.17346228923435192,5.290346169305823,-2.061918700721047,0
0.1671120713101344,-1.564214495088712,1.838937632225648,0.0023600813249361474,-0.9801016923251525,-2.7412122319176313,-0.6324728001818346,0.6376013753755199,-0.4095632410367124,-0.22993543336592584,3.25532673235714,1.2367356668877592,0.20288831292063408,0.14090607945292555,0.858593664022308,1.0135949161660858,-0.4302336752317424,2.3883125148704045,-0.23075851388130575,0.7716033043570698,3
-0.3851990372930205,5.049514689320014,2.610460872861834,6.333173481939961,7.669791665344376,1.0542961460736011,-3.1123825678196497,3.5548593947184797,-0.9415806218865915,1.5131121538991341,5.587408290185097,-2.5404854832332715,-4.877332893403494,-2.3703873563862046,0.012772184818334642,3.882797205976828,1.9297335969937248,0.4852924671514477,-3.5966542562842427,-2.36627399979586,3
-0.5545275110498058,-0.9581981615842354,6.320828833086214,1.473789223143487,-8.512381499532095,-0.3567721026879102,-5.674620296206468,3.5875691964627476,3.6030055160340497,0.7882159650817011,7.4290108228723115,-0.5070573687213167,-4.133464658697675,1.1377626003206185,-6.42935155009001,4.196420517890456,0.5972157189210541,1.3215700931490708,2.8608862567061246,1.946123056215772,0
-0.8604851538880623,1.69180842156001,1.0273044771481317,2.342409219014934,0.1628000264054672,0.778985659983068,1.4345188170937702,-2.847174378716384,-1.2195571350505294,-0.6474563815229777,5.929165444096356,1.428079262388474,3.5319108946286266,5.334461918583326,-1.7190364465539285,0.34003648818495424,-0.000544981394384525,-0.17443791695544159,1.0009422003917556,3.1563700693417633,1
0.5818187679132188,3.2588309159910076,-1.2429361918784574,-0.009350684479973115,0.6552027062794377,-0.31854848905002714,-0.1772174389649229,2.119755707334766,-0.8450159950234923,-0.26239668898122903,-6.516248126765911,-2.909528050848711,-4.529716749376025,-1.9604731903293993,-1.48297622464722,-1.6457867715195595,-1.6513553371337575,1.181954097551536,0.3409461838533727,-0.29171177839260753,0
0.16949958375604593,-1.5244722436404636,2.4064876110041173,1.1222623026761078,-0.8277357906927667,1.656199105651475,-3.903661330457881,-3.2725942520299243,1.037984098508285,1.36701688224365,3.3600569237915265,-1.7577543455963995,-3.8098743296761546,2.417256959932834,-2.665478310391239,-1.1433970535296187,1.8628971707607946,0.1312679917282588,2.2539862412219236,-2.262438196741348,2
-0.5216987674946778,-0.43709196037495035,1.9202201515544721,4.123722407900572,-2.7761668685250993,0.13798880393880966,0.06446204185395493,1.4815537788637825,0.2344670396227213,0.5463509281213684,-2.756319540273797,-3.7613174613610343,-8.23630779678898,-3.860714296360961,-3.8171459048859386,-2.6233816878084704,-1.5139216226653112,-0.09301567407702215,1.1876403960400315,1.5807284947610905,0
-0.18888375749103034,1.2999354866992245,-1.711988972883034,0.05534236394622072,1.1488024788993478,0.18216936105429726,-1.8373960871612278,0.10140078746527381,0.20562401882197712,-0.24315506777920354,-3.3673990731879795,0.19926715471161494,-0.39693481124468705,-1.7972443790232338,-1.830498798969804,0.9855215804847741,0.9179455244173376,0.2919895190428795,1.952695267663242,-0.48918810031171767,2
0.898560836564361,0.00836466935474367,-0.1803964381823776,4.444379884641187,0.09141139963021432,0.09687050705253403,4.6324618629074115,0.5721148865009869,2.057081334395926,0.44195894069044134,5.2407908170879685,0.30952276097670084,2.116985238883352,0.4026976093238146,-0.9203247196971134,-0.5376270633059625,1.3950350463224144,0.5490363591351998,-0.6139804532936071,-0.6907889917229055,2
0.3303437898113395,5.1544151942718095,3.623393839828236,1.935873384128528,5.203953437633762,-0.16441185000741868,-6.3633192245806764,0.9525986421353072,-4.995387946987358,0.43864641475231086,-1.5271999540833316,-3.3237198933896352,-10.732202629973864,-0.9068724141090306,-0.8983691186320506,1.2336650231721042,-2.733469639363756,-0.8010534075329416,-0.918527291266076,-0.2133686194962925,3
-0.43298875638731427,5.106765032695913,1.3707930395710695,4.554403443462476,4.5909282929237225,0.359393420467794,-2.1371148287636075,2.2660283974250013,-1.858174486280266,1.3867936408265096,-0.9649867091431333,-2.509322714442556,-6.845150803527517,-2.928396027987784,-0.9602988228302812,0.11885246923547221,-1.6720336035118541,-0.44913281426556695,1.279591242635028,0.16407002610264199,0
0.5904023582183862,0.9113624701317274,-1.5757369867983608,-3.2676412685411034,-2.2140431670777736,0.9011798655114219,-0.0639564853156421,-0.9434109184657669,-0.8947829369936089,-1.522602919131543,-4.455775790163465,1.3231474275034154,1.962382855299467,0.5827570756248743,0.34268805296558225,2.1740332473666077,-2.87845477397107,0.48305243410380566,0.8828084878738672,3.340048159711159,1
-1.4727860701454607,-0.41469901228873773,4.02795633520183,3.476538362014475,-1.1168905860516336,0.29544993261616215,3.8811646062364047,-2.93254037401691,0.7690449829925239,-1.586238995016163,3.984992482834576,3.180881927494222,-5.961707741409085,-1.4800585108579272,-1.7798007958758628,-1.2085091336292257,-2.060879481395247,0.7828400298116547,-0.7384086704350511,-2.632112473203782,2
2.052948439459977,-1.0383487867178216,1.6968314150327162,6.104105476022231,-3.047674887411693,-0.012734156097016527,3.755312893624794,0.8932299401748408,-3.506563573039383,-0.29414256957527635,5.7827754222911985,-2.3090507018015742,-7.498360418132883,3.873647808830931,-5.122752688802844,-1.5872680610011733,-3.740099494785697,0.40139339611613956,0.6756731554189662,-0.3499973904103517,0
0.8473134257116071,1.1628123907901775,-0.8341962664045849,3.3377873862215393,3.4665371011126687,-0.26395544956231837,3.150285037373726,1.4143120030720762,-0.8148518639480873,-0.39604701749923366,0.5872633352007143,-0.7858428411604256,0.45462061067763043,-1.2393680538083323,0.4983483461313787,-3.3855175412842518,1.1717101926726197,-1.1763378132400493,-0.6173478790896665,-0.41715215509713777,4
-0.9249230203786495,-1.716107501391512,4.692590533741052,-0.17517718413318506,-3.9746021628450507,0.43798542235555277,-2.796475558117863,4.354361759764428,1.2849199032755327,0.5683900166935717,7.67134959529972,0.6113199559801876,-4.092524743238532,1.4156543993627586,-1.4924616864314428,2.0048992223980724,-0.25556075815520085,-0.6065667262392622,0.35763523170753486,-3.488801505392606,0
0.5945928416180896,0.2553314615665947,3.4285571096235996,-0.8592521224930645,-3.699661786705372,0.23964557488965957,1.0351862085505017,-0.8629314374508208,3.2610444401658274,-0.020641213396210577,3.684415882487757,1.3782432439085848,0.22607179284897785,1.0904848246879442,0.9907803893462362,0.2849911869228531,-1.3988446152842604,-0.9255423483832368,0.19289997288139438,0.6667989308502044,1
-0.502034343538774,2.5273842973499505,0.7776753626869137,2.4930079947506636,-0.14944009720608198,0.9622229352798737,1.6165990835252222,-1.7576919361113728,2.342468010211238,0.1682970306283031,4.6122783606289195,0.45249911614363125,-0.36872510101189215,2.609078845330117,-0.7787769583111588,0.6682241923269108,-0.9913580057027913,0.18446691873209575,2.4287747968010183,-1.5020115368271383,1
-0.24654945493027114,2.007392469768604,-2.449414863994682,-2.2871905490567053,-1.3345529562519522,-0.07024005097808525,1.7991880324265788,1.6069889667938457,0.9269664052190938,0.9421054703690607,-3.3827194227757107,4.696231961447355,3.348199668750093,-1.3083621123624192,-3.4084752202401787,3.1598987501992384,0.8337485494495094,-0.9034310944593489,-0.3093854011865007,-1.330416822957096,0
0.16848457166525754,1.9449926502375054,2.23055759404038,-3.3799578952159575,0.708089420195113,-0.6286228165629552,-2.338940292732514,-4.017566740383815,1.803450568137332,-1.4506905531018504,4.407143578138199,1.4623132765386249,3.998383832608646,4.997905938653217,4.682317917416148,0.400158871341879,-0.9758586601595898,-0.7469458409261024,2.2859090145910823,0.612325095070773,1
-1.7385661777233463,3.0965151970020264,0.9471415003102696,1.315214499850792,-0.45770244573678726,2.022608221106037,0.026104712518216,2.298701409647264,-0.3830582757738452,-0.13732293077360228,-1.0178591055423942,-3.0444337418395637,-4.943736771422891,-0.2707718062275456,-0.08087142923692736,1.1066240282140578,-3.347349094715163,1.4255739081662329,-0.7464146190485217,0.5781848454879682,0
-0.4622637830618063,3.2192773323420747,0.2830052549945068,2.2479055151501846,3.896617283747397,0.66863583518759,-1.3938316356306473,0.1607049814410625,0.639266916755298,1.1032323861215487,4.770477743994866,2.5075986425502848,0.1412667231876336,1.0513869706076409,-0.26667917615611403,0.4414639274740736,0.7080419784239793,0.24513021353005762,4.931927691944422,-3.5560939052232126,0
-0.11879900747216757,0.6643119642820878,2.001109495103348,-2.384744626269641,-5.839327667287438,2.3129106297608737,0.1630365691395168,0.1253801466607508,2.7348739773070077,0.710308329943784,-2.557633924661522,-0.0224113283015851,-3.11668844197225,-0.3995518166193377,-2.1570444927053,0.7912730015815035,-2.216611224142432,-0.6197872470460756,-0.1755267732480097,0.3947972079811042,0
0.8743035593304357,-1.0025083724491402,-0.9188565569219901,-2.229747416907534,4.016134450289665,-0.2785259935100543,-7.5355548488987125,-0.3930012375851606,-2.4163985742199916,0.7822662040883062,1.1028491718438855,0.6230859447070782,2.0190356494159674,0.4899581882843853,2.921363079077416,4.817431532470119,1.0756490633275169,-0.5734975834412411,1.8511664792113054,0.02244302378913865,4
1.6434330340433165,1.8145530408352126,0.36928320584030905,3.1541425416467237,0.5659915533295065,0.41982537946983184,3.3478887972659948,-1.6585635771757672,-1.166266856246088,0.0877713204927788,5.478043975129544,0.9801845302571738,-0.9783400866925334,4.450067376054852,-2.2784607125873135,0.26823750869479535,-1.3108713267437127,-1.2445609787731822,0.07581812883795114,-1.7940616385143109,1
-0.5658609208476936,-0.7999191300710937,-1.4048722199547816,1.0550497316020786,-0.30580406424428325,-0.5069639536957192,0.6020024182413617,5.686162575274315,-1.9553418637199673,-0.8812798813350062,5.111634309159075,0.12386571382656575,4.377852752610312,2.288658491125929,0.4083339946081611,2.412970656776288,0.1616724192371708,-0.07635165819076954,0.12440625859690502,1.3963579845350322,3
-0.7515103168547964,-1.0566249876064253,1.4177355731020747,2.0324498318805255,-0.6194517996023642,1.0861646626890535,1.9760536141803633,-0.5012213201738074,-0.7629367041927224,0.08619527774649824,0.7457189637895274,-0.4607015787181795,-0.8390312343878583,-0.685567809879865,-0.4993243070918735,-2.38322172458078,-0.07773994048033195,0.5331609240494386,-1.1626183826589538,2.2468762271217413,0
-1.1241905157208945,-1.2141075484538852,1.2061368222396722,2.2764613391117425,-3.398519358547432,-0.10855462162592926,3.379957908480686,0.238512946221335,0.5215712605590486,1.1295805328737183,-0.7567837918417126,-2.913353351337278,-5.699253739858284,-1.0549814704650138,-0.8853729814888162,-1.7091145381445372,-3.01087261638051,-0.5910296870870915,-1.6011318472177671,0.2318964177208842,0
0.3192451130125196,-0.4604304982708807,3.331998951329341,-2.881923280930825,-2.7229369758819004,-0.4390770615296969,-4.6606970751719965,-1.0659158510997124,-0.6787527492876182,-0.9244843153079983,-2.1687567789021998,1.6883053268074186,-0.5805289297758991,-0.5932584115577324,-3.287237948141473,0.20412808353306477,1.6522767996987122,0.6189903292538252,-0.3008828492428106,3.381786075448926,1
0.9570739876364706,-0.723403149831573,4.736067070772666,1.2352295010305263,-5.9636289398182685,0.04730647002417452,-3.785271675358106,5.659179699753953,0.2659499777206149,2.3211550519886948,2.636211510497655,-1.5016955312289562,-8.843679362750093,-0.8463167158248832,-5.638580721603127,0.3315409916218581,-1.3631169233136298,-0.621164001993346,2.364850969641862,-1.195990328275431,0
-1.1608584019964325,-1.251832275300037,-1.3886560935874863,1.2604883152992692,2.37662531942611,-0.8352470621876973,-1.0701984858154836,-6.157416578450492,1.6684312894696873,-0.7000702516112512,4.491666328430537,0.9795220315764426,7.777463448039465,3.450492487478815,0.2830790877204561,1.4294355823701266,4.5702140415995185,1.6245849793808549,0.8010278971503075,1.7069341649174548,2
0.06120700396727197,2.2558425822541057,1.4298390196154216,-1.6248044481352926,-0.43770278391472756,-1.606116285792213,0.7952971174487592,-1.75853377168131,-0.3688078125263381,-1.629881844350685,-2.9229899151584817,0.9942436505650518,-5.690012148287939,1.1647784511516224,-2.396162155344128,-5.046026880169444,-1.6011116037324395,0.3522553289035765,2.3431036516980708,-4.329693738773897,2
-2.00717602239727,0.41228378128846876,4.432435040358227,0.18304829059777206,0.7349712283511908,1.4714608822457016,-3.7399452671669104,-4.13447934041005,-1.5607216779644597,1.318115670750878,-4.373306809539044,2.2513368458283716,-5.628122741396379,-5.290179510480738,-2.778070551418347,1.2096807509675207,0.4322394615472729,-1.0702450537354926,-2.950029918074499,3.1207669697041176,0
0.09195528662964923,0.7352990499840257,1.3120441414946225,3.9812947359266877,-1.158671531749174,-1.9777174890085756,2.1671279814950464,1.9659625692873464,-1.0784037669325488,0.8755257497423468,-0.480221917712659,-4.260618724531888,-7.289886177816577,-1.4161138462561988,-0.4089291552034343,-1.5680998021213084,-3.9624164089735143,0.39357617379917365,-0.5705074153221856,1.154102541682417,0
-2.5792803977882994,2.665274969245975,0.58586379214661,2.189545244885416,-4.753671424639866,-0.38024276460287726,-0.002743458174590907,1.3545370395398266,2.849283362343459,0.228640138880106,-2.046292986482507,-5.7912908035585815,-6.03691659121923,0.13108868562172882,-2.16483988568441,1.3292450478158466,-3.9709168241320607,-0.5177763756294582,1.5788507327073562,2.0510007737038136,0
-0.8880270903243329,0.8636196667403913,2.687631508253961,3.9025852666403797,-2.3559243155490917,0.7848947052772758,1.1268179025560625,0.8933355683291551,1.472015286165198,-1.0011286652925795,4.8793008664865205,-2.365858019418572,-2.5413077771529724,0.7288773945558664,-0.05323840670305069,1.148613984071758,-2.404635913723478,1.523130007210715,0.2985865609250169,2.65115285845432,0
-0.6181531426624772,1.7254061069226188,1.164041545328872,0.6566978390948734,-3.804303825435385,1.004668483096575,1.7267127706976562,-0.22980552369214924,1.620480628512471,0.9945420009003302,-1.9478333095890772,-2.803462188860634,-4.530183082552591,0.018042367436887696,-1.1104864633931373,0.8693409640990537,-3.6044485220476026,-0.3844408369092258,-1.2246400115450218,1.4244156266129324,0
0.2676150584813635,-0.6079261067308632,2.5115947599053072,1.5071290514242328,-1.5557937789984748,0.48476982860950335,-1.644268157083476,-0.872113426253118,-0.3702895341206518,-0.40521843467467134,-1.1840201183659693,-3.2691030453703545,-8.978845674373307,-1.988389028725511,-0.27066447297497664,1.7313923519780343,-3.4765673977902476,0.9957861202844919,-1.7575626888311007,-0.40006622982129714,0
-1.861362509644968,-1.4983122712341932,0.2852806588357579,2.6469079970655693,-3.9263181925497648,-1.7350163759061459,5.769625318469147,-1.6140464681766764,2.4714920517489967,-1.2616957149612238,4.446577044553899,0.22402406870272396,1.2126429813836057,3.009473492170045,-1.8537758195242588,-3.359473871179317,-0.40998672950329984,-0.11327582556141473,1.6328258768268995,-0.365906002125285,3
-0.48473237819297565,0.5448959401703348,1.7670301023725066,-2.6429248265550394,2.9739459464890134,0.5390357454589975,-6.0507419055389615,-2.017120940839517,-2.0677516500158872,0.9987894719666116,2.1249019181673785,2.596791040542481,1.3744017118529126,1.9671897711206037,0.8916980904017899,1.8776933604510093,1.4658001791906128,2.0409470601154904,1.471242451279558,-0.1803670028830453,1
0.10500721489213552,1.6428683358325091,-0.06968384733427735,-2.3203980348993434,7.870335260631797,-0.2772875847536523,-11.59756929837738,3.2438697892454593,-4.203445848732368,-0.41991432231524006,-6.235709468239129,-2.601450283151901,-5.346651066078814,-5.599149981747558,2.5096651455623373,3.9800181770990752,1.6692445632229003,-0.7103107481262934,-0.8728614529353733,-1.4231973965497828,0
0.7143781072870856,0.723780899621361,1.9214013888196182,-3.1453770358932176,-5.852914604755665,-0.52305623892149,-6.737625284806332,-2.2203358686691415,2.3158696658728872,-0.3485174659598175,-6.712234590831413,-2.8245618575701816,-3.546049382645451,-1.2072903976707179,-0.7583927161842192,-0.4742384093193268,-3.4630705627789955,-0.135854897092692,7.568355165235292,6.4183433773427065,1
-0.4030475738036685,-1.433153069392176,-2.239826946274688,4.913542946629228,8.31051105616147,-0.6744937059980538,-3.9450271872303935,1.1922235006710957,-5.522370422697314,1.3108417805330126,1.165492707739949,-1.288468790143529,-6.167978174913836,-3.326588011470941,1.7446560446127104,2.0138475393177364,-0.7882579436975656,0.957522128412558,2.57592740020519,-3.894879246519346,4
0.67893715936758,-3.549251841068088,-4.324922224848752,1.2444089275039363,-4.513116609826168,-0.39431798081428227,6.152621754862589,6.1147592491403975,4.032139046251782,0.015257004077315405,-0.6680310875154926,1.8747951294156229,6.4294009881324055,-5.072232046020096,-1.2925311657133247,4.196163829747605,2.0736251755298443,-0.127525354538171,-2.9499885542774305,0.23623954071654152,4
-0.7134814418575092,0.5409708138493315,0.26537162444671747,4.398245945536066,-1.8334225021195738,-1.009349767949633,5.138403414607013,-0.5736769130226489,-1.0003778648238906,-0.4099769046306029,5.015474039614804,0.37795377954770804,0.070773087446279,3.4010728227550944,-3.4714625382610937,0.07463763364657006,-1.284566310057016,0.18663810314277643,-0.838275692258232,1.3740217966249544,1
-0.089651660031252,1.1564414611802292,0.4431452762487539,3.139855460843113,-1.6072108744326783,-1.6242881386721841,6.0574005533199555,0.930862908887724,0.23785124302426164,1.267229957581224,2.1431441554972017,-1.8784373116676267,-0.3405485128391483,1.1587093769335066,0.9256382214507153,-1.597423661251797,-2.9862991067224094,0.4215701259235129,-2.014694558396035,2.4489240584579477,0
-0.49459656812533187,0.4799276573740493,-0.3445048585008459,-1.0245603332247408,-3.2523218237384817,2.3069441253953307,0.5010101752926945,0.686605527602963,1.7223153248470657,-0.5679308850113388,-1.1775634882407875,-1.9162436321489738,-1.346942465321287,1.2749757517956821,-1.3017310644063544,0.7859737367948372,-1.0836299146680821,-1.9768455703926857,-0.39242531164393946,-0.6192253630724667,0
-0.5595634660696852,-0.31042275007117404,1.5527909955743087,2.416795092734824,-4.846395129511735,-0.4820125986306404,4.5030690770748425,3.458835965755296,-0.6795458663357923,0.8529183421236263,-0.890233154795109,-0.6598122714407915,-4.784765373402746,-2.242155267401518,-2.754398217585397,0.027100491039418695,-3.7245843884369187,-0.572595236407886,-2.4285273168156216,2.3008197989331305,0
0.37870195990775973,-0.2199059603416481,9.009603579870445,0.1887046479949811,-3.886946049150595,2.526082952921034,-0.2946920812131625,-0.8744060752044109,2.834544237534045,-0.5764648992387994,7.995073700465523,1.1283995940663014,-8.812843322600056,1.7733663745556698,-1.0976141516532971,-3.303099286185706,-1.2949302674899887,-0.526167248591328,-0.868667722445979,-5.2243170244650345,2
0.45227960755954477,0.8821991178722717,-0.8986610811724998,-1.2638991740978884,-2.2497310380182354,1.0717847351124632,4.834548988847171,4.618345060189156,0.7681185093097982,1.2189414878978704,1.3197600782419452,2.308010322969214,4.494988208641773,1.7506750623164864,-2.1593182363748156,-2.1959425345964645,1.7293282269586845,0.9181245966034564,-1.6263990977801526,-1.61309300779459,0
0.7119749404149304,1.9717345520181788,0.20042138003840915,-0.3851481652728437,-0.5282614138559298,-0.8274152140858166,-2.9909082940252216,-0.5904427962929475,0.3165647311886439,-1.5047132730263943,-2.275416807903,-0.12279185971515783,-2.9684924249838684,-0.3052101355913006,-3.3065084655272154,2.1598846662328786,0.01855647767020696,-0.11042952073576444,1.2056474421845957,-0.7736074924805305,0
1.5620123769592555,0.19268772418189395,-4.383164301887444,1.2004566117601556,1.8289096272721757,0.9944984014120328,2.1985235691520355,-2.075579241273191,0.36982628338907175,-0.4351306900317832,-2.9149942111048,-1.1921810907348895,-0.5462717598994606,0.0833133631738252,-1.843634116397773,1.761484988578873,0.8873348123647219,-0.3311169587046795,-1.597531873233529,-3.8799391655274023,4
-0.40720763851718617,0.14575183192599706,0.9203967419384174,-1.6465848059558337,0.6587569443695164,0.37971742685301374,-4.281363292838692,0.4906990817669937,-1.2132587098741285,0.27101628024055385,-1.6753408970932462,-0.9559154812449842,-3.232660984308839,0.2492134443671522,-1.1183658921149648,-1.4717578236230344,0.6859528695998844,0.5818994401832946,1.8601619804349525,-1.737456962685535,4
0.2934996407169068,0.9427445246876888,-0.4077527246134236,-0.539372960531415,0.02516317145713692,0.21497274266798236,3.042705421606896,-2.266729381646308,0.42833510737035996,0.5040272471616077,2.625151850608211,2.484490247353013,5.005852559340719,2.7441108745863385,0.8712418150206118,1.896880439617116,-0.018281430691584166,0.16994187491759277,-2.2723383051961026,1.2144185567298322,1
0.7170790290656974,1.4405588821617665,0.04597472873108521,5.243148320150594,3.4929053197675177,-0.2829038616022471,1.6102325174667986,3.7705075026519155,-3.370468689595206,0.934970358025097,1.2179389712363666,-1.8475604977433993,-7.001326948715017,-2.3958347119936905,-0.06016450358140657,-0.7705078667325849,-2.9566140547684214,-0.2777353888664926,0.43911498474874644,-2.0196791125739164,1
0.3419615133919022,-0.4531167848796729,-1.5214355082092057,-1.5999556531812782,-1.564829372554011,0.29675180170193316,0.32137653826223217,1.2845110737507561,-1.0122178323847955,-0.7883441262403214,-3.3976813540551896,-1.2633743082738498,-1.634716707618363,-0.3550553125628285,2.411219406590945,-0.7794756637247706,-4.194536901790916,-0.6181522682818296,2.9218373385198926,1.0276354261369094,0
-0.2558311149458504,0.8341312946527507,0.05590908991400356,-2.1457744234116265,3.1161126723934176,-1.5514110756597728,-2.935721495593693,1.8871238904206054,-3.501925891594438,-0.36468311697407846,-2.807792935515536,1.6083117632080923,1.426372057095224,-0.681705973105383,-1.228062165867967,-2.251597699005262,2.8917469680854007,-0.3428299609297368,-0.4650817636093507,0.37431283020485295,0
-0.37643681196459466,-1.4437951137676373,3.319335479523285,3.8775902309894326,-5.434445251638319,-1.1553676051924804,4.791262846005673,5.822706032114753,0.5885821246798941,-1.6540563056332669,8.071174921353252,0.6123037497911059,-0.9517938572819874,1.6074762878863482,-3.4006811579648044,-2.6085703730754894,-0.6446162046655218,0.4303070519692193,0.39190593030414567,0.5445297099649616,0
-0.42449336431905216,-1.29190501332404,0.09023554307812298,0.5156220627420336,-5.249801608781457,-0.13040223045252228,4.811187934553909,1.4080700685401197,0.45311251831747734,-0.6267030790475168,-3.8732794177745333,-3.2567660926920987,-5.518424309293515,-0.706345277366346,-2.2348358794487915,-3.544473659581204,-3.0144296897367004,-0.4027261558117603,-2.047561984267385,-0.23943981112056112,4
-1.1128396862784038,1.2351676729386607,-1.4076844323764794,0.9434142154311842,1.089918869963599,-0.2808459210763118,-0.22681511716123556,-0.4337150590147998,0.28618440583484395,1.0788216605529342,-0.6609919797185763,0.9707319080101848,-1.3400065715905236,-0.6257336143104135,-1.8379024503282988,2.0752839149304876,-0.011561905897484293,2.2561311040122507,1.1749408218408628,-2.4445469307524137,1
-0.12930238498704855,0.8620666865229967,1.4618133717523207,0.4536071507058065,-2.655631201843305,1.830104040519602,2.9435876178257714,-2.0085653729765083,-0.3368019188627819,0.14943586508308748,-4.562473462905629,-3.2172359530523535,-9.619330707821506,-1.6169414448158812,0.5412598900963299,0.5296749612686231,-6.40773812980298,-0.418104469572192,-3.736163130157573,-0.3928317805597048,1
0.5569230165083673,0.1298314518087227,1.5176780804604655,1.5955120339453024,-1.4326406942835126,-1.0694351753515674,0.717338168643493,1.2640204559124324,-0.05038951366440636,-0.379136695114581,0.2731963665494176,-0.40411322285371654,-4.241328391613087,-1.6974822305895492,-0.36406210303757136,0.11521717632055628,-2.534335999906519,0.20238350198792382,0.5360448604683774,0.14554378430519477,0
-0.25324339344778524,5.24418877879939,-1.9517221701180167,0.3813639891436774,2.5692325916738454,-0.3388190375890879,5.391168425931995,3.527464345680641,0.9287046281564102,-0.7795320134179516,1.4514672383345624,3.017316984694329,6.453259519480923,1.000484657073359,0.3062925006457562,0.2546736180295608,1.0895036746108668,-0.532960601735936,-1.8953364233501797,-0.8233942891550774,0
-1.164847050796709,2.615188839148926,0.6215463187057151,1.7775365061943114,1.705629435069086,-0.8539027033048113,0.6575880940671317,-1.0083789008604203,-0.44042940120920493,0.9284313052697122,-1.0842680456666063,-0.8268461477317406,-4.542568490742532,-0.8165886660712418,-0.45668325914622243,0.11721678325937068,-1.912978972709991,-1.2202119209380877,-0.4830009238959987,-1.2856434506126815,1
1.5347775976944225,-0.2662519189199486,0.8657090986723572,-4.96536134695635,-0.3337907312743072,0.657761203944672,-6.484723239272034,3.0750610825728875,-2.048815583801343,-1.2160959049742,-1.6703724297863474,1.7551218155651642,-0.01051731666689617,0.2032425630335064,-1.783057077378964,2.935068539837464,1.9862791721489157,-1.5991421051070394,-0.6974610358716125,-1.3332015459257915,0
-1.6419553479546845,3.2047927522779815,0.5511322630403073,5.0699632761013715,1.73465120910328,-0.9386110774725654,6.49466334141145,2.2605219841361794,-1.7745991595858497,-0.7628380650254947,3.2520325698758015,0.0547123731502972,-4.95220411121406,0.801258701642743,-0.4570889655791016,-4.070001822547397,-4.0121598916020424,0.7000549035541545,1.5453724374523041,-2.705543794576017,0
0.5700019412929034,0.82933940886679,0.6624506841504049,-1.3796071015716165,0.0905372907239612,-0.22561837152864644,-5.165898468569006,1.6233630603329265,-0.8419602050822509,-0.10328818343115523,-4.4925315041983325,-0.8502897465876074,-4.781354109591431,-3.092645008935269,-2.1622449309569536,2.2844816724101817,0.09749427647843789,-2.277721405935463,0.14896711400234697,-0.6016384922338752,0
-0.32619014173094096,-0.22775096845371623,1.802576603569249,1.132143980945027,-4.469941501862538,0.11209705918121807,-2.5457046555103164,-1.0128669124660314,3.2773794209202816,-0.04989926938503066,0.570562611252799,-2.36176483489432,-0.7459459542812916,0.08302317777457469,-3.235576697791967,1.8640895453205641,0.9493939331313199,-0.5360014635746518,1.070882095638277,3.455207433376104,2
0.4288445484125269,-0.647032313690237,1.4421122913460445,1.089995071631835,-1.112241345224827,-1.8630039475308429,-1.6039491853921657,-0.6054111709230081,0.01730124481852191,0.495005745754151,2.2956237501451544,-0.7876511511927441,-4.020222289406862,0.9545173064683941,-1.0143014765803875,0.5051748043710762,-1.3284723292069764,0.5994445248268956,1.9255625446695066,-1.4871499840791658,0
0.1569265012539441,0.6947485369977434,3.0504935230969266,2.27407354033285,1.887332307589064,-0.11631971586511303,-11.074026511031123,-0.4026709226053329,0.061353707500179766,0.29241854743511353,1.185026912479657,-3.8844851244736285,-6.929176127449603,-2.4879794419769237,-0.7450055452428801,5.590404450496223,0.24165886284389493,-0.03956983884379657,3.1603366810787636,1.465632591376619,0
-1.1341656413373087,-1.442464760687463,5.224445727872627,2.3954887980891852,-5.344530608248072,-0.5253575550286884,-4.0697164608083565,2.224771145984721,0.5721804059497952,1.4693141936566227,6.4928362597104945,-1.95682442203948,-3.135919019535817,1.6992461595167279,-3.3931513016035093,1.3623373131357308,-0.29105243789632185,1.1480780061863713,1.9604431038262846,4.117569598238423,0
-2.0824007059021814,1.4895335630635715,0.4368648078629287,-0.7171587577359124,1.1145137732604802,-0.02037145790291696,4.449332746436153,-1.4368191856182206,0.8862039721888658,-0.6366824837233288,-3.580786726116324,-0.09618623768663226,-2.8247486818974172,-1.8645646167371868,2.252663768687242,-3.7406630405503822,-1.6993843382535405,-1.3821519397216522,-2.9563984862911727,-2.5205916539929385,2
0.018772721341306434,2.8379790807605154,0.4986580296939209,1.660095303138342,5.334083994162021,0.448876542408239,-1.7722119275103696,3.477614103705298,-3.988898394981518,0.7854587950717203,-2.0586084711770574,-1.8506708366944156,-6.809048467138177,-2.7691918189230806,1.5411759210912273,-0.618553104083103,-2.2212406757748413,-1.3140442272037194,-0.7381044696538346,-2.281350385423795,0
-0.3681076650607013,-1.3640608068471076,-1.7496759410112304,-3.167705274353582,-7.694077568020859,-2.194671679382774,6.011975329479749,1.1769305767894525,0.2996263964133239,0.3252652041761747,-5.098569618503075,1.6223302625559635,2.6084491002430013,0.43303805799867057,-2.281464163822833,-0.3931408052391647,-3.108913559513759,-0.7990297240388818,-1.7936375727229432,3.748321743686887,1
0.8864755616767508,-3.0359077026572976,2.8271195379020995,0.10777118954916609,-3.302315278055991,1.3852626027871713,1.8667209682078223,-1.5396046765699394,-1.8947185559425317,0.6962359342271458,-1.30370517392045,-1.2877821605132207,-6.286248824182722,-0.7569387371811812,-0.5933818480244035,-2.1070025344678416,-2.8870582406591536,-0.43532069856970995,-3.5150984500165956,0.8574813013939241,0
-1.4861949214189885,2.5008319320502466,-1.804552632872792,-2.2760943639962283,2.640188712825391,-1.8720249250550964,-0.3774459312994304,-0.29723415364678174,-2.3969916008823966,-1.0680260433691868,-9.538010928249651,0.2953544877910954,-1.798145603117596,-2.963462305548757,-1.872489430610048,-3.068972120408484,0.7592865002084808,1.2551268787366026,-1.0630668742593423,-0.22111189903698114,0
-0.8427976078085702,3.928335515620158,0.1823393821190482,-1.5659948800705852,0.3103152312220565,0.6363688547798483,-4.830241564016022,-0.5584475204005246,2.698637548401137,2.5428964457436356,-4.9655502506209475,-0.11779894951875292,-2.787068656908198,-2.7322878923360516,-2.291221875338385,3.1524055082070386,0.6070597534488258,0.5303228814368888,1.9015666035553989,-1.055548637592796,0
0.48954506214655863,1.6214221223960918,0.3637410831850596,-4.346284885394421,3.6481973603030933,0.1751007550317895,-9.559357625679974,2.314071399030559,-1.2231255656685964,-2.47446165833032,-4.870820740537618,1.1112609649880083,-0.4584254592931997,-3.7764996004190112,1.1543945106003084,2.875453848308469,2.081411070543633,-0.32770882991310246,2.242414881691839,-0.2514867427065681,1
-2.22569847386997,0.8438448346462033,0.46868342424411247,2.193427993160023,1.7901302490875222,0.9888247717224872,-3.0156925893718634,-0.512064074074462,-0.40433621929055596,-1.605699780470328,1.0407130349111737,-1.9838283124700484,-2.9574485944168765,-0.29880025009523425,1.504368470419839,-0.37695666045170584,-1.8542969816650419,-0.7941019854503925,4.922382809940057,0.8118351922778568,1
-0.06512535691024236,0.4203885223134046,0.10722336367616125,-1.9219218464487278,-5.851786555325683,0.264457777444623,6.510525198340486,1.043025667289822,0.4900230522197042,-0.5793081410981639,-1.5251659161710869,2.4306009832920727,1.2401786007356053,1.9237579312185846,-3.716059178750698,-1.3372274163007027,-1.483671779514049,1.7325889435597563,-3.2453644927340166,0.48083864810570454,0
-0.3551096540513208,-1.8482568515305258,-1.9250922222282436,1.9679622667722154,2.820159644391923,-0.2396816123317647,-3.2249393551756396,-3.744223756459644,0.9219341222811964,0.6791273336702232,3.8822350675397397,-1.371250744233054,5.263725159111881,2.675033244777987,-0.47398146667453034,1.569889855536263,5.028996860625942,-0.38728098885823053,1.360117979169761,0.5418102084390095,2
-0.9025208390139428,-0.1690392717818534,-1.0730968699734187,-3.0665075514525553,-0.401400207873187,-0.49398062965452055,-1.5897071744553009,2.161556011285729,-2.3628646971329426,-0.27659807959742916,-6.6564328830139425,0.4955065938776855,-2.7739482187242546,-2.772574326781146,-1.8798468619198259,1.2557816976513625,-0.2961364761415295,0.711593538024513,-2.572894811352927,-0.9431176813810964,3
1.3028861701475567,2.1872352345648767,-2.407715249670904,0.36623784552389105,0.7854565493578011,-1.3681679306909678,4.576957655625135,0.41226777919728397,-1.9995661854490439,0.8982131769939393,-5.574918929307071,-4.516712515467301,-3.0375833063186937,0.48024146391793265,2.2140761050806357,-3.0495791563273724,-4.277705128664246,0.7321628919054022,-2.3786655273779567,0.9668531950545818,0
-0.7778915557806669,2.7837191618546857,0.8751197326353407,0.7443414212592976,-0.027379536452877273,0.7457470574309127,0.5692839623504702,0.9774687789362675,0.15732089641332547,0.3101543210212768,0.18116457958165766,0.2902753276791399,1.3774456707272107,0.23013765391095142,-1.0920691270751792,0.046626299521076664,0.1539309082839131,-1.3262640374766095,-0.3885937898155155,2.632764496274196,0
-0.25445846357591556,2.2720104430564234,-2.316194431812125,-0.13123341132563304,4.097598929438237,-1.28564246083918,-4.8543889910300555,0.7424538513976127,-3.641322274535538,0.6527957835644723,-7.518350494928775,-1.8540638007554668,-4.92722785601514,-3.8522412784508053,0.4284700431982258,2.4882980897834894,-2.4060124304909865,-0.7351761285088744,2.008746296165465,0.8727595497880982,2
0.22515969346400055,3.4326888935145017,-1.3273380727169242,-0.2463194756532474,-2.294521350520882,-1.7284530384221535,6.150587067587389,3.0022304045742363,-0.6577473761854953,-0.5713519767967743,-5.521895116565921,-0.9662479886659433,-1.4794016042726204,-0.15653395082793897,-2.3367791908821554,-3.7178398362663647,-2.601801125687736,-0.07143298874365092,-1.8978246641601166,0.847029865176086,0
-0.6686488740184962,1.5191448085356063,1.5206528317288288,2.461356467220095,3.6358920955206253,-0.09356163618724354,1.9107275374847665,-2.5876725029820458,-3.7736280740030437,-1.4128595963548467,-5.021064953330403,-0.20926308517376668,-6.540108913499718,-4.455292854964691,0.5976794060341895,-1.9982528354164522,-2.8404611121928083,0.9580677195896263,-3.4975359651586975,1.8664177006097717,3
-0.4917980686959597,-0.25262027820933675,-1.3147944034253705,2.5584690300807194,1.4841342866516287,0.0025098098345004856,-0.9086256043063539,-2.621526095309763,2.661046428298591,-0.9359817268749496,4.641709094181847,-0.09988995282385926,2.9281725423146834,1.2720869545583313,1.6807064641905058,2.4408492663992902,0.6582681767870098,-0.42658260281317845,3.9884830301121226,-0.39118412972370586,1
0.40564851278524255,1.7766529431325209,-1.6270868878581037,3.3742837013792544,1.8532788742355255,-0.7921409983431607,5.197322030525199,2.2724627877062966,-0.4786677177531258,0.7579370200416324,-0.8296661721283739,-3.131679709010026,-0.8028412203804135,-0.49773393928534393,0.683648733025858,-3.411619914067413,-0.7018669397647261,-0.5310323596109858,-2.038168452686836,-0.11998977624250351,3
-0.3576258936813258,0.3825492501930058,2.41407219932438,1.4151925540522616,4.24476203002122,-0.2287160073639607,-0.7154375659121767,0.6341906565967101,2.302409645840339,-1.6205542805499977,6.155543447607838,0.056039513142664976,1.0717809977338213,-0.6712000281324859,4.664868561917661,-1.306045856225624,2.3455249840174117,-2.62599450735537,-0.5704153424798766,-3.229913037096937,2
2.132645531703312,-1.9925049811297622,2.1997755084759314,1.99728923475597,-0.5330179040199128,-0.22165148437435295,-5.631028313492491,0.7459563921389496,-0.9212802935149842,-1.1566082498683836,3.6290744609555903,-4.81569568931595,-3.442738998566194,1.608608749125204,-2.155293117718151,2.143501313109269,2.182851609756831,0.42726512020058005,-1.6580143549085697,0.9370837442740387,3
1.4637518030426806,2.654596788256957,1.9816866614318456,2.8238403711022557,5.769873612878267,-1.314744357078559,-7.513607791555832,1.9908812623942143,-2.712814321411522,0.5018095249542994,2.06175131930613,-1.8645338348536638,-5.013760832743378,-2.0897584793456554,1.2504539724471977,3.070835303415093,-0.38518665355557113,-0.03846439050330999,2.524321512711481,0.214802565836,1
-0.9704307635569106,-0.8325455815243348,1.370749783672919,-1.9862546902876077,-1.2349374150476864,-0.46814028550856523,-3.6482353781929655,-0.5127167606198733,2.101759121618075,-0.6857624975198435,-0.4099179388378481,-0.6728876192424362,1.0925191404198553,-0.1795077941633738,-1.2348529859294102,0.48998450192400855,3.4429978259754095,-0.5096326558879345,-1.060284959364136,0.06691653378931428,1
-0.7050163757526768,1.5025140989212122,2.724306005183905,7.541390304183549,1.543860527262293,0.4887986414030439,3.7641564678359707,3.6879129513757807,-3.799160808497118,-0.8028382337226675,8.009690939834911,-1.445927843061463,-5.988026093088631,2.0180743190639903,-1.8296672309954527,-3.2080995840949145,-2.952898340238449,-0.020566058960239518,1.2289024476492671,-0.4667606461106193,0
0.5077243841498703,-3.182690363725241,3.906982014018415,0.6874474833231992,0.30313559584966365,1.3632432582414573,-4.1660355015668085,0.31313451419683913,-4.351769545572203,1.0338104350860065,-1.5104633775808123,0.19159139195045394,-7.3378992230582885,-3.3684556169065054,-2.702730193645535,-2.819015454291403,0.6332242343249368,-1.13156945929172,-0.5807839348858483,0.5486436906185858,0
2.2038520971122035,1.6569870174910495,4.514405805251807,4.548537207512977,4.672212246633818,-0.06494490837797702,-7.121491857407612,1.717170021319033,-2.7395755748028874,1.0648809812421383,5.362752891950573,-4.065526486739966,-7.831012038241402,-0.4151095862648362,1.2832736142444707,-0.12173107603172717,-0.8486941552527176,0.026110352955185868,2.79683672278898,0.2793669896694335,0
-0.2636442797444125,2.367169685626104,3.2529878365035954,-1.8084572925194733,-3.0279246905074735,-0.21682274209381536,-2.2219897964900346,0.4280328785399544,2.9097322646724546,-0.5046947732222363,2.714511270361775,2.232117928396263,1.1271547685564594,1.266869384979672,-1.0421831322918063,1.681655315636775,-0.12026568927660175,1.4446619016378741,2.1006762844354956,1.1064718737754164,0
0.7171100948669109,2.1163305372983334,3.254947742446377,3.2072246601869243,5.444939248339706,-0.4126085743479162,-8.162462562264265,-0.439765757573924,-1.6888985034734922,0.9168088958838817,2.321494330608153,-4.032555061216086,-7.501538606234993,-0.9375938885507635,0.990846038724255,0.032464757540131894,0.17662462940426193,1.0301398560825816,3.19469126751249,-0.8928933958618659,0
0.7669429412022003,2.6636708369557116,0.7981800797267053,8.140341643079246,7.063490170866854,-1.5040655918735732,-2.195944257155564,2.8552233707415113,-4.251869633855193,-1.3819808987131919,1.6890592934116602,-2.3314133735083553,-6.984909456380263,-4.873761019944437,0.15384066908638316,1.2944658181948143,-1.700072470536587,0.7364137950565769,1.6525627019614597,1.437711868801649,0
-0.48888208746321704,0.906653888533377,3.276254262641616,4.876119528691957,3.7877359600869407,0.6867709178905875,1.4590787567174153,0.5233599371009842,-3.6067012295176375,0.22863727001558692,2.8947993586071763,-0.19111211712488763,-5.071316392761783,-2.7345658915284012,1.7310462891178515,-0.5732671463997732,-2.415513318781584,-1.1054579147516785,-2.793097287119341,1.9425920708292443,0
-0.6158825832712224,-3.807698706330756,2.670865342110173,-4.948686675661706,-9.872301448478268,-0.727902537351271,0.5515777686296526,-2.575621161888834,4.223208076371594,1.5461797963224655,-2.4493712742530978,2.5406643460414577,1.2997110526372586,-0.2902037740430081,-2.184792568337602,-0.25586970268722053,-0.5762700039790016,-1.8211756922720994,0.08270366256616868,2.90534109363312,4
-0.4405493078923024,-1.0698746325455333,2.1635899249872965,-1.1193449511092806,0.35666516432470624,-0.8952518594688363,-5.693590626427047,-2.4464991723230005,0.034368549526272996,1.945174424077782,2.9204531213053895,-1.8725773248930513,-2.2382235984518117,3.5081659856724308,-1.3088513571136118,-0.5683418012330257,2.4563369068439647,-0.43080792555224523,1.2125204715239395,-2.39321966817076,2
-0.23448923120330956,-1.3959745666848753,-0.2152802630315409,2.909239108571205,-0.9735882876980225,1.6257494249283053,1.299625551890528,0.8653592347286682,-1.827176741744497,-1.066571555799511,-1.8641515002349702,-1.1064337966999822,-5.9507528743127835,-2.996918153133254,-1.6760760438991433,0.7524868870726109,-2.803659080411193,1.3427415562735934,-0.28704180333407736,0.0948628520371726,2
-0.6015040860544332,2.0967028762172233,-2.2460088911243536,-0.28865488912127235,1.493837103544234,-0.28867111864893136,3.8060361947610617,-1.1405373550146147,-0.5523512773799637,0.856719418060462,-0.024395167607774926,1.8276231729593015,2.6696515726273415,2.684331899519255,-1.2554122480198442,-0.18389838314884766,0.5133204823342717,-1.995381149749103,-1.6443345755521954,-2.327727496007133,1
-1.4764823046962416,2.5763617543337087,0.08584705811693982,-1.4441216885139805,-0.5856362307086469,-0.4258932421149047,-2.212828830395045,3.9279443273707075,-0.7496106558512785,0.9180929192177245,-8.539315560216576,-0.4911871746628327,-4.064644615250728,-6.212185949532732,-2.4014656461612574,2.6705376884988037,-0.7107399923728545,-0.5268775559595175,-2.9148698039317362,1.8981906138623694,0
0.24915245847302597,-1.080010082872748,1.1702529092068157,1.4341366233100117,7.636822282100671,-1.15537654949297,-8.67612938695179,3.658822119165091,-4.907877423365495,-1.131355877651909,5.441059156095287,-0.7690380542084554,-4.010591944532056,-0.42801400072913287,2.824151523320088,1.662025717404048,1.431919053566724,-0.6206088421320175,2.9770865644262603,-4.336950204579022,0
-0.013487317381401262,-0.39834453088881827,2.356475332223923,-1.6608419755532742,-5.14060748688319,0.6501259768485537,1.3326190528913402,4.857349906046027,-2.1713026154805513,-0.5734677700625136,-1.6866889193340375,-0.8200843995348506,-6.6279661052601755,0.5857714800185658,-3.522756923733215,-2.5837495145626974,-2.984171431686832,-0.856720003908659,-1.4318871182749078,-1.4239175444036292,0
1.6473458040039297,2.283617682867312,1.7641087695267816,2.168584884845117,-0.8229662326303313,-0.8069907059196089,2.8005087522466945,0.9221897774461261,1.5452174273892498,0.7781177320106274,3.713403988726242,1.7215654056256375,1.3762059217415072,-0.0011393651119827597,-0.9516567641581015,2.0198836081716887,-0.2095762551578063,-0.6255754443000665,-2.00240142401912,1.3618873541775618,0
-0.7053696049451256,2.671273590298867,1.7591192398910795,5.184469229172936,3.2816389475074246,1.3487182033101404,0.2136809610913822,2.8923225036342686,-2.6909256727611766,-0.883348604657946,1.826055666439726,-2.249462408778226,-7.081195583657392,-1.5908106971736289,-0.7064756078655148,-1.7979543641351192,-2.2228052756682586,-0.4263025181792531,1.0326327789819696,-0.8064409607236681,0
0.9776016486478688,0.09550826361040343,1.8892847167379578,-1.0193966617699046,-1.9169168238629148,1.607913432962963,-3.2616829236370948,-2.166434346050235,1.9152337580461216,-0.7798960257721985,-1.5419059974163165,-2.5914742721846378,-5.808199755528092,0.13805757163116117,-2.5770720988872595,1.8696433207614265,0.5060324429114974,-0.09926587838200922,-2.2779702868456466,-2.77971525956396,1
0.8706240608526813,0.27143705387598493,0.6692490204880399,-0.2735117222042529,4.49739122637964,1.0137278992804586,-2.8994599877301925,-0.0972409526270952,-1.9192164750277998,-0.39029914380804615,0.7339811095345561,-0.4774805573608062,-1.9785056354241453,-0.1476960568884187,2.6586668280412256,-1.683960813823652,0.46302760209949234,2.20059446095343,0.9179285498123719,-2.5342760986876205,3
0.758877543180597,-0.584698095180447,2.4310599889882187,1.611898419279389,-1.6788313419187846,-0.48111662742951383,-0.7267812990614807,1.1328204277891398,-1.5249732468694988,0.6171836136035294,1.1222978032171855,-0.866236460708664,-7.324833292238016,-0.27851665238033796,-2.545194231668154,-0.5704315382380793,-2.166047308223064,0.5348550826399774,0.4618721212626451,-1.8542763231643007,2
0.5101687371631837,-0.5975782017186326,4.137364746713132,4.462697017142652,0.7488249811756355,-0.9776865553947336,-3.90601934116912,0.9764432732892006,-2.1882086382916066,-0.3549126375736467,1.1593483807809166,-3.616081236073722,-10.085325640619647,-3.471172463244873,-0.6521026661812112,0.2226822761311522,-2.3688382359819666,-0.2540049891649076,0.3067216354562443,1.3915247641967463,0
1.068182440778365,-1.606035535600065,2.130219763705097,2.179069181233202,-3.71300467203606,-0.9029070230185776,5.243088213886312,1.5656332238302455,0.8763948715725944,-1.305244210885302,2.2319728880266556,1.6373844147137562,-1.3189781879196096,-1.2398261973626274,-2.808365278208564,-2.308018176124226,0.0029462504237007803,-0.6810394717155912,-2.426073038085992,-0.029567946285398383,0
-1.5902733203935797,-0.5579780075383043,-3.300589196904328,-6.235790004338566,-9.483983735754174,0.4882481799482171,4.354744698181672,-2.4514068598505165,1.3135427797418608,0.41279987749472297,-9.645130708970006,1.7233182698012928,6.746682625282639,1.887144280040244,-1.9868755653333063,-0.9533370304062698,-3.5527806659748755,0.02237813406431721,1.7835820145518853,8.261639161407711,1
0.8389899689650971,-0.8532246118799454,-0.4484907605427788,0.0018468875778612226,1.0040181619875825,-0.7428303190071222,-3.7489430004135857,5.903329534702033,-0.9219614282688655,0.49415167457843656,4.716050594858089,0.31692073501659523,-0.1306766405775441,-0.3671862613929784,3.5847270396481807,4.01218314424254,-2.1476755586870375,0.034054760492067127,4.285207260208555,-1.6880965333173468,1
-0.01642757273097545,3.4584876538010514,2.576088393944967,0.7310548359881044,-0.7258497952171407,-0.37190006027034567,-5.838085805036401,-1.3482196044994033,3.5567012926129182,1.049314514625835,0.014153116507369693,-0.8141020793430068,-3.1178401214545337,-1.4586674295181683,-1.9145016234090826,3.6386672065227947,0.09249292591231373,0.25750501190948666,3.5934153686600214,1.050466780119382,0
0.982117875346927,-1.8382347540243815,0.8823535028787124,0.1794132085289415,0.13430076397385762,0.07309203496388104,-5.2061336908457285,0.2119627804463058,-3.3919045109611763,-0.7141137666640816,0.5276879028150046,-1.5227498622160547,-4.917940654833782,0.8070936383510867,-2.245793308837506,2.2842557072235343,-0.33177671496142824,0.7586471755938273,0.42223710003250514,-0.6343074895322633,0
-0.0531568472160429,2.3702854195571605,-0.658409069821951,-0.2075753130879603,1.8017297883833578,-0.11793630136998588,-4.593615927632296,-0.3692892971638272,-0.8814981482182587,0.11473739545792976,-7.549304526156449,-3.9950343643305537,-6.300727050745343,-3.5048051449664226,0.8189358591027591,0.20871870705864093,-2.6836017846347744,-0.052032881393815365,2.5870689508578733,1.3502113493000598,1
0.7177750263365555,1.0645037722362016,0.5397259596593518,0.8491116293273189,2.664197240596544,0.32852869122605033,-1.0195014706317664,1.6962622659450348,-2.4344197791870625,0.02875789105230488,3.067413033284071,1.2655709177117025,2.9902531048361487,1.7229647002743609,0.11354593498216481,-2.175500424292274,1.48118865612041,0.30799607763084813,2.1393122430771063,1.5300146906391006,3
-0.0371742349848348,-0.16149387758973943,0.7092965573268644,-1.62745586737387,2.8310718892573115,0.16104384076366418,-9.056258389877607,-1.089945076290836,-1.5489216591080537,1.2937679234012505,-0.2555568197941747,-1.6201855537141694,-4.13237301272564,0.9949035874932626,-1.4607523547343815,2.1035341397569325,2.2056764501396904,0.3818751771815286,2.3068957145476947,-3.412159152466563,0
0.041515710015524385,-0.40912810102409125,2.9376644212965677,1.0996847396257636,1.6678650177748107,0.14729806846584706,-4.9969022184573335,1.196164546846577,-1.2085437796506902,-1.5513886190380337,2.2275625915139847,2.218860821280519,0.42519826251628995,-2.1700344834756486,-2.915243738179746,0.4787041856031675,4.225940357889517,-0.23369990106462424,0.5638216305846022,1.6597148618591375,0
0.5492164303499659,1.099846185383924,-5.153731101918715,0.44983026542649407,-1.5979508422531885,-0.17644363172416175,6.6283656841309995,2.8794749498800707,2.892726774801809,0.7694256391663441,-5.17892638313789,0.5729110324497901,2.622520093495241,-3.5589644063168975,2.1032193526868146,-0.8310472116947845,-3.3104045460060347,-0.6441577182209001,3.3928819778327153,-0.16933738031848922,0
-0.6532452236966514,-0.36432275751528675,1.23141079259854,-0.7562399518805498,3.6856038908425655,-0.6044325611580692,-8.689647635438446,-0.07431465553407679,-0.65443763653778,-0.2095567976929574,3.7383377074690056,-0.16048553535332655,-1.5737386615863618,0.7296928535155547,1.2431309190126343,3.3720268585923376,1.9409830266073103,0.9290090285976833,3.4187627366520306,-2.9973933168798688,0
-0.13244690144658802,-2.5788460810208766,-0.19677668274575755,3.3489515070401836,1.462589888916559,-0.12994417499854574,-1.4304435203436345,-2.410122094005787,2.1438005916815097,1.4903300476284473,8.40012575470214,-1.0713122918883944,6.322459264595634,3.0622674400497436,0.9104319713224817,1.5910437658844212,4.526796336875387,-1.1671610118276243,0.8959676034789552,1.3780984516513946,0
-1.1995541043074305,-0.9526832783203751,1.7406359015489303,-2.503348025193062,-7.226656901996384,-3.2648314800201907,4.243942772770894,0.0630265270864474,3.442400800769878,-1.6009504911209134,-0.44073568701766774,3.739704085584737,1.8013050886933584,-0.911813619627398,-0.4735916181782499,0.6748276991546887,-2.649606702707919,-0.27445974039105137,-0.26411806827630313,2.15079308368215,1
1.4074966312073809,-0.8457644313259893,2.991213772644132,-0.6990766556655265,0.5355773433256821,1.1087013882881465,-6.810554221261696,-1.9489235522537842,-0.2793959196471073,-0.6652178794901562,-4.915454821522453,-4.563439499166748,-11.354064431179122,-4.022233516118491,-0.0026386120638860477,1.5596963042143277,-1.2705610156329346,1.2397825958624724,-2.0877730378800425,-2.139122893691488,4
-0.13732762714836927,0.8420147728919024,1.3810414898572279,-3.3783103377233195,-1.263877736016445,0.5943823707738919,-6.763811603338414,2.7439845991903016,-0.6668912540304079,-1.7123468399337898,-3.7702863426767017,-0.3059882799660101,-1.4893951137734986,-1.6655762705122665,-0.9475419626453068,0.8689854311348524,0.15449819704426604,-0.07473746585634566,2.9532634100598107,2.100269402612228,1
0.8017827820725919,3.6190030000526856,1.7087583314046013,4.390542968488107,2.5912675126271454,0.7288844307948015,0.48307373374825957,2.321506370640526,-0.7515297531325392,0.3540768037813694,-1.720228445453742,-2.2180143422052128,-6.596887102467999,-4.501819578560571,0.26894240595219854,-0.8622573368089308,-2.6870342612606244,0.1782854252936085,0.2154086832431661,1.1305548727036436,0
0.7695050512946493,4.108932275912478,2.1020256223308422,1.9308937980253353,6.889378146785093,0.011525576101856179,-7.794590678216334,1.928118024690441,1.0500550785113063,-0.9944424213271602,6.803186247971372,2.9412621909849985,2.72749498441271,-1.440061531473744,2.4835723197842556,4.349785954742725,2.8446532409198464,0.004542379779986037,5.600023615930907,-0.6704957416727183,0
-0.21622556975104926,0.11235085016663993,-1.6763476111604012,2.13182758078343,-0.16609963545353945,-0.37229966980351953,0.7824225847282889,0.6045958177597028,-2.4333425287477155,-1.0855932859179434,-1.5226881764104563,-2.58412374282663,-2.3999068661073504,0.4437708524698949,-0.6272040446867997,0.28433537741903003,-2.7677227705159866,-0.3498201067359326,1.023763077819765,2.070781996928448,2
1.117715132880589,0.02964270441539718,-0.28835439422815434,0.7774624568247719,-2.00525724912206,-0.2696710720708144,0.8843063757717636,-1.6191812387710733,2.941790237730123,1.506140509613665,-4.532557317378018,-3.183260734311104,-3.2627009066789494,-2.3064674817871653,-0.8049308566781604,-2.679373488161721,-0.43290611720977235,-1.8693030484102306,0.99772475747032,0.20664874628345786,2
0.9824784267720141,2.7478784449710507,-0.6727123846394854,-1.4440333381168817,0.6645647437130886,-1.0718789908293715,-2.822445118933358,0.510305841646953,1.6376848598663734,-0.16688590684968155,-2.7915918748744364,1.8498504465137642,-1.215869610767615,-1.8531847289056906,-1.8576298681394205,2.520135461748482,0.46697862509966503,-0.8712093633106183,2.489813261488904,-2.644598418184848,0
1.0949463489874032,2.4213955470765534,0.6130403071847292,2.3266031878349884,-0.1653600010884212,0.10576442362046036,0.37552847304505743,0.8140638214694,-0.6335939663305477,0.5024213990988486,-1.3993074089331132,-3.8385696600665304,-3.457909775764537,-0.23579520857480218,0.10359942661560306,-0.27567247240326065,-2.7154876764212768,2.2318976052591433,-0.3001928792121159,3.0739001174775584,1
0.6952054027520002,3.734236601570446,-2.110425667415912,1.1432382788761821,-1.8720506489787043,-0.2546785692690531,8.18703148361616,3.748462110072718,0.6152496032815424,-2.0989737278400504,-2.064821323828367,-2.3981892519531165,-1.6731847322772635,1.2237171701985932,0.4134852830838065,-2.119281505999939,-4.520886165815918,0.16812886589060091,-2.0954268299703607,-1.1679003765883365,0
-1.3090013887371201,0.08242143670095181,0.912570752713883,-0.04432526731188302,-4.905566730949679,0.28842643519731553,2.9571995419378436,0.36869409491895266,1.0193153148230634,-0.10847731842761277,-0.07052222834641195,0.9805234862994934,-2.1936704112886782,0.9062882766806692,-3.4230805157384987,-0.06960619552434055,-2.012159533977162,1.003954683390948,-0.03775669484770061,-0.23129059436451282,0
1.7711553055604494,-1.2527319207921772,2.121832614568408,2.650839035591299,-0.0033434765250700818,-0.16573828478948294,3.7546657951130227,5.034526338518617,0.12723605416946693,-2.521571771830738,8.740630001482396,1.4116281483107769,1.9705456102433296,0.01803440515625354,3.1172228180697887,1.2830613231628858,-0.611931441483482,0.11168492980170339,-2.9201884540227416,-0.5478172314768774,2
-0.45786048318133493,1.890337776548343,0.3946088844974941,1.309978812083823,0.8388213463917411,0.9233474417662029,0.44071064895766343,1.4694945632312582,-2.1794147960986745,0.9279480251312169,-4.251819419324498,-1.4768147722036158,-4.314873339310105,-2.2980393851374714,-1.7959579124238991,-2.4242272031146115,-1.2058277152465446,-0.7824027590958406,-0.4872053034178492,1.2415518611675735,0
-0.6816008508654665,0.5982016922347028,-0.621623591668029,1.4287627825555909,2.637447609786644,-0.49724108286265406,-3.16533143638873,1.8692317765595214,-4.118709802325448,1.1927178608732458,3.492890209470425,0.31319271694514894,-2.178223832247558,2.113173886798565,-0.07666930726266008,3.249851067589402,-2.1052862903807235,0.6460393673534287,2.867168719007938,-1.06619878999357,4
-0.46147075177055413,-1.9521718541777804,0.2700334908387325,-0.22491903824564718,-10.389711878220703,-0.4135823236567531,4.779893150940341,-2.0759697477636263,1.4117896776343732,-0.5330362865479623,-2.2294036514317463,1.988377386835932,-2.2297593083486524,1.1031096925046406,-7.043301848514077,2.276022785488809,-3.7190783097917657,0.9508435993402361,-0.2681785785339459,2.985849806284538,4
-1.2941520124676045,1.8949594921587605,-0.902146260643161,0.7068972048572058,3.452355610804788,-0.08972018910044884,-0.9253208594228193,2.8900005440997036,-2.1964517435565636,-1.1686286828570198,0.39227865118920136,2.919610986906566,1.5050271885611006,-1.7710337398035065,-0.5231182167178184,2.4843638592853985,0.8252216214654535,-1.7801739117340372,0.12745770680547952,-0.3902356656043321,0
-2.281308586089509,-3.220700456351845,5.190461434895061,1.176787560118218,-1.4326192279793288,-0.06313472949059137,-4.931400816061655,-0.4508058831258318,0.1465896916526619,0.6130497709655632,12.379302748249874,0.3812182266984152,-0.9809837884388213,5.347377554091244,-0.7687648670492837,0.8444081872232128,2.0851599133777396,1.6050972287208105,2.0279477867487343,-2.0522027242038083,2
-0.04462922204981593,-0.3634171419682034,4.077859017487871,-1.008450701107312,-2.9930206362414706,0.357285580059022,-1.8970597975597403,0.4478302028101253,2.8942029947235723,-0.36312780772907116,7.410749925194089,2.358794014282275,0.5739161911133878,2.3332702648904613,0.33783473014913645,2.149675379047893,0.0990999717074772,-0.8834108082030604,1.2973600361387652,-1.3564669651330616,2
-1.1650807058035135,-0.14345668311575643,0.98166355125606,3.640932793182706,1.640688667496886,-0.9963472460499055,3.349738858032503,3.0292314769610216,-3.2758042189906464,-0.27192325412072255,-0.7645700412102666,-0.5319480685662241,-3.788269386397297,-2.791081551880149,-1.1038974873082805,-5.312055870884702,-0.6065316089093413,-0.035609822158477814,-0.7300330804640719,0.6299725448259945,0
0.762741156841582,-1.557777380243361,-0.2765806580246737,2.0753203605433943,-2.0185557986531455,0.31144387429799153,-2.02306136704291,0.6997622363164242,2.9798135771256264,-0.08535468096869482,-0.30302622434022236,-1.9684612624687428,-2.6927617443588905,-2.9527815343610087,-2.3776322451579457,2.8889532089503724,1.2795428417331431,0.6351779575354969,0.7359194171662005,-0.9901696600314698,1
-0.16408356962193588,1.7511772205876575,2.181386773106747,3.113232528653109,2.9398859312474555,-0.8389229046169131,-4.2722950018587,5.051770380088771,-0.40075132111398337,-0.3268079384769257,3.892272474371436,-3.655606877684768,-4.7140562819923915,-1.4126409337491888,0.6330700405291492,1.9214594187960736,0.5840571995053764,-2.0951376546630898,-0.4164902622396097,-1.6832816462805782,1
-1.1275027579825154,-1.0709710212730221,2.310813095570699,1.2808776009465208,0.6652134490181689,0.03273225154599515,3.294989781453216,-3.19662969781928,1.1398128210549028,1.3726073034048787,4.214836591649673,0.39136355783886834,-0.6511363014545363,2.8356198954572087,-2.148763790054273,-5.356960392452329,3.852115574906571,-0.6291748093683088,-3.295959020652692,-4.540591848160773,2
-0.029179184065090534,-3.046337282908972,-0.39547523483291736,-0.8118998467958007,0.38004555942834045,0.6949003567306098,-4.635845497731742,-7.4852914262297086,-0.09363526124522337,1.153039472409667,-0.4281527398850101,-6.182358094596425,-4.668975264087276,4.150485189477939,-0.833895447868221,3.5301766235832273,1.560623275394454,0.8797891164565839,-5.265074753469876,-2.859966215289273,1
0.7808075600869208,0.009751918397618464,2.3654417447002265,-0.3049914020466513,-5.098368823135072,-1.4739119963281588,3.3324063604685414,-1.480500955000398,1.4521943953431466,0.6389743917776214,1.3895577952116367,-0.23826451054161124,-4.079607346026174,3.012008930808621,-1.9353658223005428,-3.199968743118677,-3.1216614972713104,-0.8170060074639116,1.1032512496226485,-1.4343833457648136,0
-2.0808139770138365,-1.4506630649168502,3.7849781093941126,-0.7459743201117264,-4.302552343357122,-0.8010470827416711,1.7599245872228673,-0.482985674775414,-0.8005274415244965,1.457485527235258,1.043731177438607,1.3075552554179133,-3.7473056993896545,0.27837850412404563,-1.7577144828058506,-0.14592784807320192,-2.161030126628863,0.0559782845397702,-3.457275205958276,0.955709324886842,0
-0.24323921472729046,-2.335141805656172,4.311924006766754,1.0510897256685752,-7.6995779894143,0.26585844321199104,-0.25550446124852355,2.3015780256249005,1.9909968347958311,-0.7839139321077652,7.852766539668209,-1.3494770727050156,-1.2665094230892187,3.7439048793754397,-2.5801685838815533,1.893769445738669,-1.190837362224513,0.10379032017232058,-0.1925182170925117,2.2556539114706817,0
0.41985655815878203,2.8532776629289094,0.9987143390724147,0.4956700948054409,-1.2063082049415554,0.1363090256215077,1.0291027707358453,0.40921398188529656,0.41690295042095094,1.345605684250839,-4.045389902257428,-1.454607371779831,-5.674424060551399,-1.6520581937737016,-1.985632089888075,-1.2933533142106581,-2.411963574119609,-0.6851984234608143,-0.2562562884780297,-0.4533741332598312,0
-0.0616315452001936,1.1174166153361687,-2.96712064982313,1.2929662816691287,4.762094111005887,1.1162341993677722,-0.8722640276497639,3.773642409737138,-1.532670168080543,-1.316981008796495,7.286717368614177,1.257200136022734,7.087449707128706,3.6742294193820464,2.419131358766325,3.528721515113235,1.9279711119299527,-0.6919031030875575,1.7848902768414554,-1.624795565212021,4
-0.4715252309050629,1.1336115987016575,-0.5412475185909185,2.672037139913655,3.41396726389635,2.456722577122338,4.494170837834497,-0.7153608174944179,-1.2647748157351106,0.5887633688573388,-0.5695684833718845,4.028648209250878,-0.1456810281185211,-3.257561984113166,-2.7718898816466186,1.0199985369628985,2.0856593724155825,-1.046377059275956,-5.266109891261197,-2.4196765731255323,3
-0.5764508023212198,0.2912897009203279,-0.4117696411853322,0.1841883492467279,9.006726116290436,0.16695952445269754,-3.045372571948092,-3.5987231125700383,-1.190069603452264,-0.20918667773363783,-0.44285001547641606,-1.3954416037980006,-1.9745452013490035,-1.711964547857237,5.968915498778833,-1.32183525721589,1.639061279909492,1.480230324704056,-1.3147455707456273,-4.631115800975024,3
-0.786679555441912,-2.175937499622381,6.5449302074749065,1.0726772416252837,-2.137733560772244,0.5427296712235863,-1.9359414463082285,-0.22409884974221772,-0.7539884893983575,-1.5078539331971017,8.744076210407245,-0.43040073798028144,-7.198967603912652,4.215958371666456,-2.1976143137491664,-3.8369819560550598,0.17679724376142059,0.418309724506659,0.34291670729850954,-4.613560709968462,2
0.9937938884440914,0.18668074278720936,3.023730248685818,1.6818735283791142,-2.71703435592641,-0.1935281905746374,-2.2179097596866653,1.8533095882494788,2.168874515907802,0.058154777549682596,4.6937485749666195,0.29292191591605454,-0.893694260752033,-0.04815476477428471,-2.68616717955366,2.635916781297622,1.1306570037550676,0.006943559753722974,0.6480096363775083,0.7730874174532507,0
0.14077772955252768,2.7967351989031517,-2.885752879405498,-3.0060114162453386,-0.9788689418283368,-0.19168564448235875,-1.5664152860467235,-2.357796603152657,-2.391007554624469,0.5401815841358917,-12.845686106628653,0.8428063648774815,-8.448815717580171,-3.0201570388889762,-4.484809568805847,0.9863130688081687,-4.662840143616329,-0.6490735352382434,2.9851980779353857,-2.1748945668622324,2
1.1367488727660169,-0.4447167618505605,1.0753715147638223,2.2343575399593227,-4.822794484608589,0.5040956746434262,6.504402263822528,-2.8329195407858947,4.860132787449204,0.22313402399305754,1.4034755433579618,-3.0508502081430477,-2.0214868997783024,2.3904994965318793,-1.8471787326911344,-5.787575121511387,-0.3524172569021492,0.7021213527382739,-0.3208298769168483,-1.636108550574948,2
-0.41913289763778894,3.3289472172587713,4.226879824946161,-5.583187529273441,-3.802369140202933,-0.09339912363941687,-0.9380549386769972,5.77025341367023,0.6767527677060572,0.23985786755252853,-5.405916344898474,-3.390988652312254,-10.496182338885362,-0.45861215729892635,-0.485954901411333,-3.6947433881714646,-3.2739109976634753,0.042683916697649246,-4.0268521357521925,-5.592196994995757,0
-1.2388089684508847,0.6649738790082836,-0.08560921295052348,0.26967021590686613,-0.42930973767123487,-1.574783100900811,-1.0538096296948585,-1.0159392181590627,-0.31220793260688096,1.533316401646412,-0.18077669537279245,-0.2045843267944738,-0.4376254252087287,0.9712999197083714,-1.7092107782452186,1.2821834536929488,-0.06605859627399191,0.4029921871288001,0.45401264841558797,0.7439719919577887,1
0.6711416021134258,-0.770181170138615,-1.7445712187770428,1.7313338838586043,-2.974647490840863,1.0130569880721534,6.1508320129636145,-0.6025244392813918,1.5078983376919157,0.5684002585730601,-2.2709093629778176,-0.4131517043800117,-0.6399961538241083,-1.4359084518417018,-0.7953338196685779,-0.5685497064492637,-2.2215798596286804,-0.14593291414156653,-1.4458663408078656,0.5728968369870691,2
-0.8083801467317573,2.741939012830468,1.5523727234404059,2.5985518998692694,3.4097743943928998,-1.810192155363967,-4.768804778208838,3.2530450925418273,-3.625357624238974,0.1570248172347892,-5.976129750390158,-5.647451896159103,-12.41691444453699,-4.862496661553928,-1.3293622019568132,-0.7172595076515094,-2.429198093215265,-0.822659506188728,-0.7124154017290698,-0.8188306379296363,2
-1.8064396702355212,0.5729298949032933,1.9162250142183188,-1.966406572605317,3.6274239912013972,0.7817180386174146,-12.399014421445628,0.9954668852356291,-2.482640792144181,-1.2345841193631235,-1.843269451804484,-2.2454259897696796,-4.398172903271369,-1.5881143837317806,-1.0703806309393886,4.150081393888268,2.732378192464907,2.3464493568647145,0.9379835689937317,-0.312756779819627,0
0.5565046246836178,-2.4087672431289104,3.97150315332288,0.904127923483425,-2.1597453372160333,-1.002582765600717,-1.6124751148426548,-0.3838770206525053,-0.7639238331780882,0.16265028501659037,0.7173741929815968,-0.14826712708818912,-6.5949979589736065,-2.483447020794778,-1.8059602669211798,0.8901306204843591,-0.7698013254979633,-1.1024320908075826,-2.8414655791401033,-0.22260993017642372,0
0.40446436288432464,-2.1210691287401127,3.700804046254527,4.6073020562060645,3.1580226232701967,0.48956736854829364,-4.902648262542272,0.8781097510505064,-3.7322847942144772,1.2987624822646517,6.903012727884369,-4.1451344042422456,-8.58152338697421,1.0215978680705007,1.71076060136935,-1.384380191736545,-1.7451782511030252,-1.2207799321756712,2.517460939506373,-1.5940477623895313,0
-0.14199313350066947,-0.45761279005349387,1.1154296074353656,0.7948348759724553,4.259151047354163,0.9237685116987104,-8.540253174190937,-0.2973388671984347,-1.2023596534500005,1.7859150505740506,-1.849886152346538,-4.31801851072602,-4.719979756214934,-2.9080175050145063,-0.46759620359786713,3.101710558167626,3.487935084716981,0.8561961694114114,-2.5371386000067098,-0.6647890609812701,3
-0.20492064326031884,3.0759962405917225,-1.1450134647288364,2.0256834702976354,4.90261984957107,-1.544900042914613,1.5355192660429513,1.6074582170031122,-3.330684574959907,0.9108887812295875,-3.0039987987937624,-0.7147657461064263,0.914101510547993,-1.5979201770625093,0.5241699848059771,-3.3034328802197828,0.5274979341395833,1.1871104501729601,-0.890882506385745,2.57720230882334,0
-0.9023814866983696,1.7240878002238342,-2.8186374200285975,1.3603387674868963,4.630035672462066,-0.05964140306186193,4.271811697685591,-1.0854274260020573,-2.9871457876506806,-0.20110635164108032,-7.4186622293241795,-1.6482613804598194,0.022440756518463233,-2.863759631582753,1.4055076938629312,-5.3828215118442495,-0.19339296634898628,0.8260650003856023,-2.413978966045506,2.0170953914805105,0
0.04724024762649521,3.2377166038178617,-0.2224755913246207,-0.5957325992224491,1.6237505549083744,-0.2621440807345058,-1.0147499440476693,-1.150191013052727,1.3047259525986528,-1.0663371042790557,-0.5028499396261883,1.9095615699165918,-0.38273562724642396,0.3668669226454092,-1.2567355923962202,0.7824199518536026,0.4514005983658128,-0.8566470302184662,2.106222376377307,-2.8428046036385046,1
1.606201343378517,-2.8412592899343787,-4.436697557640331,1.1822877183316394,1.5230588621849357,0.1298368649773061,-1.9655847420233754,-2.643004462768487,4.010985149024592,-0.6346319256625306,0.5506340244464384,-3.3861686579513055,4.236048303538833,-0.4020770211928173,2.6292086732903397,3.7254730520562607,2.959385988352495,-0.3135931379308227,1.2881071296515654,-1.2623586211304123,1
1.272222959559049,0.44966472088250475,2.8908745900198145,-0.7391891218959574,-4.840832001487563,0.01886917489017399,0.7759628518094924,0.4889792902072023,3.8686876047913548,-0.49425853094812516,-0.44047173894918545,-1.2593776572810675,-0.8076711455971849,-0.13406568946832742,-3.220080922939469,-1.726205799532556,1.9218846534471645,-1.9559837768380233,-2.395833874826198,0.742886015679785,1
0.6574034619786489,-2.73241626114734,1.5411232824436514,-1.4555965339139405,-2.9542707674662743,0.32107764790142856,-1.6787081094908898,0.849519874828343,0.11617032400272076,-0.6692107201110853,-3.357276830153964,-2.48888794607048,-6.407502113505142,-2.9944057038949157,0.9727021298146041,0.24879556766021715,-2.5145298219663603,-1.1463070679944427,-1.4755828106192763,-0.6301896084401366,0
0.6018978456230794,-1.3355562785123696,-0.21911859349454077,0.052330029647401965,3.1284689896380455,1.2015626201533316,-1.2497534682706113,0.008112900276816326,-1.4201252253814194,0.6585410662074567,1.890522255918526,-3.5087442195656755,0.5998596204622462,2.247383694960937,2.500187344436908,-2.3445838748730154,2.2017378035298654,0.20508375236758045,-2.379274943828774,-1.3375092153379657,2
-0.20881757033167064,1.50892357006779,0.6634785300041348,-0.9435502581733395,0.043144597865672756,-1.3538974616726362,0.9074428423402314,-2.2913660183371793,2.9352711389074106,0.1674759094356312,3.1707389569511184,0.5535466382867926,3.8956469476850035,3.3161000005248056,0.8021368680312528,-0.7596850860057229,1.8438040382832561,0.12467313767103232,-0.20764317982888114,-0.9918765691775607,1
1.204845208276335,-0.6559743836393328,0.04825662594160596,-1.6202051521854601,1.8694137605024166,0.05030737514781821,-1.672216886084261,-5.033004402246405,0.5192884062874461,-0.9452571783109591,1.7842790822105237,2.0250594195633993,3.8502859791769883,2.0566281748964608,2.2210781872352845,0.9202989263164517,1.2858520629712658,-1.3840161850691584,0.7284781167290908,0.25871201829922175,1
-0.6491474546431407,3.1074273415002693,-0.5131603480969369,0.11030522506899632,-1.8513310742319407,0.4251576009054045,1.9812916483691838,4.454424296102609,-0.9379802785008867,0.27095218555881556,-5.491139411575032,-2.4659675670323162,-5.764438145006087,-1.3306886632139547,-2.968816877620866,-2.7559411067191153,-2.7319306774744962,0.4904994910040165,0.21290221828472178,-1.0078686695636945,2
0.4014063622933558,5.378931609704087,2.290415216615946,3.886538267115607,7.9810787631390285,0.944728160294277,-0.4379884388873793,-0.37371005897157317,-2.330704171273518,0.8141191420339855,-1.306986270818549,3.4426876840831016,-5.608318794797333,-6.299986514587413,-0.4489576428591555,2.1593112539914574,-0.057341325826096634,0.7295685560212114,-3.06159776558035,-1.9960313783467725,3
0.8360844976888051,0.46524526285889156,-4.395228843644977,-0.9958403859387279,1.3709021268046624,-0.4206525672145211,3.204521385970473,0.3311866200854313,0.8174365640611008,0.1801912282279021,-2.830700224365421,3.1250275986959895,6.6033267154116295,-1.5639962703594883,0.822885099300648,1.58354781289034,1.1551994934481438,-1.3679411132050887,0.05598071139049465,0.06751981052915557,2
0.011570591472661481,2.1268392010048887,4.198190125446946,3.6869260593907334,-4.682057517283241,1.4683606531466296,-2.6376086929291334,5.4858223960649175,2.825784956918574,0.7032484458087049,7.028984024553916,-1.5162966199441716,-3.199579266094678,0.6667226583344041,-4.138953219908218,3.0548824847348346,-0.5739010066926069,0.8069610561434842,3.044528610692833,1.6413603718708534,0
-0.45613492661086713,-1.7325165869685688,1.3262083871892796,4.056860793334516,-0.48889688658618313,-0.6238157736022603,-4.55456796377233,-1.0199651397626406,-0.6713858389183819,0.5457724270702097,-0.40637292682665294,-4.4562838893278025,-9.89052038106263,-2.7900645655710385,-1.6337165287133772,2.6673015085666867,-2.5113952785416096,-1.8938062523355057,2.1105135878966643,-0.16790503645444765,0
0.2307110072766469,-1.4373031113680215,-0.22207252677856526,0.06160259630747855,0.7917701805618428,-0.9789094466560552,-0.3170845818090327,1.3554925364216137,1.1651849403269638,-0.0655083219194917,6.692929530394801,0.3059719645849135,7.398248779360567,1.86855561864102,5.219127237040425,3.642860209884722,0.7105094254385823,-0.31963955050876364,-0.7105383227138897,2.6381387880201097,2
0.20965426582870517,0.1357276043567507,0.4107407900795387,1.1705388146375153,-1.5468875262513477,0.04370319269480575,0.5582200445229443,-1.202178653448017,-0.14923003624270248,-0.8150312641441744,0.9362264864213119,-0.32676379154704904,-3.685028064003012,1.342924447480717,-1.8550097869584108,0.3962823561847427,-2.101114562064078,0.30741652918225304,1.4469506717052627,-1.3647667657431544,0
2.4695003946778615,0.2879960751431919,1.7923704442555772,-2.1253140527798524,-4.259188901784167,-0.5853198228318,-0.5585751414868116,2.5847363232035154,0.7761762787383031,0.1510852811858132,3.45075624087204,1.4793009889124051,4.757367946353487,3.677072856578853,-2.884686544361462,0.5626675132205772,2.0067267835115588,0.1478786088901868,-0.5690899412034676,2.568564332508049,0
-1.3141575508420875,0.8428980801319739,-5.065541521794329,0.2305138547841028,0.9723318281061258,-0.9835307005214492,3.0495489460954643,3.4335534418132947,-0.6270437135355882,0.940910883879347,-1.3472928615561848,-0.5577104632727625,2.0912766221014505,0.9315745072058219,0.7482944485651698,0.45522130226256485,-1.4720246210714982,-1.7674917352826087,2.140339808817113,-2.523293943189671,1
1.510129325879391,1.10362067911297,-1.1159128984453637,-2.2518478899606533,-6.209158038847702,0.9943869012795084,6.070726473395889,0.3551143885368049,3.022309994488664,-0.18085934878506796,-7.69986497522673,2.438679032772643,1.3288251690680555,-3.4201195158391973,-0.8220949416703884,-2.972270808377114,-3.7109335231246146,0.6542465253738249,2.272513246295395,3.691179225489001,1
-0.9128064712376655,3.3549805242019723,-0.5708154455200323,-1.1608620707668256,-0.22790678887761878,0.42770273525857644,1.3268929763626365,-1.6930511094827962,0.6433935775255533,1.1874843124607666,-2.6275194786751666,0.3763787838353092,-2.717715270077965,1.6641318324261136,-1.618374876238999,-0.9294888273447957,-1.9041559859393016,-1.1066353125478474,1.2262080487849518,-2.9142818679037608,0
0.23476936769266696,1.7400530769891787,3.03557398644024,0.03350654951795362,-1.0053241322685302,0.6663828558775579,-3.2680722466503545,1.7348285356875142,-0.41206696416895505,-0.006172974279982181,0.36703823509957273,-1.2585880305245656,-3.6303224106710252,-0.21618667328859598,-1.576349134921838,0.7636617997058536,-0.5394973663651963,-2.121517329289824,-0.22654475711787514,1.3190066121348374,0
0.21590907401445647,0.4669316431351088,-0.48773226371064404,0.731140306513137,-0.7274697946206177,0.7172434606840445,0.8541527272002764,-0.9836143298196134,-0.07596924900266211,-0.6923126169717498,-5.829967830660721,-3.1070925695489904,-4.583717337354778,-2.3712658990079367,-1.0661262017958164,-2.133674346771202,-1.4518632281925004,0.09500576593824374,-0.7896740086094636,0.9049773883671375,0
-0.6611884974620391,1.4042884731247696,-1.4379838238577636,3.2578265808656326,0.14005689114624495,0.6375744213321859,5.412845738484131,1.578054841135346,1.242517279679638,0.01322872352272356,5.954427662929327,1.8628522049291232,7.477970858287811,3.385177412637665,-2.0021385920577766,-1.7627899142157233,2.822126190644913,-0.0676721068648056,0.7444222808548939,0.8791468289107307,1
-0.1868558079981483,0.11488959510332808,-1.5150115258643946,1.5440170733421628,-1.371544351832169,-1.5657723385715159,4.791266168926054,-1.4757443291185972,2.7704103493618244,0.36923681926130875,-2.993495901899475,-4.099448102864214,-1.8777528686573017,-0.4174265667281165,0.052723299128005774,-2.8878607287948466,-0.46574241937131733,0.6661718697415306,-2.5395514240166652,-1.1260024013563474,2
-0.5233075666240563,4.630610145154517,-1.2551251557487455,2.0895208253044038,7.123268685837983,0.2835332159087708,1.8972538543498036,2.134888103841402,-3.070697943255791,-0.7616694815223946,-0.7725542106143564,2.3009809440005613,5.4740460375649835,-1.4052730095883414,0.8063926952728824,-2.758773113113412,2.643018767340843,0.1037542328834521,-0.6798808543364211,2.749705121324138,0
-0.897772454556609,0.43754369532223203,-3.0563680113205933,-1.921539327126914,-3.7964933593947454,-0.8764314847804072,6.602737147500515,0.396088713369238,2.0306972099713887,-0.46182657290972284,-2.4457040184752303,4.303467870264106,7.002396962294629,-0.8102889986177815,0.7659920827855929,2.75531936755997,-2.301163858357585,0.4401069411182457,-0.9308379242662608,3.033443349603311,1
1.9104638974712516,0.3571631898218792,-1.4342981224629119,-1.1954782158830275,3.6258012066580863,1.8554702174292657,-0.2833007869730685,-2.1260222747318913,-2.82434747386666,-0.052569011947408886,-8.886409974068703,0.18612975006700294,-1.1953438351754027,-3.9571112094853733,-0.868868365869123,-4.0404652645965715,1.8410321291828184,0.1235958292886187,-1.8905921898024376,0.8947763508160655,0
0.3918802520130623,-3.3594244461144527,4.647222111768189,-0.42944191713379376,-4.465230428498556,1.0329557156844549,-5.1088955561677665,0.19098274058907105,0.9262057875638554,1.7815094470945616,2.528659136206096,-0.5228638043394013,-7.033478176834543,-1.1635596931112828,-2.9499016583801305,2.777414796783514,-0.0501849476736298,1.4822042085306746,-0.5946410345032183,-1.5701513993526008,0
-0.13509459958331266,4.613188879922003,1.2820548754751906,0.962921373678715,5.457185293009454,0.3617611077617176,-6.738771359284204,0.8137824690905819,2.043115736705271,-0.4663555782856685,1.0444444793449574,0.48166551264722846,-0.6561214811814093,-2.830243967721472,1.2691160854225023,2.9921069143138346,2.1320112753963683,-1.1062751266053987,3.7471826218428146,-1.4515764289740347,0
-0.5347850438967795,-1.1848200108220666,-2.1087943506515576,-0.32818422784647994,4.6893055575151505,-0.7546381760936879,-6.736761390039703,1.5611392357530613,-4.397318529515902,0.023146549969223225,-6.529665358136924,-2.547414659054744,-6.902630011876828,-4.660874382567656,-0.762124929926504,2.966314542183337,0.5458709614811239,-1.5094115971767406,-0.9690760429218495,-2.8388846744635616,0
-0.08267847080370375,1.3293350489988354,-6.018299389419429,-0.8570018245125528,1.8168130005330991,-0.9390058867392302,3.454070975566513,2.9696344755735553,-0.9956521227931359,-0.5287190010643527,-7.31656455245546,5.282548621490317,5.3653451812416355,-5.250267294358519,-1.0462224447894113,1.7332883591788897,0.11680986764321455,1.0847770219821,2.131020538313194,0.4662882056782486,1
1.6644355555083543,-2.0797821450832474,-2.0889347897862134,2.3616955917104296,0.7875099554864563,0.09484455939053658,1.2770146504514124,-2.3513075077297514,4.658435263570461,0.5612514401101296,4.771847739228852,-1.5382742566642011,8.785608335640399,1.0987913560398657,2.0259406130514326,1.656012178715804,4.99196914379537,-1.3638733852276526,-1.148409677850776,1.7286272180986484,2
-0.022427064915464694,0.43831237277271984,-1.7544174128396244,-1.6142848715170945,1.917166566583366,0.5925564049036556,6.171927818579034,0.09028391110834977,-2.614430314068131,-0.47053227903627837,-6.657865890633377,1.6869813571206653,-2.381298379438669,-2.5954751612326694,0.38332175424199555,-4.033705369659178,-1.2921296809263128,-0.26781374272373476,-5.103013979461869,-3.332083993741973,0
2.7257567353690786,-1.1920525846166559,-1.1849118402329268,3.7117246733553286,-1.2137125635785748,-1.3238488246674989,-0.18881279650958033,2.1753986222758384,2.817423132047474,-0.4523276329758668,2.520578102317197,-1.6142978223121598,-0.6229700528616254,-1.7605588782629242,-2.4657835911995845,2.664864464138069,1.7931669675955353,-1.15693502948537,1.2728908775637278,-1.4668475184809247,4
0.016903690556634494,-1.1024698828504302,3.8650418061902827,3.098696116320705,-2.2550629773903412,-0.9101650160850435,-1.7365714226602091,2.390897502919307,-0.8247755078072173,0.4030292460528468,4.818027766724894,-2.0470725618193955,-4.982483699841305,0.044331528246644325,-1.3747102747314028,0.5965156234751159,-1.415524481618359,-0.8495568484108184,0.09746595419711879,1.6103530572905198,0
0.6736718508782562,0.6185777649464217,-2.6586906287952705,3.379808314761976,2.5387964751802583,0.13915083905228381,4.239946404814367,-4.18195572172123,1.9696772908618476,-0.21509515010080138,-1.1281178590897105,-1.242224397695609,-2.1911982962538215,-0.6808360687949888,-0.48150446478819486,-0.9972274231154784,0.22630475586615884,-0.6569186212807492,-0.6628287449574553,-4.331050380561031,2
0.5403627172551217,-2.7191883489296225,-0.12877726806287937,-0.6686638638446719,-4.256722182048976,0.33202460207993795,-3.342263180097465,-2.3836327591844553,0.8842106493135795,0.6156410745396291,-3.856878682832309,0.4509510462709905,-0.16844423755500296,-2.8440861570531304,-2.7692801335275723,3.9340444074683054,-0.16481126214203734,1.2909707492525146,1.44490414972933,4.859280934265771,4
-0.1436280616753832,2.8774616048093806,-0.2521271819772579,0.30068246073605376,0.8258126036874375,-0.33988403652536464,-0.416138094892747,-0.5728560138441621,0.5333128899596602,1.9741698136300638,-1.021725943579166,0.24706535330239654,3.705320063751331,0.38900813347624563,-1.190753175313663,0.4857477101053813,1.6139475791594688,-0.6239547621655234,-0.06928583171955582,3.5931373664396133,0
1.213540569054641,-3.066154452243641,2.6971568135056354,-5.132942464595827,-9.116050166108296,0.8871342791547473,-1.43871663827401,1.2026157667326243,1.7739290331005533,-0.739526559660585,-5.9569070672378945,-1.4892172620930169,-9.066644387866953,-1.7625505436793518,-2.7233755074575767,-0.15125295770623937,-3.777959821215948,-0.14653620852114463,-1.1443785359031378,-2.387745793833299,0
0.9338272182273607,1.0665019005108909,3.099615678509787,1.3765215703406584,-0.3152247195844253,-0.8930330229236775,-5.529853129897489,2.313007267946948,0.6189822856573555,-1.2389113624205548,3.8157085244788775,-2.268290581315025,-6.012567616233254,-0.4223950918301196,-0.3254219468985913,4.994918052834473,-1.3746445985148852,-0.3208954349073055,0.4151930890206066,-1.3850094083631173,0
-0.3970429415802741,2.517226466391093,0.5827623271595481,5.020381583755775,2.783602981340881,-0.8448006587847874,-0.4906139765864428,-0.21153275431539753,-0.3911891879627053,0.5455029173549144,0.7515805754978938,-3.32055992885745,-0.5931695045406966,-1.4814796774807575,0.6085481056085726,-0.043056899014604744,-0.27064019881763923,-1.0260908885504056,0.5822389922344884,5.0500030629309896,0
-0.42555507180835606,1.423122243474423,0.4145391694681033,6.220966596980438,4.781028108081004,-0.8669796318465463,-1.0768766175977607,3.2026575875139067,-4.1542072028949075,0.6322204387036022,-0.11197489891329658,-2.6774856611122297,-8.627019456945254,-4.376515792169323,-0.09874413582233477,0.33242859103540634,-2.862123625421831,1.16837623393722,1.0273788016704672,-0.35635452079349705,0
1.5226398916731723,-1.7280564878511115,2.04629288038438,0.9733776961556534,-9.519597265009345,-2.233853363677597,6.53572455141796,1.899845102961168,2.6916998402678405,0.6454854838960502,0.765620760914556,3.954018524147301,0.3183779217999641,-2.7236563995738874,-2.51327025714819,2.40702448501228,-4.56489459879694,-0.7693541616644708,-0.3045174546885665,5.117945516250328,0
-0.4553004100299999,-1.9889446810947677,3.2655632993981665,-2.1148055752194033,-1.6577488636746307,-0.6277757011336205,-9.507991137823002,-1.0284436328101911,0.9416803425104452,1.9051570601760803,3.575950895858406,-0.5901054166529487,-2.1857718914655595,1.059270707684647,0.16881499510970488,4.8547221146137165,0.6348776000436684,-0.49560690733306284,3.0386117997376743,0.24608313085779754,0
-1.3850107360038229,2.5575611409578904,-0.19769911614152247,1.4213080789258237,-4.20183335598703,-2.129768262533495,10.5902238060853,-1.8270745712459102,2.6437860338322166,0.7976298955390789,0.6984944332108631,0.7534832685747899,-3.985609374838491,3.5452969684100957,-1.4701854159436016,-5.716489407385601,-5.375557498736774,0.8389588711543634,1.7071507624677733,-4.723128697524475,0
-0.4440135952568882,2.520108036247385,0.13479011483745162,-3.793127404079545,1.3791791339789992,0.10810126312516541,-6.895223992952641,-1.6306401006792455,3.1225880446072223,0.8104862476292712,-0.7732746849763349,3.9516790970483955,3.5073176740080516,-0.9243522532292673,-0.0946196000948798,4.937739549265647,2.5734212145384827,0.2190833153632252,4.076067415500616,-1.23980238600694,3
-1.510688750852842,-2.160803942290867,-1.6361693737479848,-0.8708443245256514,5.383597203009059,0.07461397303167376,-5.500667245296529,-1.4586146000701068,-3.870850943005,0.40392816920289787,-1.9453615811980507,-3.7104894286769703,-7.794523117036859,0.7702807671992165,1.583683703546996,-1.127061535142769,-0.09119267857052282,-0.07577489409196071,1.024164852288935,-7.589577829056925,0
-0.289914362974125,2.362873618905682,-3.8573178914243456,0.9721109628900839,7.125081713638825,-1.54559578966792,6.56338002298828,-3.663607092853531,-2.381003823440594,-0.8583322660214932,-8.856413232767274,1.3848847251002487,-2.56293043346607,-4.178787890743464,1.4517954510333713,-6.19563226629934,-0.5255658896880608,0.42135068230079614,-2.2301865150186275,-4.401106480365076,3
0.24412702088608149,4.142368840428924,2.7865303202116314,2.463319977954404,0.13448613309828483,1.859114804641165,2.588057014778437,1.5269792679655982,-0.309989735740528,-0.1887478325133724,-0.10872617416561163,-2.4873203631575906,-6.600769638205155,0.23676880440804005,-0.7746033999196192,-4.251273915468581,-3.05814200882723,0.209473897843027,-0.1150464271228322,-0.7343043763916911,0
0.6354956616736759,2.240928623451171,-0.7052329706152471,-1.8231220277025773,5.17800011946842,-0.04581424291059651,-2.7853018987709053,4.23936053377321,-4.753833148969433,-1.613844232109252,-4.306999874501891,2.2298173879284686,2.0248035485190248,-1.8628715043160922,-1.9308403548485602,-4.162548106399371,4.010809053944399,-0.3391466359308873,0.2895754683438325,0.03759960696020126,1
0.5454772846394652,-0.6572337318699233,-1.956765211466423,-2.052862495703169,0.6222254537581448,-0.646009108172659,-1.095367561357294,3.7179927315558716,-1.1688429095100878,-0.2347378170138759,0.3027057165588137,0.833594090936604,2.242566863071156,1.6483007877646285,-2.4724953825428715,0.06374008135737408,3.473206658397725,-1.8601751537617899,-0.9246379136947324,-3.995052794053626,3
1.791512349138934,-2.242910631671394,5.0810361048043795,2.6613246599082077,-5.459749502247417,0.009691670714574946,0.015611100707379576,0.7085288694221308,0.023354748700620487,-0.1073444664296099,5.64223150657689,-2.361918175682682,-6.651643914003643,1.0546181325445434,-1.2102725930307754,1.8990808543332904,-3.636304321740562,0.3279470574077679,-1.9908578229131368,2.056973388540757,0
-0.1809079520390724,3.212305838843859,-1.303951733286623,1.2028501633689495,1.2523888344382725,0.6740267552688337,2.8938307784256656,1.8058538269229376,-0.48359458270710143,-0.3109781292522395,-1.4373337520018064,-2.0858005273076135,1.022720880112433,0.7071931976530612,1.0283702906022683,-1.8555541902461958,-1.3657927952449427,-0.4556698049513796,-0.388162985171269,1.8292718352621895,0
-0.35607801266070976,1.6306207814562086,-0.26289295920046896,3.4738665115274916,-4.446111467075914,-0.5728905225453151,7.2355030239378735,3.330954973584753,1.8093247172164681,0.48589565273600444,0.9388604225210363,-4.010000934430574,-3.620572828721754,1.144665285559602,-0.547328042296277,-2.0410714225989715,-4.732461368457969,-1.0748193720415729,-0.6344628493638742,0.43148088099147086,0
1.711492426654694,-2.219202765685104,-0.8890885388922456,2.7197297765115147,-0.4102586869525421,-0.2628648975502117,-1.238184320372814,-0.873761511242427,3.93078332820397,-1.07936248640706,5.897674220395321,-0.46499343588128994,5.681408947269232,0.1244156225576557,1.9593290324748263,3.3733255403898657,2.215683596426249,-0.2933632708808101,2.999001069782656,2.066083057697149,1
1.7896213118621926,-3.5868900227729137,1.6298778275075751,1.1259652047697422,-0.5173293734876185,-0.19619888680601189,1.7174271314675105,-2.814822467710778,-1.0347875865502987,-0.615878241031853,1.3376230135408909,0.4443894296835875,0.5404279866929832,-0.4910907158274438,0.3568265985805785,-2.436847434454148,1.0921241958429473,-0.3949929535827996,-2.524581919882377,2.2310246306675436,1
0.6791051627475824,0.1566416579400265,-0.05970170396240215,5.068361340691159,1.2000732341512372,-0.2249859885279659,1.1922979633472053,1.9669637649768368,-2.662086522178572,0.6605288871095782,1.4550610034736797,-1.2287958592632786,-6.145353622774927,-1.7521962733374268,-1.6413003206963048,0.8924377933636959,-2.8510222900223,0.9566252997067817,0.9894513289262378,-0.6944937161062135,0
-1.1664111519951825,1.6088024854590315,0.5933962381247533,2.1553942846443235,4.3268466848263385,0.49390390383342625,-9.01297522350056,1.3537534226837755,-1.7875985958609626,0.3242013953637316,-3.8171087696891095,-2.595481031136772,-7.7259254496889875,-5.960415501720419,-0.5446040474792815,4.835054503868107,-0.4597150957966817,-0.7066016667211676,2.4936333989379005,0.22263839677277097,4
-0.7313462232083958,-2.3084019230323864,-0.614172633954851,-0.457229688385246,-2.8945145601149167,-1.0808575625560917,0.5423491282452302,-1.3836994496081134,1.828990288583888,-0.576405649002546,1.069760423710646,2.5056157337154525,0.3125162889915788,-0.5196258567507648,-0.6433946554311802,2.8304485590610082,-1.010185085920607,0.23641298209678027,1.9045046505353398,-1.2873667113307539,0
-0.09534004222663466,1.4419409129523832,3.0986127104043755,-4.508090672499924,-4.8412598947402605,0.7649971939279184,-0.9847941074460178,1.4525737121726419,4.493953123099788,-0.08806478784118156,-2.709130502412618,2.6914339455687335,2.3295374605443895,-2.698282083927844,-0.7442247416401,1.5132187955901633,1.1446531445660804,0.43336069090949997,-2.1098432511965983,2.146526783634619,1
0.3413030506689028,1.2408341598548367,1.4561811325611846,4.181701914940488,1.4847180102627784,-0.7282246642570994,0.17372861615402366,3.468847674118567,-1.4780175746497504,0.21555239339554527,2.298646578096522,-2.9285322216650878,-6.571089684775887,-1.5407659411443164,0.4487562599628525,0.13113697778878808,-2.7472754474129233,1.7846406406077209,0.020456014273849465,-1.0457131170558913,0
-0.3361443614160974,2.179685223395831,-1.3829421022736765,0.4448531798454183,2.4733032141631193,0.13525145038286787,-1.4525530101915631,-3.241962242303919,-0.916027871247781,-1.5631062234984887,1.8178008178293128,-3.2668026774857397,-0.7741215051883173,4.7733209428971755,4.82239618590984,0.13294043476901896,-4.612258445134478,-0.11983180318346565,5.012451548995555,0.6512954065909684,1
0.06319082655500699,-0.04793911422872177,1.5588280179244935,0.10095494248300996,-3.2303832415126204,-0.5537755881094242,7.2089452399296325,0.5050594743051596,-1.7921509868841425,-0.6780822003818598,-1.4206244392945295,1.2335639846933941,-2.2414602288423895,0.1389711829211011,-1.1860820596756558,-3.4762293057159495,-3.1458157575869103,0.23038458624544275,-4.550259985456194,1.2320793869781974,4
0.07736301367362154,-1.6878291785718122,4.540893944751087,0.6638979260528135,-6.529691074461659,-0.01330399380962096,3.6198590736976715,1.4628190770695277,-1.397366837604199,-0.9017571605108504,1.620035968980535,1.0002071846173326,-4.31563407182196,0.557222966247203,-3.840038871133647,-2.7368983676564618,-2.615791475388009,-0.7827592676193803,-2.4434494491800622,2.727597152090937,0
0.5561051882043997,-1.3336440786709605,0.21696438822775344,-3.9092981078491387,-11.10766852230379,0.8967305626758713,5.725503310530981,0.9281900135238492,2.605968377502641,-0.43070057330631106,-7.846627981931486,-1.2557399225196648,-1.29504906810555,-0.8737981802017785,-1.2504423091281254,-3.14000687938667,-5.549169704583161,-0.6710871984030522,-0.22751407993583017,5.248086353539906,1
1.2676187370741911,1.2242353340369438,2.305783281202214,0.01588109709618446,-0.9324180048904277,-0.10586272407516036,-3.6216390286603097,2.178533149509279,-1.484200666448394,-0.7414119254889349,-1.2328437212678416,-3.2397842906930316,-6.9698577106143205,0.26542754100110444,-2.270528942711975,-0.9502311336553559,-1.2312788646634614,-0.35634585313125994,0.42937518845147005,-0.8058816938700439,3
-0.9109532711216858,1.022011932976685,2.345400128477821,3.5587376270253053,-4.591701653627652,-0.6199192710741592,1.2277937057254131,1.450055532461962,3.28396881462082,1.6776232270472768,3.4932891901763825,-3.0193513798303586,-3.6599384201178613,1.220312929845181,-5.4321916471520435,1.0707664191180812,0.8280989484919423,1.587620995197907,-1.728974693843151,-0.3223778214629567,1
-1.5120819721115084,0.4844756123257137,0.5588335052776672,2.981993094517742,3.3293371410575787,0.33568613215725107,0.5681462752459715,-0.4843184035383987,-2.0909235758258102,1.128954515813927,-0.3641367862344054,-1.2447474433263428,-1.0903769085148676,-1.910901615872553,1.0808723755994851,-1.8595763277839423,0.11979184862225245,0.9652521157128986,-1.1792456460695493,2.434748756696042,1
-0.8264920724285644,0.7061250625285731,-2.5065240706127607,-1.1373687368529377,8.006469573541654,-0.334880035264591,-6.706833845809327,-0.7122843472177776,-3.477843752698245,-1.01673109146882,1.0528785588477179,0.4937690325273081,4.93517451078078,0.8058766777617989,2.888247974771073,5.55407897889913,3.6056103355761193,0.11586252128996938,-1.3352443904725926,-0.053572535150831824,3
-0.19529340781933383,4.284839169304679,1.4925484672203635,2.7475756588533327,-0.6195332649854907,-0.4053975640786944,-0.854618441086151,4.723643795969149,0.636135769330676,-1.9561136149549219,4.64221517960322,-1.4330975719142556,1.1993801455615936,2.0662507154190592,-1.428504624553969,1.1913414810663987,-0.5016546998860748,0.9182061265199473,2.477945001062259,3.0819345203012705,0
0.20810674590511025,-2.7697097832449886,0.23815454581134232,-3.958135816586821,-1.3340598845230958,-1.0549456435706173,-4.9345525940570685,2.7925011111289364,1.0704696577268789,-0.0602732717779427,4.214953088290044,5.416243321702672,5.533592546409418,-0.1253108735263564,0.3815365042167258,5.814028261500601,2.739308371181732,1.3491444742476182,1.8548320860412661,-1.756111954635632,0
0.10626156067016408,1.4796473151534975,2.217122553681792,2.7258860818004886,-3.7888562351822435,-1.0000267205602102,2.13066343481794,6.476310288091785,1.5124039878656967,0.9501715386017936,7.303064586260642,0.8571845586392954,3.155141019193825,2.2737500081977617,-3.5805610840696,-0.6003309691908512,1.3556994045687465,-2.266935715454149,1.4966172688312391,1.9682790169930686,0
-0.530219254668679,-3.4419601195422764,0.8648049476631121,-2.5522743272833113,0.3408041691866917,-1.6388647218418366,-7.697429667418321,-5.40180439280424,1.1248059590446322,-0.15615239602665398,-1.4310665526839157,-1.9786165441684047,0.668483777807433,-0.11036511631834434,1.0148762651717802,2.06126834396251,3.3196735260356713,0.9924466500289575,0.0898618183310016,1.5767951409458107,1
-0.17902796588550668,-0.847820794974177,-1.7939813326178737,4.524443179730053,0.04023087966074543,0.35207955370693533,5.652182638352253,-2.833380790282612,-0.6536402767285454,1.4483281387108378,4.945539785901836,2.5931302909309593,4.482525352960031,1.9066378519705864,0.09716280615770834,1.0607680308652407,-1.6919247049082426,0.2818650491711575,1.8261855420210464,3.163829308130955,3
-0.20531238783601435,4.212337887163063,-0.04022537174994345,1.8808040765609175,-3.3917626847683175,2.08133607534918,4.300340755541762,0.4624865884157562,0.9035356797295193,-0.5468372892945869,-3.798426308156242,-6.245321775606005,-7.622814671152689,0.7323077896084442,0.9756810849478155,0.8144345813372764,-7.977957942587955,0.10190615108946523,-1.7761638905194839,1.9869348865464609,0
-0.8513577003548688,-0.40271370487621483,0.09548534781162854,-1.2140582492690295,3.3949850549792218,1.0598283566838047,-8.572064139514582,1.0602993151011688,-1.074922431231636,0.40454878882614587,-6.491944994665527,-3.1204013889140185,-6.801666734689408,-6.452977921372298,1.7737170099820023,3.831393068170446,-0.056818914658847364,1.7077698238158436,-0.16773880132109276,-0.9136732150502228,0
1.4381256749046158,0.2023883790307115,-1.1649307619357931,1.8202803529328984,-1.0496950492655435,1.5769021798107064,1.8823086268120335,2.3779915403744987,-0.44075598575963626,2.2179741426293496,-4.6865584139510235,-4.2374026554367985,-5.979288610391363,-2.1332290529632947,-1.506689103052745,-3.469718763714573,-1.8836409859345018,1.0938103207122916,0.3793660786626931,-1.064070089633376,2
0.9069393196997899,3.5436124507114015,-1.2178093447731353,-2.3192990410693786,-3.1119035093431977,0.38095088921207465,4.612216438838012,4.287419814178568,1.4748484718954908,-1.107994754690382,-5.932658106562851,3.8767903806027713,0.7492876157745693,-3.5809340749777507,-2.7659206650669406,1.2539962407359286,-1.6284296409403591,0.6466416567330809,-1.7826168877688322,-0.28980662152315906,0
0.7929507038463439,-0.4333126568642318,0.9691561775929021,-2.347528794603062,-4.079850287803571,-0.5064954824546604,4.914426642581523,-3.022662516885794,2.398230995546607,-1.7391601946110635,3.6422943440029516,3.95645302749295,6.079462886825651,3.760440303812655,1.2171405314314903,0.798290567408507,-1.1604364879967506,0.014010207969882206,-1.675568688609126,1.742667021042442,1
-0.42993201418066335,-1.679460791154895,2.0129632530994828,-0.0898709629410368,-2.663244367751861,0.40601933967979664,-5.204163788234696,-0.047572023504440786,-1.1501227901245747,-0.8522661909803393,-2.801677340913781,-1.8346682506208793,-6.187677289904984,-2.705785428356192,-2.209682525238466,3.1937942755111153,-1.6431051612294083,0.08327786700026973,0.20740261595643272,2.4121790016677664,0
2.1075069382383202,0.9643008200745824,2.577905435665091,0.7982974850294113,0.0837744550395609,1.2893437409279578,-7.082217020992611,0.7937130475658415,1.371844534250342,2.1351538879952523,4.9609774078744,2.518764204125385,1.7475743289861279,-0.36371492179393217,-2.4656377795644024,5.245822187287045,2.7799016939475107,-0.3336388799719015,3.7831869891666408,1.7246030846653757,0
-1.8821688290795302,2.060641247380441,0.8967865311361665,0.8309503202634608,-5.569439234064145,0.0033274195831950867,2.3659816164333347,-0.4911658453254466,1.0138661064528498,0.40765760210381713,-7.7718764877717605,-3.205449696890033,-10.302128492184154,-2.996859510920718,-3.8436036271454608,-0.1508977829016549,-5.917792159956134,-0.8115319212995957,-0.4592054414934792,1.005195458623044,2
0.5267254766333834,4.7594826736518705,-2.3245362672500143,-0.46871694695454225,1.63276318651021,-0.06807066726845386,3.1489690567569895,3.7930011615295194,-2.072643312914117,0.962360399888817,-8.107646579663792,-2.7202862349643713,-5.819429858703958,-2.003099090320015,-0.37507407063120235,-2.4830763392451067,-3.7607079855348995,-1.9298404337291657,-1.5341071011663714,-2.334370588281833,0
0.5402821640258872,-0.47257865913792707,1.8251618251012987,-2.879691216443188,-5.559379243576041,0.547750589298914,-3.878712932832438,1.3753591817664135,0.38852991815674076,-0.20068113121288503,-4.214815700744425,0.6979218918425776,-2.4222967841451255,-2.220792885816727,-4.199332376155974,4.1537522605703,-0.6057175679703279,-0.5307353543328125,-1.0429223724592918,3.1884658575951823,0
0.6827085390928708,1.0180867889135168,-0.4327726269341723,-2.2995487712507257,-0.232285958990758,-0.22785678972112586,-1.062806881754182,1.2103594824544663,-2.6038771020547467,-1.4118344915138914,-8.140446309940916,-2.0194875296526744,-6.391061791148187,-1.980202114677578,-1.8204365001819838,-2.6986409196711545,-1.8121666807948706,-1.0451728066675965,-0.9315624179290632,-1.302575331801982,4
-0.6845798782725795,-1.3223555083612286,3.730910123868343,0.8010745720483513,-6.998770234251482,0.31288803679616195,1.3243076018231,3.4296000029084417,-1.132760487928962,-0.529556295977755,-0.8341285569248886,-3.0724057604376838,-10.928684650521644,-0.244854911251438,-3.6642420327138177,-2.206216602907338,-5.164326181443293,0.07972191094050224,-0.5071408969672091,-0.4773766021237582,0
-0.8606301523168409,1.0862500993406938,-2.4521474822053313,0.38782514380164934,-0.403901706193876,-0.6560919809257143,3.499481726337858,2.241394533501874,4.033314537898946,0.6397903574428867,2.5339960840115077,1.7737884064522427,8.586522740337328,0.27614502472506675,0.5155007639011202,1.3394797889178678,3.020684919003967,-1.5150295317046616,-0.08148442027094549,0.248757275785628,1
-1.2401664568975193,1.4104071906009807,-1.5632617918778662,-0.27923294373431284,-2.708702221430285,-1.4768483395572374,2.772795673636919,-0.5848053444544346,1.4615347730677293,0.4222065644624794,-3.7931245322072384,0.4192405055941091,-1.3781612970554713,-0.616976163701916,-2.513623715952836,0.6292142602261681,-1.8487460236411137,0.8637615203782515,0.4498854065733855,-0.5052509425721183,2
-0.5905009809638624,1.77377006951489,1.7039980616330723,3.8501202524778027,0.6418047285822196,-0.8801490266533925,0.8822329374670098,1.8091354493393077,-1.3885418608895947,-0.49775706301760125,-2.3993508419651643,-4.951101549833076,-11.62840092489225,-2.8684960257050696,0.2003553566481462,-2.44101443401829,-4.971645875688768,-1.5803514479355782,0.18713755133680676,-1.6461085569519667,0
1.6112357579255077,-1.7293377588588292,1.9612828252167867,5.437262996181885,6.763542904352781,1.3884386811550906,-7.674799551752533,1.850633721859428,-6.14623723966714,-1.1105712151738012,4.122388963653969,-3.9245968977949106,-7.8990898890670245,-1.8743466081690605,0.8938977936183312,1.279411142814793,0.1188753673372791,-0.45741878451602247,1.4603905031891589,-0.26746084164425643,0
-1.272839040806815,-1.4742322577401517,3.2454475347184126,-0.8839727147509648,-6.536762727796321,-1.2977015927465092,2.074309170349948,-2.7947882962596964,0.5471617890985863,0.08148819861935591,-1.7879603286254377,-2.801964010202677,-8.86496939513797,0.56022327319953,-0.37594309927973535,1.4511942692033486,-6.256799882825386,-0.7174965443387753,-4.032381928251628,0.5830002591264619,0
-1.1743118364953253,2.2968560411518393,0.7068963083478973,0.5620494852789333,-3.0087496715034256,-0.7366322021997084,0.549155339672118,0.9030571920580197,1.7864170061007876,1.1868160234220506,-2.3520157766291843,0.797607864544305,-2.674255387181651,-2.310256272820086,-2.6270229766490347,2.5886995156939117,-2.2157505441030847,-1.0124469979864485,0.7635544843756971,1.256962067850671,0
1.1762967582743005,2.3012110448200422,-0.8495447029140459,1.8095005159029824,2.034355758458521,0.5547825213178135,-0.664585490158818,3.4791805813661347,0.014817430644128882,1.9601742859913796,0.8219966328188681,-0.2514372153483291,2.973593826714547,-0.3231006882029185,-1.6428381208667808,-1.2829844679545928,2.8402213783615036,-0.5281982385575966,1.9045161557271504,0.9969384064702146,1
1.7143268346770932,0.6842706331984623,0.7508361439596727,1.4551131598117095,-3.9868391302280686,1.4701767229845155,1.4205995439104318,-2.2568214595327594,1.9982254149210281,0.10675396571610239,1.2077702453874122,-2.925528230757476,-1.9678050582714888,2.655884929927799,1.1891074352948392,-1.1763466336551969,-4.809048370833818,0.32664509938656044,4.581707365042037,3.255654753448706,1
-0.2554276529818654,-0.20304599246773458,2.7315865041700844,0.363258373609458,1.8097239992239023,0.13182617548111425,-8.660353843383005,1.361229524940378,-2.377745053474108,0.301297078306563,-0.26871154520417045,-2.0855146542860434,-4.86529050595157,-2.3941925980005476,-0.5683710926396639,3.3470778599282385,0.588631610846247,-0.7018445273715551,0.5338132396907811,1.9494147687912196,0
-1.7738459337395758,-2.1289821229953403,1.7402146983955387,1.0393724680870946,-0.339870368217424,-1.3027163067593057,-4.157020905414278,-0.9322992272068247,-0.6654734609329984,0.222071116667942,5.891453594317391,1.0296776439324438,-0.9092660049198116,2.1596267244494274,-1.17401215083531,2.251845383447595,0.6806161512660529,1.1619952675814986,3.1792976762125758,-0.8624034777750396,4
-0.07770385439510688,0.3458731210054703,1.5296292925699468,-0.8988212491179353,0.7056441392457171,-1.7578227019803,-4.3429902552203625,0.343715283943115,-1.275695364606239,0.2546257018762862,-2.8313385315739823,1.501436792488417,0.03180158592071893,-2.239142472550161,-3.676699171216251,-0.9922092816844053,3.586008047142413,0.19415327497959786,0.49456012720847364,1.9516444646007005,0
-0.7697222308718856,2.3022435989581282,0.9262019412658807,3.2786031625053123,-0.20953982325035353,0.19932885569481296,0.8177031465893159,0.6529363273395905,0.27967183772624127,0.4756605614182476,1.6146237409976856,0.9248346233104918,-2.32580332017369,-1.0597851654153378,-2.1043002642520543,1.4462105292380731,-1.66226393273685,0.4720790805763306,2.0363841556546545,0.8530229987532763,0
0.9009334642142001,-0.2458598395128182,-3.0328199037631483,-0.6212326626897344,2.2084552135797786,0.15225012859589074,-1.707864454436941,-0.23802089264275605,1.9242906949394658,-0.0459463732265448,1.085697634761125,1.2696496013287153,9.507448530526354,0.3785999394441817,1.9068210329716853,1.1474690759711896,4.023209721127984,0.13243930435910412,3.0345144973081557,2.264048687617713,4
0.4351649729470782,3.2776543472423443,-1.4730344880577826,2.1607254991068174,1.9432619166405267,0.8344374565283117,4.413328075094176,0.942145715557951,-2.915189298347287,0.773447600382574,-3.3686312975791624,-2.3886503064367814,-0.49527190873886306,0.765111997215303,-1.6660579229019938,-3.0074756383963126,-0.6423815860803118,0.7373875093109462,-3.5934717489829904,2.274442264129549,3
0.548735831492293,2.6775549918478334,-0.4009170917865317,-3.0185400047545894,-0.6688139797238795,-0.4142618547103739,1.1518565245463719,0.36630552240306735,-1.4610944149655696,0.1374038293091988,-5.611912796544991,0.07172835958172774,-2.5744799254070556,-0.14835799258845583,2.2633921382274247,-2.332020791771155,-5.133710363018116,2.3517499698598967,2.1703377889530886,0.8947198806264157,1
-0.5221596976095748,-0.6620823026686378,-6.29475590949898,4.034386937878233,0.6611108364879876,0.7897908650703533,5.209594925362025,-2.6994147978114382,5.1104920740448705,1.0423313867621422,-1.9384364683454245,-1.0665532871359331,4.003796842587843,-2.2691336876521393,-1.97378556903433,2.553302297692618,3.099776345544835,0.9296350034958438,-0.47521214966020286,-2.6567935823003044,2
0.6611130006408505,1.684024779399052,-3.829098493221726,-0.9864386221958494,-0.8174207124884993,1.2578596381425438,6.192970968795488,1.7312727705633264,-2.380982706906761,0.09394944178841741,-6.295524065075909,-1.5995818216779487,-2.2068892997976324,0.6619728373333492,0.3049779460422223,-2.385346860888407,-4.6822555135879025,-0.865954106286216,-1.4444777179023307,-1.0674523869899903,3
0.2133572864972789,0.5656188720524805,0.7462407610019226,-0.493297305493565,-0.2149897348370522,-1.4955071106404982,1.9498279087532602,2.61764890183513,-0.9536243232935558,-2.279525304660622,0.5429904857503467,2.827929722856679,-1.2628215385954917,-0.3650369727245061,-2.1636997077363516,-1.4979531699484956,0.38887035899284494,0.918031848727561,-0.7953853069776431,-3.2319010128107113,0
0.33104768738696627,1.2651121619288794,-0.3648984680356573,1.0788196103392222,-1.429316399208641,-2.080103449473167,6.012838963141732,2.7205408897511103,-1.5466185007548097,-0.7849036046095206,-3.970167538758052,-2.4338168840129617,-6.8021978981783695,-1.2682640853466873,-0.08842419277723146,-3.6159689547665543,-4.792614640904024,-0.5462069476429241,-2.55498535308058,-1.9869020887698414,1
-0.26332845260264487,1.287334028986241,-2.3140672491871928,-1.8727051609363077,4.772319867766864,-0.5740906595914261,-1.4379646785802496,1.156066148231421,-0.8934870693691135,-0.6527251131276176,-2.434368083539081,3.081211247693811,1.2733160680263984,-2.743627598221203,2.51066607198479,1.7238198764499133,0.47998690695903323,0.33418693229890495,1.0427787602666203,-3.618285144146804,1
-0.8368326467123551,-1.068079411424435,-0.2925633455565173,0.6959512391451808,-0.6194831376523287,0.734454441421493,4.899233503865102,0.8018709340279151,-0.7871982557580703,1.2574744854941986,-2.7754510192939965,-2.7103656664381823,-3.5339409281968543,-1.7500568337583835,3.0757944168732236,-3.1736171540530695,-3.5124424738466615,0.5940979373049315,-3.1051498316684802,0.018975582309038952,2
0.1480521375853986,2.0030346383768167,1.1318467451630203,1.7941602805354597,1.6214327393559453,0.3771498386252876,-0.01917640722727286,3.172214953733636,-2.3055823326414293,0.9886747995748207,1.1637085505326121,-1.0422077792775253,-4.1071094165515785,0.2003844490922595,-1.26078156858846,-1.0422018450824901,-0.9126421575526347,1.1791038701339815,-0.524754878031237,-1.6103078636719852,0
-1.0355633515434248,2.0065014250408915,0.6427498499776227,-0.8173206804277204,0.033003079359149264,-1.4681824910869772,-1.688391682256278,-0.06275250514731301,-0.31032606678520047,-0.673239898132942,-2.444152434700165,-0.05600349132655591,-4.085748298778363,-0.7123674761631045,-0.7482714229204012,0.49619688319379396,-1.9731660093151224,0.3568336475858602,1.406331239969923,-1.2355393821787506,0
-0.36705857771004696,-1.9430704953071274,4.571046487687834,0.12735678124051408,2.313968337682049,0.2772895031138307,-3.597330588154062,-2.517090442782426,-5.437432199169086,0.26889874547948317,-1.8350374199441712,2.371959597274892,-5.099229525196505,-3.3573572876118973,-1.3673692712671457,-1.9471405222140539,0.5349273655686784,-1.1071514447147055,-2.669685206663053,2.796380259379256,4
-1.438909950748658,1.9233725634008434,1.1265384864462262,0.3610475220997291,2.4091258623319804,-1.0245088355436334,-2.984471567379087,2.147519995174746,-3.459277504930919,1.1872662433724968,-1.7713822096605745,0.10727393028134302,-0.3946797216701411,-0.9222976205307284,-2.0029114980752185,-1.6725302886502595,1.515518051959122,1.438102140431454,0.31343205452242895,2.899783476368775,0
0.38438210094192465,1.9911391578222792,-1.3599618372897626,2.975366777460672,0.9481920609474906,1.2604690805882326,2.7473504543678313,0.550114253752314,1.784777598506924,-0.9245706538869116,5.1253529359663705,1.723254317756857,5.33553621152402,2.250523222749219,-0.8660648835577472,0.31810214035983686,1.4669725774666134,-0.6436567640940334,2.8189510212558777,0.19987478956193017,1
-0.216397172007874,0.3731070382076167,1.642032864793022,1.4478411806565104,0.7925851238990748,-0.0005042098737354098,-1.2132879641273506,0.7460912370818384,-0.9909067596443419,0.9990013304626248,4.758899209112595,-0.04174704517687311,-2.5517173615304007,2.120386917085597,0.07766323891877258,0.00128512506976719,-1.0738587020886041,1.5792965765639675,1.9996318154516126,-1.972495248884995,0
-0.8993370075926037,1.6246969283220931,-2.822339310385452,0.8671393032344841,2.8413799775011626,0.0889970882800999,2.3877181021204503,-1.384452048785722,1.8439538276018328,0.35099673420269917,2.657440738183759,3.5293870586451086,6.061683419702717,0.7495611818516656,1.438745049998805,2.209233921317138,1.111705022530598,0.7662240945387282,2.0032530457759794,-1.676405568612401,1
1.247522824709503,3.9254818291827167,1.926895840532025,2.551646369880236,4.366313106491496,-0.22811527952479402,-1.7837145586163474,-0.8713949981848408,-2.1169975314008367,0.2282502884562134,-2.1817334439663325,-1.510889270718287,-6.986683129755928,-2.2662431005406853,-1.2741572699612835,0.035870472011990895,-0.7859288119586239,0.1737976077468722,-2.025600871535346,-0.9908095507211644,3
1.964282122370966,-1.841379549690747,2.991520458914691,-0.6623127737894197,-1.564013703749471,-1.9374253778698247,-6.041869487926429,2.0212991071566013,-1.138264613479079,0.11032164714775473,-0.4616663928513793,-2.796738440636144,-6.529909802422767,-1.8893176237318596,-0.2857057020612702,1.8836594533348245,-1.0258678594931991,0.19020210032479018,-0.23419609907304917,0.3277391800059275,0
1.1282331943734116,-2.334450936760776,-1.0090119650171876,1.1487876450256373,0.8408925195670113,-0.4572846565996953,0.742419228075186,-1.0515203725226687,1.740759169701703,0.3641000761060149,0.7022163858613777,2.417707640340329,3.3498792938802446,-2.435241752618899,-2.0845658374259095,0.686306859688319,4.809036797743673,-0.8718011604182617,-1.596094240283208,-1.51302271033794,3
0.06433404081612315,4.383505220175248,1.0292039101356776,0.5849214576207363,9.356468181405024,-1.2352896733908356,-11.322852043871691,0.6243273359897972,-1.3545546899075862,-0.5142993078442597,2.5523751543037085,-1.9003386539427551,-4.234935758652452,0.13202792129661156,2.0548912371939703,2.412377287200949,2.3503968556821446,-0.002235150111467181,5.0930895457093674,-5.20523754235499,0
-1.2929965133858505,0.7024339179584551,2.102488555801279,-0.11956576216841075,1.8161761697820082,-0.8486010674305268,-6.994412574124815,-0.2323638764921121,-0.7635126261571112,-1.0211597556335346,0.582564160958221,-2.5471962949903633,-5.893256168255632,0.19501291782527397,-0.2521429139330641,1.1105931237125066,-0.010604961945511415,1.7456955242916676,2.2739997697780794,-2.128783668473689,0
-0.8057794549583039,4.881046221045665,1.872918285548396,1.8535906391809966,6.431210416086857,1.508135748772155,-9.643305658899337,3.7854055314919552,-2.108139900327436,-1.501097170037035,-1.3623702701760732,-1.8969536905923525,-5.114869095835016,-3.8469232229419217,-1.5866739186625556,3.047776008436465,2.297813575908431,1.1386941078203372,1.8704829924414237,-0.25476087581598617,0
0.21981275804456535,4.081566773132456,1.2074637851086978,1.863169095870068,4.6167452108697296,0.9403749264536301,-2.607742085498424,-1.2323296666056627,1.684934062235285,-0.9511703242731129,3.2856994570551277,0.15441738435662755,0.05545181893127457,-0.5420814586707543,5.009613712704072,1.279487921441227,-1.9902705181011981,-1.1970776832387902,4.922261208132371,0.39409643456872634,1
0.6210594103073604,2.921991400042499,3.1195410250056206,-0.3487838026692418,-1.3437638042232014,0.8594644152515257,-2.5242223552023644,1.8108414782833377,0.8782969911058445,-0.43868010861277923,1.3543926021862072,-0.7089718954134863,-2.470950844606369,0.5303489238573071,-0.8465075577735087,1.2392591578209502,-1.0265833513176883,0.483886298648816,0.2720337602949282,1.0075519758870999,0
-0.09624516760366952,2.5145736539330743,-1.1888775681411659,-2.1433138885355065,4.953655746303871,-0.6170631248488667,-2.869959151186411,-4.5424286559767415,-2.0834783408237776,0.30286336678500325,-9.08702636840441,0.4397346031405185,0.41902163409763726,-3.3948909772821287,0.1182785774145334,-0.07162490265148047,1.8883546187432687,1.017606484621877,-2.758267802773472,2.6155723067482475,0
0.20842152702220731,-0.8136930759353742,1.5307499745319468,3.8374970276199982,-2.1573769931308786,-0.9012948924202907,7.3872876184640495,0.6729244571054933,5.0695813289513545,0.9041679146146248,5.394205516209113,0.04282231058741792,2.5780189625554435,-1.9115588053395847,3.161087523620797,-0.8225472479467771,-0.5483921691883702,-0.17857233678998077,-2.6746410654685486,0.9323846198396384,2
-1.3181188589474904,2.2735630703259284,-3.4080423280506653,1.9064066810938052,0.19897508698167116,-1.6150133593257943,4.572909310147242,2.812590654478406,1.540089745208526,-1.3297983600416474,-0.20026898034485352,1.9752573206565642,3.0707568441165014,-0.9630498377207315,-2.1056901822127996,1.8558828400130098,0.4311783573399658,-0.10507577293147018,0.2800507579372101,-1.736064794934677,2
-1.0626700908368865,3.8610678572516144,1.889269045467128,-0.5905448203387622,-0.1011557387185891,0.8041269734539096,-2.911151535128907,1.8937618102621587,0.2465352641540839,-0.20629329598986737,1.5984723630238251,1.858024653794287,0.17200204908680028,1.3829072777113796,-3.3865428686301025,1.5142175716537354,1.2096102341520263,0.7466430775166576,1.559488649111706,-0.07573566399886411,0
-0.7320399315576093,-2.7095107500883753,1.5140732697577528,-0.7802857825113432,1.4790247399893175,0.18217873874411059,-7.363208675061995,-0.1720031871465968,-0.1987037024345153,1.035437479682824,6.948822603275104,-2.8046080710764723,1.274628658280554,4.799477860756239,0.6013773978236844,0.8712429393248027,4.288434922173259,-1.8502696950972581,1.1848090346809217,-2.167491323009417,2
-1.2157728807569765,1.06678270917528,1.0915749062786093,1.4450947834714218,-2.2315318226933107,-1.0829965078053223,-0.18326126626002423,1.70630331198616,-0.7180793150530109,0.7721617816522341,-3.8405891337410294,-3.0531195409448983,-6.1559716887280835,-1.7258556174679156,-2.8275461158077464,-2.5399265158643667,-2.076753498457821,0.7206995922338914,1.0938220051319214,1.4822660911402825,0
1.384056377326512,4.326965656238086,0.9650793076256637,-0.4519767769046543,4.439039805293619,0.3011486340469518,-4.984115647831431,1.7270214690715648,-0.07417339919089172,0.05586313489352404,-1.5721521042025184,0.07453126109191333,-2.3123211757683597,-2.3452135629910327,0.9585762018609136,1.4466399448135474,0.48728884637618286,-1.0006866577687863,1.800811482207855,-1.499674993565152,0
1.7179900781625423,1.1275423566118719,-0.7561989364497702,2.9466355046963706,-0.14171246600312873,-0.2465679557857979,2.866469766571755,4.10806013732849,-1.6914026796638977,0.04176899186092278,-0.8962157897016473,-3.1671114319841593,-3.7165826466345964,-0.7518379139246711,-1.6418970821873216,-0.8030737398019011,-1.5327843836969302,-0.28215198503529504,-2.295237132173418,-0.1245413224332712,3
-1.2504206183493884,0.5090224070628313,0.855262341595926,0.445612126163083,0.623863809679603,-1.3599354871341165,-2.0981607407336185,-1.8106942330454445,1.0297121893921912,-1.9897450926453975,2.7873007425960865,1.2076709322477284,2.0365611353350177,1.3276270730877204,-1.1948413056821314,1.1526871832138137,2.158240663204066,0.18310519028221275,1.306907448424744,0.2431462705228431,1
-0.31660298832124273,-0.7889046151987826,4.046772102137424,2.2171221766783384,-0.9997828489250493,-1.3097832656785362,-8.758879929538434,-2.9731276520895955,-1.9533453500013183,0.08118747116551278,-2.7908941459885477,-7.44554850586313,-13.03531439598168,-1.1930906827555692,-2.5174026905464513,0.8680260471209726,-2.3410058651763634,-0.38804261784959343,1.0316863859703473,2.2621737970402815,0
0.006682783640252732,-3.433130169473118,2.6150667720067275,-0.7020269254230185,-0.3431786471044151,-0.6978173431958126,-4.591975280517816,-0.992997621232949,-1.68479596398931,-0.8054650349067655,1.4067799011574427,-1.818594064429319,-2.7506605267124713,0.5343806652155639,-0.12414886069590236,-0.9768374307202599,1.507343907347639,0.09857938897271833,-0.8161951192905623,0.3964978664505665,4
-0.8628555215014823,-1.3731554002564934,2.2199434147033363,3.021094733661389,3.3540968648863307,-0.8219541056615981,-7.818299760163461,0.6405631878118223,-3.7202505435699726,0.7308048278259475,2.945751078881842,-2.4359770539434504,-5.480303475737427,-1.1826214351295272,-0.5231163742865077,2.8175134995405724,0.47931804535352085,0.5958372940409201,1.5828985012769348,0.9867570315837266,0
-1.0221830814366792,2.6237762528969597,0.5127393371957787,1.2053747094427307,6.239866667904592,2.3361141438503115,-5.585378577242987,0.5065554650157688,0.2527849007497074,0.6365710776701781,2.544345871949962,-2.523487601470344,-6.970919819173158,0.2390110239296841,2.9678308849023174,-0.597901189669434,-0.7013221749698163,-0.11923541737752813,5.217611350348827,-8.00719787327139,0
0.020468180008705164,1.620727820519848,0.7006315594966658,0.5828631902367425,0.4057923755905305,1.1414978351339617,-5.732121368830405,-1.5731811598478442,0.9550391330099972,0.1545267784516916,-3.3657163003690442,-3.6874176583552623,-8.23507841409291,-1.2599179633223296,-2.686346030037698,1.4640312812908856,-0.5165789661504865,0.8471311535231437,2.3846817818604054,-2.835964917924585,0
-0.1728775227192876,-1.9837602557008154,3.2392298671913498,3.1765984200346913,0.735071189261624,1.0909790530148702,-7.29234657154262,-0.9180314597752561,-2.0141158606902554,-1.4011730058389058,3.3690264060849326,-3.8505575653396242,-8.007823407057895,-0.04920158156882537,-1.2772129418451335,1.453923832866273,-0.5641945444982415,-0.7100242467042406,2.635362930628647,0.18187003043282224,1
0.8974354289440717,-0.7661456929728578,0.7434060046569613,-0.5953358745917652,0.14365004064728204,0.08543234658079632,-1.918314953110215,2.42788212100536,-2.9740078009679722,0.037326950985964995,-2.5909257003339596,-2.2323910286339306,-7.134836428281232,-1.387038715745665,0.011316945070217965,-0.3820381510016504,-2.5145619749074237,-0.5303488180325058,-1.0155231410782308,-2.1186450155490206,0
1.6852241192036175,1.0842885766167054,0.4242608839521995,0.8067348143935827,2.6511389919851287,0.15302979230716213,-0.7739781546770799,1.1822031001477766,-2.5080692912821165,-0.3372884862164672,-2.4948369593446023,0.4603841923701353,-0.8423850607508541,-2.1960385508652465,-1.3735699104782917,-2.3185087135341327,1.4933764543111447,-2.002974088934801,-0.6040161557179751,1.1852628355751462,0
-1.3551629954442066,-3.3479881724939267,2.157495257351944,-0.9912603827376654,-5.586286962346214,-1.0541772395272015,5.547045614834678,2.134023490590862,-1.9505320771576546,1.4781679522315574,-2.480975902409381,0.19847771506904865,-7.770593496930063,-1.068894506069282,-2.71361113506062,-4.511492551595907,-3.384943278161224,-1.4958343871089952,-4.049130563836031,-2.987024528943429,3
0.8607298667107548,3.5050208471007682,3.4799580171041407,-1.6439400923250416,1.959780764410032,0.08394121403370815,-6.515532909414177,2.3456910563493283,1.0259393559702428,1.5076743346127723,1.1250019820425998,0.23805406287258624,-0.3054011205056889,-1.0485221010843901,0.6598591510627838,1.5890450038796509,1.8769966983893416,-0.8182116969603536,0.9425935825726937,0.6545600624116399,0
1.8104758657701332,-0.59070185635102,1.1507550329295093,2.4063756196405306,0.5185156717603304,-1.4430078278286844,-1.0084927953009095,2.627286390358829,2.3823274945517943,-1.147398115828347,3.311951168048316,-3.997663446267151,-1.4138603544562274,-0.8436566647798964,1.0297724422620769,-0.1335672335966519,2.0589962627755294,0.26587890548810433,-1.642666533249135,-1.4646825456873867,4
-0.7214405975064482,-0.322831540852627,2.4611718798149393,4.247198922592235,-3.4692965227920802,0.6851485922933035,0.8192744833651234,0.8863001454701536,-0.8540825919990168,-0.29902349882029866,-0.5304786543969149,-7.193630873724679,-11.487816184960616,-0.7700622471494337,0.051184363138013333,-0.8324832495971433,-6.576375953325677,-0.8655160672428843,-0.16854604048502908,1.9074536788407501,0
-0.4398607880538961,-0.24633871182125455,6.180983193873006,6.558470286093115,-5.399777117371249,-0.03999886643035974,-0.12207572287167556,2.2914044405818674,1.106094122547165,1.7273832937138864,7.509391434165925,-6.16702246517019,-13.938611583809907,-0.15750953086961805,0.2460974737263406,3.6982098518917104,-8.199219581339129,-0.2902144116269585,-0.038831576812020985,0.8639395117573774,3
-0.538053080056453,2.741628562773879,-0.9469099868741426,4.388869917458143,-2.460296732693376,0.10493835952998185,4.146728139739641,6.978619878979519,4.657416817324961,-1.4508489002147555,4.32755024851226,0.1459334776692549,-0.14124498833566945,-1.443393068891142,-4.49365146742369,2.8450582480143756,1.3351173363379827,1.0902931003313978,0.16268239419490937,-4.034332939526831,1
0.06195593848118351,0.11360831563837348,-0.4028613812299211,1.2932853170213523,0.3589139783813208,0.3960466485327462,1.4991572161684077,-4.155746022206115,-0.6172457735623,0.1833940601617713,0.20895585451178444,-1.139405833183516,-4.888450033738127,2.2687965162003154,-1.8249175360741023,0.7689843828810643,-1.5448665516176154,1.4647029998542787,-1.7005175520970193,-3.717440655175232,2
-0.8512593135078382,1.5525092180503406,-5.894913106828258,0.8020271516920401,4.131789817842794,-1.9243559293981887,1.0044559269383004,-0.9073122862379499,0.1776138786375432,-1.7248344923267829,-3.2922034632461274,4.055972051805835,7.374437442043948,-2.67449713255575,0.20840105312297852,3.1246848328820924,1.6518868317857365,-1.3681064679298847,3.738210477506471,0.9487278340931559,1
0.9719250936635612,-0.6195469355573526,0.09256913160293734,-1.8842846336422499,-4.263967286807981,1.9331564940070805,0.745295006243878,2.5797341449528846,-0.053036112951813985,0.21131702942554412,-1.6832585494927932,1.700802242651657,-1.2368340301957643,-0.12251482534644509,-4.233819688175943,1.2032780001408787,-0.11228558727408089,-1.9541325742930757,-1.16081533295025,-1.179068579834715,0
-0.2569636716005085,-1.2681767818802068,-2.4133969569154905,5.6525243666719645,-3.094140280968342,-0.3948841663429005,8.01971306770188,0.7698552109234376,1.3077295879090973,0.17222713246142463,4.50180322641889,-2.330205269826044,1.6856777165326926,2.227273632477332,-0.9319571372405858,-0.011149582546417736,-2.132566336407268,1.6981221331030971,-0.44163923841591624,1.6324137917182124,2
0.9567759437017008,0.7332344486091019,0.4957140287214046,3.1859702174929994,-0.8227565334345273,0.4770505959654445,3.4223147296726375,-2.496285159083162,1.1069198677289807,0.3626552857750062,1.941117465423951,0.3140694994184814,-2.772741607133906,0.6829130640499324,-1.6539051829398548,-1.0430951363989582,-1.7222262261755334,0.33953672341531277,1.3472090880621292,-1.2320348815887727,2
0.9936367078761418,-1.0010622124162478,1.2536581205722332,0.3220143929151984,-4.978466765595606,0.26235231923067054,2.2589900058707983,-0.9462554236993892,0.5783349379994143,1.1947682541296711,-3.464062997437947,-4.010515033525551,-9.84926699053221,-0.7815944574023383,-0.9505166191905675,0.20601023329925305,-5.5920559086178665,-1.1399316249471727,-2.358489061789524,-1.4405115131638913,2
-0.8809500123012943,1.190220619871491,1.2409806783506072,-1.2847114548763052,4.254935028037709,-1.4760178893576077,-10.381547971700446,-0.9355365602638652,-3.2539120283182092,-0.8815941702058119,-2.9628841270812547,-3.657023248139863,-7.908349034132785,-0.4274861407381232,-0.08493468011702021,2.075313721969006,-0.1677769333143898,-0.10310266362726443,1.9774913313901175,-2.0965471480085407,2
0.5837501436630098,1.2515696732375765,1.319585961484995,4.824724203104189,2.0331151918930885,0.2244867589402631,0.6370508362367091,3.416267902528044,-4.469513081839964,-1.3661222100138457,2.4474370373033523,-3.2030850649475386,-7.425694919119646,0.7505387771298087,-2.5519061438062898,-1.7833613267896662,-1.8454974602393879,0.983098489810972,-0.9722232865526466,-1.2245112628456991,0
-1.993452231570965,-0.5239904693113893,-0.4017364006181401,4.774986928652919,-2.133256230705321,1.235037526250372,4.761342383633963,2.5157617734080504,0.9123445534432324,0.39758762383770596,1.3253420200705466,-6.31201874236054,-7.56546155444097,-0.31270061000186566,1.452068651626392,-1.33765197190111,-5.123771853146027,-0.9177043381891433,-0.5129867933944419,-1.733160455433909,0
-0.389068876739292,0.8000858179123955,2.8504094754856273,3.042306154876655,1.3014166038997845,0.06588611467083134,-4.686720449513714,0.29360843047252494,-2.072262159386849,-0.18434540412547085,-1.5680306822404981,-3.3172877964899845,-8.819318190136046,-3.240720539905961,-1.2125795249310583,0.41482915254188946,-1.8984014767691553,0.529375127916655,1.0279498408757766,1.5366868026032883,0
-1.0509087310541387,1.7261038106263065,2.2158639834191405,-1.4467899260319323,2.619879629933152,0.3763332821718818,-8.046062454666464,-0.7810853438464003,0.8513434697505258,0.8976155168636216,2.863659761148974,-1.1095632272445841,-0.4265176688784358,1.1450464234738331,3.0034103468584052,2.983080761446075,0.41930037629344774,-1.5500523858445794,3.3884936638415666,0.11181565929925608,1
-0.034376267512949386,2.0742170583217416,-0.4575237931779952,4.187482221687192,-2.347385745696127,-0.22440713636115683,3.6940363121929676,2.536063522887038,1.0801858208810384,-0.9767652934412705,-0.4272566549623882,-4.321680753606582,-1.7096236686929283,0.12408066343598056,-1.6538465348077347,-2.7430606986450554,-2.0231285922805626,0.6553631212748573,1.5021546730139215,3.350266664641658,0
0.9270134448498357,2.501486509004243,0.05427322220226216,-3.399570942054276,0.4773799985959293,1.7042274944929616,-0.4200017038219527,2.5111749100769334,-1.4229737579675625,0.21673645419964271,-0.9499825726797514,3.261183801266302,1.5705700127955493,0.9936837755272294,-0.3751686701643042,0.8092095671360526,-0.33945276548479364,0.5135521968628918,-0.3544448370964388,-1.3655425125642626,0
-1.313145562368715,-0.7298113275872937,-3.47859708052972,0.028527644087813275,5.982662320174296,-0.09195546633749177,-9.143866282338381,0.0064563880778386595,-4.413519923307685,0.3045814621197868,-0.49584202103814157,-1.1187586055952794,-0.6147811794384079,0.164709757471454,1.977154186978209,4.674279743210964,-0.21687062962411618,-0.36605070609828044,6.397329519807519,-0.5360129949787646,1
-0.6185674079062269,0.13655968883638603,1.2504147833087562,3.3745739361843166,2.183060563299666,-0.00031178075796579007,-0.022815449983504897,-1.3569677667308517,2.4733975883782366,-1.530556586195073,3.450751417911628,-2.768186825331349,-0.0843112027849525,-0.6022147200928678,1.5761623327632226,-0.6119189860780188,2.1728866814379995,-0.323479995255614,-1.3884452952738957,-0.1466826769159808,2
-1.5562338893126808,-1.0130957744433151,-2.968418405974911,1.8709238084966073,3.401515496494204,-0.984543984303426,-2.0243731286669413,-1.61229874166269,-1.5668428966272918,-1.462368528470791,4.067168296565393,0.04279116980504072,1.7989384511077287,2.58843257400877,0.1929023671782073,5.157989331968021,0.8803090869759977,1.489580084758466,0.8280092702097508,-2.22533948832395,4
-0.7095848288365785,0.2848208088188513,0.026892263136815586,-1.7120853174452209,-6.801799123474245,0.3314364574947298,1.2496061318306986,1.6112807682982528,2.654415334710076,0.5149306308437108,-0.645659247206599,-0.36931716839816675,-0.7917564636913454,1.6741965040424853,-1.54707380571801,0.817733224794315,-3.5219151207523627,-0.24753326765505312,3.3249368827901247,0.9822509710408277,4
-1.1182561446496022,0.13136690096531467,-0.44745629295375733,3.395358283538154,3.161386787089149,0.7300295312062078,-6.669426558830616,-2.293061590634442,-1.3136653825994737,0.29060916946140414,0.24638747540417297,-1.9395682764166347,-7.008272033064883,-1.1189343047484352,-2.6414975621480785,3.360334862545071,-0.16807233055859194,3.3822428762351637,4.8855630144560775,-2.6556440705288837,4
-0.498664483362298,0.8119744858133557,1.7450643435560067,-0.3424149066019586,1.888169659478882,-0.10999710884267146,-4.574244138326369,-0.9653524432205236,0.4206847458064611,0.12058826016822878,3.8329682223009565,0.13840126135816821,-1.8732935161604358,1.6697723856319495,1.6724924794227904,1.2564873442537217,-0.3688421768933269,0.4462231525782905,3.543113586655967,-2.4605798879588487,0
0.73210708581407,2.0903591400707784,-1.143689103778185,0.0209066192202787,-0.7757896331201773,-0.8203086606408461,1.9072500762810658,-0.011238903783253651,1.202615342224429,0.604512397290908,-0.46844978196312076,-3.1701601012149836,0.8307513613590704,2.112141019946454,1.7439747831981296,1.21789894578794,-2.025828854535644,2.0315948764306495,-1.6784923039737958,1.4278969541348752,4
0.5673790973410955,-1.506074439034969,1.0714663274529743,-3.3047967171227257,-4.834066504009943,0.6688209749459917,-3.710792446090673,0.8451593717256884,2.4243770237327196,0.8753936738328341,-1.9312733650827438,1.8415100123190005,3.841860241487793,-1.7409892112339604,-1.129226000765038,2.2462335479552453,1.2459907888621533,-0.5765156640890398,2.217284337490676,4.649888720290594,4
0.0265135672152323,-0.17269102328816155,-0.917037710062131,0.7328143577253117,-4.042866204697255,-0.3902987279818581,8.764987678025694,3.736381487567247,2.7419794221014286,-0.6856990470047358,5.242818698599775,0.8839184950186183,3.8127995498398257,3.1555739434816976,0.10149837817194163,-0.63694987783922,-0.9159051864979935,-0.11984968328419424,-3.1105750490645088,-2.4888256542293883,0
1.7867904854396721,2.941111221016693,-1.5216689970673243,-0.9207630909095899,0.44602984369103355,-1.2033368435859422,-3.0248774576057085,-2.3658693796071657,1.406022843869874,1.0862332842069935,-2.931376987392007,0.026449568031564397,-4.036148572261109,0.5003280050034915,-2.2089420351698954,3.0453283149562695,-1.5188203563012137,0.1534383043691375,3.7952655798235306,-3.9754994561965367,0
0.2304654871592032,2.196699542388905,1.0536439967474835,0.8500768139333477,3.8889243429117486,1.0565015853081723,0.3276435896286835,0.9213182653478296,-3.6713214381644215,-0.4775568016559563,-1.6903172775693005,0.45634451036906953,-3.280253962257305,-1.870366469033466,0.9335633043688161,-0.6710522434604986,-1.4371408244328523,-0.9026522897253085,-2.6595898171192696,0.14071150532695842,0
-0.9745008151364684,-0.1860831794241271,-3.0267139871053406,0.6227182300807788,7.678229825197479,-1.1132913124878523,-3.671702151732383,-2.193549253392188,-1.3563158150276544,0.6890311762782637,-2.758982699775558,2.3504796902344327,3.5872769484415654,-4.481460159432903,1.162084441215479,3.4833259466487028,4.663136308542987,-1.358212825207657,-1.1332972744942607,-0.8751923085695611,3
-0.554162958651255,0.050591418287930456,-2.202900235915509,0.26337288792573177,1.19797109289809,0.48807307381157994,-1.133970950761385,-0.9962546626558418,1.367601427933545,0.08400478748145165,-2.166801888885153,0.43746523140219296,1.7346958910896009,-1.6865695064292119,-0.41840535862699824,0.5702406466149659,1.544493125420995,2.006966498107907,2.62812742733515,-0.3921971041925244,1
-0.8470235166549841,1.0480680570214282,0.21887491917592672,2.845050877188612,0.5764815599306012,-1.4820863365605499,-2.48968290917388,1.1324469246024833,-0.7394243511089369,-0.70468075795295,0.12467299437380379,0.7412728069997332,-4.2171445113613695,-1.8184858631656349,-4.137957685351754,1.0228414353176478,0.04831726642351397,1.2065459725134526,4.05983220389761,-1.2904434836390037,3
3.2169835867901884,2.873105526057834,0.7169633612730937,-1.502563494555484,2.4522874587455195,1.6765765669516448,-2.7365133534305017,-0.9853769913002128,1.5803457586944791,-0.7995551979887466,-0.10626653188533988,-0.5859049014720685,-2.601327375289021,1.0616682904670038,1.204917098525217,-1.0454055287904,0.10032833216167658,-0.9721057060499688,2.324346747394606,-4.595679345371136,0
-0.03201357509634998,0.2948183510611321,-2.207147486021362,-0.0026925215695643434,6.350565125093916,0.296814226915065,-4.399170480763021,-0.1266658691004463,-3.822056856306013,-0.32563307142638215,-4.252999979647592,-2.072394735669908,-6.246947083027012,-1.9272020109296137,0.6621413032738235,-0.12835360430019693,0.10251953395138358,0.4635583208295639,0.6883150393897995,-5.391519698576467,0
-0.10160298252763755,2.8306568233220997,-0.6561765027050244,0.5747280192410082,1.7773900819285262,0.6260035517187722,-0.9236819992404648,1.0427551637869437,0.7208795328044766,-0.810386240173333,-3.503510090771873,-1.440603091062505,-5.013847941202469,-2.3745535579839103,-0.7968854858378307,0.33668682949471507,-0.9327671817244584,1.8651071593741544,0.6603659939044673,-3.425397773139675,0
-0.6234299302954925,-0.2852002358685767,4.5322848854348665,-2.253896533334395,-0.2483757559298245,-0.4480891389268773,-1.6227855207932458,-1.175773837090114,-1.0462950414218022,1.7569109164093806,3.197273924797804,1.3329868881593696,-5.509928443498764,2.6782152484646486,-0.5725616139733845,-2.8543462099185044,-0.2742408034979207,0.9846383089277486,-1.118927194305867,-5.220343508583532,2
0.7754665991067247,2.1609129982895787,2.417671384254002,1.171707835287809,2.2337235931895822,0.03630021557422472,-6.063584665296726,0.9575428703651838,-2.720836492029149,0.24755955484730666,-3.3677058527542627,-2.6592501506522095,-8.646706874759264,-3.18771791079412,-1.316553676029986,1.3513808166693377,-1.7122192618980003,-0.5613305766230074,0.5666300235605599,0.683476330472385,0
-0.8412085388985402,3.8325268106566224,-1.6896464041180264,0.6760814415327265,-0.7976890753954576,-2.398430286441559,3.115531101411558,1.7319646952181773,-0.15023201958111188,2.147292803987968,-3.0904969274293705,-3.2993888766985178,0.28514498133077565,1.6233703355934925,-0.22889001706692158,-1.541361906051889,-2.4297224347392645,-0.6481238211901524,-0.24178416417827853,2.8224802298731175,0
-1.079064855035123,-0.7127054873034859,2.976950929806593,3.0949940954962623,5.347629504410651,2.3052443734521595,-8.424693444811002,0.11350704986180937,-1.401358272430027,2.181078578824122,5.382715986287139,-0.07094163322916269,-1.7472559157689596,-2.2972488848418466,0.609586044353128,3.326026812843546,3.454152412037513,-1.6035310391159396,1.6773315500184696,0.27111342460966503,0
-1.5743437082232996,-0.384446383924683,4.162194763177473,1.4642650485278033,-3.092840367618106,0.07243456351598326,-2.2132936516482418,3.270703900590571,-1.329708465367788,0.22609812679603847,1.4190509050068472,-2.0748054436693266,-10.238357861304742,-1.2752995771014588,-2.194208028889824,0.7225914369825432,-3.6216637907696376,-0.2134209543484186,-0.120120591734025,-1.4350164240911853,0
-0.5080087723197868,-2.9641027439576244,-3.566448052571307,3.168765420463456,0.4061059122644624,-0.4106425533770172,1.8130954486369106,-2.445289746057738,2.3727169882246786,-2.244986081764812,3.7185099096391205,-0.9510695233727711,4.631649981198827,0.4455437856171749,1.0063076460106037,5.250385034079517,1.6325118587421397,1.3206994506166292,-1.2571304061369908,0.04384864832361579,1
-0.6292506569421282,-1.0155161309235252,-1.573636158670526,4.295299687125676,-1.4249686743806267,0.44118467847458515,5.057596488801345,-3.28135654728086,-2.5842606318814805,0.6739184729792327,1.8858157843182912,-1.8166540053795046,-4.2521031965726275,3.253228034593962,-4.018796277545959,3.2370524709312747,-2.745493832670517,1.7758422743543154,-4.7108726257234546,-0.8076264597571408,1
-0.3031004905443506,0.0979109395909985,1.3561341767123098,-1.6357422334310607,-3.101074231980954,0.47443518218912434,0.5498617599536834,2.715383378105308,0.600524365176053,1.3568021601969253,1.4160375408379227,-0.33865389565487547,-1.0882039626411975,1.1587375031178566,-0.4488114623685804,2.3581649926685735,-1.1404264561568194,0.443420050686932,-3.2546858497906594,-0.8717352944614596,4
0.010843255677798891,0.5743207772325862,0.8227863191333673,1.05179393721565,-3.037355062115751,-0.8703374793845873,1.1451471156263713,1.850202094267599,-0.2431579149159132,-0.7467899810039311,2.220285371148803,-4.833940693914137,-3.304116316100858,3.329215531295996,1.2780161964579952,0.4806460692610579,-4.291639556406045,0.8356228445521514,-0.5633865319502677,1.5714356207541158,0
0.3617426417274599,2.937425676103068,-0.12880305754795773,0.45812108686668573,2.0779696226042117,0.6766390291964895,4.180641282787736,-4.4120416144183645,-1.8519683822520676,-0.6588879959412907,3.0886404574399497,3.242143570562822,2.463385419543323,5.414868170900475,-0.5123620046914251,-1.8623520121659096,-1.2055971555313238,-0.734965953544404,0.28547942911163116,-0.6935837972267649,1
-0.011513105794569484,1.340899189549488,2.2152089330976557,0.7590583105155277,1.7258257977209983,-0.4221072689180159,0.768172716771368,-2.369386020646875,-1.7247332815107006,-0.2700705779173518,-2.156166400427122,3.3327240613762843,0.7353649363828811,-2.799728168306542,-1.789756413148845,-1.2598568510666874,1.461873864301059,-0.12402656521531608,-2.6063461639277614,3.763232251678988,0
-0.8955864857376723,0.2402859455347669,2.552682419824268,0.17504323185638793,2.089097628317385,1.4366529760613467,-4.548344953027369,-0.7297116190407549,-2.1122511099986907,0.270824348954684,-2.7329170409891765,-0.888542886185081,-8.027715125855822,-3.589748100472243,-0.3223799934225441,1.6445646746265443,-1.2146953296349907,-0.3039593139516729,-1.5644956892498372,-1.313255252856993,0
-0.11901741714060676,2.285993082109649,-0.03723776679488222,0.09974089589035273,-4.743395666233659,-1.9030212838976388,1.4545664813157395,4.2453344046365995,-0.0038583886794896216,-1.6496425243954795,-3.4082050172769995,-6.849947790308221,-9.842158322087345,1.3996389829144453,-0.6603273664291476,-0.0878628186571404,-6.974015769469195,-0.47020192511830067,-0.14025992708169355,-1.5682143700876972,0
-1.2286440893040553,2.3454205910543267,0.029218460695931592,-0.9508543742116355,2.9729556636016894,-1.4222875679696008,-3.0777021457175273,0.06302713649766567,-2.6796763271963746,-2.303337382319411,-7.067401163786566,0.6989397243561464,0.12998552280573009,-3.230244771590486,-2.900478315769913,-2.958413418514505,2.9315381109199494,-0.3524048317980249,0.05721659936949841,3.1866649776013993,2
-0.9174992424127689,2.260195248858369,-0.7535634473467262,1.1938541537925509,2.5408001448729123,0.37330508741676854,-2.834715697583567,-0.9526994749249048,3.158486420248221,-0.7121898030638588,1.1468535805789313,0.5847645667042697,0.5240950480690637,-0.5489171705904337,-0.29160580372286815,-0.2609307486342549,1.9624782064665554,-0.06261706161848517,6.065115540218246,-2.994302880103531,1
-0.97735273383169,2.0853327120001497,2.7478731104031624,1.278776850798166,-1.6155694413675903,-0.8735352922468359,1.6008394667062713,0.19875857660549823,1.5962730880755283,-0.49496290851828206,4.272009076880978,0.03645238908909332,-2.265184645126736,2.5508145379502887,-0.7201331563323814,-2.084569809269136,-1.5287583486238312,0.5327064043520745,1.8304443490616955,-1.4106549153955927,0
0.1790159726090269,4.322304592818983,-0.8560566578188407,1.9977593792914532,1.4188471145955714,0.8104513678732886,3.6592411844614774,0.6227993100439388,-2.3277894065713047,-1.2898171337260176,-5.9655562782504346,-3.966571925689727,-6.566698706491421,-1.428858942970346,0.9461694988819058,-1.8139189650850804,-5.608900411176592,-0.7733934408619441,-1.7994137078097845,1.4213445941536955,0
0.07352507758427483,2.0657107321559627,-1.541839632861356,-1.391994941332415,-2.3791712743045874,-0.6416618511141029,5.460687529757298,-2.361058864688083,-0.21841320091066962,-1.2955492680663248,-2.792659473583373,4.068973227651546,-2.59030300506177,2.440400528489159,-5.328608938020847,-1.5777700895232796,-1.9405997596361422,-0.995051357417175,0.4496492210674351,-5.324213447582937,2
1.0433467358107869,0.4253349054626663,4.172369478213782,1.0911406172094715,-6.923711107281928,0.672387289619635,7.191964251068916,-3.612322282271738,4.053431268995096,-0.08647867103714482,2.087668357400191,-1.3642838591499398,-4.785149803787271,3.736522083534009,-3.7936575696460397,-6.7362662554766235,-1.6302825647300816,1.010546426068119,-1.9019488845133825,-1.826536315124653,2
0.6071528115005168,-0.49222209602251454,-0.5721339478545289,-2.392886001749752,-0.22899190045275833,-0.01425501030712532,-3.9388027198369233,-0.7848032198834591,-3.6402909167003226,1.153601809806852,-4.094002488943531,-1.679810594621221,-3.41452651136512,2.5156623342258593,-4.525072306331012,-1.5922018932777777,1.3525057115839918,-2.233272053764677,-0.12301381521062338,-1.3033512842971278,3
-0.2766286703121888,-1.1888446926442593,2.0298415441420605,0.3576513309456075,0.6747825075832332,1.2198247662051014,-2.153820821148727,2.4151874925610968,-1.6301619462943244,1.8267700001021903,1.564317215486281,3.3647041100541957,2.438220193873301,-1.495953885036836,-3.7571737252031525,-2.9881278596120535,4.958652025841047,1.5100961985717811,0.9838888452794086,1.1147338098728279,0
1.1553722866103862,2.851548109333153,-1.1620792968373188,-0.8303772774642644,5.4082929395090025,-0.011026139324065017,-6.163080921921159,-3.340143519419077,0.6790817945721079,0.08732485448212002,-10.932229052609197,-2.710003561755264,-7.639019910137458,-7.0717434412143945,1.645639796705098,-0.22779114806253342,-0.6059526493254228,0.3097584842380697,2.692329956298895,-2.1750121805175153,2
-1.622325924918163,-0.11187948212863352,1.8799631528991636,-3.605819832208531,-4.987086733201848,0.018016763321688806,1.109620326313385,2.2088294935560953,-1.172041132103589,-0.5703290551384997,-4.127390772482358,1.5907355794767386,-4.572260044034118,-0.18344912744484854,-4.339982857305715,-1.6729651991745884,-1.4760370160402372,1.999663601134363,-2.330741040776629,-1.674241297232256,0
0.3991186820646895,0.15560950085140168,2.870457045560184,-0.4193414639217776,-4.217550377479482,0.45607769747214266,3.5737203997468487,3.4504326412418505,0.38497603133008784,-1.105151232636038,0.36329440111487077,1.5698365434673351,-1.6122878314417053,-1.7741895692911966,0.42170706021473636,-1.0710211504604867,-3.2835270500692832,-1.1890086802346642,-1.3892066833708432,2.1571566951865027,2
0.3162372510212019,1.8785910750276433,2.1310999074131063,0.4166769420531765,-3.9396200154364127,0.08538231043499055,4.1739663446314,2.5827503011372164,-0.4816291119977273,0.5738875295691603,-1.968520048184735,0.5236638192336454,-3.0880220848735416,-1.2813013056008917,-1.959069895751289,-1.3102211214429431,-3.5005774393251334,-0.10874036302393643,-2.068149172828861,2.6836824848435494,0
-0.09861693082984847,0.19597550108625883,-1.2483816483798376,-5.933406540959366,-1.4333512810061027,0.13239097828149723,-0.7625630153099281,-0.9402081682388519,-2.769261816348377,1.508369699909448,-5.023278518949722,2.809599414034524,2.9693791563680985,1.7913204308947859,-1.0346402589416956,2.3086645975483506,-0.3869087287415569,-1.2126602480555833,-3.3832791009427785,1.4482997901641448,1
0.34053248021197213,-1.5484639565434768,-2.5178117094150467,-2.4263356289576388,-5.768998480127641,-1.2329628986213914,4.388300996413738,0.5352396867928537,1.131241127374243,0.20175626926049203,-3.4717283699017703,1.1755060697772306,4.478007950812492,-0.06141521386625248,0.06674975283077555,2.3621103881256316,-2.627979609779298,-0.5260726733003243,-1.3925500508081812,4.188639251307814,1
-1.626248187705011,4.086901093337492,0.89044293891939,-2.3026067052027757,6.478365060869346,-0.41304250398099146,-3.861101939669994,2.0587870728389364,-5.375481881093932,-0.5731503907018507,-3.205996914825581,2.169444620861432,-5.346679566312281,-1.1402412782417193,1.9999681375684273,-2.0279406028792923,-2.462510568446302,-0.780558537552541,2.4639319718885027,-3.6854181996897237,2
0.6229286263720306,-0.4768432843125223,-0.5770435686724649,-4.412852954339373,1.5792437249125901,0.34657306779231895,-4.703566388082066,-0.9756503104282852,-2.6595598134645217,-0.5364034910230189,-5.294188031357905,-4.7841867519254,-4.079115499641414,1.906835620052124,3.254643003752733,-2.647561912629423,-1.6349100541843753,-0.021604897393416346,0.08344476195673178,-1.3879309157446569,2
-0.23268055195945428,0.30515333284230817,0.9977159977514437,-3.1549297273782058,-3.6931370050182717,-0.06753111340072018,-4.043617353237467,-0.294652685395278,1.821416606563672,0.08512629046558606,-6.505276673494685,5.505315240052877,-1.0587108515683716,-5.997847070407049,-4.229570524444753,3.687647588778962,0.12466524015658087,-0.8528225089290052,3.3164229313379896,1.832882076724381,4
-0.5397250419924094,1.7383014219013848,1.3269119936699707,-0.9736656662729299,1.1394603459015167,-0.3867634825298318,-2.650018568391139,1.6056188336865636,-2.755376583182037,-0.48054210771129147,-3.0918462723108586,1.0390394937543732,-0.5073300952315554,-1.214464972651362,-2.6980299533082097,-1.819052652090654,1.5881390697273363,-1.3706681193060541,-0.07428540901346536,2.3236037473901385,0
0.034459065423621975,0.13666975292968486,-3.0107648741068282,1.8422082219242708,1.9710117756221264,0.3886630123291927,-0.24171798262299124,1.9063416297037623,-4.827968089284864,-0.24669128362560627,-2.9869141687845624,-4.448871994790072,-2.894270116480944,1.0536132031123964,-0.9806765025680251,0.23363334899736654,-1.6506988308690873,0.22072268908341927,-1.2583185866244078,1.2135249972492361,3
1.6664917683916414,1.5928596670096813,-0.2222222439739241,4.642573036620299,3.7959605542125017,1.5779556250558142,0.2524665109795952,1.0993263337595685,-2.3675729318309364,-0.6971121370299773,-3.215234459416353,-3.418263167887525,-4.532396724272638,-3.8313732840133503,-0.22141567944291518,-3.171092523418564,-0.5771619540087394,-0.09067369859010972,0.43535047167959084,2.162841618911786,0
0.6619481726630806,1.088249566269845,0.4158318433910544,4.408572922146671,2.341473861868815,-1.1514746785015864,-4.12952486076097,-0.9374937694542864,-2.407150776449752,0.1244950954306362,-6.4712952053977295,-7.576050203773287,-14.313779014465394,-4.349627271763422,-2.256099324765379,-0.09501134996763239,-3.036504853417065,-0.789088675511887,-0.030562601154944913,-1.0655846609565907,0
0.3845611014167463,3.4251011459640166,3.2067247974613866,0.8969976373693594,1.9535905902376622,0.7273521095816817,-10.170488546058841,-2.011950554596072,-1.2250090337527721,-0.1145091324680288,-2.7433422296055125,-5.403540972666974,-9.774563932958975,-0.2924307495654106,-2.595608610225012,2.0658839598151295,-0.7213968260164414,-0.39687571283355144,2.3686790270247453,0.820012574135025,0
-0.21825705787210473,-0.10155471870275146,0.41133281648910136,-0.8523127158932455,-3.1394502331118788,0.4308251082593893,2.286072202094384,1.076802192830972,-1.8132888458984628,-0.20670107682233727,-4.433619016151336,-3.0408344093357504,-6.347346009593117,0.25054876114979185,-0.9450201036436509,-3.0021735735984754,-4.064371506766146,1.698298396059252,-1.4450370493293494,-0.10650378508654423,3
1.154655905388987,-1.2975139555630912,2.4711766830793684,1.2673296519870438,-3.2904260023367695,-0.7425952415896138,-2.449669033801541,0.190231149648042,-0.19900059479611187,-0.23893607447308596,-0.4804462049697346,-2.492039035698019,-7.2159220809060445,-1.4481108783424699,-1.649201361857961,1.3381887734843996,-2.8404828817658654,-0.9839521373941029,0.7127095413882523,0.9953504223846574,0
-0.906762062917125,-1.2942429837438518,2.5006407831428215,-1.3793932225522596,2.3603124353169407,-1.0375996955578972,-8.835185909993902,1.803950767596939,-2.377349582078323,-0.3649660817981491,3.815251071498523,-0.6780359516057992,-1.9727963207398214,1.0492467570755464,0.5432893025990286,2.6590698832229283,2.031368651072425,1.313044386990526,1.2031373507446483,-1.3028007111227518,0
-0.3044375767552746,1.0297344410019202,2.2486315383241804,-1.13984173621167,-1.2363442452104938,-0.7484219693469809,-4.140651281756075,4.515011221706262,-1.8689853311709017,0.4725455175524111,-6.010002024858811,-0.3555317660156442,-4.087567235340126,-6.402537576688088,-1.1907776539114037,3.2518288761942187,-1.2568518406041558,0.32881365304226085,-2.646637510616699,4.701745870767934,0
0.5722353666922803,0.10255533439412456,2.732328542094991,2.8972781777385705,4.821727403338107,0.442268522359608,-5.026655914647559,3.0647073420821007,-2.2950889899171214,-0.7486606211479161,7.620861133586082,-0.9275862569578223,-2.71311143908444,0.7114612157322622,2.0144776788778773,0.2605378367907871,1.0310810252200358,-0.8405606690608852,2.3061244497338933,-2.320844796577852,0
2.007186216985941,1.9605206293137516,-1.7304991238554672,-1.3658853981331722,7.111522911465743,0.048299193935381846,-8.274115780165259,0.5389382568944342,-2.0563359820385276,-2.2730089168923766,-3.1451425577584584,1.1667382645712547,-0.793251223005533,-3.2423667428725187,0.696494878883769,4.182657385650052,2.64678102585421,0.040778665785044764,2.159152955083541,-2.835373690349099,3
-0.022575369904033048,-1.298460573723696,4.643413769190078,4.027784820983392,-1.3692422187026023,1.5769303192952826,-4.099712585634432,2.209654434023376,-2.7689436868269044,-1.3699556620469897,2.097825768015382,-3.563583339012641,-9.918945053142943,-1.912790746391808,-2.150944494931011,-1.029373263058322,-2.484632669002888,1.1459404226025305,1.7552929832898072,2.0860673830900396,0
0.22229991193368448,-0.5707596304786351,1.0043602362143238,-0.48010083771858114,0.34438741952544444,-2.033075499215014,-4.440194310713653,-2.435424216550648,3.1349322246283786,0.8988344862097389,1.8885418940838823,1.6290075136910351,3.689466810756526,-1.253806329232138,2.1423898740228946,1.4777332243516972,1.6209194197503822,3.409734037550058,5.059572071814525,2.297949572914869,1
0.005077105450994289,3.034177722276208,-0.4122087924689024,0.8211874532765231,6.06807060684458,1.3963700413109872,-2.525680148192399,4.031942890390624,-3.201417280992082,0.19283746966564758,-1.5725719149444146,1.3872333397441645,-0.9610691258490021,-2.8135393723741693,-0.7765047073700959,-0.917025548206481,2.2550423833234503,0.17042291188230851,0.37787871332580814,-2.0156049172316397,0
-0.0893765461906576,3.8876852234857444,5.372841291430558,5.881351469659747,3.398569463972667,-0.4624870310253116,-1.037137806060136,-2.1042038158252807,-1.785566816159544,2.8892266547507153,3.579711788350364,0.3422906374053458,-7.35615590459365,-2.692876137004201,-0.07240050870331027,1.7301288314028045,-3.201912293981791,-0.12974561840678214,-0.6193300494548846,2.8936041811758155,3
-0.34891210662960886,0.3822141883312229,-0.8017247119051718,1.0172990397700457,3.411428014132056,0.1472862840260032,-0.8377689812039139,-0.23861341494751276,-2.6858755432654524,-0.5923145381164844,-0.3625050838442076,-2.9841897633242147,-7.44085487349711,1.5615611461475227,0.3729032123800482,-2.407324299545955,-1.8589510516000423,-0.13026197630890002,1.0317075719069615,-6.299207180673398,0
-0.7392727673300735,-1.0448915446323652,0.5011105210145479,-1.36624338724863,-5.917389642334054,0.1392973241256974,1.7418420493195987,3.9592701758929745,0.13311889300426394,0.6616269948379886,4.619563043262564,0.5322540573253152,-0.9110610482936966,3.988111492113,-0.8508601440818016,3.138508389744155,-3.922004281600655,1.1574771270866617,0.6187306083257109,-1.3826951747773024,2
1.3557594940496047,0.2624019262062056,-0.508820230728142,4.908522441612664,0.47925075649698906,1.0553021549355308,5.239019496284641,-2.6381982774499537,4.369520662455584,0.7847350871704154,4.5087866338153235,1.6214621133127838,1.7783609624890762,-0.8266419643933818,-1.9476347534433593,0.6335893929897107,2.4874836723859586,1.0116821627188128,-0.9697860749804221,-2.7235261287248806,2
1.3415262711902554,0.06461603518312142,-0.7009288517343942,-0.5228928662601975,-2.6208251388499684,2.624550103648439,-1.111075487438581,-2.45910839894421,3.8593847652616353,-0.4019125267741908,-6.701529962500079,-3.120826152148803,-3.2454497678156633,-2.5830817128322283,-2.111069098078201,-3.0404787260318753,0.649126070353996,-1.0251422255166194,2.8150932289671164,-0.19667851030834327,2
0.41290609047042764,0.2720682494754151,-0.16634000348007172,2.2836228478409817,5.596246054779133,-0.18711839063866675,-8.381941585991767,0.5951139089911694,-3.9080685384064924,-0.4215326140249684,-2.4182476389578444,-3.580396485417643,-8.677343656232013,-2.9935083650937377,-1.0653842822220922,2.394134492240172,0.23601928697476082,1.3016168637924865,2.0004196600695106,-2.5919127400922406,0
-0.9377966243554279,1.6857653496618488,-1.0774100589819056,1.7907027951932397,4.358543722061811,0.7266615021191012,-4.840637954146008,2.2031889831061005,-1.89447218400508,-0.6820469728137909,-1.540972166523901,-0.5173316594363562,-4.088598643266358,-3.1465607317261104,-1.3362328351350015,3.4018035732716037,0.6326473126384289,-2.128063299348509,1.6368221999501404,-2.454625492367328,0
-2.3252325239478,-0.4963909467227301,3.687378856975804,3.929772345774453,0.5217731109105174,0.08907337827973262,-7.130532314232914,-3.9074122816997487,-0.3115921514329092,0.6627012713306347,0.3088182901543545,-6.663124139184387,-12.412011223162876,-1.161060789763974,0.11384726615787244,0.5251668657481576,-3.356052515492459,1.6082831585970836,3.6756649908232,0.47531411389690414,0
-0.7289738178587862,-2.330277931342456,-1.9592729991905422,-1.8615610449100108,-9.46256327104095,-1.5842666858065393,4.737537605693195,-0.8696715238784265,4.483644113959308,-1.5067562989606322,-4.481191202521476,-0.10474986469070524,3.6637293117014123,0.05154473409026461,-2.719689579824259,-1.4334836925142782,-1.4987584656921387,0.21322802300448412,2.3129660254183095,4.39571838127225,0
0.11117181070433145,-0.4915818145492251,1.6724296960064704,-0.12004044762219612,0.25876852244302206,-0.7421628472712444,-0.7318034368080333,-2.7638849796469414,1.2520764744474402,0.686460459030022,1.011065260942667,-1.5156912082894536,-2.3258533265070365,1.4033492127340135,-0.2113242854215307,-2.6205254188245943,1.377502529103008,0.23919126995168458,-0.6458829200099984,-2.500361123621743,2
0.5096476691388875,-1.114004070482309,1.7132576875501908,0.8833887521702392,2.8233177015906374,-0.6473399898865044,-6.257461224760175,-3.1068146142593633,2.4430576314825414,-0.1433267889966528,7.123168234032628,-3.595802547228613,3.9877290215555323,3.5795177028827885,3.517046778915375,1.3524482753088698,4.189930118410987,0.5179705107653142,1.0705653264307045,1.2232299021151487,2
-1.4402841263907096,2.063374635717685,0.5898034849951126,1.1787033532645017,0.2626673635807177,-0.568624704822163,1.2420923108577624,3.102977768363291,1.6040705182090385,0.8500937026620364,-1.3387089739958864,-4.048834601586742,-5.3679298921770675,-1.7784587813496646,0.6038584715958462,-0.18306808163631394,-1.1201647362813671,-0.12001333662851386,-3.349324485078826,-3.1002590000403187,4
1.4675768195538175,0.591126452762089,-0.7936361708918056,1.2516744219779168,2.9272975105046033,0.45440842035377865,-0.7893846402857266,2.4938525203814548,-1.5706873048323098,0.6411611228876519,1.362170472939435,0.6251273830408972,-2.812667517568702,-0.8380155467652365,0.22432798024590062,0.7163796312155692,-0.5862276074354262,-0.646434642775213,1.5564041245273759,-4.135062920221811,0
0.8011022696308178,2.732974061205957,-2.87749003099487,3.703378555080097,1.7449257789193693,-2.026181354268752,4.901207216676611,-0.47613447611245574,0.8598854644514793,-0.5222001459393851,-4.339413059577321,-6.540361129123644,-4.332049936362002,-1.5454847118452393,3.255463043920014,-0.9628426230734156,-4.466591637728577,-0.6560977772315848,-1.8620262826646519,0.5492474631157389,4
0.8641486658962167,-2.9188553336726244,-0.6564581066590973,-2.768250308863536,0.03266791455031725,0.8070551347990526,-5.292871984628167,-2.3371917879907738,-0.8437392517900703,1.787869904551495,-3.26831627551882,-1.4341069035066432,-4.7785117650409665,-0.3061343347581338,-0.47153356099591426,1.2476994944080626,0.21112336616495697,0.7709023889625445,0.9274939311523163,-3.893305160289304,0
0.164457822597054,-2.0030047407292386,-3.5735208155304368,5.063681696313916,0.4058030957385778,-0.1426013155939268,7.626378836785063,-1.0600199188450148,1.2721526138979593,-0.04193920804188372,10.153760518332833,1.3184268872574032,9.78502282926442,4.642092621550027,1.857916790952998,3.535052991251614,0.7886596216398951,0.012103760971243785,-1.4925728184886848,1.3497613723229636,1
-1.3489548043426323,-0.747263069157339,4.006651264166594,2.8032292197153517,2.1387035974262796,0.08355358524401581,-4.61610022083142,1.8345098792412333,-1.4868441783865882,-0.14234256414661467,7.127431421194182,-1.818407718493217,-4.616901555126802,0.7019173176037719,1.9145634264145177,-0.3274648978359811,-0.584516905308051,-0.10371291899224043,2.5078660117526006,-0.9017367877584291,0
0.5163310650994681,0.2705645798591342,0.0535098559075472,-0.32048468870922187,0.6735095583962183,1.4912976375915024,-4.374652543641133,0.9172458060896181,-2.3912093713666818,0.09100439554275078,-2.4853916874046864,-1.482449563963689,-4.601047364315175,-0.6443979321480985,-2.8318744420003705,2.197470806391947,0.15936517035465547,-0.6409139483941941,-0.46331351878790095,-0.9875586608030302,0
-0.007779170425073502,1.6872286122227496,1.693087632399597,2.0045231082741783,3.1349676504099033,-0.07276987951260311,0.12824373988267626,-0.06437137920624969,-2.9978787783065135,-0.5758141300459375,-1.3095313177694556,0.6502728376083498,-2.44490550099687,-2.4930100341363683,-0.25000518177256537,-1.1614861412072148,-0.39547611463820787,1.0555289801264016,-1.9190665869800463,2.1738990215208216,0
1.2972326700689625,1.9948461219885196,0.5050274652981283,1.5983568974986726,2.429440782689375,1.7527658861736692,0.9510967821394672,4.251627276945454,-1.5038349115218053,-1.3869466213354347,2.323064464522357,2.386893381289097,-0.3212149419444273,-1.5685559536503675,0.34012880439187554,0.2351995615128588,-0.5781806941904248,0.8934967632235289,0.7699181674715254,-1.2744425821472212,0
0.5949099580142957,0.6816128824018068,0.6837240043610673,0.9807544082985392,4.484426893051932,-1.4305600285550093,-2.278550580336767,-1.931005246534022,0.46911481117769416,1.063442289187257,2.290716906668413,-3.7404317109943923,1.3148900586989574,1.7293928378256496,2.920431407899972,-1.9295979089465494,3.1569134654347204,-0.9549255066223213,-1.8935488880773736,-0.30405442817700135,2
0.32441266083030545,0.029032881048204562,-0.5840751185231653,1.5288640087969452,1.1875025707937334,-0.4334247244481859,0.958422034819765,-2.3329793782531247,-0.7286663899850943,-1.5724907242521846,1.5264928737616732,1.9722643193682696,1.2537062305083073,0.9692740433473483,-1.29977716276759,-0.2682575493242947,0.5453476498821976,0.7544725177370835,1.5890475033693021,-0.038059753785886,2
1.069413764731721,-0.5072643318082262,-0.9321528874934002,0.8199543660934488,4.1716761683843,-2.596806204383699,-5.96140476558634,0.10808058372156415,-0.8420454543997524,0.7904665831645098,-2.687619930499217,-0.9901923205143995,-5.2253949991529245,-4.832715060210425,1.7335906619267676,3.444154133427608,-0.5247580200675874,0.10712978530625153,2.6319327739146594,-2.6767405874392507,0
-0.32025576882049983,0.7557392970998954,4.635175374302036,3.434870336080852,0.7475010439528736,1.362106387661391,-4.73881929925567,-0.2670487114090305,-2.1739480840647563,1.9177430758202654,-0.5651661077694015,-2.089027113218506,-10.256541089362235,-3.9825393278198153,-1.5901444922807617,1.071199253203876,-2.535619617568112,0.2837333698103036,0.4109116082094664,1.967856158801486,0
0.8461115566972242,0.273434335957338,-0.5376918719606478,3.708640100921241,-2.435235629490805,-0.22189187651374065,6.043366423800452,4.989026357725484,-0.5980912755814365,-0.13606521993389883,1.8719607394772932,-0.0328562773526645,0.7444800187157481,-0.45716147968711107,-3.567923905129059,-0.9205818525952095,0.0207180539202787,-0.2507835889877785,-2.5664781148890987,1.3963057627692446,0
0.4422793360073821,-3.4338895945002985,-6.180422938305249,-2.8490422201371333,2.1819970417258467,-1.459294218135469,-0.058921755153738375,4.599507804888414,-4.409139712450299,-0.19751482401701392,0.059694083330338196,1.4306551175652142,8.347250574795558,1.7796476352071458,4.776789390628883,1.6329621212874006,-0.6849102237104588,-0.8406255650334981,2.7914230510128144,0.9202004566268325,2
-0.2845732452789791,1.502595702562614,-0.8729834795311131,3.8274573764380024,6.153069587336055,1.3133702511779946,-3.8329725996266943,2.847460370803276,-4.9472206251667235,-2.3454169345679317,-3.10945850826776,-4.363932989329225,-10.106360084240292,-3.613780392187374,-0.23938328848987345,0.6434558318949717,-1.8767028339158127,-0.691917185342424,0.04888799554590284,-3.0864920016345128,0
-1.4648238607711577,-0.16263726897261077,-0.5587712593657741,-4.434402001440427,1.448761669330892,1.305794767735239,-8.27251234737389,0.8564688058074239,-2.196840208332384,-2.0590432757478982,-7.00872945051055,-0.7782335047432816,-3.5643897321381193,-2.893576715573764,-1.1996596027952315,3.905371662460148,1.2365640227520727,0.08318535246977922,-1.0689678909194438,-1.1496273514461417,4
-1.1808030816471176,-0.7503969095688185,2.084375381292271,-1.4841828366562684,-9.254471088217354,-1.571449616586446,1.9279286418701649,-1.2765363251581903,3.9468867148986067,-1.4969372832353511,0.9670116802643448,2.35040201220099,-3.0531491549137497,1.137815218220543,-3.2142262296162896,2.9330991186804303,-4.564201694710751,-0.12875684306757657,2.801856736277699,0.06446304048595008,4
-1.5140820292360908,5.293792613222131,-0.0658416737355847,3.3423464490141876,2.2877252900448273,-0.41302716572265913,1.3063460460414138,-0.18777050586462107,1.7931474732840553,0.6238873312555733,1.822324094247682,1.1108796370801532,-2.0058635657865445,0.10917290733257556,-1.5368213627927996,0.38779654952459275,-1.2707882752146689,1.2357608819390562,3.966798688649461,-2.427388781843165,0
-0.39319924498091224,-2.389472475939463,-3.3315859712541616,1.705725006583521,-3.1019242357005448,-0.47667367995120236,-1.8660211082244442,3.6985753026616695,4.546445411594261,1.4326955336220526,-2.6925597136154704,-1.6177737363373668,1.908426052198027,-5.5803156447501,-1.3493569098140514,3.8264917703913053,1.7294350788314699,1.212779320204545,3.912594031670099,1.3806178808169436,1
1.6467110468075932,-0.8022322801479125,-2.064808906539617,3.396286416553078,1.1441825434009942,-0.5779204294253065,4.704874499262321,-3.7917489561374347,0.5679675477201719,0.35389094021419243,4.451219992086867,2.4083068021446286,3.769071909060139,1.6557990253152537,1.108225429540977,1.5409405020818996,-0.9724335095513725,-1.0131601006204425,1.276242210662404,0.21608615282746046,4
-0.778048632537232,2.541579716009741,-1.570260555923173,1.78196862066208,-3.459470813365379,0.11258725990706074,7.757623457398301,1.0123963423605644,2.9438153637816056,-0.14135817711595133,-1.483018987497913,0.3712983133615081,1.4496008507189266,-0.9520625718336668,0.6011615437391877,-0.2187201137217043,-4.190432017985707,0.3096630599655818,0.4448715155561088,2.3613105270155845,1
0.5777932510287509,2.5020583671027303,-2.5838295295028595,1.5402079484591837,2.324958256752968,-1.2002493311700966,4.671894373473379,2.1501830794882757,2.208131733667262,-0.13487020749043388,3.3490972620661847,0.8377051964329623,3.4692827194434046,0.4482499032836784,3.804493480905993,2.326524460450042,-1.5114180029815063,-0.9817420332668001,-0.20713941040432604,-2.8164558320445954,1
0.8393166420278838,1.9439083191412085,1.2299276374684378,3.1954910028151837,4.643433333876661,1.409593442071619,-2.9976648240787886,-0.023032247898772562,-2.1585419689571905,-1.0076298191401671,0.9247190318248921,-1.4851640093310245,0.007817982372182269,-1.6560867235765233,0.926997653541064,0.6090185832150121,1.2132181443938972,-0.16469795285797176,-0.4508614702770022,4.037312277897108,2
-1.0770801968499928,-0.1713886804894289,-2.9474998868392683,-1.6356477866638879,-5.89872032917344,0.3684519999655114,8.207293721582323,-0.41576296831694015,4.923759886342237,-0.5300506944429381,-1.6025354985536286,3.217998108212467,8.72999087596064,0.1498961255932998,-0.8818862735151825,1.7240633722745387,0.11751146672019708,-0.37059131393443345,-2.523382209535463,2.602504107921974,1
0.5290093204097275,3.198233531176442,-0.49547726331253217,-1.369563812647979,2.5469734244901976,-1.3382014801348996,-5.535172523606877,-2.3728389182980565,0.7456984863538203,0.04405284475115701,-7.788950786456226,-2.6314058240846334,-6.027299043520517,-2.827804269143944,-0.695253890571891,-0.7482703251173672,-0.39224022953507365,0.24155067576713202,3.371946581475493,-1.8054807948716407,2
0.21938863464054206,-1.143533488950915,0.11163916953966535,1.331277903684481,-0.6298205188778419,0.1219131635244661,-0.9216143629694711,-1.338110354727216,-0.00035497423771402303,-1.021387512676185,-2.303993843092683,-3.3979068959746814,-3.0933101097601683,-1.0677424904349644,-0.4031415077042634,-1.4703709992112217,-0.3616100770579602,2.130357098527755,0.20598796493165827,1.5001528233980888,1
-0.2322851717684565,2.657939285413904,-1.711048521227646,3.762194687304544,9.783451143134,0.3975613033717844,-3.164362385041306,4.807549824713071,0.7115006708530307,2.171490046264928,3.90622880854799,0.32354626569735356,1.2865980729387692,-5.1053200770663185,5.273010418979555,3.961509105341376,2.596173251346603,-1.232627697101827,1.1900088846017653,-4.501345932773223,3
0.6245289100686552,3.7633541240628494,0.19644666051389703,-0.6913746801680603,3.116275755859287,0.027990295807072494,0.8012012710845847,1.2763827603036633,0.4004963917350466,0.8635582457245051,-0.2622927454637156,0.3702884468140957,-1.5943519548695946,0.3920999249415913,1.495474292346462,-2.305448959421601,-0.5207573867559052,-1.5022731620656051,0.6966614666911435,-4.209634727123621,0
0.955126523899075,0.8109919992617123,2.7134307670302507,-0.48127375912622616,1.0400297870882282,-0.3868170229930355,1.4700456282276915,-2.409748193480177,0.3099874941947188,0.0805704675003293,0.27802980294553076,0.22013092197842932,-3.9529056772235402,0.21667485936910957,1.0924379351275029,-3.2925294897225172,-0.699647147917092,0.7215264311289796,-2.119189047209024,-3.071574380734543,2
2.299777867630661,2.8179763039139187,0.6949977752468597,-0.4119346273433877,-6.906135967153954,0.6853275042016005,4.000011588592064,4.059017614503887,3.1530810158040916,-0.4455497514310169,0.6363171171219317,1.1322425496942934,2.5433493916613363,2.2601848417503385,-5.510561806233604,-1.1203423474627487,-0.029057387616472252,1.1931942244766973,1.0842035609670924,1.7928170002042172,0
1.149128652594351,-1.0122474442855978,2.29330401293527,3.153260973775085,1.0026058836916218,0.8246977875947181,-0.4496977625971922,2.6985383972026766,1.868075945711337,-0.8328532530412796,7.480420692732653,-1.6313741165856859,-0.09078530731727324,0.15281170846767012,1.1907583894395428,0.4719454887167147,2.361527543685965,0.3269017387463234,-1.5049286627217962,-1.914927745093587,2
1.209202548076382,0.4531996304754342,-2.7604933613385327,-3.952829175995035,-2.2621207611003027,1.1105622753312672,1.8361994728995048,2.916943633015003,1.6092762145358583,1.8803171068441742,-6.992359505426641,2.8408752355305227,3.3015029795210014,-3.6195397345376317,-0.35316924024732055,-0.06735771274797431,0.06093662257855281,0.11109319306171002,0.5918352020443519,0.015391429946935542,1
0.296594543674097,-0.7887864533090935,1.8121595347650157,1.322258899216884,5.656068291849352,0.4718914986701344,-4.804102231791862,1.0581812216666338,-3.4317841926397445,-0.5738605380847381,6.329239983768435,-2.8604130761670876,-0.4765138691070093,2.7204762237283866,3.5881939091008888,-0.022235478113426632,1.9225166529116118,-0.056182307376663854,-1.4767862921243378,-0.9556419588384205,2
-1.6194923523171927,2.2315418304713877,2.7303455154551965,1.3447778542639461,-1.6925817850530467,0.2465995819092637,4.608397206636245,3.6906388799768934,-0.9854865873310414,-0.7340052667388991,3.1917673911154236,1.2449513521335929,-1.1558702138143055,1.0208544673190416,-0.30322286319896286,-2.6003650643083316,-2.6249320809554555,-0.8684134695952532,-1.175260219853576,1.0010915780803624,0
0.03230140103754173,-1.6360598369587573,2.5703963163961117,-3.1836442340311546,-1.2450420942752078,0.5090893310575455,-9.021231649844795,1.1558879991810274,-0.9851900318098922,-2.408098781648478,-1.2162357903758154,-1.3267709658740425,-3.2486128081471435,-1.2309968845796209,-0.5818521940248775,4.259442880334392,0.8418644353734617,-1.3371319506794825,-0.331183626555128,1.1284645772950896,0
-0.6837311960467091,2.331643287632378,-0.36324219943665703,5.136209436023017,0.4163738848651043,0.10761496488575929,5.056460327481866,1.3322957702429266,-0.176319786383071,1.7176878132800422,-1.299107415712121,-1.5260630692038886,-7.277194912925122,-2.892882664447112,-1.101049332852854,-1.6449799801760534,-4.3552280797577225,1.5875588917559542,1.0320642269120246,-1.7717650816667656,0
0.43058183149142465,1.2712455990421891,0.7045414628181454,3.7993663483808975,-3.749615656599426,0.5746322853722492,9.933968070158855,0.24762279122117792,4.823792074273702,-0.009663077594751796,6.6291522360949235,-0.8942536555534581,2.451013081966184,2.1619947061306837,4.671866745745756,-1.516115601842273,-5.178096835336471,0.4535310332725423,0.5063055416526283,1.7837450691713879,1
1.3607301534136718,-0.8034102846462436,2.249514814082139,-0.7051566580217117,-1.8263133298894196,0.4587699177505579,-1.373969380006595,1.7864224288167656,-2.7318804366227316,0.16197113133082497,-5.609247578173626,-0.011798112033437058,-8.155039857772962,-3.5387893955331595,-4.239384395145812,-3.780824968735203,-0.8418385548064252,0.7040318031080619,-0.12800614080117023,-1.0266489083264294,0
1.6656744188482193,-0.26785670184000776,-0.04361625807775671,1.071793516428664,-1.7940025154074564,0.1487310517137654,6.249699785859465,0.03270203327798815,-0.09768872480690916,0.19915282992188413,-0.07647893659844561,-1.2552680888689836,-1.3644328447680096,0.661316791208709,1.511851547583405,-2.445265692471753,-3.162213749879967,-0.6988097933886642,-2.8390823010397654,0.31302995473469153,2
-0.1955014759324935,0.16013846466530268,-0.14469079881894986,-2.2371313736505307,-1.5905717315644368,-0.8494700142104952,-3.6596944741629542,-0.619199586852367,0.39501338786514184,-1.0340233093241296,-3.7018673863014784,-0.33357341247101147,-3.3921185943341152,-0.5149922870828421,-3.1048411529414475,1.9743025863806856,0.35547235474143,1.946788825991345,0.5202143975086516,-1.9880461760616455,0
1.7378835182179715,-2.6351049047066466,5.841793084751344,3.1847369985912537,-5.454946713998934,-0.330630564115611,-2.413603709545731,3.752998782970422,1.1701545182051571,0.2104791238361001,10.267325408986972,0.7773874876703453,-0.9562253074836802,1.4176620847056718,-4.14841863381317,1.4368362661788137,1.66523885153358,3.185094482159845,1.1913497795896153,2.4385700502373524,0
-0.08921313831964106,-0.26574426116942007,1.0694136425380614,-0.06190651673494885,0.19270732138567784,0.6361793146772251,-2.6771555730113095,-3.591664383640308,1.801425252755176,-0.5988208949637396,1.705834459870752,-0.049478204800016634,-2.427196516997195,0.5045457321021738,0.5496664748221805,2.7443085868963286,-0.4449330466851611,0.10756483436979532,0.9752186624596446,-2.168860182333651,1
0.881681459002978,-1.2167041855372713,2.3574755479164464,3.657007431146308,-4.411380600698262,-0.5633825874262747,-0.5122362268429623,0.20172839935498532,2.163971768537901,-0.5876457048364605,1.3505495008966681,-4.543477216994125,-6.129535786259452,-0.9480383379813077,-1.9983448405912245,0.12135714677225051,-2.0604907235921472,1.8158528236853442,1.1386764402486391,1.9657035729785877,0
0.16975906478722225,-2.5242478288990924,3.0254448205777478,-2.2159702760775586,-1.025494615494247,-0.047483164618452506,-5.391840007483539,2.6437387963533143,-2.6776673385755396,-0.8889412997246302,6.197539530594628,0.3285237783364634,-3.0272267028701894,4.0377656756641755,-0.5649656357582329,1.1132356913938812,0.1836509351372707,1.384838975697313,0.9025359874468382,-3.6103221433075348,2
-0.40575187676865054,-2.020769104942192,3.709585585299039,3.3460280007944587,-4.717875938172791,0.4449663219675768,2.804180613831011,4.627296790355189,-2.3571513138246045,0.8395380907605915,3.567848530118246,-2.514759389724849,-7.772500382793549,0.5300178857821518,-2.322682817535221,-3.9423004268894704,-3.883638165999081,1.1431321070127851,0.14300345286443994,0.6050558399388387,2
1.5076440077917255,-0.04205781995800484,1.9070455973898899,3.914101528418602,1.6162293290783298,-0.01598195822382116,-1.3484459169767489,-1.4750660774215336,-0.805515420662165,1.0289719099688264,0.43744414318648545,-0.6373607156230365,-0.36677791626050094,-2.509686274359594,-1.4387281364080162,-1.7302834125100457,1.837354912887427,-1.445041370579585,0.7864227597800668,4.77619778307567,0
-1.4390747552482208,-0.7820867320049703,4.391059589828554,4.2239805877300824,-3.008627913396706,-1.144156859143325,-4.1301151270666105,3.604717023749652,2.20034784334951,0.13031495036453744,8.719437830293389,-1.4331698857816517,-2.7833126555558985,0.15130973784481827,-2.743852597626597,3.017587072483459,1.0060607987986354,-0.14532328480876922,2.6840886976536877,1.1098509512330859,0
-0.30947320451860194,-4.885004451682235,0.4027723968636836,-4.815962977488545,-7.482884288160315,0.178261791756626,-0.3020726595550789,-0.4588821695073141,-0.05140057274279597,-1.1845833592605894,-0.6428932154100865,2.019185870695368,-0.35539035081115317,1.6935272616749937,-0.548419206859079,2.621634062467911,-3.0500482780488447,0.8572650300155625,0.13758533644916826,0.3872848291245353,1
0.5460577375638241,4.0295941592958915,-0.0004872135332532057,-2.0225866262458365,2.031832207108895,0.2387283283560764,-5.828788071428977,2.0907724701871953,0.3576167274207489,1.3362840635003845,-5.081824294863547,-0.0696595540226701,-2.282452010121532,-3.111176071162698,-1.922861995425852,3.619369118907869,1.283839391268677,-2.1883722921684576,0.17896394936645688,-0.8456268648698831,0
-0.16902069801321842,-0.9705708483933586,0.6779602475762361,-0.11522631767596658,0.30748944537848105,-1.5680720738630813,-3.607046343606178,-3.4572165547071383,0.09150269658720478,-0.49183639540582613,-0.9396115763308003,-0.6400517699167498,-0.11976711599966045,-0.03188752439905462,-1.2697381912616463,0.45390162883055196,1.910611877780291,1.4804649663509866,0.6440843801272005,1.6866645793409898,4
0.5862408439925321,-2.4128110046390887,-0.8940919655313382,0.18462582423478135,-2.442075111782175,-1.3567890283762778,2.806117470420582,0.3714534301513127,-2.0904291080438604,-0.4163052745785527,-0.10287101306943841,2.3044544021384508,-1.5251540518061337,-0.3115912820551143,-1.0607912134359958,1.3219034963465885,-2.984531667805324,0.7176562903296481,0.05341090327095943,-0.2565898379657765,0
-0.47463846934340614,2.452335107692922,-0.29187618976601093,2.800526905246482,9.976179884305157,1.0140477909450367,-7.263464730335588,3.217844043289025,-3.938815902448465,1.017338541971477,-1.363499843200718,-2.6428929246743857,-6.98934512559432,-4.966493994325987,3.2818875649563246,1.2849734416438667,0.12969183177402988,-0.354833148355583,2.022365126446159,-3.738483793233206,0
-1.3138611601875032,4.374612698453859,-1.3144252813381283,0.8728403452648876,5.456370950864374,0.49427289397394947,0.13748542866338742,6.207842254145063,-2.4824524530895413,-1.8282059871973793,2.0963672613262796,-1.4111030162655984,-4.297436150677165,1.8569303847141747,0.6841357574133407,-1.3763221249762019,-0.8586624851611677,-0.5810070334128723,0.6851903302035587,-8.162395469224386,4
0.41786815613874656,-0.5705264910478247,-1.3988562855713815,1.477823964384089,3.9637742712919475,0.4197093661801531,1.8667570675193492,-1.6258346857909183,0.07424912042728915,-0.05033563506145716,2.7523559754047837,-1.8522003197054038,6.145737253764725,0.42889705815385026,7.288034049198018,0.6922155152940481,-0.11558260271168752,1.266062541919234,-2.228519735565045,3.8776290106909803,2
0.36458051210069764,-0.04282874867669517,0.3908759064759054,-0.7172231013071289,-4.648413992525246,-0.24326265190664015,0.5721733924772112,-1.7387411665122667,2.559418388761582,0.09378642661837694,-0.387828654881867,-3.862914604052717,-2.1644590937061836,2.998316614428653,-0.9658332618540236,0.6540629320261508,-1.8456279643544784,0.6312112231699204,-0.8690298778391625,0.4601080932262498,4
-1.3840662037493898,-1.0986710631126977,1.795629334052392,5.669620066342462,2.4539259957774893,-0.4569154333691609,-3.996089990009636,0.8153329028679559,-2.2444749987081556,1.290065035876678,4.061322243048594,-2.896444038460891,-8.31641661388747,-1.7812620702263646,-0.27719548503065405,1.4292502057193759,-2.052819555941182,1.0725465119446487,3.510764054438255,-1.0866921134533287,3
1.2929399625098346,0.6731889142675997,0.586353062440869,0.9047850463517035,0.6916456488671455,-0.3853526740834423,2.250477153197645,1.3142478617137603,-3.062849874566728,0.27496812666120946,-2.380087856334832,-2.4247142966194124,-4.698758372465002,-0.5919532163228578,1.0667638795428331,-2.6547896663295867,-3.1953659850776264,-0.17727847628779891,-2.3617083035174793,0.704646578490952,0
0.9241743496437154,3.1564137901802214,2.1639602559175786,-0.5733534366056177,1.6086452219243152,1.5683767552476677,-2.234711250826732,0.7865100728749448,1.9753088976858328,-0.2765153631926253,-4.14763473822784,-3.1425807525108365,-6.2421502990667035,-3.7542261626372078,2.69764312322974,-1.588303832092933,-1.7658609577409408,-0.338943617059692,-0.15727452125425057,-1.4520729119325761,3
0.5124533466882958,5.871287958289697,-3.6246624384850064,-2.028324639329965,4.6920204464344275,1.2263013456043423,3.1017056072398246,-2.0390466241954157,-2.1971328692390215,-0.1783546729893713,-9.672988384249471,0.6554549893435337,5.2969316402531055,-0.772758376383655,0.5009091703741273,-3.014682952139845,0.6731088301191734,0.3766944287842498,-2.4438476960279365,4.272090411227996,3
1.4534930704257203,1.6930292668136813,0.6659616879405177,-3.210155522341477,-4.121095421308836,0.4223278000230179,-1.4903035495409138,-0.7453812077949347,3.78121556144977,-0.014873829490969586,0.9967331114905754,3.4076234132736287,2.194901010203677,2.4693033435527294,-3.7633867882316263,2.443122873076404,1.203875914523643,0.10630344967340559,2.658746622019743,-2.1202302103015533,0
1.143941790043268,2.786098980539141,0.036604256705876526,-0.000529538356650594,4.812600555206512,2.099284413773625,-3.1238428071881015,1.3612514403021538,-2.2878722409710908,-0.4360893523485934,-1.8254357252160014,0.7282499472775497,-2.612042287640146,-1.5731049919396014,-1.8245983476208694,1.0151722067727103,2.127708124453143,-0.1181876036061183,-1.5996137786006615,-3.1526447131492215,3
0.9165742483750023,4.990512707096256,-2.813741976917478,-1.8393808550043151,6.7390870252533315,1.7511427346721882,-2.437437270922857,-2.9804694212691327,2.330263874840817,1.2029173085964209,-2.229595932672656,4.760541996110616,4.004658358235853,-0.8897049152876386,2.5203093110390453,-1.5052170361840185,1.536983596700713,-0.8781280969031082,8.631245946446338,-4.522478994933826,1
-1.428510672088122,-0.5569389380445999,2.701328775165653,2.228715992657544,-7.466857281980835,1.0948229524297788,3.882257931952576,3.5616238567918024,2.4111094271843507,-0.20284838460376725,3.822641586289557,-1.781297815686639,-3.7861355110478336,1.4256814174102175,-3.2640675830986248,-0.8448712430672849,-2.803221374163794,-0.11256238285063425,0.05339719828813405,0.5669906195228986,0
0.8666833117354743,-1.2275841667626706,1.9517691618209945,-5.6120413662617326,-3.394719330627994,-1.3781299299553713,-5.528791757233973,-2.54005956543018,0.27551618987532067,0.3857236375570304,-8.172467015948406,-3.3467914832583356,-7.556353493907451,-0.8267909954955568,-1.8378232218849009,-0.827973439663658,-0.4451158869842884,-0.4214809776565061,-2.28302071341397,-1.7464287506242755,4
0.4613206248871888,-1.5512797606133186,2.2905893363556222,0.6093241531281455,7.336831304822496,-1.515203868973601,-13.954120495954145,0.9064535160702575,-5.34791956905515,-1.6658073959411888,1.7287815444400294,-4.136468952007512,-7.414126289234151,-1.1928975903452645,1.7297073029529368,2.7865242983108818,2.025752672207653,0.08264453986566916,2.167442875214035,-1.9137433002347781,1
-1.238369342239929,1.575029131982566,1.6535997304594807,-1.9984758590586975,-1.7867065400802826,-0.21704342628394177,1.7424729426449044,0.9086009737703419,0.7599449550272122,-0.5742371668410184,-3.092037200907543,-3.165093644355828,-5.210601620556735,1.2082625825512692,-2.5546393804913374,-2.982816522937668,0.6881947056418851,-2.3477341203394286,-6.120721671140211,-4.078454374669987,0
0.4926320755519737,-1.5505555355206235,3.4098443321043854,3.5357686798088723,-3.60291295302795,-0.3391060727100875,3.422354138263015,1.280539464448208,-0.04543243475032066,-0.05656563471631277,3.6799239670133574,-0.9196104318631368,-4.328364396967081,-0.5413727652961293,-1.3634332322232046,-1.8120507274195665,-2.2776114618478855,0.12426873778132808,-1.3449768224677503,1.5983070853633148,0
-0.4024408328434304,1.0088158797424205,-0.6578581268667464,-2.221511696907067,-1.447353788265525,0.778399871180435,2.783520227652209,-0.6214117002649728,2.8613756889488546,0.0073127791423647625,0.9643063535801075,2.8951371547900395,5.428560725362477,2.076000084867897,-0.8392359845455684,-0.7795883987197008,2.211329629368133,-0.14318756002605482,-0.46785563302021216,-1.5446168679258232,1
0.5581370014269681,0.42106677237936385,-0.7701278033300685,4.787899028621911,0.49823913938898007,0.5650003172991891,5.550033515230696,-2.129804911406821,-0.7092869732304381,1.0248428772384521,8.171498295603735,0.5863227525773953,3.4439400621831076,5.8211843839227795,-1.3120609364540377,-0.4879324924612849,-0.21655133925565528,-0.2182168030638116,0.2543027015753966,0.3639892380726566,1
-1.4288646401204588,4.62791527268168,-3.4428379714629775,2.7104632785300717,6.945937009958746,-0.8571950049137425,1.7139949006902309,0.8925898533368022,-3.6382332612207753,0.10067168042665374,-7.314449085897301,-4.177729516073892,-1.2769624978081946,-2.576737387960808,2.2264577214904064,-3.82153433923342,-1.2489818493792557,0.00233424749214466,-0.49905892265928387,2.670560378770131,0
-0.8749810553484119,-0.7814589330002433,-2.6074024877707065,-1.1068334390502326,-5.024084142068853,0.7219457764350213,4.677705659599105,6.507771751863422,2.159312063598264,0.9302983550762455,-5.277972580459664,-0.12675565345586381,1.5698206560352181,-4.226743307726874,-2.844437826334216,1.6597320757649436,0.5491093670385359,0.3977573929764396,-4.448699631802945,0.3022159507124982,1
0.20937011390650465,0.3765479859805375,-1.435766253065167,-0.22007229568299513,2.1374208042957075,-0.31427109550177557,2.9464253140886743,-1.487401826692814,-0.41290374048468115,0.652004305968003,2.370843176876222,2.21429824047602,2.976896697174815,1.5506471716889405,4.894928703597661,-0.17690736908853588,-2.901212347405165,-1.506176352952635,2.2282581284160496,-0.6266194746070921,1
-0.4840024649006316,2.401500444698636,1.2930232071159087,2.2590340348774838,-3.1494821973378904,0.4433971796072925,1.1426747173482505,4.980478191755401,-1.8609881043664527,-1.3502167272801966,-3.7630221510314485,-3.9988298751422326,-6.8835497327014235,-1.1261725263241686,-3.891243386645409,-4.07098757755181,-3.1641515391680994,2.1610642891857483,1.4646334546104067,2.6253958744046555,0
-0.7241595688231592,3.7198809783831677,3.5997264087561147,1.120263741657742,-1.6544653979574322,0.002670089706526471,3.4263749129143117,2.960689963603577,2.647894409275558,0.5401369456070468,4.987419974353823,-2.052790561142717,-0.29087149887429725,2.6322627750488072,1.0651829074302053,-1.7694849043230272,-0.8914590229724215,0.6035546458994628,-3.1752443074109538,0.17920081897475226,3
-0.005274996382316439,-0.03302432018546164,1.7570302015347923,-0.08814891522566315,6.082696858758349,0.15745227137489462,-4.7346276113823,-0.05710848968368665,-4.421802062464637,-0.32075472590205195,-2.889464454955418,2.1856501390846685,-4.173381709385992,-4.631476969768677,-0.3030563380690474,-0.8494373566599098,2.195121510155287,1.334032682664853,-1.3951725074143693,-1.6256096303111005,0
-1.2661693645067247,1.1829412256126957,0.794478814603858,0.8786135105957856,0.4039993689100486,0.805783830224868,-1.0320234949074985,0.023608051364461757,-0.28774374250917834,0.2864156044608386,0.5941348465984309,-0.07307364323130272,-3.7012854948395923,0.04203919445051851,-0.7153564309022366,0.21026677472068434,-1.5311775258875095,1.1465668363030392,2.007038387689651,-1.7512409269524516,0
-0.010356993931561679,0.299135823935227,-0.5830448423899954,0.6481733177543053,-0.6516309068990261,0.6384421456431495,2.5790878656507514,1.5277972782939515,-0.1139864041971681,-1.7284872051617686,2.2386901609202408,-0.35371337613365794,-1.8921819013842296,1.6052473368902835,0.59000192932762,0.8504393751573951,-2.4330049483043616,-1.1370829503208861,-0.407329073642298,-2.922732669148079,3
-1.5616218732338785,1.96657545565983,1.568511767725835,-1.180588212279977,-2.9259835149246047,0.7462271622912312,-6.097505315715056,-2.794569742964547,1.3405315807791012,-0.7872221296404074,-6.960694333597157,-4.1600323170042675,-9.852063944257171,-1.5716527424386584,-3.9735684851790523,1.9922148481642772,-2.2917316950043998,-0.529197659071448,1.7681903285549663,-0.24148824825401338,0
-0.6184459377212901,2.36535469753044,-0.4889647553228571,-2.0602038103418328,1.715519444675676,1.0836047992064788,-6.492562534416337,1.3018540050979204,2.1167978855325504,-0.5192950252649302,-2.8552233650065193,2.1054933169810837,0.711979823986727,-4.061981242144826,-0.3905829285949798,6.187453610994019,1.7365979610390476,0.903740936957407,2.08562750140882,-0.6895294184146761,0
-0.18700017463179738,1.4456338056634184,-1.737648397057658,0.6310035744845934,0.7090590651208973,0.6119222230820439,-1.43168482522325,-0.4297102414200866,2.7574095797802918,0.5987796310816937,-4.712180457802297,-5.211088305911233,-1.7129929128631611,-2.0342533079891623,1.3762832554530724,-0.6536610108915556,0.07033910539778332,-1.6690701941935,0.9053353077642102,0.533048223230836,2
1.787870715003657,1.7383871548118734,0.8018255675073376,-3.5918993976853133,1.5768468142864709,0.3311354366771716,-1.4935673657517363,-3.9579793808596317,-3.1287765802248204,0.3574795908080548,1.3066729221132283,0.8047395212544508,0.3101290150037419,5.990389132904789,4.123622547730587,-0.6750657695267288,-4.217274724862228,1.4520332292305191,2.1309417118020892,0.5725708935187518,1
0.5161954505415952,2.832071277714963,-1.5237848651193078,-1.4816917045386355,6.872395276761915,-1.493549218063549,-2.2280104242424095,0.2886934328650056,-5.736276778820565,-1.1259511822896107,-9.960701664086526,-0.23976973717671468,-4.3447629899612155,-4.256988154517291,0.06890515198483604,-3.358228221441363,0.14538535718778922,-0.6750330893507847,-1.7134983200495477,-0.7019732864932446,0
1.7449174627747135,2.0474753797126146,4.152103337594557,4.7899647404214845,-3.4226336663985686,0.6811801333529522,5.484311335739148,1.1246572186438055,2.668561886141072,-0.062417849158373125,6.134447542452664,-1.2414578494226827,-3.9544741898583378,1.2831766811342038,-0.6432879386032934,-3.5090283002606215,-3.2755886464692194,-1.228120340074191,1.0646469104709642,0.6608816455457958,3
-0.694284950165472,3.187612038785506,1.0964206613651564,-2.0197893994686034,2.798941326268736,-0.7002468564212776,-3.4638734192960707,-1.0638445356378743,2.6147058229120947,-0.9455559349257652,-3.5446905061605687,-4.980502258175063,-1.974860261418289,-0.6790537390007854,4.175868493537196,-1.9073656713448808,0.5553596392349955,-0.25054025969435934,-1.1779772965765822,-0.6435682445187012,4
0.20289521879180214,0.8700305225092387,2.389631373660225,-1.049381293033957,-2.171884654574067,0.5458231717333033,-1.4755611091619436,0.5500749213351221,-1.7366482388165152,0.21522132385443102,2.769775778826367,0.32074590344968157,-4.754489475395831,3.011680478627174,-0.7792867420423244,2.801289622834819,-3.8761530929637025,-0.5541029337098096,-0.07155640479409509,-1.3066615729926034,4
-1.6731597716383022,-0.1920848830631624,3.110959233488763,2.7021982088900267,1.1568945108097204,0.021551212050940828,4.528174946851164,-1.1193941953195718,2.0369714283577727,-1.49454155866137,4.054774514893969,0.18686884174516272,-2.517102321037943,-1.1758066202354147,1.6094875056148394,-3.1053429383814284,0.5920604998548449,0.2815430087118576,-4.0366530010362816,-3.164480048255494,2
-1.256276965017216,5.1935391912451205,3.4459699131309978,1.7814297093055105,6.1669582506666885,1.6060840676439947,-11.244886561386163,4.301347252814518,-3.6851181637452,-1.7013518546025106,-2.3618697886523794,-4.6189763979988,-12.27643795589831,-2.6777219795202027,-3.1540530848320385,-0.14747715498212388,0.9075630546048674,0.04032904773149814,2.6904630632315603,-3.429390401037454,3
0.9949556209739759,-0.4157787182755923,2.2929203482970792,2.9234984388469805,-4.6084946284122825,-0.17401795565480233,-0.8194153289534589,3.271985380526219,2.2746741812252376,-0.5213291674568507,3.4806012122256282,-3.708561404209075,-5.599032731098423,0.13170067384380535,-2.3247377969180536,1.3042395932838833,-1.8962123831841038,0.8644772374953112,1.4404253259363697,-0.26292965214829467,0
0.8443089442920132,-0.9796035576922006,-1.1103145971220982,-5.058150452709148,-2.055891814453446,0.10470995122006473,-3.2340326025941057,0.04935161179592751,0.6528002609139816,-0.015634299455838423,-6.65594432750997,1.7943156217456262,0.18550394056942848,-2.8906868113354864,-1.3192944579417154,3.3933110500655195,0.8841987793820054,0.5067396927075554,-1.5457268839076543,-0.5579511617246146,3
-0.7255704816476649,4.157668445020464,-0.019430490505491393,4.40218859554655,0.9746368314142773,-3.0755827889194802,-0.6665017009970314,6.114230173931442,0.34687294580101957,2.4538970952253205,0.7552675267991376,-2.708433336203851,-2.270265666237556,-1.516991579991924,-2.791646220177755,-1.1199112465007697,0.1688457863035191,-0.9253356713630755,3.686384848925032,0.9037457366610072,1
-0.33638645640224674,-0.7731904606594955,0.6750519697697983,0.4165879944652401,2.657377859452515,-0.4579632283579628,-3.6478655856168856,0.23400980671657745,-2.40362768782981,0.43532038035300447,-2.531011821272259,-4.943775678509511,-9.682186542380562,-0.8646265368380447,0.7131885028054261,-2.376419721856716,-1.3326423682014514,1.3818293630428355,-0.1684104875614627,-4.75748355766021,0
1.7733464727707555,2.25485823756845,0.1313300546980224,1.187873608547054,1.6331528094088095,1.8641501107119873,0.3524005102486741,1.3988858812375053,0.4242383433539394,0.8286286211368612,-2.8006406680157334,-0.3118805829462439,-3.3312254283689655,-3.5240376586726123,0.018396612969873605,-0.25496155196923453,-0.8818100461575283,0.2943192490353658,-0.02951635051622259,-1.070140316471311,0
-0.7156870414285432,1.5813768844253442,0.8676190486488291,3.759129587242558,-2.6208658992827876,0.32777516990572697,4.782271852461555,-0.9475569379640654,2.2699609360360196,-0.4973409076024369,-1.7825642046598156,-2.247519123192618,-7.1498992647676625,-2.260145945357598,-1.02311292109177,-1.8053828088660024,-4.536507389426534,-0.858258122463228,0.8526522785169967,-0.5849657276380155,3
0.5028056277606198,2.47843048096773,-0.20564432473614835,1.5165917727481255,-1.057176903436926,0.7184298297881737,1.2050946124781725,3.63231302211934,2.722554839091129,-0.2696473139092257,3.154981728238518,1.723882531588151,5.474971331759135,0.4194552297037055,-3.0600145437356647,0.6937159275798186,3.3077078551325134,-0.16845360893777986,1.2032721096527947,1.1513006539061026,1
2.520783372894506,-1.193217890888377,0.7050244843463038,5.410595477450437,-3.7432290570451574,-2.0569961393503458,4.499656977669831,1.155204577606728,-3.1084693818863225,1.296023768716349,-2.6196983231335924,-5.021965136189759,-12.486264074768485,-1.5620336504420478,-4.109506398050984,-1.924231141563299,-6.049469654127193,2.397103598867367,-1.7221235332802984,0.23299884998393283,2
2.743649458989046,1.2103584710134578,0.8397462824902195,0.865076918583529,-1.6226140718437059,0.31403772031185895,2.646791723223876,-0.7884990349802208,1.4597212862400841,-0.5408663068153107,-2.4750702686960113,-1.6265230029706366,-4.207338354921485,-0.9712999682408392,-0.7591743666158028,-2.9330473308625216,-1.9112481970341144,-0.4589729913092209,-0.043610101693999814,-0.8042097495461231,2
-0.44864796563857384,0.5012798308111973,3.958115183992435,1.6266010160885682,1.7820140843614223,0.5212747372860739,-10.954097143326786,0.7345131299804017,-2.2860018077378625,0.6938230683839781,-2.9552479040866824,-3.6993618790231477,-13.231651980916181,-4.8958561261367395,-2.6088543303373246,3.1069661774174326,-1.1761549139412593,1.6865862103650824,2.317855112449158,-0.9001326236773435,0
0.43568846552950113,2.0227119581421102,2.0337559754700045,3.369201414163518,2.7048153278516436,0.30939799814935803,-1.1299759030886523,1.6557995501176574,3.143750528912101,-0.12404252550737632,7.148455033915069,-2.399423761694071,-0.6811361130612089,0.08865268746079957,4.4618973846012935,1.6691219671848303,-0.4596488846548713,0.03106234176609664,1.2200051077740837,-1.467018068054983,1
-1.168024191831741,2.4076232501159236,4.786785757210274,0.24107507986736,3.8056536029570665,1.4048045519355221,-9.737550129400192,0.8165857276198809,0.1247987969508575,0.16894317464043468,8.388837346862202,-0.7022883674091099,-0.7040347543345435,3.214481696791518,1.1706723955343885,1.6566457632051934,2.7699820844729826,-1.0902736642775026,3.97649675233919,-0.9999707867292513,0
-1.297877986721469,2.1949631241761516,-3.678871976114553,0.3665843335370864,1.4387526010423692,0.8745380094335049,5.895114201281942,-2.1493338266135726,-2.4899815569950596,-1.7679864375997791,-1.5082846925380686,3.046119369483119,3.501083513360866,1.7924384159965299,2.4159684482115056,0.4355484554789445,-4.986802135770036,-0.6324614074254593,2.05036886010617,2.1831969223341723,1
1.0918441818276126,3.4735805576152803,-1.6201886129991352,2.5025239437481335,2.4773937090354585,-0.160273212820086,-2.9068134628889712,-1.8921137434619923,3.3061271728710144,1.0271774994732166,-2.8485088125275992,-2.692903469933429,-2.797886362339414,-2.5579671932927845,-0.7015400338876159,2.586099574459982,0.2891824212917147,0.991519063710251,3.2145073747912405,-1.2224949499389925,2
-0.0178037007417527,1.534601711851544,-2.1572411312909914,0.18943800652317355,0.37524257721767834,-1.42376926334566,-0.664986618277836,1.8029058641604827,-2.8627241084093384,0.933089431274813,-4.175229376367958,-1.0196135078883801,-3.2276869288034504,-0.7213077619337331,-0.588835398292789,0.6129865452989729,-3.65998550671158,-1.6906848051924566,2.9948375937166682,0.854820904899559,2
0.18742875535042403,-0.6775399104493103,3.3721193204597055,2.013540077773119,2.3736177711130626,-0.7134145783021107,-3.1722499934970294,-1.1062998371287716,-3.1300475729187314,-1.12751010095236,-0.5003335709370959,1.0591708375999307,-3.5403574939164897,-3.3868581550969474,-1.6235999504542948,-1.2871833292703385,1.3187188321282144,0.7943601619583699,-0.7978442203251165,2.7212508269085207,1
0.5507131831209593,0.06427759464991445,3.371433582611169,1.0184253120184525,-3.529935854592064,1.5926261171919522,-1.8732427379447871,1.869116796451154,0.3645833931232958,-1.4077589590327655,4.512583033623577,-2.4679934983123832,-4.700952101841513,2.0570352729757992,-0.3604287716996242,2.3462722077117064,-3.0420599081927904,-0.6785542464996196,0.17787179225287453,0.7048892126212323,0
-0.39483752264999417,-2.6498305469365726,-1.0357349074516207,-2.969703125882576,-1.4456819829772933,0.625374255887157,-0.17182075419088297,0.5897049705330275,0.9624476450060628,-0.41447154621382515,0.6233077708961552,1.6177391265682788,4.244363920604116,1.16504160636774,-0.5119512766795261,0.31873211124305034,3.1594981887663893,-0.350450969547262,-1.529255461011835,-1.9378356372379386,3
-0.37387666604325753,-0.5888439278057349,-2.6449920993609974,-5.536506564581133,-4.6760411398031945,-1.4289917375127688,-0.09095525215238437,1.3126089754763826,-0.29459899665211053,-0.8320160746403791,-8.788505979078883,4.573411301567058,2.406188634931798,-3.3199992058231915,-4.212227987868407,5.389426254667976,-0.11884395392764924,0.24685030265513333,-2.718763118368392,1.5623829550381796,0
0.7926228932994547,0.8594441663702768,-1.4908446055062874,5.971927479152457,1.8212168697764517,-0.2347324517230257,3.924170796807996,1.3553406228566491,-0.694798817313435,1.8001330404027867,3.3438528367599476,-1.2858636043257214,-1.6896003511359365,-0.6771143026287075,1.1688300507070848,0.09774096934661292,-3.105350392749018,-0.21929632652044434,2.581380608945771,0.431538434428124,1
-0.03880283825484976,1.5694086989343612,-0.14182001980162995,-0.29210609291714773,-2.201147347580325,-1.2294607847229264,5.330708020558047,3.51538841162935,-0.38023012009318125,-0.41065670273846405,-2.234696309316525,0.09363569037270114,-2.595500684156885,-1.7238791509738447,2.350903608539679,-0.1526710736001753,-5.644253676710123,1.2600177394213699,-1.5843093955044294,0.47243519560854386,1
-0.3728639658019676,1.3738284518986872,0.5283908936473611,3.8788794594084184,-2.7866452865354185,1.3544598843319415,7.588419562057222,0.21484027203018974,0.7226043619859435,-1.070180497740502,-0.4121783709392265,-2.563624292281713,-3.2628931468557756,-0.5819729873354669,-0.15412464583547114,-1.5811457883398696,-4.262126973101172,-0.6324848747770179,-3.2505508670502095,2.5197462684231393,0
-0.5313748066309494,-1.6579689937792144,-1.1137349091975173,0.2600698287386719,-0.4143402660386801,-0.5820050958852023,3.5684971313658838,-2.361229934737838,0.9358879891760121,0.5068765781250394,-1.5067414004850181,-0.7380898076012199,-0.3099182677980474,0.34174415614768205,-1.1863464073137706,-3.154682529858895,1.6339057130232135,0.4481222517902248,-2.4896908733814,-2.587727892560281,0
-0.30164533002725896,1.0128441545750893,-0.5637711332697575,-1.1685593655450104,4.254449324755463,-0.595757597918545,-0.6209489153301528,0.01648936020718894,-4.385532931631046,0.21723380367049408,-5.774360858489313,1.065236530254074,-0.11935010721610093,-2.3203256695517873,-0.5515374657490788,-3.5285264026061953,1.683337521914459,-1.5235882364197249,-2.0886332373700047,1.1922882213445616,0
-0.8822605991039395,-0.33158397198412093,-0.45772878121876237,-2.1014784155874437,-0.5387547733955678,0.6595749003357807,-3.492793049523959,3.379010521193134,-2.426415887533163,0.7235021690437672,-5.035168683666746,-1.086757842673041,-3.8033696660203624,-2.1095875135368836,-1.5879759187921088,-0.12102860167173835,-0.6087375871957983,3.34547469159803,0.7247453357298188,-0.4271157411707944,1
0.3367964522784419,-0.694933315423115,-1.4129459477354405,-4.097867379673731,-1.4706674106842181,0.45307722675239415,-1.6166418926949562,1.6545915381719594,0.561559473840999,-0.5062087175539033,-5.001383975275769,2.0892318846140214,1.2022526869484844,-3.09383668752552,-0.2050284729492161,3.956364245328395,0.4041222202089989,2.0462816562890795,-2.197457832575679,-0.5611935407598208,0
-0.4851442654281422,2.370151490100081,2.6175300494563896,4.801908791679683,4.451957807971644,0.6695784305050845,-2.3220367270457456,3.4548912545296626,-4.660475219748707,-0.4438569394969491,2.108791089940919,-2.752995281595605,-6.755181405526669,-1.2515469415091567,-0.9044487463038087,-1.6141629218893456,-0.96497161052299,0.8192281477032568,-0.12320467260544632,0.7350092985844627,0
-0.23426325755905553,-3.1395464384890546,5.552640776308013,-0.5149474738497783,-3.889217050240813,0.5197516778394099,-3.090552695059239,2.639875004258449,1.3612632878664526,0.955545549917823,8.193264245201991,-3.2019159494488867,-0.11232533416460518,3.527986257946388,2.2800001015397693,-2.699971940534294,0.8475778480446023,-0.4917380398677924,0.1471136368144702,1.9326921473261325,0
-0.58206886140866,-1.5197949045925414,-0.6149655237524208,1.7952175005159576,-3.040604006274516,0.015333520450950948,3.9694392056410788,-1.3722900631226527,3.2099732181148033,0.03757015032890838,1.1700952246824357,0.7476432554560402,1.3009432975701158,-0.5787044472726715,-1.7453908231405344,0.07266692123593832,0.6118704746366952,0.1444182886729557,-0.27308150613696813,-0.3587901958126276,2
0.6280982635474428,0.7776342955891861,0.027859706237743365,0.9187506766299287,4.653611895736326,-1.7360125760768201,-4.456152286509736,-0.2208502509648278,-1.6324881186758737,1.2324539079778185,-1.2292374477160277,-2.856904477487163,-6.512586288818816,-1.3311467494517648,1.472427682737952,-0.24484308290305967,-0.5508438254123906,-1.1981699610137444,1.5444292611163677,-4.122943101006946,0
0.02398752617552971,-3.94031842350282,0.8573854012757997,-1.0129276679457226,-6.412732755038513,0.020528901765270877,-0.500831973096132,0.16779601526773036,-0.9768196763957971,-0.16005542327640132,-3.2944214908864384,-1.1441956855742752,-5.769525309244977,-0.9598931249816329,-4.560991932746427,1.072383856355456,-1.7810750403571525,1.1779964949594808,-1.5775148007942197,0.5081722142317977,0
-0.6408475663874817,-1.6942642739168745,2.8224567147639066,1.8940743797366761,2.2380648939992547,1.1672641965852917,-1.8995326193573987,1.8485027924687556,-4.036885024656666,0.7014283634963061,-0.09646800482450685,-0.23591161679446948,-7.586657831857932,-3.443561860990239,-0.6180042790412614,-1.727848365767409,-0.6592543992688595,0.013882667821793792,-1.5951365180363133,-1.6575466992666503,0
-0.3962706985598455,-0.171730539111133,-0.04328321353925291,1.0398062027282977,1.5382207890994977,1.4002953331564998,-2.6684414161996624,-5.587726564274787,1.7909024775114202,1.068384539914172,-1.3201104862450928,2.2139422060255485,2.5602935718792015,-2.3907059546589977,0.5071062867143277,0.08558576318031508,1.226506836337538,-0.3023664111838477,5.151153950548204,3.4186916012286175,4
-0.021750964474391635,0.13179764729869492,1.8126156608127264,-0.30689291963960996,0.7665960383913228,-0.05754859511839941,-10.318725796627412,3.7658308767993383,-3.6047761985709887,-1.5652877603051445,1.4162261896146722,-8.390011293570941,-7.148696264343932,4.398437065686136,-3.6365181617223774,1.546247771470861,2.312564854954122,-0.2704385312414064,-1.3555469087286403,-1.5687165939768963,3
-0.29095686434046114,3.065273959925631,2.1067832135619886,1.0284049447412762,-0.6337825496088353,-0.7347458774539152,-4.210411027765844,0.6029194493094057,0.2681164384298187,0.965939554859702,-3.8261358113436916,-3.233279711491775,-7.781661183824795,-2.655554765650908,-2.237897867378944,1.831392224901348,-2.141817702755956,-0.14842887645064787,0.7160902082503651,1.053527600929418,0
-0.4784263998947005,6.171991869233155,-0.28918099962499166,0.4989040349769803,9.735904942613793,1.7242954474334586,-5.989414434530633,2.01525975816887,-1.9543197572803013,0.37106733166954337,-2.431450685376957,-1.7554980078207523,-4.6917331417232315,-2.1352051106646006,2.1862450608674506,-0.6077039798052486,1.1094522913431772,0.11020364934630288,2.105891795921682,-5.096918415882406,2
0.9113056144249753,0.4076022907783854,3.581593126974099,1.4389237526455005,0.2416617000861266,0.40217388821128486,-1.3841796758107434,1.5658199654226554,-2.696149053886143,0.04044801034431038,1.941690024296687,0.6269274937021079,-3.8512514292271764,-0.905544084397317,-1.2084486622315331,-0.2899932444089355,-0.9441103744632675,-1.6971807779520849,-1.0888713679736715,1.5817171061899644,0
0.5091542966139893,0.33590469785649635,-0.8275163924009785,-0.242098044674516,1.9640716446672717,0.30806035938715215,0.5437793452503971,0.035623649216306785,-3.2630976277427166,-0.3550986825318197,-6.612202607299175,-1.5326137877268382,-2.6697233082907434,-2.3734983328453705,-0.8111516091915909,-3.913791277277549,0.03142534693492105,-1.3814546015585398,-1.9007014903446136,1.2817801683462697,0
-0.39432125908374105,3.3319838196318945,0.81936882489122,4.341207165451205,8.607110730939047,-0.6884182762894664,-3.925642220104816,3.1907706770257818,-4.018162951581573,-1.497092598631732,0.7353896339822321,-2.6664938565298124,-7.291336681158029,-2.829090662741663,1.643820280571605,-1.6595566524592917,-0.38224887369238414,-0.998126015092417,1.8875396059775242,-3.3152854342663804,0
0.4190037738664481,8.066854476647414,0.8211714682076037,2.847101306945185,8.75564063386609,-1.1046056050160964,-6.279760180750212,3.4224576993839015,-2.9863671727306254,-1.424873320506421,-2.5614995638107207,-2.7196117512224327,-7.458897710913026,-2.564307368557473,-0.7598849086042377,0.1658430437395575,-0.06882247561815213,-2.4330531485066085,2.4232901726099394,-2.652970746792956,0
0.7655473233588275,-1.4846650491896574,1.26115124135897,2.1410424258301717,0.8366732072233082,-0.45865800602651785,-0.12936352896220513,-0.09244039310468466,-1.4853346930939146,-0.8026532220639115,-1.2928144406308342,-1.6847037459509726,-5.616668432949708,-2.9445969780112575,-0.3393263383077547,-1.1358502597895883,-0.7009950421794537,0.09892633603723659,-1.7808442832372573,-0.5909755333682225,0
-0.16224655385545697,1.8717376032067494,1.305919554889135,0.5171038871037271,5.3591313881248555,0.4601370041450058,-2.687138280291714,1.4101911020870956,-3.9205003748782503,0.9676448454057958,-1.861746982962281,0.9117865869990331,-3.5191519127416515,-3.1318163724398946,0.4390198062899209,0.17806334504636645,0.4391249576278837,-0.4335440197434825,-2.2330462874768218,-0.7653385194122628,0
-0.24234966248529272,-2.9749710548512116,1.7611030984171807,2.3500243765293414,0.09756573879970602,-0.20863304238805255,-3.1100875432355095,-2.9976748841097693,0.4795473448587856,-0.5341300664163301,6.461308641271639,-2.4595633084104573,2.0333990885619926,3.161912465281517,1.6851191702720767,-1.132553015531037,1.595324579362111,-0.9615886473756089,2.9962857723794745,3.0142158599264937,4
0.6302631921393548,3.3278467843374644,1.0589317855914664,1.8270419766532875,0.9341111386881574,1.0204171042758499,6.0173778003613805,-2.310808608900622,-0.3172621113018028,-0.2790697626307946,6.471090709557395,4.466621321593262,4.16811924176744,5.368419757837317,-1.4246544687590599,-2.3089714333840283,-0.1283051859132729,-1.1374375978982871,0.22839505916581349,-0.6146759934592909,1
0.7210491306557429,1.642849207326377,-1.2374002917682585,-3.0372589098516993,3.6709600278096923,2.00039848480763,3.234136593114932,-4.359120453840636,-3.2862650111782545,-1.7867596168626982,-7.67105796137306,2.1906107646254465,0.823583127975302,-1.5244808180672518,1.8057504263421458,-1.6225281678530132,-0.7413560352881103,2.522848229633043,-6.131715990302933,1.0368936896852405,0
-0.3487786492888781,1.26314362372139,0.9751345127787838,0.8206017071346883,0.7367070664624772,-0.5779094916518412,-3.012212758210003,1.5078096099387575,-1.4439133031722036,-1.252298134162223,-1.9289875011109796,-2.2973830974891376,-6.719980166451817,-1.3013429287967448,-1.6929388272931913,0.4227933178785702,-1.2856445383925796,-0.1824152373151762,0.4613213601023045,-1.707855371671219,0
0.4531661125116759,-0.9050288071109642,1.237389119157864,-0.07197303572956648,1.5513535472226812,-1.7002326833811914,-3.4128529634046414,-0.2753739069080132,-3.3821655595350903,0.14632040362257806,-5.577444957285759,0.5727825370978359,-2.7139163998910028,-3.69064297216404,-3.721808588577764,-4.291680132577822,2.8476433061556596,-0.5770672846449787,0.6281394640458013,2.2032554696144357,0
0.5950403727190641,0.9441806632086945,2.2102386602601083,1.8773987423829253,-0.6730510435029999,-1.8008488371144606,5.5222041358665805,-6.002487557341509,4.463613906593148,-0.7578258991279403,3.4399225341496518,3.538931903625227,-1.8909583976764797,1.4616283546200082,-3.3877219034971247,-4.31150009408891,2.0143971995623984,-0.7028815548227281,-0.10081163504020196,-6.520534277011252,2
-1.0419230560259762,1.2953927614850007,-1.2748025171174913,0.6796909946726071,-1.346138598997423,0.9241498811618153,2.244504884643406,1.8449573232414376,-0.7376570661255051,0.8765538871182497,-5.2046617941290805,-4.645988960196837,-5.028438885452448,-0.805688663873631,-0.6765149743918717,-1.940772727741901,-2.9181924469378897,0.40467275275047726,-1.5556807043006216,0.20891709792858948,0
0.7079243501566491,1.7270678892589988,-2.692560230291771,-0.40303368825606134,-2.4401540196649676,-0.12924521524026733,9.453441054611917,1.0349025385339365,3.425191697202675,-2.2546038164172133,-1.738060606662892,3.5875509330677353,5.269839098709664,-1.4058260188855358,2.060823957067118,-1.0710171018801127,-2.6673093992855925,2.626310235781116,-0.1434712018368487,0.23708340776150527,1
-0.2961701616656381,0.7038632608229265,-2.947674023543282,0.316828332628753,1.8010268669718714,-1.0855047183470434,0.10170997846560201,1.0982060437726635,3.797056454477295,-0.8836016232820929,0.4368684114967322,0.7918044228522035,5.162820053278618,-1.1119582856181256,-0.08052568796018889,0.8481495836460442,4.13965477059165,2.145159183921767,1.7041726363679959,-2.8371129094677796,1
1.2540354493151413,-1.1918373270552234,-2.673288124372806,0.7455681805008372,-5.086318197281203,-0.015447092357421074,8.010040552684035,0.892943123438223,3.422965374058098,0.7888970604642729,0.13585424570229312,1.2207319331402218,3.4039499789298127,-0.5782869858222839,1.998175066827577,0.7765094744186642,-4.142076320694491,-0.11199191463478315,1.1515872309439064,1.4169573584212696,1
-0.9088534998794006,1.876416640492277,-0.7687100720688005,1.3194640678475913,-1.8909173983691396,0.5947497098544426,6.222528823403047,-0.12084912237788026,1.2748593192486743,-1.352755603715716,-3.5948195924655857,-0.5142515996534696,-0.566291528757565,-1.2997450780212958,-1.2829141588958648,-2.7281015475670047,-1.5995632739554417,-0.07195196514032248,-1.9821309005008083,1.296931926685767,0
-2.0308581451747902,1.4284745616985801,0.9969365360123557,-0.14013794196486162,-0.7612964735787116,0.5465614854044272,-5.312803667579773,-0.8528976753602406,0.10579709145730809,-1.14058393294557,-2.249731792794244,-0.7565119264666735,-5.439223234338742,-1.372595594535042,-2.158121553647428,3.6134848327849625,-1.7865097078729875,0.04179136862600226,2.9592790404247697,-0.03546797185415418,0
1.1088568982046167,0.21988491711589986,2.162590519127103,1.4754533552647857,0.1967962473316404,-1.0688403128408261,-1.142270922166871,5.517215250974077,0.8119748434559211,-1.239898301541024,6.94846712052562,-1.8731209683534085,-0.3448693596493486,0.6891499325537074,2.3167784335466735,2.9215037200708505,0.05467010036746012,-0.06740744564874504,-2.1897079793363288,-1.1710523517887401,3
1.6689342561317557,-2.3450084472875083,0.5696427794657977,2.827736868861936,-0.9299153615162753,-0.7725013969171382,1.646236962667369,-2.7305661729488797,1.3350365525700332,0.897372701848969,2.3293488181372437,-1.1060423070452812,-2.1359352724158986,1.2368585696656589,-4.567035372780873,-2.8890243627763104,3.641886931379327,-0.9080798884193191,-1.315374223952089,-3.375655871484676,2
1.481808808195088,-0.3221939561128866,-2.0881562096053945,-0.24853080754293777,1.3322887685384694,-0.15214521382331087,-1.4448584977932195,-2.543085338189049,0.9466921670303217,-0.02986644094485999,-0.4370353043513257,-1.6311975294579786,2.280017221309441,1.829761937764021,-1.0428691298007644,1.2728668169013604,3.0615240783958586,-0.9077432792334531,-1.1202765368536323,-1.1949063683106358,1
1.3809449925788095,-1.2319269128734849,2.0066080341670576,1.6753750974389074,1.5098464665220501,-1.3924686080787245,1.7879106599141266,-4.161110960912945,-0.3765003125831763,-0.7224802133090025,2.206832134053089,-0.6316450446801408,-3.1037276094010293,1.3529441470414052,-0.043416936239062176,-4.029934407984991,0.8483623398241946,-1.4021725186183736,-1.8653382010018869,-2.556680838477472,2
-0.7820632812396648,3.5356471892754007,-2.262254128874752,-0.4500325824512841,5.521353618875047,-1.2323820034826902,2.0486467082841124,3.4674188178196816,-3.1500495945240248,1.0768531989502246,-4.80713351802449,-0.6484602864269489,-4.762304893048032,-1.581919493773274,0.8456017371386253,-3.4238105199117923,-1.1791869609211885,-0.7448772437373951,-1.368656432045214,-6.377192763137512,0
-0.24917722989628707,-2.630879388910155,3.391186630863404,1.1470052902839267,-5.957813594884824,-0.4400977171625708,2.536609618617615,0.5574018764470319,0.6736147393658745,0.564558098876674,2.7588950154507894,-1.3297054403216257,-6.506480683794006,0.5013545740838006,-1.5862805159865117,0.004981704299662493,-3.5247295777095715,1.0149445143673195,-2.173225868392791,-0.7267075271562813,0
-1.109698001848983,1.3204729409711222,0.1833499637903131,2.930552837872976,1.2825483915241036,1.456285288912995,1.8129891792349788,3.9670113670346616,-0.8437032714693332,-1.468582216488888,1.4689261320834655,1.3398552016295606,-1.356118091425158,-2.9701326161208272,-0.10940399508773979,1.357571091110473,-1.2436528232558268,-0.6951481700270656,-0.01138296425477403,-0.1002027527546071,0
2.6340252332216942,2.20967292109008,-3.175832544608045,2.6771495124194566,2.9154023707984718,0.12948077891034412,4.448345295170504,6.745362131559812,0.604543414385199,1.3643351877441718,-2.410618138829124,-0.3613416919743384,-1.4167430783469235,-5.755978798368205,3.6282974818786613,-0.1806350452750971,-2.9390074807757065,0.6495972494992013,1.3090546046156943,-2.53393506759974,1
-0.9159797733894037,1.8638307239450491,0.36173139222084716,-0.3924716257749943,1.5592306421435522,-0.6019389378470857,-0.7481434076320697,-0.6704932980114505,2.081193564110661,0.31637601819286965,3.7481062509204994,3.166807193995739,6.469496271471021,1.6365336542318079,0.8869226783736703,-0.6264970463929627,2.6090138469340705,0.6928838020508412,3.544389959020391,0.7392299491136558,1
-0.8312240544639494,1.0887441103864404,1.6521852002913042,-3.4362621205313264,2.4832333996963487,-0.27911453112993967,-9.092667974942007,-0.7663971584187839,0.06513322558677781,0.9686490064537576,0.08017464259714906,-2.4231052922693523,-4.398082571029594,2.1660211410945753,0.5099172703123482,0.9469781150975474,1.5899026361960718,-0.015432719684975858,2.2307459528063065,-4.930086618345859,0
0.22661743745992766,0.7107648481536676,1.9829956112549842,1.0333710347892948,2.8293344406021883,1.5503197519317553,-0.9751152925870379,-0.06026046610454694,-1.9177928067633527,0.042259375878144045,2.8992573414978375,1.3346577199466751,-0.06691110401441021,-0.3315602738469634,1.1679452571409996,1.5098461958745841,0.3129154222998356,-1.1655749299512534,-2.3508262772203676,0.8063523210176512,0
-0.22964300137697308,1.382590731204417,3.1165781727692803,1.2010673414834752,3.3099920664273,-0.20113238011307005,-3.7234208998023077,0.5715550621505663,-4.021698989610201,-0.7600309084815615,-2.677796830403227,0.030137292022132334,-7.0504776979320685,-3.952864475221974,-0.9198204829983179,-0.2633936589077299,-0.9220946574991312,0.6134949357153213,-1.4306406290030345,0.8776677283635334,4
0.5650780455326779,1.5051337406731649,3.40353808425657,2.9264519344873836,-4.314014760730816,0.16552258511136855,-1.5949105862596193,4.610338520004843,0.6631227701879618,0.3741286524354697,1.8382310041405725,-2.9617535741398466,-6.883497128692359,-0.6575775721521548,-3.8917153811499845,0.13040886548793762,-2.351646462652642,-1.609053751436337,2.1851041522711614,1.3892733320851978,0
-0.7097116266687317,0.8187283419277378,0.7607897775054564,-5.173723350325565,-0.9646170663242659,-0.7294311033998226,-6.028967553819247,-0.597269655224441,1.3670646955806056,-0.5847114037147062,-2.972638227339048,0.9734896491761271,-0.20508226485847103,0.2735986874341274,-1.058475031836504,2.4745956479409976,1.6629468383747623,-0.2848318952519721,0.6707784019103643,-1.868070226959098,0
-0.10951843596763612,1.3880739352125486,1.5062085694018108,2.821112390299481,1.3738813483087744,-0.18995432395683556,-0.7350724489590766,0.7147331772395817,-1.7234675674839885,-0.5571239976798625,2.155881614421503,-1.950882363051471,-6.3286384693224385,1.0374606678554543,-1.2125196971130499,-1.5814604492166002,-1.8578380992548644,-0.3109152193662554,1.7801750146145552,-2.3745765213946117,0
1.5481147473885226,1.18844486502062,-0.8498079752189367,2.635285407445682,8.800094376897212,0.01651401179922236,0.829857752660814,-1.5272906662188612,-5.747258818521767,-2.176040714133324,-3.1161034411473496,-0.9163076001805909,-0.3257709494937302,-2.8924535467126153,3.9866309598183394,-3.568055143069672,0.21781559878368228,-0.673787011291081,-2.9832688546755985,2.6641757309772163,0
-1.1360049015162665,2.4381462722555516,1.1737088940470861,-0.4210739887743967,-3.557792499210333,-1.161192403934154,1.7752758680607756,1.298108275586757,-1.024161010958857,0.308601055508868,-1.3716617610090422,0.5099044553844683,-3.9195792171104133,1.6930398625930336,-3.854299158744214,-0.5482930745096084,-3.1622347949333474,-0.24202986630239728,0.49591472062870423,0.10376021422075499,3
-0.5371996263031754,0.5878543449654241,-1.6382845289460626,0.6402850690760384,0.17028275276313115,-0.417611946356025,-0.5782499293689473,-2.334655336458445,2.4163717707256245,0.36730500594064597,-1.7395001946793944,-3.3068784535140514,-5.080876175936229,0.3495104963910788,-1.7839455173188232,2.714400303018852,0.12359224806857072,-1.564789896208079,-1.8482188018816292,-5.639107241938379,1
0.2429701004188342,1.711553116725932,1.1735383756120616,5.263418753687809,0.32094382862485443,-0.21734963653289952,1.2902560811253225,3.0790428192189894,1.5692688622050284,0.4974623095664551,4.2859804564290105,-0.9342489009996382,-0.40701989089565344,-1.5231101520641643,-1.6696775658682839,0.35682007919244896,0.8479253906960509,0.7496648194021218,1.0165197140109634,1.2881122393986286,0
-0.1854812457315436,-0.9698559855003881,2.734286214036246,-3.6743260747159203,-6.840698093012874,0.24174967554716129,-1.985448503864667,0.4227005682759992,0.4830267560830137,-1.2268803845717136,-2.8308524816211498,-1.5460962943502397,-5.052018204729655,1.2499826725290997,-3.1348357322328897,0.5940991599293746,-2.2070195971180295,1.1144396650004227,-1.5390628764560188,0.6076833145460092,0
1.156359120559627,4.6152907625827275,-1.4803894681459466,0.13809330064367198,1.7906996418780066,1.858552411625337,4.504545497703733,2.8153983105574123,2.745206613063787,0.8793253830200521,-1.7997581848155835,1.9541119614208302,3.2754662359267948,-3.624254835600124,4.633113018725762,1.923611135323735,-2.8038971991515256,0.6377324449490915,-0.39526305387444993,0.8766423599703187,1
0.6354610469219445,1.1071944353631826,2.174373006044198,4.8109184456117795,-0.5874159379119637,0.4993752705248887,-3.8726951292588407,3.9295866452462307,0.3994276255609275,-0.3196614394666864,-0.08955100082806784,-4.074212611878211,-7.1839677880941695,-3.655009011769445,-3.6162956145888208,-0.773937049767321,0.06430393394364065,-0.7167271838795211,3.5693124514011636,1.2592058484392656,0
-1.0872467997930577,0.3194051987756742,-0.13457854472088382,2.8072059603295667,2.8412260683719226,1.6683093157241102,2.2962755965382704,0.2844301129132668,-1.5174878204554352,-0.13160735732123524,-0.09524443556706852,-0.670515674993408,0.007884893025709586,-1.700015863789247,0.8512993100523794,-2.21611239429733,0.4841884356497106,1.0439150850435848,-1.671840938672982,1.3607963692128098,3
1.4124145312183314,2.005257481356613,-0.6553809898502057,0.15085516493107343,-1.7204099070790093,-0.8860766819576824,5.406670916672016,0.977180307942225,1.5507511663462359,-0.08710520535852988,-1.5526212460106228,2.3576630328665877,0.09063865257820823,-1.2345340624840795,-0.6510399881331421,-0.5648429547307536,-2.1162869469891343,-0.07213587617624656,-0.43930047858875376,-0.9850566885010462,0
-0.2440813620652877,2.308629971195037,-0.9845637542915922,0.9344519492272728,2.0515780634482343,1.3656398250727508,-3.7013255742447586,-0.8210891043877473,4.098036675932153,-0.22887373812124084,-4.558467187918538,-0.5601596154415136,-0.8804719690933195,-5.660257968450828,-0.33373778040929747,2.1277878008561735,2.0265563934836592,-0.7441319052208571,2.924657998896892,-0.35549238750655965,2
-1.2783876378669614,1.8396441795617402,1.0823643301766779,-1.3111946569342776,-6.334631971602491,-1.353055931048948,4.90940730751593,-0.7237237927948819,1.7204926723103982,-1.1871452663280024,-4.170895876689784,-1.0628935743854397,-3.777619200329421,0.5506466613003274,-2.3806336766165033,-0.15593751558444724,-4.395464281720306,-0.33145245265927126,-3.1765728068177537,1.5595007580689058,0
-1.4530946045618658,3.2346660613787552,-1.7181822300317666,-0.5126394827121283,5.07020401578305,0.42537558125650893,-8.128546801881123,0.3423312012980205,1.2624733884417045,-0.5559771262163905,0.32071825927938896,1.5290727109523385,0.317572136244828,-0.8106142542949811,-1.9863343895960666,5.580473735811524,3.843183783243762,-0.07026903417667048,4.357910975308852,-4.884644139591792,0
-0.1817019522574588,-0.19225464629485245,-1.072712760537751,0.7935107084890333,6.708845362539131,-2.0268549171590777,-3.739672811247228,-0.9388262169181298,-3.2819863114218104,-0.7028307786861041,-6.164566051890007,-2.56626016408869,-6.972960287046079,-5.154640086252342,1.9953144239671237,-1.1106307857920585,0.15283978707692625,-0.9538414111732225,-1.1388460886320502,-3.154714047808702,0
-2.0690697038249257,0.6811178979213344,0.219513191003176,-3.3668011875024577,0.706379882976369,-0.8403932641388425,-9.779620290916641,-1.1793686916608137,-2.2680143501905956,0.18789202287427845,-9.05400709430292,-3.087609593466879,-6.666494539598032,-2.8470308450761594,-3.4704685379210836,3.7045327919874427,0.9852044328545204,-1.0342818138219942,-1.050485917297808,0.5685291766389227,0
-1.872671446021675,4.859677823473493,2.6414270350990496,3.957356460200352,-0.14921841444318407,-0.502796792338887,1.2281419242568923,1.0964734408571344,1.3424477650182376,1.1661701048321504,0.4193663735162282,-1.557345833518896,-5.255811178606241,-1.5029221402972357,-1.742807632827607,-0.8663329497687249,-2.5536573727833316,0.071495342457528,1.398096406843807,1.293995974930596,0
-0.9153607618436007,3.811887803750728,1.3139656060108567,1.3872840782167388,5.434565983908788,-0.1354889413514956,-2.9897124045471264,4.1149734517250565,-2.073673136928562,-0.016693239534585715,1.7143540039803695,-0.990306977924982,-4.466858459275623,-0.748081549322579,1.4122006703826089,-0.9739208546442988,-0.4270202630190246,0.7628604844305278,1.545695895812106,-3.7519354501277635,0
0.3922830553835679,0.2097998134566762,-6.008430201270799,2.382674237613587,3.25260014066422,-0.49532641892033047,4.068965014421532,2.290824389317154,-0.9541831457086662,-0.6711698098584843,0.02251053464582074,3.2410632778072164,7.263846244867725,-0.9509170909642233,-0.8026003427190928,1.150240472061916,2.032489580171931,0.5440180063660932,2.2252106727457797,-0.6232418834906795,1
2.5048360867434485,1.318114931163628,3.5581995288570987,-0.13661910232127195,-4.292134928696111,-1.986950215586691,-5.228965827277714,3.040047406998455,1.1304140567594239,0.25598157683199885,-1.1631502113918395,0.7744971330702439,-4.694171731678753,-2.0363805616720607,-7.159624226333046,0.7408791806992057,1.4943469610307742,0.292640995260964,3.0519220247272596,0.7649807784327863,0
-0.4775756826037009,2.9025308587201764,1.6517377811619003,-1.1138874600340163,1.8278649502512647,0.8431290081480877,-0.1008856154999556,0.23315489357321872,-1.5874363409065526,0.9970086019619141,0.5343220254676191,0.4883770774463083,0.7066065166505296,2.2408684740278675,0.9050544569322939,-3.2432682997069877,-0.243191514862374,-0.541093284124823,0.3185761853129747,0.8399819263329718,3
0.3977352436656701,-2.0777147715179654,1.2220918966807015,1.838124227654232,-6.070754356288517,-0.600522733980478,3.4236065455543407,-0.3372430755504736,0.3288040017491207,-0.20596056248916597,0.23959179905198516,-1.817997051276648,-7.574596707766244,0.2936778463979475,-1.8788201879728934,0.024683787416102443,-5.66268600112506,0.4873908533951332,0.6390756489159803,-0.517708357409926,0
1.9212547448902826,-1.0170323896230933,-0.2639486368956738,0.6879327330392859,0.18377567048783544,1.0431645166676666,-1.220588987489788,1.0287914299617233,-0.6625135246440097,0.2731550441553249,-3.118096485231559,0.0634971653301275,-3.585151376568653,-2.438616802419514,-5.642098207300509,-1.7071821962790406,3.6896165162758736,0.21815459842078405,-1.0912788776952904,-3.407157218861135,3
-0.45978281176458946,2.3467079644073805,-0.21183451180808177,1.018942269190639,-2.5468577745233594,-0.6801300148897855,4.883094298755888,-0.40468627415496194,-0.5979831305493221,-0.40394699351913865,-1.9163591909411626,-0.7524071919004611,-5.396351412429075,2.629673848475892,-4.778314575021371,-3.6420590746621384,-2.5231938787922186,-0.11678633986612308,-0.04819584395165344,-3.1852971069909897,0
-0.1930075035845698,1.1132313431178433,-1.9068198769939508,2.9637919863731734,4.478842633752386,0.3753498005303022,-5.741550472064537,-0.6324622633768088,-1.2475211382308014,-0.590088747004416,-1.2775077689949808,-1.8404877763304899,1.232101685409276,-2.2133369034292003,-1.6638522690334905,4.418563725800135,3.2121137792542296,0.8116491564279975,1.0017114607469828,3.0631980868512434,4
0.5175334457625059,0.26262142127236043,-0.554823283869186,0.7052222380046795,-1.802500928486873,0.754973324470794,3.069561679487204,-1.2149975871642091,-0.41581235300901853,-0.1342909319798393,-2.951477558722831,-1.6010706365166438,-7.135709396991522,0.22187838235006585,-1.4324535336537856,-2.116978094880009,-4.04299882529052,0.060397345910971935,0.7152456183327707,-3.4199777677880183,0
-2.1799986250995325,-0.6223240352473975,3.6648212709239747,0.997493148751037,2.768016610134841,1.091874665065612,-6.3422265983511785,-0.27530204947265013,-0.32737542021660615,0.4281979803255418,2.500663648186288,0.6149324794771063,-0.20155479682103325,-2.5144357600418226,1.2136685321383736,-1.10732210885514,2.6989797553708166,0.9415756232600553,3.078448065880664,2.5240662096096553,4
0.41571378683290666,-1.680812403665199,3.8190321956443505,1.0997764116145141,-2.1076839321251177,0.5081505616764663,-5.337878273072311,0.2662792107350552,-2.1450440967503086,0.8407585893371537,-0.5378750740155124,-3.3677667790873094,-7.913346825371432,-1.1281332423882209,-2.0713489261666718,-0.4797537400928611,-1.5324111487442806,-1.0386781665039493,1.01617468381414,2.413788394189199,0
1.4860508058293391,0.7539697793506356,-0.43087834686199034,-0.9222694515825558,0.595419476870411,-1.0193933189236108,2.3544907012348704,-2.1412817104564463,-1.4421796020567135,-0.11579529807478761,-3.1990617856677273,-0.5647734723774961,0.6130964348016343,0.3905339084189916,1.1563894728952442,-1.284309190273161,-1.1425434411831739,-0.7429851077190445,-3.201731321149591,2.260169379021306,0
0.5436568541826409,4.1623256950407,-0.4878415707711945,-1.6091855160837407,-0.3913640845893674,-0.4361276073200601,2.122066716263053,1.3068888974649586,-1.9003025395390534,1.0480686287510415,-8.218197245487893,-0.09944388191782605,-2.3575538758335277,-1.5043357922004725,-2.6746402526570896,-3.546763375460849,-1.7028987558434303,0.791941079449409,-0.9183938921803886,1.876313839520609,3
-0.5055999927678918,3.364643122205562,-2.3538274777512753,-2.027386489792808,-1.0952748395294862,-0.202242059368541,6.877919261809051,1.247193312564014,-1.2412591588399404,-0.09727176347931417,-7.514968424511516,-0.5037256337434454,-0.2917561445571533,0.15943563550116524,-0.6586065548227258,-3.7870156739316654,-2.8023061610032665,1.0549327568758635,-3.600018014625036,0.3812559607101136,0
-0.22992020933693333,-0.8962618313837314,4.096745961861752,-0.12103729658902784,-5.105740361428482,-0.5353897829911223,1.359415307522529,-0.19268356048550195,-1.421769918461787,-0.5247400475060665,-0.05874397008913067,-0.43113883786788165,-6.50735517828302,0.42914855473746405,-2.1016920901516167,-1.0326124652415385,-4.038267371291603,1.022312474498187,-2.0284568530506957,1.874956632185674,0
0.24658715743754112,-3.1156073185736033,3.3077573915615233,-3.659636640354815,-13.653740277325609,2.4955792278548445,3.50957203827323,0.01091907671486525,6.178870784355187,0.4541486278418283,3.009865366034157,-0.5193127728932478,-0.23761096056504408,3.9018513769818948,-1.3655478431696693,1.2663986886934668,-3.9583040813632087,0.3262957093474423,-0.4121334646761987,1.6531213607062585,4
-0.7426264511718177,-2.996642064836913,5.540195463388367,0.7816355498151795,-6.678056319126783,1.970959168340643,-0.6791087214264123,3.5944065074034066,0.7431571352625854,-0.500238091799737,6.31649515284107,2.4307159830858427,-5.139743830046871,0.09218707885243105,-5.154279636276169,0.4785092260558248,-0.1307938380322874,0.8891459188165428,0.08650673128286468,-1.8383727263245428,0
-1.3609851281047673,2.3075884839000365,-2.5516564491151073,0.3792608869718226,2.9271354311364886,0.17241538862603684,-1.9603440901919755,2.243269386772919,3.5765729498642247,-1.61903685282194,-1.097246355668116,2.992376141210755,2.0600968446757224,-4.1149953589410115,-0.2354475226728624,2.08651447235279,2.416659512281803,1.274390402209455,5.310648931371162,-4.234621074518969,1
0.5856775467607466,0.6327257847498555,-1.420974549386754,0.6832000707545229,2.11359601914173,0.9379393724822738,1.992145387571991,0.13036426231158993,0.7474995280049711,-2.6668397657464586,-3.3406444618496107,-3.4235235418518566,-0.6408224782183137,-1.8606755747496657,2.147406550188892,-1.7656304311516966,0.5348828468448819,1.3787664465402063,-3.3862458312189623,-0.4908515740732745,2
1.109719581705981,0.7428097247041927,-2.431147366110649,3.0280108556423815,3.0737982898098335,2.204805026717396,2.8546421847115226,-0.4275163321940927,-2.8185418089122924,-1.1376279913404455,1.229771852065995,0.39667255270131285,-4.040687826652615,1.7301867899268806,-1.6733440797296106,-1.38678652621413,-1.8042168658178193,1.003988338342223,2.1525338911042855,-5.4169464119847985,0
-0.18866853438029949,-0.5650669559563994,-0.7980434860117995,-0.3218530453930444,-1.0822136967285612,-0.5352507286112158,-0.18297108383541144,1.4417720543010104,-1.5330692706818532,0.51301593078462,-4.317088524274451,-0.06678628515633356,-4.8612357745180885,-3.117380344254931,-1.0276214069332177,1.8721342044833977,-2.759975822916748,-0.5504872639918358,-0.43998163510406596,-0.7683159245368776,0
1.7804928054153593,0.30111417432983756,-3.9973215391436594,2.9074444368912227,2.7477765006240094,-0.16452363453911215,5.941581228214419,-3.2211652765430747,-1.097110532737434,-2.001573946707216,1.7803039861224597,1.1521830047605282,2.0065875530379254,2.8033840125448704,-0.10474884402036577,-0.3189237670037077,-0.8447752666174364,0.44614129677144887,0.1082271709542858,-2.8479786858807667,1
-0.5677726980331775,-1.6360596970033747,-0.21363434200689402,0.9001436155586743,0.5437565729009614,-0.005116755182137881,3.107137937327042,-4.8615575508959274,2.267016248544558,0.2685606121243398,3.182574160968988,0.6797684472269085,4.56245344568262,1.6088752265943729,2.8670626005343602,-1.1631762115453845,1.0521576197906801,1.2677839279180887,-0.7040266121988951,0.8516089283053152,2
0.2559094287062057,3.344463511577225,-2.636769060695883,1.0538267116607993,4.227649009593753,-0.34836082465781076,3.531669575310312,0.5391558877142484,-2.669650165766202,1.5915235491840705,-5.330257636084107,-3.4549666275042368,-2.8345622583214225,-0.4846795993358368,1.5306371696024403,-2.5988166003199806,-1.9762594554610178,0.006307799517029778,-3.385472793490919,-1.0245295552935556,3
0.4754842677138316,0.7869500824640386,3.1152715039100385,7.264686450810764,-2.0189755695008693,-0.11554283727522563,1.7577454942339457,0.755132435208791,-0.3848031295764318,1.8623919682037862,5.627530159938399,-1.9346133208045462,-6.82732805793978,-0.14848488063973375,-2.711945315774325,0.292621801578992,-3.816150517110317,0.29691980691013375,2.615692055971856,2.190667291476357,1
0.3376217827466376,1.7977706042647732,2.4257301390638606,3.5451345927179583,2.8598278291830646,-0.3303637032546099,-2.870465450964031,3.2577388189315193,-0.6184540952767291,0.5701970555231892,2.0993184527676383,-2.024541266173183,-6.20619564620504,-3.1133890232007344,1.1952505416197567,0.25041918801627916,-1.4878475473044888,-0.39521787573338474,1.8931003996599367,-1.0066889317015046,0
1.299966616404053,-1.3083155914137965,-6.8442865012206555,0.2376138703323485,-3.4333113464162897,-0.4319958297203456,6.645629924666287,-0.6631885812288205,1.865385086949031,-0.01369436990718454,-6.787618088638957,3.572146075515499,7.831557370347539,-3.360453277367659,-1.5075669038323118,1.1079790188041412,-1.0673948615130948,0.4766267037434475,3.4998057380150107,4.42951538822556,1
-0.10988575139774204,0.4377139337982455,1.8233615837033288,-0.2884969258612402,-2.219184001044696,-0.3559507195127225,0.9108305472667341,-0.6635210473291449,-1.5960684424762888,-0.8462670218672196,-2.081373523418843,-0.6283161699617443,-5.243330816242434,0.6812182000081832,-2.573515418477874,-2.409706665281157,-2.173797674982289,0.7042147019139049,-0.7138300989151213,-0.13181605965411258,3
1.8826033839942888,-0.2914212795594415,0.20916267090078122,-0.13528554004220306,4.236138983317637,-0.16077862217315575,1.2954736223413492,-4.89853104632851,-4.890402525400395,-0.46117672036651686,-6.605358538681267,-1.3483096442705416,-3.3362822974627964,-2.444802758993128,2.9907103845249763,-2.8219157941401303,-2.091623562666341,1.483637707550334,-5.15688670054466,3.2881444878889226,0
-0.877174770221164,1.9591640200558316,0.6081776790399362,2.7327983080768945,-0.8048279952601007,-0.7713305791077119,-0.10373063360735849,2.281065859222828,0.777696153497468,-1.3243851523960337,0.9868533293442519,-3.661791959501991,-2.1016964721712696,0.08713554108910482,-0.45880292973066317,0.4959737741918733,-1.2941103039179778,1.3232464962039894,0.4333263058679604,2.0735449321410906,0
0.700006309872019,1.4351250826005018,-3.508163406667337,-2.3417684770897877,0.8191109725040597,0.692479235150359,5.372158192363266,0.6604612355018795,0.7548383001843982,0.6514911493209906,-1.205672857482703,4.977836684492341,7.182975044451528,-0.12131134101088159,1.9754312029807055,2.010014161125044,-0.3610645625109016,-1.6693749422543351,-1.5904687546293257,-0.9956631140076808,1
-0.5521200815885884,0.5866147041616914,-0.8522330722503264,-1.351853490108744,-0.9996261520152058,-0.43613689366180736,4.0060271190855445,1.4370481277090492,-0.1921670923651152,0.9818237728833917,-1.527902176220573,1.6568426722812006,-1.999956823939703,-0.054172322070341505,0.45313301256476635,-1.5888753665399062,-2.7427037668031358,0.5575874056746811,-0.0764986982931688,-3.6652990107096963,0
0.6037526532008163,6.308526142366881,-2.2956206217965143,-2.990890482930135,4.400032443307346,1.081307992873334,-3.0949954446043173,1.3821937723959004,-0.5561063315469376,0.6286555640138654,-5.462090260371283,2.202581546959815,5.627484948772069,-0.41906983299135137,-1.7164211521415642,1.1442464285182106,3.525948465474136,2.6873124146604006,0.4489669750524874,1.2824841787508847,4
-0.18422722236777303,1.0862113582721615,0.5948406679390548,2.0170908056359442,3.7539026991698274,0.38801922321335697,-5.513063376499108,-1.1840921858457598,-0.860198280111786,-0.4705325396512233,0.7653452964703037,-4.095231860291642,-2.8974799162566334,-0.49301399086866604,2.482208785526224,2.8330671280524293,-0.5139433146847777,1.197420339454917,0.7650000855471404,1.5944458968911401,0
-0.6580720660206716,1.447382958794947,-0.9446035204211596,-0.254862951733029,-0.12221825697050546,-2.0469511565394005,3.958506497744835,-1.7812564667434772,-0.29594767907962216,-1.01705279472882,-1.9881573227358178,1.0970484254569546,6.883000221387194,1.3017033534161722,-0.682843495152321,-2.9166866873011963,1.8114583768843469,1.9188424222559943,-2.056288564928603,5.456828718134828,0
-0.3663004648926283,-0.2082276379000001,-1.486313027973151,-5.463525120092741,-1.8735428062373407,-0.33606985922118027,-6.657685623832198,-1.8965534423025323,2.065644081899931,-0.85686661973263,-7.452511892005716,0.9179564037567296,-2.139159000079418,-2.598194932573824,-1.8295100520959338,5.286813058731146,0.465280454379726,0.8066701574598942,1.5109426686311518,-2.3661897651107466,0
0.6571327865774748,1.6400192035281846,-4.352517981673559,-1.0428098193515551,3.8180903048851063,0.5256897839134448,-1.5246483774962476,0.1316634981822935,1.8041645731425455,0.2754977228889725,-1.6261694892615506,1.9568140563195224,4.736720221115648,-1.2494054364336589,0.7280423141052155,4.005731706628778,2.6849289624488604,0.8689630979160494,1.5491179076137307,-3.2843561079632657,0
-1.8910932576522337,1.3795259892439415,1.1001687446378308,0.641957052863019,6.552535147766283,-0.796866511002695,-10.097038019917395,2.5313231987911875,-1.8800352369937436,0.5092144632299732,5.962287658321172,-2.4276150689306055,1.446729723951498,1.1639318606197753,3.821212933044701,5.818067369890343,2.529192743833821,-0.7406016461758494,1.1624033342539661,0.5353595914692852,3
-0.07331992526524429,4.060246743432923,-3.4649091545399227,-0.15539780506881717,3.455373075183245,-0.09934294131879018,7.361604930906428,1.690802028866776,-2.6856768139518143,-2.509570855901224,-5.6943736933959945,1.121323461451766,5.0316634636479085,-0.1754534140220092,0.4059686974929879,-5.737881471959276,0.23357664500043396,-0.7125789671773227,-2.5968102801029764,2.0523297874137674,0
-3.0709889462277067,2.9696964654328823,1.9027899551991359,1.097130547161648,2.7982565819265606,-0.3036935961063179,-7.266825388663538,3.1407026915200578,-2.3200103735086444,-0.40860821388401597,-0.33285577546954276,-2.4551205620061625,-7.474518681505659,-0.9538754114439846,-2.393992186847947,1.7903568272327859,-0.19072960836485964,-0.741205034638168,2.2480575575822934,-2.0852597417707113,0
0.9990723528538664,-0.599644485802401,-0.9893925521810454,-1.6435077442784727,0.9701592658715124,-0.29248033511841115,-3.461556186122948,1.0798785533789006,-1.678555259137676,0.8984874386942964,-1.4362639949869653,0.13890827749603019,-2.74178006205977,0.12816152485813692,-1.8071483289450918,1.6933915511901119,0.7583013137964334,1.1984765360993967,0.402212680285742,-3.8681094507180624,0
1.031397801919874,0.03037849123522518,-0.05276014311229993,-2.5544809759341742,-1.7541743108611807,-0.6213862767964047,-1.1632432311500274,-0.46425370958238665,-0.1559661549378989,1.9844151182373881,-3.837939527032696,0.47628672440024156,-2.82362838554655,-0.5706496555624059,-1.5528000706572587,0.5178518216917158,-1.0404279512785846,1.123806760805098,-0.0694107429687445,-1.4793289376954117,0
-0.057251567746186574,-0.7111968323737115,2.7213255640938043,1.057225084584542,0.38700941567079167,-0.9686695016832657,-10.723714118100427,-0.24340025429582735,-0.6906485388484819,-0.5103234626993076,-0.31689890250456293,-3.6080048053745766,-8.12956858946571,-2.2063137584378736,-2.114279542806451,4.4625433568261705,0.1458000137936446,-2.544517182301781,3.0243988320825843,0.2665643004442986,0
-1.3470790637693153,-1.3438150363943895,2.215873477570911,1.9095235781831152,0.27789583809599755,-0.49765887306319256,-2.7936491820961127,1.5549938163637065,-1.4735442763350153,-0.17770815913186472,2.343830473438242,-1.6267639975135602,-3.871910177243871,-0.783868206822057,-0.6230115225819356,-0.18279764593923975,0.11325766645147328,1.5090941380375456,0.3303549273390187,0.19517692073284232,0
1.659213251786893,2.641046854143637,-0.17757836941890337,0.9667094517374474,1.7338788650258368,1.449799144942004,0.9637976191044074,-1.5937218823168477,1.0884095766503719,0.37050353601545044,1.6011422767074146,1.8328273768722725,0.37244148234446545,1.4665887586135902,-0.7513666206561477,-1.692465809243163,0.16855716725819192,-0.8045159355384919,3.542303842315199,-2.4193210859258496,1
0.6780800073626503,-0.595194099540264,-0.6944985540913422,2.522475223578705,-1.2392705116219875,-0.7884156331940952,4.857870994819889,1.8180216927339563,-1.2734531518321521,-0.006880400102028218,2.019349250902645,1.3986596243641198,-2.3850016181805977,0.25508907677987325,-1.686810988983848,-0.728158994129013,-2.4335819786324877,1.5423709724388834,0.34542781938349887,-2.2323052044087275,0
2.5932551460832993,2.4718835378105286,-0.6909265312755397,1.6572670077264104,2.8298291842180583,1.7454777437196378,-2.25598590444335,1.5336924063474693,-0.7651732973161538,1.5183543175457233,-2.8637955717184256,-0.815314364923232,-4.423352642607821,-3.7019714225034024,-0.06568328277692181,2.860776764680537,-1.542076156170542,-0.9231637797389002,0.852656657949418,-0.9555316818128613,3
-0.8742376373373034,-0.263045033791943,4.724558022675588,-2.5877632593076227,-1.4153066904157878,-2.277103020162451,-3.261562351038391,0.6392167978476768,0.4568270753255954,0.1286090361618849,3.461985524118405,0.9473903153499961,-5.939960743675323,1.6495043624096124,-0.6053932019613999,-0.9480947092032569,-0.279079612523647,-0.05639205656641513,-0.22572419084932416,-5.61007566168536,2
0.6412389776840448,2.286263509731218,-0.5679020963510106,-0.05542327508981726,4.565605966621726,-1.2462764261220298,-1.8242548392659916,1.839874470440731,-0.05184466994945969,0.7959842585148664,3.05519275865799,-1.4643850703960433,0.12961943551977104,1.254247888941916,5.392807466093174,0.946950987912416,-1.3389850382624486,0.510482759827689,1.7142757899070629,-2.8482003681850214,1
-0.7250259470192656,1.9325532034734727,-2.0853192042680426,-0.329748913724782,-0.5123872805273121,-1.0310982238742539,1.6983570501119167,1.7146389249942233,1.7747316965737743,-0.19812942028723957,-3.379107329669035,-0.15245255572269056,3.0181504418631295,-0.6457858493676376,-2.4171131433675797,-2.218403882546122,2.367955067046597,0.44420074589186187,0.8089370663710203,0.18019203676604756,0
-0.3679849771776789,2.23555046620456,-0.5825813384857055,-1.0515195280125313,3.2044710729149184,0.612054438162125,-4.154559059892585,1.1852503144575017,-1.429234102865088,1.818577903134121,-5.025202857246179,0.4125866368728688,0.23530801023771664,-2.609629740065021,-2.3464002838904485,-1.124820977080639,3.2907703861086457,0.0021302725316547375,0.9691961480069116,0.5808367019010958,0
0.15647323410079197,2.342847283887541,1.1667723748907979,-0.7089357311656836,-0.69280753985184,-0.9428795588731549,-1.9346782683392163,-4.145482141431833,2.381538450151317,-0.5451313470743777,-6.284101608118933,-0.4154147648196429,-6.904936120901116,-2.7239929333926995,-2.6324783413792687,-1.7697445668782659,-1.0794712914951452,2.0720539109015625,2.6905566425956744,-2.3123088315480818,2
-0.42704723033184777,-3.8918753187639537,1.8142216686989723,-0.024670760525936863,-4.974490000275284,0.4307580051425291,-3.462303457519344,-0.40228467655824396,-1.1975685279237334,1.219031671831758,-2.429114243375478,-2.738473635538269,-8.704893514539812,-1.8827243224520251,-2.1957158107217927,2.3172377489019844,-3.538640255188458,-1.955285284411402,0.38381463016001216,0.8582270758802553,0
0.5861515903256682,1.243002704062749,1.5994441432100472,0.677802248476284,2.2338958868435936,-0.36289119871837217,-9.207429768922577,-0.5007833121180736,-2.0450425142919313,-0.5355397709355035,-2.993867278208436,-3.0896092356548195,-7.046212566741768,-2.5486776345723356,-1.6998466523004558,4.072551247354546,-0.3093641422063754,-1.555316999792983,1.578558705238751,1.2602866284234922,0
1.6083461057286146,4.930580687986204,0.8863324766924348,5.31769930501199,8.223139444669336,0.06146633792185644,-0.16522249552369142,2.7871449945944917,-2.538057405229404,-0.3985552216512648,3.103186680296737,-1.5868124701264215,-5.3169421521892675,-1.502956713023675,2.8291245754800953,-2.4063588558101117,-1.715856213705385,-0.23214185322811606,2.4042901071459255,-3.1461876763617402,0
-1.4035972995806076,2.2299025948139635,-1.6746665279091841,3.1492649169721063,0.9353759818850517,0.3925895800074882,1.2995717179219628,0.3839841019999438,0.30125672929919656,0.7590871662675732,-1.5246382685284392,-7.113126759044781,-3.926660092050527,0.5119572617407351,2.861579732067256,0.4362390919116046,-4.0151032546127325,-1.8146473905153737,-0.33248482845760896,1.589276828032722,0
-0.8119171129461213,2.8591348676629647,1.425208999619222,1.993510234430616,0.7906598696535244,1.636034863106122,1.6006136493743117,0.2968589507144672,-0.07892119958819155,-0.3480026205475078,3.865593873518499,1.353961623827562,-1.4963104850465359,2.260866952298525,-2.4218709746214078,-0.44108914723286985,-0.06965025979722883,0.7076580478282168,0.3143240835020623,-2.3791275508256913,2
-1.2243002142444788,-1.4534004655956436,1.903501468701542,1.1002682067851142,-1.2334735165955768,-0.011917685137617852,-1.8393048716854505,0.6519721883045306,0.214712920493775,-1.20268956920239,6.028074439742628,1.2080407146433947,-1.033417083024563,1.518974806960507,-0.05769527722429313,1.9077176394347637,-0.7706409612090104,-0.35833877991531576,2.718014264819737,-1.0704085336345444,0
-0.3176169133753296,2.4577440424693298,-0.15747715141957985,3.08850947727656,3.7139314800165275,-1.4426828880726559,2.352056684997886,4.964507494208419,-2.1651592024704875,-0.1804098551887218,3.6263333558150657,0.6836712830454097,-2.475392835370816,-0.1462983150521232,0.26537233548013317,-1.235813487332758,-1.0189395931174128,1.2756822450250436,0.6538525937513826,-4.082935542652317,0
1.2547089582589392,4.785611465453232,-5.916735576176149,-0.7944691178237124,3.625763172537332,-1.115030886018031,6.637296953949156,3.960344019264065,1.4551654426387524,0.4220332137401978,-3.2654790560356983,0.16655497279723597,7.252626808523216,0.6563144165269184,1.5574161315429125,-1.609038835803071,1.6746700048524423,-1.079915055558342,-2.056970956001008,-2.933083904849144,0
-1.1961771646147912,-0.6572402390997911,1.5940468836253725,1.176035947021357,-2.0502467750255264,1.4029203093562759,-0.737412611774793,2.6236584771007543,1.4926246978635413,-0.612920413543889,0.7214637084748033,-0.735975441894602,-3.100944242474218,-1.8424777014670863,-1.6559198493889054,-1.6084452056408236,0.28718667019305966,0.4603348007980277,2.04768231961349,-1.0879232950872426,3
-1.3796822591261741,-1.6509943626856174,0.17862865794568572,-2.7360967688748046,-1.4286508782989455,0.5441076535168716,-4.481586510235904,0.20626519935544785,-2.872444764497012,-0.4501804227316995,-5.562487385726016,-2.1998989811189062,-7.470621772187335,-1.208001934272348,-1.4800960163142491,1.417509133153922,-2.289034884895556,0.5304674904525988,-0.7043587766024924,-1.5059554920662497,0
0.0837729989333954,-0.35841218426041155,1.420438769737295,-2.7395163814492225,-5.167883341658567,-0.8105995695202437,-3.6343060610367064,2.4632297215514507,-1.4870771374898153,-0.8052021008292449,-4.044949505921825,-2.9930242678591616,-3.9037457731748413,0.5616402015016897,-2.3580563263080827,0.7522757517857485,-2.4903348543324277,-1.194150808306201,0.17433706362224466,3.6529658968366276,2
0.3628618544142037,0.5420649937302141,3.240117107936811,2.9640951235862723,-6.255539692190611,0.40151023993723883,0.5307339111083081,1.9405844204558844,1.989510947993589,1.7407801168149106,2.103033428578421,-5.323645547299301,-9.897442293813139,0.5350911830969853,-1.4083789441295842,1.9660093833863108,-6.1131096260660716,0.4580131411448066,0.3856178318825889,0.43218332165291284,0
-1.572939342167539,3.6852919375638296,1.7649763988365303,-0.1518844830458117,0.402163547958291,1.2075007540385998,-4.129032355725326,0.530436285382319,4.1165376214842775,0.7418197894183304,1.6850777032049784,-0.35213327514086545,-1.3972874744030213,0.37249224969732986,-1.6580720798344386,0.3867971114641324,2.0470507748962072,1.0477188940366278,3.8794647593468277,-3.167311903673764,1
-0.4336671990856061,1.1290259106510643,2.3112681584071235,-0.38822651456500723,-0.5875735904161281,-1.1577718087051252,-3.1027859940967386,-1.8992242751460138,-0.9469635627689607,1.2438452257577408,-3.3372343121212036,-0.3189955980652678,-4.087105535013573,-1.7445292926499083,-2.0982562564344907,0.7969073888601834,-0.704885224399551,-0.18800849206767584,-0.6764221986342952,2.4050789428831565,4
-1.0727239712568517,-0.8344589519984149,-0.9158491062944439,3.974555463018689,-0.09019600859040981,-0.33060532393348474,2.854909991884187,1.574024967918191,2.888955992570077,1.1774498490358725,7.37329665707791,2.326493324001219,6.3520008716153225,0.24064195512220898,0.20942882308847532,1.4148860338920188,2.113331043640547,-1.067317262253217,2.7881956415951956,0.6922894892082978,1
0.12325226055396497,-0.7158143671734749,7.9708032450352695,2.5112661056368157,-5.199085337830608,-0.4041280008163776,-5.977573707997001,-0.7410272391689259,-0.9237540555553465,-0.4556482054572405,5.312915537565232,-1.046543891768271,-6.671589675781339,0.43703495161778716,-3.7027714570689776,2.6536832380747297,-2.1962383187237964,-0.8937174527583296,1.0848251658216492,6.677313083143834,3
-0.2828762206589394,-0.7442611435351727,1.3605777057116961,-0.6179757160607107,-0.829933845234568,-1.8869813977796255,-1.9304684974614497,1.3009278836883071,0.6617589986734498,0.41579173090541716,2.568775600657875,-1.0540758120654408,0.3735532826277504,0.30111631281594486,2.9892766432853253,1.8002832547189391,-1.2132249230858614,-0.9241359266276072,0.28092793611439215,1.3769955590933507,3
0.28294288685869917,0.7008321205850081,-1.322792201757526,2.4925168719194013,3.0333674591507447,0.8205486334003222,-0.9526687414296346,0.706162380543901,-1.446748120995184,-0.4536100725310592,3.367860050370736,0.9900060953505252,-2.083166658623905,1.037008703550467,-1.2687373232205459,1.6216218953967072,-0.12933120038735657,-0.7670356356604348,3.026782171437415,-4.34243824433962,0
-0.3422399199725578,-1.3913613505767706,0.0897913358898258,-0.6427846915104332,3.400941678455737,0.9386930018700465,-1.8038973322397713,-2.0764906623384096,-3.0100619939029336,0.8440898448390518,-6.322623018486688,-0.22027506403225428,-5.0658317854493795,-4.324586809782081,-0.059555759224259264,-2.4307976794875814,0.7005680337677453,0.09874246858326963,-2.1950902092229563,-1.4720237194601267,0
1.144773062144286,-1.327099460504678,3.529323695198265,4.607840502946566,3.217575159495978,-1.5631893457881603,-4.4484854669510545,1.481683612909514,-2.542635989764433,0.19920259263042747,2.057319424804903,0.15981826738265004,-3.732574512296891,-4.711017954881521,-2.4145043161982427,-1.5222548356518413,3.2010691145277317,-2.5963715311178697,0.9414843950937068,2.191414376876336,0
-0.011143927605751067,-2.8965633233413772,3.2737236920764636,4.797687624939765,-3.5040669053082056,-0.7612592411324928,-3.491045001366702,0.1432587742025273,0.08369341517957207,2.4806655578622765,3.5653723813558815,-2.7648375119195894,-7.204309894513795,-2.3640558341223747,-2.0050928484298858,3.705435958999687,-2.6034693620182234,0.16337413481148777,2.011400023420215,3.1462587525365615,0
-0.9537718321627254,1.6111988944198776,0.6643432054793673,3.960384031757436,4.542887538477896,0.2917802210326831,-7.392886684302227,1.1032038254899585,-3.231140468997063,1.717394551251721,-0.7792744673825027,-2.489463868931569,-7.366072328972929,-3.504250241400942,-1.6292704144671677,4.114587021600862,-0.6961503971008312,0.42179704058209344,2.607389410275117,0.47413338855957443,0
-0.48387920070736273,0.08764869617738646,1.0582226306051847,-0.49237905013963235,0.6859115999831182,-0.34018720372599376,-4.289864492462661,0.26477004155156225,-0.18750832199267753,0.03603287309520233,-2.077069333823609,-2.1511134549327315,-4.8509931381027505,-1.8926765928545655,0.10649561365497617,1.374192326991249,-0.4144007933057211,-0.1644711792196319,0.02894408048942476,-1.1291263739844706,0
0.016025554057826102,2.0237283389959226,-0.5584877827060679,2.014274697198061,-0.6349984918456247,0.08327404080967064,1.7651509489792931,0.8290512237883249,-1.5725848526903698,1.0258649072351824,4.736286772060747,1.8246296575930643,4.100353817440873,3.2703190194981064,-1.2656206714475153,5.290450402827273,-1.5937459960415774,0.08756097332645396,-0.8270755290971621,3.9192000296410416,2
-0.2594660389602094,-1.0375584079105993,1.4872998882604365,2.7044278817968666,-7.843915885380424,0.09566306269328025,2.8231183640068354,0.0987932990519943,3.3525349399832036,-1.7509292109692913,0.9937495894074818,-4.941181497077769,-2.9440041266357806,1.6859347011714068,-2.621194958864657,-1.6267940105046224,-2.785312273601215,0.548984520432423,1.386440341043497,4.06719004070005,0
0.08709894621171559,1.7281293572781273,-2.758695601058558,-5.198334110549357,-0.9170308215404088,-0.7557682024868332,-1.0183056701878437,-0.9656488207495868,-0.46138380218369424,-0.7421897810239647,-5.855360777538706,1.5073428790741403,2.613367703293564,1.3341800444623049,2.026694713332924,-0.026861328230627812,-3.0434349026153558,-0.8371525461252328,4.258602053096616,1.145154873728924,1
-0.8815273087521788,2.078308578526431,1.5296435745413595,-1.5858531209486886,1.144414230053487,1.517303978255719,-2.560099378939861,2.334627994096098,0.9780094428812534,-1.3066692309764605,1.2923477021590193,3.0128404318310356,2.4842347344044104,-1.721822131621161,1.582168616809692,2.4912518247204547,0.6220520296286249,1.2109180473150036,0.8933600889702086,0.6327706921060063,0
-0.646323096593717,-2.4658244697679166,2.4955289671957246,3.6097362523764573,-4.263056359377853,-0.307814870678248,5.198980032024592,2.055002795122335,-1.8207167462140417,0.9230094817120237,1.9694026326679914,-2.511403814011362,-4.115844989224389,0.26850456383034227,-1.5582001759639659,-4.877686770914569,-2.7434373067274755,0.18654106888644828,-1.7001199921560644,3.1807605875378293,4
0.19222660488362056,-0.9233249638483743,0.2993991719833279,-2.5099452729713954,-4.077198430324243,-0.3153275846163273,6.847494945591773,0.11752427470800686,-1.4496445756685374,-1.6654283457428407,-4.2964461507305085,0.7986025691097491,-1.802995580523342,0.48929377650768036,-1.1746438986451375,-3.8563544913195673,-2.5956712683432617,-0.1972470122305827,-5.34079420614905,-0.1545943944260837,0
1.5140777947616753,-0.4110018303339398,3.0011006747493583,-2.3135552680179567,-2.470025138113075,0.06732256957209698,-6.042805873591015,1.2029052286971316,0.15967519547608777,0.19708161698214768,-5.887435789447207,-3.4310802211042994,-6.509605647107974,-4.530166296918836,0.03553901149881211,2.393242887629128,-1.4077386041574835,-0.5445305733392659,-2.3133780217923663,2.918658114415168,0
-0.18651150943560132,0.9606624891402468,-1.217793488671468,-0.5429459019199296,4.709265063776176,0.2557062084205562,-6.3323564974434206,2.2842547575254466,-2.712309976765023,-1.5435987161728286,-0.4778942995339209,-1.980497782412049,-0.8434635357040742,0.7097562120431578,-2.0816813917666046,2.2119147850044207,4.2295878574416506,-1.0198311408359797,-1.4180239813305597,-3.015322755630961,3
1.8476691021185552,1.0618856526289742,-0.14262431439157996,-0.46613004657518176,1.1627582145451667,0.7494605396908269,-3.0701545935597063,1.9314449734385122,1.2267038760499565,-1.1194522185932698,-0.32696786391739313,-1.5680042198554132,-1.0700605277962825,-1.4255095288917041,2.9179245156074995,1.2352996587386256,-1.1333444690497436,0.19744197623386037,2.805194636196025,-0.5637329279846488,1
-0.44397165052967513,2.022554558094444,-0.5927623802657835,-1.08279106922316,2.787222900574259,-0.09682974696492935,-6.020710851885846,1.6643914347070277,-1.1240910901326069,-1.0277602509423998,-5.754111920438618,-1.565599105349047,-4.932239641141374,-3.6565085567338045,-1.875363711135594,2.6008871164909673,1.0714592384357644,-0.7352075558555196,-0.10911127692117573,-2.04874747660195,0
0.5586183929439074,0.5569622534127323,4.964132824672362,2.430509924022148,-2.331078185098941,-1.1178215548083499,-1.1777463119589984,3.5995420442823196,-0.25322042677188217,-0.8333384988645018,7.265967052500306,1.2533467052235188,-3.723617534773513,0.5241859678810745,-1.9790747510852291,1.890064485150456,-1.3159535801119384,-2.1993382757465763,0.2824860764182917,0.20811025931984906,0
-0.5278050644142356,-3.4511510135152843,1.9407755311893433,1.6722441258277956,-0.35643647036771947,0.542396384639893,-6.1271890467058325,0.9004091992447096,-2.350367632421573,1.2717090927207668,0.09355375856502336,-2.569428738829025,-6.434417712366992,-3.3047657991635107,-0.14374334383027065,3.657072010853106,-1.2497962515480272,1.194863671116437,0.2413089290332564,1.7647417041143987,0
0.46521145025583044,2.11024857932673,-0.1281727759601654,1.5416047809641786,0.01660850275279077,0.9241659838348244,2.5981771270603757,-2.69304549048388,1.813033060102105,-0.3671332725507499,0.13925587454682212,-0.1259662805591053,-3.6122236189036783,1.1323822765331593,-2.0315067338695636,-0.726773709195665,-0.9829769916247393,-0.6081787020555726,0.38291850289153384,-4.065963111868168,1
0.5197831464991396,1.455576926215313,-3.135460546168702,4.026490739609151,-0.61935485210158,-0.6333338703406819,6.25615082060245,4.540643818062873,2.7494241768430334,-1.20579126143964,-2.383523875601295,1.179820878127611,1.3771668107726538,-5.905898829029256,-0.11984603891145351,-0.15553133449488543,-1.4956963745853828,-0.9852135373957361,2.4005645371779445,0.7296253575922468,1
-0.9038897435760297,1.104592189907419,-0.30654059154070024,-2.4784340722913747,-5.224479113464758,1.0790226402753753,5.450774605361701,3.8764078552876047,-0.7926369793330248,0.32234163540617217,-2.2507042822101675,-1.3838800054297886,-2.2953794691857623,3.0331026951271935,-1.3661765358805167,-2.5778511714516905,-4.0060040352760335,-0.8445293775525152,-2.5027102343801078,-1.032366699143608,0
-0.553600496926768,-0.7029868368176633,1.6838783749619963,-0.34024996215111725,-7.514655204181624,1.2884962614971935,5.917355383755359,2.981388792186363,1.0352077696974353,0.8386029922937202,-1.5612158981781312,2.0708721259488367,-0.6384913520791275,-0.12631970365617218,-6.4028079018626025,-4.4959563146195425,0.08625297655861353,-0.2611281752134444,-1.3023280112702187,1.0830464958578458,0
0.04542678696177788,1.7532145269169233,-0.15662915650621745,-1.3419529889188961,-1.6238388717990715,-2.2357599639472694,0.21628511908488912,-1.3550147532521821,1.6865403457769008,-0.4812022455572023,-3.8147620929269683,0.03997421115179667,-2.8263533681946584,-0.7317836245075844,-1.6447037896892338,0.26747188030905833,-1.2699840171548278,-0.953077788299531,0.4720243005707092,-1.5505418860095732,0
-0.4422142860251749,-1.9714362833837886,4.266166151361299,1.4726103489444524,-1.6069096103138176,-1.1000625882411998,-5.9491908528527135,1.9647744528617759,3.112229225358643,1.0467742612787205,9.011072022283122,-3.8031735574457852,-2.337711722876392,2.884158316752738,-0.4467706581529587,0.2499749371047686,3.23919780437115,0.27298536714256255,1.716437857920361,-2.613574724633878,2
-0.28725656325245275,1.8489472758230567,0.022478839374994508,2.452243256265769,-0.02371570500043908,-1.0766862976599068,-0.3953662510726198,2.052758875101376,1.2969793725083045,1.5904750389689508,0.4621922231909635,-4.271347364410432,-5.390240871584476,-0.7014086609494341,0.8109825518071176,2.1427077358717033,-2.7753364496942234,-0.33663063744890237,0.07204884111497756,-1.5867247948922567,0
-0.8966305607723997,3.013790228530581,-1.9898086908487571,-0.6343370036190561,0.9370673604828865,-0.8153700040772143,6.886487808380422,-1.9382831194814654,-0.766610896442147,-1.4937179995372265,-5.642163514275865,-1.4437246193502595,-1.775278759959189,0.6610091423747237,0.8848558052504559,-3.0077583608129843,-2.8475915814692856,1.1444227347417817,-4.86293534537304,-1.2475993086093382,3
0.186237759455872,-1.058412442280408,1.8614174834745059,3.2836370926951517,-0.35721844547293763,0.8519058598364567,1.2248737039434003,0.5583608853733463,-0.49148264685043896,-0.9283123873774262,1.392802840834817,0.636198055016377,0.08509928351522851,-1.9847527198932708,-2.465069939316232,-3.27035556757354,2.008760753636929,0.16510210881530182,0.3602038348956462,2.850461102435575,0
-1.102924429543348,-2.842087249878957,0.6465138098286165,0.43571879229428057,-1.769884268452142,-1.8430096792888147,-4.392067415116578,-1.3469997588241005,2.617103143251877,-0.798553340407345,6.724606963667372,-1.268610952850153,3.268608887625644,3.7224773188179556,-0.24849552736813219,1.9472588356466778,2.8970344955210434,-0.5737612783770683,3.575927949605834,0.04172613977763029,2
-0.6203891283821137,2.4689888445009514,-1.650560504685549,2.09422476747954,7.104568256171718,1.4081956056130922,-1.6006416320963712,-0.9529747134594957,-2.9687948786810914,-0.7599298064504296,-3.6936224486054843,-1.8732520010292992,1.6348180295507306,-2.294861085633502,2.082243128854356,-2.1700926340195186,1.8135093497536867,-1.9029578330736854,-0.21224954113959715,3.3805450496839167,0
0.290784992124041,-0.36568162485877864,1.2254589866843788,-1.1739185950470534,-1.7372828121502804,0.8591717726737769,-0.9089168338591549,0.9898649000153111,-1.9590335650040267,-0.7296255742245161,-3.6213342769257353,-2.2334707540604155,-7.075205667680632,-0.6748048667253865,-0.9478740896352679,-1.4678956849973723,-2.8744361342851326,-0.21613375733764045,-0.8888444014817412,-1.1990897643183525,0
-0.0944019000033603,-0.1638345642848158,1.0496538666493576,0.8496513904836294,0.4591618350416883,0.3782033919638095,-1.5225061228932475,-0.0690437235803556,-0.8528524204548246,0.5036099386679256,-1.2834886825945877,-0.34151422957408817,-1.597121477056598,-1.5436335816026818,-1.566202186891286,-1.4657679151655139,1.0953553611681355,-2.2688978033936578,0.3450974191961651,1.2282501698762833,2
-2.0315773243111184,1.7012176773146446,-1.3136515389222336,4.122839248449396,0.44203724715605375,1.186278271231893,6.065566774596212,3.211406930706655,-2.2186228111917483,0.313926446629339,0.9222009020461372,0.7969056748550329,-4.0088320905828825,-0.18656652468388613,-3.0788880293635676,-1.78510232580699,-2.5711844428657864,-0.45534403524485295,0.17936247115281456,-3.0791500280662563,0
1.950734640782982,-0.6106790964177136,1.181752333791485,2.690284178699955,-2.259528115339504,0.4967012552011479,-0.3050757465107905,-1.6353075041804095,0.24431051177285235,1.1023741392039126,4.48255814265353,-0.7530771685880479,-4.4002543691030045,0.6904411309509796,0.751472502008167,7.8460716728033875,-5.083112964001765,-1.628473857527454,-0.857848473787213,0.8074345489372536,4
-1.107274854964595,2.5797462014211203,-0.767864586624085,-3.1078646323183676,2.6014027593020828,-1.6304341263274367,-5.776311148486262,0.5476501143223087,-0.010893415948826202,-0.9904857992476561,-2.742782355190651,2.7297032071662417,1.8023382695158452,-1.190127865194855,-1.6650291500795331,3.711027484296527,2.8391601773599557,0.1914641022280692,1.2881117586618762,-1.51817827757877,0
-0.309662772553346,-0.956693423401357,0.2274635475445238,-3.296487930207264,2.9487752981123045,1.2218332060949655,-6.081637878634024,1.866362463119903,-4.35436262541568,0.5478962318033183,0.9038022295531937,-2.7209900374979465,-1.4085505218353822,3.3758379687842837,3.3426852783566323,0.027234949562262356,-0.4257989328460994,-1.098839801543903,0.13535022618016535,-1.356809008240706,2
-0.06945127464069274,0.19873621466289926,-2.0118967552338844,0.12214323947003858,0.8256250578647204,0.43093034935080293,0.41397803991934895,1.6513795684083143,-1.9030342003254666,1.5806935363234067,3.315029277261361,2.1627824056751845,4.475133768063424,3.6727536519760773,-2.3277240988294228,0.5913962748571187,1.8985026541607821,0.4305278694608702,1.533477292405267,-0.9258792057637354,4
0.1318483172270748,4.884034043970718,-4.595868000676984,1.0316190464249813,0.17170566865118003,1.1367480382451818,11.969336206467572,0.7029453497959988,-1.4412251923073225,1.790900881116404,-10.985443065187471,-1.3931526144414867,1.3929742479808682,-1.5490412674494578,-1.2723228463564182,-7.8840950369963325,-2.8257784353029223,0.32978970719458384,-3.2599412703955664,3.2592330418423625,0
2.2169313565903024,2.2000770949185915,2.7771513349979373,-1.6845307180707936,-2.1451397401909333,0.25036176833695123,0.12941670109233927,-2.2069962205280973,2.5304619084189732,0.4477592456772903,-0.07057386034783317,1.747134842598248,2.171920394012143,-0.043410661471198875,0.8419611493366115,1.043844055319112,-0.7330805683498995,-0.3635943349263792,-0.9533402699161293,3.7621124284700884,1
-0.02227148334908633,3.684548011849282,2.458766294161302,3.106317423754292,3.6353747183883476,-0.788972288604939,0.9525512015040845,1.8531180917253025,0.9444076862930111,0.08070236141605219,0.2499797129387173,1.9397242625002873,-4.270441954629031,-5.9231493022538855,2.992147618182876,-0.11677849597440293,-2.719536873960987,-0.5780123951624045,1.5820562308027784,-0.6906719789930904,4
-1.017901262944518,2.496067212349658,-2.7302690852563387,-0.5462619486303335,-2.9784176514349925,-0.159029224642325,5.081397519507407,4.615682391006876,2.1653207844645714,0.18396771916023558,0.5264713788243288,0.2446475757472586,8.507955034987196,3.470368307214976,-2.7559111297494665,-3.0342977654677323,2.5563770405216886,1.4513951751421157,0.818085691087048,1.8640638225559218,0
3.006580180746723,1.702300787996541,-1.3887928688357625,3.508662584013023,-3.0291644819127566,-1.2153647780315213,7.522204289370948,4.634591217274458,5.408732224708206,-1.625110262691299,0.8642301919198156,-0.46626645944474965,1.675521997042249,-3.6871675884377026,1.4501320617921993,0.3778485355455957,-2.207745809094148,-0.7430306260117617,0.2992060384949202,0.4359749540986413,1
0.35177100715540255,2.7906666876067803,0.8420031242107162,0.7353599083484821,-1.2799753990067786,2.4570933751477155,-2.0114295112118463,-0.7487372614809249,-0.5346764730534082,-0.5788006999564078,-1.8183316399605547,1.0451553367326816,-3.4731232281730238,-1.2764859822878343,-2.3102864029811734,4.867274688401552,-3.3247198267412914,-0.7460071686959076,1.4493197193892957,2.50817198556064,4
-2.078362960969055,-4.347584248456769,3.9220030851148646,2.5533565700050285,-0.27452798160982866,-0.3016962853467723,-3.4665888217223007,-2.953499692917819,0.3765448097987488,0.1455056555924607,8.365549273253732,0.11745582234855201,0.45114709789125135,1.3318283614839554,1.6293017537364545,-0.49688358370609764,1.5039001541797758,-0.43712855701900205,2.659919008368963,2.104863145594709,4
0.9969043313968593,0.11234161428542055,3.2384211578590922,1.6107818869883168,-1.6959242752109187,-1.1649556604829516,-4.671774743474856,0.6802052722494256,0.7233010033080334,-0.5773114607047838,1.7496306416905099,-0.6521797380593097,-3.3729803316225575,-2.2783737230461933,-0.7924629497134108,3.740349626164448,-1.150020010705413,1.5648853801826468,1.6863123500030353,3.284745495748619,0
-0.2400024024637938,0.9892211709652637,0.3698206816661155,-0.8605532172747599,3.7451922945136653,-0.15540531564275795,-2.83756655702026,-2.023005865034766,-1.62879746603759,0.08137164725418852,-5.377814249252441,2.87994179475462,0.9894846730483327,-4.143673520177068,-2.314329217072296,-1.4505287027207512,4.08375593319583,-2.1928382853795436,-0.974294660428424,1.4773700544166646,3
-0.16805866414140125,-0.432773065668121,2.103109587367235,3.0107869405798677,-0.6546152332344966,-0.136959466201888,-0.5325209793764358,2.5490607175664657,-1.3576393856723963,-1.217872568549816,-0.9546352419336152,-2.7210374698019804,-9.814397614648229,-3.252031779491256,-1.7055219848986267,-1.0142054949285544,-2.6566432660041843,0.7868880137776569,-0.10627641244110175,-1.9904968189787522,0
-0.8770339598357524,2.243317062994068,0.9792621103509314,1.7270095357060846,1.5690658059185054,0.6386606400854089,-1.641352627248613,-0.3701205793621114,-1.2611159027832777,-0.3224697241505349,-3.7328752242972114,-2.085676855022535,-4.153916461626794,-2.6873664305270775,-0.8917061194739514,-0.34847549053271176,-0.9942743572445851,1.187256489933098,-0.41514724968764316,2.537001022335697,0
-1.1653351635933518,6.0631896038533455,1.5542507027388854,3.6212200578927844,6.317532006612753,0.6413831774032035,-1.6528917422950689,3.0636093793185535,-0.858131103777054,0.25539910805492794,5.407674132519272,1.138788723932811,-1.5996775519505586,0.5707024467599924,0.7489120548670616,-0.5246864857153495,-0.09013891686860787,1.9646122498915382,4.131397863133897,-2.8245884745063172,0
0.002246107031253011,-2.7948899765230446,2.8942912039469624,1.7279355908032872,-6.128684167947958,-1.3049738308852368,-2.0772841804529896,-1.3066412884895882,2.200999365457056,-1.5278347284597893,2.645903689182291,-1.7178342255913743,-4.9979581339933725,-0.054565237425558744,-2.7651203735075085,2.8495336978094348,-2.019032120939981,-0.8211914106918087,1.6132500802760905,1.6562599097312094,0
-0.34836533077649456,3.327859149353272,-1.3144031267151002,-0.7085706055552405,7.418310847956979,-1.672894500021169,-2.965030925327337,-1.8784183898052031,-5.074121341619782,-0.9878185839475526,-9.183996063853744,-2.3406293986791544,-3.6124931766665034,-3.4352265793964176,2.425080874668315,-1.947489041744794,-0.8934201084220417,-1.2504534823075533,-2.0237959976353475,1.9952703875126152,0
1.2078030306900924,6.392936165728275,3.1106229798667635,5.19279514260188,7.492479817078145,-1.006334207868098,-2.251904884831923,4.929087990410414,-1.1126493315928272,-0.13147517695449942,6.479699808807624,-1.4081537828899702,-4.485617245877754,-1.5753803361485303,2.667790364031968,2.867438678191852,-0.8607118795983097,0.7125337994102924,-1.1057417313123354,-2.214611672828903,3
-0.5411597452250768,2.192395635851091,2.5406114261849533,1.029353205524041,-1.33051344294745,-0.39402474224177564,0.13706991530872192,0.09916450029208812,-1.828072432501361,0.11743656960918189,-1.530717041878149,-1.7651165789659888,-5.131927128341779,-0.20392111349893882,-0.8104823745327129,-0.17262905152896568,-3.700829898927915,0.8745466192015411,-1.2292921346496348,3.231087000335731,4
0.4602454152808821,1.8475897910686703,-1.5773200282295297,-2.1706778567633727,3.3432558669262593,0.3088784215487235,-0.5763270206277153,0.7520487087929191,-3.0719053658146747,0.6219303660266216,-6.135129206007414,0.23237860671762056,2.3786144491303656,-0.9099405043092359,-0.3720403791115684,-3.986320446407312,2.1521533033994604,0.9634546752323062,-0.8784802132027021,1.739258803434947,0
-0.4337329673113364,1.2729203651267125,0.712121887435173,2.2380858482613286,2.7741235514592817,-1.3525811955430032,-3.2555524091075814,0.89263783994798,-1.1626165192571463,-1.575222603206657,1.8546134491323645,-1.1652783119503753,-3.8629645418254936,-0.45782973865610377,-0.4475654866939376,1.4773690326743587,-0.22690021137527905,-0.23308884201799543,1.6863590788084397,-1.7189339258282041,0
-0.1831360995172441,4.841121240295337,0.7310582380013269,6.897082329825242,5.6778230658884965,0.12564123614751954,0.9067753138647224,1.6963391510075843,-0.7452687739788919,-0.7011222117290825,2.835528450697685,-2.1555574178914805,-6.391761331650943,-1.7038919352782738,0.03954731408917955,-1.6282004609117293,-1.8155429740473294,1.153454640879411,2.9973639908532546,-2.6096783652300575,0
-1.0219445691616111,-1.0701712333343902,2.5967034507880786,0.7360421271890465,-2.2499595539788357,-0.7489295316024224,-1.108196379257194,3.9013319026223816,-0.7319853478623538,-1.860433845962216,3.7615365741393085,0.43096341335615995,-2.4948513584912386,0.4107479799305236,-2.588338007592291,-0.38679405567048275,0.48399628211078616,1.533053682605455,0.2770026158984251,-1.082198194279028,4
-2.303186448594082,0.5683276527992638,-0.14535736334210259,0.09275088455787994,5.22076067186349,0.10706058955443694,-3.5688614447262315,0.9136854579763725,-3.638064887757857,-2.6539037865882187,-1.520746458343544,-3.0816319511180126,-1.1291715436404952,-0.19225250971789687,2.5318561042081833,-2.3032658214121238,1.072041043291566,0.6431339246764789,-0.6517667151277022,0.7165155342237393,3
0.8405780420884758,1.0390033147159894,1.78251743143993,-1.0641090036438379,4.198570641031118,0.6791829549066385,-8.118023862703446,0.9469098721497156,-2.144802707986787,0.12482834328481325,0.8027757298514189,-0.20057515145531823,-1.9637159541419806,-0.9343296369585651,0.5868868308710382,3.4843397607049225,1.9271725703781422,1.5423489533626462,0.006967052016497277,-0.7146799058612958,3
-0.6305552661946555,2.264090399401515,-1.7439156411661285,-2.868511392619197,-6.214140651515446,-0.11909625482373001,6.014933059817171,2.240752763295705,1.5865109298809585,-1.441285223722825,-4.850140068682586,0.9386499338882397,5.3513203100871,2.5635945002966443,-5.050679367432461,-4.027488136402311,0.7865528840727152,0.39448585855645596,-1.0278897622117147,3.092867504351431,0
0.6133768060328839,3.9849963386260843,0.5732512735516193,3.774184817391934,-0.42127777392569926,-2.055972388692753,0.12840099988719378,-2.6697608611877404,2.7045410494428594,0.2103622847489144,0.5008819877308858,-0.4859747355833851,-3.913015958415069,-0.21713619784170846,-3.019563148380017,1.6730049957862083,-1.9221993055601208,-0.21756724980072378,3.920131273340521,-0.16343888821442676,4
0.26780626147384884,2.9169471206426967,0.38056525776550587,-4.1671335451580775,-5.29391463608574,1.1233337861108166,1.5345281735045297,-1.9217172788608918,3.456901879585575,-0.7697785321362727,-5.4660316172269825,2.07174532925789,3.1124325653492715,-0.20932520682891254,0.6446534034826079,-0.549885333173112,-3.4081695661861273,0.11001126608989063,3.228743789209598,5.149175345838984,1
0.22397890215302094,4.350669805168215,2.678796455785926,0.48801557080563385,2.3947954503630595,1.5568988099865835,-4.653775560331598,-0.6870089751233155,2.6567791881161735,0.4018789866259651,1.0735483472919816,-0.7265305931874952,-2.3186839381839817,-0.8002863553753163,0.8370677659551267,0.6745043618105099,0.4054722955860286,-0.46877039729276826,3.135329849723478,-0.7048124488618841,0
-1.1327767195995355,-0.1806099138985633,1.1682463277177153,3.0693153664376958,6.628849810042909,-0.42853544773877383,-2.560524681729004,-3.509573579468576,-3.201495295699503,-0.5730048692797525,-0.5539235728562146,0.18812852165509808,0.617235543049379,-3.3591473306129673,1.783504407790145,-0.9063345124843752,2.5598325958621975,0.10591197389831508,-1.7239304914488573,4.0994396560649,0
0.09835848413707479,1.720941979220882,2.622649337357661,2.287698145120933,3.842945140408847,1.401358652683081,-3.6593474197893117,-0.39832608069492137,-0.5760297995452468,-0.8781799845835287,4.852587541204232,-3.7731307529426634,-4.035540985315044,1.8569204966662292,1.5121158039444391,1.8419634117269443,0.6437469384092971,-0.01462034273895484,-2.6834014048981465,-1.9585668037358284,3
1.4110203672724826,-2.76097155751908,5.524740951321281,1.738190970381662,-3.540646606870323,-1.2818421611576,1.0093039059960294,0.02751851963247265,-1.9236460789593668,1.2296485833648432,2.8047538795813036,3.4273291950744635,-3.360670177807144,-1.86485457040729,-4.248348129138207,-2.4314803567298924,0.48631040415429516,1.8618102747487555,-1.9272291285063494,2.6682591458757092,0
0.024034520185425103,-0.5622872369992433,1.4588672692940359,-1.3294042126157732,-1.4990809477728069,-0.2627063817449152,-3.962353884631037,1.7210541497379181,-0.8249852422848798,1.1108389648836827,0.19513338775879321,-1.3290625735402188,-1.8748123387211852,0.7719282868480097,-0.6216936299823921,0.041090871763618364,-0.2542393614398518,-0.2752051654085539,1.7040876229884971,0.7987692464009335,4
1.6324898963736874,1.1654579411451083,2.594552418701021,2.1003944878332996,-0.3483377338335941,1.3054525763177172,2.5161648140095996,3.191940349657147,-1.800603966114489,-0.6681451797676539,3.022998533878081,1.2158937924973658,-2.748885768328614,-0.4254610850284317,-1.1168908347666962,-0.564499899623025,-1.5891047053441714,-0.7670375267488184,-2.035942097022758,0.0877892751088093,0
-0.934741205241802,-1.2890298136334497,-1.7191661499587099,1.2576408042498972,-3.0459939792574313,1.0062395567583795,4.304683735637096,-0.5623212508985258,-1.244988926318104,-0.37518506214532843,-7.442466318841752,-2.2290349073254925,-8.630773809950565,-3.78492350612891,-1.646838607181685,-0.3844201063544759,-5.4438044303577655,-0.6587776924022384,-1.6801999899211166,-0.8816681381265101,0
1.3712837059339225,-5.762561012464639,-0.8877326055733652,-3.1537556775224633,-2.9011561773758,-0.12297658098947159,-7.404118992588586,-0.31750799784524353,0.9451454253122062,0.06137367767944925,-2.214538657782863,-3.230858745480095,0.713632246078304,0.4170939984896225,-2.7874437044302844,-0.019679535194971676,5.3386285066390595,-1.3491666901507713,1.1899466996917312,-0.5457778480227117,3
1.2477107633065823,2.7517717789604434,1.7195105666248118,2.097547693815618,0.19591287522993134,0.2275438208316947,-0.07008299666935618,1.5552745270554695,-1.379918590392653,-0.46918186520628147,0.45311444413243246,-3.0891421009379556,-4.066792334678083,0.24968665773403753,0.7848116325421477,0.8320194859702097,-3.445311734008764,0.40766743524434473,-1.0569186205908987,2.6464905845162274,0
1.176305321768407,-2.078876622205452,4.173390840544208,1.0398323920924006,-1.595135044699638,-1.7728347852985868,-1.2033796252868911,-0.44073687671742,-1.4855464572600638,0.791046075834093,3.4836835911122743,-0.33964183690464933,-4.892506707444922,-0.22830902410606368,0.08802738175135705,1.315420118292224,-1.7396767487366862,0.8987252431186376,-2.8154270294624215,0.8191615521093311,2
-1.0771920329016251,0.5573175650802145,0.7619640251157301,2.2848876884961404,0.03703575559972402,-0.04126871409466444,-1.0755733413568496,-1.4134527249860418,0.0896021638142257,-0.9072231319765071,-1.6909970222161363,-4.664025295476363,-5.97126033657035,-1.306734998859931,1.059741748242781,1.2198299359407847,-2.939268511901227,-0.8872637525586259,-0.9328863079987729,1.3273329504606926,0
0.14123276247086622,4.173540185814989,0.9784774958070138,1.1003514475929363,3.1543999881281404,0.92185037042883,-0.3536657395388622,3.6662446865877025,-3.1292206199933146,-1.312649255290208,-0.6629750631663169,-1.554591092121248,-5.139578970328296,0.40724686959776424,-1.0241384205184254,-1.8454670145223884,-1.3932900412001168,1.1460277143092417,-0.7850416907893114,-2.220606075597259,1
-1.8577109514317192,0.6246875705480212,0.25781999522865906,2.8170480775501225,1.7093404413420112,-1.1107211447182976,1.0390657250726478,1.7634148928089228,-1.6554706591617498,0.8897101816034021,2.7811525796970233,-0.18008973553721463,-3.9023961959777784,0.12818417969131946,-0.09323643797893055,-0.4856403452935023,-1.8910525599127497,-0.4317426573035036,1.4396058270909853,-2.7027492926335324,0
0.6527676617035097,2.2410084707784796,3.422423648533443,4.7908715330251646,2.2033737526748283,-0.1412873120899389,-5.542255019656818,2.0646239724072175,-1.7271606390177086,-0.5583009160358806,1.0855128704568786,-3.215364888060301,-7.052897232787768,-3.509508346448691,-1.2799559446380044,2.410615681143775,-1.1283170993199891,-1.407269859438544,1.2042470084061523,3.3698087151674283,0
1.3260461747770351,-0.5806211229660714,-1.9873097284677073,-2.662376418638565,-3.9366907908375066,-0.365910969765993,-0.5485730607336045,0.8235934676242713,-0.5649817772176184,-0.5669308078376805,-5.831426897593071,0.18262740438196223,1.2039327164302316,-0.9904463704948451,-1.1021093576392693,1.2492632795672813,-2.283614905800908,-0.6461468268861518,2.076997210158283,4.138672776073842,3
0.9234559414673909,3.4475047919169954,-0.3910340593021515,-0.656823785172215,0.9167896573240607,0.41749211714646367,-0.2199714828533917,0.36093443571915074,-0.4311179550733648,2.5514942146782857,-4.311757158237537,-0.0366049561093178,-1.1161469437331615,-1.1560962764905396,-1.535034513452774,0.21141046540607622,-0.3685742102792342,-0.8348756063284029,-0.7800145280505251,0.7189254795035822,1
0.5737737724280197,0.9361104124506939,1.6074087785444382,2.490552900412464,2.0200904213922244,1.5209996491393756,-0.7949273989907427,1.3382072338922686,-0.9058273188856687,0.8120350668947103,2.667847762488215,-0.7322379857167503,-3.2352489464715326,-1.0096171971424062,1.5089982913948359,0.21622713463447485,-1.5986982201741933,0.7649923456034087,0.93933744837407,-0.34309257161753703,0
-0.6459018357750625,0.9944021127247527,0.8332868831889733,-2.541298166200266,2.41485838284466,1.116562374310581,-4.140908380666345,-0.04554166574765306,-1.1206037101478599,-0.2664635602561824,-2.8174446691096775,4.265541142579855,4.09057822775593,-2.113590102052922,-3.2865959457776253,-0.46534115013953725,5.72579260032659,0.677608602170622,-0.5420807829239676,1.2243104996540375,0
-3.1159489087001697,-0.8149529312058521,4.648901060407329,1.1033694544435626,-4.710337199223459,0.1466372584241622,-1.7793224054536445,3.8711668484745565,0.712308018011732,0.6856035482183858,4.885940325477123,1.8968183601105455,-2.89973174375631,-0.29462832435728303,-5.042296598296331,0.7219117870402889,0.9867656520873227,-0.05366084756177673,0.6580951671750541,0.16091395663901975,0
-1.9708683229526507,-1.463747577728297,2.583180458447421,0.20066528379488746,-2.778455295585048,0.09556573185377724,-4.289397515408551,3.793776145722884,1.0300607988596138,-0.6715570267228398,4.590288720099129,-4.8802142972220395,-2.6164483379156738,2.5190382276533527,-2.048300820603421,2.0493814220679,2.3692576964912426,0.8756587780480651,-2.9940968533645616,-1.10830368353331,3
-0.5281334331380911,2.19094822065966,-1.195046512456247,-1.0020731738341295,-3.09231175714988,2.369904932375871,0.7435782083740571,-2.4529807778359727,2.0515755723206235,-1.0304565317757852,-7.916800208770831,-1.9336188640952336,-5.891677847235495,-1.7523632988256423,-2.164439456632624,-0.5762988442544272,-3.722128560890715,0.8500256981527803,2.3128704229733392,-0.6259671816571781,2
-0.4748779038278137,2.159791523904076,-0.18763511073249795,-3.3323438903383282,4.527735040313022,0.2948378125036678,-2.219949334039868,-0.23638884700699725,-2.7918847650447187,-0.2553010340262267,-1.19183110044452,3.1046995327266274,2.1040270278904143,0.9162120490029202,1.276676438568203,0.11532949130308567,1.3746588817868686,0.6235897041922357,-1.1540582883569375,-1.911608144175248,1
0.32738619050303436,0.7891866428128242,2.2107292262370573,2.1341103311180727,2.2265310450585427,0.5526288509235182,-4.7888711649549345,0.0010090453122385545,-0.7658280127643284,-0.41294876275483366,1.5206198422882569,-3.581867935885451,-4.161214237223678,-0.8238900911710747,0.5948486711233798,2.3434779078133965,0.15537609899060612,-0.394002503098352,-1.1725542262991482,1.1455095237851372,3
-1.1222445341961538,3.672184279051411,-0.5272739548237513,-2.987571936075987,5.826052552540664,1.408771408500257,-8.639101948362729,-3.4627862506876705,-1.7931223278459782,-0.5586577532244279,-10.428965226534071,0.13325983307924272,-7.694239994012435,-4.808108373549709,-0.4622039146732193,0.2581724632039546,-0.39226786258218604,-0.15511015287204216,4.174914129584103,-3.299454990069202,2
0.004732485632645278,-1.0897327899528655,0.48984639974702293,-2.8427069450780356,3.9296171778708664,0.37354010238102875,-5.33382030923641,-3.1191568386522563,-2.491583626709213,-0.39497914255666466,-5.981213513641953,0.7170113726867802,-4.35083328313515,-3.804597830192352,0.2433750674114925,1.2851384549742786,1.629569039791071,0.48790273777538296,-3.0270390878871196,-2.4169113427870794,2
0.4562870816556115,-1.1196898271781874,-1.076653150719007,-1.0643264273038344,-1.424985290340133,0.42832940620571797,-0.05578520103177505,-0.7812309522180428,-1.3798530750483087,1.1508200474191423,-3.8124102629347716,-1.021893207995404,1.627837512956231,0.4409490930819816,-3.7154801372236808,-0.3148198936511577,2.715581750487778,0.4100611773853579,-3.7403531777733967,2.419142630359779,1
0.2669602417893005,2.5941555832678818,-1.0333351611816668,-0.24057297823473633,-4.845163815209939,0.5287983641607672,3.1259971203753363,0.4771580813076144,3.5514416750234634,-0.7421721930540489,-3.953895335975511,-4.9011687087833575,-6.7004738854293295,0.41694248433078496,-0.30827381796560616,2.387846217219794,-5.667338159724141,1.3955103882186328,-1.4422273299644537,-2.166122825171623,0
-1.9885931072763374,0.8608572925655247,-3.7373961157351534,0.4063211637969417,1.2222021597758252,-0.6734286318730868,4.456309015103166,2.923745617732395,-2.214229707115739,0.6020393299459316,-5.923406497731684,0.8164682617791685,-4.022538525280035,-3.5625589042506203,-0.8267634535804858,0.43644947797574785,-2.998235027913048,-0.11291977217467222,-1.5944746156162561,-3.905953186597872,0
-1.5788630356491065,0.27397361487369387,1.5303897027304947,0.9890296807585979,-0.11498583821920373,-1.756320267135853,0.09685451343632905,0.4967652738139462,-0.827413655741175,0.6922720599248151,3.382618732494903,-0.9416982308020907,-1.056585810884666,2.267743617913632,-1.4420624590819933,0.9694965667784685,0.736009530155177,-0.5050451746834032,-3.216706974167373,-0.6308160603490576,3
0.29890867729071147,3.84779612444136,0.9593530589144318,-1.227287537693261,2.5579015056637715,-0.7592362943615609,-2.2503951818130616,2.170805261184321,-2.8808702368321,1.0074425212393454,-5.318609887845247,-1.8667424444848253,-5.500646596758354,-1.6576944000770124,-0.27268971424242006,-1.0283279634140956,-1.663601749883933,0.6696549532395544,-1.7629379693822602,-0.358559270749809,0
0.04969759300267658,-0.20934665944379605,0.7939853243539714,1.9569247128267921,-3.284483151408739,0.9165652227744854,-2.9391892898619614,3.1537842058650893,4.646147114127579,0.9991087453710152,4.153239803985269,-5.187686193243571,-0.4234160478917532,0.7151050354345041,0.6435832504392687,2.5555361175198326,0.2147108496338006,0.887315709963142,2.4811396467842757,0.9697469421004912,2
1.2004398755507257,-3.614802152069676,-3.2759911042340493,1.4285012714012213,-0.27210364830903194,-0.3324419652758686,-0.5742235127185145,-2.028657365846242,1.129604339468332,0.7867430748186448,0.34921027565451357,-2.2230147205690303,6.002316706586077,0.31851656623629754,0.2599215178245713,2.002477455402368,3.226139646991048,0.12082771344331586,-0.2863092758718395,3.542655887530974,1
0.08389376324072735,3.7708742034249623,0.021424880575534933,3.7623190353677183,0.8474374205551995,0.52142168750878,3.524443047316785,3.088870396366415,0.8184475136380427,-0.8425373669722094,4.585052139862712,-1.3436159069224949,2.0963646714973323,1.6927388730058146,1.0676766782905305,0.4896323246094856,-1.4805828891393777,-0.6048265525295793,0.17375784291594898,2.0445030507697055,0
-1.3151082238245586,2.703250096358164,1.5393166503586784,0.7477945394329101,-3.2144058148582633,-1.0950698516384592,-0.6211611479739634,0.25617161703793545,4.036749199359863,-1.2768523814374269,0.164348642735122,0.02444884338042086,-1.455389728227518,-1.0151933761594425,-3.022707199286463,3.3845009080297412,-0.17236735390558644,0.8909473066934134,0.2925493603685849,0.46725195114263174,0
-0.49356480444128487,-1.5291932448293366,-3.24547219051616,-5.843089316191141,-2.9057415473171506,0.4674444299575125,-4.751839952419725,-2.767763776466915,-0.22035048801707102,1.1009690624829316,-7.274542549455227,4.462573760493466,7.402499117606855,-1.1415684504471568,-2.098769099124889,4.649511650115189,1.4237615247880715,0.3842372144756416,3.378072497857869,5.577909229513624,3
-0.0829729056516137,-2.520785201473197,-1.2477871297805,-2.0043173632557334,-6.930993544479847,1.885223926798168,0.14999028443734566,0.9090196570207565,3.2287809064921773,0.36983444130798904,-4.26124906244701,-0.17171455914408673,1.2775768745291811,-1.919766853539718,-2.9466971932104684,1.1580704346303556,0.02894010191102314,-0.41568433028711155,1.5892790243032546,2.441471399986485,1
0.04970814455331118,1.9078841510988698,-2.714011538818336,1.8022566092173937,0.7488482815353067,1.288958640298848,-1.400769376909968,-1.8541906981199832,-1.137776992015986,1.9079669266368087,-4.34269064095249,-2.914970989218175,-4.831684160167965,0.18910134415312463,-2.655438155524672,1.2585647221572454,-2.316930188231587,-1.3354305975969731,3.063441922024824,-0.5378513051218075,2
-0.5915876790410706,-2.4950371366165847,-0.7799189744102366,1.3427505955671395,-0.871460156666702,1.3605623321766505,0.18890376401187384,-2.725383087300056,0.7367478272270103,-0.1556833330265392,3.8270288656051106,-2.1241268166492966,0.8637466283882084,2.8209836766798704,-0.39085671043576997,4.4353698413232605,1.0330337028909569,0.06251213702137615,-4.025730296889143,-0.5789909489009468,1
0.04075333606863285,2.1567304414854345,-1.5068946023194592,-0.20085862290341572,5.727634538376514,0.8881806231368455,-4.4079981769612475,1.1461287879691775,0.037079240826665805,0.00029906622863039463,-5.966672332835328,-1.3080058717448755,-2.635141654523489,-5.451789779828743,2.14914987111108,-1.1450138961290788,1.314575394907794,2.0540792057373447,2.7174270136608136,-2.1539379218784958,2
-0.3054208529835494,2.1355685321329805,-2.448771355147475,-0.17819654614445501,-2.4008874539625396,1.7234638821107728,0.8092545920628188,0.8503233050012915,-0.7706386617156877,0.7038051213637843,-7.599269636062109,-2.1001607032159115,-3.107991236039763,-2.0947462199322917,0.831199338501236,-0.7983301439504196,-6.417442949502109,0.659340964957789,5.645188065020459,4.380316229451896,1
0.4905037284106122,0.9938780878854738,1.5890999049362506,1.3148943779558808,-2.629097673392886,-0.9481421770879228,4.017498018229688,1.6051811176454305,1.1085604566569427,-0.5641445088171821,2.7812815927417245,1.8738597661981915,-1.2778391319467823,0.2411899219121345,-0.4626312539191877,-0.9969981370243786,-2.7046581593860433,0.15165527190158043,1.1435902445583201,-0.4627972054550846,0
2.1007829059348695,1.6207989931344562,1.9496260886746417,4.144985478243113,1.2718082117523934,-0.8162200923927166,0.6082335635379714,1.602015436105237,-2.9427966588685672,0.04400527457332456,0.5100961383952882,-3.0555277155286427,-5.190765460700073,-1.1346012218648505,0.052520126952467105,-1.0993826560661435,-2.921411225576975,0.43237237420278096,-0.9217481528111354,3.3042229962247167,0
-1.5066029184585787,1.4674898262248277,-2.4501860262569317,3.9636717941802146,0.6702339426681124,0.4670347923175922,5.316080091928898,2.994978628666412,-2.630480987385806,0.08856194384866686,3.0137562721388456,4.114298095236162,4.492667347513818,0.7210201774171944,-3.6790453703363957,0.8229729034485058,0.019708321865337886,0.1289941612374729,1.245072062423637,1.8983484556807042,1
-2.553124804720991,-0.187508342161411,0.9546467415593267,0.25393954949647124,-2.1213228561125512,1.4763887095906,0.6293131614178228,-0.8086282174259403,1.4475844247669318,-0.2646788306983342,3.4881057564727165,0.8973469277372106,-1.7316684554235986,2.22822228370087,-0.6236528490381399,0.3417527841785416,-1.6291848722517044,0.6640085992939947,2.5150646772691276,-2.560088329256774,0
-0.4228456983827655,0.5915591580580178,2.095562409852837,1.8662492567762672,3.0793582219421665,0.4038085256984915,-7.303729707937622,2.7450547352565264,-2.415880619622528,-1.1855551171382204,1.1424955996723976,-3.551352959705082,-7.1471731495733275,-1.4876790585796416,-0.5400911833563022,1.9912656954791808,0.15753892188258312,1.3954255062000651,0.9529312090422769,-1.4820399937086488,0
1.1113518669933116,1.594266963784937,2.015818756544493,-0.01894394589125925,-1.9947811729813376,1.0545940642878193,2.393905842885464,0.8892692502149947,0.3488134206121132,-1.145291020209936,1.1596218254030282,-0.550797191746746,-2.369070012373617,1.9178090998455342,-1.1152559150296815,-2.4590501890933525,-1.3912022989857216,-0.23146383251895342,-1.040169050850805,-0.8678479251190856,0
-0.3337544627912962,-0.13875665290643902,4.953026964758105,3.608689994459796,-1.209374052008408,1.1747959349974584,0.5812614294493258,0.6931929124554945,-0.630047389446815,1.2248819158642372,5.276053325556652,2.367148612319001,-1.5196079553334507,-1.5100820087759885,-2.2937344887481794,0.11789381901615248,0.3293486596644619,-1.6483716239130364,-1.335079434616191,3.380582002855192,2
-1.5713425742226215,1.3853107389740358,2.12949282445582,3.366462171465141,-2.5091534277947964,-0.5299547266707065,3.179854824020441,1.0131051479043616,0.39933369538109886,0.33883513526701114,-0.35324929961662527,0.013098380041984381,-2.111200865658817,-1.946872742625605,-3.4934831920764218,-2.2161925571272443,-0.7157633385281226,1.314220585264144,-0.3584333605869009,3.525609859325312,4
-1.1157485103789782,1.3986135035700231,-2.7657500712034255,-0.6202283896297347,2.893429694494989,0.1314161142204816,3.4275408211511302,0.6200707130729585,-5.261420478415702,0.2089862845275525,-10.293462769412718,-3.201249012542689,-2.8620585176028235,-1.7433968203986037,0.35377684313200897,-7.373037170215755,-1.8084287890815347,0.23626393695633352,-2.1620544567470534,2.0429381530246924,0
1.44641298775778,0.07376770576598268,0.7619406818322145,2.3250960371128544,4.095779362217319,0.16488596680360645,-6.252098951841539,2.391653884033941,-4.303821891414602,-1.0302679571818611,-2.764212100333479,-3.4135364464248825,-7.378376357681389,-4.406898658984368,0.10153696050261884,2.8547750925796276,-0.9189572436854856,0.21718730728048394,-0.8781230879484361,1.0068368417077083,0
1.116689641377125,-1.576063967311276,5.102038051097052,0.6869024043320828,-1.418533869578689,0.12856159561763905,-6.209838738405343,2.9795944627451796,-1.1157793013642283,0.908564506863392,3.9256512707186673,3.8347441910515307,-1.324591530591495,-2.139897627813032,-6.105142313062566,0.1510775415351755,4.785076308440472,0.11566495588273362,1.7569890204447272,0.9937726965001931,0
0.8959373945411511,1.5979423008433784,0.007756153534775656,2.8437186186555046,3.139454306712286,-0.02264963020743062,0.6264500929171966,1.6919130365919108,-3.230633249807597,0.9053248087607685,-1.4309483457059005,-3.7610086520504438,-4.0296533988770955,-0.9712156083196879,1.8335830655917476,-2.378455052244254,-2.4347520741904667,1.1812537447638027,-0.634034991083627,1.708121046827786,0
-0.38787583832958633,-0.7762788092352244,2.2494544382202943,-2.6022943783785575,-6.704589186430463,-0.008314212467998452,-0.08293945316076036,-2.156434601149509,2.843556001897653,0.8210058599325499,-1.066643929313927,0.03277377610994958,-1.86581256027811,1.4724402834516215,-2.4714436726298854,0.6817108997983342,-1.5515567255112908,-0.994509615173678,-0.14033949597929252,1.0269121111337016,0
0.6603132145154289,0.012675301444093456,0.6727550147379138,0.5865683260766279,-1.5007306219846692,0.23396056982444136,-1.8778237534233009,-2.431406302079659,1.7299347690627829,0.7167900250015904,-0.04687272303423921,3.4017752544146447,0.27189801718372797,-2.1515230600508093,-1.0315693988864865,2.102350812218865,-1.084601641585573,1.498044567573533,5.451537903858562,2.039535946067878,4
-0.7743730728869495,-2.4106078532762076,4.653785508844782,1.2183138612474822,-2.0002100404498893,0.1937963591316174,-1.024049460536384,0.923755642906811,-2.783369704792374,0.611083327594552,-0.257062856547152,1.700486928371427,-6.160566377864487,-3.180256229480423,-3.869747156904129,-3.209949368303904,0.2090182450745084,-0.513535305381911,-0.9677665172790121,1.1428669720654605,0
0.9157219441659742,1.171297409576572,-1.8323356974548823,1.5448452451758183,-0.046664727710078804,2.418127321923159,2.240184799013469,-1.245794529781484,0.36829798972865935,-0.3394924532184028,-0.26972898461985034,0.28146082897947977,-1.2697845625995656,0.5189847914283968,-2.503285577360862,3.3908403167851895,-0.6554959563987872,0.6824105435616915,-1.864045839393242,-2.122937934089074,1
0.01062798306253543,0.00035160610605766696,-0.9093333778310357,-2.953590108301039,1.5084297405820577,-0.7929374137549088,-6.526831276776807,3.157537698156777,-2.166735266538594,1.5423451828678492,-2.022625128966687,3.0141877683685996,1.7272314811275955,-1.6605818357488538,-3.46646912235218,4.8320305309244365,3.803090127617148,0.1973595851589234,-0.19697155180115722,-1.0659292058474685,4
1.5707097429320627,1.1690965342386799,0.269498036401306,1.3345909942228718,3.2575969280807686,-0.45387571678033206,-2.5938316381966557,1.8385471438914376,-2.0617383773820865,-1.3981715012518783,-3.897636105548615,-0.5078365388243227,-3.6575001822362228,-4.065056690014544,-1.9913965207642137,-1.8778918685721404,1.6960614815369168,1.239408572285255,0.3921081871165608,-0.4228035652796269,0
-0.1714424894694722,-0.30966229899425524,-2.4094682965895555,0.317112399633278,-0.8672936100300517,0.8525321208849549,3.4082983727224043,-2.2037908343387933,4.886157319005525,0.5320436975973459,-5.0371201627636,-5.21177159388951,1.446512431586773,-2.405578826096294,4.15698951827847,-2.3567766374488186,-0.35457137596234256,-0.032832207247307274,-1.4427602797357815,1.7108631750868422,2
0.9119761287638298,1.3244748199528735,-0.06879982548254682,-1.2272563432734644,-0.318779977639715,-0.4670346615642825,-3.087119202353662,0.03458482541151109,3.6363313148979772,0.38568917466158276,-1.0372351962323363,0.1399641216451908,2.584079853747477,-1.2023161315321258,-0.016545983364660177,0.5225700307352825,2.2724038254349552,1.0287536803251258,3.1505761871364633,0.38274637653599486,1
1.669951282978696,1.5485201239090411,1.031277906046519,1.6969259783212567,-1.8494186403213817,1.521450157169277,0.5406591285256683,0.6819510836631769,2.005160441618908,1.0054133002314873,-4.133981981436098,-1.1137780933597545,-4.326549691324918,-5.222261607789199,-0.7088367809740714,1.7750667012064487,-2.345660503357032,1.594472614737505,-0.6435846060403345,2.330004595977355,4
0.6982216281857747,3.855321537632857,4.662919376845444,-0.9941795392044759,-1.0601082668342774,-0.021596921950878915,-4.5456682632820415,-0.16477322162571462,1.7002315889863646,-0.8017900546219586,-0.4686448719710636,2.645083839092988,-1.8600282512249422,-0.9654436166076878,-2.9270596425185014,-3.5091275787426683,0.8188632670764708,-0.7060589887612834,6.390928753032161,1.7621699003468434,1
0.0008338917062271256,0.8532951683578334,-0.4555005703578501,-1.0603916046959443,-1.8638677685861114,0.6218700724910032,-1.4120289788088687,-0.5198005612964314,0.5492069546067436,-1.4218815971778893,-2.1523674924637772,-3.2481023916156855,-2.408804023698291,1.6450566195785834,-0.7371094701518881,1.3170783602381484,-1.4406302818078636,-0.5637538531431389,-0.44234635026705305,0.15568998441402437,4
-0.019709288397913523,1.9918381806062557,-3.6641137998937148,-1.0453291724946954,2.348727582649439,2.3940198149782845,-1.9469863574285942,-1.5176625552359226,-0.7363535009220279,0.5208136122458716,-4.857050986046567,0.7159530125366702,3.2631822842914415,-1.3455219410088126,1.9176997275144738,2.9658045635845687,-1.5687811497205688,-0.3842452758373768,3.614553734716132,3.238503278167571,1
1.5825518837169692,1.3073045462073187,1.7254571912566004,3.1262522032981868,-0.311828556913221,0.3798311440874944,2.22568593501381,0.6227731252999478,1.7570680770252354,-1.2105586463055116,-0.6649242223436903,-4.340246591931078,-4.901405957574471,-1.462282452553239,-0.6969105364602162,-3.519625059355281,-0.10815133301010116,-0.6595695388808838,-2.1704454279847365,-0.49269302524129066,2
0.774206089861576,0.3882154120245913,4.241846063925678,-0.3362286639032426,-0.023302564306485474,-0.9100940390980373,-2.5484508957999754,-0.509850237181314,1.8759457191712836,0.6558628245023654,3.3927774734739438,-2.283960719524371,-4.279024355068083,0.959035958883903,2.07870569255691,-1.7779444788698509,-0.17157449782956502,-2.0081998107660075,-0.414912283527208,-2.295298121646149,2
0.5767839623359914,2.248354073268014,-0.08855428128742471,-1.5658643339491336,3.113779718377791,0.09258941926093299,-0.7195788366298215,-0.48043421984732726,-3.484470310534302,-0.019560168939195488,-7.50270155636798,-0.4149795453648668,-5.298534372498036,-2.9120675042907145,0.1160504157721074,-1.7024472616473616,-1.792190352668011,-0.7759873724208194,-2.346354767935646,-0.6870788606068299,0
-0.8446623290020688,-0.36478870646180983,0.08811675571017252,0.08880968652612986,-5.009705839897339,1.3015410333900574,0.061119166300527376,-0.9319278585831439,1.7857613913412964,0.13386939173181056,0.03739936081484172,-1.0544714723599409,-3.043925646801849,1.3510882637710402,-2.6902275865851193,3.363759176447921,-2.691607089228551,-0.2860331305695146,0.944498459581393,0.05023864535718481,4
-0.14069470338218223,0.33363945148519614,1.9462484674180531,2.688191923648483,5.522837351434533,-0.2076445049634923,-5.203662089958656,1.4068155722813709,-1.8833002826603646,-0.684544365448715,4.39773468096358,0.7232530315150816,0.250608380730795,-1.8604902170169446,0.7896500809582057,1.406766302933225,3.248668010468138,0.6343919791100927,0.8168422801728206,0.34792627240260765,0
1.1412714411637652,-0.3737953837351088,5.511985967737885,-0.2853295292898552,-0.04552891591788194,-0.18532335635128044,-9.043452587231704,-0.6867511782187613,0.42604208933352783,0.16293366441950527,4.818574303108541,-3.7079545728646037,-8.565739900970312,2.913441131161508,-1.7168192784176108,-1.367003471829623,1.4213602305175295,1.3747631356160688,2.9611500430975455,-4.437012267132743,1
-0.5976695927556444,3.9572250285079664,-3.1332052540502104,2.2215775667544397,4.576273418181161,0.4318562007583626,1.1227564957445033,0.14164697461497866,1.575862604349546,0.45314249767082204,4.40341268061527,2.9607382409737157,6.963838349672737,2.443755878043229,0.9722132541456674,-0.13889431169017907,1.6192420969937424,2.7211335436327935,6.768028842670869,-1.6051120934541014,1
-1.797639807236755,1.559887633372719,-0.7105025959210884,-3.3419860936484396,1.1352953268856432,0.19818859428439908,-1.746648298606842,0.8592716609430588,-0.40164220403183504,0.10764366713619469,-7.228177198063888,-0.34208531356171945,-3.1599569935140353,-2.9208479203528785,-0.20707138959345583,-0.5528268795756901,0.04329797164579574,-1.3336463566021994,-1.6896021381752964,-2.442188603968697,0
1.1729887772281384,0.6530818971013557,-0.46426001527949345,0.5317013327270921,-0.34454577244711365,1.156955890850824,-3.611795012628524,1.5024487850498693,3.345900798403621,0.15542663251849229,1.2829954868586124,-1.188236058508223,1.3060647767493516,-0.7956765548129892,-1.292582652485354,3.302124906465246,2.725622771803973,-0.8469721005354518,1.66503461463843,-0.8360182511422793,2
0.1305224576036408,1.1449450211129022,1.1636639771395223,0.24084573928726283,2.156358495216257,-1.5523861084883046,-1.0357011135587486,-0.4572778724201536,-4.496881078798911,-0.563311124823587,-3.2975071283007305,-2.599084272953018,-4.9316295727789194,-0.4865525718980863,1.2548165299708498,-0.8721706285455333,-2.9698610317624947,-0.1996883814525705,-2.7664933003686403,2.557503689885936,0
-1.0851663211038924,1.4784522555009483,-0.3677445770862122,-0.5380222043127458,0.37245897544472056,-0.9499246437962541,4.719269691121195,2.314152003283942,-0.8454820364362498,-0.25065057443684424,2.5438237747310075,2.8163067367911623,0.1954701981253369,2.3195483865196356,0.49854905751878587,-2.551582542245017,-1.7910493945148769,-1.5290056365971425,0.5867130072363513,-4.329442845932375,0
0.5101797436751645,-3.0539688661883764,0.2662725823365626,-3.7527150909437004,-9.343437877964561,-1.302418198804135,-1.295088869590861,3.1903746294609276,3.247895599766794,0.3354386730587683,-6.6888299163346,1.3356649561631195,2.4459496329680763,-4.942426520764238,-3.9192552206627447,2.420430835902149,0.6590407123624953,-1.4407334049663616,0.09501649632411657,6.120991379565239,3
-0.0858503850354019,1.7978509031189578,-0.5992026838873283,-0.8524205596243046,-4.2291413960899025,0.01212122309211662,2.427580929608836,1.0839673319348146,-0.8036670586735069,-0.7043015860295693,-5.227726044923836,-2.2397123547628714,-5.277690791382908,0.7293677234299448,-3.4260879022662425,-0.2569333319120075,-3.952920025596166,0.8223833338108787,-1.2443557724513985,0.26535485116491997,4
-1.0075493710514278,4.445600138515361,-2.8946149709540445,-0.5789830034082402,3.4048886466340096,-1.1877928708470822,1.348278858439204,1.1900130460234777,0.0979568572928522,0.7553593749568626,-3.1914302230776856,-1.2161041500625211,2.319377778295518,0.36839411872160355,1.6716791168503438,0.31016704396828043,-0.255295192106031,-1.1173733269710004,-0.8077563258034197,-0.44099900278193616,0
0.6783490301314178,-0.09284846856624918,0.45776727819252494,0.5221115647769229,-1.2769207594077114,1.7754419096780154,-1.3106947331187249,0.05141002582795162,-0.9925400823973725,1.1139658216309158,0.5289941849475986,-0.0911701743338984,-3.160216975274586,0.8985213272292185,-2.6884957094138526,1.4709302385807645,-0.9216785547291246,1.1350443777750294,0.8132461067316294,-0.9090771124887397,3
1.1337999196954365,-1.5285430040548547,1.9067451573172018,6.074290373310033,3.648126534883239,-1.9922347915346175,-7.195686112142025,2.6288243728329226,-3.9767301099866184,-0.22803171629040137,1.5457748675643879,-3.8736028382724523,-8.936970329769443,-5.48364281413933,0.24330502527686537,4.7486297635883865,-1.8340322606286046,-0.7722086629675899,1.4747703576904398,2.4676457594028998,0
-0.7122930972950344,-0.32489773771282593,-0.8744256326508149,-1.1582816394383566,3.2089933323120348,1.4990176492921565,-3.464439201064656,0.24851373409405697,-4.006178458665174,-0.1383703402015735,-1.7434681275903159,-0.9000502377667308,-4.012841928154682,0.9513394519168823,-0.8014855673470554,-0.17977233902244283,0.2077854794017473,-1.244010015336113,-0.1796608042868688,-3.677857618802341,0
0.26098693032031833,-0.33604971072523093,1.489069126267145,0.7532154767731069,2.3065093493501245,0.227855960512026,-4.431639520907798,0.9756144076769915,-2.6400387850662774,1.0751707322839845,-1.7891367414415678,-4.141432294894946,-7.869206864400823,-1.4353432158390287,0.28197697390742094,-0.7863403426901641,-0.8395295895930683,2.0946514531061515,-0.7471087072506082,-1.8271868489821363,0
-0.4438979873004992,3.241314072758156,0.1225923789626584,-3.2038297191928287,-1.1368151238547235,0.37580399423042776,-4.439174669204343,0.784527957456335,1.7412735085590763,0.32371015180045104,-3.479641998191057,2.6246450250874562,1.2136596498333894,-1.0935930903100857,-3.927518387204888,4.027980249164122,2.0492818570953184,-0.1229884575377515,1.00915732923688,-0.06509534023114638,0
-0.35486759022840525,-0.1993132478085491,3.1732937140646578,3.1152003410963665,-1.3289494911513071,0.15359833462117164,-3.2833942052130265,-0.8275722341799925,0.7402620229758579,-1.5507398772097805,1.4584884434680847,-2.9470605579467657,-6.21189932838648,-1.81732388293038,-1.085206318369508,2.1486288343829667,-1.4964872612707718,1.3946531869947891,0.4358688869432408,1.9531146325591,0
1.693418819678781,0.8903332368946504,2.649628272483611,1.7618499089066564,-3.7418345162901465,-1.091965840285991,0.2822047861719852,0.5302028214286907,0.760200286534513,-1.468815206629401,-0.35946772765550367,-1.09085471421356,-4.850071394320162,-0.9878787198637857,-3.3317298798615815,0.13266898299260355,-1.9082384135189923,-1.5113008715976217,0.005976603235328337,1.9111909685968618,0
0.4224848372332914,3.449540742989293,5.465508754191149,4.479677122642686,-2.6529710418063264,0.2633119981877094,3.683736529420611,0.2149012678460297,5.189327647664037,-0.47408918735476224,7.745012144583717,-3.137405002184617,-7.726674004743764,1.906703392078064,-1.1006633113179505,0.06548836329203045,-2.1236040243321916,-0.02755431025547693,-3.15991550426353,-4.473675503268767,3
0.8735254743531207,0.5592215716697484,2.0784901049787683,0.470442555080982,-0.5003225236702346,0.2809151756544448,5.70728012219826,0.07754243270136363,0.8096391622131426,0.3851094265085037,0.6364290623256482,0.9839630098749419,-2.7099500153734644,-0.6144024498505538,0.30398956517833353,-3.8499393418889785,-0.8066907395010636,1.2065786159419862,-4.053873609984214,-3.122420437666465,2
-0.03275088247669162,-1.500287069010621,-0.48963892568361045,1.4136760143458018,-1.958318137397522,1.2754099352785402,4.210333714753719,-3.131520240428148,-4.110760048994202,0.0462238943195106,-0.6323448931518831,-0.42984237412702475,-1.4620924482804254,3.2027336087465663,-3.9888013815057266,0.038910526253149724,-1.3396922506113413,0.07708482409500496,-5.212767055648105,2.3084089186901973,1
1.1355637492015882,1.1223529383081239,-0.3424800346229613,-0.7647124098016485,-0.942522542872992,0.2692418249986778,3.699251717720889,0.8131957204845186,0.38805433329246997,0.30486760481092573,0.07838664717169597,1.0885345278870022,2.541795246458526,1.129752369998117,-0.20764314277341955,-0.5267273853860419,-0.006054539189286223,0.6635636615236761,-2.6830786561137687,0.17143614850677624,0
-0.5300180969716489,2.4326526384203984,1.9508319595474926,1.3156574156008813,0.24321519401510697,-1.7582980880968264,-1.3699611929570987,0.5387003138779454,0.24958242335173053,-0.7459503436493445,4.937862857123337,2.362183252257907,2.058608670132727,2.2984757337066783,-2.0803467059920893,0.41409935258674746,1.068373533603135,0.42175654612775826,3.0925764631782773,1.0657346661901639,1
0.21980915067895304,-0.5173077306903345,5.622193976277843,0.6039002968307664,-2.272804354987151,-0.12618945591571615,-1.1898926480171,-0.4383240871899131,0.9498605321458164,-0.5589056007547799,7.311542285013581,1.2427437843030371,-4.17431344125378,2.5729919590230663,-1.425501591962612,-0.9586673165961174,-0.18577683269945222,2.247742907516433,0.17579265199684002,-2.682455885162162,2
-0.9660349645779546,-0.23425875418701336,-0.6869162204895458,2.754961799088603,2.143119802239517,0.2993689610301794,-2.086102555655904,-1.125855350462821,-0.09129737613027378,0.5305024377744528,3.4553661724776408,-0.47407846148406363,0.966648632314931,0.6564066502057537,1.0395860420544583,1.3464199374699009,0.046101698950901104,-0.804272316727873,4.083034411842791,0.87690748137138,1
-0.1516908545276689,0.8660391210253455,-1.0408990682025707,3.270001222663093,-0.221589580750083,-2.855675461130052,5.7344792338722845,0.23321181277685543,-1.2088127176133243,1.4454025754748627,4.74799882951267,4.12868607381985,2.1785524033237076,1.4210130386521123,-1.8609773105557534,3.3827782503517847,-1.8334524203602869,-0.22939212216582058,-1.1612440663803416,-0.03893059694239198,1
-0.06085368274200603,-1.8418014306837782,0.5998733327479948,1.9368944559909527,4.255450691340284,0.8966994892570667,-5.445536058643898,1.0292798203039264,-6.0610214036321945,0.9764865127788058,4.192124848019086,-2.762468861039562,-6.822076126179649,3.3348644764693134,-1.1584012356293052,-0.5114037326703753,0.09119596687816056,1.380785786697017,1.4839101084784139,-4.559135008026586,0
0.4450601859327594,0.11805353763290072,4.774453463760645,4.513587670268844,-0.536719438118253,1.8413130277173524,-1.2653885095066537,0.15235736278658474,-0.45561031767913596,1.1788189731820586,6.589862795174762,-2.7632877716426103,-5.689249150545568,1.211656835963626,0.32069256556807746,-1.4798417511961497,-2.23885639618411,1.037509052437578,1.7665820528766853,1.6351461810172143,0
