feature_0,feature_1,feature_2,feature_3,feature_4,feature_5,feature_6,feature_7,feature_8,feature_9,feature_10,feature_11,feature_12,feature_13,feature_14,feature_15,feature_16,feature_17,feature_18,feature_19,target
0.1685950859550743,3.0052775511736143,-2.6860446439873695,3.6584835944002623,6.911747256250564,-1.1737175865244867,8.873652399801088,-2.7021987875828137,-4.307809714865636,-0.4308104435729651,-7.401118667387172,-2.61823286909934,-3.696640480218986,-3.8648485213125436,5.200061893264804,-4.647525700025216,-4.799813953656459,-0.07998315398866533,-6.122895864936022,1.6556010928207059,0
-2.4445789017349173,2.8252945502907334,-0.48888014796659074,0.3429614304684405,2.442170460020868,2.280297638668623,-4.803808805402395,1.4671235446884006,-0.508326574238072,-0.3195269243557479,-2.403074161295091,-3.5678435658672845,-2.8845147995846445,-0.738735366888284,0.10912060283965941,1.9521586310341417,-0.19492320478940506,1.3915436504129006,1.160547727488522,0.2887154489561813,0
-1.0621561225267548,3.289431927390939,1.0689755442551407,1.0936649028204777,6.978053934840922,-0.3135363648646909,-4.766176689767644,1.8245739685869236,-3.5348853210113833,-2.033891956969194,0.408121911741644,0.6182476451565191,-0.6992015760109802,-1.939658128009703,1.3065200632330525,1.5784031762760913,1.4420962904926946,1.5706615433847417,-0.4833239920203459,0.5925172626660544,1
-0.870021317496713,2.6959562389056364,-4.6684026830723315,-1.8285753291636877,3.6338174538704022,-0.7612959029780283,-2.2939809680313936,1.297443666837637,-6.565338634430535,-1.3405349475036916,-10.472686980657482,-0.060383366351917656,-6.52306471707479,-2.0578695116886414,-1.8024171570201837,1.2340728224910547,-4.456542868144572,-0.8709476705336259,2.6206805039932073,-2.1246903696266397,2
0.1807295281423227,-0.7246436996489325,2.7294933466216724,5.395788095578466,-8.051103492776262,0.41364169441080456,5.1356114632835,-0.4920507601191879,1.3647413253923046,1.1135270950424474,1.2424311856733237,-3.7522160886485225,-9.997229571975664,0.24149837182820422,-4.83305945641793,-0.7423054604200898,-6.205924773093676,0.9594319097092565,0.48433922719910816,1.847471659970065,0
0.03318104121039646,-0.3215173557890547,-1.0907011081207871,-1.5609636723896698,-4.363573322806112,-0.3538501935617767,0.3234798095032445,-0.358059602030941,1.243750567688494,-0.9853673440880708,-4.773879616901067,1.5297315403876675,-1.6506370530909626,-1.6762290078226894,-4.896553195035731,2.5935816291940696,-0.32022131069552073,0.6602944476793567,-0.31574177141231474,-0.3484884420366986,0
-0.2532098482065603,-1.7641813523516108,1.7318556548352677,1.7989264581506168,-1.4926805892014459,-1.6615526084419563,1.2638936925174593,1.3383733003449316,-1.0101272316907486,1.2496303141701446,5.8024698100500425,0.6722964154981552,-1.7324042363653098,2.1415295869342588,-0.5658752053802237,-0.6155607048604361,-1.1978065008585017,1.9223458376666447,0.9359610529079939,-1.388735694296598,1
-1.1376270203081071,-0.4549865389147917,1.9050874351703575,-0.029020063082581427,0.29343550729035184,-1.4254590845909751,-0.7068004063219866,-0.9927945373725882,1.5587843216894273,2.0280478497139005,5.7277916265969555,0.28937442706798655,2.7765423815113603,2.758477943230114,1.6382334705339066,-0.011766332745052455,1.7307668414012425,-0.006880795325241453,-0.36215443985943996,-0.45969609032275305,2
0.10293610077565697,2.5207118137286137,-0.7574710930002646,1.240233647679902,7.42095782173854,-0.5409830352772186,-4.150472769411169,0.41300666842429845,-4.1793113023498405,-0.6135508652665085,-3.8168096251558974,-2.32378539329826,-1.2389814672277573,-2.4192892772104724,2.099746367828034,-1.5879026778013998,1.080783465393977,-0.042448346103028375,0.21137378914606897,2.102469834625385,0
0.9474760645689778,2.0233995379138987,0.5595147812081549,0.42554482294878493,3.975770405968472,0.6476486270436428,1.9446481512435234,0.2786849590147362,-3.8949393523283877,-0.2850208592247846,-1.2273644729045823,2.255402097903706,-4.174735921202765,-1.353941057561191,1.2121850496709525,-1.018077411074127,-2.7625039546078636,-0.27380283473347994,-1.6548020191677697,-2.5216138417471594,2
1.8036548118535072,-0.29694807830846703,-1.6523073708218314,-1.5897398388188153,-3.0930591916168733,-1.1020266817599613,1.1113527834454866,-2.082898995586578,2.3048642133478747,1.3604576947873372,-2.3867167199283768,2.270834733619989,4.640345016279188,-1.0441704315045193,1.1024985794885471,3.0107431128207973,-1.7974362943843123,-1.2315478603689292,2.1645484199873684,4.247147987224622,1
-0.37572100637676215,-1.8596224021751788,1.8562571245075534,-2.059775311539621,-2.700946028436913,-1.4754922110181068,0.4723974915307174,-2.707809162608822,-2.22248284460226,-2.661709076965646,-8.421086735077095,-0.08424819431849495,-8.073055874412786,-3.7097316745799707,-3.079085742456123,-2.707084411546373,-1.8813307498274883,-2.954310752325581,-3.739344565907215,-0.02079380764646599,2
1.6096875766843193,1.1109606097866027,0.8411793939111671,-0.3939326095033373,-5.216199152829299,0.6420913619898411,-0.2952074742430113,-1.7831131908266866,2.5643722148461032,0.6573438652939351,-2.05966099123181,-0.4156932458771716,-4.358868683436487,0.2689638783172754,-3.5903902865160333,2.5316793719707738,-2.8826962378124135,-1.006032163033362,1.7477347905046947,0.06237585572483817,0
-0.9623523300126562,0.5637351885066206,1.3463666148483133,1.7921706112520703,-4.5191534537723586,0.9640123513812151,3.8332581871075644,4.426000944100884,0.7414493763444454,-0.4796242845124562,2.6367999394535477,0.20524257676603463,0.21619506094341331,1.2084002429197125,-3.874122742821591,-2.5634046063212814,-0.16923207108623084,-0.668488479884408,0.5027642896865152,1.2419684684490193,0
0.12358359560917835,0.20447114453694482,3.562748057012994,-2.117158894872627,-1.9983852646915816,-0.9796558027189143,-6.425800551669147,0.20931195728339758,0.914018391737355,-0.46692692598392155,7.074206044662996,3.4732616266254714,3.781657424344789,3.600122716220226,-1.531280697570185,4.307148959777862,2.059553396097368,0.16682557146429558,3.138521129898051,1.6682680610153677,4
0.3040943271378514,2.8402347695639314,1.1922421060849209,1.327744414134734,2.7283590327766873,0.16954695867870795,-0.4077616980750573,1.8406442306950768,-0.44226516428411966,0.8815704761380926,-1.367655574772488,0.604015897473821,-4.1831019019605415,-3.078958567205536,-0.8829330666257194,-0.42932203050158946,-0.06119900327350192,-0.02654772137084417,-0.5410762577045898,-2.4106841379332566,3
-1.3168410850971901,-1.1348824416677896,2.776881245339613,2.5059011501986697,1.7793260591764886,1.0389328785167367,4.41470806843349,-1.9230541550666227,2.6187046278976487,-1.7943510532262297,9.747644948429153,1.8115106296635322,4.952981220378612,2.864137904910621,1.6017032505242907,-2.7008452271192023,4.425095666304891,-0.6259944698265318,-4.1362403524629645,-2.382720487336761,2
-1.5679198145231794,0.23964785766076702,2.0446330124311354,2.8777916921981204,0.4571917828930876,1.7012201455433127,0.0852228428899815,3.33060033248316,-2.727039142183975,1.9398024898680992,-2.4654018409962526,-4.659341850825106,-9.41852849627734,-3.4507187949865594,0.2674707693152727,-1.7218976742448744,-3.3531318754384745,-0.9569365446970746,-2.6466145440189996,0.36708652928509977,0
0.5771412491448318,-0.7382021847335001,3.9754432778673245,4.070657873277975,1.1640788463853977,0.12924929402027668,-3.81657815752592,2.6431778773612598,-3.104443198136939,-1.9810243764964857,2.629763082260293,-1.1063788468888336,-5.587215987958225,-2.5784404696981458,-2.279241437707123,-1.7700771942476816,0.48754085652776546,1.1951003262851103,1.6006153644567331,2.3637180707971064,0
1.1238664956919266,0.6025625123470301,3.409408411912962,6.331801143632496,3.6507348909811745,0.666116837635053,-6.326732760065528,0.8342922143821486,-2.927282575569637,1.216758238361086,2.6784041479107423,-5.068856554190186,-10.839999246466824,-2.805978257527197,0.1193294613664948,1.101729717640358,-2.504824916975204,-0.2889455016157498,3.012960532909382,1.0758938987608637,0
1.14253333048923,-3.096437912026145,0.1558777698485161,-0.519759957775463,-0.8863076351089016,-0.04935238558920484,-3.342032056995629,-4.132582601306528,2.1980410171453517,0.8801789564535437,0.6762747665715741,-2.37706572102574,4.8607891818318825,1.3395791149385492,0.8186237686876643,-1.2131466753030344,3.955170986750812,2.1079120973696077,1.0229829178724519,4.049740948267611,1
0.01285306915560368,1.26124492266846,0.8998314090360449,1.3893578755441336,2.8827912048103497,-0.038521558081879674,-4.295754430896255,2.053877532556527,-2.3214950273321286,-1.1770811017090523,-1.194721985652823,-3.430794524282615,-5.4185862125492585,-1.5809039545002666,0.646521208817757,0.30761521011421866,-0.9689354715654636,0.41802098666552523,0.5848005447328966,-0.04448214774792847,0
0.7632052848677686,3.798362310696982,-0.5092573942023197,1.634056768755333,2.794446574910855,0.4298647980100758,-1.8872079278400864,-0.8583262219804038,1.9510022125444437,0.8623703721217144,0.22615755004679455,-1.8855662586745825,1.7097538450303242,-0.5183613242772864,1.4163216831485497,3.887210311215533,0.5218382011088079,0.7059957583889291,-0.561380036392322,2.093296078273431,0
0.12102247537725104,-0.6122408875713246,0.08498687426205898,0.8216999005318061,2.667478590707525,0.8810347536387857,-1.9245171883269065,5.342732539360345,-5.0280082935765105,-0.6896687017269431,-0.23906798515790406,-0.6727720884801911,-3.7706907994431487,-1.9931063063539034,-0.18184903446370648,1.2162026442801603,-0.5703664654638794,-0.7556409030768438,-2.393048965458014,-0.9744290511287984,0
-0.014247630881020015,-2.3474032905364615,7.471842482729259,5.535506453866032,-2.313415719752962,-0.1306082079047539,-3.9383211136447476,3.004481650451984,-0.9786594150593796,-0.5631191485343621,6.405977300810133,-0.639776511343134,-13.313356361786887,-4.344159000149135,-3.1984465343386783,1.7792330096675948,-2.418458012116708,-1.6683113541853407,0.6349458589051669,-1.6088965455297015,0
1.8377436153003923,1.4418051481145182,-0.33972460002109917,1.1419697520386274,5.291729455895989,-0.35037160563076825,-1.2489491054461035,1.0068052556561211,-3.3742361883408893,2.085628588735579,1.1458144917486568,-0.7641443171148649,-3.807525544086331,0.8320730559363638,1.4170167167618848,-1.64599694343391,-0.7443947983529271,0.10953631496535014,0.955933412858866,-4.2038752831068535,0
1.7779139304561196,0.9347320841963364,0.5066604204385563,-2.11035151385413,-1.3163022444457753,2.715897453045435,1.1154488465714967,3.324357518029913,-0.38085395036648884,0.2812873442405197,-1.8862353193530703,1.7577309104324828,-0.13562700397590924,-1.2959355751280275,-0.657711397742007,0.1039824472307167,-0.46990589772288727,0.7915688682778428,-1.938729268617723,-0.6155229404184733,0
1.244837649313243,0.425321788765035,1.3414624727828093,6.203487394004514,3.418531591887981,-0.08244670526704578,1.4180764412617821,1.5352600772175078,-2.5126858581115323,-0.47477570784746564,7.731131635137822,-2.060827339280099,-6.601632010900243,2.0717106568019528,0.9384431448600907,-2.2743956533450334,-2.9041948547981615,1.307388820504227,3.2053470098401915,-4.087955665137048,0
0.9201046790111094,-1.044543663724647,-0.23943134497122065,-3.97012072891394,-6.3208386464998565,0.6981700736817216,-0.4677426769712411,1.7283783491746072,1.6999445409440885,-0.8538796678197721,-2.823737462359292,-0.818352497615489,1.032366390067976,1.070663893225143,-0.5310688271830145,1.102956697570168,-1.9421656935515617,0.6923436113267796,0.7384567039790474,2.2603709738715,4
-0.37409430093846596,0.3252940260444922,1.580646380510621,-1.2746650103915558,-0.5043782681735755,0.06880356655700676,-5.2280897572778615,1.010767286821515,-1.2189234636264132,0.36268932056654,-2.978205328005296,-1.5607847590621384,-5.225439417937705,-1.3074801739696624,-2.285158094569049,0.6856105427263253,0.023429866334518934,-0.555503733487994,0.5682743963177412,-0.42111155356145824,0
0.007012679347772802,0.6016069591685779,-3.0652768363167353,-3.3774787978871936,2.2059692139106444,-0.18480432550280562,4.110745395269302,0.6175098480184669,-2.305524330582964,0.987057182020705,-4.540557800503366,3.293551896077175,3.0192030741235896,-0.46437390486021735,2.815541408354364,-2.760853920597848,-1.4914437308330588,-0.19134974835630528,-0.4874161628083693,-1.7682850662293754,3
0.8777747615288143,0.9594595255558421,3.0594278233753514,2.3429876907496765,-4.0588675290329945,-0.4866512612852037,-1.066205935722875,3.279956730678765,0.6186783450808608,0.08641531339620093,0.09600334735668155,-2.202009071957074,-6.587169414584412,-1.562476380656992,-4.111184081576978,-0.22282402050443695,-1.7409542887951421,1.0947324333283535,1.1201512562081115,1.2427900676296644,0
1.012899568733763,0.8325027128611259,0.99687179465779,-1.2178096547484323,-2.298448373040305,0.486809711783723,-1.3872791811440957,-3.0150649347608836,-0.7899221555404918,-0.21652932680737683,-8.122631333399795,-2.5506626433122177,-5.904595626348551,-2.1595884977240116,-2.4395862388476104,-0.900517351724049,-2.145244481758617,2.4111992662535333,-1.5605373225949088,3.010381145353122,0
-2.2983061801538542,-1.4471276564394775,3.3934296814513867,-0.8764070862059323,-8.241938392686134,-0.6267245708915488,-0.6437252768682745,-0.49669739856558337,0.8163678267863437,1.391291786396494,-1.3325464098058573,-4.538132144757908,-9.235889621169074,1.5893869436372032,-2.243954782869406,1.025809450858576,-5.592916921934847,1.2434450686497005,-1.1040634302722954,1.37247787951845,0
-0.7181477550689718,1.2927302008420338,-1.1031103350524245,-1.3861492194305387,4.612203489102757,-1.0822549295982995,-1.2537641969067328,0.7894376175622672,-3.875260963563535,0.5265166670862197,-8.395902588701945,2.5640959853008547,-1.2790646579532503,-4.78310304835485,-2.9994587941331687,-4.368696906396353,3.306593704076202,1.5291753373330506,-0.8524916126239336,-0.9611465536082735,1
0.9034402784012313,0.06802655705132132,-2.3905366355841275,3.219109187423157,7.509045193956657,-0.6731031618491319,-1.4854857182096033,4.883037729179597,-5.794408465228147,0.6580514258052779,-5.547994364338256,-2.0208812928657096,-7.1969409515335485,-7.436715671057785,1.540002403647248,0.335111163705725,-1.0394128017539062,0.3163477058465088,-2.048356193187915,-2.545666443331962,0
-1.1337768565258166,-2.656760153237272,1.6653887582479685,2.5089781739675994,3.0501557485777417,0.0098760626400211,-8.716821546573069,2.1627348809007856,-4.4388129784324555,-0.7810076060760212,2.1848579364206064,-2.404489721827085,-7.074307822802154,-2.250975337104327,-0.566861287328889,3.592996761925967,-0.008459476225232132,0.9686165100631691,1.9609746657973357,-0.43931588578801506,0
0.9599278700956456,-0.028822468304647186,2.8114352707905157,3.2181715268837148,1.3280972690740185,0.9924641950780103,-1.7735137101954916,1.514622854780145,-0.04144157830110162,0.8694263781695669,6.7007044355668794,0.14037948815044454,-2.564593534712295,-0.18864026011716406,1.946451229123911,0.7344924091456446,-1.4478657912639794,1.3380659269790276,3.119268119220928,-0.5084327056380664,3
-0.27582769790392936,1.1272511202854532,1.911010151944455,-2.8238239778199468,1.8058372395492006,-0.6666989871434867,-8.894143714226928,-1.368755025629496,0.1476489030303827,1.1889785216677367,-4.014482959320606,-1.904639291407311,-3.60762918580114,-2.1669814670875844,0.3088448250744422,2.385490896139612,1.358005705871931,-0.7463231409704632,0.5426562488822773,0.32784929247819594,0
1.7650846676849807,2.1224404448237326,0.6258029755424743,-1.5340460823977535,0.9969975665423718,2.078247327281108,0.3431927360789144,2.6083825911079543,0.16080656957853368,-0.8859232783542873,1.4930822819631926,4.224819452892669,3.6229124721146553,-0.0999031037825111,-1.7328310525836024,1.3722402550999209,2.7487988563230163,1.1141778335953265,-2.0129434822168193,-1.5629768787146139,0
-0.029559678965264426,2.5314606819096563,-0.47952779032351023,0.16099266425779335,2.1523792528784886,-0.10317171956553796,-2.802252511301508,3.1073304264195256,-0.6424378647860999,-0.6071873629556563,-2.061606221153106,-1.119975869762009,-1.4427190337148843,-1.374394341716965,-1.292789234582749,0.07911273212559244,1.1617170125245178,-0.9081119652408802,1.0735543550303621,-0.893817258634473,0
-0.7331319247248258,-3.496190088284126,1.0560489531823838,-0.043146899856597365,-0.2696712508581003,-0.5164084876280468,-3.033509772810159,0.43258331562345365,-2.255747524929625,-0.36488136677570365,6.377377028199272,0.7609742631324903,-1.038371719116924,2.8899675315836126,0.03723037308859212,3.8077377196343782,-0.01464012923740765,0.6846711770762893,-0.45816465175133925,-2.279171576501677,4
-0.14483988295033545,0.8242716937188227,-0.04863461162998428,-0.7682665362665759,1.702017518946058,-0.5873101978481875,-4.03143445932539,-0.712771111690411,-1.0631754599520675,1.5498717041592647,-2.8328099158333115,-1.7682998266059526,-6.164538868650588,-0.9308233660112984,0.31938813409980904,1.1427238097019385,-1.888611854830189,-1.2941154747213328,1.7281170947388813,-2.9773609597209845,2
-1.6095051276579868,0.24516540223305683,-1.1358445647794142,1.1441167065084632,-3.4118564131873406,0.06606134432478361,7.137285465648934,3.709519415388766,4.161214676148413,1.908336817046162,0.40424049905108417,1.2376917841131043,3.03558941469555,-2.720257800063336,0.39389298250117566,0.8533210399363093,-0.5604014083329102,-0.08983396532289771,-2.714448454560543,-0.2509257690086508,1
-0.6536628470652709,2.8465858757577447,-1.5278889254096386,3.250486021094739,-3.562340882738414,1.9506062771860113,9.42831079253994,1.330253785790317,1.2989545311153199,-1.7593949485770175,-0.7865879296259226,-6.298343054223591,-4.391661001325142,2.4417997642231617,2.773551766858619,-1.7239251795228692,-8.096669286653235,1.8302551889382326,-2.181822869273992,1.2477373466419535,0
1.0707398422249086,-0.7576464782251429,2.3474361964016977,-0.35223362340612674,-0.20943989130712468,-0.9500831733080524,-1.7896461510646449,-0.9985604950833362,-2.920288857904,-0.49769579998508295,-4.599951552664924,-0.38939388819114384,-6.732727654405831,-2.9592250445539383,-1.9924717203372326,-1.7246167423596885,-1.1500033894653592,-0.03961345669298553,-1.8569175283937163,0.7446688180367385,2
1.4591763476760826,1.1452458966499552,0.9482637965150676,-0.13624585454801075,2.986243271334762,-0.01726674628893345,-5.431817140320477,-1.7688380260807395,-0.46010427669776244,0.5046082929230434,0.055702383001403954,-0.9905568607162224,-3.6052884416461524,-0.1267755273970863,0.8857691509988512,1.2296690799305923,-0.15752639239847566,-1.508632477516153,2.677584251919524,-1.8468815557826965,0
-0.12299787692671595,3.644780152405068,0.6689229371497755,1.6948724751470396,5.4675116836019155,-0.26310038485036735,-0.740066549746995,0.6891060098713382,-4.224778373002081,0.00894414271343174,-4.426328491093064,0.2826661932619541,-2.7857979673464297,-3.4478982130665243,-0.11155534781471943,-2.5508283647590733,-0.34417433881712545,0.8293672626915776,-0.7612685218977056,2.3352563872335423,2
-1.116430732954923,0.8926338551337519,3.794076921991449,2.205424023768213,-3.5347732722300456,-0.45739173015987844,-1.5981129238123737,3.7797038455939185,-0.00030866946462970724,-0.299742983877268,5.201677731871764,-0.9079161889533345,-2.1106022443346,1.5321867642709206,-2.8332169402168024,0.5166205718722128,-0.8660921646915517,-0.03471992112849314,1.6416864050124644,2.827585285064779,2
0.3826241240290592,1.8638884230787127,0.9882312862320559,1.982253278496697,1.2534770411589717,0.47008902814650944,3.5531679533357248,-0.2615724421567748,-1.3828199119233227,-1.694040945309439,4.496738736086353,4.732608562009365,-1.3400483909151928,2.2808991359344404,-3.6127097778041004,-1.7356492878199594,0.056530189627001626,-0.30961484943164824,1.1955217986548528,-4.643301198481051,2
0.8662652183210665,-1.8977743444824298,0.7259296451617272,-0.11017944353315001,-2.269501138095089,-0.9285688118003078,2.0160724942766586,-0.5470894069426733,1.2416036648150681,-0.1643459558964511,0.03839267960007654,0.4978256910138743,-2.995421389255708,-1.6150411295814622,1.5845876509293997,0.2969928788925633,-2.804069871830914,-1.098685142409619,-0.0834515679572666,-1.4992283729337945,2
0.8079702659154591,3.06105187579386,0.36538267639073385,2.9475219485864126,2.501172551777137,-0.7850507414912696,-3.7372781002407467,0.5931331016776562,-0.8158219099158339,-0.38677519729828513,-0.3804375735333746,-0.46632600808392044,-4.013407958145763,-1.983653426705977,-2.5265574269056477,3.070789884489194,-0.3528285019240346,0.28411329535018487,2.4670231559386355,0.11075889767145908,0
-0.8164958825846508,2.369674734949392,-0.03661846228506027,0.6639628575091243,-7.367159009452342,0.6295666324698411,2.5114359733869036,6.362289304300785,1.833912303857753,1.8137458253774852,-0.7761286440646897,-5.1737465241988545,-5.191162439118084,2.713543699511049,-3.78815476860345,-1.3077582219321795,-4.30580971603087,-0.6681933439494793,2.2134242023934547,-0.17121736823512435,0
0.37758692137520417,4.45041700607406,0.4333314036899969,-3.3044115557719116,6.814435724707012,-0.012798669871084068,-8.427140330633444,-1.2863193225860519,-0.24581288747419783,-0.2506971879565842,-1.0427395200839074,1.8966306786206104,2.180134127426739,-0.6877543007582388,4.350922829897857,2.885492531448852,1.0950281689207775,-0.8805874840191672,4.04370834015217,-0.42183057392840295,1
-0.5217659458557397,3.6534699224011717,1.0711028486654457,1.6740233218685416,4.29288874817702,0.41571332369794867,-4.813182279489351,1.5938913407446686,0.08285313502719616,-0.8549415617525271,-1.4134563998991208,-1.6273606584558231,-4.1849075612382105,-3.646817408690864,0.9886786670111187,2.1745339702090165,-0.1524259397409815,0.010363113109881228,1.3700089952660108,-0.5102355613458023,0
-0.3599709240847465,0.26383594753798856,1.8204107482276215,2.8053207246693423,2.349276482048528,-1.9457083143101772,-0.3113418278876623,-2.6792048714655974,1.031857274776708,-0.8600805536134594,2.1282303292616516,-2.5909757429004636,-2.846499072135011,-0.10921263423760541,1.2864790970304227,-2.2968490154686787,0.7316726381201362,0.8566008465286504,-0.3979324150353264,-0.8541907245531339,2
2.929783515915425,1.0139335562419023,-0.3424181720579438,2.8362272534592634,0.5322459663879008,2.5525529031196807,1.0565722348217859,1.9160046152416224,0.29333952306468336,0.027049306368040326,1.2156476482290048,-4.633404396471336,-3.348516787721534,0.18089113098260912,1.9666397795277049,0.42565659574783066,-2.503155107415366,0.059453644932930726,-0.5637467656938757,-0.1142739974250877,0
-1.3192220946210158,-0.06325535588979703,-1.7804940919550067,-5.644965652141227,-2.808491846256857,-0.5035221872999496,-1.7623539713159229,1.374158279384371,1.262778839728496,1.2711506164868032,-8.014549180045577,3.1946333661280573,1.229830339244338,-4.038355802254843,-1.5962938451612645,4.1888755857353,0.3533403265515034,2.226441337337686,-1.7417519810970319,-0.42071828515955756,0
-0.17236071632934327,-0.7951029597885098,1.60006287342777,-0.02119891957640707,-1.3388290904723805,-0.9797339275241835,-3.4291285300509187,0.24800362655249408,0.7398265711163472,1.0944248656423168,1.1920940728969227,-0.8712506631918499,-3.9781523891382724,-0.46232735023584615,-0.436017561252256,1.8980828917413233,-0.9591406891362538,-0.4678452334317717,1.736944313193356,-1.3531064141963833,0
0.06841968078810651,-0.0023116580121530506,1.833524322200441,2.9596853897465083,1.1962852654602418,-0.9227196052745015,1.6106496029700053,0.972782792668025,3.060253240308621,-1.115672166074201,5.704968925511928,-3.165740902869624,2.141194594355494,-0.09034864686841226,4.954778742893113,-0.735923493556584,0.5952003333101374,-0.3987386946413775,-1.8267245358791784,1.5673138676065066,2
-2.1509619419991983,-1.4863964199153252,4.950752996589902,2.7959917839300346,-3.116207880762967,-0.8880290897915581,-5.56860827439935,1.7087439675713938,-1.806900381839362,-0.5279407225584639,-2.885846307481095,-7.085089567750976,-21.395303492812623,-4.704613255079526,-1.478577508410759,2.001372743703612,-7.485531112628712,0.7024131269998759,-0.011887669786350363,-3.4250432624853477,0
1.4342029237529947,3.0446170923628064,0.7978089606877236,-3.299260765255922,5.302639097708303,-0.4690773352875434,-11.477255165660482,2.0629520411288977,-1.451423021409426,-0.5323307876805883,-4.419550318787395,-0.30585917224384596,-0.909881599742343,-3.5390174150533067,-0.1820649633770175,4.820158012295714,3.841587053060186,-0.4868507836865621,-0.07840016119700244,0.09504026966115187,0
0.40557399879083267,0.9051210765011053,-0.7475738687389839,-2.4574687280509746,-1.939536390389101,1.6638880355028012,-0.7212400840663443,3.672611775340364,0.6510319554291311,0.23801964482862245,-5.988718947924139,1.1296818426979076,-1.1106556175050737,-3.8856707453250765,-1.5498801717669863,-0.3651082429042878,-0.36116974160426785,0.8507048835988336,1.3074868352043534,-0.13727326269500484,1
-0.3432864991510838,-1.2431972802096833,2.9715868782880346,-0.14859668034969808,3.721746062905276,-1.9940213537652376,-12.185350171895116,-0.6223799043863227,-3.1892220359226915,-0.4977267590346284,1.4365011558554568,-3.949876438357728,-7.372065883300666,5.748307668684838e-05,0.6729208881795683,2.577969932088431,0.7843726900198689,0.6454695249490044,2.5141242793635743,-1.073590277815248,0
0.11755969444974049,3.6770738545241337,-3.0533963685910503,3.3230622162280348,1.8728509250034722,-1.7920582747828795,7.843353845420949,1.4685594403719366,-0.4305532561283806,0.4076456555588818,-5.533602391084394,1.1950950411000352,-3.073385335304306,-4.518200623388257,-0.8942013782548662,-1.3219583573341338,-3.434954661405444,-1.0704049927889578,-0.9958403909807121,-1.5800481685236516,0
-1.3756192732209869,4.060829351005745,-0.6732246965480615,2.399571040522958,-0.3832749201028038,0.16468413655074587,4.2505739309295505,4.110694263564412,0.16474894687613695,-0.5511604093495621,0.0666608502689276,-1.566601973460179,0.3239669201142828,0.663651515497264,-0.8526011085339847,-1.8657205456650932,-1.7466060766463085,-0.03572072731851775,0.2455556359773885,1.5452408358139582,0
0.6816618422576785,-0.4303935128993024,1.1818495933530517,-2.064801015719583,-4.729727067577593,1.237438552564681,1.1341709775882356,1.8749606819629907,-0.3143478762534202,0.5843608316205889,-1.4743356617216947,1.4408398656145058,-1.0991803851665258,0.19235932734698302,-2.9968850994094485,0.7484685963594151,-1.2340594720584375,0.3936251091857943,-1.7334652065465734,0.904492314011706,1
-1.5280099314764812,1.493932668171504,-0.18796359674948326,2.383869135926201,2.11074883082945,0.09806341647343508,-2.280421598136037,1.4698426649696867,-1.6875275953690276,2.025105107847757,-5.305456872663481,-3.685743580759992,-5.285682378491307,-3.680426419815014,-1.6594538465508308,-2.707366807697915,-0.021191830560662428,0.1011512666737154,1.3792925959690865,1.4681619051563723,2
1.0043461605718487,2.5226271110821896,-3.5709494794548213,3.9467020055160384,2.6731416395107526,-0.29075967370820327,4.794613448003865,0.9389745016303661,1.362321568107331,2.13841525100487,3.0714785936637536,2.1552090512475273,3.8911541439487936,1.0019210553645324,-1.7616175574098478,-0.5637127777906807,1.410278739001567,-1.430655347400926,3.2380064703614853,-3.01646637186591,1
-0.28160721445420284,3.2809683436321158,-0.493324118130666,3.6368828207770085,1.6414569554080254,-0.3349289594301161,5.072966306652985,2.5480339980658666,-0.9605946828569276,-1.3242777074353174,3.927419060189166,-3.8094213546393187,-0.2979420502554616,2.7173282011679003,4.194962499139415,0.07747864896689927,-4.54699090702211,-0.44835057051119054,-1.9119338288720553,1.7737539771851765,0
0.7801063150990825,-0.24730114211098542,2.5293266518979696,1.7256878764570163,0.13502293299953538,-0.18555840346604682,-6.383797667378588,0.33758240639895,-2.5156079331512453,-0.3420055915646587,0.26952107022564176,-4.1456790615925385,-9.980084281603562,0.10612755916033145,-2.16002870451994,0.935193229084157,-2.02896772954258,0.35667344205192825,2.1719208461448134,-1.2527830316949533,1
0.6336418599051225,2.709152917546872,-0.13711340324931176,0.04888503954966883,1.7781499468583875,-0.5172850951578238,1.7014145208839473,-1.7430705389572667,-2.909762375666348,-0.7370920348291283,-5.621505718285435,-1.4103456633411668,-1.9357616209929074,-0.7538011329729977,0.6356813056084427,-2.6193933915000773,-2.480912540506326,-0.42785033212746104,-1.824085697846412,3.7105029407876993,0
-0.8222502796666334,-0.18736344662737925,6.692937768905975,2.1855987428253894,-7.6929574970066374,0.15956821781565017,-8.676044645456626,7.353926236818988,1.6358163097453486,-1.834185840771083,4.447872744769971,-2.110449108778705,-11.62924896855767,-1.5349274637846921,-8.507544949479156,2.7372882089974264,-0.6951469228514702,-1.1194340052362721,5.653664017421758,-1.0782285926548072,0
-0.608754246118337,4.205065140934172,2.75870821065838,3.3358736262106605,3.343561189582576,-0.7642317171041063,-0.17529509674384225,3.7927691935234695,-0.9416728168386024,0.5260532532626558,2.8647322882623114,-1.9316252271240324,-6.009348194653688,-1.124649163940058,0.05498487081611114,0.701107179385076,-1.1521176985224932,0.783151140342495,-2.6909300203298567,-2.4695152085876853,1
-0.2760400959918368,1.709605569258395,0.20412905608154785,-2.907749911098687,-0.3207093681520325,0.5882674603314766,-5.476025467820164,2.5901040348802837,-2.0061966365229695,-3.0291592453160363,-8.351602521593842,-1.3560162145950994,-5.092839331273859,-2.5892972556661538,-4.4452476367061085,-2.1561973939426142,1.1378274144903022,0.6548402523941542,1.6729649262132997,-0.41588470230109076,0
-0.7115915839578838,-3.0321195711428435,-1.850144298451876,1.2259412378035939,-1.8629167754344005,-0.29995213014949745,-0.06471565781160837,-2.137418636262577,5.216147594802209,1.4378929810273835,4.712064925005488,-1.9767687882181386,7.949016111591088,2.0540012387234716,1.4936132021657238,1.7990793065394453,3.906820484308967,-0.2492030607926305,1.2052990758038042,1.967462187588867,2
-0.5519723877684776,-0.9922377352908982,2.512106660202983,0.37185792138285834,1.1470971570978892,0.8020299352709576,-3.8629544195482275,4.617709360756548,-2.5242984817769587,-1.4572571123079197,3.234444356838731,2.998774178734616,0.7877753566328864,-1.0061643449466462,-3.73182529588215,-1.97995814390742,4.547479089642445,0.28059932518458214,1.5249005604367127,-0.3947333424319086,4
2.327171831094046,1.6965825587877075,1.1709464380641614,-0.03504794366723907,-6.663047852008639,0.18013009989749784,2.384439151835338,4.706924868221372,1.4977060517736325,-0.39450153378689606,0.5883910963071344,-2.7810761485625166,-3.6597361645407003,2.5144617092832338,-3.1472171784846945,-0.39338308022216817,-3.4566818260931793,-0.7273547026711876,0.47877321931342487,0.1967147376188636,0
-1.4461027280185585,-0.4363098726231538,3.920019270026025,1.6334646739367384,0.11972937036083868,-0.42620890025907093,-2.0117855594395473,1.4520982531606583,0.6475311114692126,-0.19226081222583638,5.817025707952176,-1.5180648044365923,-4.7385302516425645,0.37287691262017675,3.0361693333031194,-1.2656233332825684,-2.192580595771142,0.42823494801635187,2.5273279837617446,-1.6933019094337909,0
0.679593987031822,-2.1422081069681176,2.0204808571881485,1.386619335231317,0.23968918743351975,0.14077359958166677,-1.854402352388504,2.67993633401467,-3.4108863155847593,0.9961663543986442,2.7214219490198035,-0.8170453544298577,-3.119947734740391,-0.5371828727415147,0.16335277653994718,0.6686251726063462,-0.8406269107409459,0.3690347090314865,-1.3799888489050391,1.0542609538002634,0
1.451746922318308,-0.23872550277381,-1.2472233364165297,-0.49350144755951897,2.4693424241246236,0.7243725381536846,0.44755493123675594,-3.8410701091985073,-2.339826577921122,0.5295700932864975,-8.161573238692707,-2.2178608752305053,-3.6525889290953315,-2.9714473296231096,0.854653384232217,-2.4004047254394267,-0.9216978079479194,1.127998990264501,-3.0096319110917062,1.2103162445688183,2
-1.1305985632204167,1.679560009582611,-1.5524222172498816,3.0222542729257027,1.239844149284907,0.6321447084375785,0.6512054892757632,1.648206999073304,-2.620246706821506,2.4721714513625326,-4.182948154632215,-1.260001562532494,-6.028759738060793,-2.780956807461857,-4.099980521746833,0.9676523669634799,-1.393136311801692,-0.5145804598405583,-0.6459013970752965,-1.030606615417861,0
-0.19679442872953962,1.3854794355431799,2.2239396264700226,2.6913085976433218,2.9126065138306094,-0.6897753922632557,3.4589443430934264,-4.1842009568748395,-0.03654936017731425,-0.4029999828314354,3.834553280013543,1.707459510295934,0.6205242992246408,-0.7165765322588109,3.842399057889999,3.2527473642531266,-1.981144973992274,1.2346428122478839,-5.370893182876008,2.252150553765637,0
-1.917491134790412,-0.7167578933715726,0.564476277360318,1.6952301888535355,-3.25116664579588,-0.24595705136739915,1.6234746803545652,0.8556436124414957,-0.36726825967412713,0.8348705013643479,-4.151230907644781,-3.9869432313291355,-7.249192020952624,-1.7909350516007017,-2.3152534281429205,-3.1459291636013407,-2.7540727871060393,1.1056475867588516,-0.029460491451741233,0.512207909605449,0
-0.47180262011623125,-1.5626227122390586,3.494796507322313,2.0289031267758735,-4.930676131914107,-1.024886957499313,6.33333848493823,0.9307046566194712,-1.417161549757897,1.293626296587855,2.5090754776613524,0.8504033743253743,-2.9983291377683847,0.6317584590486429,-1.9756079305280234,-3.4923061866607497,-3.059846238574725,0.7490471544836241,-3.0821943307565225,2.573368385935796,0
-0.8996313571086966,-1.2512117498745132,0.8884644529152468,0.7812020911686489,-7.017892569118309,-0.477181877679892,2.211560329463932,-2.6460275426154465,0.8979843926153876,1.5514117699205972,-3.1445683590024895,-1.6741634032055575,-7.503709754845973,-0.1169451001375772,-3.6479464352683073,0.9884734856653489,-5.387838566285512,0.3660477198566599,0.7587929494088816,1.1155071885321695,0
1.8438441323223753,1.3548310671982056,-1.24469712567404,-0.15929123165858083,0.7655511125458824,-1.3574951593550835,3.95369873771957,-0.674002207747016,-1.5026622943050953,-0.768100463669754,-2.944224051237931,-0.6089008505375362,2.0739728538115068,0.6704237398153803,0.7234674277740403,-2.516546507834918,-0.7107019740309066,-0.4081082375061723,-2.77259328515572,2.5373641284973494,0
-0.07602220455660161,-1.9821740402672268,0.8256434578955654,-3.0057539013119507,-2.8956443400112533,-1.6904989488382234,0.33483939989979655,0.8164918632700093,3.2522730265254745,1.5498058934200973,3.1655762561182588,0.9137777236331872,2.8190981151679866,1.6558992512837882,1.890739425512451,0.6473557705721138,0.9999029847782603,0.4535724473345734,-0.9063895688595653,-2.538310037672745,0
-0.06819330273561863,-0.5524033181281649,-0.2813337598760799,-0.6287279624830657,0.40755713830261264,-0.5813065462115173,-1.3124473779871988,-2.359024864535475,1.811038864626409,0.2732538833871209,1.9756212368692612,0.7379355771940799,-1.2732702285756485,1.423882294816993,0.6650131401780166,0.41067472566378116,-0.13623832946517844,-0.23174943983759091,3.100707990650212,-4.499982924745316,0
0.19679548582991108,1.8517267366207226,0.533335537216781,0.8954092226650955,-1.2376222281606173,-0.10270212990490013,2.689112492166003,1.341759451776306,1.2619109393332364,1.1080475749099057,2.172934814359308,0.188040896829631,2.032684978097341,1.1704871595293032,-0.35441341195817055,0.622277912352597,-0.30524627810845084,1.679422130223758,-1.45630639258878,1.2962892714276548,0
-1.2138849564483563,1.745135026585735,1.574183491007699,1.2645888332508175,-3.3770483069351114,-1.5237436821072903,2.0302245842110143,-2.8214590382189906,6.61519182038068,1.1863115482516167,0.28553558954482816,0.3069303703019839,-1.4145744403637652,-0.4298262164001643,-3.5448751261628906,-2.709492549316596,1.6950310719877701,0.573283862845763,2.7482308277654868,-2.660617952734489,2
0.9815823325972547,1.795251588482148,1.9467914049295785,0.8656257169987133,0.2875736228933372,-0.9626296279733129,-2.9846506700551623,0.5881918241893569,-1.4338412917821306,1.3176548508270345,-0.5352539025625761,-3.2450415852830377,-7.290984301453657,0.33986134332591367,-0.5008687293587241,0.4218812181427184,-2.78852727067446,-0.12569062026261868,0.5321927290037454,-0.767390046147123,0
0.17048316919624168,2.9123397748218713,1.1688201220986678,6.427256987622058,-1.9974465869618847,0.7603585532585745,7.161379046587037,-0.04690644663251242,1.3775617553471209,-1.221575367044848,2.277726743438708,-0.29799838806712153,-4.8956756325521615,-1.0469016820180106,-1.6737467075413621,-1.4542492938364302,-5.0520846605806105,-0.27677243417806024,1.8669580309938292,1.1287712525034963,0
-1.1762567479454462,-2.6648873749672126,-1.8128315132351673,-0.8067386848611866,0.31293813608744353,1.3069642136321409,-2.344553665234102,1.5251054127049772,-3.6428925328786987,-0.5220406483868127,-3.231914053651027,-0.09453058962729532,-3.834060837280012,-1.5938001378127131,-2.357678741893416,2.278157502044587,-0.13106266451974258,1.1987064237854481,-1.2188731984495766,-2.3175803524701832,0
0.9788058372819639,0.02146544743181178,-0.9223360005360226,-1.613421056598988,-5.8360409581306465,0.6202085531273911,8.804758604309237,0.7818274239766003,2.081774106801791,0.06325598055174447,0.7551207714377939,0.8157449205353318,4.555018245983674,3.9165773868371003,-0.7595401482640816,-2.2499247093394956,-1.5316143816299888,-0.7826310840358215,-3.532785193766482,0.8064092574509307,0
-0.6482554662044676,2.020665705194276,1.8727982961141967,-0.22140681379241545,1.6918723366870008,-0.7887259510980241,-6.9676135898742,1.016370283290679,-0.3438601893590125,-1.5125914665320204,0.11864548892805155,-0.26211464538886076,-2.9293546028036195,-1.2654810311490867,-1.1460559359094098,3.196282688746983,0.737883460199215,0.07597720888085203,2.25952187815676,-0.0025215309388043616,0
-0.8087870649159447,-0.22814541898164697,1.013033162268579,0.28995474743595284,0.4894202843164255,0.7138271263299022,-0.10457982770379651,5.707263241335383,-2.6833562754113967,0.3947119758039662,-0.8444745457164113,0.5533369030408419,-2.1139523752893314,-3.9255364195098785,1.0815723323707669,1.5918282922839309,-1.5478003869731918,-0.6806960506046669,-2.67892931061984,1.2700180625724342,0
-1.6866655687028371,0.97092697757625,0.6970445578909505,-4.701127810519774,-2.5333664969659337,-0.22596345769928491,-5.042479943987448,1.8191048168733972,1.4004673809761736,0.48595167095797076,-6.139364979417159,0.8126745483680347,-1.835230119748575,-3.237700518843341,-1.9912535210211755,3.4785678135544353,0.5658470986179727,0.6889959462443453,-0.6701157998538045,-0.13169359043212925,0
-0.2730934175393734,-0.9871768226661028,0.9905948690817952,1.1467595019100576,0.4090088316842006,0.6168230845725562,1.2606102723691577,1.0485392222601428,-3.0343061772178794,-0.029881305468155962,-4.019237840303287,-1.7603772531016144,-7.391081312172103,-3.1191082455790915,-0.8804799422210626,-3.1030572677779813,-1.9922549469378739,0.5058197292884915,-2.437751313623923,-1.0348498826741381,0
-0.1755902366945623,0.587812396896478,0.8320911353823532,1.8491352458017465,-7.650207105976182,-1.4109731352851684,5.021341476526801,2.874654941821306,1.87373683973167,0.9084127908081175,-0.28626843969963806,-4.97894630153027,-5.011851820465546,2.1110648562686394,-2.299977988387065,-2.080513053289173,-5.057058491709904,-0.4887530637727683,0.07039542232190987,1.8873359785564878,2
-0.7150959718838386,-1.4687198652967015,-2.5513109158697582,2.7225737934816507,-0.11877920049247982,-0.9416547309223845,1.0007457251836176,-1.4418078143586142,4.094278496755489,0.34734250846226167,3.8637622356646717,-2.9610946613922264,2.463139822883161,1.3732925669920133,0.7824285286238635,3.229695558521037,1.838507971006313,1.0605941745432637,-0.28654514687171173,-2.0908305367413718,1
-1.032350750567252,0.21110882494144223,2.4919117650687808,-0.22819486356390106,0.4255614790054891,0.006738545307093142,-3.22732271375793,1.6331547266551767,-1.1537919797690144,-1.0948545068448001,2.7315429237639406,-0.891798507418784,-3.8951458111669104,0.9533712935741807,0.8216050051946242,0.007613743154046171,-1.225488112534512,-0.13301905393161553,1.2157867392005353,-1.562363995343294,0
0.7540709361560466,2.6673974708698447,1.8877260565309126,-1.4419648565836756,-0.1982617429536059,-0.7744683361355603,-2.941830939962233,-4.542952726746346,-0.17943968414797706,1.051193725530923,-1.472519030207304,-1.9745521482979216,-5.726545864000228,3.3447578655771144,-2.011141218941417,0.46860133004247695,-1.5116903534477557,2.7334441347068945,-0.47174371116043035,-1.9610821620940584,1
-0.2770626801989218,2.9748297411143607,-0.37104833038589047,-0.06698844368401291,5.865593189497841,0.18300230756698915,0.2274462093818504,-4.761000344614832,-3.621615816317966,0.13661643676329138,-7.4664881601340705,1.6125262150135349,2.153214439306998,-3.3124130950908266,0.5330858311189439,-2.3073808139873777,1.4819180734184205,0.3567871430722091,-3.404594995642846,5.579893102809656,0
1.0309769978001706,0.5770028696131626,-1.255714024664091,-3.235973706556111,-3.3798530989298854,0.9884959699784608,1.8363185185316597,-0.18786898190933798,0.4850573775773459,-0.6990268077477451,-7.133056957187376,-1.211400368658676,-1.4419712397516309,-0.1245901240477042,-2.3551483522119496,-1.9925691134324524,-0.7349917738159335,-0.9550285379714056,-2.0070405263119557,-0.09932817039567521,0
0.8050207947578638,3.263716162598482,-1.7286393175838741,1.1664948778622115,1.5083210859976812,-1.3549805026903685,5.187748191075744,2.2235724235828522,-0.2681950691785717,1.3420272607868098,-1.4557860878469715,-0.23040732517073836,1.8503925733725548,-0.1274834232860339,0.4647345545084185,-1.3884769959027463,-0.7374459072352184,-0.4875726982440375,-2.4898260237027108,0.3026469706492285,0
-0.39547381767514356,-0.9025373780530779,0.6123393841424143,-1.055281585821159,-4.031034525107241,-0.7770364852041693,4.038328690080299,1.7625371057746535,-1.022410207482809,0.41567343002894347,-1.993159368203928,0.9226537623569036,-2.3572723631170085,-0.3120546012535209,-1.7002170081661856,-1.3578576142046872,-2.5904860177114832,1.0657776961518615,-2.3483182773469498,0.11417543595606516,0
0.5142081526487404,2.40912001147396,1.7605811804498912,2.1802162444128363,-3.204062980656418,1.1675388736255816,3.684990096731838,1.2710209332523654,1.761690398584698,-0.21910248419605943,-2.715260590891948,-1.7355969213472044,-6.246112410879083,-2.607296457412282,-1.7519948121338955,-1.6199153008663627,-3.6850120124398495,-0.26875637403827246,-0.5206495593211053,0.5537222446600838,0
0.2797859158726353,0.008171849285687038,2.232134859962179,2.568308757804094,4.020034090187655,-1.3588880820388403,-5.073245803459787,-3.8923282144653264,-0.17336840464629621,-0.9600860539999243,2.383798542726296,-1.1088696070507358,-1.080912593596238,-0.5280082239262915,0.9270482108647391,-1.4952549620915652,2.2524536896636014,0.39112816558134683,3.2656400892161224,1.5773007605103748,4
1.259487925425993,-0.08837984967119428,2.0207032169221173,3.521734849223476,2.247622913144487,1.4165082975506988,-4.4356437330779865,-1.3259329067815058,-0.3977536372192667,-0.09489130469109,8.095087359102674,-0.8634226643631453,-3.416085308861896,3.171718367717726,-0.3928962883636917,1.212102394309108,0.03874332680532189,-0.2042334860648611,5.022181017619411,-2.7936732919831875,0
-1.0508331749455584,0.7400951320666402,-1.7284004604906409,-0.6190975365331601,-3.49488093618322,0.4862550743850754,0.7864653389319795,0.16014833705682263,-2.0789285965546513,1.0197148149680835,-5.02783247771545,0.35270406897234574,-4.161651218720601,0.6815307126144405,-4.56836023959581,-0.7305487572636657,-3.6361914464898195,0.15020286930002552,3.8570831095579607,0.24482967603029415,2
0.0058189870129865045,0.7451159401242375,0.6387016345509533,1.2137870709472949,1.6765769412652178,-1.8679491619816884,-1.423960053348971,1.2299095753853375,-1.8957249670107994,1.189729589084625,-1.199017451072685,-1.9932677484603336,-3.2222530427493115,-1.227153259819016,-0.03202084113298753,-0.45851180259921,-0.5161587483123284,-0.10486384230129707,-0.8247903945946504,0.6353750690212725,0
0.6079523323913418,0.8695280785043139,1.3056808922135912,1.243816357972621,-0.26046263184397045,-0.5411943819813142,-1.0413850861695022,1.9838856731495182,0.9568527748492481,-1.5728397930554092,-0.7749498643447821,-1.333247689528392,-4.124941985691977,-2.0907437079542035,-1.3942983279084151,-1.603046745026366,0.11477349195461417,-1.7093317174321883,1.3062635829987639,-1.5174728201628471,3
0.497666926607605,1.9087669536187923,2.1428680711382224,3.2164783444492575,-5.679750743621141,0.4509883342333267,5.361563803572021,0.40283559279699965,3.7351169239015896,0.8359097731379274,6.198790903090223,-0.27799812970927495,3.3278649465986656,3.139371557839386,-1.685542822021329,1.725005702582676,-1.7057541704553953,-1.7074838772797847,-1.09022638577045,4.967590172035128,0
0.12575056003115576,-1.0670492757440857,3.977105535872652,1.4075913760409873,-4.64378116804672,-0.022953179818889807,2.9309698136924247,-0.9580545437050996,-1.0291671215075737,-0.08050986894451367,3.1395549723141953,-0.56677688210378,-0.7890411419684805,2.0657164286887633,-0.9329135159453217,-1.2695919179742865,-2.429782232907766,0.3547810699315197,-2.8681198933033976,5.937395465954326,1
0.11397410559191218,1.3717094739880098,-0.3879873852040705,1.1756347422602347,7.509440775189587,-1.0421597067164987,-2.311601738476128,-0.4854772499641671,-6.867654174693478,-2.1115989172370146,-8.02244088598431,-0.32188481995651674,-1.486996499244044,-4.684573311376214,-0.49847086162772325,-6.029190096627655,2.3555501893051813,0.25380913823974105,-0.9147395854618665,4.216892760195207,0
0.13773109267775793,1.4093088021956208,-1.5469850256082474,0.7040301648519293,0.1775289378057465,0.12989380845139337,4.724499071370508,1.9820885131997268,-1.9457084403727891,0.7948308137922806,-6.8168958938963415,-0.9152666250265865,-2.397033980507164,-2.5209384483915294,-2.219906308432317,-5.879353393416768,-0.6729263981886218,1.6230332949062931,-1.232956029509694,0.35023135960694873,0
0.4131571898552856,1.8836013639825882,1.3527158795750713,1.3050744592887693,-0.06763362391731143,-0.6102531601419365,-1.6475472521602401,-2.1728348549539196,1.7713947396675263,-0.725180882356598,1.1299252033601328,0.4187229032246036,-2.3898391930275347,0.26738784733865206,-1.4384654215981938,-0.0257003878351314,-0.5065629550059203,2.1643936633251406,3.842466957556832,-0.8050819701718139,1
-1.2941238219222433,2.3674860169186447,1.0494907667423186,1.0176037118692218,1.3680801075212488,-0.2134595608134348,1.2875847468426107,-3.3941460658374423,-1.5154977613484797,0.5012388657189913,2.9102006756672822,1.8764082923440306,0.14741566661301433,4.301421594435773,-2.3393130378528726,-1.854836453350941,0.07002191307410077,-1.820407893534869,0.9528055877984057,-0.6511331361279892,2
1.0701088429898735,-0.6552314192299842,0.674206045073021,-1.9807261598750023,-1.423943914191741,-0.5966999758391445,-3.8958822966583533,1.5347001893279582,-1.142414477356231,-0.3875177829085516,-0.6477680337816013,0.9094852337662198,-2.210718838946894,-0.16249112107765717,-2.0048304678742754,2.7734617659841083,-0.17406282404971318,-1.0731354266731266,0.6612560003375013,-0.9928611197174895,0
-1.2922187943976398,-2.475512706837047,7.240498881351662,1.5901642929735011,-2.148192071973738,1.2313755247293834,-1.4831466514953435,-1.7284660012996595,-0.006567685966594183,-1.4248199818185208,10.50221973385189,2.817497353200997,-7.042913116619207,3.2810252297701212,-2.957448169069166,-1.9613064286459116,0.30976612503253187,-0.460505646635202,0.7310443594930001,-5.7662977599127565,2
-0.051652398509889653,-0.04196767242546917,2.3903974131348527,-4.170355699661954,-4.1396872401606535,0.6026507592352539,-6.548664642029577,-0.311890810978136,2.0289617984928694,0.07566335651233778,-4.211836588100875,0.32033674996271944,-1.048406351051673,-2.4699692090047276,-1.8965324905572045,4.709605484723249,0.5376545024115187,-1.0885491549713995,-0.52832078071516,3.2763350739394292,0
-1.991838730766402,3.523099626818811,-1.6756881489500652,-1.4875920582264146,2.8572728736022204,0.18362415193460738,0.35002294301256587,0.39684412439235517,-1.7969806125354997,0.45783633746765673,-8.548350120728138,0.2929340436635264,-1.871144684209416,-3.1168711261285305,-1.533957544827979,-2.193211228041646,0.23245773729128305,-0.4047125489300302,-1.2875975076630295,-0.4012807912053602,0
-1.4597324931773479,4.306219654453447,-0.9713675063118787,-0.10984331630341204,2.4312684270887313,0.8988190218367798,0.48306413029382,-0.18202194557152085,0.12223934266693637,-2.1409313578867395,-2.81092340970055,0.9803585178252683,3.2297148325521787,-0.6039030915062076,-0.6279306893081795,0.36755565316654115,1.1294098947646471,-0.34001008676487676,-0.6767226466616503,2.292524778086179,0
1.3700994866880023,1.576784358522037,0.9017410187532666,1.4024419469273968,0.18967772394466018,-0.9055814964467445,-1.0100832129989117,1.4169613713036118,-1.2194235222869756,0.18789179974112238,0.3942090971540167,0.0736177171210739,-2.894047926580999,-0.5022769852884366,-1.822192448163238,1.383257833748212,-1.1382961988986167,-0.044779223554883764,0.5319925281023847,0.2531296443065023,0
-0.899534765346044,3.0960668145194714,0.3857760642942597,-0.5957707103598169,2.971067508700056,0.42582752877089647,-3.7305870345134253,-1.30552647411894,0.24910523376862526,0.25815454908069196,-0.16411355952263018,1.1586451231671342,3.271883179810913,-0.14079572459906176,-0.1153537945772255,3.3275999380234627,2.310551573790599,-0.35213932946545956,-0.554408833469167,2.261093731292513,0
0.27595220853429714,1.6536135358412531,1.4170788567908588,-2.218740568219292,0.8199029161682377,1.115654871666828,-5.2682418774280535,2.081302634217061,0.1893668773204864,-0.016039461404155957,-0.9049413805184169,0.6485833570048187,-1.6068213549024475,-1.5265213965068578,0.2678767642166593,2.7344790783155366,0.2635029371882496,1.3939025239838898,1.0672646092060134,-0.8766834328885765,0
0.8978227439900389,1.3831613189635068,2.8978152012797915,0.8375256572247323,-0.6035643282074536,-0.9101888117340344,-4.0883902805659424,3.3314946488714314,-0.8827886691032919,-0.22998705150149223,-0.17205778023937562,-2.9746381319046917,-7.408032036801683,-0.6378207063138395,-3.4360902155949518,-0.4382328793013688,0.2245914683857264,0.47287578405480524,-0.25914562500263605,-1.8893066063052977,3
1.0655637839313106,0.46629620600401467,0.4047748177168011,1.075921444098329,3.759270278368389,-0.47542445978800635,-3.900160403172584,-0.4528090298563139,-2.659998002221341,0.5977672982624946,-0.5427591701131849,-2.889987028249587,-8.146247965340637,-0.01647625336172054,0.9883475470536953,-1.0483823999015542,-2.052401972249191,-0.7621491075067962,2.4334605714475828,-4.403670877596923,0
-0.02817926032255652,-0.06048680547203267,2.5463675305982525,0.050948819958290814,-2.922694733239516,0.18844884360933378,-2.6746569660134516,1.3497175015164267,0.1650697234733205,0.06827940263085906,-0.20965181305998715,-1.3970288612818396,-4.954175921017713,-0.6079612303837213,-2.6392330463169853,0.8856844646297009,-0.8881029725508893,1.5827454581165692,0.1224414430576013,0.27971354634224743,0
0.2948343021026958,1.3727985405537693,0.820350221895971,0.2627989714340392,-2.731954405923267,1.0924947525413211,0.46157179858392045,3.5328239550271543,0.7225758923537191,-1.7540689752901926,-2.228538316486474,-0.3353311542692693,-2.986906601300138,-1.5278305506009147,-4.031336751530441,-1.5538245019275414,0.14658166098939707,-0.9377793476344694,0.6145156649867505,-0.5932001890062031,0
0.20264531709830477,-2.002532212349352,-0.4212359434130257,-0.6109404992328247,1.7905690270853,-0.4242129595355222,-2.999059683086238,-0.27241336587051124,-2.2463114003543065,0.9312116687382725,4.200591940527314,1.7272855609685687,-0.29216577300655094,2.8760151188452383,-0.3150244827832499,1.230610298043695,0.8565485045575911,-0.8305790681481182,2.3652648699640793,-4.0745132788888,0
0.2180785729448001,4.146763124948063,-3.5212000484056576,0.669046326422037,7.413391548691707,0.4739921275988617,0.7061460314236998,0.29868067611688154,-2.762973569043276,0.5497511461771262,-6.947827114296442,-0.30730802578324334,3.2839118238486718,-2.875526300933659,0.8184479813725527,-3.1938494292173587,2.5411131118810104,0.09571420709270953,-0.8949177284583024,1.8150885842361533,2
-0.24309887933819999,-2.058863905341529,6.9634716886715005,4.735805411926647,-9.18181531917311,0.15648603882961526,-3.0929762573270247,4.426984962525806,3.0425295177181386,2.757725954602999,7.637855321978833,-2.2675833392833695,-9.274225717689113,-0.6100489347176552,-6.566334660921082,1.3809748342706425,-1.7921311915440299,-1.2063527618181018,3.8781453974471862,1.264834953114598,0
0.6309242503928535,-0.25550150431299823,-2.4976815533260908,-0.22605438787566356,4.09397519160665,-0.9256341336769174,0.377191761312722,-3.8107481837570303,-0.5988380682470795,-0.2681771068169781,2.151050782003164,3.8672947441219687,6.789964192074214,1.667610444033158,2.0447631635487546,0.8282835351429373,1.9444610635669726,0.293232706583152,2.0832537653476244,-0.25515948722118065,1
0.0855057858201024,3.7644516770251015,-4.026563538650829,-0.8540882052040086,6.860567426577191,-1.1582026044040932,0.5460964590527917,-0.7071084839319843,-2.2842818593404233,-0.14741374269239707,-5.957160292808762,0.931615340684574,8.16296846494252,-0.7870997046889685,0.7570979387885766,-3.2667003669721097,4.36455526348741,0.17654223546752512,-0.6610157939004433,3.293336527596854,0
-0.6705034750024332,0.8680865897816241,0.5475766472143737,3.6726773922401774,1.2480869103962111,1.2951926076818845,-0.5542314347484236,-1.9745729757836408,-0.47358407193371743,-0.5833223310666139,2.217806755235246,1.4054816814742055,-6.056419119517752,-0.8000425154511892,-1.718730871696622,1.3198779477708829,-2.790781615493538,-0.028592892938669033,4.749057711692283,-3.0131764997790347,1
-0.0772131289206602,2.5180401218032253,-3.0289058139890956,-2.0761080932265186,3.23160729620388,0.4437603146215473,-0.3593013480511329,1.640245887519279,-2.3137034059282415,-0.9586299061284765,-6.905330943621223,-0.03780734951359732,4.16920656205151,-0.675600692972597,-1.5025207465061656,-4.068993139608061,3.3026077063879677,0.4715661272542067,0.05435014338455435,1.6824232549309892,0
0.49813719027966596,1.7363211515030887,3.3303678833742647,5.197009051661552,3.3552881597674125,-0.25598392457565067,-4.483220532530941,1.927072446032958,-3.3003655168428225,-0.6230013158930239,-0.16994023216792192,-4.620681253154581,-9.711774474423235,-3.8289557468313014,-0.04243307505703986,0.026676510396999586,-2.395480235065036,-0.47282642084329146,0.5394898217949102,2.491541333218506,3
0.1605519383122771,1.0181557647401644,-0.0538904694437472,1.6856885477339258,2.0676202529689647,0.8171261395614118,2.2316212943608065,1.84857242302489,-2.307506244604199,0.08587785416985415,-1.4476666984725854,-1.52526492212274,-6.982520358866989,-1.320086691578738,1.1398807256455612,-2.9091624772396285,-3.58033922866018,0.21992111489591223,0.3407996041617942,-3.727817777884573,0
-0.6373315185492832,-3.3987541625520192,0.22516874389322195,0.0031305672114303462,-6.539953272853545,-0.8503223648181184,6.303846713163788,2.191067325392331,-0.037714772229444526,-0.8619461864213049,2.202044869478213,2.651468901621683,-1.3784380936540008,0.7770217358950495,-1.8591252356510304,-0.34798117407672446,-3.5980328537542974,-0.30109952146951935,-0.4799393886066057,-1.241405094167177,0
0.45583143556578454,2.052495962128171,1.4412483988043672,2.4097648071962805,4.502821903129363,-0.2575030372326256,-7.473842153662432,2.79486364691184,-1.1473867192276332,-0.47941541372426383,0.46898179517134775,-2.8736875847700336,-6.267259194279862,-3.114322195936759,0.16406786453100408,2.785169044081061,0.4242299014957762,-1.0026520144412134,2.1977751575022237,-1.6708446762202231,0
0.48450470440323173,-2.3578544426915333,0.44216286284495254,-4.968713718479246,-6.872547830519726,0.7235437606733699,-1.2571912195846544,0.6138016054918172,2.2876093420213324,-0.4432481290102483,-5.520085518590349,1.6533974672124891,-0.9616625215381955,-2.7841587581604843,-1.9859883814590682,3.4478385570436867,-1.113138459446968,0.207665570312392,-1.5960571887382544,0.8976740324144992,0
0.07099443797148695,1.8027244495393115,0.1741278771152608,0.24278839619398673,-0.10598281097260472,0.11110856144795785,3.595992752823051,-0.10530591607665707,0.21268327919359242,-0.029206087085122644,-2.0870674102702638,0.8371348860104479,-3.219370475682308,-0.6620473066920961,-1.5116615952421912,-2.401187254179415,-1.1616039440036914,-1.3435133108136401,-1.1643952049313713,-2.9828820474943223,2
-1.6903489237650033,-1.0041840689460955,0.2112248966719984,-2.7957946458237424,7.8594843102528715,0.22620384199532179,-1.1036890450487395,-2.160560851361123,-7.656891092090356,0.5004883807063788,-7.352036471658883,5.891743461347313,2.0348202872621295,-4.590292626459252,-0.6312854200795475,-5.768126367998509,4.960221316717153,1.9909325703689373,-4.520206222949687,0.9289393579829002,0
0.5614722354446345,1.2097913848078217,2.2632684591148404,-1.7916171367395308,-1.1097026729782071,-1.1379489845325137,-1.24968336767306,2.150271514394133,-1.372994158930197,-2.6660453115404037,1.0706016795043924,2.822230346752093,0.9133254915114776,0.8653730144197538,-2.669565751601553,0.5355699031894465,1.1887353081169563,-0.9985947789506053,-1.3989506215114493,0.760143493294216,2
0.43856407559576316,-0.4922876159922387,2.2520144921862846,0.829705708584052,0.7557331675152987,-0.13996407043301753,-2.308280596457252,-0.9326475142223323,-2.071249117624061,0.4522207766654843,-1.2646193759597681,-0.43420652979677254,-2.86799881938525,-1.7989257520517161,-1.0734640431883606,-0.9089807223942287,0.4071738092368946,1.3367670096549722,-1.049137943211209,2.4546450739489054,0
-0.0845614702664156,3.3714917996752476,1.6322679533974893,-1.4453435499947787,-0.9737613374425954,-1.5511185108571612,0.9455824095536481,3.4399689993416414,-1.859973900225944,0.7949585272801896,2.1084945331459255,0.1122361367817244,-2.019968706801868,3.969975467078483,-1.3092902829111819,-0.1327868702614179,-2.1258011434745643,1.8033753153897722,-1.5906994059209207,-1.753295634593369,4
-1.6434750023638616,2.5412502427528105,-2.6245613212733794,1.442119482580663,-1.2997368631888666,-0.010492349868986972,6.295443526870101,0.001214469399577034,4.743512524963006,0.6666839583982711,-0.3778766064589329,2.5105996911462634,6.568218110478433,-1.2184530035208423,-1.0374818578587823,1.2152476401449621,1.3110893342651977,-0.38892813193950254,-0.5340767686486207,0.8642709640586769,1
-0.7220111875796321,-0.32379609956371413,4.093721251172866,1.6124532578534332,-7.983001880901708,0.3004482839259974,4.618140420028042,1.6445250156929814,2.250610623678515,1.1679695222734725,5.155381161543596,-1.7859675571687095,-6.865672894333011,2.210619727412069,-1.0035714306261732,2.6181037281082893,-6.311315921486226,1.443800714439614,-3.0494141924569798,-0.3815948192989047,0
1.4357970301917995,4.555756122715166,-2.659423911074609,0.5455822229383394,1.9588770721807622,0.6344521571569945,1.8954877346705077,1.9248971366180982,-0.890033732321909,-0.5532641806320266,-5.939529414136087,-5.209027839259224,-4.370422054421871,-0.34338157703273386,1.972746837010026,-0.8842553325080347,-4.273764684188642,0.6194247636018987,-0.5846191544591013,-0.37877759733058136,0
1.4446284466304904,1.2481927166094904,2.5512369405495257,2.3118022971653214,-0.5656093468547698,-1.1803047566372284,-2.0603732080486177,-1.589937498031373,0.5721638541761787,1.1121456854365446,1.6595593312356993,-3.0613610665908286,-7.64358072255104,1.001586807753445,-0.75524670631298,-0.9576934869091873,-2.754141399926553,-1.0155255346254368,2.9505723066599527,-1.6019315306122115,1
-0.2645963657171757,1.6543065609196896,1.1938249878851142,-0.31642162123450834,-2.676636835836448,-1.0446187930902044,-0.3271914973504145,0.437547587399405,0.3222280812363678,0.912147027016459,-4.011925224978881,-0.7432735909835984,-4.856069525185908,-2.3221484077293706,-1.432788891297988,1.5393782467452708,-3.2734737499192708,0.4732330748923653,-0.25843216117748247,1.6051108280496176,0
-0.5175112737456785,0.22907550398900378,2.316448577861583,0.9071122190392411,-2.776656410417841,-0.7019532993175868,2.9717402231057672,-0.13592371666991343,0.8947329710776433,-0.5384929744494404,3.872730627316098,-0.3035247126553584,-0.9680100330313404,1.7087992792104671,0.8266679752449748,1.8664984986024984,-2.614111103891662,-0.2692473335425451,-3.2465626102510687,1.1977213762282526,0
1.2906717955753941,0.8034389117921015,-1.0666016547507824,-0.4175711810883924,1.4069233620776425,0.7406395895285339,0.48373090704188165,-2.682490555656053,2.58515916922543,0.3192857341569892,-1.3549630087351752,1.6191142237165712,-0.013359184580142376,0.22876951454234962,-2.806288561020528,-3.769331829544318,3.5836236766333602,0.9457963462191479,2.583583626833039,-5.677613572395189,2
-1.46345965818056,-0.25736943075224095,1.2607103892897487,-2.6064554989323674,-1.5935029169725614,0.045121967383527466,-6.346461243371321,-3.62941094365834,1.5902189227075016,-0.7913756920140128,-1.3471193943248956,-0.952283550892022,-4.362331428216508,1.2955922196391656,-1.4693347217598922,1.8658437918969437,-0.29605979375720715,0.3685481057512981,3.485404102710538,-2.4409124353318465,0
0.9787706596397112,3.102434957388733,-1.3650529575288681,-1.5407591076762035,2.801226271428928,0.3023346832328115,4.239229808521547,-1.593652268105596,-2.5742110178221256,0.07964030997635009,-7.300759360607065,2.59656445869265,2.428383683999234,-1.8664996196644217,-0.6202367291075714,-3.745790526915415,0.45417909975031256,2.202109734891766,-3.5725788536018848,2.322261311292732,0
-0.0893893619394829,2.280273923604848,1.870059858344423,1.8756504135006717,0.6938764353638405,1.7519733904649262,0.06063867107133558,-0.7037054003615657,-0.2211265693189789,-0.7743372894351556,0.501423303734787,-2.1855244885129204,-5.845236586857608,0.7763540896194776,-0.37334239080132114,-2.32514250749745,-2.241647755329682,-0.6390202216625587,1.2720065261690967,-1.5381037418186236,0
2.088799052941144,2.045831766894604,0.9962099345908622,0.32131191529592973,-0.7805995647324637,-1.4276929353041292,1.4683193925380984,0.6211217186616846,-1.4252825285757877,1.1579424719813753,-1.9283235985639124,-0.6536063553017059,-1.9932785276543494,0.17253250687212485,-1.011413283086938,-1.5983426077096694,-1.975428108672732,-0.14267572794813488,-0.8104858530383869,2.2239410342686377,1
-0.17242656183794594,-1.685463588743347,-1.199559843813271,-4.08761080355322,-0.5558611155962365,-1.388591230776271,-2.1829340912223807,0.32793693020837,-1.7965669001781417,1.171559010470227,-4.198465001102491,2.328458612220139,-1.1875381356616683,-1.4142796856968782,0.04925597192276987,1.8578331447878997,-0.9597736452019182,-1.859163037191152,0.043044249323107686,-2.0317881900004586,0
0.13647660791200458,0.7722802669422071,4.334958452910078,1.4540219334219167,-0.634973812145526,0.31072092333422824,-5.239892380381142,3.040799523898566,-0.3895684709904631,1.0317966614850234,7.1153909393809025,0.1912727215430583,-1.3808405455966306,1.5978537029426199,-1.5725569050564092,2.2658268622135918,0.8734226630944997,0.8711815285904906,2.050631494591043,1.1930531112839469,0
0.10999093657078643,-0.2314268905399488,0.8591703007625893,1.662865238493484,-5.761489526703414,-1.0652216607102516,7.507665756094576,0.837230540622067,1.31686808926628,0.5008115879431271,-1.424937161996715,-0.9708677978381625,-3.174286779641946,-0.2612340205922231,-2.5895532494728783,-3.1914086096083545,-3.1518765295737605,-0.911316623510115,-2.395557342405012,1.0237292449203437,0
-0.7251439304823433,3.9644209211856394,-0.33380192347283044,4.027183250706079,5.227643753107106,-1.5565951553110222,3.6795620600805417,2.9564308203490084,-0.7146411359469709,0.675747650845586,1.6432307392298537,-0.2567863746492589,-4.6225238894561045,-1.6355439901641862,2.1442210024975963,-3.318494301350322,-2.4562664219635755,0.3671170444223692,2.0710357351014226,-5.064653057627843,0
-1.6356864185198698,0.04308221770497567,2.053082583712125,1.6443164026796389,1.2515301384237776,0.4393284421552732,1.3060591920844433,0.41603208520011115,-0.5628690100730536,1.6151195640797096,2.930665408903408,2.7774881261325883,1.9153333497384257,-1.313240217378027,-0.6864610446772523,-0.31221696878054284,2.0284766788730844,1.1505065755655455,-2.30816597371017,1.302762032779969,0
-0.6320763818628885,2.790691061795294,-7.388509358282811,2.8556371928365962,2.3249924279987475,-0.7737797572943258,11.214481838743543,5.6033868748518,1.9115744461703312,0.6386155226382453,1.6726636227409073,6.36969232134225,14.660339342419674,-0.8947808786988305,-0.4463650152165175,-0.6454679267406427,3.091718777631203,0.6112952232126311,1.5000948494321222,0.06799798956956393,1
-0.3320739190468038,2.1871619611721496,0.3400061463335404,-1.854079431899534,-1.9510735253309417,-2.122898269497989,3.4136307408102926,2.237484310698041,0.07388531733896886,-0.32907576462412463,0.9878935850722543,3.7062361308926883,6.164054841146578,2.3792730406439637,-2.4847467967883565,-1.5704919577239809,1.7669146583134552,0.006392465731143423,-1.3409006662297251,1.8664096800958492,0
-1.7752217372096184,-0.1370376979937451,0.9487976627889186,1.2657009394516128,3.265471770836384,-0.3074718299857303,-3.9092690125518748,-0.3997879598158236,-3.1915132080589523,1.2286667474227126,-4.850801693830762,-1.6862941776225187,-5.208706100968176,-4.163562838515631,-1.3247691833205986,-1.7678650019495556,1.0011676089995305,-0.3258960087720073,-0.4409649505013292,1.2653333119376384,0
0.20964737963946026,2.211711098099353,1.4168234641967246,-0.2933307579787616,2.5388428879116764,-0.7034781684598667,0.5888209859945042,-0.32038022130467336,-2.3472737665783194,-1.7566505990027286,-0.686896882411685,2.570777601130123,1.447272335457884,-0.7426660389932564,-0.025167070362563604,-0.2958490188355737,0.5626246447928347,-0.017128890657324997,-2.8546343953200237,2.2357024135840904,0
0.2539761588561609,1.278480447530207,0.4309046012896143,1.803916377568961,1.0898999546718204,-0.7882297370232847,-6.454593427240443,0.023721512487757335,-1.9276597845513157,-0.16204045906229825,-5.783846670948247,-3.3587604655007315,-8.936195926553488,-4.361899683648866,-3.379548921181982,3.5356507273543154,-1.3134515563968325,-0.7626356063765112,0.961277066848332,0.9551033616447793,0
0.3649673802584513,-0.11875092879189197,2.814978770348552,-1.115772527017739,-1.263921989027492,0.44903948583537623,-6.082962778170554,0.8130404967027147,0.32352682196302585,0.1430229087468902,1.5609850487583574,1.0320741858286997,-0.9596138657399992,-1.045842464736319,-0.6877918490278044,3.8101732292270647,0.3098032173659049,0.7573635312088819,1.7843788369988305,2.014039814752895,0
0.21839255509289454,-0.7519584882766208,2.169406025133883,1.6298949205208877,4.147679213458459,-1.1369323309719466,-3.4675460764968884,-2.623086401066603,-3.1946747461308562,0.5260046704307684,-0.7155644266351393,0.849899351629462,-0.5072646651376124,-2.826276369227699,-0.15068213695784383,-0.6400972569725936,2.5110535313956857,-0.22652779356340422,-1.6955059293500139,3.63717842345508,0
0.44356182717502385,0.25282006558322645,1.7516388300581025,-0.9654376242267677,-3.077675952245855,0.7437462438569138,0.3364026588950759,-1.8556528694299455,-2.222474216187246,-1.3392001890140703,-6.564908202347512,-1.8039232656838156,-5.61775022860219,-1.1792521537096616,-2.6809803673696377,-2.3579641461312875,-2.744978046812975,0.3458213162085912,-2.134306184498545,3.6928863796681273,0
0.7218569916101722,-2.737330133070029,5.0902766321366,3.8077047363452103,-5.271985090537354,0.3998735875292586,-0.9189464193903214,-0.026472014783895714,2.124358707048472,-1.3649269809680389,6.448131651512348,-1.2456592761404721,-6.238879420917848,-0.6049419995480569,-2.4375013996542156,2.2763201626362677,-1.6653126801212967,-1.2388682825738393,-0.00919395993359906,0.8577416831095116,0
1.448845031181159,1.0735161801185509,1.2871807552649421,-0.46196608043673226,-0.4490582699657971,0.6985311210775337,-0.9077867040469492,3.8033178683524436,-1.9954127499902177,-2.933734492974521,-3.9056030369868573,-1.129776650333446,-3.988873395165617,-3.1791863431200715,-1.2524179437384455,0.3335917634570277,-0.9469405315497353,-1.631163989078862,-3.182658154520958,1.316360236628372,0
-0.7931050236445718,-0.5361465915790444,0.010050209420006562,2.273452180337263,2.2024031751732043,0.23405488426840085,6.76845485735607,1.9979253915041162,-5.588838651081616,-1.4756878692166442,-5.42916420315872,-0.18471884100746738,-5.682006286592366,-3.7362040797008285,-0.4131349480902734,-8.008357676236947,-2.3592039314213675,0.16858596771481743,-3.666874545659811,-0.11503143842051178,0
-0.8065856774717746,1.72687123648532,2.989608434595342,1.7465833664057737,-0.0871214946869985,0.24888852314446733,-8.691618694245221,-1.2857318809196352,1.3101071005258023,-1.2302172134785654,-1.88949301432865,-4.7740063564408874,-9.986857060590998,-2.741894167485425,-1.2721658425536255,3.525641621837063,-1.9817956641638208,-0.15649669658811755,3.5544794038621728,0.3523629891245268,0
0.9769711598889208,2.2478826074484344,1.6908890803282919,1.8686769086127595,0.49309895753320626,-0.04961550072682194,-0.07743060414174423,1.9067086791061056,-2.4884360885530814,-0.20356538925638012,-1.042595382177926,-2.4627573803392404,-5.562085259783434,-0.751601553082757,-0.23395448770669558,-0.2284063624764041,-3.2250985628176037,-0.1044712683894624,-1.2118537417757387,1.6870631274914492,0
1.1148792672769945,0.0063207982786084305,1.347480727168505,-0.07632305412132734,-1.26052712057306,-0.7706694808488352,-0.7105655333505284,-0.893626105506807,-0.3429523007792714,0.28929380089671103,1.8648484386916062,0.6360233740869444,-0.24955557305219944,1.6519646844952316,-2.680184758502069,2.461913695076915,1.003804919999045,0.15485644587433614,-2.791038543896538,0.1958324140898946,1
0.8403499483518234,3.0324318661671614,0.689468240311671,7.450062934322784,0.5010954055945879,-0.028800819699881648,6.963368041801164,1.716979210721662,-0.18925206146654872,1.3176372766281867,-0.18413463546552392,-3.331532226855583,-8.431641567928821,-3.039782850591716,-0.7575770654760642,-2.9574429440895322,-5.034806905950937,0.193670571880911,-0.40239818389634774,-0.17002889251536468,0
1.5884147904557355,-2.169770041083596,3.52518817851905,3.1251596505623125,-2.1147417399336303,0.5936394643756311,0.2697942543241812,1.0271008146219698,-0.7701631873394994,-2.137798854962697,3.3038451455695013,-1.8794236270178364,-7.4428914391476555,-1.269871467395678,-0.52713142273443,-0.2014364265169838,-2.6351945551259726,0.35554250537486626,-1.0754753670172768,-0.5283705403958983,0
-0.8587658325831028,7.705296647445275,0.6691918788058779,0.6685776555360003,8.29478408652739,-1.017215174123941,-3.684904089482485,4.256503229151258,-1.2165720394077877,-0.025461110764491424,-2.098683613048551,0.5329038390007468,-1.2052473135781507,-3.360137190988399,1.2826218746508338,-0.3501313327097768,1.6549539359331336,-1.031367801247887,0.7336399411365173,-1.8051861883704157,0
0.1583601522341749,-0.656388616067975,0.09263092047909427,-1.7903754272267838,-1.4103802730793893,1.005871968741621,0.9627690521942165,2.1445404196516527,-0.2323962968286747,-0.3581559259724111,-2.097037362284107,0.882531241346618,-1.9429276355056422,-1.6596205572872669,0.197203423051578,-0.09475089789829494,-1.2619716527921827,-1.4761226049126905,-1.207620480757574,-1.8047620631231367,0
-0.14306646977155701,-0.5387321614144689,3.865182530203657,-0.2623285788434988,-3.2705458269397734,0.7530134615893244,-5.630374481746129,3.2056362797550597,-0.01182401311930048,-0.5466833609590606,-0.5477677204179928,-4.174902722827103,-8.09444788614731,-1.2625714072308307,-1.334424632368824,-0.1618460908323056,-1.7210094309287824,-0.37285277131099326,1.4078920029229036,0.4777675242684094,3
0.09230029436114771,0.949431562952983,-0.35278920784096524,-2.3559237861176427,-2.4420985572736504,-1.5410723701257767,-1.6638257186651013,3.5828399583022823,-0.9582533292992124,-3.967711444594042,-4.203275214309236,-2.0952672449521157,-3.466262576685905,-0.6297772917065062,0.665846814065604,-0.0029669186824832217,-3.7866387618310546,0.2631878332342004,2.0943961675073868,0.8712469446232604,1
0.41649742054684125,2.29199833314371,-0.21177976516044672,-0.565932814276509,-1.535935074623671,1.9799798653738627,2.475765412218922,0.8564173029955733,-0.18546859616953182,-1.032747465150256,-0.28723369404091675,-1.5872159581365053,2.429186453845191,2.8609472159153384,0.4543178658922844,-0.8165980512979707,-1.5106329860522008,0.01921484945418607,-1.38978278278999,3.3465723825370612,0
-1.0491772178231749,-3.7587916254633633,-0.5934057759171647,-0.5590908706263367,-10.552752518553223,0.2251375425754161,11.06827565488148,0.2519891392465492,-0.07665703719819827,-0.013495811686846262,-3.8642221123151597,1.819735924026662,-4.088268935445061,-0.06741209959318173,-4.233857002273002,-2.582780947057009,-6.208947751723562,-0.08764441013541906,-2.778347771261399,0.36292270006308547,0
-1.6116046444752332,2.3943382309241317,-1.6128973187066484,-2.2825846475148337,-2.5592147908047345,-0.037773569434509824,5.511528432784269,-0.7249323493901836,2.3993134497428907,-0.7684217537432435,-2.3022773792558486,2.2118120328738535,-0.21949059531954984,1.7139645245648119,-0.9355834742802314,-1.2529883052398745,-2.474051919978434,-0.8468374787977386,0.3564198848541906,-4.251680432796869,0
1.012349797254572,-0.6338693118512624,0.127982692562024,0.18808528330024432,-1.6566396331293018,-0.4688148223852451,2.9083520800760407,-1.4806454503504964,-1.5604327954276058,0.37373477453572995,-7.339513132386015,-3.016670017087883,-7.55254386120829,-2.7875188156700235,-0.7768559529473995,-3.5053992106764165,-3.4683674892766896,-1.6485598835609496,-2.795758571757034,0.26003580270413573,0
-0.5970155943760274,-0.3269727388874013,-0.28726176953263816,0.14127213586355292,0.18901781143306554,0.12599740922738273,2.309782611782552,-4.552986910794607,0.04948904288269573,1.3887477120485912,1.928402803096011,1.747275574058171,1.2928713678738935,2.189775782500046,0.6987622333163555,2.0721419446923184,-1.0914175934737642,-1.6828855675867511,-1.7845159149427907,-0.29106577465665473,1
-1.352377074749181,4.181048756248068,2.1591718013939145,-2.221324862233071,3.395560431417284,-1.831573596391734,-8.322402984175213,1.2978714434832896,0.5432786713506224,1.2154926684870857,0.4445855689133568,1.154936868807026,-0.04858148682528975,-0.5979607047171558,0.32801695374154827,3.2762327866970793,1.9220054103531927,0.5443006148308525,2.8029799874357133,-0.5383912212739865,0
-0.7687892820425916,5.221319800731852,0.3960613996405187,0.0932662403432305,3.70044180655658,1.7938578884156093,-0.7649315781594492,2.6395990353082968,-1.1166231890642038,0.9848596384708694,-0.5407397409227617,0.7597096811184727,-2.021992356716427,0.06645063455833333,-0.5073009429311197,-0.816181179042039,-0.3596945471995713,-0.3426417019160762,1.035468275050155,-2.697997827404991,0
-0.775329568308889,-0.8428712080637168,5.274764247842745,3.2896323441389757,3.7751191645573594,0.819012594162052,-6.696960071594062,3.9247955320650023,-1.4770132697090719,2.029790582586369,9.325935404167668,3.753645409867655,-1.231770453750127,-2.7371545196800646,-1.601947132556192,3.1976423450964786,4.506774877418776,-0.8724536051720158,0.6017325886142826,-1.3340955913242882,0
0.5556588918570415,0.915842344093679,2.3377846164873484,1.509304553937341,2.2512273773644482,-0.5932051259193936,-3.65870743098062,-1.0955743678492995,-0.28833762539388097,0.6722546490030943,4.782300089581961,-1.7040664868500988,-4.272960589696346,2.2969385809872507,1.527267396768826,-0.33116593761320323,-1.1408372518569188,-1.6072708956063038,3.2570909497680476,-2.560592387396786,0
1.9898450095665838,2.5121171418580897,-2.6846756867008867,-1.7294229215823216,1.8119777541476296,0.6362920305645317,1.5899405681865337,0.4063601888372569,-0.43814659547505275,0.5761442774610127,-3.2295894979275155,2.8283339478189475,3.993172412315109,-0.3956578924016455,0.5441960500613998,-0.03647352598779263,-0.1577641518005778,1.8447332323755723,1.4218563067248402,0.14704182533048982,0
-1.0474467628306452,2.935446621412683,3.417780033575531,0.6370595356448889,-4.827213421612253,-1.7636302969383426,0.6494421173977627,1.2153257262259534,1.650835547078298,-1.1766479143170716,2.8386588432447732,-1.2319617342686309,-3.907529750908962,2.012356555894989,-1.2666847049462402,3.451915039362129,-4.419600953046368,-0.23721326100309761,-0.9596376397056732,2.030344831091435,2
0.16623620077891424,1.6460383694698129,-0.7214681549423241,2.4618503019345184,2.3074162111886545,-1.1925018307204291,5.506674223546778,1.0099493877117158,-1.5552792387467147,-0.3884813748222363,-0.0582971941349105,-0.0028759913882943078,2.220043478267835,-0.44960448484013826,1.2097685586987343,-3.02657515969899,-0.329290050281438,0.12169840786183227,-2.7538273690115043,2.1417112876065305,0
-0.1677715263343671,3.3797392717616708,-0.1173587873190991,0.38784644568418525,1.9019501592079315,0.0005227782536350267,-1.9539860848392363,2.3447097554664413,-0.9208279484831687,1.4691937319712376,-4.049674078464692,-1.8753421083087254,-4.468069684974007,-2.2871288077181973,-1.0168906475191641,0.29201120274062564,-0.9871349653506178,0.2798730314768611,0.10803442086339055,-0.7708828459104888,0
0.7712099383665516,0.04964731122264143,0.9421988430888667,2.365017531142244,-0.31208451006407373,0.803065238286184,1.6633991310287501,1.6364728360958485,-2.2023561855882776,-0.08829518273459146,-4.2135567220452925,-2.9719002581302982,-8.593512629030737,-3.2043782270638146,-1.2092462522571639,-4.072809986973032,-3.1037441017877336,0.7874742095328273,-0.1832467112917261,-0.48379090333712615,0
0.7201674382073684,0.6104919006719042,0.46566195347587924,1.8347932300184824,-4.938343724189909,-0.9122099018042182,5.325072715470534,1.4420487249023008,0.9927526274064518,-0.30645832682935026,-0.35886956992465424,1.4883156713489445,-1.8215355197364684,-1.225276446675709,-2.8376122125190237,1.1579169131910907,-3.4764052341787104,-0.9636560275624995,-0.6741901536110617,1.8200967775106012,0
-0.41763997819188964,-1.589830425718095,0.5436558816443646,0.8944812280656887,1.0401445490382688,-0.27002187029742203,-3.37275165180719,2.218025309083738,-2.7835344224480845,1.597995305173882,1.8479040074462887,-2.683238898190484,-4.0940556997476,1.2694904995300085,-1.4763229095828732,-0.14966249171976576,0.8421278702882551,-0.17076348835672836,-0.3298852270598692,-2.3185566726581737,2
1.0141644877635565,0.6794419275125141,0.1668604311884787,-1.470223462021094,-0.9452814144663175,1.425027911669431,2.263301862949476,0.7112404958810362,0.5722686912094979,-0.8045158852914841,1.9788167058069626,0.46386874528165434,-0.4586028348192147,2.632736868872569,2.520219784464805,-1.8706172809005568,-2.8867125725079394,-0.18060531719234085,1.9307830360035858,-2.654718902324237,3
0.29203797700007733,-0.2717345134353413,2.9550841447301934,5.300383523794424,-0.227717917978928,1.0422088065347175,-0.1871164383136808,0.6922226411030207,-1.5925002648110063,1.151280275071432,4.496571162918351,-3.0356980556075124,-6.811647694009754,0.11527249976260823,-0.8613430137267034,-0.5860645268739522,-2.696849222532216,1.1654714207692924,0.9756377230242214,1.0405395412692107,1
0.8406013580168666,2.228640876200962,1.0101087746968898,1.9323977453306407,9.907693265689616,0.9300485752951438,-13.2097238965753,0.40864579401807943,-2.5579811871955296,-0.9441866858866826,2.981161923513174,-1.4318612031487215,-3.5028008036973626,-2.0656679043259163,2.24780523860906,4.811982210362046,2.9202154108076535,0.15622789980902388,5.022792631963574,-2.412510145462417,3
-0.012787657981532639,-1.1075285699094946,3.148023513701613,-1.4814174001752187,-2.9724226054565994,-1.9041936436882452,-4.198777842644946,-2.9176400043636246,2.061791362472922,0.09394767943912846,0.6812083827032307,-3.3382443534015023,-1.638244658758408,2.252113474143786,-2.0584747548319764,0.366041793453176,2.5134355865684643,1.4023448524141264,-2.642274296551289,1.1846366671388,1
0.8931875286289948,0.6857680072977679,1.4797470171505007,-0.03229409997421717,0.806982584737776,-1.0526231556756807,1.153394424884701,-0.8503972928695844,-2.1012138307126627,0.5505400095123123,-1.671119242970588,1.03812292512059,-1.5092590808287214,-1.0979991341690214,-0.2963172762891916,-0.9088123924817879,-0.7075536369984133,1.6135153994659313,-2.9867676789875426,1.5332914196520355,0
1.24867987099682,4.679758621516006,0.5817171247996993,-0.7150781618328623,1.9735521617368952,0.5470760367127877,-2.7065538153252384,1.4698527625675286,0.04538285696231892,1.2435056830878783,-1.5784056845570635,0.36419988305339146,-1.2620052412478886,-0.8355386708944459,-0.713622596198427,3.4251517361519506,-0.3486760599255182,-1.6416713489217658,-0.6828822467745108,-0.208697813880953,4
0.1540880330055167,1.464229119697537,0.040301632182874525,-3.591904003680696,-1.5883306367212686,0.12179664041887106,-3.02596167620444,3.3409490866049794,0.8842702626838692,-1.044472538378888,-2.218674776592035,4.111796742986945,3.4287816216081555,-2.434540876864925,-1.8728886073300983,5.160637469892696,1.4798141223140222,0.2966593265160524,-0.5617149407941737,1.1215968183140967,0
-0.7756687991346262,-3.700465825340224,1.382242281528834,-2.4090754368284117,-8.547457908967392,0.1057043387164432,3.1590349362473917,-1.273215529839994,-1.0892929025958005,0.31824563798746663,0.9618450287225845,0.37522753407388754,-3.2838318815410883,5.099529947987152,-4.3614437676850635,-1.1756076359672458,-3.1876107322736793,0.912954620306918,-1.143640256633132,-0.6248564391010629,0
1.9914906616219616,0.14895924437206665,2.3486203818171973,3.061968264735887,2.5425768384560357,-0.8406157818114738,-1.558089659523883,0.6655335426340803,-3.49696186967256,0.4297907257672019,-2.1675313377777092,-1.2114921242387782,-6.850338851370082,-4.08083357381855,-1.0863999108765439,-2.1023201491226455,-0.8884961302316852,-1.6435062844882267,-0.7666432935325971,1.3437047847391264,0
0.4495944755482657,0.789020725730676,-2.4874980987305024,-0.4504667091903183,-0.35939269919445466,0.3964264217842998,0.6126877442122204,-3.2998894808062693,2.5809485930523595,-0.8499815817526171,-8.323502544781741,-0.41061674171134555,-3.488899460005049,-4.169064963379705,-2.0041536674697826,-0.4337975994388138,-0.2903007270986052,-0.8089554278278943,1.2908138985328754,-2.198240987110549,2
0.5783880703253933,-0.14010792934928795,4.296549604486312,3.3347343818539223,-1.3643347944273683,0.5922718665847648,-2.508811854708833,3.35529828326276,0.10629360924846742,-0.28200274933054587,7.4711662749611705,1.1642873163907321,-0.9310520328033582,-0.059480784874177295,-2.835075385996682,1.3740347259946368,1.5414262467308344,0.5527673995839918,1.3151933823548685,1.6758740582765284,0
-0.8382753526450819,1.5945652297488508,-1.348979574285884,0.4483349233711812,-2.400892079735163,-2.1048960631010294,4.89533864920825,1.8437619086101962,-1.5120408092820892,0.5732930561652154,-7.935014736373158,-4.052533629101243,-5.749523903584448,-1.3949220858217064,-1.6735497189754505,-5.118372134650329,-3.882181013119335,1.3929903085139699,-1.4562806019874246,1.0364634894364295,0
0.4478487326490578,4.522630819401478,2.3480598065602027,-0.10762657283545285,0.6397273305299381,0.0551638617446861,-2.6880502485420084,2.8176677930874288,-0.11265955824777019,-1.552101799130862,-1.7418889636826091,-0.24725786321560328,-2.7104446169403666,-1.7334400993288142,-1.5079651936713185,0.9845733915740525,-0.4536548679593997,0.9972602630203073,-0.18199435659411467,1.43121226407249,0
1.9879214320505951,4.517268236443127,1.567915279372222,0.6886470486930775,7.037527824080421,-0.5749062465092536,-2.770647764395393,-3.380275233407919,0.15232531987260134,-0.12319046676273847,-1.6813625523897018,0.6383792861545907,-6.394662584431696,-2.030234449063113,1.1163197319261546,-1.8740566043216453,0.26981388487151836,-1.5199182054987015,1.408030689604169,-6.250563873623794,2
0.18199782852233615,-0.3495910054891187,2.8906450977034224,2.780642973200905,-0.598827015431161,0.0861193466690552,-1.4474789229223672,2.4012547160443702,0.153832406932632,0.5314504751295382,5.622922633683358,-0.22740680510952394,-2.3530702563465744,-0.23629946565043336,-0.9960232636546217,1.9596405879572,0.15299223902023495,0.32604393967797535,-0.21257305280608618,-0.06809425734238128,0
0.559564602889939,0.29331880906800367,-1.2838199822728686,1.800912157508106,-0.7328135371244661,-0.8116517263311753,2.3264573718676895,1.9712644282100356,4.246958274312871,-0.29861476306731505,4.12773326615287,1.112255353636811,3.5512161638985513,-0.5205258565485211,-0.4701141946640168,3.594915180279694,2.050125840990694,0.1444859968749955,-0.7062784435127982,-2.5732992719636205,1
-1.3019864421944305,0.5440675959394149,1.7401205761198382,1.1934252764306863,-1.4990053603476259,-0.410175568277822,1.2648566938439632,-1.4305936046027843,-1.1189854284680139,1.9555854965676116,-1.6741991839425767,-2.9111982267399465,-6.7579650856535025,-0.42955133709297844,0.5966433443928074,0.6585554021435338,-4.638417016120304,1.0662422811871797,-2.6516165858109875,1.2298081624791672,0
-0.5892685258555133,2.251547292496829,-0.5974068628604607,2.2661316495354002,1.3337584346558824,-0.35954362740277196,2.265921731529963,-1.851873115961293,2.792033041886355,0.46733082269254395,-0.28580912581693896,1.8636746584389532,-1.5807322788828448,-2.045414842126921,-1.4824860243841798,0.19772690926761993,0.22125749196320377,1.2082449887348437,1.5938843083630467,-3.4292758610398457,2
-1.9962119975488262,-0.8616909193124134,-2.8198921714005216,3.5970744261682657,-0.5042236550760598,-0.3337283638962054,7.968339754161244,0.6547553264756651,-1.8915958634877637,0.6127951812546909,0.24884770104844012,-2.1947989021306347,-1.4270377472579252,0.6169584453555292,2.2186426203086365,-0.8867721265432352,-5.068126477342126,-0.10389971240106657,-1.8562476291467869,0.7650951658058807,2
-0.3453718176791336,-1.5014230530450567,3.1732914960205285,1.191994427863474,-1.518724532129272,1.0606030025775692,-2.9873336391958865,0.07613683982285091,-0.5508241044209945,0.6728576876858687,5.2766908030242385,-0.5863412008838027,-3.1050735355124197,1.9665522015558898,-0.835679946261216,0.3873107936198473,-0.5737764488236965,1.7773057017925924,1.9152924771857764,-0.12149759028847706,1
0.8084922744288519,-3.438196793247176,0.991127781716174,-4.412475559706832,-11.474386150369504,0.4236162120725045,3.6030917537927873,-2.8894893871627487,2.3878996922388183,-0.42662438037789724,0.19822002126523777,3.564004965736266,2.4166350376959835,4.166586309288265,-4.447472844423266,2.517943857613674,-2.490664738184113,-0.2055954310453375,-1.0223559156778053,2.4528047206751924,0
-0.8042565895538656,-2.9371629757583575,2.900735229707498,-0.11019428341126702,1.6541942319322358,1.2188571660123784,-7.968785284876968,-1.2110613753268251,0.4165620925896979,0.5799093945979683,8.840853776415122,-2.6877688065989447,0.32658283650710995,5.010157401175385,0.5708886351861142,0.600789575379318,4.735514716698832,-0.781485211185383,1.3476785198701577,-2.7963035811948975,2
0.3742479186332696,2.558899027477577,1.390602903874742,-0.14087922309129186,4.592494039022551,-0.8451472527435062,-8.944182892815103,-0.4938403117204777,0.6196455328753345,-0.2893831347670742,1.9638576104558887,-1.3301665769066089,-3.906373992679466,0.5728365706629914,-0.17145834348458144,1.7300339752984075,2.1868703415051463,-0.09378918838834874,4.665247404247087,-4.57626706463933,0
1.3653527245967476,2.805513524557042,2.835014549934156,0.8661750508531231,2.3012325413026073,1.1543525208548588,-7.256989668475115,0.30958522274471,1.1809011386031676,-1.7267063084454617,-0.9776702051238291,-2.360693685869193,-5.404801643344624,-3.3944022727831284,1.096270300976403,2.6619262055613975,-0.5750714284068708,1.3365826377007834,2.4624673574344174,0.7288952629902425,0
-0.7860842724479333,2.0634031052996136,1.7982796848040477,2.512582407355792,-0.35561791276555155,-0.01628375833212363,2.040443036269205,-1.0037593659387491,0.13646095467902075,0.5447155006095178,1.2894540641097088,0.15249854813558894,0.44132168033839636,-0.27024996793702527,-0.6931130239056547,0.6738426158004349,-0.8541217820634323,0.09780645085098183,-1.8553246042798301,4.190727833537494,1
1.7200912801670276,-0.8507879546917256,-1.2799453060100658,-3.413654264339665,1.2941265582598402,0.3044566615733906,-7.023882557671291,2.656500133244502,-1.5743650604488102,-0.32436053340558757,-8.857528652187947,0.3812545397700915,-3.478390575987604,-7.37192485486826,-0.2353891063282979,5.380926649350494,0.41092654110624216,1.2368593065974203,-1.1267723751069187,0.03145911883282548,0
-0.17392081259851633,1.2513034105984782,1.640681606439138,4.08733433821242,-2.894070405887074,0.6844737091697553,1.1532025484144992,-0.06161581373243785,-0.04124431267708928,0.5923247282052154,-0.7563506699466014,-2.4401428762361794,-7.245233675965894,-1.0718193574721548,-4.413401522153885,0.11295795772113659,-2.811255605396842,-0.5780356749745817,0.543660522633482,1.3750806206872195,0
0.8646005863886839,1.2033308148705384,0.7624626583438616,-3.7022390510974894,-0.5680220867357382,0.7461274297952186,-4.373803588213208,1.9874870580995607,-1.2247286667072765,0.8464716339274181,-6.032427044580256,-0.672383505228397,-3.529442255563388,-2.5848868350867362,-0.6666317275704594,2.216184158575129,-0.7527413940940418,1.274569696935241,-1.9412099390651445,0.3588278360682362,0
1.3380689892965485,4.672592053480962,-0.4019263902650414,0.571110912391407,4.780525250422882,1.057042261196059,-3.009697939099181,1.8909754415127997,-0.39035305683558685,2.691794673814491,-1.3519307904073454,1.0090644782098894,-0.9528796674783135,-2.088240895009695,-0.2827075465067955,1.89473185819647,0.8605443653343501,0.6581776985091147,1.5021319256255643,-1.7838190995331273,0
-1.2873851521510717,0.7675769021028302,1.7226447042296305,1.5669462226315392,1.2832165043169077,1.1046165654402151,4.106586004901326,-0.8723154363382741,3.527896694448124,-0.5103000349233029,3.430666662610086,-0.3575267812949947,2.134939409079933,-0.42573473104389836,2.4520489069286473,-2.056881421046018,2.183899051937968,0.2724742960964822,-4.3367470859759685,-1.3842428917877987,2
-0.47115835023582464,4.002865348150953,0.4535160579229306,-1.2385358240885354,5.227448947590257,0.06794409529252465,-2.7379064205175885,0.9553243777143468,-3.8654768465406075,-1.5907709956374665,-3.959767473453579,2.9765194474672616,2.848705358231645,-1.760241254941151,-1.2779414512738083,-1.9302748799460425,2.8406353766345873,1.7030847535597402,-0.3114654434581483,3.126103449899357,4
-0.09700762964584372,2.197997323115918,-0.7143392557010619,2.4526739380925466,4.114148314942292,1.3836645172103057,1.9474874053421614,0.39241283299724117,-1.608616996212242,-3.1078198733279727,0.18197282293497494,-2.3597906072970094,-0.3189392057860262,-0.4200258258075925,3.3741337848421002,-0.07939059463446996,-1.5080349060611413,-0.11477166086883968,-2.480760889770999,1.2928012071283237,0
0.8085530787863773,-0.7938286168808826,3.526807123089632,3.802094713599794,-1.7194651892083967,-0.7438161797125488,-2.0259104092981515,2.94007236154758,-2.036601359246314,1.0185060511715454,0.475752831535781,-4.507618807862782,-11.671261917259036,-2.373230733043781,-1.493221082063106,-1.1780119918122334,-3.965013351772307,-0.9539528999183187,0.9377994587701424,-0.12384501926244096,0
-0.49503452343293,-0.1990511092458942,2.9761929688720232,2.580366095341255,-1.8463069253394793,-0.6796578943040206,-0.7804356656206197,2.901470727509257,0.03469788428324039,1.138176954952262,5.988192651538716,-2.306380811555229,-5.262873312146255,1.1963802513257118,0.43774992140001,2.1458359398312137,-2.9499982117119927,-0.7986992657656182,-0.0009369599707490517,-0.9830685998543855,0
0.625776514830617,-2.44714556827886,1.5075683261064108,-0.7001536547769671,3.066368363848299,1.4537960520722502,-10.554048135003415,0.671961931587238,-5.05961020822113,-0.4003861099801894,-0.36437623734335817,-4.926358024884159,-9.22094835073578,0.8813708054421752,-1.17533736248211,1.3342470783676013,0.7759491765684805,1.895367654099805,0.5074605725917871,-3.4287663179581402,0
-0.24406221014771706,2.9843019757361997,1.1982006832720304,-0.6235535098626894,0.2735345287332392,0.5528898985721978,-0.28336198917874755,3.5378880499853866,2.5263303300890283,-1.5002230625315673,-1.2207043670120845,0.844981774763759,-0.733451349942497,-2.8438480249152454,1.057467848328524,-2.1614825211357065,-0.22581926995981372,-0.9687919342053573,2.9248780832034855,-1.25447246352776,1
0.7045463555711305,2.226824836370507,-1.714782854952571,0.577730978596374,2.4315194909889346,-0.22454590117932335,3.9059342676474325,-0.20614954237322247,-2.683276248257804,-1.4968634512594456,-5.908771471427536,-2.259007943510695,-2.8105291542986226,-1.2787051592857739,1.46464257759345,-3.269572104293477,-2.8235201065930617,-0.807005794321172,-2.6213219853057534,0.7964155391293307,0
0.8007031694608326,2.898541009983165,-0.4026922903712611,0.398116659157855,6.2046552477859995,0.06395899789624428,-4.64123300308836,2.009342524158601,-2.349139920839876,0.1326868549044997,-0.34885064337637606,-0.4317551155044417,0.39833175546719124,-1.1481696792357647,1.2735143101150261,1.1827520501779456,1.98017014180421,-4.186147504069675,0.47162239787252047,-0.3303707924638626,0
1.5555463071561142,4.566438396816361,-0.6815428125379706,0.9530363167739444,-0.1781546048863141,0.23583492080535307,-3.312458713458991,3.0566681940252804,1.7759601274128483,0.1701834391008173,0.04057053420014305,-4.6041724628379095,-0.795411747158958,1.7112333529689794,-0.24061496222017353,2.5369733193841504,-1.2088796666606434,0.7624667851941349,2.960310847804065,1.5706358513467835,0
-0.0541907880977308,0.8035789473060726,2.13848075892814,4.251108733024208,-4.033595618723717,0.11544848616950126,5.624344656900568,3.142309972227347,-0.8898172860396121,-1.0870345895422158,0.8921844485040419,-2.537580653457397,-5.160928475883047,-0.12990600161346033,-2.267944815992884,-4.288088075760342,-4.097481508821236,-0.39020826540860476,0.03075770337589745,2.9277249573690627,0
-2.610904858735281,0.6378607005166836,-0.1353505045001786,0.1881727199049752,0.2038965686740523,1.224170042282331,1.9748964944976228,4.186282983145439,-1.1001176135718507,1.8177025739243113,2.325254464023253,0.22301722388558076,0.8438108615578224,1.382319679629524,-0.1989574495216072,-1.3957604587539496,0.2096238566252786,-0.07019313129802682,-0.7911972782223249,-1.6096118822010688,0
0.056367964366067586,1.960563798212163,-0.46628582156430776,0.5964639805728589,-0.05610495310048228,0.685785731916634,-2.2233106207568016,3.1548554119400576,5.95276927199634,-1.0308327252272793,0.4009007526953688,0.954502297860308,2.0845310907564065,-3.617555761958534,-0.9990533279726524,0.999562558512038,3.45352625885157,0.22701053246071756,4.519487849601648,-2.663244125582584,1
0.23662352181409577,-0.3763887408267048,1.7385564985402957,1.9986640208113853,-3.6662401219688796,0.5903439118771275,-0.2524143306968408,-2.994651370157741,-0.8390078457234755,-0.20150889736848634,-2.234677882841593,-4.40507104169477,-9.797039953650255,1.0525457348645095,-3.314820097909419,-0.9390958469763231,-4.165504045244564,0.348985033294006,0.38908519268821007,0.29437095878059116,0
0.6410689223900254,4.194329062501355,2.593199320495353,3.748085538238874,5.50602700092269,0.30258954523796966,-4.252949116012334,2.215121571162486,-0.8427636073136745,-1.1658650050848949,1.2436363129902146,-2.6354834113588,-6.303488006982589,-3.3446267121001227,1.273773051554965,2.084515639884514,-0.5573367784691596,0.1613108202029236,-0.4592774093811186,-0.7743472375197518,3
1.4824136509407193,1.1589249763875131,1.0891489549492674,-2.7813631201163918,1.1101120423576702,0.1740227716243513,-5.5368339521783305,-1.271058420012742,0.32430034495650273,-0.782124078988419,1.4032369449256679,0.8096932486648067,-0.30784565744614933,2.596077734632963,-0.5092425918515542,1.3939857158950077,1.4882194628450596,1.1224997968594315,2.347736540415946,-2.7688851567245005,0
0.5565879997027249,-0.09563904022993741,1.6259295308962045,3.4228498431992684,3.340828446388807,-1.5742870306502652,-5.45108886416378,0.07626027064716712,-1.5439177233808195,-1.1573282690661557,1.496544071172965,-3.429917680296326,-6.8654071218545125,-2.219089246246572,1.1566983708052212,1.9819808491204352,-1.1774730612944635,0.5825559601380931,1.8388982030837533,-0.4687094007477721,0
-0.31675107498529675,-2.4478642611412234,0.9416091319115865,1.1510230689967906,-0.40029314850887626,2.9252803751484935,3.12154202738842,-2.6841868118218786,0.30007048135486925,0.33765633805192874,3.1495098387525546,0.4117976780897612,-0.006561212624368047,0.95804066837621,1.9121526444995465,-1.6279089203863284,-0.7451285445495741,-1.9706028206796415,-1.293560212086461,-0.5770787742661088,2
0.4849441384748313,-1.9778111341277969,2.2687003128894867,1.407979742311927,-2.2639022423597273,1.4899263536002787,5.951414289019438,-4.2990919413126,4.459969934713183,0.6444252117298708,2.568652595897235,-0.024374405170581426,-0.9122575667867291,-0.3419469666774604,2.184064031433622,-4.0465337542970445,-0.41961269833023773,-0.7537112540371185,-2.110450392486629,-1.8476119855168371,2
-1.1126728800642849,1.5588609422931978,0.18131882390502718,-1.0451414943352444,0.6221540593142951,-0.06669275791000259,0.3333238018131071,0.4726266697376986,-1.2192988785370582,-0.7535686918035059,-1.3347154406382304,1.442579337398468,-1.2300155582874568,0.4687520702338708,-1.465235108033676,-1.2942269569292533,-0.1701281059096149,-0.21576139855213228,0.10242161680885964,-1.7266532482815689,3
0.5594637969363389,-1.0443873851270356,3.106932158297348,1.1623264377913578,2.83499507234207,-0.13508804104202363,-5.76835870687156,0.7642923154273469,-3.8501266845431514,0.6738336502899052,0.830543793247352,-1.0257986108399153,-5.244474280431696,-1.8725378817789,-0.10842772974898818,-0.13790208648227187,0.3969178204917376,-1.6645114078707999,0.06638408877803204,0.8134543027817527,1
0.5867633820969806,-3.5825155163847295,1.831688910998094,1.9563867194850495,1.2861332277505246,-2.0232656429885068,-7.558099694809399,0.9747721786271561,-3.459851984183157,-0.47827330889867403,-1.865213650101343,-4.9629334718835185,-10.41577382467002,-4.223753127499023,0.6026709038797355,2.434106589259856,-1.8990409238731294,0.45217863162031247,0.17327696678188742,0.12842259503216757,0
-0.08553661632496694,2.0077104629769185,-5.954850971250668,-0.5777925610210943,4.7541688503871935,2.1291239025104995,4.229910154012642,-0.39525009680154777,2.0075658053012533,2.281228091401298,-0.7596871496597734,5.157880520663501,9.49752532274803,-0.998768956594632,2.9228708445603555,1.3411793389409794,1.903134208907701,-1.087799072413326,2.497276256552014,-2.903877790543164,1
1.0259342072505657,1.6641589411194029,0.9965592698282968,2.5231734797832894,-0.12029281526274777,-0.5046922153433838,-1.423125598080247,-0.1087997715191873,0.3025372837803664,-1.077288676265129,0.8503195623009524,-0.4855840737293051,-4.613437284921102,-0.6671901416099677,-2.176067443097322,1.2979217518727981,-1.5777437531575256,1.9446671217525004,2.772672251276628,-0.7897567071711564,0
-0.6935712455901809,2.4112765129030254,-0.1127927415577874,-1.737025806611436,0.30851269922573876,-0.7976870582806972,-2.912875594681041,-1.12598738950821,0.8551134897891348,-0.7172704742282623,-4.3097622644286835,-1.0388187948270433,-1.6668802901064816,-1.0914348845000232,-0.9213909385653506,2.4344756728105788,0.0588823396197371,2.203790836770964,-1.0231638749158356,0.2499216252209968,0
-1.92899405301583,2.538532288404638,0.6532084502669862,-1.1076071400177279,2.371502081112221,-0.96746112160168,-4.4522821517843765,4.1183678912136505,-3.7617183359911963,0.8746674972771028,-2.164878285663382,1.0054414554039939,-1.7036688030768548,-1.6849015810452108,-1.7355622815250868,2.8301992700576104,0.2582262798265582,-0.1335896669003642,-0.9583946584521246,0.9409268979681369,0
0.011347476975799456,0.759989511485498,-2.9794139507117396,0.3253641059747143,0.6466950543236867,0.15862203371208602,-0.48943226841499415,2.236628615150817,2.175495445613665,1.1075141808280866,-5.618844395294302,0.8397477724448125,0.9323176258561624,-6.232099080917678,1.9541840889430198,0.27156207831450097,-1.2924269857828365,-0.9132577751843082,5.8472211792558655,1.280906993162658,1
-0.08422642962581192,-3.4126786900416395,3.1220993782313813,-3.538066048284244,-3.4418028154531832,1.6214083503306145,-11.714277871902453,-3.074367892645096,1.986262712882949,-0.825348106071837,-2.4982312935986615,-2.718397329927905,-5.6821971455710605,-2.199327417342947,-0.11956699179561825,5.555794658347577,0.00838408730198692,0.33534585725677746,2.265454443092154,1.3209670315369917,0
-0.9022359383528566,1.8796286639615887,2.5450644096538024,-2.915565089700211,1.3104328561419663,0.9865268699191256,-6.786525911653907,1.9583521983372085,-0.7167135298694971,1.225376324675364,-4.6013574924294325,-3.843162926172679,-7.234490691660978,-1.9907686031250402,0.7638682926009734,-0.35164161921457127,-0.3804427433785419,-0.7940046546843985,-1.0202697220015282,-1.823661149915775,2
0.8285327771235158,-3.6618824482435643,2.167304659524209,1.3984791586268934,-1.0059755998467093,1.4964560593725689,-7.8191414488202815,-1.2995122739762848,-2.1743940249273717,0.05740397701931097,1.9241169452292382,-1.6457572155087083,-5.45809492307502,-1.18308236154637,-1.0553967577076624,4.994221856292563,-1.1396085109024812,0.12618315725359716,2.3368336445456057,2.214627320648559,3
0.40980504680096347,2.591454811576651,0.49674912502114055,0.6392845529490812,0.6134321031632848,2.097642321240189,0.4383872147335974,2.058766317191685,-0.15988927347906112,-1.7156633468929383,-1.19636040349274,0.21672377908160367,-1.3396277112690522,-1.2279205396324187,-1.2848209343712473,-0.31803342947841406,-0.19798364383951084,1.0650855965154253,-0.30802612262941764,-0.05414978217999167,0
1.3290786739890195,3.0101359089027513,0.5657728527094106,8.709275515715275,5.511154852117813,-1.131478763875061,10.217787477960119,6.927214589630441,-3.1234091651487037,-0.6178737764221163,6.755490498074273,0.6051900723451811,-3.566290127430154,-2.500940029196072,3.709528085875273,-5.231953451518843,-4.446587817375175,1.0311561801619373,-0.0919247273761854,-2.336831863869378,3
0.15743134318654015,1.8392339990728201,2.2870937211753164,3.593541741258626,0.4210622887586161,-0.7562914342697644,-1.7353107252516269,2.7500007876082426,-0.7818664283169379,0.18890857031471914,0.43241905247551077,-2.2139715179943886,-6.910930752868614,-2.706094560574356,-1.447803649872549,0.5559471533965633,-2.038004371661319,-0.12316294932748702,1.0366611684573057,0.410157326838005,0
-1.246686493870209,2.0718331124952822,0.8331487685615601,0.4195157005364746,-0.9512384122278971,0.6834124021554576,2.870929426502365,-1.3131069259075234,-0.5190390410909957,-0.8968704070036753,-2.42487812852072,0.9997458484281121,1.943531442926976,-0.2535548721653861,-1.8179522283687746,-1.7799036214304393,-0.014322265693158864,-0.6436474302394887,-2.0042100287706224,4.7006561624517165,0
-1.05101794475283,1.1494074506633047,1.4997474189321405,1.2253464007064927,3.3707923749104594,-1.1391807645224268,0.8634742304505907,-3.5853820173645765,-4.691694140128899,-0.14762841804836316,-6.931061090418438,-1.5613798093670415,-6.737773288198107,-3.867487758285499,1.2574412310533134,-2.3245315876940573,-3.3148531532683365,1.4033648833051102,-4.304324991154436,3.489023141736865,3
-0.14884086876884484,0.5200251704498489,4.066701816519251,2.6856389673548904,3.9395448718770174,-0.31676822947221095,-6.394646303106641,-0.6643807146101941,-1.921010032244095,-2.088554252663557,4.5913147423873255,-0.18908426496730835,-2.4246732483543263,-1.6021764476005875,1.132457246051875,3.504234514945396,1.00247415977429,0.20150045214798828,-0.44321898810201976,2.630850329037089,1
0.9367472394406718,0.13121360520790182,2.289707543700727,4.328744684407499,1.327714617096895,0.13116220120918692,-2.96616387392999,2.267999209939912,-1.9533015307604003,-0.7562534811269974,2.314749349709752,-2.916029389806131,-6.822512039701576,-1.9174521349185591,-1.1398882630835359,0.9127610342007089,-1.2098550880263597,0.14561613876517723,0.7254777020018148,0.399305632497869,1
1.5784664170866447,1.2382517838843856,-0.4796471043867181,-0.4415201216167246,5.402623751595075,-0.9709685208433789,-0.252724037140253,-1.9352928701594365,-3.7635691037428054,-0.15370112903848923,-5.565379432118484,1.6396212590695622,0.3794414840181397,-3.090917828890337,0.4029074895372131,-3.002199137426343,1.7478010905015293,-0.12520761302005065,-2.29650935030242,1.5644956379802815,0
-0.6242136754840819,3.9205220955991886,-0.6544081590207433,-3.056964396577854,2.486329583805809,1.0872844175987442,-8.09439615408379,-3.599888955760064,-0.009739477237020955,-1.5350383930428158,-14.108445848867765,-3.397045855240117,-9.892761808555344,-5.522528780085733,-1.68050091194256,0.23051184882775977,-1.4902420627690653,1.073139315817288,2.8801805945644396,-1.2734904389487167,2
1.1599493287038318,-0.3774025818374973,1.7353620478993168,1.1066605971083674,-8.95377704538577,0.8240228460368418,7.424174986851116,2.800119380342587,0.7327604907504413,1.1793376583769277,0.2809279022918086,-2.5287574152606895,-3.342863359424267,2.7266363657520927,-3.34289280990235,-3.8912491630272963,-4.670738485792777,0.7906286167024941,-1.4212212901440093,2.8315988643628307,2
-1.2206214312419663,3.65720105822552,-0.6653164808699452,-1.2791359599804322,5.512652597673339,0.7037670498555233,-3.4226717113561063,-0.8549593340880695,-3.3843792224918787,1.1223241831999562,-6.578025365984387,-0.2548877528578942,-1.3457974894863312,-2.367281589334596,0.5184031860032718,-0.47986504941179975,0.4436964483453911,0.38313280947275175,-0.910992149324169,1.493981442864892,0
-0.07674173081273157,0.7075003482831284,1.5448311540798254,5.0718890799702,0.9544024811230721,0.4952905553873956,-3.0997858194756227,-0.704849738784719,-0.9780338716774298,-0.567828761418755,3.3155755047026454,-1.7444027411549579,-5.685711448553846,-0.3375945019106188,-2.75719686540692,2.1779579197290246,-1.1196821190475175,-0.28853410918447614,3.207938173064275,0.474126506727361,0
-0.339220291345426,-1.8787333297411717,0.17883588572464648,0.11310636651374562,-1.2523686852488016,-0.4889923835576295,0.21235076957651888,2.8075641781124325,-0.8163044367341133,1.443196986880234,3.5829482543564084,2.4039784163599562,-1.271803892054273,0.1187912550352419,-0.14237789613530716,1.6484888955761834,-1.4936668766615302,0.3269740849523433,1.9191599546756102,-2.891916192608508,0
-1.1037256338910586,0.5324532589305008,2.001033229941904,0.3688689753963377,-3.1347077936241106,-2.840842536862366,-0.5690939927106825,1.2055376736980583,0.5474081599714673,0.8817259407278182,-0.11585356652183072,-2.96604685830857,-2.1600388790079834,0.3463585147734365,-0.29839033217745925,0.26659777292442377,-1.8238049647184666,0.8809830402409967,-0.9152795184625544,3.452987003427322,0
1.350454021628495,0.9011566929145044,1.1619568732517522,-4.768526425220328,-1.478193345244699,-0.09541945191233488,-2.3505670140028414,-1.9851341866217673,0.5166194343805672,-0.7710094536636743,0.7112671155990377,2.323942717051029,4.467222374396383,3.528725757628349,0.44014838623785213,2.4501749493832987,0.8354422848572278,1.546707950244519,-1.3965591986667443,1.3989240387680801,3
0.042828120379757376,2.8618303228721356,-0.47524678737196546,-1.6423915459454141,-0.32854761857819037,0.09777267542037003,1.4082774397282753,-0.005196018108870382,-0.2825091249347129,-0.792905524640608,-4.673899298855427,0.5968993995609282,0.4280838792912071,-0.4503600412499903,-1.5975557724861962,-0.7553492230877862,-0.24781752380827005,-0.16157311719889997,-1.7575203615330004,1.25800881410122,0
-0.7901158596756475,-0.07638622608183954,1.5142517716863568,2.867018330112957,-1.4635171198104588,-1.191571065742508,3.0035423073509495,1.7000035316625781,0.8236048990497136,-0.30802836026502434,4.759247880246129,-1.7034383030485447,-1.2900620358010755,0.9198706010712063,1.0211467027663725,0.8182443804107533,-1.840869898997013,-0.06725833936090489,-2.084256773458381,0.497345064597554,4
-0.7536024526934025,-0.3097736061271399,0.9033983931684884,-0.25629199057229335,-3.0253307900428545,0.3130856139400979,-0.7210724978783943,-0.5251578893912288,1.6093797176240479,2.370068975660139,0.01060921822915413,-1.0019396145127395,-0.8587996979204204,0.7149583924118623,-1.849124082112514,0.45915540114535225,0.0474538685227901,-0.25574066155969577,0.33742022659277593,0.815345676905305,0
-1.519099722665058,-1.2530279881129194,0.2273659060910893,0.6194189583019614,-3.2973254947296846,0.8875284721626011,1.8540962208275402,-3.425124758947754,-0.2606147007294707,0.11529017698344701,-4.727810114330561,-3.69079459857526,-4.628548630853549,-0.44115393117004786,-1.1303890599968045,-1.4302090088474686,-2.808259499084776,-0.6570561973455599,-2.1165173423403547,2.9243359524844856,0
0.9206716089058178,4.034546712226824,0.578800959323438,-0.8904888860869906,1.4568574874918572,-0.5610128470480462,1.1077810716346166,-2.2450933406823994,-0.2902583422906191,-0.29269739855589355,-0.009978592224883138,3.2214575134412904,-0.11298806619268206,2.2421244171559263,-2.125136143544397,-0.44605427821864385,-0.2072151571361669,0.31547494971059764,0.44549255090455353,-2.2169506190876884,1
0.39542376259930456,3.8738003354416217,-1.8695797327282473,1.5455409663763957,-5.756517838081421,0.30935116945935026,9.237025305409336,4.805870371891906,1.489683676766691,0.1429518765536459,-0.6423336245981195,-5.542886057174868,-2.0805218007150423,4.22238428643305,0.2656787609872513,-2.2691523272184853,-6.945311337650637,1.4727324645227837,-1.1318501229180713,1.191130155186084,2
0.015948656754374776,-1.2026843686728101,2.1206508469822456,-2.4350881950102212,0.7304493179706165,1.1000499416430207,-3.9731469745581776,-1.9479959939339802,-0.39036618257426436,-0.6204495134054141,2.865941748500396,-0.35092570846068594,-1.2278355488055053,3.1471636115317385,0.9956387369979792,-0.5760166739533279,1.2582718605577021,-0.3568305391471209,-0.03260716598912994,-2.870360519134134,2
-0.18628380605511963,1.2778852861322796,-0.11456767927503497,1.0400070852201044,0.23469461943880393,-0.6932099502905759,3.510716061796713,-2.1393984306487432,-1.773018799484373,-1.669978677239326,-4.389046520466736,-2.8558562356843766,-2.941628365262996,-0.5534070881026611,1.413074470182722,-2.4217756609974734,-3.472577674691556,0.027396935208962147,-2.846019453161351,3.317713216703922,0
-0.1527913390166114,0.3900886508474418,-1.6971668825499893,0.20840313432982438,-1.5907167575508248,1.7151111167020967,8.34869460457508,0.6377365249714011,0.6699341345512118,0.2947669488713626,-1.5125169372615768,0.9753031466958972,2.611726358698933,0.3904681828139238,-0.22835900498556427,-3.36412566300737,-0.61633589562225,-1.672731364163467,-3.5176952481555297,-0.40490388264524024,0
0.4260882085859518,2.54529905212722,-1.233013851519031,-0.0625565442290128,-1.4804578883793649,0.8328477093089578,5.3587541907219975,3.6005931199131527,-0.9211045845748596,-0.056251803149435536,-0.8624397299583776,-1.2268586501522278,0.8909701379024899,2.372198402586155,-0.1554105768347479,-2.8149388032248606,-2.3595061063406506,0.6833095066509058,-1.254929911549778,0.6017548248028015,0
-1.314050728080934,0.8142512864415536,1.8922140351634633,3.2669246590904764,5.03735486762025,-1.6746662182135001,-2.5211828610043105,0.8243094178933168,-4.686817566316623,0.30908599397407993,-4.555663534889808,-1.975775548562353,-10.072597501107591,-5.955729650391543,-0.13009215841954114,-2.4098398539473767,-1.7122190163161495,0.7367618898729666,-0.7954515983267977,-0.41514684114083633,2
0.427184975711258,-0.23170332741791722,0.2678299992117128,1.0196368538301346,-2.35860827639564,-1.4335448888846196,6.124886697622703,2.9096330389850187,-1.4761121601697862,1.0143670202644877,-1.238345120976871,1.5054347346348989,1.4677808144845577,-0.358784657482074,-3.2698884999681193,-5.9346724933566835,0.7349671126712993,-0.38940565674387106,-1.5698410196467951,1.8675795145058987,0
-0.007258642651445,1.7767161161390996,1.4203515302947358,3.373116444479612,1.143838847552488,-0.03273083784539564,2.114316308776322,2.3753141855045774,0.3386262136848375,-0.933778613392027,4.089500425219277,-0.31804723572996507,-0.5445665613323161,0.21389690961288588,-0.7039768780760431,-1.499692652331805,0.6027144065910714,-1.0673697513385594,-0.31866566443645716,-0.5652936515047726,3
-1.06694935411745,-1.2219726070579027,1.3155983884219236,-4.2394410301470105,-2.140658829064441,-1.175425725734763,-4.6603408580832575,0.10898355903762791,0.9925893495006799,-0.43861978851235134,1.7673775091143462,3.3100767871966736,1.9578893182326256,0.885109477479149,0.6651484634597171,3.8964199116013107,0.12680239745184618,-0.27518787865992245,2.1583654680289914,-0.6608963445996625,0
1.2122348658523052,5.481535605704699,-3.378189810883211,2.7654895341092836,5.413198156902387,0.4267154554619904,1.605506885581642,1.5102389708998616,0.9063692488774788,0.22555047777826176,-0.016689201618697004,5.19833611584069,0.6005861492062633,-2.0494674697030937,-1.5077215796437347,-0.485157529108599,-0.15755262148330362,0.4662657173109116,8.436045062202634,-5.666566144794481,1
-1.2087724589036493,-0.8326161765704889,-0.776707813838871,-3.1003133057704355,0.2746463440925939,2.9021706348036407,-5.513419251023884,-1.450788997164791,0.3222326324693767,-0.798447225501649,1.365792354373583,3.1668024399435426,2.7386970418623533,1.9929360022669749,-2.201287146719709,4.026393442930544,3.0348523914558747,-0.4399539922210124,2.4832700128105025,-2.7102394078920935,0
0.3715885500687872,3.957793301375844,-1.3511238046143177,1.1778748796969682,5.016607719459051,1.270642512988917,-4.163636263819752,0.6222983730225967,-2.2835212864501253,-0.7174903668776307,-10.390576734209729,-4.93594998990032,-11.042936543392573,-6.084802470080807,-0.4353848967149513,0.5815309047039119,-2.435426122040959,-1.1641268684493562,-0.5036080907317455,-2.246841818680429,0
-0.5737066866414319,0.4753563137651421,0.982338230765048,1.99349901541449,0.3286327618660151,-0.4028484823351776,-1.9154986335255355,-2.4682212061066,0.8008397559729197,-0.1443387265198116,-2.457869839455345,-3.5085289986764936,-8.075191315881558,-2.11114915915641,0.27196933333854045,-0.24922560924009152,-2.7925142858177567,-0.18640835188905627,1.799752842441016,-1.3766969411669925,0
0.28655225150242536,3.5253243708612336,-3.752825675429496,-1.414681303747301,-0.15218052008843982,-0.6566765335127531,7.693435372317008,0.3098922758321414,-0.17423608750296649,-0.8104845940796114,-7.632364614664477,-2.7695127005261826,-1.0680399950321913,0.3889019079412164,1.9421809724922192,-2.736241431156379,-4.282007508892603,-0.8357772144592014,-3.920881751241964,-0.7839180072634055,0
-0.46613051643330117,-0.886572493404366,-0.5033090765367978,-3.483955599911954,-5.055308886097897,-2.029021505071113,-0.7471175830363924,-1.7699692377207876,1.9835331305874018,0.700767326137413,-3.3029321278304073,1.662322811468333,-1.070854067333223,0.6755692770693675,-3.7010701486071564,2.1693290917950008,-0.4637902700991431,1.2384263227107626,0.6747546408179435,-1.6356838680372765,0
1.4071139586739796,1.9104687878516278,3.734264006190239,3.4953422228966953,0.39876091511637507,0.7167116015358904,-5.051885872080065,-1.8192910052331173,0.8570727329791525,0.77330587312418,7.615474428948672,-1.1522199436754705,-4.03147279556119,3.195460008526058,-1.2098411002203076,1.7990183504920214,-1.0442489818061702,0.29508351224696616,5.588228866249889,-0.09844910711414878,0
0.2865600696269515,1.629477377732519,1.773974643387551,1.7540300313467645,1.518496214417018,-0.15228111444270692,-4.079412441696944,2.2853244365848138,-1.9177722021054264,0.12665903155703578,-0.1120568115296616,-1.0785897893350926,-5.089216644738692,-1.9960417304023146,-1.4631745750297775,1.658509266079533,-0.828903960011675,-0.78799791025996,1.1271676137100368,0.41687964454012083,0
-0.25857520707082055,-0.32836677939692316,1.7369678722821709,1.5116903082529345,-2.7185342896404276,-0.24527466876541776,-0.23192914180133595,-0.589203756856225,0.65309684832664,-0.16405720820950548,5.624839694269577,1.7037779263040322,-0.9873000501252598,2.751926517584118,-2.1196910364047024,1.682984250090506,-1.410395520185387,-0.23142383577160672,3.2656610767069814,-0.4191557265950482,0
-1.3308567296820417,0.02797921417343152,0.5794221989865046,0.8250741938008094,-2.3851557729924986,0.8716144095407541,3.266233526437016,2.260004452825313,-0.13383615660249326,-0.16834016799152837,0.3142549164256093,-1.1519250674626609,-2.779665862998307,0.29711879279913544,-0.9536885937864445,-1.0136595234448944,-1.9384301561576227,-1.0012791447798006,-1.912410240865949,-0.7911185853043996,0
-0.368580588740128,-0.7268833850308654,4.853732129030846,4.645376342007754,-5.589482238787975,0.7732002167157405,-1.7768885197256656,4.1199499461446525,0.42599108634112715,0.21702392733453021,2.868494942933553,-4.10627483058801,-12.470481736102666,-1.9269158272505802,-4.2241487403723985,0.10303136499435062,-4.161398489852983,0.5278150759262772,2.377539723732081,-0.19951376993087444,0
0.7307143080996454,1.2304701945044807,1.0397448073700013,0.4832538284770177,3.635062961340345,1.9192163961170259,-5.020836686158187,0.04115356754047694,-1.713606201918099,-0.3879019135131578,-4.7428929932009725,-0.5593873528263014,-6.687514718665303,-4.93941045710303,-1.4201059194540686,0.726938445923329,0.6852477884939479,0.9771223084965038,-0.06515531150716514,-1.8338965980225757,0
-0.6568290138741234,0.4325551070560033,3.711482073551564,2.361545437742903,-0.12473889470808841,0.9480954743518956,-1.6331621081378473,1.1705468729782655,-1.2408393074924509,-0.11165347651596347,4.486254123811171,-2.3037679769280555,-6.766994060810366,0.1846069903992571,1.7743344495227293,2.8572719485592706,-3.956837222629416,0.7471471494865899,-1.5299363992044985,0.03549682755656414,0
1.0811274741199504,-1.9197097573444428,0.9892064346896678,0.7353835925719757,-0.11083056470012878,-1.3703374640003054,-2.5156821964644474,0.44583331726998077,-1.1697111477275508,0.20512930073540334,3.3265060754019014,1.08284001253989,-1.4543231984841263,0.14685193767120097,-0.3034738570598814,2.016893370291716,-0.34215830099398215,-0.08092556095859624,1.788997377529869,-0.7134499406678116,0
2.9616599485933954,1.193545122436693,0.024941133106567537,-1.5544275324859114,-2.2800644419999108,1.9867104155026418,0.22414422979842424,2.7798226024361674,1.2736173282757774,0.6231784864309536,-5.266266905190638,-0.42872522408021896,-3.805098148754638,-3.8268981540806872,-1.0230143471821995,1.4532895358317455,-1.700024900619503,0.44099268813815407,-1.6356475105328596,-0.9330789485290586,0
-1.258810840683061,1.3253231372654157,-1.4777746425280944,-0.7988211159609415,3.681734134578999,1.7633369899803617,0.6821937871738318,-1.5209362073845205,-1.7182902006798495,0.7794480141929058,-4.991285106953914,-0.23171687478844405,0.2650153766981225,-1.8420563437695292,1.214539457055484,-1.1715374745428768,0.641832257942373,-0.1101505371701627,-2.906009140007928,0.266560706013949,0
0.3334495558690443,1.5068149284473553,-1.266523396829429,2.717207465513434,1.000175383279733,-0.31285131544667605,2.0114612415345032,-1.0509974236877073,1.514957789146223,1.0600694564932502,4.67016605964474,0.4579885510143229,4.467483994845287,3.0415440701250054,0.15453401742039885,-0.5115587344576658,0.6644168519101386,-0.8671434058459958,3.579526251912249,0.7122391437662552,0
0.08029422826362541,3.452088660091804,-0.11721818270554851,-0.8286795883525144,3.7300429532818318,-1.55609957693395,-3.669994967457607,1.9432042890881513,-2.4210710788751415,1.7851597363433906,-3.357546581166856,1.1952937572477529,1.7859516418143655,-1.4312763313507175,-2.1737149659076613,-0.3988553241322932,2.9911247565673116,0.632818165736924,0.23373352077356313,1.9526954943002757,0
0.1343635064545121,-0.6503465455565061,-0.36237555965542545,1.7429374297110507,4.7060268774370675,0.2505400794895282,-4.1641671920640535,1.6721148707239686,-2.090812677030783,-1.2833605226697762,3.262970418741168,-2.310861047388384,-6.37094734312391,0.7237213090405226,1.0552364701440897,-0.14469272761600727,-0.03452164931429191,-1.1478384421673662,2.8409894830054556,-7.3860651404346145,0
1.9235822628018042,1.359981118308057,0.37080362660094623,-0.10825306641514554,1.3788984329946237,0.10830063603608439,4.738494126220573,-2.159895178639795,2.4258935560932473,0.30233868915390005,-2.2942410744879274,-2.424177016654191,0.08417475289991115,-0.7775168270342527,3.9980595543180195,-4.729252411324101,-0.30676467046626255,0.9318718717778929,-3.7492580005434655,-0.5261974058554393,4
0.13915457253405666,0.34927173444645665,0.6880469388426504,1.0692799530996386,-4.98155971262693,1.7136914186432557,4.880062393660368,-0.6784525649060529,1.518059642733749,2.318724827479106,-1.0851519828012253,-2.6849160212439704,-3.8515104143411882,1.7008177466238723,-1.1478663619742702,-3.6338318703895727,-3.973927578304925,-0.016648696511257933,0.7357282119866656,0.7625042365302974,0
0.5053370849016985,-1.140869782021959,3.2535923539490907,-0.6201335511526627,-0.7857789644422221,0.34686496636656666,-11.15834714706148,0.9455492444079056,-2.1838973317582075,0.5167290191258025,3.7326065624147784,-0.4238376252216398,-2.6254588860920984,1.39699682173323,-3.6396977203185434,5.995742905302755,1.9242120688244788,0.188933410314267,2.4145101292655755,1.9321569232571614,0
2.1166786312738624,0.25516843246746,-1.4018347942910476,4.860287086303341,3.5635036661325104,0.07367980926494352,4.14985797066429,2.526586392111486,-5.04811796756664,1.7575048817717762,-1.5207096130616664,-2.7321643250459866,-8.423339211258659,-1.858686449885496,-0.4134771428346449,-3.081835710308427,-3.6187280156144888,0.9733744493865836,-1.4046892983894064,-3.1793947366856785,0
-0.1232590308390174,4.121468175850078,-1.9778172530733555,-0.5876451874375068,2.8310276420258327,0.21701930279615766,3.519112771187229,0.9957581451492769,-0.7608917666254249,-0.8778366204040161,-2.8468864575606165,2.457683836181197,6.21489941386785,0.010560167712707624,-0.635723098569831,-1.927236003999047,2.0580484440531364,-0.77362792784181,-1.7214897317608142,2.066741632574212,0
0.9086104388939842,-0.10506978993911686,0.5548834449532052,-0.05702283419267218,5.270294959791697,1.0077514327468389,-10.191597294923948,2.7231738717744145,-2.664425134471373,0.38057151387629246,-1.9128705956514527,-2.1425840355700503,-5.399938534168894,-4.541448911261803,1.37598884107874,4.618016801976969,1.1284424968221782,-0.7160910705966865,1.1187417087798874,-1.4744158164915357,0
-1.960049982741037,2.353256006019564,0.40930980120331895,-0.4211035519598194,2.0545434385002506,0.2430810326713741,0.4685749979224013,-1.6336637033070964,-2.971918320334291,0.30608571142441643,-5.208400122256362,-1.3008606532001177,-2.917907106747628,-1.1757819740804005,0.909742902640519,-1.0779413654629149,-2.350388054884872,1.107993307288569,-2.9459207413537927,2.772802176299808,0
-0.03721385637361559,5.06596722750345,-2.502856562190823,0.5121640693802136,2.676620634238426,-0.22253288266768662,6.612905089171494,1.7854215807229923,-0.01745224920421773,0.6666030957228817,-2.664438946483374,3.791381537907287,4.359893801841889,-2.0094957653283467,0.5980489199251905,1.3488512968462871,-1.00317150873535,-0.056141789286628364,-3.2267055887794474,0.5525459911581914,3
-0.2233641605355503,2.0946378410616076,-0.5157730961227751,0.4197344129316687,0.7236925240121431,-0.5727253468927105,1.0905945487443027,1.8640874745407339,-0.5273547441481741,0.6652590267467294,-1.566877128170574,-1.256723276588133,-1.3502092220674662,-0.2288732741100442,-0.08334819149656014,-0.757540407375362,-0.9833119582308439,1.2558364254759533,-0.5718953506718317,-0.30445262684174956,0
-1.276057323039128,1.4046465338739824,1.5246502716864079,1.4912248197594087,4.029597965515801,0.3848444928929182,-0.3226042282205609,-3.262716625534998,1.0695482315463294,1.912618558478195,3.1124582881932015,-0.8241217092821304,-3.963517230391713,0.717538401192497,2.469793202466001,-0.33116214314959236,-0.25947603787572393,-0.1327207504204727,-0.8462857480276682,-5.106708120856454,0
-0.3786625412493349,3.6839579544722554,1.2257537514759231,-0.9604395232421978,3.36361396357526,-1.0524906209714426,-3.3160251631292588,1.8299525214290995,-2.1858233688941544,1.2188654505852268,-1.4513721345349462,-1.6399598037151633,-3.9497823647334633,0.7191071707187211,-0.23199487547187359,-1.0269000584718175,-0.05289269567473487,-1.2786123247095869,-0.5391504716106927,-2.153627791038,0
-0.6539154159094946,-0.5590250693317849,2.9584685358822242,3.3765919546836156,-3.077299380134691,-0.6631003634534273,0.08530980457213383,2.6062071431122487,1.3323186916044905,1.3359699903868376,4.008793261666239,-1.1631131785720978,-4.571811907955302,-1.0242554173732235,-2.5280043748803207,0.6446584830769333,-0.8459106148835471,-0.854637991514105,0.49489724223147347,-0.13559018537937062,0
-0.38330607423433033,-1.9352378675756978,4.439096050241687,0.5340097183668913,-5.099846774733853,0.295722293378892,-3.625432463594396,2.6960463964253556,-0.5557067141014762,-1.9300567298402869,-0.30736494945685267,-2.153257495988009,-11.130699842911852,-2.030660933822946,-4.178664804709415,0.10646311821972576,-2.4702756188389516,-0.525032558008852,0.5855107105775801,-1.5898818796687997,0
0.8197859353214116,1.754373044653657,1.6555446457471772,-1.2704343267827642,-4.947952113382764,-0.4757949706392276,-0.23542630834044645,1.699957099043247,0.513023991890518,-1.7626082143192456,-4.7794603420995525,0.011433227533322876,-3.347320980668151,-0.9866364482981423,-5.668280928847217,-1.9581118714558268,-0.5361273906427348,0.3310082345309589,0.8649118088845398,1.882467189977238,0
-0.467204996269618,0.330351242814943,1.5384366479482794,-1.5939656119190824,-0.8415555899583328,0.7752462547898445,-0.5091081644954845,-2.6558538751784915,0.0737394720958866,1.4070578975471166,-2.3930270694994396,1.1824313631925318,-0.4604645303512334,-0.9060948545655504,-0.8690728898739968,1.1050228202261927,0.2195243406080818,-1.2852851112428745,-3.0455311951815363,1.6429699630592602,0
0.07592102322836977,1.5252647043288008,1.785429736551104,2.912156422745271,5.452872414686312,0.32241185540952305,-5.332855298909365,3.4050218802370753,-2.950299537729734,-1.513850022601458,3.372083374853656,-3.323994012628288,-6.279175297625927,-0.40269642341869916,0.9661471536829043,0.09438993203172574,0.25942594565555765,-0.03335308290967354,1.0167272097247397,-3.1541864845923184,0
0.3079776458721335,5.550750846613397,-2.706700681335866,-3.8833235141166,6.228826183869509,0.8049648975333104,-9.865932420269989,1.4189290589602135,-5.790160378025261,0.02068051074980081,-15.00132383253411,-1.1524116144438974,-9.775136174530617,-5.955749366531207,-0.7964836412737231,2.934498743541229,-3.647222829308135,-1.5662376798050242,3.9830886115830553,-1.4110046659250546,2
-0.8019349237743483,4.06292683934225,1.305169398476549,0.39738942408479694,6.519670229188263,-0.018143730353910207,-8.43631350031671,4.3521642949904855,-1.068108884403838,0.04325524019173205,-2.7857411399948067,-0.9337095912351593,-3.1726924662933205,-5.862516632184276,0.9684008843501388,3.1058972883580904,2.303108565662765,0.1807111559457698,0.6650372431753164,-0.3238787387767408,0
0.8006813556621357,-0.17360097075495662,2.541369487189674,1.995522028422343,2.128499538805952,0.027898314691621882,-6.142746355765511,0.8072703347547336,-2.462977711781014,-0.5229912736219701,3.0598425034317174,-2.0667505500259713,-5.803481876529061,0.011237912775529768,-0.19209863358105306,1.4669865966672457,-0.7049822113411918,-1.3051139866980248,2.326145254258679,-0.46653173463008624,0
0.08311901632819285,3.6320831565040335,-2.2131806953466593,-1.337196984507028,3.6683102398426457,1.8765934667887985,0.8674164718271798,0.3907574416233397,-1.1611278234306905,0.8235512859379315,-5.574616074116117,2.003394527275368,3.7533908055975718,-1.6430576709114875,-1.313787839016088,-1.6728917142700763,2.643296129872964,0.5475460900496965,-1.210507407154674,0.7631591297121614,0
-0.279567679384274,-2.430374617969278,-0.9160478712591049,-4.371862245551589,-4.249139777795701,0.22856341611404213,-0.13390347151080365,-1.4942307041879768,0.8259039991933708,-0.36003001628682274,-8.578135215369537,-0.6074108048013955,-4.900039327119305,-3.437415812788844,0.3644477567597224,1.1822251220641693,-3.3418817516160773,-0.5101032198471679,-1.6407031410341006,-1.0779660860959144,0
-0.8207418637012132,2.457546416281409,-0.3249841170729244,-1.8292182808635071,5.982068497785189,-0.4198477150729877,-6.068887949564444,3.213389456707459,-0.6098780692850652,0.7097010363359505,-1.0378718402973235,0.6170987790324147,-1.4547507487834512,-2.5553032717571025,2.2503506274356573,1.6141146213155306,1.9585551472429361,-0.5486904097999161,1.6602585685247564,-4.900960752610123,0
-0.05183856397937658,3.583857713249956,1.7890111167142613,6.092942436736894,3.386743556673761,-1.3104990159324559,-0.1210295479036201,-0.708122028195544,-0.5726577626300201,1.0954362826790291,1.2473999828598739,-3.7902128872803464,-8.74987249099245,-1.4635393658088798,0.32291831995817843,-1.5670151672976163,-3.527204372405675,1.4681062680661983,2.8038518125953393,-0.7678890969657461,4
-0.9507134406745065,-1.357679466912777,-1.3666474384405287,-2.4990189949978237,-1.8723114315996758,0.7757723996009324,0.08375552702200607,0.6683743987017977,0.9856763672711089,0.5146363240666902,-3.754742593420743,2.238523996369399,-0.03345960099757134,-3.2722466722383277,0.4090043860940622,3.1646738880333913,-1.1448318174505718,0.5362189251831837,-0.5426643334574719,-0.9307626678975651,0
-1.9271954372584592,3.527569687440288,0.9155005213726493,0.7602010354892257,-0.48592113184699764,-0.030687619384100955,-0.0032267967464484383,0.4384009606677651,2.022041898165745,0.586023744055136,1.995808700517968,1.7923711891972092,-0.10699267506312928,0.519580134622939,-1.2036537805790528,2.0193386502808948,-1.0483021725509398,-0.7806376224372594,2.479097276335097,-0.5473387657862249,0
-1.782619943232722,1.2823551697313782,1.8223887239101488,-1.3086695262956898,-2.0875006525808635,0.024644922194102893,-1.176058326193797,0.9777798058525068,-2.3420655895918214,-0.33110235489488604,-6.864404773591305,0.024048687404452318,-5.350025798988852,-2.5756191443986607,-4.672956164514792,-2.8092041941870978,-0.6725853681591707,-0.8746075882550929,-0.7224682925420787,1.8991517115351493,0
-0.36207734255891316,-0.5381020690836613,3.5492154781480694,-1.8173521234008478,-1.531669286002256,1.1123510774232184,-8.73722346761574,-2.8157013623106946,0.7961194961781297,-0.5064881748116418,1.7650857122568728,-2.5358153127075846,-5.559680253263508,2.730904162119037,-1.6736618488928245,1.2203587546157368,0.4287939417433284,0.2596361653183601,3.4065295327101297,-1.5267269200248257,0
1.0401704164265304,2.2802540833325393,0.7027225101147172,0.8248049880204743,-0.7412553737709282,-1.8058468884436396,-1.6062871825610285,2.379628178134908,0.32996558452600255,0.49910301434593013,-1.0841780151372649,-2.520715688832576,-2.9773581805391554,-0.3996500966435159,-1.2495000993566512,0.2766749816240175,-1.0219468412483028,-0.16535581346706807,0.9841014230117442,0.8103682718298274,0
-2.5647078051498915,0.6502056784177898,-0.393946919653565,2.189345987324354,-1.8140310635563246,1.4119620059496611,2.596524688032587,-1.7564922399096563,0.39749632788229405,0.22518789756840368,-1.1146648638775856,-0.7751598564860377,-5.329547262925034,-0.08304053064484984,-1.9035388192920195,0.006215941993179874,-3.5720372475589772,0.5093559305345263,1.6030938856955834,-1.496610343919891,0
3.1823785040645323,-1.6659109292182164,1.1890244464919106,-1.1118943365339922,-0.289730874895228,0.21967713057641944,5.817708887112373,-2.5427958132156983,-2.5956215378844596,0.2968084476355398,1.1716132446945857,3.864239992464901,-1.5016480402150914,1.9025951721579653,0.12042256133308327,-3.866658891970798,-1.7742229744984934,-1.4378380781590558,-3.081614907239434,-3.2547723073568307,3
0.04737443401531086,-0.8785512772698612,-0.5920079974889132,4.6181689895719265,0.6921194182050237,1.2481244897723196,2.4299968646827956,2.0453266189190793,-1.1828210155783974,0.20881735660542772,0.25529023026987735,0.31190932791659676,-3.6231803856410796,-4.535434190199298,-0.09482384092296214,1.8635883517871257,-2.5462611949660148,0.6660064141059328,0.28715478849397646,0.6051706545090272,3
-0.10530909933414562,2.8549451784257256,-1.140259420963527,1.6872256425402927,4.316514858668781,1.8969290449692906,-5.797029320710879,5.17382086620386,-4.270464715833125,0.33474402682229554,-5.344503938894533,-0.8302860615362884,-4.108461027497751,-5.547919533302839,-3.8402903240032673,5.173782525923848,1.4135788560302291,-0.6823227785683137,-1.8468775916691942,1.1840024337436565,0
-0.08908670239159408,1.6685184697763487,-0.7724692415708074,1.0908813752897717,2.1832877085217977,0.9399543566113138,2.3227967174022415,3.42655473806322,-1.8444064841283199,0.669169889442427,0.22579614878011792,0.24152704446387396,1.8481125699091234,0.0178096287211833,-0.20652467310074551,-2.4820642824752124,0.954355553971544,-0.22800171747544853,-0.9214432080185277,0.2394118528570689,4
0.23924485380013444,3.7583720717124316,1.112232486669509,3.3936321735497716,0.8018379507897737,-1.153820886643598,0.9422441567135853,0.9219895417011867,2.2842109774636987,-1.0526792839030832,-0.4296305003571547,0.053281416865317954,-3.106082767711659,-4.074222650946375,0.692139102851532,1.7591254225396176,-2.6939356212262098,0.3893470228067903,1.9396357170207716,1.2351278048036671,0
-0.3511404317066093,2.1069122819210016,1.1441276800600009,0.5295570868386088,-1.491471817006103,0.03141621283219198,1.9983927637140468,2.481847401474823,0.3758620774827863,1.6351157876792772,-2.267819170094038,-0.32341256924480644,-2.7405057856247157,-2.032643298960683,-1.6832224603116344,-0.6325681917223214,-1.181293494882056,-0.21183560634187146,-1.9133465997185337,0.523456935550928,0
0.25321909055315567,-3.3287590297740266,0.7947901035244143,-2.6927657036504713,-5.066831040842008,1.0422478330483995,-1.1940541472949868,1.3903329017609436,-1.9839043833405172,-1.602891765263958,0.5091889982067935,1.6809365903163709,-0.7791941624335899,1.698223531738805,-3.1002975731320155,2.6300870732384145,-0.881681093488093,-0.43143897898355643,-1.2915001454538038,0.5150875361309513,0
-0.3100483744318677,1.8937624791324634,2.0347227151131237,0.9792713213808045,1.124946690697928,-1.2851722852951675,-3.8196768045820915,0.5657557057309134,-1.40995372632029,-0.4122580710634807,-1.696528185683743,-0.9683175626599787,-3.203189694099412,-1.87229183728132,-1.7886067771861007,0.38874342896066927,0.25043544437979204,0.3595000071326568,0.4069915638498689,2.4637043932157825,0
0.16844588597208987,4.231855797986027,2.1121144697830267,2.033416464062674,3.0621593078194116,-0.725786370144451,-3.965749330195168,4.01463303299321,-1.766849983529217,-0.8413963393324232,0.8243693292347599,-3.3150311815724502,-6.985603561422292,-0.08519051528569255,-0.9059659380806121,-0.684355967475327,-1.1015508010311077,1.0263380504222128,1.595853064022474,-2.1548175481276424,3
-2.305279086726335,-0.17464004723189408,2.3164083391766868,1.2193688978475403,-4.927277495849351,1.0544140101497705,-0.2974029408806965,0.024015105030739003,0.7038573324918038,-1.5675851678994954,-0.8222609055828903,-2.4424032637349873,-3.4492773172138222,0.20979173535173246,-3.3946794605096753,-0.9735226066562545,-1.4133465399969376,0.2683995406914741,0.594437993092114,3.7996987088319307,0
0.7125870083839215,2.1651894236621487,-0.5098557162438324,1.8353158935516807,4.594230141064194,0.9845706916384246,-2.0487929822335476,0.6855029681190221,-4.127184966520931,-1.1830766843092233,-1.5160286753340522,-3.4520026467591047,-3.5597116588387747,0.9267272342129259,0.10221802816933201,-2.4901383774806254,-0.48311608069407685,1.018174442838346,0.5151586020000285,0.16087929687205227,2
1.0155002672566504,0.7824762657523282,-1.4452161156554029,0.8595174848222263,-0.5549478979042952,-0.495214188900822,-1.3105073822345013,-0.5837007790788282,-2.3072216944973416,-0.08859742879342436,-6.857227986632963,-2.211261214366725,-7.688071834944724,-2.553675239547544,-3.773043663598299,2.0582911455837323,-2.7256528521575065,-0.35162445006356874,-0.4943142782563019,-0.42498413866224194,1
-0.6590390212767135,-1.7632036531386355,3.5296131712684526,-8.046031600012583,-8.683941460001746,-0.9527863552334781,-5.525816489902145,2.0260855608287,1.537951324734594,-0.025418284620748983,-4.700174940169671,2.6210203259952607,1.8220345424096756,-1.6179302332726346,-2.5783462267918114,4.993162252753928,0.3338244262911352,0.6727451942868689,-3.0145254268433197,5.368507553935223,0
-0.28479567043464826,2.3525246581278796,-5.076323850942981,0.3470768262676549,3.5171893101643192,0.1958506436074498,9.747223712238977,1.619589116102718,-0.2889245131603,-0.49291996138949207,-5.086010402451764,0.7150661151189728,3.8690742308400696,-1.8510854694831642,3.8001005388951916,-4.845291491707918,-1.5335684411494985,-0.12984392628951189,-2.1071782955663276,-1.7538790319682764,3
1.6627674451978527,-0.525970330048982,3.6451627134791313,3.490355412251482,-3.693176316057503,-0.5286326622955074,0.03133472390950096,6.263302568942771,-0.39042860826854353,-1.523459674793467,4.64244131499293,-1.94281555280531,-8.578115238201582,-0.743050460435001,-2.961914159738284,-0.7901195829285547,-2.7613635110211376,-0.23482979342391355,1.574628740558357,-2.327372563666268,0
0.2600006608759651,-0.4836037809160223,4.727063000865986,0.5487606670994131,0.12266755686705136,-0.5336983208342153,1.14349888400346,0.39357049234384434,-1.4692902075233878,-0.5461559534755215,3.246168671124919,-1.5532859061965707,-7.380324372253037,0.9523282140883235,1.9011144896864747,-4.479915678734828,-2.4773733610650317,0.4542549935872138,-2.324491933459644,-3.140628712926615,2
0.01360407332085404,1.5151978948706244,-1.141967569260629,-1.42561338837637,-0.16471313657412254,-0.4502868471011738,-0.8943968441644644,-0.6958550393976692,-0.942579719493182,-0.9450074164480402,-7.681783224423503,-2.0119165864567377,-6.8228041148410155,-2.166039662539693,-1.7505506180659633,0.04744375587338623,-2.4114720055992507,-0.014497232258022684,-0.7401684626859519,-2.23413506299522,2
-0.5077372734912303,0.35720362773383785,4.305847148008933,2.39669106426609,-5.287538676312527,0.0358126632191833,0.8630064845501925,1.040664791624126,0.3695582493657419,-0.22756263781633743,0.03340794464877748,-0.5332926650521194,-7.262864812217261,-1.7891245965535978,-4.519690170179988,-0.7366095325184118,-2.810267900804881,-0.9123559219948952,-0.011257956174959616,2.233152677636509,0
-0.5442889762967646,1.2634332872018597,-1.0538018383694427,-1.0398461096410179,-0.27827215602210986,0.430232962988477,5.4107170218514,0.9782661727692227,-3.4753291244219806,1.2653177076063253,-9.436925226059808,0.09561713697074081,-4.562708156212068,-2.8206851884924435,-2.3699724557612973,-6.656645906049574,-2.174866358383329,0.8806343495248303,-2.68242990630255,-0.18519450480760224,0
-0.9930044649963177,3.7525653278420523,-0.22608781874609107,-0.46919555128410173,4.422790272048993,0.31385724577411966,-1.9841133224175314,-1.3486335192297423,-0.8302302532634462,0.3393357930258131,-2.756137783060565,3.0253468736741347,5.5091700424954055,-1.7054950551850239,-1.2625977773471537,0.461778880345445,4.052234312323144,-1.974559082924005,-0.9320982452539702,3.6170395541908533,0
-0.37431991925421876,3.857091808491893,-0.7466396544268776,-0.6008064301973461,1.8693196717006129,0.3777625802011493,-0.3647112181949836,1.5984014440828995,-0.010928301569799181,0.4344131504341494,-5.283994366022452,0.14164635607134612,-3.038487928070324,-3.030971398916604,-0.9387603650628614,0.4878912609066389,-0.83422869092697,-0.5309968495586126,-0.3364728544058675,-1.6068913566281506,0
2.649602138697916,0.4367591812424477,-0.1353365983829764,3.637385738071208,-3.1459673890570135,1.277625754169493,5.645354185850091,7.946928028524609,-0.06140253819881425,0.800495306507029,2.5162136859300097,-4.32871927939166,-6.862404647216914,0.46090056839334537,-0.7276202593714591,-3.0752082151936992,-4.334154228320026,0.0036437645017512563,0.26266228213057086,-3.893161681715277,2
0.781648593680662,2.1169008204515047,-0.08976454148010626,2.3290248985241693,-1.3648980580778332,-0.6591101431574579,1.973224644227806,-1.987779459967152,1.146542516201115,-1.991068302922198,-1.1742101476728362,-4.273553448307521,0.03186573756182691,1.0247551785487086,0.8435796803235509,0.30522851762538905,-2.396817202296791,-0.04757849443608111,-1.0756860796613854,5.5432981052550545,1
0.589030355353986,-2.0990813367917625,2.5382136548852454,2.95543871529567,-4.602347963312808,-0.647534385307035,-0.5135762282217902,2.1931991147603993,1.1598212975093052,1.8577618554689812,5.37222863922316,-5.348961839089192,-7.367418283493686,1.8013129014339975,0.25058273960904565,2.0069510887949633,-4.097342704476649,-1.2160703185831854,0.17931848851142695,-0.8350512488785948,0
-0.6661872842703866,0.3974662391033277,-1.3468311052506157,2.024261700725718,0.2665359148402527,-0.6864135896442815,-1.0020608104012336,0.8213941337134378,-2.634998054282492,0.08855886207677965,-4.722503991707295,-0.7089611355322407,-5.684425251320961,-3.627245527996823,-3.0585538837914146,3.1031701169404178,-2.289850603933566,0.40709722959801203,-0.2000870808953068,0.657847023141638,0
-0.3729456459098741,0.5934096566911023,3.905488278752054,1.7770756162661554,-0.3599203006020843,2.3102827945463367,-4.175481737268106,1.2689836547529676,-0.5862671936388084,-0.09935629332733534,3.9703880667142566,-1.4241365422202963,-5.825485842914295,-0.36216256684766956,-0.16487804705448517,3.502395599246473,-1.9214997649379724,0.8180231429905729,-0.1356327492099102,0.2666944606020242,0
0.4745991274878383,-3.390055133903499,4.165621713918174,3.0669710671795287,-4.751514601475667,-0.7826291978523723,1.300967869794608,1.4767335845359888,-0.3675856302267503,1.589827520846252,2.81226662615257,-1.9610947995366343,-9.156052913773298,-1.564707790651357,-2.206197404117267,-1.2464460880439385,-3.027397360335243,0.4184141408355813,-1.2272138502665684,-0.8214808880503277,0
-0.4955940765874636,2.2268760933532374,-2.556768351187902,0.4440730122755965,10.05987751223296,-0.89373242494944,-8.718783389290692,-0.7247117306105351,-3.1517956397236473,-0.9162077749053583,1.0493895181168522,0.4983271365259426,1.3852432021426393,-0.9913198106462917,5.735907133897295,4.3368468780992835,0.017670360804375562,0.6950678287131262,6.573519209392711,-0.9712600570768357,1
1.0105270570065552,0.6896890659945458,1.7073543546679342,-3.493627248113744,-1.19990095325539,-0.44821633970351876,-6.63826984244542,-2.380745020569031,5.3388217842228975,-0.9726270833119828,-2.994652276082851,-3.950619421485869,-1.6637911746933791,-0.12804338369622603,-0.5858476153754273,-0.13439569547852437,4.000436531936882,1.6918949156824963,-0.0796969058121797,-2.286968579125381,1
1.842910963016902,0.9363359693855248,-4.566909129522529,-1.1535628388298442,-2.182871430876962,1.5495543970306493,3.125147527674252,3.28384964846295,1.5771492415811217,-0.3818140333690551,-6.920697339751841,1.7099152646675266,3.9507911756137943,-4.279385516666055,0.026820442518894372,1.3187643524424018,-1.7209560996398927,0.14345786108280043,2.720375716456571,2.6166729134708877,1
-0.8666459008324837,0.6219567015325593,-0.9257541045076667,-0.03465837321599352,4.58660364391006,-0.46474112788523225,2.0143323963122244,-3.267307458053452,-4.123317082650891,-0.14397081903523254,-8.770729142960118,-0.09708249754729015,-2.349285281230332,-4.243643755898816,0.7839603897905572,-4.213819516355329,-0.1229568016691871,0.8841076936291696,-4.152001891809341,2.1128430674730905,0
0.40705954238266495,2.4469845559128824,-0.725038977196137,-0.21777426783583187,-1.7198563112290193,-0.15581463961487377,3.457452091671802,-0.5915761417207226,1.066861022545517,-1.2788051970527192,-1.328894036272488,0.7138290755265773,1.644802298030371,0.7148634678638559,1.4982209164287652,-0.4669405857193618,-3.6638238838241617,-0.08600093003257334,2.130971271577712,2.7659092685762863,1
-0.23951872136650246,-0.25611044251768833,2.463499106479169,0.2785787918645347,2.983135094027434,1.1027046564649727,-0.5350625644554299,2.913350042383741,-1.0136160534012233,-0.33849067477484407,6.030261922671273,-2.373620946937645,0.33450707478054786,2.4792784950980766,3.7343112489207484,-2.3389992163507953,1.698088826818056,0.6964543838660965,-3.505751747259467,-2.080883083895662,2
0.31092758187767466,-0.9678040926864953,3.387675601448856,0.9847970304416175,1.1285122420995504,-0.9718283065958225,-0.10187474094919194,-1.5693175877852084,-0.6368054143716759,-0.4901656502040073,7.32337907587694,1.4576103220664542,-0.05885188220238558,3.228558400567627,0.16166121360880858,-1.1574075640426587,1.6061270861211363,-1.5136321923549891,-1.5403710077059802,-2.03617227735307,2
-0.09985943693462605,0.48701135386731387,-0.9590813653545669,-1.6015482430423722,-0.955984098006422,1.0843676875011556,5.02886382499522,-0.5464462736816125,-2.6159306397084428,-0.06582372971465345,-5.341691655899615,-2.409027879229133,-3.092936517190112,0.8573150182031375,1.700441700099149,-3.1586756558425235,-4.226093108008728,1.5497871286573641,-4.4132460188564835,0.6545517631767903,0
-0.6505522097639834,1.0438660004419833,2.2192281840351873,1.359306150439895,0.6332116816356886,0.6152554600694721,0.15597256683934618,-0.07273380032690335,-1.5315405739017187,-0.3381245212471974,1.350491406249192,0.43597440245703645,-0.4125288637684147,-0.26883196990690383,-0.30147665675916135,0.19333203134567767,-0.30690463660444367,-0.9832721520211475,-2.0510598385427246,2.9994774610828885,0
-0.05385684118451689,2.652347790673759,2.0219295985351797,1.019551441807716,4.581742287227554,0.6284231502440458,-3.9802582014961545,2.534276901786099,-2.309182584594066,-0.3159408508458155,5.950462529697623,-0.0424540406342625,-1.5543278871129667,2.9854816945928597,0.5707293253971684,-0.4029247171325374,0.9838639180997009,-1.0832761475891712,2.0852067943370365,-3.159308642896218,0
1.5343704448156597,-1.5086968599272348,1.6287480892047843,-0.5058319413603485,2.1305197556126036,1.5492199269101596,-3.1849067426388062,-1.8361067636424506,-3.045046678911678,-0.026383971378865598,-5.093506658650497,0.21540117825763017,-5.068293248951462,-3.9976496658590794,-1.3388685391352164,-2.34833841988251,1.092430828753702,0.5610613754756312,-1.3769536125935762,0.14842227136452646,0
-1.2560910715249165,2.8693551422403503,1.8118727754832387,6.834856037724172,8.098810985678444,-1.8137808245183693,-6.034876222703037,1.4372183519228277,-4.182646625511438,-1.31510613482197,2.4614107086805497,-6.599180455206506,-12.098209920948413,-1.0465049119091658,0.13302415092287045,-1.5125952323774254,-1.1066414126797695,-1.1798748414382605,2.7813367749882483,-3.6351292979349252,0
0.3669695233232703,-1.0433231039979498,-1.5655779707652893,2.274426724136144,6.996934783020737,-1.7175376875008876,-6.625656892367777,1.6523067010395553,-4.927798132260728,-1.5870029916981552,-1.4303956126871304,-1.7508463804112446,-6.636331343405288,-3.564334277949824,0.6449756923970551,2.4412001889275725,0.21378394431567926,0.5113679313624813,1.8677039090511531,-3.807911296838355,0
-1.092460599312217,1.52918880414567,-1.3159352808453133,1.221435663940205,0.35220806885465755,-1.019272345163995,-3.0522157101985146,1.9337320396794446,5.969221936003636,1.4645823098486312,2.5273599173643215,-1.287259485041008,3.9012953646926865,-0.9578416625978143,-0.3065284824485388,2.7450111226127265,4.0445611451681485,-0.3220760750544589,3.586750849309269,-1.6466325959444856,1
-0.22583585970728187,1.546298537692156,2.4720544744748274,1.5072199736522947,-2.7448515325581955,1.862299802347153,1.679244024311138,2.7569497302680004,1.1814814727120404,0.32103686786465296,2.760315390037327,1.9937338327669782,0.41132902337175814,-1.2551990096498304,-1.003521543602175,1.756379837929349,-1.508361365250811,-0.12221902904728241,-0.015004595519520825,2.9685011322403985,0
0.8071746823125959,3.140925182621123,1.5645610462760955,6.526728587456652,7.435337669243145,0.7436220817737631,-1.8323928748548826,2.507272760271321,-2.717438289732181,-0.9030483767359115,3.106782251801688,-3.9015273700013524,-8.512865071539803,-2.5908942145487144,2.9724500935789555,-1.5871245948559523,-2.4853010645390183,0.19857301167424676,2.3065436205989025,-2.4848643761657585,0
1.0365161397090954,1.0903629242866868,1.6509333819204681,3.645976093188454,1.7835017721845599,0.9155767398480857,-2.720152528424329,1.8687417757288693,1.0740972779492175,-1.3286367363868248,2.255888365040674,-3.588159046665247,-4.060317118816158,-1.2140796545445085,-3.153584554875099,1.0378855605248611,3.509754978575296,-0.38713605650313815,-2.6103234141677483,-2.2003170744456138,3
-1.3229549422804767,0.5818332755048456,1.4058243697230899,-0.11016347699077378,2.2001464291003807,-1.008513751304247,-8.917662320219597,2.2714325940796636,-2.630169614078257,0.5838627434687643,-1.140233720674375,-1.6841110123013041,-4.317827450504624,-2.079958147606134,-1.9615784159086482,4.61058348307612,1.286087144149358,-0.7475227022885166,0.3048777531521768,0.6875758925253248,2
-0.31299658214695447,2.6111954015832897,1.1568081810425523,-1.7138538077899037,-0.7580729405460482,-2.5112126684852654,-1.88313561318083,0.1096102762753175,-1.5687972551942755,-1.5726827692728509,-6.472005676736945,-2.2053604838171212,-5.989071041766641,-1.0878003780052072,-2.463455453852956,-0.8751721125491507,-1.6504869034919505,0.2113917363391902,-1.8626665616437874,0.5296783333545083,0
-0.7871845310212732,3.2065157845125016,0.8716873830614059,-1.362829818286261,-1.0265794746036654,0.08327462951479689,1.4150692853088824,2.9204294077614383,-1.0913503592129539,0.17041029033848917,-3.028997268734373,2.1954880218919963,-0.056497278509699954,-0.709838503631385,-3.4338280642222996,-1.3289464717172341,0.23668698824978707,-0.5569292803965793,-1.4491865108506348,0.8467820938401596,0
-0.07328815833598118,1.0717782644729688,0.04468247524127855,-2.1949447337856594,-1.484708744639795,-0.06490768521031422,-2.6808069490565227,2.2997121980440793,-0.28733458151176083,-0.0006785966703410279,-6.989291856448166,-0.9889740408778451,-5.473729874746374,-4.19435680756286,-1.4588566857647332,2.331709645945719,-1.8485768964025886,0.8839235012291423,-1.17397901757049,-0.4276852937992265,2
2.0971146418260345,4.925340306614882,-1.847399190567402,0.7183675115065294,-1.0925336611140892,-0.804898451803074,5.503171689131723,2.3916435568853656,1.6943166396205882,-0.6611672154991697,-1.315606030829881,-2.5696204330575245,0.21230039004410534,1.784564254635681,1.1365705226803522,0.5079616429834071,-3.7804901045020083,-0.5899572407132415,-1.6257556749611042,0.3555535553325744,0
1.1420830026644924,3.1495800655379043,1.2399367736650022,2.139474799331403,3.9563582142748253,1.5691033779939534,-1.3814104588834428,0.7296089678342157,-2.9803443812976473,-0.1991180358312974,-2.7055810256869117,0.4277969037885365,-3.2843089613137217,-3.1367994749046195,-1.1546466561347595,-1.289762001155291,-0.2062517695108086,-2.5815690557852835,0.10501839799094115,1.7925959010296726,0
0.2117992004414931,2.5960975278167795,-1.516183052947695,-3.3388895471688573,-1.7782898593822267,1.2544636835916718,3.474485915097502,-0.39475297662979636,0.6454627750099731,0.5729091416932595,-5.351911208169351,1.8528921635815117,2.2638678268952717,-0.010544622462819397,1.2952151728994983,-1.4203931354273855,-3.0316362385958624,-0.4213021763850759,0.8035467524485999,1.6755708027774125,4
-1.80367135310113,0.37212668487025446,0.8824011780279696,0.0984812982506249,3.4832940117462807,-0.5926282428072309,-0.8671145175732301,-1.8466941112294184,-2.310404648483044,0.1448272358591896,-6.384719208546907,0.43638482750093854,-6.372751404083018,-5.575003255903077,-0.18519884904415573,-0.8129442017723167,-0.3721664739762476,0.072642275007448,-3.4133675812172317,-1.4820644106642509,0
1.767721057442789,1.5939723103229864,0.6568766925769882,1.320770934773497,-1.7163176886679559,-0.6043241597967836,0.3624791796428961,2.0482086823481476,-1.4818913366286013,1.3247104470606548,-3.0108708554716355,-4.32158691727707,-6.902019116806313,-0.33285357136046745,-1.059085216826683,-1.0605895082407293,-3.9492522885650643,0.4621342438995722,-0.2781252984157895,1.0121503494486694,0
-1.6529768939512521,0.5720983593208879,2.184800930584169,1.605031210263674,4.362607466313935,-0.8027373682068542,-5.31039160333088,-1.5269233102845003,-0.6932421000825868,1.605934138728761,4.282032475026598,-2.1705830110069213,-4.386492262505101,1.2998149179920184,2.5674746211231647,-0.6289227705141371,-0.07032263637511338,0.15101988632431063,3.340078243722429,-2.9592247176054625,0
-0.6164442755875086,-3.0256377877334195,0.8966521764534064,-3.7215891929284837,-3.8258664562103344,-0.5701026152634049,-3.654181407169338,-1.0927195612479292,0.06618006978662949,1.254256784680147,-0.19028530317278275,0.5265535179522662,-1.6836583176371764,1.7799571945634587,-1.5460105282566206,2.079491301966944,-0.13545046153917695,0.5173758791795087,0.400483139196525,-1.6001142815026512,0
0.24691339806735413,0.8548314305899051,-0.4107167775353837,-1.5367420833870211,1.8592106314546963,-0.8113859400254679,2.0509445990293074,-1.4606999272787005,-2.986437010655847,-2.6702775464381614,-6.82629242189717,1.257594961586375,-1.1266305961425451,-2.3047982771655033,-0.7938534615051223,-3.619158920827301,0.06266001899448659,1.6001489317840796,-3.1273826886024607,0.9907736585701877,0
0.9469184737353108,0.5963482946637959,0.6848292144319787,5.948294481217196,5.4497872369695255,-1.151579177797465,-0.3649248746973009,1.593376655567114,-2.230322298184598,-0.17322484326322593,7.744856006605123,-0.36345325544543416,-3.148545570652011,0.7058213650828349,1.0722152172684702,-0.723438825196751,-0.29406595297695437,-0.5197772682535587,3.317499235390373,-3.4205542711398165,0
-0.35057288224800476,4.133494489805046,-2.3053981572219797,-0.16410481196416815,6.249855056751586,-0.42047418651301566,1.3200284594444025,1.374016253945237,-2.891038287379923,-0.27765476763832864,-4.335189688100508,0.14232415337777815,1.4679114312878,-1.4506768890888073,1.9787961544012247,-1.5890837286919313,0.3210975136081815,-0.12646644675893204,-2.0210956852521322,-0.1069453440715753,0
-1.1657942580166947,-0.3690938194423581,3.5735334201923514,2.36012342347205,2.3838079565629884,-1.5084826059446514,-7.584822251122546,-0.3746686395319143,-1.9128990999179936,2.021626640020366,0.2954553470429141,0.46028433078528863,-2.556959590148667,-3.533039367364775,-3.312748991488375,-0.3651224133386173,3.6813770288591092,-0.12167958123352367,2.667955773228218,3.5123154981366174,0
1.147622120184531,2.8369031019016626,-1.9994038239602987,-2.4909639410049618,0.5567447849547377,0.582624089223645,-1.182075028373162,-0.6141157184744317,0.058815103548590875,-0.15848305596849518,-6.3165578245507525,-2.6253363872860813,-1.6375890659363295,0.08822672797967135,0.18771741561873578,1.1407053366553224,-1.2923586480665303,0.33502700785995987,-1.3120504267102813,-0.3220103626311297,0
-1.04910393728828,-0.7262063342132132,-1.364183240992959,4.104619624796312,-1.2271527545626735,1.7886896662497807,3.3323515905348047,1.2670957614028604,-2.3801377117192244,0.12371225161601178,-3.248614383971804,-0.9406494123277563,-6.85477303383264,-3.5465699004036844,-3.321836917002687,0.8628546088754563,-3.59980224444283,2.012371447206125,-0.4689672977830335,-0.004823745610388563,0
0.1907719305925331,-3.4054964149468985,2.7557553040612555,-0.42244672139341133,-2.9784260527717725,0.325735842130716,-5.697235953551255,2.4411650951956267,-2.4495502529619566,0.4231266451155033,0.39449791641748566,-2.0357264237268513,-5.354543025881134,-0.9520165085953245,-2.714901750344669,2.4667351122602073,0.021738598531918285,0.5765417163795801,-1.240623107636591,1.3392903168978076,0
-0.2622973019414071,-0.8375621835792924,2.514566409527281,-1.2157576446335923,-3.443168276355608,0.6461648718881697,-0.49012957452016964,1.831252934647365,-0.9411375983660658,-1.1753905632190973,-1.2336660034096605,-0.09186032198744198,-2.953545414773567,-1.0370937732048608,-1.2464006939215833,-0.02784138837795691,-1.5734072855109411,0.2932440469789688,-1.7950113816470123,2.0040408474891436,0
-0.38710199089218844,1.6775958813924388,1.125231718194522,-2.6823446336509575,-0.6386501280128765,-0.9423399057951646,-0.44714852253318316,0.29226066971550413,-1.3162086734680423,-1.6038694034341352,-4.221186937823899,1.518810074970248,-1.4685976630494912,-0.9877867576783614,-1.9760503600358852,-0.15358471206677793,-0.08349649865873532,-0.3179506089863947,-2.7284227698781183,0.4165864488281019,0
1.4145307931105,2.6475126487531515,1.079336626839416,1.9011007982026595,-1.8520977642997016,0.06063748823472024,2.3434649576365394,2.3036057202162183,0.1363231714310844,-2.1826167003429697,-0.7865807932281038,-2.010513442924948,-3.677995161580468,-0.45420325793273864,-1.3136394398418607,-0.23944246262548652,-2.8488357975609375,-1.0747878383102238,-0.9892509149956129,1.4176429236693326,0
-2.2163317386113577,-4.297071638069686,2.0197442057900554,2.849688239565636,-2.984372431577897,-1.3405194853482245,-2.087715958022501,-1.5805420424923904,-2.9410254988541205,-0.5420948337154744,4.113608757843079,-1.3028575651401284,-5.620487791879567,1.3991973597544232,-1.6900775033916315,2.2039331138054195,-3.172053127604916,-0.8456005269259774,1.6229974704793255,1.8722036698418734,0
0.2195261375028324,4.882745759018875,-1.7288049110527757,0.18895368065549356,1.6307621792800162,0.21403794472129267,0.6345737170970871,3.3687913587124445,1.5125530972407457,0.7141974053763827,-1.8501062145504397,0.15849475466407048,1.2542756973396918,-0.8697690623688883,-1.414689694753333,1.700493837760149,0.8210339886154205,0.15489538643251938,-0.10692480017193384,-1.5098047080522319,0
0.3645309379489642,-1.2753536931674878,6.001188918654866,0.12047529154163195,-4.945497907752293,-1.5641914317603174,-6.477247600129244,-0.9328845599104547,1.0981644133750321,0.8318463535829396,1.714290560564274,0.8779485057529974,-5.845685010564084,-1.623414784146699,-5.249930458486038,2.664386220269003,0.5954126751238109,0.0005879872975924155,1.2734017447493207,2.2697204450431894,0
-1.6042316949519322,-0.09526752514977188,0.49049752733176744,0.739050507157757,2.144114025805474,0.4785685658262142,-5.704359469908542,1.6383433333260884,-1.8822002810016216,-0.545615091149155,-3.960817351238939,-2.6399979151839092,-7.047342446270345,-4.638840492050912,-0.09715078300010738,2.6825438518964244,-0.9529420562046889,-0.3567582391842619,0.12151261655881118,-0.4704704410690196,1
-0.7191114363365751,-0.1873231012213652,1.1144140854460942,1.550782813517004,1.0110716797097992,-0.33607896334677007,-1.0018927635044013,-0.5934827581294915,-0.7470047323891722,-0.18568895173503236,-1.5021046254936452,-1.7711477905082602,-4.343533874704959,-2.327831464583296,0.03949345056041609,-0.1837121622202199,-0.6808814598893671,-0.2896071100107641,-1.2134031226978286,0.23962978493400955,0
-2.2503894932578596,-0.715666825877894,-0.365715020686725,4.6144027250653386,-0.7229321462607775,1.2738053552809596,2.235684124097665,1.9344081728582734,-2.2933224309268296,0.18997644127482605,1.2343890503790877,0.308762620018213,-3.6556001400651708,-2.074647472633057,-2.7540185425546815,2.26886101278794,-2.3871777956168385,0.9939840905447994,0.05563791415563346,1.2031522013868785,0
-0.802870026743361,2.592415759494834,0.041215988559164085,-0.7593526311192571,3.744729167800078,1.741495222697658,-1.0527425330776894,3.688526236554531,-0.6936790589081541,-0.6202174652017047,-0.9231745418061785,1.2416917896557256,-2.0875612880211434,-2.3045105718367687,1.772655252793188,-0.8158034736290534,-0.2784717948503319,0.3611919526325922,1.0645435392369544,-4.070935023692122,0
-1.1150557140611976,0.026517422165427296,1.3484326069022199,4.925514876349766,1.9709840725676928,0.030208609078095607,3.9620456055465847,3.3814627143852563,-2.5122770637427605,-0.08125230250009034,7.010204141876273,-0.13386790106994761,-4.590039646489514,0.8626980903049339,2.1409648782092066,-2.343195500637028,-3.933121638523636,-0.6912897434090713,1.8860880479528452,-2.891875608531043,0
-1.9541879451509416,0.6855624888084324,1.9739948796322964,3.307138233032298,5.220949453932551,-0.7363382369408069,-7.666543026320513,-1.7714140748784146,-2.3317174507916727,-1.3370525747067878,-2.3560037056733796,-1.1544820760369632,-2.65940925493873,-4.817197011106895,-1.8188353092611997,-0.33251602110935663,3.5513475704670627,-0.1486309199837066,2.2953735689752084,4.2697735074686145,3
0.5311274482550129,2.891988163870843,-1.6183168994004853,-0.9586514245797142,0.8157635828056425,-0.034007525801909466,2.2259073288144373,-1.329367614646411,0.23532727655674757,1.8716912472402363,-4.361289141278405,-0.9342369620275335,1.4857582606442976,0.05895294023749509,0.5322382846497318,0.16910228684517192,-0.726344509933623,-0.767082877118273,-2.6789305971560387,1.6796525617843179,0
-0.38093063304144836,1.7175846316932928,0.13035975962485014,-0.12457086464270706,-5.270253995933655,1.5553750872889025,2.461758069183688,0.984743933391004,0.9320669754327497,0.04124568559270903,-2.0562045434986054,1.8132071534010703,-1.7337794154407995,0.2774431514316025,-5.952197844974036,1.7253633810668747,-1.5775133227942255,-0.34297256554616,0.013545546982308365,0.6230642886344704,0
0.3662045382369723,1.4731766272709015,1.8592216799738506,1.4990123468196765,-2.3730945463753175,-0.7022622578076418,-1.529300913540966,-0.04583376843629905,0.23738023946795273,-0.5897554797978153,2.451920740083183,-0.6643571869599381,-4.223638885159368,2.270353215397598,-3.9302506294580812,1.0701084632644384,-1.2716997167776347,-0.6266153090729425,2.2474070975079656,-0.7588819534353551,0
1.5337222423796093,-2.9714548385684783,3.757558188002354,3.091334403170022,-4.407360802560887,-0.05102216171712267,2.6855205438839356,0.6206966548694715,-1.664776873198846,-1.650633216181882,1.3007434912267664,-2.8716784331669514,-8.935967177811033,-1.0647172191101388,-1.3664458442750431,-2.006650258145018,-4.205504303530709,0.5878803032873501,-2.623024622026805,1.1708109791938328,0
0.7770029625172802,-0.6963500355796939,0.9305341457431802,-2.0264851819001035,-3.8369544723646136,0.926789155018808,-0.7557480162754079,2.5441050936661527,1.4705230745146571,0.7471471248429689,0.8400826363660509,2.312844374372987,1.3536992536542947,-0.7045784674018892,-1.35700579913419,3.6497269502311096,-0.07703542689117349,0.9118591448567257,-0.6661217429100488,0.47767157387010073,0
-0.32608349237996515,-0.9689896405396643,4.19352798746545,3.1304980975679735,-1.1060883168610174,-0.38560743938743053,-3.224242493803881,1.2511550206637714,-0.9611678035674556,0.07908324966022341,3.475040744413112,-1.9281805737895261,-8.273245411933038,-1.6505845595653919,-1.1545923075327331,1.8335251271761122,-2.173796539458111,-1.1026141757878891,0.09329157720520076,-0.13532643419680102,0
1.2697502942140177,-1.0610532386116978,2.0999750227707303,2.5268024348124345,-4.534607187940825,0.848619661626,3.5372274898546356,2.4076905408779052,-0.8654538462750607,-0.3112237044975417,-2.1652884838937276,-1.8604381245585584,-6.827869401427718,-2.060668342494207,-3.9753841089236026,-4.5632894935976,-2.3588738855062052,2.517516957735271,-0.37593555543786017,1.0988945171467122,0
-0.5615381830522462,0.591331209232131,1.3952083515184115,2.039712702996437,-1.7770532198449887,-1.0510921668568691,0.22845906982370282,1.5302497020862,0.8484004328817918,-0.4398316943322781,1.1022752447344906,-0.7663588185354137,-0.7363450827864061,-0.5852272569404862,-2.4120895101212927,-0.6304635208441931,0.5812632111019558,0.5843382778354197,0.49197941014447544,1.93493046589591,0
-0.9594167788871978,3.59796422122005,-0.03601832069761124,1.8623858220145562,8.315911087027574,0.4907053801601204,-4.449862894106745,3.431123859729643,-2.2986712004629934,1.1531348786791829,3.753827450764516,1.818375471506521,0.7527055390804364,-1.586070472226007,2.961899948372714,2.5160040486080026,1.310393897576866,0.552668967022764,2.4691873195189817,-2.30874649599963,0
0.5896034016824476,2.739889768994532,-0.2733757946506912,-0.19073992298253373,1.1911212299888636,0.21981531494061168,-0.24199397840085185,2.7320917989364215,-2.2596031719321816,-1.2366053993279196,-4.434266230812548,-0.39191106442767576,-1.0675997312001058,-1.341988824622422,-2.3655057822263474,-2.648947587063308,0.4943778498133098,-0.20402374008217683,-0.061534259167503214,1.4411562594697107,0
2.5684180336896354,0.723273867890253,1.912248115346352,0.7989653517706269,-3.945834827718061,0.3325653561696426,5.333608097782223,3.7345962963591828,-0.4436586036006518,-2.7137783950564103,4.628008686752426,-0.2860988812168437,-1.5868439389216529,3.123749435873239,-0.055373254371722025,-0.14682116742389495,-3.8319513332388033,-0.005287430485535406,-2.8066422562997007,-0.1536218767945572,0
2.085670953024382,1.2505847024708934,0.409277256306403,0.17881140849535615,1.2278084921546117,0.08998643972692573,2.1980463844653366,0.41391230208936636,0.5851615368266117,1.0884929532441008,0.8625655456362343,0.6988760979198536,-1.6459345611763425,0.0350273658294995,1.5487749945477627,-2.391795467643223,-1.2039611895942097,-0.5748492450730225,0.8241204513418522,-3.2680910228327504,0
0.19030178986836324,-1.1173096621236018,0.5841695542115148,-1.045313428002638,0.2811938782333241,0.6370310606037285,-4.647233620011752,0.5989810422267392,0.10421676064297714,0.030924820673397836,0.6870837732727844,-0.7239889651347526,-3.619134446797443,-0.04446211638653497,-0.6294273129572645,1.5018722341784345,0.6360719935524766,0.15494856082683417,1.72698811460582,-3.8142474688078316,0
-0.2311176564096054,1.178507602455654,-2.726327551352518,1.2167900093688668,3.3357993243469664,1.0976978703593652,0.34542273048419886,-1.954191642912156,-1.0866753609448785,-0.3913496937669764,-3.937758488533813,-3.107846792935599,-3.7379151489778235,-0.16931137302688415,0.42547005245004543,-1.7599933403846242,-0.9849000490975143,-0.19601031899301918,0.7854436175670756,-2.784283381149,2
0.3291621656073052,2.907843523278226,-2.4750939972880794,-3.0178645760256275,2.712800567731636,1.1352317972405392,-0.9459046527968928,1.4544964215234564,-2.520247110449138,-1.4560985907620927,-8.886472124320019,-0.41407735213065144,0.5979817773054201,-1.552222172152573,-1.5052229968569435,-3.235405096116148,1.5972563200685692,0.8318471746213802,-0.7752435074995307,0.35320682830058847,0
-1.3352972949088968,1.3498168707768197,0.32915917328781463,0.3649658262514035,4.098009145635217,0.18366409312814036,1.2165852976207807,2.1040422632651516,-5.354682052003615,0.06094009999622039,-3.965188223233929,1.9396261049684047,0.3219377834906944,-2.345659723490205,-1.3231595891253776,-5.699950988161975,1.6549781179932896,0.17719473681261816,-1.4932431089130047,2.2520425940638606,0
-0.669228389697547,2.255881403734734,0.7606461556064512,-0.07644109573475188,1.3708790508295883,-1.4457999022463426,1.344504595993725,1.4471934504458377,-1.0055031907339926,-1.8900392636050203,-1.2070949173903478,-1.2182868114223353,-5.3839739135992986,0.07340736816954818,1.1429633953405451,-2.973023195252671,-2.796130673199319,0.6124842102978152,0.263755112266828,-3.5649897988089707,0
-0.17791595945172312,4.604121708705515,0.6260303785353936,-0.2713350089049946,1.0216062574969185,0.609259207256053,-0.7449532614685227,1.0796372810484691,-0.2953252923438616,1.6084025223130274,-0.5069639882922433,-0.3035944514072908,-0.06350195369020513,0.9724110728501665,0.17332887452010937,1.733693255491629,-1.6049972963411112,1.6332124159788812,-0.14505581057392636,1.6940094154360836,0
-0.3104866523341394,-4.162554568825052,7.1638621991087845,4.707010745964282,-5.389978326543105,-0.657877417264935,-0.023477309616020934,1.2081254015560299,-1.1314736743563365,1.0386061695170397,7.641041553225271,-1.204771658397961,-8.755481443300996,-0.6735747005627357,-2.1705758677040556,-0.5541840668904106,-3.0871318281255062,-0.6856572419823742,-0.8625263130891591,2.2767854514298698,0
1.1763815266804634,1.9453631945653511,-0.17109695711036477,-0.22135302123121314,0.3990297248326799,0.29382380251284385,-0.09035118261001678,0.2530167150232048,0.720409267601291,0.6768739827196097,-0.14317327781037736,3.40838616069599,0.8419183576270833,-1.1665441947638384,-2.051793880133453,2.899770069269598,0.6154626770346796,0.7404290172488911,0.17350173968585758,-1.1890604215821718,1
0.8570287368192289,1.5473158004539367,2.321409101250283,4.625512108605494,-0.9556369048865535,0.01762968173913671,1.0047781382463377,-0.4935317293769188,1.9075069683865222,-0.2252870743319331,3.7338616746087565,-2.6546769828773016,-7.3724992820295485,0.68589011953229,-1.5955810134258455,-2.0198971461175823,-2.51425477621795,0.3609738209410281,3.4733673973425097,-2.7424941847558335,0
-0.25130591207885217,1.8923062670472999,1.7462364336387761,1.234181467563471,-2.4598624339319723,-1.3655885436204507,-2.1133199534786793,3.087330843418275,0.07922534517273849,-1.6978310011549789,-1.346563473627607,-3.5436807373534425,-6.752610456502172,-0.766016086827901,-2.317797838629904,0.35945402122509607,-2.5786736657733647,0.29264905797773294,1.31397921561795,0.41609484307770184,0
0.3382991274584478,-0.21306418864069365,0.9267595011090961,1.2507333814680266,6.816739660608862,0.49865106514018154,1.049122395883169,-2.891817003223102,-5.157464979344692,0.11615931352773824,-2.5201133168103977,0.20870354055236806,-5.055302069561429,-3.4524858564229355,4.391720460715398,-0.8367037828406456,-2.2079840922673517,-1.6610976372817392,-5.5088805341065115,-0.7523924747034629,0
0.5200909850007069,-0.3957375257938264,3.6252761891567493,5.620801519983145,-0.4572401255461884,1.2709985762421219,-0.8772843470097005,0.23456288410872395,5.820241334113656,-0.7502241859239825,12.182909170890026,-0.10921326491980843,3.242220743101002,1.3549526866960704,-2.5452684057681427,1.9192837418666686,6.163592151787307,-0.14104436972663648,-0.05604337962510608,-1.1499017454630382,2
0.25785182313584176,1.8330129860575148,2.700267318287211,-0.9390809832287477,-6.082338629463287,-0.07810167629318523,-1.1622414276528028,3.543113366190291,1.5640074718969212,-0.2290440373089135,-0.5568628933125047,-1.2081291727726793,-6.729006885202285,0.35920135789709784,-4.373072801518736,2.106388064080264,-2.972627660063951,0.3592749213850074,0.2772508617730223,-1.3091768245490956,0
-1.4350994616991959,-4.288435315461963,5.544607685860335,4.186869706731658,-8.110952035094359,-0.41525355784184376,-0.28272077204504076,1.0548429732511568,2.374137808653503,-0.5541642707488007,7.037121881196237,-2.9705215747366713,-7.246073603210442,0.27421552293925955,-3.3356400038535687,0.655007461212072,-2.2043607030268593,-0.08291415448189166,0.6278870132552137,1.6794402651619276,4
1.4698256189245404,-1.0449178574122922,0.4182644110623571,-3.0005617874721944,-0.5003334152928468,-1.8723293268343404,-6.182213036147537,1.6212328389368547,-1.912899305347749,-0.7176581555626234,-5.75973845263825,-1.337513724639088,-4.668270375912444,-3.1265170359293464,-1.6766265818303574,2.8628685121806114,0.3242908744091113,0.5320823926656392,-1.6181607430589269,-0.19648892557937936,0
-0.1948963925084862,0.7934996970262377,2.6968565046747655,0.6434589120872651,-2.7478110737023047,1.1182243195810908,-2.4775793635655883,-3.0519627312182553,2.8645017307445655,-1.1288409140151705,-1.3557614591166507,-3.874961017633289,-8.39183143739766,-0.4671974690296665,0.01541524173495179,-0.20783818789903696,-3.53885601854189,1.112836743549456,2.522783362221058,-0.9477749451408423,0
1.586582594749442,1.016472922930651,0.758517868032329,-1.025445389549085,-5.347616112376036,-0.3926406615840316,4.069302799274603,2.406199233707661,2.0431382996457055,1.3007880526290998,2.39895868865238,4.467969957968852,3.086243726841571,1.0419778469817462,-2.571812133693932,2.214520207557261,-1.4970505910702143,-0.8635749350061727,0.1391922010405826,0.8256398130349969,0
0.44869520021855525,-1.7509244478584227,-1.5460359676162816,2.6076676658687212,-2.4694900234072494,1.4306853165192506,5.178372011597318,3.0800509181113225,-0.4859518565310854,-0.45200767305804407,-3.671450282943699,2.093170520700164,-2.725358804213102,-6.949267673834321,-0.1896075468746531,2.7546627460728503,-4.144006532929272,-3.1069260191991868,-1.2078889476594008,1.8188417234623189,4
-0.42150739750330957,1.3200856823914806,0.6233686808210209,1.6970334169578398,2.800453200096581,0.1923469667298092,0.23371480417898327,-1.5340498810119096,-2.282467229404475,-0.0010502773224405912,-3.82188851929685,-1.6456028242579697,-3.9439272759908732,-2.83851795257483,0.7701908933321395,-0.8948392828646137,-1.4570264091562901,0.2737102199179464,-2.5119045613086266,2.0287725212478787,0
0.7223061954104107,-0.5518220119702215,0.6406064050615562,2.0380083594512435,-2.2077041303327247,-0.5444754548134593,-0.45127341691215794,-1.5840720243207,2.2232249628465626,1.228813115353375,4.794578815806562,2.954499176959513,1.0841672956744244,0.23380835788480003,-1.0922020958041305,4.354807723811022,-1.16573251961132,0.4493423099519995,3.987572905670327,0.795360903766154,0
0.42757594692030054,3.148927976385493,0.9870612226063811,-2.6653131360554103,-1.6822071934067846,1.4719789997621622,-3.0668017321090835,-2.2178542263704055,2.3069418899845675,1.9673251216489829,-5.354034728260107,-0.5513593095968545,-2.9075092737128507,-0.9774825659630406,-1.8664522670058905,1.4090339712699849,-0.7146225026349713,-0.6546320461082489,0.617060069372803,0.266366497228556,0
0.21229132147923174,-2.5428816411460846,-0.1059474116633039,0.11875860439374453,-5.734680263879277,-0.7425865972230673,0.8357948104293004,-0.9338741111344642,0.3797177387333215,-0.4625307901256981,-2.8106474693321126,0.2824179172315715,-5.056939508932332,-1.509065448043295,-3.812071754400768,2.1916327533088933,-3.095697900040597,1.6355859989762787,0.874794829297076,0.09693682583347107,0
-1.2924203443622115,3.604330502284727,0.5077076623457621,1.6273306547699726,2.2429535330038295,0.4732027780727616,-2.534588534919707,3.3794214980792763,-1.5159436408107672,-0.1444408360783805,-6.782936258888422,-0.7704717415633414,-4.043032298527768,-7.2441132599163796,-1.4862603241504013,2.8610902847760937,-0.7011537846640418,-0.1888444550033698,-2.0299794373956352,3.760767608020207,0
0.36866036826184695,-1.0484849242036725,3.139161933485172,0.8423473816301322,-4.11051742815252,1.15087657207537,3.276286615543736,3.2205685374788127,-1.749580509463074,0.030915136536533383,2.6423974016200806,-0.10691496240641962,-4.389111420266485,1.1080526224719982,-1.640982346187624,-2.485484988550498,-2.9850399344523773,0.558419353672965,-1.6649607554357502,0.2008134080223951,0
-0.17492566228965598,0.6938165661225533,2.8792234867873496,1.514440988313268,2.049965625923962,1.9370767369821569,-4.554614155641213,2.8331618441955175,-2.6891488719742696,0.5109440912254752,0.9838369590083028,-2.28420343114621,-6.138909310667698,-1.8481205738537994,0.927210472993,0.6063587975298728,-1.5965584150779648,-0.6784838209778663,0.3621614187933674,0.5360732402890764,0
-0.8846486201322629,3.628532347558324,1.7038321562413463,5.292308656312589,6.294181618038872,-0.9136062071809657,-2.9194303200925487,2.1928747791919623,-2.640707368778938,1.1731521176823794,-2.0723717592549753,-5.662738020930151,-11.548001217090476,-4.583270027204065,2.052958009748347,-1.776809369620313,-3.200110273304675,-0.095944506211593,0.9948254549666802,-1.5496009787251106,0
-1.3470917597063503,3.6089379745286556,2.6345663804461674,0.40147341682339477,-2.511595720280923,-0.6298253995293323,-4.017640332546995,-0.7922666325591015,2.3172097412138752,-0.475470321019185,2.410401739203814,0.19338010256039473,-2.0745347505610114,2.0045828466178,-3.5206385849194883,3.6172632310819877,-0.7798148963897995,2.9939050679346657,3.3851979414356164,1.0764085174590758,0
0.5523933750328083,-0.8247572316678022,3.430372572053157,-1.252218398163596,2.796683022783705,-0.2434093460444817,-7.913211339665137,1.1840488147220318,-3.752513244158633,-0.6055174231132413,-1.4852802553700415,2.5227809549845115,-3.4902633903183093,-3.4171843934498045,-3.2556172893535873,-0.20767065253612393,3.7307649321037024,0.78398377343332,0.24766143821537034,-0.1304293260905367,0
-0.29017553939790663,5.239868819909838,0.8147398024648813,-0.4628957715098825,-1.048202771886366,-0.2610242137334429,0.7398575836756769,2.248551710887606,2.7593045520072477,0.8888158156776133,-3.9939880058652615,1.6936458803459233,-0.4339274064943411,-3.599113306009812,-1.7436761680941641,1.7684626666243237,-0.8467501013563145,-0.07404767418586326,-0.08446425114504486,1.4082581587125547,0
-0.25253084036146656,0.8385653496763853,3.103708465968059,2.567601640154515,-1.1387937165913684,0.35409113018732863,-1.7405363305885453,2.4045852722874814,1.6236584222056867,-0.5307487997028703,4.973781396242533,2.4362065380925677,2.2164950466040634,-1.0594773117098355,-3.7940981722555183,0.8934573845125304,3.5179024743591123,0.9763093268570103,1.3393303952462698,2.3064943578355694,0
0.4528494864520516,-1.1788703329028842,-2.23319221276002,2.5401719425127522,1.8797539463139512,-0.9342043984244687,3.6696605214574474,-0.6066625161090189,-1.1555469315814708,1.1012247435315188,5.502433218943064,5.095109847051786,9.644922329404107,1.3888171388206842,0.32859561368843226,1.2587113041328886,2.066990383659635,0.14882500429215328,1.4521776096326435,3.196413342580616,1
0.1197823567629256,-0.5014096684809148,-0.06584998156872546,-1.7189364068557729,2.1496169395045386,0.4154490247439272,-4.891994388338874,-1.5264555497478525,-1.9309964973825906,-0.19160546307250215,-6.488857688762413,-1.8249417099142122,-4.303957556790983,-2.9070959805507712,-0.7457987502940361,-0.7526712765430865,1.1015362357512322,1.024536271607702,-0.5802950988923962,-0.37793677940426074,2
0.07942334942961432,1.7023002871062043,1.0206876364203537,-0.19533689020540268,-2.039869522673722,-1.541296253287114,0.7055621424009769,-1.749931362218749,0.24442226388530575,0.16052018661350062,-1.7860644699758923,-1.8363645340491284,-1.361201134902124,1.0229885609579816,-0.1913817450778993,0.664805412494232,-2.384590266575338,0.9640404354189851,-1.5789654477529176,3.3811809923238187,0
-1.1412806066749939,-0.5048023829768498,1.156641147231984,-1.5474846147062125,0.04082872500899933,0.6190245191695966,0.28980742095677997,-0.1803755967812366,-2.481632981665201,0.16504691999589596,-3.800885343181706,1.260281514804722,-2.3639904805339302,-1.638538837977916,-1.4947172509107602,-2.6241550907030717,0.1920332609333879,2.009433767536038,-2.303262053109427,0.13843384219453014,0
-1.0714168799615282,3.9971780062929394,-2.3745825306867427,0.8991955250832986,6.955095307671905,-0.8834616950825707,-0.8664479677764986,3.7854129965194403,-2.1093803571996643,2.7920598747843237,0.06941269966147778,1.9814761389172006,0.7337836693311276,-1.0994843147090005,-0.1802498743311467,0.9526696322143752,2.07453733835864,1.9689817107991647,0.4651955827183353,-4.845064184946738,3
0.5690419584181278,2.437508834462691,1.6428415096349467,2.4751800252711074,0.4014783295829233,0.7593402928021163,3.06994570771172,-0.4258911555424265,0.6261050090663427,-1.6530422150039252,2.3816719099051533,-2.1291811865181653,-5.888741614204564,2.243923503300288,-0.0030330102335042186,-4.482560592583167,-2.691937418222249,1.1547963279335345,1.624468759275045,-3.9393394063217486,0
-0.10921538481326784,-0.42344711241018196,1.9325721656424604,3.3343358945917903,-1.160137922796889,0.7216119262181734,-0.9271017328624584,1.229344325700965,-1.8357703994957901,0.27329419368002966,2.279185051332618,-2.28075160149551,-7.252295988107219,-0.011963044954118374,-1.6655942958564474,0.5659090953302806,-3.1524769671447523,-0.2936731427202118,1.2894765644476065,-0.23354709462538636,0
-0.13160057377310483,1.1985957163797785,0.40424196402283374,-1.2278934129989039,-1.79410778944348,0.7405107012669875,-0.30708468938390476,-1.6026801122219916,0.28286008685262787,-1.8535410775145302,-4.464644432328383,-0.015278457831018666,0.7729937563635043,-0.6370606033163301,-2.763160550796052,-0.8373755496219728,0.9760980712798755,0.2492267183939754,-1.1291993135574736,3.5072228177266447,0
-1.5458589697859781,1.9379048195976711,-0.9790783057044175,-1.2563985103918132,8.493900949181587,-0.6065355006629567,-12.587415948409655,1.2088367294406914,-3.0593605928975265,2.9296776862602893,-5.153047451491138,-1.940154042296749,-5.0785381257344,-4.956425606332833,1.2716778108216382,5.085966025459408,2.3930326433797493,0.03748343044151456,1.916732770456707,-2.791525124727484,0
-0.48575316969594473,1.0930085289119666,0.798691592315445,2.3935979637834874,0.029009353142674478,0.08994387324884202,1.3125313439858548,1.2524276356660045,-0.7613363635524468,0.31199242869089533,2.7788105911824608,0.18454257807371333,-2.5780240164038672,0.7000501584127636,-1.1304175309231081,0.1618710274743962,-1.6307915324430393,1.9362172842059369,0.892091487605623,-1.00228619180101,0
-0.5734931562728595,1.2376292012932946,-0.7287471723565357,-2.9719655784515577,-5.596115197178118,0.59604215712279,3.394186009423524,-0.20936303424000413,1.8465287050918024,-1.1284452559048697,-7.959605292871732,0.43022184509957095,-2.589087686875376,-2.027373573256267,-3.3138945512053333,0.673194794611077,-2.535138109644998,-0.04411600767179164,-2.7587068412975,0.5097952148629517,0
0.44131336970445634,2.1394388823651873,0.9751841954759,-1.3050584696393392,-0.32462274728703905,0.9874944315118808,-2.978393372007617,-0.1094229220211711,2.0069407995004744,0.282353703268109,0.0704248595462241,0.7114216481884168,-1.6070091001415778,0.26318576577309916,-1.0988464595950995,1.4189200988879647,0.18407173078837813,0.2330201618355921,2.419342499634431,-2.3586747060634843,0
-0.08577062087132668,1.4791463405275789,1.5173136158785767,0.07481888347173027,1.9479293816964192,0.488069922184174,-5.488170752795168,0.6265015114943073,-2.097854186832918,-0.15570133146750337,-3.640333005511051,-3.3518191356922538,-8.378970541438363,-2.1570115787595427,-0.24662320196429655,0.5216550952467286,-1.8910960585914016,0.1747107327585474,0.7665057629327252,-1.0512820517332606,0
0.2941939231712619,0.7700857714031927,1.4910869722233575,0.30807480467284265,-1.4383856406556368,-0.7289775989460784,-1.9738271067550472,-0.13626890217308518,-0.6144697196990141,0.7723203817734793,-3.9285797953892305,-2.5545995210380097,-5.74960886947999,-2.0252830108606923,-1.9831501770478597,0.6319524317351175,-1.5411647025103465,-0.5980645572653881,-1.404592284578778,1.5461292147788877,0
0.48076852983170315,-0.17115911676437734,2.957778938872587,-0.36645302506690536,-4.6461272878908115,0.19492639126912756,-3.119173183612566,0.7097476493454826,1.2346204126787415,0.4751055784198079,3.5856578457143358,2.1668403951129553,-0.3368469155960555,0.9676646911833513,-3.102681746489245,3.8687974172724733,-0.6933532319172288,0.05618151678074117,2.4717208533568726,2.31851121373045,0
0.7280196898121404,2.2977532511744996,1.3167416604257722,0.8778362935233708,-5.298538581476951,0.6274116264141991,3.1277184537703935,5.90375050720936,2.046306719930222,-1.5248935399213526,3.121652485648486,0.7872983694266549,0.9685258948807726,1.8298137054609107,-4.604227012164669,-0.8471668847904104,-0.09430653629090624,-0.6055938870939891,1.148011114767428,0.4031228442986725,0
0.2070093303943671,2.5876901871329094,1.6347668775896544,-0.5094858429738109,0.7917278707362732,0.04979282184371716,0.23113226605542822,1.6446893141512011,-1.3476985853556218,-1.00432952941944,1.773915012586251,2.0050827529980446,0.5740971998225917,0.939931217988279,-0.28216231739804254,1.3135389086786713,-0.5411558683067264,-0.8182886435718353,-1.8276373201803144,0.5584762413200308,0
2.7364447661344182,1.5872838669734715,3.7675587009370455,-1.4533740280687608,-5.739406729117785,0.6206684153913268,1.2097494688191068,3.4661443547873105,-0.5027950011996944,0.305129853797735,1.2929120833310033,0.3411111901242927,-4.259087472183008,1.6841540916189421,-1.6910367392063974,0.5907947650277892,-4.587697965731367,-0.14771317435002804,-0.9410994847643038,1.4341667034766798,4
-0.9446690066157604,3.2045485848639403,-2.0537167033724817,0.1348285179059674,0.9635419617224911,-0.13096198295672487,4.7455896385648275,4.162493628388549,-2.09575467049099,1.7228992886186119,-6.7594026429981815,-0.347603299857553,-2.5163112884960466,-2.267895918620675,-2.2196091824569413,-5.188944846797225,-1.0885529211770657,-1.3377110260651168,-0.8804966882231664,-1.4038712985808752,0
0.07991510450788056,-1.2892569052738456,0.8919027556011254,-1.4451803934553848,2.02667754555962,1.3370831775567942,-6.993470127194234,0.2770632452011291,-2.425704722644573,-0.4839833918632709,-3.8726183979761455,-3.642729232293465,-7.551626608916042,-2.4198245516534755,1.0975063769237297,1.3659474801521296,-0.8691044158425137,2.0166124234609777,-0.3624466660041543,-1.837512170842631,3
1.7038626169752848,-0.9427412156215771,1.510431872182469,-5.927461988548093,-6.657325856432544,-3.404486485931853,-4.0000986785296115,-3.660309176865149,2.9329174891195327,-0.7026217584139672,-3.3801862956613835,0.5393088485733932,-2.026359353866777,2.419767149280921,-3.044366483166506,1.9723710807609,-0.7211918145848468,0.05523249851304364,1.353245339487187,-0.9318473277385877,0
0.6840206307305157,0.4456148903828089,0.48688255617609066,-2.403266703105708,4.171810299023114,-1.4101437091261866,-0.6016139902159842,-2.5590795799161206,-5.05647005264926,-0.0436018408644324,-6.874016219418434,2.2326557074390836,-0.9185920416621501,-2.742764120820195,0.03223368519809955,-2.548658134957856,0.9815784142518933,1.047721513366406,-4.571048956430802,1.7632849806180815,0
0.315312740415205,1.4185544488159205,-1.0121385357043078,1.289922703002377,0.47742733007039034,0.8746427903200078,6.613745454610501,-1.168174205362635,1.4800508384213185,1.6276666981485703,-1.7967159853653256,3.7341251806097855,0.8937313564529054,-1.9146310294494249,-3.196594072429594,-2.4072267292921468,1.7999957063864165,1.1103735990755232,-2.663123896684194,-3.207130192058228,3
1.438030886920464,1.8883787364136322,1.309131177058357,0.6934753631680806,-0.21856653668625045,0.8073741438163111,-3.2933033300946177,0.3960130617863792,0.260681461313065,0.1507666641911813,-3.098559168735104,-2.9949502685953737,-6.827640751398044,-1.8559073293315596,-1.9901478477431005,0.8386951093862881,-1.144646116633488,-1.8808388009804358,0.30601776244716394,-0.8271431353685452,0
-0.9149787292541657,2.576755930263202,-0.24084461056630113,3.7411467222626875,3.77499588258649,-0.3380985532282589,-0.8962752147340682,3.1912985586338025,-1.5957065327104047,0.727486872241873,0.1064669133763501,-1.1630465847862645,1.588597688748613,-1.7389481313466937,-1.2041444635887584,-2.919523984689664,2.445085842263272,-0.03446307409296506,2.2813584772512554,3.1918700562910547,0
0.08968992971198783,1.3040677889074785,0.42551329741081245,1.0571827700065213,-1.124016958982845,0.734307790619755,1.4560170259458571,2.695098164309477,-0.22894736377397762,-0.13207310554270418,1.2473024313962582,-0.6075590534667494,-0.28970708200773826,0.8844855074440165,-1.432006351412137,-0.5366271821016124,-0.45917380066564906,0.9429812404830894,-0.2832367083609525,0.5332946860048602,0
0.5206101308015065,0.7959726590922216,1.605314028157343,-0.4031599125259018,1.6073268320433036,0.6538465953103229,-0.988627984072129,0.6974904015408904,-2.877193228160521,0.7911515261048111,-1.421407395902712,1.1209276099073415,-1.9982803858177216,-1.1877207724536487,-0.7986320900538263,-0.9035724767227692,0.06716608333397933,-0.8101770000495678,-1.839467849234691,0.6748339858331565,4
-1.0598113427609108,0.7754476207416139,3.3961855368750005,2.4225358767283907,-2.596260413107854,0.3039414673797327,-0.6352829857900886,1.3573243481172304,-0.39490570417801496,0.43246446584494164,0.19444042514295126,0.008432577404719144,-2.8799719880986467,-1.7479732875230083,-4.201543048452662,-1.4006960844150165,0.1818986145832493,0.3272853461637792,0.49234419801320106,3.9560263970601284,0
0.5035875909239272,0.6278077005336311,-0.6440869218407386,-2.1476767260844327,-0.44730092865076937,-0.2084567158833202,2.949208368855856,0.20342672231393366,-1.694410104463139,0.34922489465160417,-4.606435624293139,1.4214077753780803,0.28119242295597596,-0.3492710151778282,-1.4431026536962526,-3.088618681346005,0.030982211674710047,-0.8844629741612474,-2.4879471881148536,-0.039342336290736135,1
-1.6970016701598758,1.9957415356163946,-0.9645258195729296,1.8776077499192203,-0.12035332946053,-0.2558157042524079,3.5809334884485127,-2.824213074817543,1.054848815612077,-1.1503885841172417,-2.3011459146611632,-0.25085541199151573,-4.355885220654969,-0.15966186539988525,-2.5678366082419597,-0.7278998011412314,-1.6961246197548232,0.2316598353984094,-0.2196819986902827,-3.1710806130232405,2
1.5165218223678032,-1.052824393002548,-1.646671374753259,2.294623259293933,1.0173043000626047,0.761558732117613,1.5990678818526163,2.4983666581789628,1.247877168191343,1.2247635790626354,3.134392349184889,0.6432089270908816,2.9719581489900904,-2.619571098619079,2.7115892828624597,5.709738046375343,-0.2095188859599001,0.29753893802397086,-2.193157809009572,0.4124995665877653,2
-0.31224379779611117,-0.571594562558299,-1.5923533887545238,3.5434581269163083,6.968481769239732,-1.8659362252559817,-4.182047554344822,2.9741369003978932,-5.035694715963881,-1.085513022674733,4.261300315223825,2.1696236129607827,-0.5758861602593361,-1.5504344056706185,0.13725381483058863,3.848381494875719,1.262499075271462,-0.37990291232555723,2.5777596445579163,-2.2872897757415673,0
0.8667877755870737,2.6256271716234005,2.2392823047798176,-2.135348210916432,2.586513690907769,0.8918181780704724,-5.866632333131906,3.862247475295072,-2.217112878873276,-1.9262319517224968,-5.037812527255366,-2.625658121086836,-5.600124070210767,-3.126817410753248,-0.30307467115121867,-0.6425483098057878,0.8163009760103781,-0.26997506575898067,-2.294565362893777,-0.5525744649109896,0
0.22325305012312946,1.3125979826878944,1.0637330068625723,0.2213973080646371,-1.7285339553326704,1.0379178685405663,-0.10386795772505293,1.8458996692344436,1.0576411457606651,-1.3963985654547146,1.323091462655345,0.4996332215891506,1.4767046389095024,0.5200477339110958,-2.252204743064904,0.566171014790473,1.1933474707841039,0.9967415016472139,-0.20016619549608394,1.3692857065605306,0
-0.22964062673175234,-0.02823471580676129,1.1828768801890792,0.2265423990135076,-3.0474556549859986,0.43207346047077927,0.2284085868714756,0.8265214146059424,0.548210771797315,-0.3949402014490282,-0.7936022173703101,-1.1876398218820303,-1.6668361761242416,0.0743306889246349,-2.375980933950115,-0.90247279820726,-0.27804133726851354,-1.1078287429374072,-0.23615068314648857,1.504439769611387,2
0.9346560317976221,1.537006082660213,-0.08903374111648144,1.4146185682428907,2.683293848177656,-0.20471950621822432,4.258683720888413,3.236448711848422,-3.2012046154579474,-0.30880384827867013,-1.5008124546640846,3.9954088412552062,4.039595226646617,-1.9748367348611398,-2.836506575004057,-6.498272206663341,3.30596544898368,1.4048800806781325,-0.6051984763448124,1.995199962037204,0
-0.7245216811545522,-1.3766795432820236,-0.4987199499191597,-1.032686236112748,-2.6119036515337037,0.1857513678576868,-2.0458253433962974,-3.3773661248651266,2.2088748629128117,-0.021724996044236722,0.33219735980506876,2.3288031400324924,-0.704966450137685,0.1957898438362362,-1.2386675978369568,3.731282815190586,-1.2057705426396028,-0.37313186244124735,4.003888426897742,-1.4622756626642035,0
-0.6265411144106177,2.6770066558322627,2.5049472078784016,-1.4464112806818759,2.5598281272299435,0.6470066499113067,-12.335449493751305,0.20550789518898005,0.2396144760629999,1.1293376791865164,-0.4552006987553195,-1.0291431885467484,-3.1255804396255007,-1.2487278366777763,-1.825587793251434,5.308585360436641,2.5866193613478625,0.10780395752861958,3.3448355713361098,0.19063650520611808,1
0.5009194426660396,1.387855520652903,0.9360112086946215,0.7195047743126717,-2.631345338961412,0.6039999885462077,4.1404272088655345,5.208949416240171,0.12242234763430004,0.36005534926138993,2.2505866495863422,1.4782827804447294,0.21298055772204932,0.6757668873569826,-2.7401435180709086,-1.64080851663683,-0.2153994595113723,-2.454257736119428,-1.1027746060049877,-1.0218779471733495,0
-1.5343796232333045,3.3069429390025764,-0.3223158244143485,-1.468057432015696,1.9071024311288698,-0.5992561555791459,-2.9591309405320687,-1.6671294757610795,-1.1121527563656268,-0.0035611858716525836,-6.3994999826927605,-2.075221344921714,-3.5933887171993617,-1.44323929489335,0.038832261885676234,1.5576391471424191,-1.5634380702034996,-0.2060086255944716,-1.2402188035277872,1.1769469889008735,0
0.05056801320829281,0.004316492209062273,2.6482041202059827,1.6720831344448166,-3.7861932878309608,1.0341167309060062,1.3395906460411846,0.22356144436392344,0.9279135487746997,0.4633803043897816,4.044753520322482,-0.4608645871552197,-4.061422494540677,2.228600787889443,-1.8913468071740158,-0.7687376505262458,-2.613781821791561,0.18739861499375737,1.8111074179585442,-0.7432224202532229,0
-0.7132954415455973,-0.7449232366709382,3.5502904408293654,2.011060391430596,-1.026477625842978,-1.8684662616775558,-4.989542876398176,2.0668714374328716,-0.48092298364747443,1.1505115705557063,3.05503272653532,-0.27315820258588475,-3.7232803737375697,-1.3859369116907054,-3.3896631796448946,1.0848145025084066,1.5765439667664065,0.1439968979665733,1.6402413515424334,0.956341515772197,0
1.2241138997264402,1.4974456491054027,0.45668771771858296,-0.011664693230886591,2.3149576805269416,-1.6487047206042909,-2.975699692069763,0.00339875293794778,-1.334996624230004,1.4210805930629675,-4.978643856646615,-0.13159846815507947,-3.105489456734971,-3.5864042250039256,-1.9857557945173245,-0.6974407704488637,1.364894516787178,1.6722664158606673,-0.28371894942215903,0.3360058604592665,0
0.8458469661800985,5.10261261175713,-1.6981893904378635,1.6233499244471097,5.951780436814212,-1.1184948960779733,0.04303076594714819,2.6590021471952276,-1.9079565675942067,1.654528307332307,-3.1132487114976084,-0.09286039116424105,0.9531044835165873,-2.2389880748778017,0.29427787983024634,-1.0367052435369295,1.015773781426415,0.6733991236709899,0.07228633535878193,0.5324080041590102,0
-0.9571951220556801,1.6978273472925125,-2.9725224411608506,3.047337152195646,-5.787850107070443,-1.1918477702187842,9.464632266779548,0.11730273513726641,8.417306999909645,1.9656922965542878,-1.599606761204585,0.7049683171518939,6.140558225786083,-2.8472365405164135,-0.06609762802381636,-1.3324013525657787,-1.5263306110374613,0.15723276568899122,3.773564556186711,3.5599601102357417,0
0.6198340388780935,-0.5331180700656173,1.092513931354896,-4.844651542432795,-3.9456183408530037,-0.40861990571752194,-4.8518763129767635,-0.6082255031197876,0.40613681516968403,-0.8630058476105167,-7.831824482774666,-2.6001170059986807,-4.798350250611549,-1.455846554577036,-2.929362723441291,1.623707328764304,0.15977690366756847,0.16360590961778826,-3.1243264151046697,0.4055463068130436,0
0.6337635523231213,0.8001572314855881,3.7551990705175142,2.156015161035664,-4.056098598054148,0.8559449657599065,-1.938673454329253,1.8956754688594126,2.4656914814923847,-0.8642025440694543,8.778886749201483,-2.203018215458521,-1.1682604333664428,3.552150099945406,0.04137298332776451,5.018573082865793,-2.1510357986394917,-0.7644407413302057,0.39631659641267913,2.127276716954643,3
-1.7734918538386188,3.0290053784965183,0.7828007969035947,-0.5698903083320266,-1.109437332829756,-1.2404225174642518,-0.7742078548444676,-0.22843177718650298,1.596930664164638,-1.6566739647538187,0.536849778205773,1.3083301838321297,-1.685458715750687,1.4771067369058035,-2.3174418254454996,0.7668499061960833,-0.8556693080620458,-1.0740187849840637,2.748776312965584,-2.1597363453221554,0
-0.019290557578656317,2.731812681717377,0.7477138332243314,-0.7829767361543294,4.784092375412139,0.02084960025238944,-4.569469150229416,3.306969950138342,-0.5839031476076254,-0.4297554124524534,3.703116665058649,3.310699342883945,2.654130036503899,-0.4030353905946533,1.3938529237368722,2.3551525481190283,2.3232955915111333,-0.6517133728928124,2.4862635971039944,-2.3319583882051815,1
-0.392182540456198,0.41008051376663923,-0.11838041029158353,2.542839378333892,-7.999502370541416,-0.9369084376665925,10.043325177038566,0.4281497434302164,2.635844160893146,-0.14766805395570565,-1.819237358156842,-4.641856699667699,-4.644621734702358,1.4010263936657763,-1.191195950890092,-2.611369781184761,-6.482061760781106,0.3210065993382798,-2.8764074132088444,2.0697534348796016,0
-0.7367318872436055,2.557371025357027,3.0122592007547873,6.586563780566224,4.177449106858378,-0.5440444395964625,-0.4586347425328741,4.258201847241855,-2.4826551037653695,-0.08742231386989534,2.7816321460768947,-2.8131985425614197,-6.256563651787137,-4.085282542958692,1.1956684806237359,-0.8131663689066817,-1.9025436813551229,-0.22192515019867304,-0.2730975754076512,2.1591527725261788,4
1.5468416916440595,3.9687001175092136,-4.4443322119557775,0.09909627330396409,7.202680990751609,-1.1940266131498605,5.1864898974521525,1.3166253849006144,-5.99026431203659,-0.13714515835756358,-12.57294238893322,-1.1188162834129989,-1.1050959319098015,-4.079408433554509,0.7989227240482446,-8.606626087939096,-0.5668456075856148,0.9436692184253649,-2.320091956676529,0.8829229753151632,0
-1.1065637959263668,-0.1986899853263997,-1.7548061875619219,3.0812518687991393,-1.062475866498671,-0.0015859262733926738,9.368789782385017,3.3281350446684703,0.8842142994532349,0.351244151670364,0.3360062848908946,3.242530458858691,2.764235600627535,-2.694078947531397,-1.9177250906463783,-3.135510530966093,0.5724466656033556,-0.21518343650817895,-1.8891901787999033,-1.0337185115252927,3
-0.7979215887038205,3.447692774307698,1.847860823328185,-3.077693538897628,3.550957367008119,1.8030124437669164,-6.234704193282358,4.7317283148293,-1.8300759684793748,2.0554157406451323,-2.2664507843131925,1.3004823628439377,-0.30892117735130586,-2.4213967178483258,0.1346358716725471,1.1987869299757112,2.2329561316697104,0.5296891081501497,-0.6856440879056447,-0.345104794213254,0
-0.9955875029247702,3.93933137682187,0.7926758103027498,-1.8473116548692445,0.8086008084115216,0.10045230931323762,0.042615323531263426,3.3958281595167192,0.3637574281440997,0.8110194658253493,-3.818512241879534,-0.031087423800983505,-2.259744613814434,-1.6512638020914392,-0.42774410404630814,-2.3948247040623727,-0.24802508148159685,0.38142691296829023,-0.43039283811672235,-1.882481436554026,1
0.43200023052785114,1.5571886645639532,2.006801953107045,5.373567945339053,1.5915899980780899,1.3408996019688921,3.5687765907470608,2.4224668259804742,-3.7099625462262513,-2.4318519399599183,3.6196908449905107,-2.533704518939818,-6.973131324838192,1.3336323912673622,-1.2739683927512173,-4.20334690814723,-3.0299658517469834,-0.3168564131420692,-0.360904882148428,-1.028204535401525,4
-1.611346920052112,1.8472176901152952,2.0847542775284866,-0.07336119535584928,-1.0715597267381913,-1.1969238653861733,-4.004158193262897,-0.06664532122006439,2.571313612724952,1.0701904616417472,1.4207161650127575,0.5120484781214056,-1.3179312868488453,-0.8533255572535409,-0.6376762638120904,3.384535335081466,-0.26073664121239715,-0.9306400869747108,2.6160698732493572,0.47354177457580904,2
-0.26416810625591164,0.43665579659161025,1.4245446286342847,-1.4998133421257536,0.08066288988819177,1.3390059979211761,-8.288513360347991,0.8718993058634233,-0.21863888857792968,-1.0900906960816756,1.6362651784032867,1.1444060696096012,-0.8409476129415461,0.5976457420157122,-3.4049493995649236,4.556855581318901,2.6300402432577306,0.40038223340711926,2.7425593932230323,-0.9144208869841801,0
0.25080081564605294,4.7402951366736925,3.072730836914158,1.1600746334430805,4.530839336147698,1.4687311983209013,-4.098372119516132,1.3265362722410183,0.09093941339992884,0.5071855883761722,2.2093804504510524,-0.9425362812421919,-3.034631671147335,-0.4079727982607768,1.8342146606814227,-1.0712583748385285,0.03235202095073442,-0.48425022043826044,2.3732406101626795,-1.0482017735188172,0
-1.205336393319812,-0.31320286692134913,1.8396756432551706,1.4260266333557587,1.513652254131053,-1.2284874376510846,-2.4570823969437066,-0.6835213934321811,-2.294277108632997,0.43118542003545113,5.754327560798229,-0.6022798230398997,-2.5300435920702586,4.143379067327667,-0.7699665477522586,-0.8471503324431593,0.04063010669661238,-1.0091088213655226,1.9132441408191958,-2.137263592522464,0
-0.7984056574209569,0.6587815230653464,2.244627297465898,-3.6169001607146507,-2.770993256601561,2.6670572308304545,-4.344847205242347,-1.0131415410574665,2.306543066918556,1.5888104138074497,-0.3825113044926967,0.5577229667184602,-1.203844905177322,1.3030309297634326,-1.349586895365861,1.1052376231614578,0.5687936387339907,1.4836257436653333,1.5778043464567577,-1.2217010398841874,0
-0.9433956373230732,3.185852402547534,-0.024071803624463817,1.257822652350777,2.4622422995017534,-0.805167500768392,3.1633696033364265,1.9450026782719485,-1.8006529070987796,1.677285166187952,-3.6235767290107996,1.4843708317493842,-1.9213648880760728,-3.126170495941235,-1.378750671893769,-2.100144432054136,-0.40368154180998994,-0.055568222725037024,-2.2108191711735152,-0.2389994991686295,0
0.6715589707549214,0.12491102599385107,-1.33463806060101,-1.4694555780434322,2.0667053888347398,1.4984698448780989,-1.309623975434489,2.01523245043723,-3.1135793619183914,-0.4661552011202327,-4.210275546351818,0.14318005485489627,-3.93180501936123,-1.8712352864597384,-0.40355662793144664,0.1503074631774859,-0.9549794717039424,0.0012620513508245805,-0.8031594604568886,-3.0829470662661445,0
-1.2745582388056698,-0.743018871047599,3.2276462533480643,-0.48431158439376154,-2.6662972973835655,-0.21856899833167284,-2.6563731220798212,-1.2483975551839839,3.9871043622425626,-0.0739196939682966,4.636584074114378,-0.13126812537873223,-1.1969865318924058,1.5641020216547177,-0.9182768438802376,0.613189058034781,1.6416391444840044,1.122542795506654,1.2199017887409136,-2.3851965346735007,2
0.9273001922371351,0.068976659126888,1.3725220144647448,-3.103531370947132,-3.4873150418812457,0.4535650790171275,-2.166911881881627,1.2012606564733588,-0.09429891231845278,-0.37849392561137807,-4.215614292319895,0.8795411531117188,-1.2508891789947791,-2.152280678792422,-1.58538646332907,2.6901435419857767,-1.0017238382241018,0.2838154354316865,-1.9336531141347986,2.7030016479793706,4
-0.9260720276904779,-2.402012868808206,-0.8823140314128122,-0.5914018025401793,0.5121832103081081,-0.7329833432593729,-6.317560487587992,-0.7120100791430453,-0.14450895878561776,-0.19764098893855486,-2.546330452863547,-1.1687005311928864,-3.823918802981234,-3.4619261781066153,0.29487956167362817,5.8437767637809275,-0.3355374856580844,-1.3001208872900298,0.9881661363393761,-0.9552719384847069,0
0.7589783715242678,1.944513457011158,0.536320393288426,2.2070284100272164,-4.3789125186757705,-0.9516726199894621,6.625726781367171,0.38524579484457167,2.503243922010929,1.5802955080685877,1.0236725758558642,-1.8635290974097665,-2.665454149066683,1.1124046916937975,-0.3051492862687215,0.6992097179570018,-4.616576299409127,0.6716374463310052,-2.3301523385914886,0.6686077537575882,0
0.5490626223333354,1.7265252064281063,-3.4690583348598336,0.3886756757336517,3.6832990819723683,-1.1693224300167833,4.229081267231803,1.4917140558972257,-2.7422311202950365,-0.3017722771130864,-8.986782090602196,-1.874361310629495,-2.6310296939544067,-3.5771613459743468,0.06631022773958706,-5.683309030912494,-0.46796924243266946,0.9949951218724415,-2.0371714720610266,-1.4780239886602748,2
-0.6857440737196069,1.3413016350052915,3.0144282558351208,1.1975299052859265,-7.536931102829222,0.8466284281968087,1.744939779963352,-0.8392662732204372,3.4831171359922104,-0.12922582970985574,-0.7024788705148568,-1.7839528900332924,-6.347101122967167,0.4233590601395898,-4.628159036216214,-0.014824141597205465,-3.5304839444329947,-0.045425914786545,1.1433749976361642,1.1937054758767331,0
-2.075548494706947,1.4298542848626945,1.163310846974762,2.3944376111038403,9.686032519653082,0.35382593524071687,-5.040153107139787,0.6531238718442783,-4.407848731203355,0.26182293450421334,0.7639967371187841,0.40614061158224035,-1.9829683986971587,-3.956806212689892,3.1905560909837547,0.8437463468023372,2.12745843828917,0.38635031342739795,-1.413311746417723,-0.5124819374506253,0
-1.0319977049296458,-3.004667454602525,-0.33007376376995157,1.3923646857799268,-6.17062581809955,-0.253947248475693,7.743027327594043,1.8159867700570747,-1.6408309455155974,-0.7406879627284342,-0.4243491566554452,1.2376777436551873,-3.0688800888784913,-0.18944794720972813,-2.913753562774293,-0.8785857829473651,-4.351520373395872,-0.5198068281517645,-2.4617188061246456,0.5532547905583585,0
0.054046744289667145,6.697869503485584,-3.2904108845893356,0.3871985465795358,7.17998460749081,0.14755419327162667,-0.30116493043358106,4.525750274774534,-2.034665767900533,-0.059859144513500266,-4.139988430111746,0.21550001011045983,3.024264567891883,-1.5038346969929777,0.3263930494173404,-1.5514874674963068,1.8705196745079173,-1.1175029403086363,1.264248732321974,-0.6215456146403826,0
1.5642813694308688,-3.302234027730912,7.392478281995991,4.679706342292276,-9.862379482787048,-0.1513825677355871,3.315572709778666,1.9985931741027736,2.743473114627756,-0.225906424775555,12.86808733668135,-1.157760932246205,-5.773395980854973,3.091681445211675,-1.8430906155407725,2.624934997886165,-4.769176054833591,0.13845703861398054,-1.3665411139335668,2.1225143157241417,0
-0.3696634604821155,-0.2595233542547828,3.466546549594018,3.2514617113251947,-2.8439464564898373,-0.0789419389589024,-1.953085936893623,3.8393150316039417,-1.6474462896124216,2.20812054073328,0.351313700321215,-3.719743838400928,-8.665241877376321,-1.716657039068684,-3.1843612393427803,-1.822018560040477,-2.335655415597638,0.30993868102108424,1.312408278500648,1.6875381054311518,0
0.5599616670099412,3.7502959388103227,1.9866819392937107,4.795721760777662,6.460149104076399,0.38098456062246705,-1.5886582872562147,3.5954832392774385,-1.778790196138018,0.015956987781536546,4.4297754801129905,-0.144383824853209,-3.5039801524179364,-2.66116575373033,-1.401278117136119,4.889748395703865,2.5027563227997076,1.0253819886388493,-6.042643102757256,-2.8190992994615516,3
-0.012476050611647693,-1.2585259544732113,0.8922610488411669,-0.8295586811505926,0.19083820626884707,-0.7853559912063197,-4.108754957517417,3.856166033580757,-1.3686820954355843,-0.34473097462135205,-1.4495057734034533,-0.44827568593601663,-4.145200132640273,-3.4647986273704476,0.0009112478695647575,2.271983686961541,-0.29994563598117896,-1.0104243864236224,-0.31234576759617627,-1.3597865084388376,0
1.1157209628287266,1.054456564371563,-0.5958512025395479,-0.8281433215929015,1.7849899700039658,1.0074186779447727,2.1291655475900524,-0.36384086010071903,-3.985009056314241,0.1900858233931888,-7.0141981763900825,-2.481770437401905,-6.310116763337957,-1.696106169644434,1.2885707296692588,-2.5758196867089858,-3.7983954663473485,-0.9328118064103031,-3.908325854184537,-0.35956134264381023,2
-0.2800551909365809,1.9428585803783625,0.17485834751759322,1.4731953160395452,3.800898871729404,-0.1851310330903592,1.2738233201791993,-2.5211766835379685,-2.6040922026479736,0.7910232641043349,-4.523859708667772,-1.2096495784492454,-3.4194419821556488,-2.7717956379368216,1.7826150617972365,-1.0884639627683093,-2.0310846392832866,1.3560184927534369,-3.069468437142409,2.0724303401613584,0
-0.5515774445558328,0.29860785246117083,-1.7954279714929986,-0.6669985722367986,-3.461293292037935,-0.012470406970066059,4.572255803373559,1.8988344871735048,-0.594353870296791,-0.6875123713601831,-2.484346947652275,2.8104437560643154,-0.6105227664269633,-0.20554509432734125,-3.9281771540750814,1.015622952136169,-1.8226421027096382,0.7353959926953362,-1.014808737224926,-1.4670049666396403,0
1.9843638826691903,1.8741384521257927,-0.7217212794442665,-0.08382324591696166,2.2915955707070177,-0.7089949602150631,-2.7546377511108964,-1.2256836456194098,0.6048599559735888,0.052574156382776224,-1.0601831483091024,1.8305000796908732,-1.388251695594865,-1.0843040749792965,-1.2955041037341501,1.7737164378645232,0.6480986797453469,-1.7245356827633525,3.0654357208315073,-2.9381582993150714,3
-0.7337902651708361,3.0873160856072954,3.546214188975801,2.1317290037443657,0.06766952686867522,0.3847971135036549,-3.6211121912285247,1.1120708042814316,0.481574687599271,-0.9580527098143476,0.004744584086123094,-3.945342337503385,-8.602894077624233,-0.960754663183277,-0.9881124864871139,-0.6570006771360133,-2.2293919485193636,0.8793783073426799,1.717999008180957,-0.5107269754004217,0
-0.9243204370107089,1.858981773612042,2.9991511531002004,4.553043018567936,-1.9561823674883163,-0.20033187660301388,-2.3401342771991116,-1.1259706224900174,0.15180004567444305,-0.5102249158994872,7.036261588134763,-0.779584298396928,-4.176430288006385,3.7251959323390356,-4.4158394669127645,2.3009711736613694,-1.641281725570333,1.0698813046722213,4.409705068280704,0.9818213151563313,0
-0.5878859834269099,1.1661160050453958,3.3156581836965415,1.0999094081193879,-3.3988395349743863,0.24497690164503388,-3.2565635326692823,1.120565045243039,-0.14796713090975466,-0.5294424436870959,-0.9570721080987982,-2.9356856046890716,-7.186062249702993,-0.35020577937070607,-4.319100901119434,0.5911541356155936,-1.3493745696456536,-1.2535245487700224,0.09239328063977936,1.4360995441785303,0
-1.5594035897024712,1.4585947976589537,2.8924491411004434,1.62320091992832,-6.480140245566516,-0.24506270635175723,4.193169241100656,2.308074388607591,1.1607965450250508,0.43004183655984995,1.773833495450455,-1.3259233157009946,-2.570500706287144,1.567208477629781,-2.9126883385567477,-0.5314316515888433,-3.472662621637764,0.5112757415807598,-1.4849569426122537,3.560311891837651,0
-0.9113508842588359,1.489142831644063,4.13159404202612,-1.335824799240653,-1.3155969903232672,0.16852020532161188,-4.469508499240441,-0.6070224894256067,2.019925728219383,0.45136071903635927,2.382210728193306,1.2106085127363724,0.24372040751734125,0.9667517348871649,-2.491569858111572,-0.282303804629628,2.93985737884712,0.07884845684997051,1.0750852470076204,0.7299410073346886,1
-0.9862959608695043,1.406722516485407,0.6253521630350491,-0.8198498896323043,-1.4475511867416444,-0.29093506134881436,1.5416801407090857,3.87750750442976,-1.0942572820452785,-0.0654536202792209,4.531758216567189,4.954284060368984,3.6090791725230136,2.2617353088856067,-2.041176315779194,2.0196597352349075,-0.16899966908235686,0.37623027124794367,0.7032717793054748,-0.3701118417430176,0
1.056760613852865,2.222201667735513,-1.98645614496664,0.8215588353571289,3.4918774458443185,0.12946975361398616,0.34676466562681574,2.93630433613993,-2.3237991139384,-1.2395471224382908,-6.030707660159592,-2.5012298356431897,-4.495341466163996,-3.0545186646426257,-0.32185838159927993,-2.999507330065354,-0.6124814424017104,-0.5011161833958405,-0.20563946756995377,-2.1159407986868395,0
0.8921794686077565,0.7637576282968372,1.183013647408624,3.5459747473229535,-1.166049710662317,-0.4573038315428471,2.466921416369563,0.5601397554585767,-0.48000223213770743,2.3237890846419,-1.5254821354826302,-4.599581553014172,-8.817311937290489,-1.8449627032151081,0.5532902911680286,-0.7460153160120011,-5.130541210225573,0.9453263916610316,-1.266111611539002,0.15424223941789617,0
0.22701600199899755,2.0501801347754127,-1.3955743097747146,0.25736268416949704,6.227673770639389,0.9205509192062417,-1.4832612149152706,-3.090029073972027,-1.558730530550851,0.5296999859550735,-5.208099323994822,1.7285911926287434,3.8477245464630765,-3.551115460821221,-0.01624575542486495,-1.0670183116841454,4.18177431884963,0.6524946162287035,-1.6695118049267523,2.764344907537685,1
-0.4332480997380162,1.299647348380575,-0.028674738357568952,-2.0613394374787752,2.4064964692625836,-1.2314087828393023,-7.013357137287315,1.7504383350969994,-1.4325995180951272,0.42557911557896166,-1.7885001617713139,-0.5595009180462149,-3.744120328265474,-0.5069621178353025,-1.3489282929994308,2.8606807640423693,1.0620841793133908,-0.4476234655262884,1.4785958179080714,-3.582474842338267,0
0.7480408052698734,2.133022102796735,1.7924637986653638,2.1816940038257675,3.7192599605714833,-0.3844517577962163,-5.17319903628665,1.241430185431965,-2.1224105046,-0.7362487158062394,3.0171244309153273,-0.7639107469944519,-2.6674123786460227,-0.0997413944278932,-0.07949440214304337,2.408570980992339,0.17189838428464732,-0.4901862855632318,1.6696191875972843,0.4390213794821598,2
0.0238844468604617,0.4841225799467138,4.431486415226451,4.212575203777295,-1.2302045540060562,0.05983813720284922,-5.416331300014666,1.476784662167178,0.16978334110853055,-0.1661222742647106,1.746071974410775,-4.257428640844353,-11.07671755572467,-3.1007265365109555,-1.6842089427111557,2.721546328381585,-2.8962076337617586,1.1692262982822117,1.7202106989193062,0.6665689363453311,0
-2.0662146310098857,1.1877189208713348,1.7100720743727362,4.272440759278222,7.827941926112465,0.0921969165877305,-6.36765983218461,2.1580117271520707,-3.6069288994684903,-0.6175949809531657,3.215752521802421,-2.566862731006001,-5.239366885948324,-2.489072223973725,2.1842174470599596,0.5457314569191298,0.8765290413006599,0.4231223673518206,1.7431944476952008,-1.2156030173436854,0
-0.8928883269092323,1.773586861506493,2.54375090590119,-1.9720550048169532,-7.672445375912171,0.10818787854789104,3.6213532089172014,2.3217980637701308,2.4950881180732036,-1.636018327359986,-3.4212088957545888,-1.9843830265835711,-6.495026471148178,-0.33400119617176616,-2.1543303885104974,0.6747332481049839,-4.986234450808407,-0.9252223065948284,-3.8340876474656262,-0.09812137382284147,4
0.8188753950611192,-0.661397306949034,0.8912667727489968,1.7266770548013652,2.710562339679561,-0.8782215810884244,-3.7076514247154853,3.1882312651905185,-2.286086525930963,-0.7541768882035208,1.730590199133386,-0.3968142002771686,-0.1354556600296044,-1.0720978700836563,-1.344207989824474,-2.4548141770447405,3.1816743053487393,0.6010245829906953,2.359437190509303,0.38475058671700724,0
-0.25446067528543365,4.008812701747816,-2.368018974893717,-0.21516260660670494,5.128182418789677,0.09354542107829379,1.3021557277360687,1.5003491412341723,-3.558380571903704,-0.17005071377640224,-7.547024630064508,-0.7860599113204045,-0.6996402968519687,-2.4406143120989574,0.2918533717036611,-3.555037203412288,-0.1207972679472663,-0.5922810960742466,-1.356380209951337,0.7457576641666714,0
1.5208196849121554,2.9429379557770146,0.4274193862786564,-3.6805768562941896,-2.6567094044066843,-2.147114083154827,-2.951093172305301,-2.9473958032512155,1.5643271045949168,0.542436218623086,-9.132495942931678,-1.3031995927010427,-7.207714646773521,-0.6568493488198485,-3.617248161783429,-3.131015974661542,-1.9957409793969008,0.3817652362229581,4.018134038961477,-2.372204049764012,2
-0.009021880573374906,0.4307662494857991,-2.0020002353476407,-1.285151500835544,1.527061785074824,-0.30833021995069865,-4.527372963341615,-0.5680781412762972,-1.5996259009117524,-0.42540410954929025,-6.345714158753603,-2.0709671810567833,-6.026683935008057,-2.1616268478355893,-1.9039777173020183,3.036675695977507,-0.7020766284902954,0.15855321728211086,-0.04173560805917642,-2.9777330565415148,0
0.799801511831561,2.3245922961016623,-3.361363396018384,1.0702738335308752,-0.14815515177829958,0.6258846821769303,-1.463333486830184,-0.8577591199489984,4.654152925907544,1.397244481558056,-6.8556510122981384,-4.418065825126758,-1.3050745495874112,-3.7894868567885442,-0.8262288301736439,2.403054717389826,0.552426868121485,-1.0141682361430138,1.4665412122352373,0.27480595747659975,2
-0.5959563194483009,-2.212800647495161,3.0908066159693814,3.4805529637322996,-7.904686518592475,-0.5464760143304203,8.175080860711745,-0.8442103777348675,1.187808807619327,-1.0882616386509967,2.639470170148494,-3.8679813882386145,-6.629759674251542,1.4544697010113943,-0.039796858031536875,-1.4888441724572465,-6.856293595535464,-0.9012719176632664,-4.098702459858707,2.7733519193764433,0
1.4827810851814196,1.688226675067623,0.8485362062750469,0.5120835280807318,-1.751388886518978,-0.8740032655390574,0.9021116978937852,3.2306185089962143,0.28752640714113875,-0.19864063130190368,1.6741568802973883,-1.3304189773589732,-2.5606985714260717,1.2530013207532678,-0.5896779623187491,0.5151300483392629,-2.1361510625818108,-1.4954062500370302,0.018066681465762402,-1.0501636267526364,0
-0.10269406964241742,-0.5016358537734786,2.485959573383676,1.5529139513512162,-0.7759111227991741,-0.9856337144530957,-3.9094208951127998,-0.201680726340292,-1.5004333232262304,0.4700080519122736,0.10521325425129606,-3.735324062980855,-5.912807575201489,0.07142035544775172,-3.131181811535589,1.6201190522617135,0.5117104297130806,-0.8263960642493784,-2.8534836547118747,0.9227431117396889,3
0.21752508164952852,0.8759388341805902,-0.56792122849852,1.4166092608473784,6.8112398693305245,-0.061060034599068974,-3.9094637192167094,1.8622050086963973,-1.3899384548649376,0.5866902165538467,3.235312288675165,0.1151649000432402,2.063178420554029,-1.2618350446752777,0.19815594027050243,5.5157413488692155,5.373970774158138,-0.8269753338636444,-5.670837779238559,-2.8697150483092773,3
-1.196912962747972,-0.9219628963987507,-2.2071101691906563,-0.23838751570238093,0.8221060331381904,0.49762211755235336,-0.16466109764099746,-1.2002873725328356,-0.3304944398168188,0.6184244124770871,-0.6591427200791788,1.638638544846534,-1.1616831678593034,-0.49088027544776114,0.0711659801564426,2.4993585782353205,-1.2203163057511288,-0.43086016075627837,1.8131447415747375,-3.2623146343579723,0
-0.9200404962257642,-2.4361502551592666,1.8841480221289657,-4.134583954842508,-8.239320183259997,-0.6441768555679441,-0.9668837575468179,0.24756519869590998,2.4761122212524245,0.36400488253885416,1.6304139944904474,4.061126151165984,3.4901902299940217,1.3748095179471562,-2.703056830131698,4.845851854544637,-0.5046664323162529,1.328988385081543,-0.04861674381525116,2.7501194008492598,0
-0.07942096116476208,0.6237083382848274,2.625636953199392,1.4205824005222372,0.3815220469583289,-0.8005986784902199,-3.5578213211618137,0.02303952071553894,-1.1649307615125268,-0.6346410442264889,0.23724276368141076,-2.785958030768292,-7.050216829051784,-1.1763558983615505,0.4312307315837751,1.9092744218346636,-2.6472027629488686,0.44526744845436245,-0.2822454275323124,0.35724184012797344,0
0.39855335149157034,1.0930899292734626,2.2215107277220256,1.5578122584703245,-2.1697046776023146,-1.3374403318258017,-1.6426273677049041,-2.182629962519817,-0.44648231924051296,1.6803499538682414,-3.9483049510281987,-4.606026970848143,-10.121134333436286,-0.5838725324191583,-3.0005589280005083,-1.7308119357034433,-3.1459129886055406,-0.858667293448665,0.3866639875960197,0.2015167789109127,1
1.1680809822914533,0.47861498546970493,0.6480076547375933,-1.4683328004920537,-3.9707840838153685,0.759690027938037,3.9140115655288246,2.721885905246563,1.271584970654716,-2.9995261606654773,1.8401798798364035,1.7894651236271963,1.8794397569388595,2.15570420601752,-1.917747639498589,-0.6803268722727613,-0.19745744224412576,-0.1993420751899088,-1.771733811256249,-1.068075430038911,0
1.402340653208185,7.113632155642406,4.0473361325501545,4.450342316042706,5.382025126598832,-1.7183192707436894,-4.289876095834603,3.3589669343238406,-3.524008504707214,0.5138626704797715,0.6924916252445902,-4.257746988981119,-11.970366858238012,-0.8966062733512283,-1.6460826181079138,-0.37760006284286374,-2.7953597779282453,1.8066519237839263,0.12470069680273332,-1.845226126754921,3
1.4607191975751108,0.14906264258546142,-0.17360315479890764,0.4764828628829981,1.3122972007189473,0.5758303674909726,1.535666020744426,2.585464859404035,-2.887645023770289,-1.7451679475555295,-2.85489344274878,-1.3185867854639264,-4.350016873569798,-1.5958531820770363,-0.2856318098791917,-2.7508357193213726,-1.2203895720157685,1.1862035697100186,-1.9931900114602374,-1.6481077261068737,0
0.8797131798019319,-1.2577586128803464,1.025657932600184,1.8521636615005568,-2.4919377457836425,-1.9648295325117544,4.781877984120252,4.165430889979997,-1.6606417323962002,-1.1755083130505983,0.6947519016370312,0.3384921497778415,-4.122155366968514,-1.9375449373198579,-0.18056926573502308,-1.50483770039849,-3.603526177373323,-1.1943868853678001,-1.5632081502852504,-0.397707016662327,3
-0.5384475952467263,2.151866406509221,0.5631138653336585,-1.514864853493863,-0.05676603804487636,-0.09767093748007007,-3.7826770964352434,0.1411608341552837,1.8010946444461307,0.33382040441327554,2.672928318867479,2.2777792149702814,0.6241233327989884,2.1701635995973967,-2.143713256787551,2.597218644497101,1.3955076875276275,0.6692174869335251,3.595032373330771,-3.27509919304629,0
-0.025278023876702485,2.6294667001133787,-1.771885312203806,1.4876768868284214,0.574957773124215,1.2061875377069646,-1.2087364759497123,3.3477482723435923,3.99330781567886,-1.5983211879170496,0.34504331501928287,0.7102599959520008,3.269120585644959,-2.0820633534303123,-2.100006708149162,1.1659444516204545,3.1877292779985194,2.322017040081676,4.27866890521916,-1.2423229425519429,1
2.376255803259791,2.1245764781167713,3.271478111107887,-1.1763064582100546,0.5438941206235749,0.8849384811937618,-5.832977348219202,-0.18515898497375471,1.6757455396631928,0.04266799584506992,4.500404383172433,0.6331234566474917,0.554321439876526,2.3019886444574786,-0.25430389319171065,1.6242316122856528,1.8953225420930702,0.6008946882910976,2.5734968777823273,-0.4685465169425276,0
0.3453032973534039,0.7050934635134305,-1.2750848354441562,0.754459250757501,2.6564930876894612,-1.4498765120109498,1.0384532480033672,4.623698578731226,-1.2648219213090321,0.04605604282380473,-1.1053028449130342,1.390713195605954,-1.8211204736173718,-3.4164595926856696,0.1354008337409771,0.11351688124344794,0.06509693230472857,0.007466320593719553,-0.4144176687992227,-3.750432260764876,0
0.10156898463164311,2.373728251646554,0.5953758441807184,1.2796744638713256,-4.030966860291507,-2.529797714478328,4.963407692402273,2.198089418820825,0.9189322851858905,-0.02737385257683141,-0.411357838063623,-0.946618460587732,0.23928866902658594,1.224330002012573,-2.410218899608373,-2.0096871838108186,-1.9671081713276117,-1.1878633612674159,-0.8758939681730364,3.11919917361811,0
0.01726325765466288,1.662596199380613,-1.296152122022156,0.5671586712230405,-6.773523391650862,0.1856061628575985,6.299392833009033,2.814024407159871,5.048562506327764,0.24560856061515476,-6.6009879877327,1.4998196192581004,3.026676150890698,-6.200849664117098,-1.729854119146427,0.7333794963907534,-2.350423462885,-1.0639853219121502,0.46412860694848457,6.348082609125983,1
0.8430894982128295,-3.2562580937194605,3.5146556400341358,2.2716386184556248,-0.8623269225320387,-0.36766183041417816,-1.6073796393159743,0.453510434281592,-2.9274960307603264,-0.07986590185200935,-0.27595812419826754,-1.1463222833669655,-7.821325576465976,-3.0882310551684586,-2.121762571232776,-2.646555340886483,-0.6142305083490818,-0.007987987614115004,-0.9684418845099025,0.35975541196811733,0
0.9900571107877593,3.3004034025184286,2.088636134015246,2.142481335472285,0.8616077781015069,0.08653244108015462,-1.2556487149675022,-1.438286595259195,0.9692315528957056,-0.46362783997579016,5.98917924866409,-0.6155514684621524,-3.7166269868011494,4.674183674283349,-1.066416765575197,-0.9485681323807142,-1.5431873960062743,-0.9486662238433999,4.812874603513269,-3.6124316749518055,0
-0.6909016953544066,0.9123040022816096,1.5820306881098634,-1.87771507913865,-0.14340298408844088,1.6298878685929792,-4.406096654331537,0.4490866713378199,-0.5230881658623462,-0.1984029863845394,0.5836469425781944,1.765014260828588,0.03753125353773203,0.4291903295214947,-1.3345956909249304,2.2342258104514388,0.7961860536017609,0.8912830354649167,1.2915971484424384,0.36781946952377975,0
-0.8988514649944812,2.9271488608979093,0.6302455184237037,-1.1002913506948344,-1.359558049188961,3.1400711174937883,-1.2885937855807672,-0.11544541578943601,2.2260165032812393,0.7546791398071353,-5.33997534670238,-0.18900255761845164,-3.8910582323559697,-3.6312897653507887,-0.4520045145597399,1.9374130123914206,-2.381300615846096,-0.22461483793658132,0.8241302139300948,0.40838139698678244,0
-0.3553717615301998,2.088667939264421,1.595503166501958,0.8820906076916595,-3.195005491732059,0.16373562008086287,3.255623373365449,1.5379863397036524,0.4134990650640791,1.0921054397584757,-0.3347727567265478,0.46251571760522436,-1.0097875933889802,0.1245547445293802,-2.774365084412361,-0.8542372417552925,-1.4787186211569812,-0.6306266596307407,-1.3378465233213594,2.2393412878417864,3
-0.22209955120770528,3.8319777911675166,0.3206955719005815,1.1412430448703565,5.699075754930868,1.560794877887187,-4.04098003526846,3.4833180993958184,-3.396117552287356,-0.8853917857629988,-2.2624289961046777,-0.6971823450727977,-3.1940354421068036,-2.6306386450399204,-0.19813006945096856,-0.06004543115266581,0.5506394848130469,-0.4906282985959526,0.6512503250173349,-0.3612070874083997,0
-1.5135813647665468,-0.0954049098190457,-0.6270744827711802,0.5449843055876218,3.598334260037458,-0.34255466658630035,-1.4756402103197042,1.4346769130348938,0.10497455512599685,-0.6243521492599413,8.259759728252702,0.7949363795655326,5.296039347056159,3.432155469014459,4.605683280118258,2.662790749842426,0.9680805352979385,0.6865432151763621,1.6708151605713173,-1.713801964920274,3
-0.3810417700776092,-0.22850581878087906,-3.207437280250544,1.5006758042523498,2.447136975895241,-1.3130070631713815,-0.051073369599286315,-1.6742702157944316,-0.0652155026658856,-0.017288997377207165,-0.8079575858491618,2.4522119402551175,3.237380331526366,-1.7837173316660286,0.423886053902637,2.038525783033105,0.31080612814854613,0.162794980545344,3.8668753742190574,0.6279125491796889,1
-0.6287515992403301,1.5808364691238024,3.035609982675986,0.1739091033974156,1.4854971760043598,-2.666488241775338,-4.188256988006284,0.06326217920931076,-1.5489177767326563,-0.23825457395383548,-1.2320204360640292,2.534946329702997,-1.1434124537152186,-2.8178997297448216,-3.1911434072624756,0.30743099214182523,2.438790383995974,-0.8505428081725104,-0.04851517450914389,2.4715744619776965,0
0.0300663876451924,-1.0508772030101103,1.708014373776436,0.3463860265368208,-3.097400925376348,0.07457615203612739,-4.068309114483318,-1.860170017616844,0.6519888952268846,1.4231675301779148,-1.3498748325737024,-1.2316389022519572,-5.321690041094481,-1.0526812314981124,-3.0530059899523128,2.4056762789584845,-1.1544800410297016,0.4771443383913693,1.9344899863572733,0.8697658455432582,0
-1.5286489651946928,-1.4778504653265,1.4421492926871924,0.3239733928822679,-3.4642101084553985,-0.8575448391026832,0.7637773155465073,1.1160875804881787,0.25042583903373616,-0.49970684848603825,0.3377850025131048,-0.2605115281850441,-3.5692138241388607,-0.7068036594398286,-1.3993191771830595,0.2518280650447232,-1.8463329869431724,-0.15880912436900688,-0.2911461511463702,-0.23842226210225492,4
-1.4008949591767739,0.6447683442150617,-0.3159108605709493,2.836711987059789,-0.563082751877264,-2.1845269375881022,4.826847635242013,0.3417025483407614,0.3562932307627291,-0.4110586047583252,4.571846310434515,1.4688397009670862,-2.387774173326588,2.227079093323526,-0.6750337728771907,-1.5132138930242895,-2.8259453505886363,-1.1666935391899966,2.9150706599560525,-4.236303598165792,2
0.591076235420115,1.663962925662787,-0.9957292074905066,2.8951843092910874,4.850843024947218,0.6126977170240864,-4.618422925316067,0.9742359446716419,-3.129830214881163,-0.1844496733531008,-1.9529453711833373,-2.265409828239788,-6.885034299196671,-2.3285281494199817,-1.6037012849433134,2.1563193112336307,-0.5067164472928918,1.2978844539573071,1.686895251299066,-2.6215613221585743,0
0.7319562774900421,1.0376340301265075,0.9139334793867886,-1.718675995359396,4.467415510866301,0.3892787315217377,-11.873440806788633,2.2835527013480283,-3.310607658049919,-1.3973132971889952,-7.149490480842421,-3.301672670928364,-6.990651279357544,-5.862962564896261,-0.35246690441303563,4.593154322460305,1.2946334964618025,-0.000623176899871723,-0.7338639169159544,0.7054405697050374,0
-0.15133554335453714,-2.587207691949813,0.7951804914006158,4.237869052514609,-5.027729288006654,1.9150853741257774,3.7614357095914452,1.3573766247033587,1.786096278892551,-0.7877492857884731,-1.958082621862234,-6.41314494765173,-12.204809515523463,-2.858271575331499,-1.252360834026929,-2.636410398717958,-5.145601796302471,-0.8245145678029794,0.04012772271193166,-2.7935042998842055,0
1.943406573241179,2.2875459009802284,-0.48486346446886897,0.6423434712935077,0.5068488296409736,-1.6393357979454637,2.3688546726525215,-0.3709510310041293,1.056771983384412,2.2997808229864214,-1.6755286489530994,0.6745236825547885,2.0350016006620826,-1.0122341757144613,-0.8841351233986134,0.1593928723106217,0.844428287861934,0.39940643185931857,-2.0186794099007104,1.4195289558753665,0
-1.6589689578926463,3.894039038426994,1.6610805617221338,1.2244395700492627,-2.321075990215307,0.8526322267071527,-0.8337457111082021,-0.19848102971585413,1.0199294636908873,-0.6663237815445242,-4.2590413519381976,-3.2065962103197694,-7.324577241440644,-0.7458087965412245,-4.7148281291485485,-0.30377367157979385,-1.7586968137723895,-0.3536512831398441,-0.21202061720490195,0.3108172463062919,0
0.17099774841153997,1.565442593432102,-2.2077589407305434,0.7604684362343145,-0.058915241094763746,0.7525714953865288,2.6406152000608003,-1.4824489128103948,1.0824424417035894,-1.3960989699880255,-1.540825874810553,-1.6902037510820844,-1.3894150362567959,1.6994497059694909,-2.5942065931332223,0.9392597183983069,0.3355334748594284,0.28066588345115945,-2.546866583868047,-3.2440731401983958,1
-2.0006699903452505,2.2279233382462547,1.602801428011766,1.5809766151004585,2.69484239849811,0.09612017842982826,-2.600122394568008,-0.5249129502095786,-2.8439782563559612,1.2727596926769074,-3.3168650548030354,-3.0607708122679873,-6.884268143622798,-2.283581724717638,0.9234393434444905,0.3038837426876917,-2.971657048705991,-0.6972844307812874,-1.0327563726553401,1.8630675435005157,0
0.2677137098277742,-2.207124332691954,-0.2920514664688969,-5.914640342306907,-6.22290396895156,-0.7809151470980623,0.4304215289639534,-0.2809512161113499,0.7756428722552546,0.46014388576669846,-3.4780577259921426,3.2777233069098335,0.39501515372241136,1.1016689483164899,-2.3692653365844527,1.367476573122214,-1.2257563324363439,-0.3562463783835583,-0.516454929957864,-1.556014766359548,0
0.008084597846367472,0.839662524715706,0.23836539238691168,0.2150688395209963,-1.0173340768159278,-0.23721337736601256,1.7150959113932938,0.7124965735034376,-0.3396910910512799,-0.6853751321174921,-1.4047546753519848,0.37383354577589567,-3.1389691170232337,-0.8308449401471139,-0.6967858876238274,-0.2963773494922315,-2.3375328468209253,1.6394239417046168,0.0596888284009075,-1.0041886029468958,0
-1.9203265887208876,4.519382015139844,-1.890914574691874,0.936027272402793,1.0349869798412292,0.07028445026711143,3.3556761461561257,2.7206841078676445,-0.02449173053948872,0.29234029489670316,-5.955150662975329,-0.7908450470310264,-0.46412237627476144,-2.3198387097058184,-2.185476446584707,-2.769698340849824,-0.22146631065714162,-0.7543779951446756,-0.3994767086882576,0.7709623963755174,3
-0.8744055630644767,1.983206873828288,0.18776269974680404,3.6774773141167656,5.625225305507941,-0.08617765678353949,-7.92681264923274,1.6940372169004625,-4.800912149108666,-1.2833919769583346,-0.40512688060714885,-2.8342160908253646,-7.8282051420132115,-1.6588471875112423,-2.9356998375833507,3.230022933453628,0.20463583600029955,1.5396346677812376,2.340927479224482,-1.2841964262871508,2
0.13291491589148124,4.05558637893872,-3.074731596524547,0.10651500178997775,7.6026276055007,-0.5497413711585165,-0.9520424005978476,1.2573302406826952,-3.1771523081555926,0.4648429677555527,-5.480860864777434,-0.46622024115148,3.118819478232585,-1.9813034446551083,1.2762574800806847,-2.4065923811544057,2.521328290039825,-0.5134404929330656,-0.4030122480592634,1.228028406645933,0
0.8648830321968387,2.311962013851754,0.2680436004991258,-2.0661598906428216,-3.3035996957840537,0.26649986727780756,2.7400269644051867,2.4010123515819153,1.256599055792853,0.21843449505768472,-2.7910283951418617,3.403325830985108,0.47722656860199525,-1.3457728125682904,-2.4774519456773856,0.5099687838184481,-1.2759430914048968,-0.9907633729489562,-0.31539123871585706,-0.044289143302110645,0
0.06995104414750146,0.6344488997221835,3.4489222691878134,2.4424629832756346,5.328934799828661,-0.7523931390395009,-9.272096977644527,-0.06102764512077341,-2.8270374550216597,-0.6162711665245576,-0.4613968942530489,-0.5914520431019045,-5.937944456016203,-4.916338302097034,-1.076707651207936,1.7348851433936558,2.2563970166497653,0.1578450733039087,1.5370929593120732,1.2228715483276358,0
0.13417180932758258,-1.258236094075543,1.7675384416381954,-2.2107819276351997,-1.1536955056463243,-0.409669066323089,-1.194324932990042,-0.19095150587303067,-2.7331870027126937,-0.7620280642692339,-4.667143113246014,2.304279537446901,-2.063279126665124,-2.0589590863847014,-4.004347872019091,-3.0326102563701363,1.8171248678810317,-1.1250676563693243,-1.8058073470418878,0.9021017566695178,0
-0.7043122095001391,0.39352255216657994,2.802869117387626,-0.41790901720501994,-0.48267142453300926,-1.6553237203959121,-2.3064920032661473,0.6934889049147185,-0.13735907224991006,1.0180566740590977,-0.5955871887201745,4.0273652938719104,-0.6530680850830665,-2.972764834216248,-4.603020886871338,0.6096492080669003,3.2599435247931394,1.0722130344331562,-1.086502289305098,0.16010138399105,0
0.32281683812675177,0.5935606233992996,1.090832107742079,-2.8290416965521406,-9.979162560187463,-1.100172910904936,6.703758721311762,0.741872238815546,4.364638181237957,1.5700508974701124,-0.5968401333993285,4.102035475478715,2.6239928978719673,1.4311380613936633,-4.1854362733680315,0.8866896589374408,-2.3687014730480893,0.6053733942869031,-1.1956480992495817,1.5169370587863131,0
-0.7982747753031845,0.3653694859959524,1.3368225070642716,3.7127759350506935,6.5952703898011995,-0.6891834913762637,-6.028714995519198,-1.2986683494528104,-2.418831310939086,-1.4171854177947767,4.644897191896068,-3.765289699304858,-7.351360372252164,1.1840779909757346,2.200881293023459,-0.7897493888984073,-0.37854708431292805,1.2627276942025538,4.03379466350201,-4.6642212816658155,0
0.7954832913490845,0.8247678368426932,-1.830556018104375,0.8869476978211224,-0.7088252143037299,0.1258733300201217,0.9195838885340979,0.038484283125152174,1.2145197583811258,-1.524844170573756,-2.6685406778066,-0.8574695717124314,-3.5381628235067946,-1.4378912313687966,-3.2995424903858432,3.419370708041394,-0.06417010279093516,-0.8017845576690782,-2.306467328333419,-3.4931482185328684,1
0.8594098168699683,2.770114449015892,0.9568419246938353,-0.06735749902118515,-1.8611611175036546,-0.4889244099796109,2.3968602486461243,0.9524079720276042,3.480764185123543,-0.5880039714773437,-1.456378149230951,0.7059590437439291,0.7468496364029494,-2.3890171854323063,1.5038854512409192,-0.09695787085584784,-1.956242962719381,0.2601790756231082,0.8612031864031691,1.991690552184326,1
0.4297183766711612,0.9382969242308125,1.1116609916796973,0.6689046657653879,0.7978602671104634,1.2886914691570148,-2.635604247721775,-0.24376468024084352,0.1496005104171927,0.21172460572426072,-0.9318523050329932,-1.2327776878706178,-1.6114309685477333,-1.430251772666567,-0.5461693136421673,1.0406594189129867,0.6625644407103828,0.5817226240475176,-0.43057363519248903,1.3556402208321887,0
-0.4396190677241902,-2.122641543146126,-1.1159289972976172,-1.9389767609250355,-0.4028759701753393,0.01150970956038026,-2.1086514603015725,-1.85388164189032,0.9282075606812707,-0.594586252347695,2.1789998689350782,4.245153430876004,8.247415030286577,-0.7230115178528327,2.670598405444146,7.602430691207782,0.8894561650639736,-1.4342557299707748,-0.4789019606413778,4.313278063973769,3
0.8311830428634016,0.9117140653890755,2.5787411695253915,0.5153257559770583,1.5218470622809672,0.2760007223967418,-2.7999766588354196,0.8048488220296816,-1.551213946124335,-1.5806998272494206,0.1054147417884199,1.4972312978844076,-1.8048776714295178,-2.18748942627607,-1.6737373558588584,0.7598046027426608,1.39993594618188,1.029431494057863,-1.2872448264916252,1.041478012699685,0
-2.4909194730427626,1.4305695764311532,-0.3251735518875598,2.0922463860895766,-1.7686268711954645,0.807338635527659,6.395095843965567,1.6059802557646372,0.10752089946102794,0.5584022831375668,1.7472551632958377,-2.104417451931141,-0.22595156009010203,2.0602024200968447,1.2206728286052284,-1.132371868930985,-3.4298704871892793,-0.4896020565361259,-2.555525147417788,1.2336953660474004,0
-0.4289510596889833,-0.6575784247414664,-0.7715073438622368,-3.1144396207837666,-0.03412280063036644,-0.4422838959616578,-4.973728875792353,2.170713775594363,-2.651790500395798,-0.23494733119864472,-8.772498645209671,-1.6077855748461056,-5.3448377006109205,-4.7994464983414105,-1.3367193956113037,3.2826674726730736,-0.6458989037550864,0.45429005331010325,-3.0103306510426995,0.17244104886921718,0
0.8853145883716469,-1.1652229990895582,4.376278191072023,2.100777466956275,-6.837883786312451,-0.3272030003918698,0.9597111582053748,5.611810836056538,0.3452671231062485,-0.4394138097715213,2.7669173911255243,-1.339189423902126,-9.240894504167613,-0.9222290316809821,-4.804007528939924,-1.0558071816709318,-3.054651836265985,-0.5157207585619181,0.36747040071860493,-1.6940403389409577,0
-1.611482771875573,-0.08279846837555127,1.6993304462940035,-0.6876765677853396,2.5263294555792895,0.27765279251022523,-5.312092615465522,-1.2482421511215707,-0.5044801163266788,-0.2678464157803018,0.3032580240251007,-4.207494198407599,-4.2117874094102605,1.3063828749971405,1.6171568263344296,-1.5640240165922716,1.0327313476867488,1.4286399456288703,0.08824340841716771,-2.1679312509970963,1
-0.7287020858048149,2.1828863273912864,4.863711527596427,0.022802888676735966,-0.3997230368173645,-0.10954047363581275,-2.1250009837125425,-0.48398586385254627,1.5815714315703269,0.7575165479628068,5.800682086605098,-1.7056545251485564,-4.390268890264119,3.4490061518486206,1.2352194954130382,-0.7967903612230994,-1.2976361598876265,-0.7214720186041311,0.13325037671793138,-2.4709213181626897,3
-0.8968077770590376,4.1860659607747195,3.8864292773482294,5.780471890961419,5.183822883940997,-1.631205527191668,-2.0183410220946487,2.4802020672721072,-1.2580587177677707,-1.1033421217799904,2.525178508287717,-2.5753884757045595,-6.488224729432758,-4.072688516000134,3.0921662725411254,-1.1695077174397999,-2.7060635880036674,-0.032835250649769616,1.9383137229225373,2.2400241243762835,0
1.0033045414754806,0.9421586208626866,0.42894204746367615,1.449954624342275,4.309823269241459,0.38174168121180896,0.37813577386475256,-3.4152010901556897,-2.9627302339521293,-1.3871732919407609,-4.8808778393668275,1.0617387888507368,-0.425460859680415,-3.693247367878513,-0.18451162607508365,-2.8173947608830883,1.2166951661627734,0.7837580615196308,-2.116649945747902,3.6234980562648507,0
0.1245621231029474,-0.23569855918678617,-0.4665526089035601,0.789941657220234,-3.917094191965707,-0.4208059990422844,0.6158222475848837,-0.6975149489734718,0.7668387478824266,0.2009265199206635,-4.772446774479397,-1.3576488340436528,-6.312600206379338,-2.5619034174579203,-3.396854719942365,2.2111374257271463,-3.1765475535313534,-1.3785815503132692,0.09864808589920804,-0.031772177186572215,2
-0.9937670401660683,0.8034140858937269,-0.48187116297562826,-0.12823286952870427,0.5505890031204179,1.195638802099669,-0.8869076394425495,-0.37978129978661324,-0.9477098406272326,0.7638142057397639,-4.958982902765345,-3.928354550187107,-6.604779779896003,-1.6039514134433073,0.7631805995186143,0.19068695785281342,-2.8868750959037803,-0.822393824799093,-1.5475571827296768,-1.185639540206799,0
1.9346990356436131,0.7329222601084227,0.39582770605156337,3.014224938417273,-0.13148207363135894,0.4016213226919614,-1.135287568323877,1.2460547823759,4.748627576145966,-0.9422080791718273,9.097488180467256,-0.4248712466618034,6.8814552871253625,2.818144382913899,0.7662369361465002,1.6020147939017346,3.4174399495962544,-0.7781329362422925,4.115069626883025,1.1130178801101218,1
0.5500466343170657,2.2721379562017123,3.2859097454645476,1.5968896723586008,4.784946949833744,0.5766880217815591,-6.253926259396703,-0.055628290134981606,-0.756075579887703,0.007025871342969912,5.959487387315006,-1.7535251277635941,-3.9537918127891807,2.1780560947030114,2.19289628653735,-0.7014524276519323,0.2920425359696357,1.1632813090750225,4.000507749783495,-2.806121048388653,0
-0.8700115198177402,1.8604489922358256,1.8818460219839976,0.6530997457080285,3.3240288844094197,-0.3383721827842851,-8.645713866202836,0.3769865197248825,-1.5963769889201322,0.3034714567058414,-6.021754440054989,-3.928693768573923,-8.91957176370023,-5.7599752433782605,0.1834039273563759,2.390662803110194,-1.0087657665380563,1.9739459014223524,0.9336313146859819,1.2159545575751847,0
0.13990878057746386,2.662668830301919,-1.281398268667533,3.0135426400969787,2.7758005912537893,0.3596816940793624,2.5924791738967254,2.2724430096634287,-2.1173883327417986,1.111162474236619,-5.80984800835747,-2.749704836573083,-8.138292487400568,-4.412124103375145,-0.5760112169952489,-1.651864119857096,-3.2029808374805553,-1.6521671534230822,-1.4188807587286565,-2.240921293041087,0
1.1320130234217545,-1.1236339628638121,2.4499409666964675,1.5483311792544332,2.5910189469342164,-1.5560479688496316,-5.63661815188908,0.12471457766053107,-2.3445266192614755,-0.04494007610311573,2.91636158504752,-1.8143330399344506,-5.123428241896602,-0.47878912364726467,1.463859408687484,0.7323567246027831,-0.7326196968374468,-0.8990486738412317,2.044853629200136,-0.558394154561868,0
-0.5315370938393289,-0.24351815661852405,1.666963704374446,0.5649608690256676,-3.8209522192698233,-0.20807029936541444,1.4713465573052151,6.403205933252735,-1.1080461574196618,1.367371058207514,-0.7824131812627005,-0.9193181099192016,-7.200837789578085,-1.2504325663290974,-4.124439553279011,-3.0013345266836855,-1.775524645805314,-1.2714531802354083,0.3368995268633803,-3.282211614128938,0
1.779743021084757,0.13097869926418926,0.22255881410053435,-0.2782351773748277,-3.014733387730824,-0.8935806138132218,5.4029650474957505,-1.9953509128705402,-0.5746970446443426,-0.4569280928635677,-6.686261715909714,-0.7305297464919525,-3.1494406776388364,-1.8839115877901427,-1.8632145622877823,-3.803771234945741,-2.329916285644429,-2.5716775746744522,-3.729117667807665,2.34544197531653,0
2.4102531852332847,0.3448941254341058,2.47235352393907,1.0951597572196325,-7.3756115794193455,-0.1594023675784662,1.7674708549473257,2.1993000230165247,2.5677247638562224,0.5816715429609388,2.7612102969106345,-2.4789719473537235,-2.3415783106311086,2.371971218865566,-3.0567042848975716,0.8260165789555165,-2.5500102023056286,-0.2439036405881119,0.00557332446528136,2.5405370841659343,4
-0.8402893620676531,2.0962516986935924,-0.8649632340498059,-0.6569079944893468,-0.5235707126229956,-0.6025166031117963,-0.05278834422348383,0.9964219033786604,0.2982295624710718,-0.2053089396904516,-2.3887319328389403,1.4464262919899977,-1.1418284351313461,-0.7564835304283842,-2.8448104111684454,1.7389461180606296,-0.1795956152518584,-1.0287242312449731,0.36044585863042633,-1.614031748170989,3
0.9906046298638753,2.835013402224674,2.0543956860012833,-0.6023810585878107,6.115023472594331,-0.33842295813327844,-8.679554644990775,0.33836591681425765,-1.6117847810325576,-0.9198535488916011,-0.6236310440884206,-3.8178900846974173,-6.656396183797321,0.02243432092530484,1.2931272953130537,-1.1390775780781333,1.4599549546332682,-0.5145889810564419,1.8559889012662425,-4.25779693015464,0
0.32956834899000653,3.1480357556557053,-5.0698115427990285,-1.0136281806096048,-0.4552964599001489,-1.5500417035957956,8.914619072491883,3.001146277732748,-0.7956793188449307,-0.47870365323977576,-7.314315465111664,-0.42080224594945104,5.896075024038134,1.177133862920419,-1.818404053835546,-7.851339595045661,0.6114209428205419,-0.13319182913855956,-0.7548790129995275,1.603517945615584,0
-1.4695451849189431,2.283960243260802,1.3861257582930742,1.9968957101098468,3.469259092580956,-0.4915481087452262,-2.8491904277285665,1.8989576023078816,-1.6585011891425239,1.846137001828644,-3.6819254492111897,0.07483003633229379,-6.301903593297329,-5.444211680732749,-2.1631931806426214,-0.13986387150000767,0.5386598848824713,1.8688853228950608,-0.1580418150947155,-1.3000944213800625,0
-0.1258926754959257,0.20088358677345908,0.8017808248693218,2.144972933148463,-0.07858885480832556,2.052798683326181,4.216672816673243,-0.08857075592892794,-2.110813760970469,1.360893677117648,-2.221615027107204,-1.8408807965042717,-5.0780240912673005,-1.479539950355414,0.5495023007059905,-2.8461422186589838,-3.4569497824755917,0.40027116595352397,-2.7696470548471215,0.9262112730015136,0
0.6856783650198713,2.340560257455641,0.9105222884419021,0.6075968058731618,5.60047398760386,-0.700749766690295,-6.867886633106431,2.4969943174046936,-2.851306749418262,1.007512381395361,3.669596555824988,-3.040393698351772,-1.205737057027843,1.5457632255937575,3.1025639962111597,4.1078705670882005,0.2956333437678974,0.4780269366434304,-0.5484153127816713,-0.02510667742257544,3
1.317711726208887,4.533349705929849,2.666196336488014,-4.011160448162215,1.9454723442236068,-1.0142181770395167,-8.95335931840744,-0.08331777541475494,1.8996267829074673,0.6014773275666383,0.3777410724497257,0.7410659587233657,0.915943682189836,1.5398734464243096,-0.5308458557063171,2.7875310940113147,2.9737950721037403,-0.2849934417508762,2.3271447123046443,-0.9505477319043826,3
0.9181901120202064,-0.8412873852616616,3.2939828540279765,1.1901320546737117,1.011792782000558,-0.11047350416309443,-4.198737369303743,-1.1236156707956853,-1.9897521869811332,1.1781410759591413,-0.5219528220156312,-1.579705171617039,-8.30469888254979,-2.6586911260825365,0.06476656072628284,1.3384182594415455,-1.9063299554514592,-1.1138701214589335,-0.9368772589914948,-0.39829742294956993,0
0.8275371010925998,3.525982078298027,-2.644375622722841,1.1423400448127743,1.3984343419558891,0.24562678922221867,3.999673793247771,0.7715124096760114,-0.2979307799343458,-1.7381919829759058,-4.482184206831702,-5.135679230037755,-3.0204033073116934,0.05413233261626749,2.8368178586198294,-0.22194193802237083,-4.330265722933731,0.04248379677270524,-2.7376513570154275,0.22634799218196977,0
-0.48980747338125713,1.6507176274229292,0.2779522093735064,1.4635253007744315,4.0190220295987285,0.7535601544000143,-1.5507857107926033,0.5085943277663427,-2.453118005155617,0.8607023554010904,-2.3852621938865455,-2.0230814520814673,-4.4797443337878855,-2.441308238978575,1.446691916932723,0.035177604237164095,-1.2251828344197937,-0.06602544421137865,-1.4199300937068382,-0.234917567568401,0
-0.6264688720527836,1.1015061664965426,-0.41870513320317326,2.4505059262922257,1.8920149994120747,-0.046710360758503953,1.3967425446759698,-4.262262224585809,3.3177327163420602,0.44946644649686546,5.145487139737263,-0.034950267465429175,-1.3408992692199966,2.4711351541026385,1.6710615782925675,1.2924179379423872,-0.9435584853656109,1.331210233065238,2.5065418334339453,-5.247412879715601,1
-1.8436680224556867,2.230747495473823,0.8371873470635804,2.403963052753686,5.676967278921438,-0.8055195963541745,-0.12919197233553892,-0.7789454848473187,-2.140487007736971,0.7911492799403604,0.2501011097639908,0.2437318708449423,-1.973177940523247,-2.46848564897657,2.6666402645329104,0.8185584516339217,-0.709363652673051,0.25010436034643746,-2.232786607983696,0.19958557975952018,0
-0.010544495507590497,5.8145567750505815,-2.274457402740125,-0.6802122128606154,2.9087126668193504,0.9700523871255957,3.8787962770767526,1.0408813372370698,-2.5142416171028916,0.5010958847730504,-10.677640903424072,-1.9542790214818213,-5.689008151724511,-3.0708856137612948,0.3870230710240281,-2.784987647067157,-4.400456034000792,-0.41185222425903956,-2.5128329207152027,-0.6704105241714879,0
0.5503188694251407,2.7691484822170143,3.208766693438746,-3.870691895982011,-4.146633709197052,0.6019715009878547,1.568173326303172,-2.891122304443119,-0.36315644181197104,0.32366084439010007,-4.847243127967072,0.643961715159042,-8.882554313016875,2.9588362119607403,-3.273604821906285,-7.130254749898342,-4.523787405028617,-0.006335223857658368,2.76178748234583,-3.93015837432283,2
-0.43033144230027826,0.5237730430958347,-0.7968641401761241,1.3225995301935285,-2.7674707846058046,-1.0134763133675422,2.4584177290936515,-1.4532599917392872,2.861614101040283,-0.6646885730405762,3.4237875842698324,0.028226603173027165,4.358268818051842,2.7541544996076333,-0.931435785105285,2.9350461926379507,0.06146597569204504,-0.1793391194333697,-0.14076967320940104,2.2362904841911377,1
0.3216119684980479,1.4274636677699954,0.4795773265349276,-0.5521139774332728,-3.940514095232293,-2.0327493548321627,1.5484234243053234,-1.0735726838499784,2.2065506569168236,1.3051585709987308,-4.620268086559156,0.22243012600791556,-2.9723208176185447,-2.415695476326392,-2.0190259909804196,1.4165507006137514,-2.6784113159108935,0.2642742314819092,-0.2815690550928256,1.5743235939195697,3
-1.8095072257543927,1.46424732040688,0.9277365740115785,-1.108693069324909,3.9688704603422478,-0.0536144154873654,-11.756956026206652,-0.9570558292463327,-2.2633441152991987,-0.8005780468528323,-4.01466096209944,-3.582383133303208,-7.19446412368878,-1.703282852494441,-1.467572044467179,3.881327725752716,1.1627159424990268,0.6353165710718788,1.8743992408569827,-1.2558757597778993,0
1.3689268174216525,2.500340785809514,-2.1227360827725534,-0.22762808303098092,-1.1308190338840582,0.6982788277970271,2.464518472433111,1.9442967762786654,0.5626306077115246,-1.062339438179345,-2.483783268941047,-2.4977406378800415,1.9932577693417182,1.7499897642764095,-0.7040401838530712,-1.3513853472730446,-0.538746680239644,-0.8136835421860547,-0.23597089874130595,1.580324952218886,0
2.2644361479458874,1.4092209610801552,1.290549657758329,3.539539351467243,5.7045468622858575,-0.06870756670456205,-6.065584451954744,6.361035595291675,-4.400851607732433,-0.9172379158320894,1.5626129063157865,-1.2361046600695451,-3.9198674660632604,-4.537473031722222,0.26125161951018105,3.8288238714356004,0.7686193247297044,-0.38918808111602776,-0.5442813241870659,1.049478938594663,0
-0.42177631209627864,2.1508894183815217,1.8283369878298088,-1.4299378361789943,-0.12017040081352127,0.4476941313561616,-3.6671759746701587,2.2114455336447385,-0.5639310743282966,0.6398000879421298,1.962605555004233,-0.36666102636285824,-1.8471984493720703,1.5969296141899485,-0.0729099689901973,3.4671192799505235,-1.0081560546377282,-0.16400291795464822,-0.5029606331765033,-0.6293469936994383,0
1.9485260424458128,2.1340363195132777,0.4500161077368636,3.310217795748893,2.662598342657133,-0.43976629661842037,1.7240298238637748,3.1654091521029533,-2.1133753097122883,-2.108756774461991,-0.7484586903135769,-0.2529202882498579,-2.7757107154396037,-2.628858270087871,-1.1246413239233775,-2.800127363026241,-0.2727669245526887,-0.612630237691251,0.12115870677376317,0.2331205733069318,0
0.5663785148541242,1.0793413640616305,1.778727654333816,3.9173707059214093,-3.237964290333668,0.3794883933253859,1.9529749951589297,1.5419600092836276,-0.17524323409793574,-0.6577736004681114,1.200887226611514,-4.15104617347254,-1.9474490385552383,0.9356655424780891,-1.6258635496134026,-2.1658221152480497,-2.26186706034863,-0.9870436321338834,0.602873198322514,6.053914238269731,0
-1.8931864022127036,2.126567750879344,-0.40421853121047124,0.03686200268915163,2.3742501731416006,0.4892880395795887,-0.5981817613931107,-0.5351737439166608,-2.9831601829702588,-0.3984633461339107,1.6700977754315782,-0.8508999124490892,0.7324596558147503,4.003624053294388,0.10912261228809472,0.980674493961456,-0.6137728280625638,-0.26331776171002075,-1.2967004955845718,0.6240737991541616,3
0.5968937035016041,3.9069419060305015,-2.5361882405206098,-1.4856851003813834,7.032083771061349,1.4493589716834743,-3.0555573560101745,3.1711852712226714,-2.080701433149092,0.4587655211699281,-4.172871484370239,1.8464437679763486,0.1660907962147983,-2.912130698536049,0.1322038314170857,1.1598734347570336,2.4935880787826252,-0.1616634345188339,-0.12364812736001274,-4.45771846113243,0
0.528275524993228,-0.4551263932815177,1.5138981576325055,1.9905935389801943,0.7966546855669715,0.4652720958771515,0.25582408477204344,0.7924411467549541,-1.0585635308808978,1.0068544644126345,-0.17395128536031088,1.6288648624479216,-0.07560746780678274,-2.6644851003246717,-2.695639022617018,-2.5591460675941438,2.6011451149873044,0.25502312494452206,-0.41389224624802756,1.5469401291585587,0
1.500077642103384,1.8615052676986275,-2.9726956736718506,-0.8393006100923333,5.07016269139411,-0.49816088277580645,-6.0079362823810065,1.7195393358971172,-1.40045068163339,-0.5342724683441019,-3.655216635518321,0.9329578217929306,0.5834389495814315,-4.1366966527067905,4.145662572209737,4.577891543436998,-1.8621670328246371,-0.7551708411563337,5.881701779949939,0.8177513996664373,1
-0.7868327110666181,0.1828539626323895,-0.04841432198001172,-1.978167318121927,1.5262882874503536,2.3766166571755125,-2.740120344865173,-1.166880161382017,-2.054372410114313,0.4231978267779836,-3.7204810805565,2.784698503099698,-0.9455881110422287,-1.9983193902830272,-0.5598016752764012,-0.029886009942908798,-0.12122861029415488,-0.949953524793763,1.9240257183245237,0.09356924037863701,3
0.3123608726250532,-0.07223440220504385,2.433058549706837,4.049503261152629,3.985243009616566,1.1097284754345362,-5.758547773089037,2.7631282210843207,-3.959092495030707,-0.7058413095416951,-0.8462590118206655,-5.897033218866794,-12.388286898248372,-4.001923544922539,1.407677433865683,-0.13930459838436238,-3.014165460650457,-0.3843686746282931,0.8137545045301346,-1.1006722287914346,0
0.4114528252010149,2.73380022703542,-0.894276018795537,3.4493508546706346,9.36976205912618,1.0297834219780846,-6.091358829350633,2.0286476239349778,-2.8191591619626752,0.009954349043195445,-1.7595496749553075,-2.279604793025626,-6.134248725545825,-5.08991087669975,2.2742107503573803,1.6199903425415458,0.4690808824818964,1.5713243804533803,2.1738093118817576,-3.3978771829153964,0
-1.0657418566779662,-1.1833938083205124,1.591399853922077,2.338565663192296,-3.3066028662052744,-0.1211476627775129,-0.8763402504448946,1.2928543815208453,2.453330714784557,-1.288790996710457,3.9591668651444936,-4.044929400026088,-4.963903877640918,0.6835888411357802,0.04655141922605699,2.720570239482394,-2.1819359699738126,-0.10928838450262579,0.1016357138399635,-1.2393140235870517,1
0.4515915452456288,1.7397580036299907,0.6215848912361692,1.4421193320094798,0.7736714715087573,0.0799792519069255,1.4649027685170404,-2.4414700840599606,-2.03527326026738,-0.36559312401286687,-4.247893396114604,-4.372684655013692,-5.762311079658239,-0.8454717019228122,2.2949605017357904,-0.6307083895221249,-4.864556587992431,-1.254939041535662,-2.866689257155376,3.298399332943507,0
0.2024919906447109,0.6744182515823891,2.4272271327037984,1.1640728731265853,-2.5526875902543753,0.3176548885256214,-4.354914654267475,2.8926984687341104,-0.11114587552003241,-1.1614555545212504,-1.739366942427877,-2.646095004552662,-6.21659380455823,-1.967008457150786,-4.269152593875103,-0.00999609392653844,-0.10519362834480994,-0.38681050086213625,1.8567870798522668,1.161808514706105,1
0.699963066323442,3.7820386615112342,0.8421970805071951,-2.7197240568435816,4.843588455139984,-0.748229340764418,-8.828259601280157,-0.388035252866078,0.1594767931223522,-0.24500300515808401,-2.9246949586552065,-2.1681043644071654,-4.5074478999229,0.21621305700708748,-0.6558825395301532,-0.031793850022908465,2.775583626761003,-1.2183571553815016,2.247423711885153,-5.194601711689498,0
0.6946544643414463,3.4038264487637484,3.1175071044048845,2.0175479974263553,-1.5563238126513066,2.030739469870106,-1.9399909495876553,1.7260120102962742,1.2280367174935898,0.7813366237015992,4.277083248876944,-2.35678472253424,-4.042694754025541,1.265920465234438,0.4307655590645929,4.821514177517332,-3.6419535489562924,1.2303671703602264,-0.13277673874255913,1.6305868913172683,0
0.8369284352133449,2.907192121407305,1.7831113792160997,-3.8478724600090155,-2.271172301367689,-0.09542540759167957,-7.2529116686066635,0.4688851172525321,1.6662395262343233,-0.8483128963106845,-8.252609084541076,-2.565049556962233,-5.773856108816392,-3.1226472906048555,-3.412144084152542,2.857421956304643,0.3832956798122735,0.2779167959189828,-0.866897582410521,0.6241005635547969,0
0.17779127177116533,0.2257176541514475,1.7316993336616582,2.8762025975695975,-1.2682937903899978,-0.9545961756992686,-0.18023410510053606,0.9716716717002052,0.25264252643631524,1.0018763842730547,3.04200721454359,-0.7513028127739471,-3.953275379920831,-0.47715219158989,-0.6915738851333334,1.5729065687128783,-2.3449869620533197,0.24425766747543023,1.4733424837426772,0.24420965934533334,0
-1.3112017993118033,2.5268040246177734,0.49146941320626114,1.800100440895334,1.5340584048998178,0.03375115345803975,2.7940810150873423,2.093471169779118,-2.276109726149583,-0.725132240521119,-2.502992636600975,-0.4457984357622351,-3.255217933122684,-1.9047705067916374,-0.4983305965492314,-2.6949920905679363,-1.914175150751249,-2.2820917467798063,-1.3069536188343742,0.7886477402831126,0
1.2274298039607365,-0.1658917951635659,1.3928434727961607,-1.3981078071223165,-1.3922770424596942,0.36722312483894126,-1.4498581527556724,-1.7154507003070352,-1.9510868883359291,1.154844101020157,-8.292141273966893,-1.7919594179742047,-8.763991491343502,-3.5842295060624667,-2.34273680546346,-1.5314522422876136,-2.3574883108985745,-1.49100236894055,-2.199970390223919,0.01204930594885667,0
1.534525234865268,-0.2968590878449727,0.12137563369563587,-2.4034872735795147,0.8561444505955597,-0.5347679101748003,-1.3485894587042617,-2.571314909133878,0.808518522289622,-0.6631324239193579,0.29645958966393676,-0.29522291322606187,1.929988692418221,1.988790247142732,2.358459477641998,-0.4064963801725219,0.8238262432896228,1.3013899158248632,-0.46672520213746094,-0.7677951952947758,2
-0.35372586032600645,0.01602774320212863,5.125933158685243,3.9162861521539405,-3.4838773460112686,1.5382722693147857,-4.151473945950378,0.6047707634221853,0.020391040358971546,1.3453643301548481,2.9925885346572425,-2.6368617004625685,-6.391918366467941,-1.045898103106829,-3.4996086979104435,0.8611323508563433,-1.456678414052198,-0.030317272493902887,2.290124263456415,4.833019980568308,0
-0.3610994622982106,1.91909781935128,-2.3299589197263737,-0.26215041175665244,5.922571836112369,0.46040522079284696,-2.8862491081167585,-0.714345541274076,-3.0464924850447717,-0.25051292081487675,-7.568948008332339,-1.9895587816775941,-0.48191706911088067,-3.067047309567658,0.40778919591542206,-2.3432346448843084,2.1085533924289717,0.5231184871522506,-0.5077805875753134,1.2906904806426798,0
0.532575500597384,-0.06392397599793287,1.5771813831148302,1.6863042625978835,2.2210107335463136,-0.1589703761243024,-4.365090433873966,1.3767156676147523,-1.4388331770082026,0.8044124855023866,4.85511675923111,1.8550976411758837,0.5689783169668197,-0.2361730223072942,-0.48059915487832294,2.9718730248940854,1.412371840368181,-1.0697743968707762,2.2217405299190705,0.6388396936676999,0
-0.4402823833802132,1.4506819174896304,0.5772389353683032,4.6631652663687415,-2.878796092171152,0.1859811164947087,6.649061521158785,2.601174502631606,-0.8218504676197473,-0.020402107126044244,0.07920954814772868,2.472248101998745,-0.6813843966377033,-3.495250861352205,-2.6246537518294746,1.5135553044602283,-3.6418050501235695,0.424907632534393,-1.330807780150531,5.220039982463079,0
-0.025944415379782843,0.5430514462810168,0.9696123172849669,-2.992579968013492,-7.021463974095333,0.10303129893251521,3.5261473372559142,-3.4051911161827366,3.7532647889052613,-0.4756141476266168,-3.5756382053656544,1.225884801019196,1.8631143312538467,1.2336653840586718,-1.0344416903727143,-2.49458385653565,-2.552690580691673,-1.3180722696121525,1.8440064121316317,3.8300627213253877,1
-2.4535699585549153,-0.3588556973930166,1.6833242754244477,3.7814854820193062,-0.4861130940526827,0.8015597335143011,3.662959717473779,-1.0425481301145347,-0.8143127998006614,-0.8192854560480206,-1.6325783289347309,-2.8997304604827425,-7.359597875913396,-2.979426149151757,0.7084134685595895,-1.9605361076402663,-3.908398705565543,-3.5218084233963887,-2.544733920337328,1.04018204821378,0
-1.5467324878869588,-1.927309512703549,-0.3592756502565222,-4.8236422355220965,-6.622579385684327,0.7860827246907521,3.0935052485509558,1.155632620542591,0.8789049560980551,-1.23042779324721,-5.487802038728474,1.5059068379126348,-1.924823083375505,-0.6217728154368609,-2.275101828064453,-0.3854014569152868,-2.1448452971335836,0.7439383835236395,-2.6215718637022105,-1.687324182583933,0
0.1103690043922271,1.8427674093401025,-0.06542349388889268,0.05970768978143359,-3.0703943876546034,-1.7128720476344248,3.197055611224897,0.8402299961162338,0.19198974518173562,0.2646396990738166,-3.969213862886296,-1.5735497446885516,-0.31975687879730924,0.1428491668852614,-2.40995861022613,-2.9637286548887483,-1.1673231842881515,-1.1424176172590783,-0.831079304119168,3.402036509651644,0
1.1994786779241597,-1.7853654015445906,3.7004993354681766,3.911854178158001,-3.01952666795107,1.6463288250625079,3.4979306494695717,0.022900695421108397,-0.22549117360426463,1.1034803390940413,4.955996406456165,-0.8614688752121737,-3.9612228219382066,-0.09201189347950645,-0.24882603747055998,-0.6215826192170935,-2.716519428838561,-0.9498154049514755,-2.262886819562196,2.1378963435438365,0
-0.4013272124840051,3.6315489939467205,-2.881856370675008,1.9027423937967747,-1.8323603363150331,-0.5359585696357916,11.881244310313313,2.6862031369332695,3.338641324609839,-1.3049567815341454,-2.690821983514272,1.3378853014940768,3.6010031580252737,-2.23911448156059,1.5898079649640917,-2.3605917285420044,-3.3129975285337534,-1.1258426709575138,-1.7795106342128144,0.9113691306642928,1
0.6528198911803372,1.9502982562860869,0.8737120380065315,2.495523532285036,6.293717456347534,-0.21685469159106374,-8.269859391515679,-0.11338297455937907,-2.439790633409258,-2.29876429842855,-2.295647077677733,-4.348978220523319,-9.421222463607846,-2.87369079160865,-0.2120670962116432,0.4219421530297788,0.27580172553041105,-0.7812342954552022,2.784325381152443,-3.148168548375086,0
0.51390906501423,1.7176479501410018,-0.40944172515441846,1.699053505701313,9.33134241080018,-0.9628913596242082,-8.69875081158248,3.5677870659519955,-5.431445317499981,-2.2422099002726443,-2.1518629454602674,-2.60661819576337,-6.41539238590401,-4.147062670554307,1.498590886705589,2.129888800636175,1.2274117512867577,0.5738218468920535,0.6401681174171354,-2.8742368759096344,0
0.16384580797481416,3.4667707057551214,-1.315725018097568,0.4684944905988617,5.164862625819598,0.24070835870860677,-1.032525125748333,2.6130111739813615,-2.9384924604900156,-0.540157667228875,4.576702577992197,0.990806108898759,3.356292718590908,4.394302823844665,-0.07214135742034233,0.9622536603194065,1.7880537141849255,0.31729386809029075,0.24285717894737568,-2.4713132292143145,4
0.5000837085871893,0.4106797189529553,0.9426705039337406,-2.3911333745783265,1.804708745256649,1.1094427289097628,-8.619745209710956,-0.8660136925062256,-0.26854136718166344,1.7438278442077244,-1.6218432854315301,0.5166320828758304,-1.1083369448935314,-1.5250621592180034,-0.38521612639927405,4.340824597179886,1.7584254407823563,1.5212036166515062,1.9217316721682072,0.05248272333431281,0
-0.5323683562266188,4.769161640370884,0.35324538012279494,-2.6846360821363806,6.861435253651801,-0.8964100720732567,-12.786644559600527,2.8468324834847074,-1.1927995960013307,0.49003157632924343,-8.043888309926215,-2.2288904953193103,-5.14804060693962,-6.018864062139324,-0.6476083358403291,4.174934655519465,3.3994838617225334,-0.13968027722854298,0.6387486207106194,-1.735784059096696,0
0.00600076738473726,0.3029033967453466,3.5100370630171653,-0.7119875441382191,-2.9776977962195024,-0.2418378249572131,2.0723054813606767,-0.4640265382076626,1.2476682986349505,-0.08551303553332905,0.054529290823914014,-0.5494844371767842,-3.4922017207161495,0.7048582982493545,0.08969028267389678,-5.957008271734804,-1.713242526626351,0.22544362541425264,0.9587208202072813,-0.24375734240037294,2
0.3987442448991859,2.423151419756496,0.3211669521676098,1.2099104330660677,3.4080123135839133,-0.0934586134504327,-0.7000261550501633,2.5033155621501644,-1.1258542836973016,0.7028748699171831,3.1144789828473547,-0.856337792780175,-0.3421221373072791,1.1888158659084138,0.4516877779686499,1.7618536705587275,0.9486958647056632,1.7352275555184793,-2.5466792820815893,-2.105671224534797,3
-0.0011495543398780522,3.2575685790006412,1.471657828553735,4.385259784126771,6.132216626508151,-1.6804127116316379,-0.33533076737389605,3.70248072094887,-0.6952570623283869,0.034223319690265874,7.321240243753786,1.1274149293381792,-0.18464594454879707,-0.4018717887467682,2.448448633682135,-0.6168661004545279,0.564718735370239,0.6255292437004567,2.681271405340481,-2.6299702158073894,0
-2.013072190073277,3.190292204075338,0.4051364032086594,0.3220571383214954,7.228074755163657,0.7461906407562207,-5.12341428283325,3.5656140603018818,-4.391368169305505,0.5742404983824129,-5.173249488013924,-3.949189169043134,-8.294127062564502,-3.9010434808009635,2.1102515046003387,-1.3025270105592344,-0.8140729172660389,-0.1848044649738344,-1.3594788948940932,-2.8932301946395453,0
0.5031399667312998,3.548101218241727,-1.3111816109917696,4.545460020910992,0.024164232407621715,0.6607268452282582,5.886452577260825,2.0145267124209205,1.7909118177073626,0.3097776672662222,3.7412442595670923,2.022302944460961,1.5393383060923966,1.1668521570863202,-3.6078459265375047,-1.2453462214459772,0.13913520012327174,0.6781660236250351,2.6634548867141925,-1.944024808631856,1
-0.050645165388801205,4.092606856226274,-4.243386717981364,-0.22936548829233283,4.392879215312554,1.6944787837776865,5.677689300586919,2.3834852869523306,1.5125239603404559,-1.9233695311189893,-2.9537756323315643,2.8059544812037833,4.653440187982834,-2.985243638832493,4.924387639088698,-0.24353530525149547,-1.73540055884982,0.060631375820471727,0.9707626912165358,-2.17795166916821,1
-0.08882064942586936,0.6718459777936203,-0.032500962237255626,3.8717705946088823,1.2642256577868989,-0.8131389817435494,5.0098963616834915,2.0013992703511523,-2.025612260878675,-1.0143278886422185,3.1128024709105304,0.27989097728699375,-2.65171594891421,0.5307392630753096,-0.5735458099833641,-2.433984490219238,-1.965529314355443,-0.37006865223977525,-0.2607200150755675,-2.0096469323605834,0
-0.48307090347743403,5.890821602773492,0.45291893809670525,-4.893908857244853,1.7985834668973826,-1.1077058987770787,-6.587334025389265,-0.18979399354638105,1.8506261186017543,-0.18734727324787787,-3.9265640136927833,0.5021480246728269,0.4026521025620772,1.382817221096805,-2.3470116715643226,2.210171671096991,2.8725479814559125,-1.3861964253894494,0.7449740731778447,-2.572091786318489,0
-0.8715063590800407,-0.11922472301046083,0.6201975192631792,0.8719450026218943,4.105806257838969,0.12910574042228698,-6.254278940424628,2.250895478511157,-4.738887339396012,-0.7675706478861412,1.1492711196250145,-1.5131290947956326,-4.2191046860650046,0.05917327492061952,-0.9363563018479847,2.015633846621756,0.8509428468414098,-1.3289683564502022,0.08327614709332953,-1.4192469946025144,3
-1.0244256275297767,-0.01601912173897735,1.6601721807678285,1.2767540994332938,0.4254901845160741,-1.3398074506603426,-3.110037122289513,1.3022515055690356,-1.2365061197149925,-0.7906670003196188,-1.1668307395800463,-2.324521587147533,-6.284789302181352,-2.498296934834279,-0.053055898678428415,0.973415983763481,-1.7643373577045574,1.3459996647240233,0.16829861795477075,0.02845637108816268,0
-2.4030115211775405,-2.27990807367433,1.3010407286541086,-1.859491620974397,-2.953633714937477,-0.03916209768659413,2.6156259669609727,-1.661463589463024,-2.3574586969486964,-0.8112727322009359,-3.7819207706879676,-0.4795460982883609,-2.631480774057261,0.09456077063087465,-0.9003037191047194,-3.1096398679313184,-1.5924918548846985,-1.6638653567121726,-4.235407244174324,1.8583363013527814,0
-1.8421218154757273,-0.0558961206495896,2.273098735275854,1.1611118684199895,2.237595793390724,-0.6948364162186461,-6.071904748935967,0.5989791231771024,-3.3814353191898103,1.6969974652947069,-7.522629068781819,-6.910919113302596,-12.366277412090312,-6.002195942724985,1.6674056084383913,0.19054113178037957,-3.394794730899763,0.7491943800936945,-2.3694603281389734,2.0341223220334936,0
1.2494372807460705,2.9626732552183572,1.5907902219516967,-0.5876727944959084,-5.23397730716472,2.04525862507221,3.683118494446099,1.1477643980270422,3.0516059679380723,-2.263094540589073,-2.005127390960464,0.9780237479593112,-2.1371946196438794,-0.5979407742762437,-2.6856289386448147,-0.15526558512351119,-2.8011463436595636,0.4218232861742496,-0.17385004936272597,0.6698235822094334,0
1.922881694713039,-3.029236870866998,2.8218386014961165,0.9539082978425005,3.1559945568755445,0.20244681162812225,-10.68767035497031,-0.9870437110576282,-3.266183529105418,-2.5750388443679153,2.7991604574792475,-4.146243652381708,-8.577839977652449,0.1875445233633568,0.9138566925558469,1.3700260077247255,0.12340882375268447,0.4010237996660596,3.2142056248854227,-2.3242135682570813,0
-1.40484312059099,-0.8158205187944219,-0.3439683745766067,-3.080580690997254,2.9575469418276046,0.023578312087920012,-7.435700641801143,1.1284340631733545,-2.2172187956643294,1.0065646379964868,0.09588896642508868,0.1453158142005314,2.1250788854236373,0.41616105843725326,1.0034937484476383,4.171242974691051,2.840589725444181,-0.31835113770485457,-0.7366139899448987,-0.14854138959211527,1
-1.3505329966422646,3.5541135610736405,5.036804902264462,3.929156296788958,0.8806903289825517,-1.1067272581730898,-3.486728394428993,0.4068839219098094,-0.48706951782947516,-0.2621465397205813,4.385029741525784,-3.2525147435863184,-7.58420748947473,0.9711280474120356,-0.16023503797999217,-1.021302674150824,-2.949054077217461,-1.9859614316901044,3.1949974202626428,1.3768981352846166,0
-0.45741150977522504,-0.36437196058311994,0.0761138697277225,1.4215531681895621,-4.808835068860081,-1.0892184984396958,6.725067070747457,2.4189062438591105,1.2179028643159588,-0.10319153592772577,-0.18227413843800008,-1.872039629992594,-2.2862903696102714,0.6042146572770148,-1.4581921420702753,-2.943998072444552,-2.654898912557238,1.205009460312364,-2.006880311743516,-0.1806236532253136,0
0.871326893386785,4.482486032693351,-1.495662977775455,0.7609711975624273,4.322750426852367,-0.0025720026487927147,0.7063827945691269,-0.1665252486365849,-0.976395086567987,-1.198627125914292,-5.694702080775133,-0.37175312606357847,0.3826153400697216,-2.7988717258124476,0.1576059281476725,-1.2332103742916076,0.39958650426490183,1.0748572157302807,-0.9442993608883131,1.8050528663841252,0
0.10493593938573978,-1.5113776422842307,3.531553235964343,-1.5284052849178882,-2.8000612121124266,0.5196817748484917,-0.9944377639138765,-1.9161934133068965,-1.4764733600119542,0.07892460113312272,-3.43867637450883,2.0486756864888065,-5.531258821676543,-2.5937006729459986,-3.5388450342840883,-0.5860673509509898,-0.4898708335797851,-0.2910155538405239,-2.9419886442426826,0.5164815796047045,0
-0.9457189744662521,0.8183710574104371,0.5854428908722535,-1.4058873396992118,0.18683635376577185,-1.631459559977684,2.1085771883597118,0.03995279609388791,-4.778862551500847,-0.7903842192023147,-3.5712358611007886,0.6502209787074065,-5.929645859988856,0.7121672671644028,0.3159187035246409,-3.694977111000648,-5.07559713198842,1.885029612005801,0.3285918624002414,-1.0562511373569672,2
-0.6512581846998245,-2.503237681302166,-0.7215279886386861,-0.2657153603054381,6.099291054160317,-1.1105884123210954,-13.588358714218566,-4.1141298233771675,-4.81200332252714,0.17716376086239624,-5.027236923844019,-6.392224141035673,-12.113426175368096,-1.4517607761559663,-0.05815869598059198,2.9066492384625446,0.12735093867753133,0.1364299708993652,2.855324627520221,-4.433969772061702,0
1.2050627138897076,-1.7426974510700215,2.7008829210826146,2.59286236820204,-5.078766559267713,0.5156064025154776,2.0578286129702783,1.652191306263553,2.181078653183946,-0.8916393201525016,7.050694912717166,-3.0998514665506853,-4.043006624700357,2.4012159096884935,0.5209050429613014,2.9027769063075506,-3.493188057816405,-0.031516226969471824,-1.8472556608750192,-0.5123961025681092,1
-1.3854195336012056,-0.9610557695797299,1.028705711341023,2.090594578883659,-0.727750767369497,-1.4187919952886168,0.17318726902340148,1.063339003136865,-3.123274749408189,-0.02753919792731248,-4.380322479187715,-3.728727716666387,-8.872128117956299,-3.6960535570057576,0.015178672164323892,-0.09513749312413577,-4.4157130255561245,0.17475746088193833,-2.389289230973628,1.8158502937446355,0
1.399871878719101,2.2409402749389797,0.9530904268482281,0.7095741501848893,5.788927602478996,0.9393053306312894,-6.800726771431092,-0.3357947248371509,-0.5201544011534942,-0.6291492550279617,1.0587276734964306,-1.0236499326460202,-2.984181716260625,-1.669182517387187,3.1042593857428304,2.5050017300495853,0.08599670522899827,1.634661024246238,3.01243499160961,-1.7699636707242035,4
0.836117153189476,0.15792138588736837,0.4689704617062931,-3.7483251635700015,0.32840935252866493,-0.02457295672053189,-8.661303956717521,-0.57146634268274,0.07432037087372723,-0.7719434637189526,-4.861067243253257,-1.2818559278643407,-3.1151410539834923,-1.8221596602103791,-1.5353918599697312,4.0108586496791006,1.7874840137448058,-0.04280395798856224,0.03646788144783564,-0.9115937902845755,2
0.047601344543629416,-0.1909331020108891,1.6326247840217232,1.6249596017369892,-4.405623058348535,0.3854129221135673,-2.471731315875737,-2.050106720157472,1.3111967210112279,0.37274147013513687,-0.2203968503571642,-1.211461131111061,-5.75910434654708,-0.3468470152068981,-3.651509864444362,3.5076262567785776,-2.8444702706188467,0.4828432312847351,2.6899872533528333,1.5075600311988713,0
0.43103361077150665,0.7785024937577798,2.529002048224171,3.741338289565133,-1.2074350651708123,0.03194475226929614,-1.2046141411476334,6.840881699124233,0.7775770554602501,-2.282565028639551,8.545616374836397,0.2469252405530511,1.636524113908288,1.1446483703203878,-2.812171443389711,-0.06981805802951668,2.4262541475652704,0.5828797294777077,2.968309787892079,0.7201672163920121,0
0.8138062088794258,0.2718756447883477,-1.745428249110998,2.93077438965481,1.553419416189556,0.28485476250314923,3.9226978381673345,0.6842577467994242,0.19509093832665725,0.12466362266745842,2.512873597119507,-1.9979915085503186,0.6413042845728746,0.8580833262863232,1.1900669302835056,1.343922767232753,-0.29402501329976716,0.8219488248257374,-3.4220846362518964,-1.2411982211554313,1
-0.2841873768471706,-2.0341008846874216,1.4223910928287098,-1.7105153702624238,-0.30955296037175034,0.004687247371700142,-8.105213944149396,-1.4590095692571672,-0.8981749407172012,0.6284491796281995,-5.669703685168852,-5.104942280388062,-10.250046623496702,-3.0102528494440923,0.1588310983471113,1.6860496839391466,-1.6834710096967531,-0.5681585950037119,0.4185300026747556,-1.6132615349066397,0
-0.2458942729902455,-1.575237274632474,5.138177700594513,4.4602643256534655,-4.484181596910042,-0.4682800935701761,-3.5175268166084788,2.7594290788998626,1.4393732364440708,0.29801628058391205,4.556030003965809,-3.084450336302811,-10.82623137057444,-2.3123242968198996,-3.4303039124418246,1.7939183276382389,-2.421613114590734,-1.7935090663559552,2.2795397035804004,-0.8103429240982236,0
-2.287747458122683,2.015694740408482,-2.9355426351708602,4.1889040622617255,3.882590582776542,1.323637277036939,2.9002895564260593,3.209413339738235,3.404839317203348,0.9376760352396777,1.209083084208571,2.361149017991555,3.563563522063256,-5.467606459844298,1.6157690385137284,1.8683573290645192,1.577936130749908,0.92963718302185,2.684250508827973,-1.941032679119103,1
-1.111118140552169,-1.5098383515775133,1.0202540288099757,0.0808883583828266,-4.598430179085403,0.7645740861154448,-0.4383678299085835,0.4904775072335035,1.9590279724148831,1.8366938310860284,5.268372733338263,-0.9035793493127242,2.1211514455505647,3.626256372581163,0.7834342765165481,1.26783250053985,-1.7981077349195849,-0.6053160000784596,3.466480316703065,2.458550765114901,4
1.0352327547045455,5.221415949914125,-0.9241060752963994,5.450801680117185,11.43027763870466,-0.5316220945888382,-4.675663964128879,4.440573522683126,-3.198106184641406,0.225090329170826,1.3226780384073908,0.007581643918908698,-2.9730993812553175,-4.894390373321549,1.3447418466413472,1.7863349781564333,1.815478246544855,1.590495740975375,2.8505472502482254,-2.9228131379268882,0
-0.14133492579830162,1.7135298746145247,-0.02472171582846716,5.0810566433931665,1.7123049121630272,0.7631358416507277,-3.8905150975818623,-0.9291323608224731,-2.556394082656488,0.13817726481206005,-4.250377352190845,-5.3569921831559535,-12.565167994804183,-2.9182710513996537,-4.172485090689481,1.6077341365439544,-3.0641229946656003,-0.9219939021599475,1.9872067527831043,-0.8359494741235192,0
-0.9289035614129358,3.374098007972655,-1.5525971993124084,-3.2223355991793357,2.536645806268619,-0.3807235091108082,-0.7032555856886145,-3.230651880558077,-1.6702169426005267,-0.6723142658132499,-8.550990879344404,-1.0349994287803816,-0.31238791965734247,-0.7267465224066951,1.1757200505943084,-0.005866174995802775,-1.1568255286326532,-0.9494918905880337,-2.9370632684590987,2.065783706475104,1
-0.8621031838504611,3.9838394302862112,0.386542185680223,3.1232988405060187,4.348141632298137,-0.8931746008835152,-2.501908755989534,1.1674321223407476,-1.7731881726495997,-1.4029155224949645,-2.7316272665974948,-1.952973591800499,-5.726667524140038,-3.404565105368204,-0.5793196577195844,0.9556109326913307,-1.3009706115785882,0.5228740198546974,0.7248928185371628,0.1623612676613586,0
0.4345409296353224,-1.3124420892412356,0.02570570552176732,-1.0421902823024953,-5.894002068742551,0.2895054098202507,4.3533920309661704,3.206744870542284,0.9819719835417928,-0.08396183700210595,6.099622304176541,4.413487063744667,3.189708875145633,3.755569761099808,-1.2432248496793497,1.8188171296735125,-2.744169891632475,2.147481793667097,2.4306071931976363,-1.238567594976846,3
-0.4647649148436426,3.2715521808294836,-0.5627922796761404,0.12420661758083928,6.136270888151293,-2.220061501384726,-6.359834029615666,-1.7242883699028568,-2.4774861058339903,-0.5188877203597877,-5.8684055943770925,-3.6598892551305204,-4.5871096717488395,-2.8225694172716738,2.032336181524869,2.085835097377464,-0.6515393768601591,-0.08600055629079693,-0.24336577094257927,1.1466192287389136,0
-0.3452482665213084,0.08254592207044109,1.4917222091838154,-6.638322980534648,-11.483479282685487,-1.1052341966524624,0.8166389746943313,-3.1685273144079398,5.965086295184849,-0.2348202944575834,-5.07600550047165,2.6501993803009976,1.4362905968758874,1.7109580677252838,-5.4969581421992695,2.3329984136348005,-0.7937885068083638,-0.8312544222650903,-0.6005665621311469,1.7509081068649759,4
1.9152156346220306,4.229978072266118,-0.8989489922851179,1.1394052507384478,2.4726696752169057,-0.5237130741415701,1.8705613441953033,0.3140342636447476,-0.7434337672871101,-0.39413612404615694,-2.0631012687854344,-0.5006601503345607,2.937941026367527,-0.039615718054241245,0.29917233264886844,-0.5278718516620662,0.012234365606778486,0.4396075342721804,-1.308115161762318,3.786214183662653,1
-0.8402089744981762,-0.7180595790198399,1.5107019403920077,2.79774779456997,-1.1164226576691643,0.6842739744515063,7.279109021427051,-0.9251599666842201,4.067000514547107,-0.8197217615375335,7.859350466218938,4.735291652348554,5.816742425975922,0.16908908852480997,0.37473723550627824,0.4042795997784683,2.156811982530433,-0.8834940869141408,-3.1617531408882313,-1.061979371252007,1
1.2915345386349824,-0.5443913343665898,4.62571879830481,4.538801513062371,-4.633736718515191,-0.8664329824839139,-0.9893206910444269,1.5710286582597455,2.023857927310678,0.973228385202868,8.894911275658906,-3.977141737025267,-4.917540565662511,2.1509769958603755,0.13428857723142618,3.6609307443147125,-3.6570725536952327,2.351928342996157,0.4861537616793694,2.695005745308696,0
-0.48500474956216894,-0.7129655182800936,2.797962668597859,2.5397308288275116,-7.312419770400993,-0.8680772946363264,2.0806595423829415,0.6535887024989043,4.372146195236017,-1.530869932799819,3.972344446988625,-2.173822890548468,-2.816830230123468,0.88849433492004,-2.8538429890925094,1.6676712153293152,-1.888868771999645,1.492755353632024,0.003861666768670391,1.676087709567107,0
0.6076205485586204,2.5165532198523115,4.250362951208192,0.4750494042040455,1.6262077382924807,1.865399201692716,-10.726630703933166,1.965332214324449,-1.7144818446606749,0.8044705829791267,1.537030209403171,-2.783199085609589,-5.293034609030105,-0.04614083997906271,-2.8533671269450265,3.2332249130144337,1.7102612540935183,-0.9195341844877959,1.5328916529455028,1.765134322560444,0
-1.2837744562569908,3.3512478884245778,-0.37971154555273334,1.2000923023771277,2.0581356515315163,1.689462897998741,2.8408470935779446,0.2925121240303511,1.9025962590016716,-1.5056938721687458,2.565359883392606,0.8397340040858079,-1.6763577978151278,1.6278125713616038,0.678851311208593,-2.16274033498175,-1.1329738304783197,-0.09100739288704224,2.8051431211327253,-5.825708518843399,0
0.14008954542615829,4.95358660660351,-5.164305786537407,-1.644758957979609,5.559714611082314,-0.9756468137461776,1.0089819549112333,0.8892566006873247,-2.7572558806412095,0.2558874823262223,-13.289736042874456,-4.652699754942456,-5.029914191510285,-3.206402053570209,1.8882999816415307,-2.7987790515612914,-2.7133246751037694,0.5623529137228302,-1.564459361295917,-2.380404416952571,0
0.524541674581635,-0.5362560739063162,-0.06441232151128551,1.2814354152815364,-2.842005488424615,-0.47537115108016537,1.4607283715319066,2.130103319260698,-0.9911786077156863,0.03259704663633234,-4.358556135098806,-0.9606112929812334,-5.302751843687571,-3.6586709537079067,-3.2533845966456125,1.1247510130286942,-2.125994814766929,1.7860363190992723,-2.0201017546287403,0.9079011637347423,0
0.5947388705931083,2.852637727607302,2.058589675864826,4.638375420419234,0.3971840057740501,2.265148536261676,-0.3769070969568212,-1.7040608080498232,-0.5135819443614944,0.9569115709409651,-0.34062196554125906,-2.7209936232131717,-7.861736539072337,-1.0141699764478627,-2.0552047195450642,-0.7200925310838526,-3.3823568939576405,1.3401333721396091,2.411029902124551,1.2668209964995092,2
-0.03910403619223957,1.6945036987219049,1.9541693343004085,2.4214770626812463,5.793481401965393,-0.15158408776429266,-6.650440200727801,3.8051184371853397,-4.572883600296569,0.5391201720708985,4.152732300819724,-0.7173131231625769,-2.5711694107839502,-0.031010456433879785,-0.6189378238092609,1.70549667162804,1.9364537882350228,0.405314636204498,0.8153647756883721,-0.3275906637036121,1
0.22274924178874314,1.3258221741478693,0.11319248616860311,-1.0834094489756967,-0.23472022982534338,1.051366936525875,0.46497596214702275,-2.3877322709834576,2.711575893912144,0.14688596919378397,0.3532702905980076,-1.114258248649859,0.25458453456943814,2.401995950476392,-0.7162699653752901,-0.45624903362629454,1.6737006106558447,0.14899632196837168,-1.7049749476541596,-2.939713440998296,1
1.2487117188070278,0.10643482577241681,2.0908668064880658,2.306129570554867,-3.1540856703561975,-0.8471278357029567,5.166232008673616,0.8311527647061557,-0.3567079194546089,-1.52165714220929,0.18790822430989854,-4.534429526274281,-12.446293066473178,-0.5236580414495919,2.603039165597149,0.8976852537104434,-9.050525482087634,-1.5002857980239717,-4.01399252077812,-3.2482236979338515,0
1.463817080701161,3.9714547039527717,-2.5150359717725173,-1.3758382808761889,-2.4245001197623535,0.145959191099021,6.779622151748298,1.4257027555268003,0.812448760475452,-0.7607952417487968,-5.217738712409976,0.06901073855312845,4.51861591483172,1.5248843514130508,-1.998049695666894,-3.4163791140707245,-0.6609454086893033,0.014156496956876959,-1.7942967240041816,2.881089625157959,0
0.9060926237765612,1.8220749162330931,0.643390194708664,0.5108136452138539,0.8156423042304222,0.3221086793948148,-0.4722166852302827,0.4112126751029691,4.152397942075522,-0.031456964681352784,2.40896519599488,1.1092299882523653,2.741804609950293,-2.0793076051261163,3.1255796112285643,3.108922929135442,0.21666038551575406,0.20335983595301022,1.0005469753220906,0.21511996881543616,1
-0.8480880834096289,2.0194090867924714,0.8738303654029181,1.1375260823583222,3.197622812367742,-0.8046593122973089,3.977131308592908,-0.8300209284967319,-4.565967898276245,-0.5441253314456943,-7.021092236739339,1.8852065510214282,-3.6157959496353893,-4.566995923352183,-1.1927317358195015,-5.053350852726225,-1.1913523628250746,-0.5049644485414957,-3.7170100021237817,2.374433994117532,0
1.5057488824466922,0.17833586054920636,-2.2912706035450583,-3.3041239569789997,-2.1387083260164874,0.5298776063902524,3.4104498246466344,4.224858061312316,1.8827596156516253,1.0453672883098615,-4.967272369906667,4.8462396272255095,5.5157404835512285,-4.331264706234464,-1.7292829157379774,1.1812803010633344,2.3190095047988306,0.15127431382309495,-2.599241065795984,-0.3961840557188654,1
-0.8890926255200713,2.401086740193831,-0.9057368778555263,2.5526198740922315,-1.1280129347968189,0.6829141445739243,6.754664048146731,0.01512944238961178,-0.906870286105538,0.1210593624736629,-0.5582383291407267,0.08734105831068839,-0.30517712967409727,1.459305292076829,-3.564930685980559,-0.7311337685135749,-1.1248161340067657,-0.3680890617470755,-4.022349634040219,0.7053684285531969,0
-1.1188191391941806,-3.9236949929768867,1.8537024154343655,2.0701243869708725,-3.8154784457680595,0.8217772060372475,4.505980078667987,0.21365531170938756,-0.23746905366778293,0.3826679882121791,1.5216171895347028,0.15967391785074847,-1.9637503740494517,-0.8303906151051187,-2.1958928180238892,-4.006919516671874,0.08147637586607237,0.5247480164635189,-2.0587212533760537,0.651971181597069,0
-0.8614383167672617,-2.332347602265611,1.6513446793626436,-3.181646876120112,1.8311179966438291,-0.1423804952190998,-10.838237058253515,-0.27466683461595043,-2.60222773079484,-0.985604583527803,1.0182225719124507,-2.3088649527014815,-5.2430722676751165,1.8800286941740074,0.18258426695192576,2.5093745655267954,1.2632377959021306,-0.5803563753213735,1.9894173930681736,-3.75245738214507,0
-0.4092330739056816,2.5582076504106475,-1.534266849607525,0.14940120713499483,2.688313160283325,-1.4723264749378582,1.0321124222995846,-1.1241559251303124,-1.6816829268494684,-0.34055877799765455,-6.526703784507794,-2.657155686984245,-2.466497051549549,-1.9297611495782638,1.0076810385993547,-0.9652663660344941,-1.5867094459134954,-1.4526378103153914,-2.664365530682054,1.4545502210755854,0
0.12423718224557945,0.6928318449762187,2.653215854691784,-0.003858190747408674,-0.5956368254772924,-0.9090845053737056,-1.871165138601156,-0.5279288793049228,-1.5845172893831898,0.6497339456925202,-0.47605747565295736,0.7334826997554216,-1.294285262029436,-0.5081108615878822,-2.0230915803122755,0.21391612229477208,0.24972826087890554,-0.17141498179867448,-1.3143746813995012,3.210862322068954,0
-0.8855775662454841,0.8093132550766866,-2.2731785622633303,3.3337456793502254,1.029321985984498,0.69699121500238,7.5393876815941505,-0.1587668487223064,-0.010848052437262945,0.6559567258048162,-0.6712383325947734,1.2282397582231366,0.730886705412031,-0.7292988188610723,-1.1313712239948153,-4.383496396785123,-0.41908902783229185,0.1800805413792185,0.3624267132396686,-1.4205115425987809,3
1.3782808137465814,1.3960423984399681,1.9342994385005705,1.0101754541831638,1.1402985709787252,0.1060804961562784,-6.511462831560536,4.472723160529201,-2.7644137304154675,-0.17606781180746645,-0.8484715526482143,-1.935952090947838,-5.944300584206176,-2.89067650680588,-1.6106690880098489,4.226163834054981,-0.9509508839095615,1.7923222516014836,-0.040761331944896284,1.2083946003771744,0
-0.43879823040915417,-1.1767524363356394,-2.4216395427221404,4.399744872521133,2.730093202946839,-0.2988203626401941,2.4430292002050726,-3.0061236252622536,1.549287877492169,0.8719985271084444,1.8793869824333616,-1.6056545438694823,4.182081709963888,-0.3652926992858181,-0.20619214225694305,0.0297365036609194,3.7592257345720386,-1.2495233012672557,-1.6146117792555486,1.1246253975076081,2
0.6577609085446663,0.8418063120512718,1.5491447360615906,-2.614326975796472,-2.0704676896829723,0.0709250307028196,-2.9702827660709303,3.437556166180175,1.2541350858335627,-1.2038584213928043,-0.4681670276024451,3.00743397498596,1.810913130916947,-2.3275632582001986,-1.13554579076067,3.6391130965557927,1.0042090727995903,-1.5799809239943792,-0.14679416868469208,1.217341951210206,0
-2.050036663840382,0.1875361505734361,0.8867463348164037,0.017365361196423845,-1.3489529262774391,-0.7117508824487794,0.3179327543704624,-1.2008759569776455,-1.330815974565373,0.3773247415497474,-7.290646522650054,-2.625444350222609,-9.188711924150514,-3.4259126125540713,-1.5954286031549696,-2.0407995993806707,-3.383489673586108,0.5246185155540974,-1.5063329827280079,-0.48319437177016367,1
1.324329612394093,-3.0347208883208223,-1.3575740879276625,-1.3643544759104596,-2.195232390832065,2.008824314352343,-0.8752620067863017,-0.2269088959578407,1.9709496868018856,0.4359243670857002,1.7877276384598966,-2.0287665773410577,4.065470075675803,2.768882083416615,-0.02757516915066205,-0.13537503553829522,2.93201745596569,0.2819154560817764,-0.1886008080019087,-0.2896383132793914,3
-0.23564083163732086,-3.359595841644545,3.6118709420260577,0.1907831044673458,-2.379250716934615,1.2770112630853427,-4.206471838819932,0.7285195615416529,0.9454240602105781,0.21209327205978218,5.2612953895558014,-0.3336042649712022,1.6833772148669042,0.29444483155754075,0.5145485969620982,0.33664002157058825,2.129018373897621,0.27495570767931066,1.1862786222961659,3.372837400578545,4
-0.4034077620695098,1.3166752662184478,2.4632332957861847,2.526921003327554,-2.631045409397902,1.182097038550029,-2.913886198959517,1.4815525758983117,1.4125880696600217,1.661053976034506,-1.2233966601858288,-1.7184219586585203,-5.6242589131071,-3.737571800380346,-2.9535116608231795,3.270025994001721,-1.5601949983990664,-1.5829347112058996,0.8865849106609216,2.723930233530623,0
1.546182362620166,0.46511304861994285,1.0512885220811452,1.7402372398638752,3.67408542087321,0.023194115226810665,-4.25432920482425,1.8530170431856812,-3.642829577978547,-0.31861317113880944,-4.032424407355283,-4.807604197534387,-9.416302261777954,-3.408332953093109,-0.04686694383469081,-1.1444204035150327,-1.0170212077606324,-0.9747994493933962,-1.4447319379236627,-1.406651451065933,0
0.1483430605562897,1.269436674509147,1.5839550893072754,3.379160803416421,3.923972833142154,0.9977075699515366,-7.487809842419232,3.0931027816246828,-2.264851374061643,1.2634336342196515,1.7614710936131925,-0.690452785953052,-3.940076288125194,-3.977052581173932,-0.5554607916453618,5.279096130225335,0.32994868577196135,0.03394218266591638,2.240332343578209,1.6736406648095472,0
0.8385853740677481,-0.4753750445069751,1.0052361928190403,0.41377361443467886,0.40720308612348066,-2.1716205602006857,-4.5767290776073155,-0.568073867178938,-0.7177195863517984,0.8955953085619345,-0.9850239649278075,-3.972170917808942,-3.7104490762642053,0.28726982105229304,-2.4186360583240756,1.3892587957446274,2.1541338781084707,1.574210003841888,-2.629193611071165,-0.12820719771155664,3
-0.7734901312285224,-3.359620741873946,2.7491792581566115,-4.545749525771766,-6.022646840219639,1.4757750655055626,-4.531203915990371,-0.15363381191840086,-0.7536079231158015,0.5871795690174798,-3.6558045374236023,-1.0224129297270046,-7.449728770475893,-0.2593166392444961,-1.916850567669571,0.6803997425890804,-2.787909054517212,-1.3292173526108868,0.18765748252771708,-1.0042581516002196,4
-0.3860644556339441,1.27769281503805,-3.796526209245155,0.7531603067925832,3.6382506322220807,-0.940972322519671,4.398767661769314,-0.007928454222908332,-1.8003511448747334,0.5337580112475122,-1.6393073047243978,-0.28527594201167417,2.0887895991592367,0.7711657051138237,2.434961888755537,-1.3764088426997836,-1.1775909943538971,-0.34359738492837333,-0.9377804099325113,-1.380477938451036,3
1.185496410952648,1.4229523418000527,0.14732353502184914,4.131847976557451,3.810702074098144,0.5117732126204062,0.10620066856168296,1.2564513848016359,-1.4613581036618177,1.0254349312745914,0.5118694499679611,-4.524038553066996,-7.147480609217769,-2.0717843230568134,3.3284147738746004,0.7529983881382118,-3.6938807978774078,-0.6420591620340333,-0.8309326565193503,-1.529481338151983,0
0.7454097586955774,1.9938123495420363,0.7589356190646539,3.8679774808678524,2.557001186060605,-0.5152036293576422,-0.4676848138198562,1.3735877932754046,-2.422684673357364,-1.1959299587973575,-0.17378821572975478,-3.1683034856323586,-9.369124139235806,-0.9087703010963445,-0.8928791645828201,-1.7465702995181376,-3.2060174577587444,0.1939913289490852,1.8863288368073041,-3.1193841998895446,0
0.07903337701952076,-1.759557283075066,3.2633468436133697,3.9048893443156776,-1.9745584072791647,-1.044065296019751,-3.313581096823259,0.34071615376532305,1.3366469283458366,0.7170228950770831,3.690589597435365,-3.431100266928187,-5.930579143947022,-1.5894207057360963,-1.140211180147686,1.6524992752338301,-0.6351388684592139,0.8515942960487191,1.1526695154018358,1.0824748137936766,0
-1.1097994118569416,-2.4200582708130547,1.5355496467225862,-0.6118155328849622,-5.507860886997299,-0.11074445841458508,3.0777932584672913,1.8648971981726876,-0.7739482683252602,-0.41496259023290416,6.412617734385083,4.191878592469346,2.4318166893309914,3.9885990798990028,-2.6547486378353033,1.0433899131779463,-1.3029172770988864,-0.2552859396573646,0.5035338574420198,0.26861324344548687,0
0.4071359692228609,0.8720375346810159,1.0002230158669039,3.796331303143156,-5.8744294322774255,-0.9809893742196066,6.8379953010654475,2.2133086289209745,0.46530869332461045,0.3808791841903156,-1.1149496587950032,-6.340118161700516,-9.780183571211857,0.576258812178913,-0.372831568223448,-2.530210716208581,-8.144289660597707,-0.6977254156206265,-1.0733098777145729,0.8041978389411929,0
1.0865927093728471,2.8471211260631746,-1.15028422009711,3.2853638641006486,-0.42437004008319323,0.1357184046929536,4.815997659003546,1.2901841987003322,0.915232907466659,0.26511150080124585,-4.324286137558237,-0.16603676101103548,-6.09740041903799,-4.44626546829054,-1.3989772435398777,-0.4434183231080908,-4.214694375549145,0.9998887126522745,1.0548341880597878,-1.534652360610969,0
0.27405575613011496,4.87430203368249,2.735183224900683,4.254231317453739,3.176124741865084,0.8244983893518867,-3.3845237107127826,-0.6403430113368178,1.2675901901808824,0.2650081530323211,-0.9882417879696035,-5.184990727465436,-10.171344261866228,-2.04099534696622,-0.394743882501544,-1.939815891741529,-1.9705201053204853,-0.9241314619201335,3.046324763116714,-1.9148004844169275,3
1.141797099614418,0.07931918805046034,2.893348506995191,1.5846275525994198,2.95291442204626,0.6155190234254585,-7.404678573750651,1.4082935179236284,-4.7182198599691105,0.34474128776704427,2.267388583130508,-3.8195836090641584,-6.845381020922142,1.4188624629841269,-1.492397013041239,0.48528046011749004,0.35193431390039365,-0.053099299605372734,0.0499054014902548,-0.13290853927198631,0
0.3362447033022621,2.397498891448433,1.4447802407535526,2.8473638840739053,-1.0021422153039892,-0.2933235554063825,-0.3444199447937043,2.3838232693965127,-0.7714018877552832,-1.959715541704841,-2.2063967440171504,-4.0396004552059495,-6.671191474696143,-1.7164817819972844,-1.548689367240196,-0.8659924626887434,-3.0409886968197606,-0.4111667154272513,0.5122618923301345,2.0890433297585247,0
0.01681014357189368,-1.7920955576416229,-0.23939121719916856,1.6192473672255898,5.1216918262405144,0.6889835466815611,-4.839124420275645,1.707544694611483,-4.961106053206786,2.103087728668229,-1.2995571494252713,-2.85837226316873,-8.16979450115669,-2.921495215913172,2.292910585984329,0.5804176320117189,-1.9033606535358212,1.759547271829562,0.7043291462761426,-3.1375838359778823,0
0.6039966491166329,3.2495349144806647,-3.131024213037086,1.0814799445259546,6.352172194480458,0.24204389431908882,4.99991488484437,-0.9453926549259526,-2.7046214214768796,-0.9174762045877483,-4.9541173482398335,0.11679748721318339,3.9688477510925098,-1.7490490227092335,2.6942791696890556,-2.964673868003411,0.6595107828261415,-0.2630161056303041,-4.175530264576147,2.1826687558242757,2
0.22959336928257906,1.380497176570689,3.0245050735402903,-1.8601954140769301,-6.8588173758202675,-1.7692700822987766,3.164911301388189,0.7366215504079081,2.380275528703554,0.24203206460620047,-0.00966055243732946,-0.17264019444921608,-3.48781109879188,2.251388467160012,-2.1530754174478295,-1.8208282637380933,-3.4912093822818937,1.9165032067183303,-0.41732597319885034,-0.13094823433613634,0
0.4018578386356905,3.2256199876118514,1.4118773923902044,-0.3143586854076814,4.106463230646687,-1.359801617249162,-2.5851408780103533,-1.7111962725491119,-0.036394642395047416,-0.2957109466605707,-3.4127307127337336,0.796449697672946,-5.027494609447663,-3.181079059249303,0.8247565343048853,-0.9468461119734402,-0.53696271894883,-1.0092145058816764,1.0938602216910644,-2.8914536068380663,2
-0.20302247797353354,-0.8066540951678989,1.47139000389343,-4.238745996015483,1.8321864246966906,1.0778164403875683,-16.85363195342818,-1.9956192058647084,-3.7826970203354358,0.9557564862616222,-8.091112506154824,-4.909472867091271,-9.810398393525148,-2.2559446317750083,-2.7912766738495254,5.839475163765407,1.0958232209486627,1.1890440542288008,1.0945966267943879,0.2660624733071175,0
0.25357960640720073,0.3002265073136824,0.7051168788522034,-1.0125612132152795,1.6802411119796121,-0.5732943537865651,-5.853444948741975,2.8259193831100853,-1.3647177459254785,-1.5697971368447574,-1.866945647041231,1.837549104049367,1.652382028630617,-1.9314903870964404,-4.368698166677079,-2.336541579453459,5.613425125518512,0.0845900662881133,3.1940740632553952,0.530094779381947,0
0.4438360460406357,0.6454558735597011,1.6865892343146092,0.7857577535387357,-4.014033915500529,-2.896924637097998,-0.3806288546274596,1.3779330123790454,0.8935482383197726,-0.8743595071805818,0.3476237740916569,-1.8075701414765444,-2.618269921064829,0.758931755119441,-2.9326591211546074,0.4126256239645394,-1.19360259622165,-1.5950243765547878,0.42024698623957213,1.9306351705624358,0
-0.1312452403441337,-1.8251159451966483,2.444391233634198,-0.23113454228675945,-3.8996456185712365,-0.09841608859481728,-1.879207217802309,0.9169683621576349,0.33971115239769145,-1.1538908345198176,1.6418191398987119,-0.22098906909426308,-3.9878411000054186,-0.05231256626113645,-1.4531955974187252,1.2019837791969046,-1.7368211884786404,0.2271782297216455,1.138061983062416,-0.040982260024671535,0
-0.5959546770224795,1.9805963283333123,0.8475417433493503,3.7849367689584654,1.50103825943643,-2.669680366664121,2.1301600824574995,-1.2265499732151492,-1.1587188073077737,-1.4024364243992253,-4.452984695617902,-2.718089587683064,-7.279510320529624,-4.23317651962784,-0.1458292825110158,-1.2909526275763943,-3.3058145265525978,-0.08746967302804623,-1.7808333940085759,1.6763710519275485,0
0.4397855131384423,1.5409147360613114,3.108958463947943,2.930970158416444,-2.232363020906357,-0.8864148716734289,2.556533828550133,4.532937355852456,0.2514684013852866,-0.11146100758178112,5.85008562110155,1.2828395457391633,-0.8105985989648489,0.0693235920702242,-0.7518582337851888,0.5812812506776344,-2.024390304450364,-0.047789632786682704,0.1778193253449709,1.6975336864314277,4
0.42977832191442467,-2.0270126445417165,-0.3223623807631586,3.062319317491226,-5.088417344355362,-0.5975649441213174,8.570339268850848,3.241685511075803,-1.186538385825455,2.0720112832591138,-3.9885686043907493,-3.70813423629436,-6.944492285106374,-1.4945109336340603,-2.774126011355869,-8.405021760187047,-3.871150558537508,1.607692026721691,-0.7682975515954794,-0.12468195644205671,0
0.5509796543035121,0.7449589861278525,1.9372467567461302,1.5472287207956574,4.336022747489589,-0.8122284967914727,-6.7433233025160275,2.1224862331465153,-3.5984461922176942,-0.36712099348696847,4.5052354788045,-1.2816387152492332,-4.606282304349917,1.518829357787944,-0.3021227787321171,0.9968403738523137,0.5991700674294727,0.6012751811297552,2.6493405771402907,-2.681206437975211,1
1.1509495807663341,0.8512283421294125,1.9471657490563565,1.4386232094645193,-0.6848878159270942,0.013460964976476022,1.1356011463477236,-0.39416969545066616,-1.814674732719448,0.8899250502511665,-5.046274475574478,-1.131065264070923,-6.9278860446930075,-3.7476223017088346,-2.195644236754344,-1.729199739415725,-2.2178547339154484,-0.3100481575684606,-2.633438925858295,1.6617668669312902,0
-0.15933541115393626,-0.7757229471375231,2.3867890261845437,1.2807343529079571,-0.8041642402762353,-1.8195821394577085,-4.090471638116448,5.16900155258704,-1.4032515268127734,-0.4884064331471405,1.9429036014162757,2.3018177793858374,0.37593260510725957,-4.918233257587011,-0.3430983591293003,6.051881575621215,-0.1665267006276553,-0.7218785348575827,-0.36190423513383996,5.072250395504477,0
1.2435817205347903,1.1819141624806564,0.07569894458559434,-3.768839065431229,-2.5563389967444134,1.4675451276792055,-1.1803130719353556,0.07556821817519832,2.3769779839080543,-0.8779130836102628,-7.259331195821139,0.3876483248749514,-2.4641597751770505,-3.823340578290216,-0.25200771728470506,1.5057191968760255,-1.3059640943360327,1.3999221270209399,-0.9390582864155204,-0.33792891243330514,0
-0.8963804510022381,2.4365971644313653,1.8395499547620096,5.708797220034763,-4.367149105410192,-0.10279249973736174,8.231276836770185,2.191030088275686,0.9419480055015343,1.2939738745059608,6.8211447417560995,2.9747326261745854,-0.4107056614254297,1.999834585023463,-4.303152023603028,-0.8093001256232535,-3.3884784261051193,-1.5778172790395224,1.9024436466150942,1.676267686903326,0
0.6946768411108678,0.5467967119467005,2.23063702074628,-3.4681502694355926,-1.541674243544667,-0.6889673128064364,-6.988876801045241,1.8835732636709857,-0.5211708305262567,1.6323615440343924,-4.837637252851453,1.4290380466266899,-4.010720874432419,-2.720172941857975,-5.386286235869662,0.7128418886771308,2.7572101073709296,1.7841819653137487,0.813989721189144,-1.231726726511425,0
-0.6577327992083711,3.850733574458829,-2.82775509686553,-3.1371301986511346,-0.14851460408468492,-0.8796452101306241,4.186592963460796,2.18195047226845,0.6259733969023951,-0.1338548288745113,-3.0668833445359045,1.6790285684176998,5.5307960407107135,2.1664873957225548,-0.6423876819675591,-0.609948753851121,0.6234777452443623,1.1431139588843624,-2.231026370158707,-0.761123593380906,0
-0.29007566745481517,3.421183242982225,-1.2327941593749956,2.58055585602611,1.5362489231248921,-0.7753246128578923,2.0372136612035354,2.5435615704800596,-0.6508725869818399,0.7536736733085176,-1.6519637941826661,-5.475645590009072,-4.8628167890271,-0.041629032625543516,2.4052877577867613,0.10316155790231796,-4.424233449527667,1.042246347099411,-0.8849567243205869,-0.08248790012906593,0
-0.15263704112025414,2.6831394746849657,0.05814632238285922,0.274107889840845,5.354307672648238,1.2057074728833355,-8.930390023510773,2.43961215974946,-1.5390658876570578,0.5266941014666915,-1.9254422945129521,-0.932499894715686,-2.564385416396909,-3.4225032129018014,-1.043030551791332,4.912232187792505,2.713553842363069,0.07935946765028604,0.8967168891038867,-0.8444333826469688,0
1.3828064826120896,0.8907763738105094,1.8803442250841365,-1.3674440657654507,-5.518859313114123,0.40153732790927343,-3.453594840146488,0.9435975338088701,1.1991931698297038,1.1261580396444812,-5.762249670889803,0.018093896766538498,-2.8694930919571835,-3.564531061024394,-5.940020278721988,4.0654308953635185,0.12712896873785495,0.5426730763910991,-1.5064916480823882,4.603895312124101,0
0.7765485469286657,4.341399387565712,-0.7405674265861253,5.083130918666082,3.6638757809454727,-0.0523259477486962,1.0867334419147463,2.2014511607562666,-0.9472382158766078,-2.066394256723884,-0.9476443419307745,-1.364472971015379,-6.732478484165283,-2.7499231566080238,-1.786838001898351,0.056165202818432514,-2.3453026383081412,-0.1410484461841121,2.269767613068023,-2.7675073650733344,0
0.7989078487927695,2.077482641018601,2.434480953226892,-0.3367176665989515,2.0056273953322283,-0.14687917109526835,-7.516758584578892,0.8166175606265906,-0.25197880584905563,0.6935061974390734,0.32646741654599715,-0.9365576706909775,-3.362439165937167,-0.8642168047296322,-1.119687365557614,2.108709950103191,1.3595610672794711,-0.21908699821172264,2.1029353101090695,-0.3645497108310113,0
0.24654410372291993,1.802770158612541,0.7378955998362828,0.5037412630506833,3.8011256691243442,0.44168520316602206,0.7388722871364481,-3.9381180546238235,2.2261136087890327,-0.39182298632143564,0.44627911677071125,3.2262166627697555,-1.6112218141440358,-0.539476037649317,-2.321921500260241,-3.519107185996987,3.8869237893369712,1.332655195722782,0.7691826631501075,-7.348595952489037,2
-0.2877957239393374,0.31984648376508873,-0.3643991050413329,1.0005138084393872,-1.078845417325275,0.7811351042807543,1.2306554160237497,0.8122222815163807,-1.1947577405422587,-0.8325312876007627,-5.584702106425031,-1.3902589379279502,-0.9070954300252326,-2.0826032513531993,-3.6270047250567674,-5.508766974564668,1.2625633030589563,-0.7850440673775239,0.9002662700509338,3.347976094418668,0
1.5522366939143428,4.045527473813315,0.5335089186640983,1.0770012187099096,5.080136127966654,-1.937404675694699,-3.540163691328961,2.178040827489161,-2.147284559908983,2.0804607714384686,0.3690100291864611,-0.5701323157347902,-2.525397375662964,-0.008079570934035774,-0.8691341079427601,0.19600745081683957,1.1556794883707173,-0.5837256583339152,0.7021661028270119,-2.190494005487098,0
1.1446445173567392,1.6725095111016568,0.6839641382175756,1.7954973578156264,7.440462805923722,0.6502203365105566,-3.245011500440481,-0.7619335416854329,-2.573882379917286,-1.5249490256829483,-2.443836523112884,2.799319703497965,-0.09610523481101312,-5.324488164981556,-0.3809871470783692,-0.9816641276215052,3.9548742029291892,-0.03190744557485037,-0.43646509322114513,0.2821401018468608,0
0.47087742836615704,2.7188914342532016,3.7328205383196384,5.457008538492604,0.05498445317430519,1.9071034133448856,-1.6121808277477128,0.38827116543218076,-2.2387004641359773,0.6039212068414063,0.19312548989381906,-5.820650992822184,-11.333344720639687,-0.7075249607712477,-2.113857416015442,-1.1978102980000003,-4.245774863807739,0.3176096345450723,0.40484308298185423,2.340866151393527,2
1.3354518817955243,0.7272086553111131,0.10019957855334016,1.1968970776200778,1.731608720279094,1.2439603680196283,-0.5264905572922719,1.180866432133826,-1.0541957773738808,-1.2468525158671082,-0.38943160901461293,-3.7978513821652613,-5.946156625375205,-0.6344631380466941,2.6367841394047056,1.0703604445639896,-3.2209699124284303,2.1304072446263937,-1.4494056155317372,-2.1538035045845425,3
-0.9845076887256973,-0.3447305626673689,1.4595677387952928,7.812712474458496,-0.1575562195831536,-1.243450801924478,-0.86091670993789,-2.0301542709555505,-1.199630599039215,-0.6995311882544853,2.321356582197583,-6.307813813720072,-12.837205806253634,0.1721423039262746,-3.6843718732513495,-0.7484041713045153,-3.5873016139183833,0.12544451927625772,2.9543378023271405,-1.8263555030944494,0
1.6392109326117312,2.5709294474888784,2.4430297142134467,3.5248900268452137,0.4247162779845145,-0.7998996915172688,1.6298391171176305,0.03794031885013127,4.285908428837665,-1.0033807754218391,4.216978378173052,1.0066663603910775,-0.41124101991105233,-1.7896672316630622,-0.3193042735982643,-0.04816651383057757,0.9777830443881501,0.13308144708905537,1.042141342677888,-1.0364315174567282,4
0.8090311901536907,0.7283971212697843,0.8604733476195158,1.8755284597703428,4.543695060069207,0.41350485891683497,-5.04337730888691,3.1532240849616326,-3.6756942112931665,-1.0091869216720712,4.532052272546364,0.7679666815707114,-1.8019640237278904,0.5552286805094344,-0.8901398251723797,1.8254877319332172,1.452488594677524,0.11992572154323217,2.108623766074738,-2.1335235516184,0
-1.3527985214509015,1.159030208657652,1.8891414016404,0.3689516691137954,-4.8816694784568515,1.2938896058438014,3.0655525450844356,1.4711735339295435,0.31423215391997794,-1.3958945963597262,0.051039507387240494,-1.9810874702682546,-4.812316931923697,1.377720254817226,-1.4303087107743186,0.5183011849199437,-4.451745414747993,0.27269389888227913,-2.1681299600280806,0.8818201603072868,0
-0.31221741908597206,-4.528018721967899,0.8064261098691173,-1.0488684803946038,-5.521063889616731,0.4169725629801534,2.0092748479814806,1.040425318770988,-1.1717824266231462,-0.5487561199189867,3.1271948235862417,0.8623171543037838,-2.2677911322352067,2.766823728114128,-1.9883757308372834,0.08871209350403675,-2.0217933160409745,-0.31250474849896126,-0.5886417620332081,-1.9683353445640472,0
2.287814421515975,3.2212137550252264,6.457983258387375,-5.227907932227414,-0.03000651125037462,0.308945999250318,-2.8961267573451863,2.06909343474146,-0.8134587798201185,0.8277904441956572,-2.710078644242837,-5.082257566300385,-12.565946182228913,2.243678568135434,-0.19766541424574446,-5.4165892142621725,-0.5731479959804435,0.850018124094554,-7.9945118546937906,-8.121939064057237,2
0.11761026682661346,0.31514194287954866,0.40998449901237277,1.9276119326889285,-1.1154127930320512,0.42316698185470547,4.79130437734336,4.298984786216348,-1.323857368872174,-0.3506997480358557,-0.19286711693351627,0.2941239497867325,-1.9620940593111402,-1.1018846392088213,-2.101854923359313,-4.634855115497358,-0.6108822738408257,1.2820797404437103,-0.6063609844578675,-0.775416642229591,0
-0.9611069094257415,0.49978655371360503,2.314593199807893,1.8166582183531306,-1.8111785714564064,-0.8256329392522954,-0.5754981151080919,-1.0189228555795933,0.6807097041449666,-0.4871236307288651,4.879904263521374,1.14808201574647,-1.3366440976179073,1.9005580635899935,-1.112476290028563,1.2584872284470852,-1.694904837752169,1.2883954932194481,3.028840760575596,0.781801056548505,0
0.584128321459197,2.071656035393943,-1.8975032145251052,-2.385650940648388,3.459040035311003,-0.6380481693431806,-5.222320743032867,1.2936815916499291,-0.8445613448958292,0.5166200467943914,-6.85549285480009,-1.182458077328191,-4.580024638648654,-3.433728550487143,-0.4823029508770472,2.5162827094111684,0.4990952102645072,0.6904244156423248,-0.008883590860817803,-4.1186079775363496,0
0.1389641985297701,0.05005141249218381,2.2567654703480464,3.9840176964488005,2.6152310908316867,-0.9721276289939549,0.6755604786321805,-1.483231180394191,-2.931487442101382,1.6234110524790935,-0.12950019601421306,-2.4409583799558314,-5.854577411186391,-2.519574815141472,1.8125133594212017,-1.0272449033639188,-2.7996660991765885,-0.0847520504593056,-2.394711971219964,2.6940389816778225,0
-0.8283615754758799,0.09360434510436277,2.2225462394804274,0.9648083763840313,0.8800160483880028,0.938744251021189,-6.514238713381366,-0.6601907156568116,-1.7673351941142328,0.740899796676248,-0.46846708918034724,-3.036797674487598,-8.011193198603934,-0.5704621832434296,-1.1665573663290087,1.1587874514149221,-1.4422030202572884,0.5261685817056289,2.4175008978113386,-0.7770042758304269,0
-0.5080452538123723,5.202435539022034,-0.4858174995933886,3.411884865092323,4.526232458649648,1.2662982636734552,0.0101545594888594,3.941412655573649,-1.1841647677169072,0.3052118030793774,-2.1623179711734712,-0.0035414257940069582,-3.8541701868456237,-4.246209704469947,-0.8193514820721672,1.1179132159398708,-1.1448741932881839,-1.896005888774553,0.7278208885114315,-1.0003452184231971,1
0.9959989643864737,-0.03569426764795414,-0.7473279873624137,-1.122660192314767,-0.9064201705267712,1.845339877174641,-1.636339581494343,0.10920677278073754,1.9347150363241985,0.43104563832533926,2.995867078846602,4.209225597452481,3.2960606934214596,0.786816076290322,-1.667954616971627,4.062561109234105,1.4208464988096021,0.38911495434451604,2.9880695557115287,-2.332206967933468,0
-0.2618578602261557,1.6834881276566147,1.0266696198876617,2.714130092119878,-0.4470498450068417,-0.817106532885653,1.7237140927119319,-0.7262727430635726,-0.9192234371393486,-0.5057432381519884,2.885693966165824,0.19070302950793871,-4.764292102822092,2.3117907990904127,-3.6950905852064335,0.5730597383556972,-1.612288729728796,-0.2828267422915152,-0.07560418220573761,-2.8139399213176195,1
0.9471657354585353,1.3547288563010393,0.47181277958496437,-0.6671134224654556,1.2401950290088684,-0.6732048502892638,2.2787689170879664,-0.20106024275768242,-2.31491968220494,0.7451974635759,-4.812442863753699,2.480414725813924,-0.8758014337630624,-2.49907131614603,-1.9352727286882867,-3.3795135334579327,0.4757793484652064,0.7779962454884063,-2.200026088448352,0.7827779888232875,0
0.9571057538558676,1.3533223797959752,1.0618659196130427,0.7021643071195593,1.9546680118434832,-0.5184799465127898,-1.840502174637908,-0.2615383447249495,-2.1252930885155985,-0.2466358530269694,-4.166967810165033,-0.7219335234330142,-4.059384093867104,-3.0374843504655944,-1.305875673438766,-0.8441140787537459,-0.12382051380850179,1.7689243790114788,-1.158128730126681,1.3410561478602527,0
-0.4485600217413734,-1.4305608530635499,3.0904334061644954,3.1173765264439552,3.644968937511098,0.6894901967413225,-7.07585858613767,-0.4166201754423957,-4.848032575994836,-0.9477365783678169,6.682828554787647,-3.648400419278438,-8.135021998136104,3.7630478340970868,-0.29511925051675925,-0.9410721564029851,-0.7139654218846179,0.8675621516799731,3.49438156319409,-2.777114382241468,0
1.2802378924569415,2.001135370055196,-1.46806018686824,0.7149769165766771,3.5626322513035023,0.01875272601067014,-4.30421494911508,-1.7638070910343502,2.63191353901507,1.652955927639456,0.05021138734873825,1.2949204507480692,-0.8980056534958474,-1.970475376279881,1.4966970651969596,2.3290357933847954,-0.005806567711370114,-0.9856848420041465,7.270819914922311,-3.538471105993185,1
0.48379266063200765,-0.7131154336114776,-3.1049668088079927,-1.3812431874405928,2.7886083529098236,-0.8866648115154907,1.912137384418397,-0.14422105222404635,-0.6453459452607433,2.284186951292216,4.278654995421009,4.516520175950627,8.365600829067562,2.2359425238343174,2.894976012479529,4.971008811864784,1.2874181038415777,-2.624575497447951,-1.8852114986508397,-1.5269054481650057,1
1.8124722897203587,2.891369036556675,2.4258954712312786,7.166491644291056,8.688400358202225,0.7744214036054885,-6.256826474625378,1.9752441762515887,-4.258475918764473,-0.8933132319864199,2.9751256049178676,-4.398659233948569,-9.1378640797206,-3.2547269442787052,1.485756814006102,-0.1072214122240891,-0.8994442322697603,-0.20801759135869793,2.9040525487636706,-0.3166219169956491,2
1.2106968400430538,-1.5246194546116953,2.526934879605222,3.9293748960907164,0.9358019638557394,-2.2828738651196097,-1.9170536448322208,3.6579972566741312,-2.39765621873918,1.820266331029392,3.5250403574106377,-2.138199294099567,-5.173098586439211,-2.602551596781617,0.7342267206363668,1.130543916428282,-1.4468193500957847,0.5827623495047128,-0.5974365886128963,1.2407718066118134,0
1.4350786539545588,1.5365952957077207,2.3788565645208433,-1.7365899006092738,1.175216207025249,-1.2476639370292109,-11.779731394966237,0.08533577367353584,1.2728758440731975,-2.104764858203345,-3.844808197664538,-1.5916580081036815,-4.071130449535282,-4.947361502039094,-0.23130597207312786,6.541525870511091,1.114513608905313,-0.6651854332225339,2.0489410411225384,2.298155513970545,2
0.48066050341510047,-1.1623406287518234,1.7087662775883006,1.197084385621123,2.320353739320268,-1.129488142842377,-5.013707759732454,1.3063785346169619,-2.6855837867022965,-1.4224580693036881,2.196597871038164,-1.353493603887265,-3.4002429419332367,-0.8397830094030214,0.5909409205433951,1.7994242126546436,0.21314902351001375,1.281723539594864,0.17631283830808087,0.1266972447393111,0
0.5248317447143475,-2.9215428842033586,-1.113285792829406,-5.184345868321484,-2.038975780098025,-0.2631327066777083,-7.290699033239346,-2.5775942248704036,-0.5362541201826014,0.7096271420368573,-2.401402595993884,1.6073843906892962,-0.3571201873551399,1.6740987731881263,-2.9777089142639004,4.854558730820811,1.7872157403337097,-0.12020815340829648,1.5862109017662391,-2.6221069234293326,2
-1.3154371020621167,0.4193276713968831,-0.5104964909608014,0.30543548528287,-4.596036916691869,-0.3300441445670066,4.133990752455892,2.324253525967097,4.481271216224279,-0.6489302913513277,0.3349991330275077,2.099291183829142,4.9851155965775105,-1.7362542429098138,-2.3226719022484383,2.180923173979623,1.463892310171953,0.8285788372532947,-1.6479515594084333,1.9853052954562962,2
-0.8489908479182136,0.48494252261309245,0.10168633772655555,-2.0451863985363956,2.241038035743059,0.1775166202437275,-6.2986854130311,1.7451521155205338,-1.4950036746525597,-0.9312525410403725,-2.5807069899218424,0.5707014647306343,-2.555820679990987,-2.2424930044953664,-0.8263301988272727,2.6068108926701976,1.2489117016884461,-1.5680967181388359,1.0857687394514945,-2.02452736719714,0
0.8298263658290952,1.9227965749846696,3.127867273355233,0.2669403305878578,3.314391296396354,-0.7233892023244627,-11.189028864441394,-2.3647542098422853,-2.161833017347527,-0.5737185097119023,-3.641985352584774,-3.9701110389272967,-8.273646179757446,-3.0213852486086936,0.10286892170017348,4.215926732046237,-0.9745541218609209,-0.2632729452754817,1.1406101468504888,2.8083013301210284,0
-0.17938977987528987,-1.416806228352171,0.876682024119317,-2.0469547836493733,-2.671868188842613,-0.32326563032312156,-3.604541020115377,-0.5669886499330514,0.6809742123088693,1.2998677268176337,-2.463475141567756,-1.652089914754176,-0.37003540472032526,-0.4326727255194729,-1.642569547843981,1.6657021990957261,1.4067624200676265,0.9881111928057504,-1.564583463525882,2.211359440301842,4
0.8085720133047145,-1.6308980316477073,-1.1012250891261104,-0.04756712761872539,-3.5009034302775244,-1.3397535907526321,0.10730560644872184,1.772215532456328,2.3020295139556937,1.1261649550766988,-4.088915734812623,1.1495566345196884,0.9304819035410107,-5.234258160437637,-0.8977062234944244,1.6211616501870225,-0.4587445300427829,0.9092939001787012,2.2542399925343,3.0096937733937765,1
-0.3733436548035681,-1.4634533439413278,0.12940628681929867,2.1185526236417522,-0.22249052212990506,0.9972789266687859,3.2109284155314954,-5.263714735333123,-2.9169262993834937,0.7416325781193271,3.4853708357219846,0.5763209026035176,0.7073969627050536,4.562794513319503,-1.1613130457105996,-0.03823393896760674,-1.3329820454656156,-0.25607388735650516,-1.9401479156164316,2.164366169426555,1
-0.8546142106199984,0.2804623622841941,1.5416760420376716,2.0159284713428134,3.5462079038735332,1.4770153314057928,-2.2754253017133297,-2.2674863584054123,-1.6451850302342317,-0.10475263068932719,-1.315126414139221,1.47311622280061,1.4674942954099806,-3.190122237382538,-1.2444351897457846,-1.6462940795040506,3.4587584976525294,1.5560274369941571,-0.31805089568421674,4.177776978944603,0
1.4719071827548464,1.152485559992989,1.1169011038122547,5.254068506197193,-0.33538322331769854,-1.1568358310560711,5.1895344410663515,6.056469956060014,-0.8964097345929996,-0.19380485378852874,1.8075909471367007,-0.8953022502607098,-5.994756072506516,-2.8909981510111624,-2.1492158753104187,-3.348211860474429,-2.0853747485279097,-1.744648066784945,-0.15491038939524404,-2.1937914855509977,0
-0.8053828502973774,2.835049735275328,0.04525866710938564,3.1647760148698065,7.108692974914102,-0.17281637863334537,-4.984665728998256,1.173522325755884,-2.156004477716729,-0.2394351032549895,-0.08372726491341032,-1.8514856226020833,-5.979466451615149,-2.82500625235964,1.3006359854360228,0.8042707137076526,-0.2935766427870208,0.7606045076590366,2.9715752516209024,-3.151093395291286,0
0.6527231055958251,1.2037661090481668,3.1327706021100097,1.8067698106961694,-1.5088911613449505,-1.0898469856182262,-3.0195911716427086,-0.9333302703335595,0.16360568336490133,-0.41291572630352813,1.3945864777844175,-3.9734447113498854,-8.172400457055762,1.4657340579785112,-1.4948309420350991,-0.3643275018051777,-2.6527278039149182,-0.12427865929590881,1.785149521162892,-0.7207846846830573,0
0.3868812252955427,0.4337808224491765,5.232759074749734,3.3415550511165995,-4.164420539735896,-1.3426997301827934,0.8480632770289848,2.440229601115343,2.118896481434073,1.2372823861402673,4.655581503926015,-3.3303197646157163,-6.773986426914322,-0.2225002631846823,-2.032703368323782,0.2757237374834304,-1.567044862839841,1.4968682979972736,-3.111525507566249,0.30431721122457045,3
0.1273926175542019,0.9262347171164736,-1.9656871288534803,0.419358997749527,2.046479829180544,-0.8204140778999041,0.5811427627549011,-3.3987691126688793,-1.8062711681253694,0.9354246128229486,-1.2995508108129792,1.333358475187796,-1.1154068152449752,1.0907015490838696,-1.027354126026997,2.064797308592792,-1.2852706438325292,0.03716726562968594,0.13809358467294208,-1.5883398368548045,4
1.4828725898981292,-1.5747288784482532,5.80851623825571,2.4807063094442316,-5.048243631993688,-1.8098800267812212,0.5098605740938013,0.6208520728649376,0.231434173143233,-0.5925765753135007,5.1380914334439005,0.2616705233503902,-8.13005317105158,-0.6682709925349768,-2.2484789133531624,2.2114593479419815,-3.644926800912072,1.3026343555457602,-2.090892504214188,0.028417921175141303,0
-0.8201481086366414,4.563518492337208,0.9427414431752948,0.7467871317304564,-1.8686856413384085,-0.42281834970367166,2.967564659647415,2.8267751231166747,0.35077409675885396,0.4660872982553206,-0.9038771296763721,1.6759489432402046,0.7831815610755632,0.08717338187635448,-3.5991357324147035,-0.647616013081056,-0.7275251149256456,0.5692790173450671,-0.18042692848145392,2.3974273557705104,0
-0.3708592610180637,5.6297721247587,0.359370694031276,1.134322431417752,2.497922850366463,0.1898612175683834,-1.17048649838333,-0.3720241435580678,-0.9926393481113008,-0.7394303447468146,-4.8434609569558305,-1.8896048576953075,-2.377396433064978,-1.8310585566984678,-0.2500739417894958,0.811655527248901,-1.952847282488451,-1.0811674928118649,-0.46597691520538254,3.9452095705855856,0
1.2116169789136713,-0.3420631193548078,2.712626334468098,0.5853301886486286,-2.3134220481725465,0.3871466567690834,-2.5680800585975962,0.5951535066949369,-0.3494017952488391,0.2775608454958954,2.813657613655838,-1.0601216826009998,-0.9010111163927105,1.3946772625559616,-1.648073822991046,1.3354749632478389,0.07363637530320499,-0.2011408124746759,-0.2624424166725191,2.993214766979623,0
-1.3676383242898498,-0.6493976143123499,2.30375287984599,1.8137558271149548,-3.60986774437343,1.5340916219339673,2.5166334733841897,1.2599531285125465,-0.8747187676201115,-1.882945854694038,0.971090344105525,-1.475987116784696,-5.814716499594719,0.26716621008595176,-1.6801712943206282,-1.6796259373025375,-3.4718864283631268,-0.10171742183537563,-0.5893111085389111,0.3725269040784316,0
0.726991923137644,-0.1288317791862812,1.4648459173274058,0.6367980580342961,-3.567204019153231,-0.36456964119372864,3.5059433990175406,3.2737888143980665,0.3482597425679119,0.007902344020385425,1.4527616040434608,0.7077264960378342,-1.8209096713154247,0.1753349258246133,-2.5663974573191712,-1.6514105853846823,-0.8703259124472046,0.11424936788569923,-1.206671945752127,-0.9360465148573842,0
-0.1787674201482074,-2.0165971860054293,2.1611579070760785,-0.6051233088328709,-8.081821640691704,-1.4273584371119512,-2.0667294973509973,-3.9649663737681875,3.0755363212467195,-0.08757758482390676,-1.793844240157683,-1.7853044753915226,-5.357830204041636,0.3406928762708521,-4.05967112153943,3.188894379295693,-2.7789799579852783,0.7101077460467076,1.2677330588368934,2.292091369982875,0
1.7731600995871857,2.040134569069365,2.135025318961719,0.7088778896400432,4.989170355689717,-0.5177322087888763,-10.379386382812504,1.2774738346888048,-0.4673111835544792,0.5544762598169899,2.4264621423604362,-1.3101694188646096,-3.4012319238503186,-1.4320320895970895,0.4692578908956886,3.7842440704939464,2.2235026139085736,0.9229052090193991,3.602223655251314,-1.6352049074609276,0
0.5609277657437176,1.035516768743024,-0.06563660432832785,-3.3728266154928352,2.083713171651228,-1.0882481035361067,-6.896657493621627,-0.6526208774752429,-0.2634646087079847,-0.9875565970922491,-2.561011858720737,-0.436751525221291,-3.0188834456491622,0.12262681496598105,-0.1899856599431906,2.103188396449597,0.9498404329994503,1.2923201351052573,1.874680253641703,-3.8670089099128253,0
0.644549725887201,-1.2624901417864254,-1.6911036707088094,2.2441307171698135,0.69937484887023,-1.2590728376438651,3.4218327024358492,-3.804828719359211,-0.3454086025477181,1.7012036274483178,3.4924789876094677,-0.02595452745789295,4.44707570257068,3.8206975643348575,-0.48200580750815125,-0.7709069652355265,1.4723011495596448,1.0743823459187587,-0.8920376419088782,1.1506407477622829,2
-2.0323368744398986,1.4211175024638276,1.7453407387259943,2.4113247407133094,0.19358097003436175,-0.1386282085656348,-3.232622384294496,3.0509929205439583,0.45773801785370694,1.2464645143965682,2.9233738153674445,-1.0569000949633354,-1.341368646601674,-0.6577848777732761,-2.058996094154822,1.3006413568794883,1.2898150665208319,-0.061025598572472965,1.8598435302588268,0.9126053896687115,0
-1.013872314461966,0.7618387279595017,0.7707564205447102,0.4928824804447447,-4.876646175654076,0.2580032430071763,8.131415764773473,0.7185390622074089,2.084615977504104,-1.305357417700682,-0.010714801437203792,0.6957998387044455,-3.2482508855157155,0.823280156303515,-0.8054485283479822,-3.7799614373610364,-4.307929117826708,-1.3005473286570142,-0.3370354654260126,-2.3179870419362194,0
-1.788882845540941,1.2270538586857125,1.091594575080691,3.35797779537522,3.9494279674524866,-0.9450068291716966,-4.373221296941282,1.0205882457229507,-4.36592426660099,-0.2858039249762326,-1.5501707986182502,-3.3088019604075543,-8.093907598493596,-2.0598612223067216,-1.537699228148723,0.14830848579919775,-1.1086448209776183,0.25645173383641806,0.4123191829427627,0.020041881074590373,0
-0.9953043830493332,-1.761515828259701,1.9078032053743361,1.3965704845708933,-0.35171696568649974,-0.499362641743979,2.0061526124019315,-2.3720580247884597,1.4032976679153577,-1.306889061282646,5.597480139401471,0.6733797493216569,1.0073334998475216,2.67092127079864,-0.9553487898996305,-2.3773271825375506,2.677007502192498,0.32977785828863926,-1.5654481975825247,-2.350875958165194,2
0.10057804534065648,4.098700905914527,-1.6087493968692939,-0.6596997376085509,3.5040761359783623,-0.4982966463669325,2.3359355697487407,-1.0614660308171666,1.2100973265514527,2.097817098408465,1.0612117931395322,4.76944167890727,2.5272357926565947,1.0162906734162758,0.12319268773752201,0.7588301501544461,0.3327994213178358,-0.46466990357853183,1.7297862467647744,-5.013049864509145,1
0.5153203106163854,2.0455594952432268,0.18481200647169538,-1.8504457140658657,7.377274473267758,-0.06565722721709456,-4.828025869236894,-0.0037455714417244934,-6.07297127238998,-0.1109610809710438,-5.95360259752452,2.804704609833276,1.7947732497160391,-2.9918819301324477,-0.8816152653911001,-3.5622529522565287,4.163177799925855,-1.7111023706488653,-0.5142869273288413,2.6171169747332326,0
-1.6701238416219732,2.560372230659114,-1.6389010329600229,-1.7730021059331493,4.03125159629349,0.015600906607699359,3.0395439443661503,5.331475854606681,-4.466694296354167,0.9546974950386221,-0.771849279326096,4.106859362153149,7.883228591212724,1.3154740224698864,-1.062488020247586,-5.328005220785932,3.9197357320734802,1.6164513760078978,-1.4350097601839384,0.886268693597997,1
-1.7717453239226715,4.125155899903126,-0.9806527360303425,2.652368354771223,-1.0307151862755453,0.8305523714809273,6.457504591357161,6.330472646490123,1.1809357574685575,-0.6192929210273689,5.706822159106341,0.6120354648758888,7.0619642710785735,3.5829218531443123,-0.8596895262158908,-1.4662489565697931,0.3855218855255429,2.0543071160030317,0.2483496262341338,2.066424684380781,0
0.49085723179656604,-1.0514584026435414,3.024559548518413,4.346790158402732,0.5302928299881444,1.497931744421375,-0.40573158419038224,0.6883531689601237,-2.777662797204867,-0.6381459443347278,-0.15960814256767727,-2.418317358369786,-7.4435339995825,-3.2933344394248945,-1.125337443831622,-2.667963815303615,-1.7019062962097524,0.5218900552303004,-0.4045969500072859,2.2348291364671224,0
-0.443298276160392,-4.763995639828397,1.5242257976206717,-1.3988300870438035,-9.162332086551231,0.9690360331758242,1.7110566641709832,-0.952543802168188,1.1648496774203476,1.754389360272837,1.8984098872399688,1.5499059561788915,-1.2574659976186628,1.990400288289245,-3.8404845601486723,2.0949489376634816,-2.174597112951349,-0.4574368781984707,-0.1560924669860957,1.2430187577697898,0
-1.0744321285875014,-3.1222399514523733,1.6317862296399934,-5.9359882394121435,-5.422740436731974,-0.5852251823413607,-7.589785394832788,-0.8424957462286051,1.986643317036147,-0.20663098880251304,-4.115668211501925,1.2206462613586369,-0.35161554374618464,-2.176015024721724,-1.8290824605549472,5.485275829326689,1.1804892809645402,-0.6772866967530925,-0.1578970765580172,1.7662707738461845,0
-0.7187664131915567,0.32904645075762673,1.0674412395042312,0.5970500874378759,1.7921358657675595,-1.063100153303999,-0.5610172396150606,-2.32754008831568,1.6211665209092052,-1.6748679428926916,1.1981295513726544,-1.2677930335364864,-0.30105956594810684,0.07698922314570134,1.357212881935642,-0.6353305030824915,1.5627935537540762,0.1901479921252132,-1.5680980294947258,-1.1202991208547588,2
-0.20163104021858924,-1.8432044351554522,-2.039141290332667,-3.5376273655796133,-4.173065741493612,0.9349095836332435,1.1162060428245493,2.813473110917763,0.07792925401469963,0.7106968339888026,-5.7730756279264055,4.228592520652127,1.8623298206697678,-4.164753654953643,-2.834565919546627,4.30985567592062,-0.12695077203973093,0.4770673437093948,-2.3380951093113174,0.6249447317857326,0
-1.8196211780928977,2.4172007707788015,-1.8468365344855844,-2.2802990044774014,3.0864679373191413,-0.9638894050535666,2.4854322550567898,-4.330321871433044,-2.34860419407653,-0.3486605052759789,-7.872348575376175,-1.3001929821075142,0.14149041454159625,-0.5088860524160659,3.1034604601547313,-1.123963702473849,-2.235371347762274,-0.9091168186778075,-4.908822211869421,2.5734433630919717,0
-0.2901193818318961,2.2382823988062865,-0.23664069330137716,2.109202306430891,-1.0690980721547538,1.4090889705614211,3.188923547055781,3.948582356926027,0.12192082133848525,0.2055862215686189,0.32428560086274616,-3.366831121714794,-5.2615500302416995,0.30649659000858054,0.4398325841163928,-0.4141900996346546,-4.12647029867656,-0.07352881786289275,-0.3225804221717452,-2.0951513893014178,0
-1.0339561066607426,-1.1225796853883756,-1.6063025569236862,3.8066828982868186,0.7809079083424746,1.3396134111925941,4.055461848735422,-1.8618447636800748,3.558027638152809,0.29888377707965863,4.034197441820668,-0.7664320107283944,6.590785819475694,-0.2633271758420992,2.2041233449198656,0.7343985092095331,2.4010262627819188,0.08774677493568163,-1.2840250430862032,2.5104329094826103,2
0.2325133563860684,1.137456050832064,-0.7361437668384072,-0.44349005067796243,-1.620582712804977,-0.557976889419804,-0.48210639509403247,0.272271306610549,2.994287070166875,-0.4819449196995168,-1.1984622413318389,1.9801696935885968,-1.4985792242393325,-2.0943354529856633,-1.1622185916140997,3.1111652139674333,-1.1953702778338595,-1.1360593887706503,2.954821934939598,-2.6158416695937614,0
-2.1403648303230494,-2.471353323810779,0.8005426516551181,-1.3820119258587233,0.009893730862248014,-0.4988054557971273,-7.110590722518569,-2.8074897591016286,-1.1229358608597415,0.6596295873137671,0.37168986423532946,-2.4782699265403902,-5.642020607905044,1.7963259678859629,-0.5790307794361855,2.238509618100128,-0.3353525999416097,1.4601734699654858,2.220828357669701,-2.9248629383424696,0
0.06407991338736785,2.653055641248155,-2.6093717173839854,0.8353504012213062,1.4737209111304885,0.8470592046135162,3.0541543771991204,3.614014496007646,-4.029271180461507,-0.33883093757035243,-4.287035035991586,-2.839894266088926,1.2811960516776306,1.2892022208290466,0.028934760247650293,-5.669585168019905,-1.6852062035109732,-0.7000409754426833,1.3956450796781423,3.9145646421462743,3
0.8830936491984772,-0.23541394902098456,-0.22804777569926493,2.7703195920009556,6.641413153623515,0.8301549592649,-2.768089786785604,6.383405057282294,-6.238045375194754,-0.37193894006746886,1.898225593369001,-0.5498754729191903,-4.127138799384845,-2.7298746540853274,1.3218238609906972,0.45977503369257444,0.15660283606630232,-1.5160985818001365,-0.8984595431214175,-2.7002838093620887,0
-0.387493992927473,-2.77900095649646,-1.0160437181330697,1.81404712321013,-1.5915104577369128,-0.9423480846788468,0.6895859472704813,-3.4786288669895673,-0.3593871099519854,1.2176440924858842,-0.8143844747425094,-1.7390893109332866,-0.5490155584167291,0.18310857065027264,-1.536993147660899,1.0393950303718318,-0.03193486000160495,1.3708014815850107,-1.1506140609664741,2.3371907774746217,1
-0.23664890497086166,-1.4645848395994245,6.264391683496229,4.651092184334956,0.23140413449399083,0.1358998868639036,-5.879641899556636,-0.8093073283834089,-2.374036019630392,-1.8470453138330596,2.3016020308674565,-1.0469917884632962,-9.516996842236914,-4.377737989094099,-2.693232071112239,0.936818477518458,-0.6568277144743286,0.7221138728022954,0.5518624596298911,3.203405353384455,0
1.4098049723649646,2.4084129738761924,-0.3553736563651744,1.6953245948717022,4.322267493863586,0.16207884958563462,-4.726652453920765,2.243195938423149,-1.281818756211554,-0.5623103075586625,-3.081277019724349,-2.820936957521973,-4.5456014737651,-3.361601213084521,-0.3870141608153961,0.709677958103472,0.7711178932823077,0.3307543400065834,1.169616393219616,-1.0277530039474558,0
0.8871258782480289,-0.6794820680032203,2.8950101217695288,3.975195647395415,-2.148403869687394,0.09965595109484077,1.7712446858457271,3.7274633226708764,0.8052927001609043,0.5257158894638888,10.77083908046106,-1.3838085226388757,0.8409134218792101,3.2951394155118887,1.07280788288853,1.4877611175092005,-1.109095360324665,0.6863673142238954,-0.3164937567020195,1.3884840521192219,0
0.3097623524048434,-2.0841703854930214,-3.750385033397086,0.30928940405627947,-6.765684796141242,0.8238537065610424,9.079083992402708,-1.453859082961677,3.523331989480778,-1.3389544571542473,-2.6736915536423314,3.9086930841636565,7.144983442082247,-1.3284756945178469,-0.922799085845682,-0.3092034207378327,-2.4623447891061803,-1.2218548286049777,2.5351537445319954,4.666468931667513,0
-0.1486824784041567,-0.7881729565408926,3.2902783373399367,-4.202623214490324,-0.42229023740371524,-0.4236128907660596,-3.1115519769250604,-4.490105114633952,-2.7713439400727626,-0.8092405833857074,-3.2444542286956763,1.693559312575872,-2.1531948288781653,-0.026884586157375878,0.4654509687682169,1.536579138617976,-0.9204993347972669,0.8710412311490083,-4.897567698655191,2.5429627470259444,4
-0.37538145610048224,1.1478857218033227,-1.0235505551627813,1.401794712499554,0.804647657684558,0.2718884270448498,1.758405471342042,0.3929268554803338,0.6131875191587537,-1.4617747188146308,-1.572951741564935,-0.5392194210266192,2.1550836528366792,-0.9717095968717319,-0.9117918049425785,-2.16002525593142,1.6278132638496796,-0.6407449785914296,0.07802924236358333,1.636347467850658,0
0.8250978262240763,4.0336841740554235,-1.574719484072006,1.89768086145233,7.501588880699759,0.6798811230877586,-5.0553729873950575,2.748419657577495,-2.4310806848358366,-1.2270907538745341,-5.316375496265127,-2.0120043569846695,-5.718535007759439,-5.537227970579436,0.2905807764638335,2.3406536002726828,0.3601594477203627,-0.604002977132968,0.37791875078295767,-2.5445337684420632,0
0.34931379745369,-1.4791251438193198,1.5398162063247836,-1.9327767389406385,-3.3765260047003425,-1.161672015194444,0.5285248964835775,-0.154580696622866,-0.06686995906228965,0.4961797657413876,-1.735747573341188,0.48824027033870143,-2.0325541704695613,-0.21130744171751636,-2.0996053691300327,-0.4778590338695172,-0.106694483987261,-0.0719516812285325,-2.7426329913197938,-0.17850520151211402,0
1.9551306450250538,0.06886819695644031,3.9911457603717753,3.21078005006353,0.7051609335619321,-0.7351691432628261,-4.5794982272725795,2.380948200740632,-0.4241161693166834,0.8666385368892272,5.143274411131805,-1.1697424292591925,-5.951711887700598,-1.732497920595184,-0.5969743153479291,3.2959973388222172,-0.5313305418822534,0.4845010694048341,0.31867340564479907,-0.5725493967425515,0
-0.39720754734771124,2.175450377578917,-0.07252325171324259,-1.9004956436063498,-0.7265716441531976,-1.586497053072647,-0.3695346948060563,1.9927931977535827,-2.9391858837717955,0.2914478160813398,-8.402944626026603,1.7105793857967417,0.46508107915899677,-2.1347472147297157,-6.131029838747205,-5.8878954642610175,2.63051266070978,-0.273458129706639,0.8634999188058425,3.5542555535116223,0
0.29236152157836404,1.4983898348730553,0.16504623342837044,2.2982278662225233,-1.2805604984963352,-1.5151654666050949,3.697052228510227,2.35143912635501,-1.2558078297788455,-0.39707468146320307,0.19354861780690594,1.2739339671745076,-2.468098083938277,-0.7186677317872485,-2.6180471105235146,-0.10067612837796891,-2.335819255325365,0.12512642865886495,-0.16744078237654736,0.10020761770943998,4
-0.15968448410029729,1.9954247020284481,4.0261126889384204,3.6987629373869946,3.039502098953162,-0.8130772665016858,-10.827583317081702,-0.3441365967141734,0.9236629726994214,-0.7611790857614783,5.288482366704128,-2.9689869135808644,-3.0063328176763053,-1.4232606227784288,0.2068377417363798,6.3459726442385564,1.520972887084044,0.17251197765289583,3.229336417127991,3.6390388997112413,0
-0.25873690182879444,-0.15836190713062193,-3.501034232856838,2.2784527807015946,-3.6201629729739837,-1.38174953641048,-0.08246161059191558,-0.5989656349746453,2.2354960708372147,0.05544499520581561,-4.9409246165591645,-5.723486493046863,-1.7393387354764802,-0.38115752163797945,-3.3205589933244446,0.8216935075291238,-0.8450504848696394,-1.2284712667215807,2.6705152024924668,2.76789137906288,2
-0.21886378767228715,-1.1228400915840289,4.680545832859548,0.6918604057060438,0.35074152107181944,1.326488684387761,-7.465369372146844,1.2398505592570073,-2.347940743375922,-0.9209438759999115,0.45571044503235253,1.2865663417643471,-5.338687018879362,-3.3541070468873784,-4.155105429734665,0.3515052989242078,2.51408012621223,-1.881703886268545,1.191569798103521,1.059932721577402,0
-0.5267678056840817,0.15681601158065517,2.1542252267071804,-2.132382414498907,1.9053677838931333,2.153021388967867,-4.492682817539837,0.8727657009495722,-0.7054929054208419,-0.6465996275392881,4.067133839309211,1.4791978334945615,0.40473657188805967,1.8776874490405073,2.160122203951483,0.47917364541569285,0.7445826852496471,-0.30286819457178726,1.9408002054933702,-2.0960182650432015,0
0.11668529182333974,5.044672250896156,-2.0095784459435375,-0.8800683307868631,1.555866102401858,0.7163891379515696,0.8766189820683133,2.711326050945586,0.30468854510166876,-0.28870541476427714,-3.412657659473799,-0.6748001778623647,1.6252597222110154,0.2624335829071909,-0.5189376946862336,0.36490899351266526,-0.16933303790840049,-0.4151234715370238,-0.27754187094605787,0.02177912296287743,0
-2.1384179234065126,0.9747069520401961,1.0312580810819896,0.759398727717425,2.6232582446603256,-0.7167444098096838,-6.605720079871916,1.663271596980739,-2.2516547531447224,1.2740751564877033,-1.750096148618155,-1.0786904699729218,-5.2251637961019295,-3.4864471068579554,0.12257467973135427,3.9721170359732674,-1.1831017248043634,-0.8193750806251868,1.550377331781001,0.6877026184580461,0
2.9441160089826006,1.044443909741051,-1.5742885450658375,-0.27471885176523725,3.5288411848627192,-0.578090936575649,-1.4084595882965105,0.8959176181455096,-3.6371622402861927,-0.5066378425708846,-3.637207496576714,-0.10429300994710466,-3.8875938670663444,-1.1516421668769008,-0.8031486536877894,-0.03461553373198312,-0.6832342637601638,0.8288368852020385,-0.28310681506811486,-2.8536470301412207,0
-0.6174686729974613,0.37929366235151296,-0.21383100667556065,0.591465499591078,-3.4410873116539427,0.20702050939082917,-0.16673034473216886,-1.7195669663254942,1.209337408497725,-1.4684266014009257,-5.117414983512948,-2.42253790281706,-8.49191904905114,-1.7661209400724422,-3.286286953013689,0.8022317385470217,-3.5488994029294303,-1.5790308905560857,1.4428276377939682,-1.9199036443125255,0
0.5148421928734493,1.654237924586364,1.8559394892464556,0.10108215047710956,-1.9901076034237477,1.3236301685549294,2.269980125886805,1.772711985724253,1.5743521895686277,0.029585426729072554,0.19023474898831508,1.0165353087224966,-1.6974243438931025,-1.196845449664148,-0.0855612091136051,-1.110883744075183,-1.799447221468849,2.498273379289094,0.19102221375338146,-0.19138276372267038,0
-2.0814476520636314,0.9139219262255401,0.5345970499002493,2.6131227732852462,0.08503511235376798,1.8127310925603874,1.7269835105948415,2.9311835128289605,-0.8446344869920078,1.2426488037952914,2.6541822097041425,-1.6707543756269292,-0.02633628634212417,0.9059833883473345,-0.06514956315070597,-1.7980239295340863,-0.5613921752379094,-0.3036117965088469,0.34840707664354564,1.5787414953241077,0
-0.7086993642282728,1.2348895405844207,1.7040899893313024,1.2962393198985744,3.2639601291343125,0.35715877394115875,-5.781802741754786,2.8141800170154716,-2.6884749118165523,-1.1417829837010651,-0.6083880585993845,-2.2802867228908124,-5.536231477278128,-2.3668480416933546,-0.5199783425447615,1.3813041494575211,0.2741743015316678,0.7847563316218804,0.03649676831142701,-0.3571320324549039,0
-0.9017350330506589,2.0590669980504432,1.7000363873322408,2.232731085485415,2.802611880407938,-0.5459452130644107,-5.732393420831685,1.1159875580913474,-2.4856757941340315,0.45734361421845854,-1.173779346557386,-3.9728757259653196,-9.019442006595055,-1.4944033688599243,-0.7953910639208479,1.2494138831284471,-1.96886171569236,0.5834159846036835,1.530568893630083,-1.0148074300695624,0
-1.4149706169293315,2.707470975426802,-1.8966849327392343,-0.7394249244062827,7.1866306072422885,0.3070547362447543,-1.7084122561265485,0.6513514078497127,-4.524774872755538,-0.6326784533149897,-5.897305839016289,-2.2358428994369306,-4.568540420108561,-2.2602271651457393,3.458715205956447,-0.5924278431022774,-1.7868984741133294,1.0110098203573292,-2.3485315643623776,-2.4372514077825906,3
-0.3873868747497546,-0.7533238146396808,1.5141788942835699,1.6190934933226044,2.406167513596829,0.8542611340236166,-8.3143529324863,-1.8108034943390403,-2.9277373249559524,-0.9349799500236788,-2.2121221327942213,-4.5607801414443365,-9.536386171576133,-2.054796534815118,-0.12375342059396655,2.7238285782791,-1.9390550120288865,-0.2864039753502104,1.8409106740843866,0.24582641968284502,1
-1.063779191450438,1.6918715319740647,0.5901448094544774,-2.4483334572923403,1.69707108784132,-0.04038663978035979,-7.423192528478913,0.8653165209903061,0.09176694139054375,0.13306196538049428,-2.696286167746351,0.25884326021625137,-1.9560546700934933,-2.076185234739504,-0.7488380388676604,3.933622508491043,1.3160988871794745,-1.3371261791012425,1.4288649369729993,-1.0557502308760776,0
0.15502186714025215,1.808842029681316,1.1653088758819807,5.701235802431419,5.2830246111123795,-0.24155410045358058,-1.245601743315745,2.8420169807622675,-4.3678909232910215,0.30504568636554646,4.798534071947434,-1.9304419627263196,-5.773939360456698,0.5343145802433227,-1.0817505428334417,-1.3650106371551938,-0.5692758953987487,-1.5937953901893809,1.4885231562299084,-2.1490993374632645,0
-0.8618577819295807,3.077481092877905,-2.99445333420936,-2.1143466665293684,2.582083569205628,0.07407156614632787,4.12060094009152,4.507246418577553,-2.7215464433507144,-0.4207318742926211,-5.397330587955472,1.7031207288007897,3.4264901385527877,-0.41061307895758437,-1.2407976917652157,-4.6484052023613085,1.644583621877346,-0.17414117319826142,-2.053299775118937,-1.2501026284795973,0
2.257620637550414,-2.7530851200329867,5.192440040615916,3.7549460728088953,5.47976283831448,-3.0287201174986063,-6.543011046176159,-2.731490161590178,-6.280141997170917,-1.0621587880209766,-2.064882714214159,-0.20918232708511775,-9.695934629617062,-6.972273789358578,-0.6766463710856769,-1.9648931856312752,0.8220370917506126,0.9920325163111163,-1.5512439040144699,2.8934246883450085,0
0.4691784670402844,-0.5373955261678327,-0.9842714019337617,-1.5687002118157656,-5.8793558902419365,-0.014918905806915435,8.334985157571431,2.0072290505602313,1.0748176159333855,0.010169608368134773,-1.8158179514075568,1.0136218184398063,1.7796955239928895,1.9225110124016296,-2.835474679503374,-3.8138824065826773,-1.0116152619180176,0.9181248369733036,-3.1748741838204024,-0.5548315768170842,0
0.12221216390960167,1.6909666398891665,-1.165726603562241,1.004102097126269,3.2038651362001427,-1.285735964772452,-0.6025138481480824,0.565169076648201,-3.2288629196710326,1.5754016416484227,-8.23956182432457,-3.0173164004888093,-5.321373325031868,-3.825632384670618,-0.7928972720998255,-4.330758030978917,-0.8104689347556671,1.1238626513605412,0.10103446286385287,0.9738503955824314,0
1.1551616982270092,1.1559626048688723,4.386101505219251,6.818837876231169,5.554762118753502,1.9787860924163827,-8.773598508566593,1.4350700824206577,-4.575713298973137,1.059681933804517,6.909083795607798,-4.949671147189653,-8.80021905408067,0.14790171142971253,-0.515329558836747,1.491420816175569,-0.3842943797902335,-1.1361570092466968,3.0604019500438,1.493798203050218,0
0.40188676644896953,-0.5626225482082337,0.6438839263930725,0.4550634202169366,-0.734619627531809,0.4933392863109031,-0.8499761174940723,-0.5389837362649033,-1.625235017449283,-0.9586421731000547,-0.506920332840443,-2.089958164674931,-6.196622446954119,1.2274723803431944,-1.5940793888730667,-0.968327394170819,-1.9476820363284597,0.6092778559647584,0.39613634741600157,-2.506759965517892,0
-0.6812985386562329,1.99609246742471,2.1776938310712017,2.532076945231548,-0.9872435457524469,0.1988780118987021,0.3833409132912892,4.889889054650947,0.7941141950288471,0.5231569377735036,5.375528224397943,0.3579379021276965,-1.4355799910847373,0.2600872740591642,-1.618829617498306,1.571584801884911,-0.382208841978558,-0.2863215745349355,0.40781931352871226,-0.9017143139514305,3
-0.7807607348158898,3.4992630364484407,0.8901577486436718,4.333744386522708,0.854873253348505,-0.9437943904915858,3.498818325118692,-2.1096837444158503,-2.7175379246592857,1.6103869986056338,3.2444880758561108,2.265726812829075,-5.733610014869376,2.945718271949273,-5.050019923300576,0.22506276166938377,-3.219752949513288,-0.8310673966221047,1.3353909386896394,-2.67402038029429,1
-0.07420524103065666,-0.7237436476527623,1.7001639329388594,-0.13714141720019302,-0.40225892877469943,-1.7333633630857004,1.5324888146609628,-0.7189355384079719,-1.2442027893531848,1.2434023421498492,0.9278149806714185,2.406086025591724,0.35509967504639917,-0.19295414738586103,-1.0395588614012579,-0.5569160548966101,0.5508253751105432,-0.3736241377059409,-2.7060257193209187,0.7420390601827451,0
0.32427504594954315,0.32344291796912494,-1.943156925648886,-0.23924190631871323,4.932159721279785,-2.199591957805854,-0.6434677861889865,-1.41863519533914,-4.064695766775942,0.8196615288463438,-7.423009813184891,-2.631166120226541,-2.2929450141036263,-2.5782621368170693,1.6004124658533092,-3.428146536459606,0.14494629410674564,0.20252799567364477,-2.250787462864338,1.123326903566763,1
0.28582767359033606,2.3359188435506013,-2.841915355574082,1.8316550323838896,-5.381896228522426,0.6899245059628129,10.961340574204291,3.1886043717584913,2.312224517549532,0.1933266188006049,1.3947465484698212,-2.6085785824841174,-0.5619882772922736,3.767407449289869,-0.2306315755805004,1.323568179807788,-5.851565327913317,-1.997981401209035,-3.624955854438104,-1.6163221013469813,3
-0.4019212987233088,-1.240529807749617,2.396458193832381,0.4628329962010309,-0.6242264038381411,1.3394487682538367,0.5342273785478103,-2.430183287158506,-0.7693664244537625,0.9529439017626905,-1.8832701413432218,0.27717156238463736,-5.636895025681769,-2.836121712918777,-0.5674466363341948,0.7737568445708116,-1.4891389957415444,-0.49896692279598004,-4.0589378594175205,-0.38079144073887083,1
0.8462482262072616,-0.8526169952827893,1.8638169385137822,2.5984124704777924,-3.1344319725354692,0.5232109973995908,-0.4424579325362096,-1.2273010080377134,-0.7339200261500198,0.22773940830719658,-5.1568133449102955,-6.546109202493295,-12.161628425750482,-2.8222005418927143,-1.0654688113433217,-1.4132535754561184,-5.262033163308551,0.6269241579327764,-0.6413416076477723,1.483250164534486,0
0.8415384793253294,2.009616484014963,-1.5746452187739108,0.2016066654305807,-1.7411225858767518,-0.24858630954392225,8.500633428588863,3.4029919797225783,-0.7678373568052563,-0.6977115198860081,-3.313299341729497,1.5183945664078795,1.9846472599244258,-0.12263028495443662,-2.4619448169787663,-5.526926813029263,-0.5076792470190028,-1.2653285362218054,-2.28114276775731,0.2682118056125389,0
0.248347684001961,2.760221134075707,-0.5521527174247798,-2.1294091729777334,-2.067500811459028,-1.1267089583484735,0.04553703294302029,-0.3015150198361807,1.3417971530734847,0.7064677488979768,-4.802564526318798,2.510598188624528,-0.5477649622211039,-1.7904379083985982,-2.352261948391189,2.5174584671218048,-1.4945581499438236,-1.4003172972356626,0.7887469818744097,0.405342761963974,1
0.6616997370488624,1.6393482375119794,0.3717290927908007,1.3403124871516146,-1.532546440015064,1.0211605545363918,-0.514394443041885,-1.6248397105335721,0.846567260850263,0.5340804105823167,0.03750015513678563,-0.7557125550987315,-5.6022942357045205,1.2197599618358024,-2.7738798657707093,0.6590812638106478,-2.589366186955984,1.8784306986608357,3.35768709778035,-2.5650982193999075,0
0.7659729081545613,1.4895930026670985,-0.5432570056043726,-1.2263391690658856,-0.44050255588119225,0.5752749333622718,-1.8727352204851024,0.9233321619345796,-1.1154972760904653,1.5095516743053912,-4.124182089724905,0.5848202979279382,-2.416701616127418,-1.3738435735921593,-3.1440528956097475,2.0935865620516383,-0.2004135891929787,1.5126942580929401,-0.5349405628803994,-0.38945193183408666,3
-0.8927063153854309,-0.5238402807591958,-1.064610948049137,-2.7370243294728516,2.4946030686666356,0.9368004830208964,-7.767463607607526,-1.8061580266596087,-0.5673704643355459,1.1241323862320856,0.23783773170701336,1.258300708276574,-1.9168738882286442,1.4612177531505508,-0.9019350035242951,3.372310854994013,1.540991940826653,0.010104551055929837,4.599578707075347,-5.533715403142043,1
0.030975526569029372,4.615905152424884,0.3255957192667719,4.604285129273048,8.131333879078191,-0.4220669515091928,-3.3776451188509387,1.5341812396932553,-1.1080289642697054,1.0353799615201604,4.020904265619835,-0.2719818567276031,-2.5331091314693106,-1.155693658967764,1.3914963579108992,0.762392123462222,0.7264940799144304,-0.6845609099767205,3.858223438998662,-3.0479351914770305,0
-1.2448555552711726,0.5054218198336623,3.8919359471296753,3.0060186758961436,-1.9454602594175459,-0.09585428886570539,-1.6393157460849836,2.7732302323838773,-0.8863856515970369,0.4300855996754318,0.7374889054161256,-0.9801414347882152,-8.0764989292992,-2.866076735264331,-3.560412973268101,0.0001403717280248351,-1.6478340204708277,0.41166296693634524,0.2757729620008562,0.3820330763790577,0
0.6945312598224783,2.805612410103468,0.4266286403614633,1.7992138587981796,6.216852854181799,0.687256214628081,-5.734642318016989,-1.3905180148008398,-2.0062708400270006,-0.745143649308345,-5.092142263720524,-2.2591255661631733,-4.773168828314903,-4.864731753783216,0.6831694357875944,0.9665822642490081,0.6508604694454612,0.5795642944642145,0.23786660691349648,1.3724846829597044,0
1.2577019596504813,1.3684682827419037,-1.1444068187696215,0.1814638820458172,-0.9574425339559857,0.12712902340263274,6.177159835992235,1.8758941813686056,-1.3899194039569396,-1.7314436517303284,-2.935950973259621,0.7245000553608263,1.3254931660063647,0.23727283151564804,-1.593999713876244,-4.818913658989171,-0.6484034961995255,-0.055781784622286584,-1.6313843976180507,1.053814244565097,0
0.8290195638708655,0.6777833284983088,0.8011555319173345,0.6303238256736565,-2.5091178413668813,0.5178290546920915,4.921530291077809,0.8355957088826125,1.0343866248466438,0.6693918197274806,0.9921086900599947,2.1568769437679753,2.7082819588941422,0.18792145592939824,-2.150203994354387,-1.0781842329102085,0.6524523982959605,0.40659391293881797,-2.7755275893750833,1.5594323129295886,0
0.9736316298383912,2.762278324736121,0.48069508181219855,1.7401702892533337,1.7997134276358002,0.2901142427969613,1.1859341571355322,1.9408171855139291,-2.1386671452953454,0.06457435262564466,-1.5270838055444416,-1.9376564015744844,-4.7122291298515515,-1.0093575253794258,0.6607389295915447,-0.5777090588708331,-3.0889496623333517,-0.28471203605565815,-1.1924093624505647,0.062102449880021005,0
-0.1261088847963003,-0.8338797643269846,-0.42388647088346154,-1.8594532021700343,-2.7286655518985117,-0.7824759260972359,-2.6844042590051025,-1.44653501745064,1.219094491412605,0.6112088970547901,-2.4437968577669205,0.3286480690405893,1.6503903149654233,-0.4436163740872303,-1.5060549509470906,2.7922769775994256,0.517090527824094,-0.2514205128393013,0.9288677213085469,2.7369015866410193,4
-1.0524874551169503,5.109676854279566,0.9598087780553703,4.806561034645615,1.051790416331885,-0.2290168274382205,4.878594563707947,1.6528205474892417,-0.9671684761504551,-3.227071984266752,-3.772343383811576,-3.507867880801339,-9.194048476062228,-2.5704750813727895,-1.7205332482559765,-3.8785977139891523,-4.558770971588935,0.5084588361483869,-0.8120662237436034,-0.38012612467254436,0
2.3250685817919767,-0.7032070775182735,0.841557286369093,0.2572500935768799,0.6227124200523375,-1.0809064022972348,-5.900764747634602,-3.0755694968596297,-2.799887062542709,-0.14206641362575345,-1.2654904090023964,-1.2032741532455828,-4.085053878805979,0.6735319494525251,-2.394480227931973,1.9724348019086735,-0.37257919993506694,-0.5038292785851718,2.0031886998283817,1.5664278013493802,1
-0.6897273406833092,0.4981178700812715,-0.8950763444093788,2.178632093937755,-0.2705890098984967,-0.8412290391614997,1.8276438488257771,2.3355344090247505,-2.294935071311779,1.2187412290075028,-6.947020420243584,-3.1050519344095924,-9.787278839771718,-5.015192125339954,-1.5292684424001113,-0.415946311718151,-4.291680137894662,0.662174442972561,-1.7092843663977475,-1.1940013418382427,0
0.04880400836908435,4.799686736873305,-1.1533621029884764,0.4622598465531731,2.5801403995775054,-0.27890945821469326,-0.11111663714818704,0.028864897756306962,-0.3553129018097215,-0.23702318712047746,-3.508893695612822,-3.991797299812174,-3.9665763238291625,-0.10745663010632156,2.772751383313227,2.3814508588353083,-4.168167319972994,-1.2213847079293647,-1.3554938132825536,0.13200145660329832,0
-0.73778514064582,0.5345473112730488,0.8026472404077576,2.3053183963613817,5.073488979931071,0.6307792702521228,-4.171458172818413,0.7505108518963719,-1.4315582978458385,-1.129762504910996,2.1699470860978813,-4.685920159851921,-5.015823006417829,-0.21699197398697212,2.833518004840386,0.5837272550883403,0.17593011770003275,0.9923741413264524,-0.8127846838642582,-2.6957086440576847,3
0.908696373124446,1.7349113180560796,-2.3663071710635064,1.5939741025070937,4.404621700444228,-1.3595892292273506,2.6714178473276853,-3.0178394392067087,2.243027438101053,1.3452914123621862,-2.1099713383136507,-2.9782832234486447,4.723228085061865,-0.8514336893348307,3.4858589193094764,-1.8413706404450878,2.7452298193367,-0.3410330655189614,-3.2069348463993212,1.6054861800194935,2
-0.20357017941798455,1.5181429649103884,2.5479453841296866,2.337263347215262,0.7217743609399571,0.870515159306968,-3.757613461578409,0.004283633539475695,-0.10135154472106156,1.5173161324002238,0.6163992704025991,-4.274213170576336,-9.044324357134917,0.03217762660300294,-1.2292278293218508,-1.1603529752835415,-1.6050455550544231,-0.9245348303952341,2.157378568889861,-2.539286180252863,0
-0.623356696315004,0.7959043303866866,-0.20189984346194123,0.18905768825242253,-1.0675449469585685,2.1550738667656373,1.1781854390648354,-1.4445386056218725,4.51382205014777,0.06546753183972158,-4.614990293923319,-2.351734785548036,-1.5317854451605577,-3.2451273383350383,-0.8267078276678924,-2.0467699541473685,1.7925657267186965,-1.944769796850374,-1.2836850956650045,-1.0751862659595126,2
0.25705422672112826,6.649494599451606,-3.369914720308776,0.4605130800000493,6.5524073781831556,-1.6221108055078972,0.7328195217621684,-0.4883070330459416,-1.42062772130179,-0.24304371644965392,-5.455234437549903,-2.5776111692903196,1.737962125498373,-0.40060048103634205,3.4414651136003327,0.5905787212767764,-1.5171835692044784,-1.9008681052100456,-1.1584956652216667,2.0860392438464146,0
-0.12206710920791,1.605114719058812,2.6491359949565014,2.5321676117013574,-4.500167143981045,-0.49152207733393793,2.968971089500656,3.219502550418211,2.103258601125372,-1.860339792188112,6.011507251764853,-1.663448330139777,-2.7179855292828794,2.163889621501503,-0.6150897564445813,3.038758497269045,-3.626178668166235,-1.9182960260485087,-1.6260507151725365,0.5235736873568769,0
-0.4710435676328277,-0.5107758864023848,4.158651380295108,1.2615740378700133,-0.008359685846659921,-1.272620580982833,-0.8663717200229631,0.9436423898413284,-0.50617573920104,-0.15283274987031953,4.761047633842193,-0.28765084454160517,-5.994574514947231,0.7672035815748244,-0.7438446158408876,-1.7691539515945602,-0.2421642570201723,0.5969809306267065,-0.9563525629233622,-3.910483675448489,2
-0.8231540894899116,-0.3047231434950699,0.8744805876614956,0.4006436366305127,1.2525965489210305,1.2667745177402898,-1.9650526503631698,-0.5735991878155859,2.039369682709478,-0.33268817964405195,4.46993660137873,-1.0686316105714813,3.109852979201054,1.480060630561899,2.0890095990954034,1.354471003092685,2.431246577975137,-1.3227653319994441,-0.594504388061238,0.029677942791258127,2
-0.6898099420321521,-3.1423063006383654,3.0886420126905967,1.3153651311356425,-3.750360952459335,1.7526994663902828,-0.36305938918489616,0.5805119841929438,-1.745096551309103,1.1196135161338037,-2.657287126994674,-3.2514722173263566,-11.159657843021057,-2.751992116900867,-2.2634604852640345,-2.505938147897897,-3.290555692639441,1.7169791553105584,-1.295238223319822,-0.8268885555717291,0
0.04498784357610075,3.720821480785996,-0.6590493632908472,-0.17520318494507814,2.328730774403858,0.7323000627727059,2.3934524672901474,-1.341872647880877,-0.5055479844691385,-0.7485147213918408,-1.150756038811577,2.955348442448476,7.798205527122665,0.699700455135329,-0.6689061996010601,-0.6615827295599794,2.5350255376687527,0.7596108910399549,-1.9479773267286602,4.991711573336792,0
-0.4544515410068138,3.3041926823452394,-0.2583052156207406,-3.854144879131627,-0.06176618922525945,-0.7469420898002969,2.4257705099022973,-1.8974994105989595,-1.85057749258065,-1.2766813984967598,-7.3186144922119745,4.146680367729442,4.099833282154272,-0.35337478732878447,-2.904721177465336,-2.77557906242278,1.28781370897131,0.4932752848379085,-2.875571806693971,3.6785239771555123,4
0.9711543798519111,2.298577742662286,-1.339634840803519,-1.8964809847476372,1.5103911157514174,-0.6162628156884995,5.057540892376234,3.814208335636368,-0.8598470761155316,0.2380999264024694,-4.672238280587999,2.940326189346373,0.3029106994109304,-3.624225508560668,2.154397202410058,-1.9475700053980005,-1.955210324841819,-1.1044426021188303,-2.380357072509434,-1.9547477159209727,0
1.3413058748422861,3.690606079150097,0.9110707916150061,1.1974908969511497,2.323853408277994,1.985779549373067,-5.711269030079452,-0.17293322428830837,-0.6746168972406972,0.7319924316095656,-0.5858462938264937,-2.2574147572447147,-6.802723742927496,0.6372870018803569,-2.740838010799693,1.6007862954739824,-0.6614098225915767,-2.1921639240006368,3.43823189106609,-2.8827411141441712,0
-0.4302353353392509,0.14283975213631528,1.2355270117784503,-3.632288472285911,-3.736552028739115,1.8989653346916118,-1.742417445515107,1.0912252185469415,2.716368808144487,-1.00841389005767,-1.1937478180006735,1.623274121224552,-0.10048651124729362,-0.35249431833415623,-1.2978731731672428,1.6102006006592418,0.2807135673150827,0.736100555840965,0.30066248475766144,-1.4790383461094883,0
0.2749953320353968,1.151654892711135,0.0879579289308473,0.1812707801151976,1.6872120843917,-0.16627421318813373,4.918455195078246,1.5706618194869022,-2.4808259835657362,-1.0801728476721582,-2.412640737737116,2.178524014553997,-1.222452602144616,-1.9165254807412295,-0.19331302844455645,-3.1256679438613637,-0.779841525728485,0.569674579218579,-3.6917987243717825,-1.1969400835712154,0
1.0200925579662905,2.0146991479519882,2.2039783727243587,1.6698733463421371,0.297831526112416,0.04892223186401748,0.3658498788848538,1.5583710753546716,-1.9079780960577954,-0.8503991054140999,-0.39169723283059843,0.7967897093028551,-1.69305701042343,-1.379855105018036,-2.213468893318204,-1.2572856826201841,-0.2477982944249172,-0.3814705130355826,-0.8538220568687584,2.833036574106501,4
0.45624587223213414,0.8155091034627787,1.9518626289276466,-0.7470828267166978,-3.017709807014402,0.6754027719082352,0.4845529863242693,0.2680122330369279,2.108950808082486,-0.007025419562785687,-0.5100988847134509,-0.8748015872319188,-3.983117901460365,-0.2349165038656319,-0.11355357823651036,-0.6079546639563576,-2.3598437519877065,0.15635552331691674,0.4884050554972549,-1.2133295818731498,0
1.662216427534441,0.204585642924075,3.94405164899885,2.324836034853572,1.2942242334897704,-0.7728257528721194,-8.230089643746613,-1.7379626733788176,0.6545667095123702,0.21088989994715018,9.575069834956302,-0.3674965526352262,-2.4504859709892033,3.287129266790747,0.4963101024720986,3.621360566899619,-0.0020020341173014877,-0.787414782898855,6.504779410424058,-0.4698434929246085,0
0.67104604659568,4.495984766996868,-0.09763281913629074,2.179102131726487,0.7464906876230931,1.8255636851580956,3.428849640128759,3.1397498218438535,-0.3897737678783011,0.4690759918729839,-4.696410194971065,-1.6275322905022105,-6.790093094309578,-3.462277756178973,-0.9909481819285275,-1.3764409152739892,-3.7979533344151464,-0.6526237634388614,-0.8454188421665461,-1.4196652190988064,0
0.13222399879126648,2.7714387433103935,0.5271601121958684,1.532087397917466,-3.6693715482090625,0.5616438612260981,5.309477354765685,2.188093484421153,1.9226382582715873,0.8109964609500869,0.3951368517609516,-0.5322337585161067,-1.217283323215489,0.5829730587855464,-1.8610487405605525,0.20308239108934867,-2.7106044381221643,0.4844678488646676,-1.6903538289733988,0.7263141999990617,0
0.14908729338850005,2.8626167998548695,1.798628510834606,-0.6645518800513348,1.3714868893415715,0.6365244632170108,-5.388205611407781,1.6929625770283692,-0.27448739512150233,1.1853495470755961,-1.073293275794297,0.36888876169571816,-1.4348109949915513,-1.689685255054186,-1.5509654770096757,2.6242070117201908,1.1481248215856161,0.16304547320188933,0.7107558626055575,1.0607377591297196,0
-0.41785672016313397,-0.768041542318066,2.1697654832596633,0.44920324257166633,1.5506812871849045,0.5109866551210646,-3.464198888616909,0.7025990908794874,-1.1287394774211932,1.9641413489560264,0.6284435070541132,1.7183047296915017,-0.10941612085274396,-2.3216945406975356,-2.0449285615948125,-0.34560636341079276,3.4875046768369353,-0.2814469186233805,-0.4506718393664132,0.7384170663668475,2
-0.30820263475491483,-1.848921331271503,3.5590279902198354,1.8639517884433134,-1.2628595046164564,-0.11666333088103126,1.7479143412868987,-0.06206208385066292,-2.824845063853785,-1.3990335234895999,2.275423155970748,0.06143389646140296,-3.530872208199654,-0.24633186487746672,-0.21378015294411834,-2.4213592213402597,-1.8454761041477117,-0.3660543085880708,-2.343237535734965,2.5303767947820344,0
0.011794419729435759,0.6306192343224566,-1.602762343746533,0.6221431010974467,2.1277758905125808,1.4144844412582522,0.9004721897477908,-0.2706057039694014,0.2832672153397975,-2.0244694961669625,1.7387604883239327,1.9521448405929547,4.023902750389365,-0.7160489889673125,2.7597044244673175,4.340320797429545,-0.5383617579114667,1.855635684112075,-0.7120553345101719,1.0628093689572982,1
0.9412496342517968,-0.6288005180327163,0.23321355950290557,3.4080259214209976,3.9075880300392334,-1.7952794226868964,1.278003393519583,4.498414146069715,-5.149559728467033,-0.8636155641117497,3.7396168212626675,-0.7609442467436394,-5.446128519702032,0.16567813962482636,0.6922492751360034,-2.519913001914518,-1.8257897012057245,-0.8645110251582188,0.15168679238003835,-4.085236000596387,1
0.7480819007849948,3.074781208862764,-1.8035965187949596,0.2776457709896194,5.125844761300395,0.2001248156687314,0.26687712468135744,3.2720270387833694,-2.455253431248763,-0.06866221374193433,-2.898006592387081,-0.0368774847794896,0.4624218847526203,-1.706292781388965,0.6011816446717066,-1.6859921149048098,1.1926810225416178,-2.6605961085140057,-0.9472781282404558,-1.3403914352722794,0
0.27778252650438723,-0.7811490190865231,0.8405598375879946,0.4983147374311748,0.8866922764770777,-0.35974916926844086,-2.888237806516553,1.3275323158071295,-2.498715766650606,0.6102967783377901,-2.4452468038593036,-1.3095355751192295,-4.8017284079508284,-2.8875689565925446,-0.35685488769007,1.0726313129526526,-1.0030749602810747,0.3058437012794257,-0.9242222317578181,0.5773711130495269,0
1.0250873085736634,-2.0136614821640317,-0.29043856275366053,-1.473627717205022,-6.934497131842635,0.21469724970387297,2.181592222399889,-0.16976682751208572,-1.0152188217897367,-0.8915993752020086,-2.2639745293467204,-1.0407956820363795,-1.9805523216373064,3.6517169884833125,-3.535339604491102,-5.019193860841652,-3.2203054158672497,0.5876918668528253,4.643208095177474,1.925709118527417,4
-0.6345030743032287,1.3960970749771922,1.028104530906331,2.177271575712352,-4.078821762800058,-0.6862503770635968,3.9641512224883937,0.285706182253492,1.5862502703786956,0.03543665004790963,0.9238845570002511,0.2836070929525416,-3.9969055323863776,0.29779969655526495,-2.5378559059041,0.0196110285092842,-3.7833265400410507,1.6943538935456013,1.4504216291650551,-0.3502352306891424,0
-0.5732967840618952,2.817231057328226,-0.26704789885328717,0.6642812822670225,2.2959355949796816,2.7670323714201657,-1.103106056381714,2.4019412851545945,-1.186402316175245,0.08551590820811876,-1.5372433290395913,-2.6775854405883943,-3.3434511518706427,-0.027716928618553016,-0.08038682256829255,-0.8209088580564359,-0.6667005276631347,0.931054772285358,-0.12623906189681766,-1.5153132896073847,4
-1.0033982385056137,-1.180022318034474,-2.5153772253429314,2.140557191691828,0.44212088523562865,0.360563001735545,6.5160431267797785,-6.563334208194584,-0.3194105797565643,-0.4422378586160198,5.425707775271944,-0.7844312786180769,4.9256219329550275,6.976538531067964,1.660060306801228,1.79933230837864,-1.0027435042942558,0.9222963886509871,-4.295433745604807,0.5187603149527138,1
0.7883878048226324,0.7523094543129863,0.904928327393648,-1.3770557409996096,5.777356397804698,-0.8974467975356183,0.6873160512590913,-3.601506496091381,-4.502240625548195,-0.362456326852827,-7.183919116886401,5.757428802803365,1.0738847816952994,-5.453742747878608,-1.213304458746935,-3.585519164013258,3.3800638613268514,-0.11465539206411643,-4.700206404080687,1.8640936761096656,0
-0.7753928868522084,1.0454983369795234,-1.0669909499928534,-1.496601836436342,-1.7714750055811808,0.6289786790190267,8.701474496918074,4.156002928516318,-3.4696906118734963,-0.16575570463482503,-4.618138003244305,2.1443276955639545,0.580477355679377,0.3492774540242769,-2.365138104935559,-7.666581333577667,-1.29025389423591,0.3294470039581489,-3.2075850521294336,-0.24926079311709337,0
-0.25141241961274463,2.804558833845945,-1.919897586589475,2.5105844669348394,5.827775112507425,1.3994773331523085,-2.260785831788004,0.6538384262449028,-2.3896289765202363,0.9378607795351357,2.1688227705475875,-0.7696391187731445,-0.6698228511573815,1.4784745072511938,0.15431921612322008,1.7803237849288367,0.44312595443715286,0.2330196827037026,2.014388945353572,-2.489336779130432,4
-1.9093429514523013,0.13486989701320373,5.132850259721686,0.19496097065906814,-3.922542210171216,2.520107908822168,-2.6698394480956704,-1.5390428812894776,1.4801836718141028,-2.136582885004184,5.875794732894036,-1.6392444650936406,-4.628037586785765,4.233822052261635,-0.5541470522335411,-1.0865752651156124,-2.3528426862393284,-1.7988593887668678,3.025984553443756,0.09529875138639454,0
1.4056060244573318,2.0745758688686387,0.575203011365206,-0.4503537956908914,3.515498893672988,1.4622000840464575,-6.981558760022758,1.4809595713976274,1.0096877453694892,-1.3243782191004905,3.9975712964312304,0.8503530074575052,-0.4115291171754314,1.1519863019734187,-0.7543214283418306,3.06349804631301,2.984374683387785,-0.3506240105517248,3.953404250696433,-4.880194719164985,0
0.04387320901629515,5.062967729572067,-3.421422987025678,1.8279507829756745,1.6002685034618174,1.0148308774077393,6.20533855853602,2.7880262203534842,-1.0570293507751345,0.21323925292030857,-5.477608346445405,-4.682605232407267,-1.8948526423428043,0.19978280736762288,1.7472335784138635,-3.352996283195664,-4.361244397912431,-1.5566131543746244,-1.070569990856721,0.9654811805343342,0
0.6654810515915741,0.5631916187242325,0.16318744414599728,-0.46335242634953633,0.8603192530024513,0.10775250334940593,-3.025082657167372,-0.86551940792879,-0.7775588384210387,-1.5321480320494418,-1.1774798785688947,-0.48359921924535476,-3.6257854614986886,0.14386407449063476,-1.247111511004034,0.8041044836182123,-0.36088523948307594,0.01700158298701464,1.4178717177824947,-2.1664357253569726,0
0.8879325447984122,-1.2362576217639663,-2.0896622268260723,-3.1221128779704346,-2.2457881764022334,-1.9474111116552133,0.3078455956231904,0.6081812373882709,-0.705374520010993,0.05594021799708043,-4.591363048185659,1.5104575445578212,-2.371997330590768,-0.8725420431955109,-1.806286821849874,1.7773827933888118,-1.5637563383288469,-0.7582157380585803,-0.3769544826733777,-3.324011963512282,4
-1.4325723237065533,2.0037438072127003,-3.526258135155212,0.5198563312396924,0.602369545031256,0.7589991339103851,6.967638241586942,-1.35900094875335,1.016208765291016,0.38022562992875886,0.6441324166212632,2.3652635695672437,5.631158396122811,2.0354154279085757,3.140462156108297,-0.6110754252687451,-3.0166147512471997,-1.4000879843674685,2.091631247391544,0.5409757332638765,1
1.6561216174092266,-0.3381347154683485,-1.1095606794429145,0.6627850756626711,2.7044140167667323,-1.102398864051479,0.3001298259247668,-1.2795961346487759,-2.644205800432389,-1.0308066111970997,-5.276965420912665,-3.166819702862088,-4.2277298923632065,-2.041815176394223,1.4155173118348534,-2.9300987832957985,-1.3258808229680854,1.1754907528377074,-1.4834059921416907,0.15641468617822152,2
-0.49816958518333687,0.6132578349910088,-1.7580419508555312,1.887367599757824,0.3901186704997951,-0.277590736365013,5.6830986096261435,-3.426761025910389,-0.5659581596604808,-0.31784020399781737,3.044982473152981,0.08490937971067547,1.3906841074575795,4.749589025327021,-1.206621013480722,0.45333072894986837,-0.6189637145770124,-0.23884891094708938,-3.321515281657855,-1.8850243603822532,1
0.3226899823041894,-0.19792553714019778,2.7689285355566917,3.6197583340699575,-5.950620642096643,-0.6392484517984667,3.8818050689630637,1.2553698717127963,1.5559789844110332,0.40432772616034107,0.3645743185293946,-1.9316875604203978,-5.611984630342886,-1.2883268010607696,-3.8930874458950235,-2.0535956443358994,-2.821001029737491,0.9109540030534533,-0.09255978101558682,2.4273008675449015,0
-0.05722822602620605,2.622382523003887,-3.010753437400604,4.241464198173904,7.457014863145668,1.2492726141834793,0.014955437023385393,2.3729961466345886,-3.030562693186608,-1.017072451027927,-0.6698833845955457,1.4175711785863352,-3.0427529705596,-3.632035273892763,-0.16585616065550424,1.0289798927786329,-0.2626385648873435,-0.6155548336977341,2.6477669099964674,-4.291886002337677,0
0.5993336857696194,1.9894554941083333,2.188152840307268,3.1948360956344763,3.5730894400326947,-0.7315947374932197,-4.1480305508930275,3.4850427717301486,-1.43691339455285,2.0890094675877076,3.176075741375199,-1.9099654376100237,-7.4407476890178526,-2.2183938052600745,0.8514795224883036,3.223082650535659,-1.7801768604152222,-0.143905680267251,0.5989703894199088,-2.9670341065221892,0
-0.8104997409185407,0.5959998396443265,1.3865693663538192,-4.344379862927321,0.5897502247322876,-0.7075339168824166,-6.419112196948688,1.4159706000600103,-0.07664498797361363,-1.224962756530279,-2.7870735179432105,0.003931437177423502,-1.6542732079225546,-1.1889061846270281,0.4458631068482106,1.7833523263755666,1.2701931694188704,-0.9774476666350193,-0.25390473574499417,-1.5411719185591277,0
-0.0314763230484939,3.255375131990022,-2.584042250160112,-0.018254388185340975,1.3931762098185008,-1.0866445364068422,2.7787355331393226,0.8312968537089631,1.179922774222116,0.26361950434705733,-3.146228066250236,-0.3498927045495338,4.492205453055108,-0.1323541182992557,-0.302348003826573,-1.2325983943744219,1.5290722149914302,0.589976574126145,-0.8029854745161525,1.3712452358404394,4
-0.22211161234944968,-0.34249819881033017,2.8585248494683513,0.7696469494860406,-3.503725840311123,-1.6297338578389546,-1.0073088626684854,4.793179991542967,0.17990878770902707,-1.1247550071224177,2.259939599726118,-0.3176365523798488,-5.247050480472538,-0.6419126541643532,-3.386304661401631,-0.32988167752309416,-0.6652162578841043,-1.0377260078689665,0.7418648060761577,-2.0292012670817376,0
-0.218728400216553,1.8066625626545265,1.1475430457068412,-0.9840272886036967,-2.3451182219789977,0.11721529439666767,2.571161314386667,2.0944059401178348,1.165604535208801,1.5285596938419483,0.10207908493239029,3.869557921985616,3.699607141270416,-0.161892862960904,-3.774648379058839,-1.023145465413214,2.3122032347681905,1.6378806500493586,-1.3131691669210763,1.0306272481838477,0
-0.030001521220255546,0.20310719615932438,1.8768162802966195,-1.1309385044117457,-0.08677130489407059,1.0823890583232043,-6.365736309370847,-0.19942230857391485,0.2736176154749641,-0.38669808829537944,-1.5916733607856153,0.016058766788532353,-2.439972060617865,-2.558084120273886,-0.5182554223823475,3.452172567554086,0.29524424484428247,1.143628736435638,1.3761622919835435,1.5193745690878764,3
-2.0386365440670433,1.2925916465882423,0.7079809787976463,-0.17651206702492117,0.9414082923906597,-1.1744071133446974,-1.3112673359116058,0.38968404126316347,-1.2952426188255448,-0.9933427129954169,-4.040463671470103,-0.6646184982121992,-3.668578410392485,-2.4095616771214496,-1.2718692033647057,-0.771930520950471,-0.26302417711409165,-0.5033083227881994,-1.0535665334165927,0.22016093314347385,0
0.4458215778764862,-0.4423315938392005,-3.9241367697423892,0.7327396459354709,-5.756064360145845,-0.46399172352089363,11.859385537637126,2.064128230485702,4.306924873200153,-0.7976070461504208,-1.7185225097294963,3.745676301130614,8.320132600464618,-1.917284511517341,-1.545640687569601,0.7151920592895238,-0.3861916677281102,-0.3028072378232204,-3.138572812628489,2.366540701101356,1
-1.004118320512435,2.4306365421838443,0.44837333499881704,-2.515504008170257,-1.3963174951279547,-2.952629617510243,-1.3542822283857014,1.957242896086717,0.4725866470577422,0.6882155675004508,-5.070421758687226,1.0193216725916323,-2.4855244461999413,-2.621289865591738,-1.5979214329092213,1.3837753076322534,-1.1390611382465905,-0.617645358877866,-0.3397849717161112,-0.270928580657379,0
0.6991411827369008,2.920052466687593,-0.8494436807781918,1.1080093870529704,0.43656334804420865,-1.1711321774530352,0.639747506454439,3.731144940641447,0.0747208986401835,0.6627526151793846,-1.925497264230862,-2.6353120712167604,-3.400956146290828,-0.7814053026277346,-0.5894118755441531,-0.4007775340698938,-1.623727141648088,-0.4211392138285679,0.4413847341093109,-1.4945432003700252,0
-0.8119781621162306,-0.2873056959229565,2.736168326383356,-1.3837245623797734,-1.1292335831506335,1.6247843445422587,-2.6950474888374676,1.6478441180193735,-2.6274416550595983,2.5620445488323704,-2.9765557229182265,2.315386665888144,-2.3107479194877487,-2.175495673097616,-4.774488391978932,-2.28361868091337,2.160560835121039,-0.9434401726439898,-0.6791068270176228,1.439912946388235,0
0.5770939079373297,-0.8962762682037453,1.2916455182063813,1.2779440159417828,0.2786423825722251,-0.03236310990836913,-3.709009544543528,-0.41561188739916943,-1.9570055675117664,0.4416910823860296,1.0181984714933139,-2.3204486282220986,-7.194944379001671,0.8515388241171351,-1.5268072001646305,0.07299762189558878,-1.5434975884944964,0.7920645499261082,2.176899966765549,-2.557727889339179,0
0.3888237215173109,2.8847541662011507,-0.9269072880979093,4.429100496780092,3.3621931949886408,-0.11707881041027665,1.7167940803647783,3.0941353687979665,1.6523196579132193,-1.0183542875600848,2.7519548708232056,-3.514291579948541,-2.2703041739604,-1.221212487466426,4.139470943069879,-0.8110618123138991,-2.5790256831219103,0.06056575688919952,3.1277921231397916,-1.673117365004451,2
1.8286621280294055,-1.4871666592405903,0.4993892629593366,-1.0870907575170903,1.6328577937977413,-0.8599744155543277,-5.307942488221723,-0.7889186640524741,-1.4878731636747475,1.4041034352051018,-1.2603765964463496,-2.0919595576923724,-5.250579599081117,-0.8120578204489983,1.3731718254161027,1.4431907884087734,-0.8875740483914493,-0.3300397830132879,0.8724057999795127,-2.425942626974282,0
0.5180021758181764,2.867030936202302,-0.49387779133456644,0.694757947757817,5.8190640712382296,0.5809926220961263,-3.9405751748221407,4.514668727201634,-2.525822420600047,0.8327710885750317,-0.9238625765745316,1.7018965647461255,2.407659598522961,-2.4710100356890523,-1.8912571959903985,-1.2635980709156986,4.830807786254919,-0.1854783071949178,1.4360334453382286,-0.24843486792681801,0
0.8720143354845803,-0.604021246308402,1.5684263287073594,-0.9898668215998323,1.6921263083507936,-0.6807593933921241,-6.148906237386513,-1.7321094994418362,-1.6326564207964926,-1.2888241393940127,-5.861013997294552,-1.1963533920139988,-7.093113062942472,-4.3865635074331175,-1.7392686430715356,0.6759466934003013,0.7498942529885442,2.1144119406902906,-0.7059428692099687,-0.8657865939361598,0
-0.041270618996763576,1.9743700897521763,-1.7097979473282914,0.27127759739135016,-0.6655378584098492,0.6629459716573913,8.233712983481773,-0.5498226000923478,-1.7645904164222674,0.8614466900520134,-6.9227845556544985,-1.0541292222995133,-0.7271918126691922,-0.8885695090723913,-0.12786607057838462,-5.330741967037274,-2.9232478884625372,0.9185438073233004,-4.011793057122577,2.5256037883740223,0
0.4340274938306062,0.4885521090985314,1.797004640272722,5.064330691879717,0.6076510221610383,0.6382415993670852,-0.7806161442280665,1.7966520673562358,-2.4521520148240077,0.2604932168576579,-0.14112219300103068,-3.0975147077917535,-8.386221097768933,-3.0073126067017792,-1.8366805384998943,0.14525838668123847,-2.8058381062327387,1.2362300256134025,0.29094517260434904,1.33882775816567,0
0.4142355086355689,2.5543434043682716,0.4169211508281282,1.5468094321619263,0.9736508401514737,0.8845550050637124,1.6171568148692725,-0.5559178591337799,-1.3182946008655132,-0.6854636317066606,-2.8040470759740503,-2.4285042580931577,-3.8657621638150617,-1.0225510288227524,0.8220222286410039,0.07490539146722619,-3.191398156001138,1.888779783764972,-2.360088530348081,2.0319892273872666,0
-1.3718984199001882,1.3748830452819565,-0.2448529019126371,-2.613258249812228,0.7057438429268965,1.0072199973405744,-0.003872193232979208,-3.6126341904590786,-2.9459558474614465,1.2541594601571036,-8.27716670739707,-2.6736070441365394,-4.527443482893901,-0.5592981318302394,1.4828208173943347,-0.9171001143584604,-3.614750886617575,-0.784191909782542,-3.85551999874243,2.2630779616900907,0
2.3585392801323852,0.5885282757351478,2.7550119234197727,2.2738218346836505,-3.3896650451886545,-1.227710393084674,0.37290407734311803,1.668643175467398,1.0038951376295935,-0.5737900377611864,5.01196065803587,-2.698703665503794,-3.9481679229940663,2.0416118657845312,0.10031277676415429,2.277567184939822,-3.5397983598516096,-0.17501068910675258,-0.2410972421181693,1.0435118126031224,0
0.07582953278578751,1.574724113808196,-0.3625073173238387,4.484430268327191,3.358927620395717,-0.3661698115162787,-0.08115002347860129,1.3148218036135892,-3.3840423239153834,-0.15007187418829074,2.7488691590589243,-1.9601793957580695,-6.49837257162787,1.703045344232485,-2.7415630340625436,-1.1126058691485077,-1.1432688209900752,-0.8151382819699597,1.8113726639378356,-4.147546977739782,0
1.0002910705202974,1.8299060097699442,0.139594130163462,1.9897493322313893,-0.1063675643823073,1.0664993147096082,4.860979443809868,2.1665347567573416,-3.3123848096024635,0.7050125712466379,-3.173829500126624,-2.504842705569609,-8.06772861779756,-0.48901647191535336,-0.7956515718981448,-3.554418385136337,-5.018836440795556,0.8574463881765508,-2.0965632512733894,-1.6298261811538022,0
2.0259636025490693,-2.543495585146482,-0.35571933665414357,0.515299320992262,4.358580556921325,0.2486579227620821,-9.933480434324718,-2.5929876987521943,-3.0623654782265515,0.9422684386745112,-1.250992014234627,-4.440771611953986,-9.470884646782796,-0.270557237320863,-0.4821948303683259,1.7507449136787825,0.5122034845673378,-0.09608238645868752,3.327227015795532,-5.408921661994785,0
-0.3790641977809409,4.405826600554725,-0.5019714256069445,2.8935971379828436,1.057757954198345,0.13368600333060054,3.797064905438867,-1.201566730051502,-0.8516162209091485,1.1380936173540683,-2.7923128576080334,-3.758860996900216,-0.8968891027917991,0.41224682148098,1.7376764325320435,-1.232430029260271,-3.9932287645214775,0.7944675007883284,-1.3145605677660015,5.647917572832329,0
-1.5556328538303215,2.044409021685839,0.06491942753770219,-1.1539473973659775,3.512406138437159,0.6423631813711727,-4.771149387726093,-1.05890560350662,-0.35359981876165847,0.560325803596556,2.371391127638228,1.436760344257066,-0.3172960623032395,2.5261120466781986,-0.45541966449031446,0.9866738946889281,1.609430294689882,0.2057146516356898,3.6923784301091223,-4.292412131412711,0
-1.046373281993827,-0.4810307643324938,1.399531941624689,-0.7707267274598442,1.7099103518988226,-1.3730388323596754,-3.2659962350143523,-0.8747056542234928,0.6281937127016249,0.9980615154763643,4.425152563648238,-0.9029262633112938,1.9754835224393232,2.0643085772887972,3.95658006752975,1.258958966592096,0.5413064550068368,0.31986393708089766,0.5766368841720417,0.2227677625896285,2
0.9085382073271695,1.7877405703779043,-0.37174395632994206,0.48765433697374083,-4.178496783221758,-1.0499963326968444,1.6454880164647483,2.507371281826928,1.594337790717109,-1.3629332045490619,-2.656849574656004,-3.632088755623896,-3.7048786819212705,0.5777419387759988,-2.43316891371191,-1.0053894422604823,-2.532745123401846,0.10140042897786389,0.9320511720574849,0.3347024308559998,0
0.06785224180955025,2.5478038773834553,0.40005314116239354,0.22817337909268887,0.026852354375211034,-1.0406313296885674,-3.0161510005490335,-0.2819479372277047,1.1416467642336174,-0.25937650660704176,-0.8926737922566239,-0.3886944741428594,-2.7391341254368853,0.01832992226569985,-3.0875591629517936,1.9834532198047463,0.5526599899883662,0.008984724619779075,1.6377575595742453,-1.5953512755235786,3
1.291848216441449,-0.6946539837472767,-1.4279814230307144,-1.9150458253838258,3.30474704180821,-0.9398452612041823,-2.538439272833016,-0.9090947458476146,-1.9830573011777717,0.8792798090640433,-1.4504240069306877,-3.751432642201236,1.1948795542023518,1.6764708101567494,5.326021700868819,-0.9257748076298361,-0.5387303527577294,-1.4656213038647719,-0.695938961460056,1.016368301162852,4
-2.074037093627369,0.5595306926808885,0.6751515920803735,-1.048838514013699,-0.5847997882802235,0.1990505996454534,-1.6134892118098012,0.29274858511027724,-0.40808884210011265,-0.9599946094776602,-2.381607886183547,-0.9793473762309618,-1.6700388576823328,-0.44189779104499705,-0.9820262800312739,-0.4656697058315459,0.06235030635136907,-0.21961577814898187,-0.4906176504973646,0.6672140958205124,0
-0.1886545695081539,-2.836294644294977,0.9374697860476285,1.0547014073749257,-5.0040468155589,1.4412333854125432,-2.031442305479898,-1.7956376801458522,-0.6287165330350807,0.5731049161808107,-4.939607887695215,-3.8714267959254376,-9.007557725648217,-2.409052192141724,-4.080805418458867,1.9336899813932948,-2.855280018649683,0.10505078226578544,-1.0689634995381643,1.674435973823766,0
-0.30104449544285555,0.5154600443915698,1.2805476335075379,-0.27167739078701936,2.85820950036931,2.1809088193684736,-6.401945815827282,0.38923785487625673,-0.026510754343320064,0.5611077487342973,4.946546607287544,0.5297374923647529,-1.5045203039283148,1.744736186605723,0.8002516780775426,2.3494674069146435,1.0990571382027832,-0.4288758382637355,4.185587822351447,-3.9099371110174785,0
-0.29589012159399175,-2.5150722099598037,-0.4778235289295052,-6.068786816668607,-2.455667232210027,0.9585903186942275,-6.120164912903483,0.4226881202258851,0.607894266690858,-0.6445283106356816,-7.158221525018702,0.5383515531325902,-1.142609439672116,-3.7428804980262,-0.5116804716225068,4.466964067346016,1.1435053308874155,0.24618023383831225,-1.9324487713647471,-0.48858875048350026,3
1.247863997801573,0.578245860538692,0.058508896883982864,0.013159774177343486,-5.37701406150783,-0.21026818368862815,7.65340502945894,0.2822408635719402,5.035945306617284,-0.44433233899856467,0.052731697209982255,0.8509431174909988,3.2344923461766526,-1.0678714509922895,2.805519990550904,-0.26874887644627776,-3.6495918446876963,-0.0822196382610393,-0.7742613435232752,2.8628273038352985,4
0.6326833769689787,0.9654497647549058,-2.865300273828066,-0.39246047098404113,0.5449022543797752,0.24122526681515924,4.408518179439229,1.0202987110214776,-0.7182456486146217,-1.636008579151261,-5.345636930600855,1.503548809319215,-3.408024676554124,-2.773143248197594,-0.2496691388620842,-0.9289871779318177,-2.9450097041163126,-1.1783086102152107,-0.0437836655186552,-4.109643241886758,3
0.49264796952469264,-2.4632019719960514,0.7635784237148697,2.2236036351988937,4.11087027675717,0.20986921710529222,-6.733092225886749,0.14334928535854596,-2.9501490723438692,2.4057542736621467,0.5363761254565192,-3.8411892109807435,-9.416858414098233,-2.626659909410126,2.680227860975619,1.410087657122684,-2.097566071706064,1.6954875051353218,2.788387640314142,-3.4494181427696904,0
0.5562332149922884,1.8193124844635586,-3.1444385412019344,-1.1259708773279709,1.3133700042614656,0.6225371877449236,-0.9993520100543073,-1.14945248173205,-1.4638517688092754,1.8101470166300955,-6.858325288260527,0.2038990375768579,-3.598704171008265,-1.3590846309114328,-1.6349725273277345,0.12163690320006948,-2.156917043043993,0.6835225305709535,3.3632373445429304,-2.238989677735652,2
0.08971358524210456,0.052231050051488204,0.030645185763341187,-0.05687146222483275,-3.4156908438659133,0.7741277514961679,4.780074508576181,1.0632771532950713,-0.9432240082883236,-1.2364090633099685,-1.5342738435981742,-1.0305087966195656,2.3588473346507572,1.9449674408929147,-1.61389889640735,-4.438112254285336,-0.5734483859522409,1.0147100469870254,-1.7580273532359563,4.3191021054072785,0
2.033800049569428,-1.2044970096895544,1.3875427290976288,-1.455303943366817,-3.624191118607529,-0.09844380806988903,-2.718286792768103,-0.5621091941596001,1.4768331011812825,-0.5618978302055627,0.7578618619947561,1.8064794792580736,-0.7181853328369326,-0.024283068886610026,-2.244433047737753,2.7934457349255655,-0.12249028245247062,0.2027818683807691,1.9315614585487064,0.1596717192351249,0
-1.0845459099011128,-1.8885332040381595,3.7478748549818537,0.208340838471734,-2.5256288019323843,-1.3140811177492744,0.8800880507051647,-0.14440361871913576,-2.5232340011535705,-0.8299311200940614,0.10043707264232038,2.158895762458363,-2.1467317509204116,-0.9572650436695042,-3.0830062734522343,-3.0838783680399198,0.25064534534826644,1.305955984797965,-2.0266693859567497,2.8756575200483248,2
0.2955587255237951,1.098619601849296,-0.8904140470694704,0.6634429638248038,2.382705623340602,0.9107423536477182,-1.8042912388445438,3.5047390736172788,-3.5988878681905225,0.17014198809862008,-0.06698251766942707,2.133663504054034,-0.9403670597048448,-0.9612966373203039,-2.6464345530710442,2.3467408257910227,0.5463239164061309,0.24996023438159998,0.23938484250182845,-1.17158187983963,0
-1.190098355087061,0.2098580065757728,0.9101057703694982,2.9151369484465466,2.837442656336988,-0.6390520523104248,-3.7999915426082516,-1.0703189503904422,-2.0737487708462714,-0.8836673755988683,-1.460901441367561,-3.313669621656665,-8.04290347634853,-2.5095168577727325,0.5528088329894569,0.6911742278077504,-2.3424646687872492,-0.7854156279336412,1.6191050955223227,-0.49747895819763444,0
1.5168380958098062,-3.1661592335254594,3.661357309089518,-5.825125674276372,-12.37071764559057,0.7689972664010317,1.8711130609726183,-0.8152953022738161,5.064615141695367,-1.220720172386867,-1.7577225871571627,0.1184219104392159,-2.5375590072799223,1.489403811775497,-1.7885632106438825,-0.05275779290910987,-3.1232019829301287,-0.741933259114132,-1.917552125917461,0.4533296184236477,4
1.5290376502422087,-0.3285646507092639,0.4439490321613947,0.45875772567982054,-2.1736169625988624,-0.8161517957008269,1.1597826270294136,2.1087630324945614,-1.2604471247366664,-1.2288691798619271,-2.4112963297121714,-1.709266919420899,-3.4342698522704302,-0.4726967139340177,-2.486039823270099,-3.057818879114348,-0.8636745889526997,0.3809887401339326,-0.1538799529212831,0.4521342101511341,1
-1.8935028677672354,-0.25558519950438474,2.822055893719778,0.2937313774929391,-0.47321888142718765,0.07390186759904273,-2.893535185745305,-0.17667344088096337,-1.5897404920047962,1.1625214498488576,0.4245609085012273,-0.4376050098756503,-3.487471156021768,-0.5507180214950673,-1.1312234458069992,0.5734081317192856,-0.4807697545624485,-1.350675971433337,-0.7401232157499869,1.6399467611514706,0
-0.40927984174032844,4.428592880935658,-2.662968493670274,-1.3092606902345771,7.383138846949349,-1.0867400716293774,-0.6335112653240226,-2.372833142164186,-3.9015372544593356,1.500243280444373,-9.715590090454208,-1.1268678047089358,-0.1312513843956942,-2.755269329692476,2.470581468497603,-2.0967631279567724,-0.2506244388614025,2.0643241912263774,-2.3901632947178135,2.1323516128703908,0
0.6826383820923931,-5.247373855771866,-0.12995124163350802,-3.017865695362295,-3.6812829300782974,1.506426596258796,-4.586598571724004,-0.7122232749142752,-1.6131599605054978,1.3364115250398851,-1.4333286475574256,-0.8001834350670117,-1.9755152833766008,0.7428068246720885,-1.2508833708052554,1.8102594198323865,-0.21578165124221982,-0.7162798135542865,0.9522590825730839,0.1439521713612646,4
1.0078683541915205,-1.3479046230302343,1.1843977604776594,3.0149982223349774,0.03925237606612365,-1.9057372056918498,-2.2146393206230677,1.33950469818564,-2.8754615817493248,-0.16338501805032468,4.297941762571051,0.3481436838631917,-1.8623792465396949,0.6240648539219518,-2.714263785120373,2.6656019309282275,0.05086972090986541,-0.6543701519743749,0.6275028000657898,1.3058662916189694,0
1.0705335735578865,-2.507746526258596,0.20537538385448717,2.384013095076523,-6.056877693692543,0.6542407547832082,0.1187527740932854,-4.8655121815323445,1.2328143575271384,1.607432550945298,-4.0398425422351085,-3.2955024071256833,-8.978535534803443,-1.4139519034780328,-4.355674782099584,2.1512788860671637,-4.310284915801868,-1.1244764699534253,1.2742616719202826,1.2725422216271838,0
0.4268271222856313,1.6681349549111475,2.9904145134697213,1.2322193497238614,-3.189393573043382,-0.18903608269240085,-1.3445456928706105,4.19637373622916,1.322875161360194,0.5004489664830519,3.535172575953488,0.760728855137927,-2.794026399166222,-0.03749512310406833,-3.8046485480913663,1.5004056152359753,-0.17778527828528212,0.7370554217055713,1.4912759359526255,-0.5500957108845341,0
0.6385494426361481,-0.6355363381653352,4.211780349578069,3.0107813276322903,0.4774955932385419,0.8828891292315729,-3.03534046882549,-1.5550883284679529,-1.689802992244051,1.476593164493259,1.2624867091887213,-1.4595502198972754,-7.695849503360269,-2.732290785850303,-0.34028041189578073,1.8074964083765521,-2.055015855448196,-0.7329051794629308,-1.5664798890981835,1.755033856828344,4
-0.7783474096411247,1.9753208221743699,0.1316970183485563,1.2635605479139163,-1.091110985406438,0.2929728822021668,5.186119093230273,3.800140776725118,-0.44146822079935877,-0.3641042088884814,-3.5087844704468383,1.293391414387759,-2.396652161365779,-4.451204678131921,-0.12098014087697262,-0.66513089734175,-3.2212010114177887,-1.0875522704108378,-2.135035332493936,1.2215570100493354,0
0.04418049364936331,0.5044246868721034,2.105673184288909,-2.25231601066125,1.4413023308461694,-0.17885810394093826,-9.035376950458957,0.42965806753455793,-0.8389965447703522,0.7458785015464382,-2.6449651402766854,-1.1677620680865752,-3.557311406762702,-2.590159456287112,0.18906427873618203,3.5801728778721102,0.7975315992154517,0.6186221740984296,0.7697726709974895,0.9690003454252742,0
0.5409498046270919,1.9534742620111256,-3.0243480029185785,2.9807148765189466,2.9561343147758508,-0.7093621573131672,8.779604853505516,0.46013010710451274,0.9350120466149745,0.9979033696763773,-1.301406987627327,0.23581119601182898,1.6587146552664485,-1.7473629523568959,1.6723074543742913,-2.8262341687964305,-0.3933801186543069,0.08211487080059691,-3.2226609319622366,-2.3641753780190866,3
1.0933845517768621,1.5407883478867141,-0.7575964216864874,-1.9170271873165556,2.50004496960511,0.06224436735767811,3.295002654387442,-0.08272648072688527,-3.724649163420105,-0.6644440276632378,-6.175668147372677,2.885240741274944,1.423497287921035,-1.6472863509174487,-1.084067793569946,-4.816475441329058,0.9377224168773062,-0.5648613533783249,-3.0640964576891205,1.0747051544721116,0
0.4977039582181344,-0.12681349855124568,-0.6100710719736984,2.0870699075471038,1.048919722974784,-1.6422901956417828,3.2235970060813575,-1.0679552917037363,4.080481075072119,0.7419696447833772,2.654858734519151,-0.2215936906984466,4.45459150557945,-1.111858938219953,1.8080058466367224,0.4269373484465271,2.860530644035817,0.9889220147678934,-2.587421271730453,-0.3081683964028702,2
0.22254775222043163,0.8199383054310816,1.8575081065230097,2.9628372777551877,-2.899777342071611,0.4842250883273503,-3.087299115686425,4.615323876662458,2.068765905563139,0.09605043714712716,3.1167377075016742,-2.927552574286219,-2.842866902098671,-0.30188764625654263,-3.4964991803087013,0.2922431906031624,0.7665744461521795,-1.6596173508051615,3.8663375973789007,0.8122249023561174,0
-0.04362453249466674,-2.745098923830394,4.622853783748221,1.154997485260074,-7.9240498096365,0.23867518127513648,-5.288851867084318,3.7610485692201716,2.540542410391158,0.6513600490089047,4.434901206344946,-2.8413801739435853,-7.933108411023235,0.2629456779327486,-5.49174364856847,2.4585933321201114,-0.5913194210431245,0.7611380783377651,2.7576727405197876,-1.0756977142762816,0
-0.22951473706066583,1.2597909657709379,-1.225672830261158,0.9427022956159237,-0.8986578666560412,0.23699306108848897,-2.315315121123487,2.5072780496495723,5.1519595141857755,1.0348722659860625,2.628434514885998,-2.147227484647449,4.601753270997922,0.23699782987124685,-0.6379893873052698,3.025927437248872,3.6582449437654736,-1.0947443951704192,1.783355891732768,0.10854849156535407,3
1.540130669860402,-0.008626670871061615,1.872272808582578,-0.813585733783311,-4.439881301815847,0.07207904009235196,-1.1138028674620124,0.4139692382505765,-0.780845125053092,-0.34304741864405286,-4.793495790263321,-5.109000245353194,-11.14803287799052,-0.5922504894295508,-1.1331645892351925,0.18441208179890278,-5.730924522900002,-0.008383448029862973,-1.31433215311458,-0.5530853722634761,0
-1.9533247308551869,0.2746328292446125,-1.2477346304943358,1.0466994706938415,0.03104123432911464,1.4949790135541157,-0.11617883587640827,-0.44631147246822334,-0.3265810260461206,0.06125074715436401,-1.4702439233822489,0.6475410979008609,-3.5861085148392693,-1.3835884592550556,-1.3150663518350771,2.127012165957316,-2.100206224323251,0.6730937241992831,2.0348893347976,-2.073105388015194,0
0.3115862695479864,1.7353369290099092,-2.594722943035367,-0.36564296142568686,0.458105747351352,0.7059069394978287,2.3514866517157627,1.4409228408822474,2.2168113390454165,-0.4432520583861497,-2.6087222380025348,0.7396183396550893,-1.2298827627736526,-1.6805781304121887,-2.0706289801137263,2.3832421119775757,0.911320654675672,-0.7148572302876222,-2.3673304373130755,-5.82804120378994,1
0.3893939267600361,2.2673364747483764,1.322466338793909,2.704455566871708,-1.1426931272156382,0.9862581381923934,2.510488810873513,0.18047008964190592,1.0042422542556513,-1.5570455318768548,1.3998572286883302,0.2354124392488084,-3.0474211085557665,-0.36977593226487226,-1.111623484721114,-0.2904395637942694,-2.652743435913027,0.7193692370702077,1.5176901826781801,0.19061906330976375,0
0.38144870096370254,-0.3939080561341459,0.09507377955995533,-1.945432220442818,1.8799579522689571,0.23030416975636636,-5.891329703171962,0.08903928681655027,-1.0829384905686479,0.4844988581727025,-1.133123465050118,-0.2615987857118671,-2.1581527215025424,-0.7034604002069791,0.20042598969791103,2.7624477122021993,0.8756561846951865,1.066836955641918,0.7465178404404222,-2.021842749197522,1
0.8603393329406418,-0.754999684914962,0.8694740062726566,2.353656453189396,-4.182711122393512,-0.6372574946025921,-0.5372520425919745,-1.1425253499357382,-1.4172847643116615,0.10891823324467338,-2.110631973067297,-2.866465014641659,-7.605424377870351,0.13400005918386526,-5.490870188393775,1.6012626505347107,-2.7353760739729918,1.0723279007441147,-0.3851180756001302,1.4426862383906172,3
-1.313800871074172,0.1982326602548221,-5.236161929117072,2.056507941346233,7.564510947579893,-0.34178313826854506,0.7340478793559543,1.378893161141696,-6.111182889014742,0.23054883822423747,-9.857272071901255,-5.261481657136278,-2.482682540703976,-3.9375412272483272,1.9822367332141368,-5.776152739221179,0.28251372344343095,2.425230023470288,-1.1453401170247013,1.067360760173286,3
-0.47179512474521895,4.277520492628025,-4.2141803957747,0.051503106224347506,2.5524763307711456,0.7645279339278055,7.507836876459194,-0.5394053643925643,-2.192409476760334,-0.07285490640904918,-9.677744974797154,-1.3815290756079457,2.7718297250381903,-0.9390638602635747,0.3277199332874774,-6.441085014006179,-1.2708375807098962,1.32337947890056,-2.2880398021744757,3.605432204238337,0
1.0270702477301241,-2.19902987138042,0.848750967365157,-1.4513882960157933,-1.4149801482261812,-0.6677118740849867,0.4942946207079525,1.3622473422232462,-3.817307559045532,2.1004609089505193,-5.69197331148192,0.19666797756384513,-4.4129613805343375,-1.9413501060644687,-3.4297942340302616,-6.319765379530741,0.34464079084768606,-0.014223395806873939,-0.6327894345093694,-0.1295613419123922,0
-1.1357025796379074,-1.3778558788776958,-0.11427973066791397,-1.6917140386042306,-3.259379355406297,1.0441400069095401,3.6783710639205376,2.022013338405487,0.18358619952294597,0.008694620400793256,0.12289136078029363,2.697774295806857,1.0299193692128046,0.09133721757701885,-1.0081684763406544,-0.33509319118543646,-0.7587497835500248,-1.4521867585385932,-1.5849913725783527,-1.3592190010143241,0
-1.0261581358630567,1.5553722277856399,-1.9304597726979602,-0.7242321900859587,3.468719353669698,-1.9702537994190603,3.9157235931606795,-3.1400333500296664,-3.297819318340788,-0.14272789316753093,-9.1585434681981,-2.455383712443212,-4.822975098434799,-2.552156650645159,3.0835067488164505,-3.020645536185674,-3.881717787798602,2.2626328084715377,-4.800291441653378,0.14446389189739994,2
0.10157696774178945,1.8659687955047584,2.2120344732579964,3.7672025200446533,3.68869930441092,-0.42035962546274214,-5.095708215287298,1.1539286632557995,-0.9790645659871727,0.6137318469757057,5.301908033295269,-0.705215111833698,-4.0687286864765495,-0.08084268800209726,-0.28398408526151153,1.6154012298069513,0.016844941134832148,-1.034818156592341,4.274821960491653,-1.3654896186140064,0
0.1614137027544375,-2.217011444123292,2.9669004123939295,1.5168420673538745,-2.7002358726991442,-0.5798789348216229,4.595093883913927,0.3720374772200796,-2.7750929750273023,0.7277334985919344,2.0604478622256486,0.41692893939275333,-2.952420398537114,0.5353683673067238,-0.6399667619053793,-3.2920385486117567,-2.438494405285113,-0.6716953577808804,-3.4932452386157946,2.052855224119677,1
1.1676963115112249,0.09035770344391869,0.32460318094349316,-0.9879965028571791,7.281744325998698,2.08091386444133,-3.8340394298872744,0.8097059989404465,-6.348332741207827,-1.1427991427659427,-3.911610687040797,-2.112694195098471,-8.431548944449602,-2.7656659343421337,4.246253201759097,-0.3275387444740744,-2.4482747694109617,-1.0964869005194846,-3.3362676192872236,-4.050251985820404,3
0.20710241370015867,0.6671961352715454,0.6808294382003041,1.2964835938786512,-0.22183252425102956,-1.0602045728190561,1.5113242568754164,4.33034731901557,-2.0400104839434663,2.159158089016733,0.2538846312964845,-1.2779090690602333,-3.884658361503116,-0.2598577019521481,-0.9755114188465502,-2.447903285271731,-1.5685942225882261,-1.3232004572528957,-0.20115038222431247,-1.3049348549109974,0
-0.801442293830075,2.386097871448811,-2.3583730014259663,-1.489624575439648,1.2299143787092581,-1.3950947069468786,-3.408898073896632,1.3398820306678774,3.7182884887860808,-1.5110286883918447,-3.6860186929285548,-0.12234144136992353,2.2982468274059107,-2.5366143918479214,-0.4397051670806905,1.6826594055175357,2.7225018951533375,-0.4820195349703568,3.3302273410668923,-1.7409528047911367,1
0.9904537454467832,0.8632025846898228,2.468775178655866,1.564565034939946,2.291744310052772,-0.9490136313405898,-0.5846646289136737,-2.3877999813165847,0.21253446809522702,-1.0655743101860848,1.6316216788531182,-2.6021940835798847,-3.2940963235843146,0.8231407290523263,1.2181904582262721,-3.070295259304258,0.5377828807362094,0.23665456555291087,-1.280723715279852,-1.020136826237341,2
0.8065775676225382,3.9383687715587445,0.8787368158932107,2.222083388611015,7.20693925746105,0.01739125774230765,-10.517713502662387,-0.016726520284270574,-2.0146994675767784,0.16570164951966182,-3.3889257246667994,-2.858916678371148,-3.3506241310299445,-4.286210626842139,-0.47911046829770776,2.8788588336496335,2.6471009356835733,0.1990319032948332,2.735795719569771,2.961801872519829,0
-1.5820325775681554,-0.4464826115020548,0.4743167017568364,-1.6037166393599676,-0.7228959440023777,-0.09492023943085592,-0.29778004662555513,-3.250371676382369,-0.7528385367068241,1.8825953030555844,-1.5632543872331375,-2.1411048050023744,-6.391722385973958,2.9291660478241845,0.013779998282270833,-3.1138429026450583,-2.692636949635194,0.19813560818929982,1.254001341261591,-4.416293783449605,0
1.927190012216444,0.6880962563041588,-0.08260440555908466,-1.3942907842950594,2.0942725310547328,-1.617859977988405,-0.934706983427125,1.6505210488154276,-2.3485573048957447,1.1565368631926154,-3.6331154490594386,1.4051295760720603,-0.863835772378012,-1.9789823553189738,-1.6135056178739462,-1.8774520544156075,1.7938172915098844,0.20943832091834091,-1.4273237758460702,-1.1520516016236346,0
1.2849244782753018,5.50934973757899,-3.6531911145275044,-2.2131699633478976,6.959214884512907,0.847815919455776,-1.081597922562539,2.874046565103235,-2.7502856475156605,1.4898273451730222,-9.768696107199753,2.433281026623498,2.914658369780841,-4.025385003780775,-2.267636355203801,-2.976393754557783,4.236292701086621,0.3765179781009477,-0.3237921080264333,-1.134566197354666,0
-0.03842490890568287,-2.0416939110448795,0.0857314181131047,-3.795706185123698,-5.266084513047002,-0.38962910029823467,-1.9002321424852135,1.2333601723297911,0.8868751613498383,-0.7530183265974213,-2.8356162294409457,-2.5443546193841615,0.7409544702909449,1.3126285961657596,-1.4743507680383536,1.5286397206623359,0.5555402017906741,1.135831450569967,-2.907659323344575,2.124367637354033,4
1.086170107311254,3.0088869092635373,0.8234401510873491,1.0255579467763092,-0.47200483909521995,0.04262440442227257,2.338478832945024,0.0863394633452148,1.2989400975794902,1.210221031517156,1.4227573879604878,0.2663568233439193,-3.136284403637389,1.5382271920606287,-0.8084462029378428,-1.6096717470201138,-2.295090129197428,0.33749901326902904,2.1582806842902533,-3.005688739937538,0
0.6319117536302533,2.6397362183490567,0.03467209449719799,3.3687815643070773,-1.8648048207669197,1.4503620284890586,5.8263373159453815,6.109276109910207,0.6176696974504368,-0.13157034208652155,0.6771781694490377,0.1449004737881261,-1.6145862808318177,-1.3369431139008217,-3.49541021164299,-2.9744858470630877,-0.742141728908736,0.2674270295974748,0.01838816762585682,-0.9584701217841269,0
-0.06307949839117187,4.22527290956025,-3.2368052222323955,-2.4169618693225186,7.932036103611213,1.2296290791230549,-1.1290297155507385,-4.656573260884811,-3.230905560677944,0.8626470419564917,-10.5296239307552,0.4377237497677904,4.50942564543604,-2.6391379680810827,2.1305759808825315,-1.614362232066103,2.4186847576067354,-2.0305347434111782,-3.266007773854989,4.119881930956472,0
0.5979571853404636,2.653929661002304,0.02774623829157241,3.707358037332429,-0.7387581632074268,0.7451511894358629,2.3482178064548953,4.306294137006085,-0.5871366521248707,-1.1285981014571282,-2.2667380461299524,-4.606036991609489,-7.832093845973583,-1.910522614645628,-1.1417458075253681,-2.0382739630770637,-4.089991732047304,-1.059294083433389,0.8573380121086434,-0.5741978939567127,0
-0.21364024682623683,-0.756487135195373,2.4262561322455265,-5.596778980783336,-6.572624744258021,1.151022378201074,-4.831633134071013,-0.14503137144133427,1.8773726117260123,1.339434166590949,-0.8506814382201635,3.017080423848433,2.6198484951392187,1.3525349501160253,-3.6345759367851636,4.663404634724422,1.172750652351537,-0.42690868711704577,-0.22226969395116014,2.865598486866412,0
0.3067825358667028,2.1818563760556016,0.2988635380124812,1.3663552197575262,1.631981489998855,0.6972949285228497,5.488789364088403,1.1984694499240434,-2.6162547654780464,-0.10647431827624491,-2.8222233809432216,-0.822533949391636,-5.073396350524367,-1.7287441566792583,1.7960048625500677,-2.289109071435111,-4.371536262942869,-0.9363905682856924,-4.054579380014002,-0.7966120334002418,0
0.5898810328369343,-1.5711765569520137,2.259554877758646,3.2803265821210466,-3.007139471541952,0.6529122622132156,3.77588258079629,2.582192611928282,-1.0297501764319763,1.1171037915271282,0.5094564571779318,-1.7203856448072372,-7.153733823686541,-1.9812825145917903,-2.019245092292679,-3.093190085883685,-2.760904410894156,2.0264561310895752,-1.4384527287429787,-0.551849304188317,0
1.3649923683502012,2.5525924690592263,1.316771065228788,3.298766254206225,0.8221495070538856,2.5261794491448644,1.8377102244163557,1.7057731703221215,-1.3151598363959534,0.8107593597556704,-1.4952672503787545,-3.5110880263960413,-9.395590148094305,-1.4318954721630262,-0.3315128085309005,-2.7614329528874118,-4.275232038792895,-1.0143171809792118,0.39426060905444116,-2.1043138174729674,0
-1.1588145250874216,-2.3579466419295905,1.5843971680129711,1.4127198258301386,-2.6691345566285833,1.1925199800399207,-2.2451852043580764,-1.0997586878123982,0.35461372316765694,0.0489732731980227,1.8625016167123307,-1.3526812424620926,-4.634855367280005,0.05905143425827375,-1.7962336804564778,1.5339303684615007,-1.1633647602688726,-0.08867378366285052,1.5117977973458019,-0.41364194865089565,0
-0.5586532027475263,-0.8996036869385309,2.2352891879326258,4.280326501620504,-5.31050432429285,1.9741168171599357,1.5597941873721946,0.3679234413048389,3.003245001498886,0.22659462454430965,0.11890854464043647,-4.079612887799385,-7.311661467517914,-2.3274954677187245,-2.9989798849838607,-0.25158759769718475,-2.5454107606622545,-1.606435856468633,0.549265570149998,1.2938765875081477,0
-0.8337603463990415,3.5118310955202974,-2.3758481209756237,-0.22831478315352927,4.560673190824967,0.16609053926664036,1.0616582501741418,-0.8283730465347192,-1.4621953109556032,0.6972258912326597,-4.4846056062713835,-0.9046857136710644,2.816750657613081,-0.5115088007517515,1.9289277890638585,-1.4218893336053189,0.4253263705620163,0.8672206962914901,-1.3281368666968856,2.023506968206708,0
-0.8798609034173346,1.8860686776062405,-2.59307010991641,-0.733795059378126,7.504611130159951,0.0107888127289259,-4.806978663963118,0.322871098805949,-5.067067549612095,0.8437599628684784,-9.76618916176954,-1.616765720719123,-0.4547425476357786,-4.081508058495078,-0.8321375634264199,-4.302015483982741,3.7527261247437824,-1.4066318740320338,0.4473396537763896,1.7610111019413235,0
0.9905164908765058,-2.127195932853794,3.426600530716491,2.379108117695914,-4.29899514072452,-0.19303151742147923,0.575471080209425,3.542234225256896,-0.4221604859758681,1.0219912832932159,2.7882168120517874,-2.606551283149483,-8.751758932081847,-0.7221205042688879,-1.8695248233300692,-1.0813115636126887,-3.192666346667546,0.8686244400634743,-0.24529577546469727,-1.7108356415689632,0
-1.871553237699859,1.7553668074596005,-0.16810197182546016,3.870684110311604,3.7593547371276483,-1.7330938529835243,-2.376026968149348,2.5115830893949025,-2.8864537478524404,0.2663193485159318,-3.4800384659392565,-6.996877237284927,-10.93420083312277,-3.115141151032921,1.973793469171539,-1.2520248377293441,-4.2967374808995515,1.4407426944787047,1.1870384815658794,-1.255103275902628,3
-1.1588140214143121,-2.670669370794276,4.7876788778057655,1.536212189492471,-3.313254004091366,-0.5000981630877018,-4.444440911471274,2.175396129601763,-0.9412391673646743,-0.03918702075101654,4.021795197079613,-1.3351994417059028,-7.237657634290931,-0.6864247674917943,-2.806409426558413,1.2584812142570665,-0.6728875899703044,1.6534979115506607,0.31433901516968965,-0.16604767183556812,0
-1.807915425284316,4.648038268729888,-2.6004788178771086,-3.0238810470760527,-0.536678635078604,1.646718722311602,1.2247733179772229,0.11837190433511002,1.631114733575005,-0.3349858763613567,-6.889668180798225,-0.6855255164191671,2.911605717983334,0.4584477004414116,-1.264077383652226,-0.016827795375428556,0.1902394894141055,0.10633920688433207,-0.9532081566604356,1.2574137497905706,0
0.2867047128859801,2.618482950034898,0.6850104288147483,-0.07262699192777955,-1.8377237083508817,-0.40869021434895747,3.611587854065062,1.754689487062802,2.1610600673199856,-0.6935078253421025,5.317798470326289,5.670088639318185,6.25772830187865,2.078893094517595,-1.2901490019568675,1.806683127623999,0.34242122811264686,0.16929422476892492,1.2601394200779623,0.4178251426386881,4
-0.12881602330058578,1.533663006944217,-2.1107291983188663,-1.9973705050929955,0.1701037164722541,1.1899429291472816,1.703513548315635,0.1528838343928811,0.9248781092931038,-1.8778246086131056,-1.982568628833995,1.810850396234483,4.134231624856549,0.011131100915982461,2.291466820041422,0.5507250292733687,-1.2520921229547275,1.781383143429005,1.5307179780905393,0.8800737953292678,1
0.1626706066442845,0.02288262417882303,-0.1298524775297285,-3.3807898369433467,-6.013864485583078,-0.5837963658540882,0.30752484611734304,-0.24051103012412756,1.336937559930674,0.6797437943734773,-4.539480394146956,1.2050072836106902,-2.1172497909828767,0.24813500749368056,-4.5512861207805795,1.9558348187006298,-1.4039741959712548,-0.4861731870638999,-0.6146256127935359,-0.5230209888706443,0
0.2705937357610579,1.9571398677059784,3.792323329943573,4.19605041923602,-3.2075624940495486,-0.32339656488855784,-0.8414493289715348,3.6880053269109,1.028046977498418,1.3222839413354668,5.080729479528928,-1.8322500673886228,-4.577586725701727,0.007959704663083711,-2.872014016420801,1.911760036975505,-2.0629617469462773,-0.6820371272036796,1.4392562321779727,2.2866035994006446,0
0.008919871847261928,1.9254792263042952,2.1436265682390845,2.861779700642048,0.5323457514314313,0.9196073816291506,1.2730144758424595,2.6739130240158038,-1.1100356326272924,1.4958385998840622,3.6059302370622373,0.19032677039490675,-2.9410979745886356,0.05107532146807414,-0.23801801731356487,-0.751034453771827,-2.042539721559137,-1.1059771787150485,0.8887240375526796,0.018341462460427227,0
1.4047902936677858,-4.56222557376633,6.553237599943559,4.723134529697173,-0.2628241482063058,0.20190929371434824,-9.594918544443766,0.5888865339893377,-1.4101730370687051,-1.4778438261315525,6.256427442474572,-3.241286672909753,-10.847503140916618,-3.468926305722907,-1.5890038402923412,2.8061679509856297,0.4166344085607867,0.7529134664559394,1.7241693177681654,0.36080182402773264,0
0.9613324357067675,3.764768994806772,1.2375422438251353,-1.4289740789726775,-0.49946948473724984,-0.27696385412026164,-3.0118798061485137,4.474506162538239,0.9593272335719687,0.6821236353829301,2.398650738901001,4.948031953372147,5.11469990117869,-0.7162120893950691,-2.4683202679151517,5.649526726985821,1.9499736544449617,1.1804903685806785,0.8424937823835026,2.1189061541392356,0
0.7452391378616683,-0.611710831178534,3.1111971132089145,0.8472896772684351,0.07468205657831735,0.037625544399826266,-2.512662940893524,2.253871046443643,-1.891046967307121,0.039793451640505885,1.3150663485852687,2.421720158961917,-1.6438614991177392,-2.0380818864425656,-3.612291635742647,-1.3995433688780028,2.5424355128210183,-1.7103432667592235,0.1959346060344338,0.6658579078826797,0
1.2814740528153037,0.9746509426595552,0.10447389873360591,0.2642762249429853,2.737612192498186,-0.3522533372352613,1.396968454412744,0.6975788158414464,-1.2050826932242356,0.3300315539332965,-0.30406215804449815,1.8644141806266088,1.099120227644975,-1.3729859834563014,0.31717854525810996,-0.9217165299009344,1.2929879783698754,-0.2728420071646741,-2.2175445267226914,-0.646250691199133,0
0.3102422173213779,0.9653739087462704,1.4212232964740434,-0.7019578273033753,-0.2398712399270434,-0.7648259290027293,-4.748877977026903,-1.338249158572662,0.2057548007169182,-0.792986653870211,-3.2579144596007246,1.3194631136402144,-2.2937084523925977,-2.6309303997974944,-1.6846270342949072,-0.22236303015044334,-0.12262111421097877,-0.9980309419713218,4.902645503910515,1.894197422862582,1
1.1109637648570587,3.9651951231054667,-0.9461662198191543,1.4333785678549256,1.6564709608903587,0.7890312063302195,1.670455093858675,3.0869464319642965,-0.04949230828152862,0.6749363322737297,-0.01804445336940246,-2.0874710183582392,-1.234898704465365,0.38004716148992945,1.0582886008385985,1.0202349999744755,-2.091418511616606,0.3712918813182067,-0.7470894064920162,-0.6331512882954815,0
1.3619426631333937,0.24099379554201594,3.5195649768045167,-0.36592109927520156,-7.274620697528485,1.414686018023137,0.02993434007637271,5.696832319254829,1.9117137387751781,-1.824164164891383,4.765388098412611,2.744862984137356,2.664439101996533,2.121670626248438,-6.979647773103721,-1.0036408553199025,2.633524863226201,-0.5076924245523271,1.831648207072334,2.1449584977372798,0
-1.109283644262149,-3.0218762772269336,2.8478331600004596,0.1721168584072854,-4.985683603194414,0.7613946575648367,-0.6654432460787889,0.40640158969809015,1.605961527684543,0.14079553020706587,5.541856712903088,-1.2808867955067673,-0.6095317116864344,2.358767407363715,0.699267867849573,0.9923815509194774,-1.4972180974379108,-0.34062926852484704,0.6750073180125451,1.6631261195756963,4
-1.3995826658270176,-0.19769205987247984,0.32216596187044444,-2.1200215425355764,-1.623182163812333,-2.143969306643276,4.761220545508274,0.5295859749727831,-2.433242640494438,-0.8030681429096495,-4.512235945225381,3.9714157535074843,2.6052548592939746,-0.7048443083047322,-3.633800876416343,-6.1072863457954405,1.773919663978806,-2.1659965672615904,-2.5527475668650625,1.8193397484008702,0
0.323838903878085,2.402845001570638,0.8429807557595496,-0.6545160893387241,4.366413293623474,-0.06897176269235558,-5.545100285367738,0.8079239933026081,-2.400751932289536,-0.04721073783058426,-2.188903165042906,1.5004397811615844,1.0807292015671155,-1.9598116494074689,-1.619851054281978,0.2729507424064639,3.500652521037151,-0.6797925329457624,0.5927608774663276,1.7192362444628126,0
0.8497309956221186,2.9283705020378497,0.47959467591269933,5.396273819421596,2.9287363181696398,-0.6047807860317715,1.0349103049753596,2.08921687912495,-1.0760289920627002,-1.0458163185834688,1.9375904742849073,-1.4654691239838233,-5.231664838258328,-1.4964163715618393,-1.4809366460637352,-0.3560392864178048,-1.4355486031019176,1.2863148690981667,1.4024902340456178,-1.4809513862259216,0
-1.254289598910707,2.8368956966066228,0.3309429862167049,1.6126920738000816,-0.5421040021674756,-0.6769143601514702,-0.6035954997237848,0.9940626464545099,0.4874100224768263,-0.278713573434405,2.156328561606399,2.4959725526717658,0.3322851032775452,0.4587224830646721,-3.565251195841409,3.226009788662706,-0.09933763903291826,-0.49695548156948743,2.3202496379439244,0.3045314053082677,0
-2.6724831036520977,1.7237293966208591,0.9574797347996626,0.5381469612389841,-8.370297357288587,-0.7000681700193767,8.958641078128654,2.529918152731325,3.5840721431163045,1.3833962226134822,1.6198785619794245,-0.19285676324923218,0.02389881642865003,2.725182640649138,-2.7480434970066465,-0.8857197260020274,-3.820664616721434,-1.5330131113204595,-2.4501688043370122,1.0680176154790422,4
0.7738725049127297,0.05689319663900627,3.3625610714206067,0.5582472712974724,1.4880474734235924,1.1426622829157422,-6.7508812893096755,2.771504546409573,-0.08969240046843086,0.7333751863632832,2.7506756067345965,-1.4975126602205826,-3.6731703057153124,-2.1793240659433692,1.4693877826987007,2.3059177626172302,0.4372604997495806,-0.3399685048591044,1.2891908865866342,0.08747119380698476,0
0.057289680656636324,-0.6387218464937761,-0.6749023184061109,1.1241797595402656,-1.881756070065435,0.02355367751129097,2.4986060874412916,2.505737901204812,2.7951951998586244,0.44763598058784126,2.2209328363539513,0.05626385750557916,1.9370378482173698,-1.1584868358871945,1.0744988695801179,1.7353279798868344,-0.30656067855922786,-1.3358716445455892,-0.17193944659603555,-0.2885819774923124,1
-1.3690413393043028,0.8810323622892557,-0.8848645659193013,4.965388215525572,0.6157722445708297,-0.444573986037075,3.250176530817022,1.3527733095876735,-2.054056080638917,1.0355188034609841,5.2414581465605705,1.2103705332603694,-3.8102794350020526,2.4350529024886356,-3.6580469293390383,-0.12546789551282456,-2.164141247199093,-1.4558182851505919,3.523781776838335,-3.937698261710059,0
-0.21149157875479935,4.86393186592966,1.1551271964165526,0.2874039180778166,3.0965615839297214,-0.910392712911492,-7.538658564804727,2.2496088772797442,-1.1319318245774301,-0.5053227824185181,-4.556160031545881,-2.256523021671989,-5.765693887421413,-3.17128765659595,-2.9390092661991334,3.2582231548511777,0.7171338126178801,1.5623588340829297,0.6686828046452358,0.2541551892723726,0
-0.04447107979044405,-1.1552038908728566,0.30276071157828777,5.2241983973076,1.8700084663256502,-0.8390290359061252,-0.855562192239983,0.9535509645894791,-4.3867526652754645,-1.098113122210825,-1.2463509559351198,-4.335280744874131,-10.177737294375369,-2.7475177864087703,-1.257609506388252,0.08141241665271781,-3.422672587796203,1.285092823747467,-0.37500501126557606,-0.13247914189376075,0
-0.04232590964298583,-3.6583282561466985,-1.8832758027184973,-1.3283124858069364,-2.1596612444662324,-0.29745121765773147,-0.894134593293276,0.4773293126248971,-1.2736596026719955,-1.472109706327306,-3.384351208250511,0.7170676519335595,-2.389097102596323,-2.270143148830006,-1.996519835918637,3.1110809961762618,-0.5107919204085694,-1.3385225220510168,-1.145033675943767,-1.6089196692217564,0
-2.660522995393271,5.285530704754156,-0.31302881237586355,-2.4910407423381566,2.550103938421153,-1.0661374021308438,-2.853173028084702,3.8443658106843306,1.0445282277200088,-0.024819622246128183,-3.0162506396509197,3.667243166906694,3.920474899505376,-2.7653059128139277,-1.9063117028987167,3.113443137590036,3.316433756498925,0.015291995295807182,-0.6287537926141185,-0.17820125837953116,4
-0.9669167496137651,1.5790670149044583,-0.4300842347750935,3.783633961653814,7.231951264175422,-0.953154820223897,-3.6412030608637678,1.157303501235504,-3.9804657488218127,0.587153766832767,-1.3491418057309326,-4.258628502693748,-10.173121322485018,-2.5762288286130444,1.9967047546592278,-1.030004682864603,-2.4029416958194556,2.0950506070663057,1.987381483357483,-4.705655746381741,0
-0.3237833302557874,-0.12258150292426673,-0.34592195146076365,3.326298987422643,-1.547713668673916,0.3536017327061492,1.1368034192395475,1.8561849581015482,2.359894909286646,-0.12295162796571171,3.227809578745333,-0.4843824757620254,6.513218320882466,0.6409309745001541,-3.2027211836627676,-2.6473412769432896,4.604977135749328,-1.129686884043241,2.6784728811319685,4.331307811183297,0
-0.4903114683832891,4.112681519567108,-1.5838595280250725,-0.5088082428300689,2.597485022742061,0.9043069312626079,0.5859692480268945,-0.8709924119568411,1.4937175344845266,0.19257950213937158,-2.3980212429191963,1.0612802158299162,-1.8079920633978015,0.1474234078142309,-1.0261168565019756,-0.9676439367840666,-0.06898362619447262,0.7523113686385284,2.425839526862093,-5.29057243102878,3
0.46561034402840196,0.8888289739184958,0.5723126667797486,2.1704838587731095,3.666085847449749,-0.36315047393556793,1.198861186091048,0.6767309787888889,-1.9181329383033683,-2.4961800219763663,0.8288864730730527,-1.8758629056133682,-4.585942975338025,-0.2940452926364292,1.9014642029231181,-3.3448512395857684,-1.3178695343187328,-1.0847262372915498,-0.30239295654994147,-3.0292774679404517,0
-1.3303952330879645,0.8276776207446248,0.03923408466314515,2.419900832667064,-0.7639770252378512,1.8002285381302925,5.449473019518092,1.711852619075045,0.37160297536692544,1.5869521108796756,1.5526471994954076,0.9359066293873886,-1.944744891676785,-0.5510145282861694,-0.28369134000894103,-1.7957320861054575,-2.292204251905886,1.3696410053828696,-0.04708224400731931,-1.894732297679948,0
0.20963008391828628,0.9411853629081512,3.482056004563911,0.6781174879434793,-7.152618801055927,0.4594612998204094,6.01570115842265,0.104005424330608,2.5196888201165426,-1.2025631360276268,2.7911241623876952,0.10220880156563039,-2.4018725319142,2.3929416947336364,-1.2385045315918317,-2.0528456231529613,-4.545525185663697,2.278336899957568,-0.5656209563179799,1.9440615835462833,0
-0.3704082785529956,-0.18228569951630313,2.111815390120932,1.3776584143981583,-2.4185325057880203,0.7399352865699343,2.2737638481347586,2.180955568106852,-0.5813451487349806,0.516814952030189,1.8934591459406431,1.2159379492362956,-0.22173870584786412,0.00043374855516864486,-2.8043001959823712,-2.270066798230399,0.3648245519720521,-0.2703753708003552,-0.6320804715968564,1.6835788670178378,4
1.5898141392588838,2.9760577596362223,0.6619854970187862,0.2292457083463988,3.6149154503163614,-0.14617822936365182,-3.0574052472636017,2.4613923120651506,-1.8337972027125906,-1.37924808371366,-0.8330581576540591,3.151964105574013,4.126564493286765,-1.6782363752536846,-3.1115540975561875,-1.5159440680879517,4.783063366867065,-0.4484061859687035,1.4134835344012724,2.515226977467944,0
0.034442388212760765,-0.3947401146438294,2.6955036708600475,5.57736233850554,-7.003672939477633,-0.5130683046617224,5.067511154397264,4.794805150421951,3.5168700316896278,0.6985023164459168,7.035097854917137,-3.3472154747176353,-5.324395418318555,0.8902877158962184,-2.5093977128454314,0.2675769395962695,-3.727367009766141,-0.29687694338181986,0.6101873620730895,-0.2290179198924578,0
-0.3385826735348582,-1.4725473478882702,4.7423748206016505,3.78552460408195,-4.232410353393801,-1.0554638614246967,2.4222606918664447,6.04697147290262,0.12619821213784554,-0.20778279038583886,9.042614024267436,2.2016743981478832,-2.3052039594614984,0.2037384931655346,-3.782972039340104,-0.9998572060735588,0.15406388464182386,0.6881533935806167,0.10708621055558809,-0.5497357001195702,0
-0.38567678210216516,-0.6274909415379744,0.7811733482315262,4.505148779668584,1.9257252352075074,-0.27544951334533946,-1.7767048981466218,-1.6208175320566833,-0.326814996651998,0.7293817350480336,7.408901031481383,-2.555504366632534,-1.8642174424085418,2.8331913717483594,2.342876552365583,1.111611503706291,-1.8871735392525553,-1.2400060286859336,4.208910890365665,0.14205308147966167,4
-0.3451685305811281,2.469373316315393,-2.3488399969652565,1.68139837950157,2.589163029447434,-0.2842307681114487,1.20879460462814,1.0960450004041142,0.1314742143826828,0.36953751672278695,2.8782580467724985,2.4148586209420673,2.671589850550285,1.3488214782507757,-1.7095476063475243,2.99627969339729,1.2138479940514468,-0.47839322734165307,0.9961497575875936,-3.0012029710912485,1
-0.6138234237205725,2.106634235901689,0.884052256084879,0.0593076034858705,0.6784205498554637,0.658586344656636,0.34009847954002304,-2.8002507124954406,-0.02515057173980839,1.0170556705846325,-3.531654240702687,1.915092091564067,1.4041655394359551,-2.014017227321929,-2.0272003563592484,-0.17621875031234535,1.340226199383002,0.3971513704009905,-1.7964438704874772,3.6590102928527766,2
0.08245702989758452,-4.193652080332687,0.6081201950052021,-0.13593512618335013,-7.043612196097204,1.402622953327437,0.4295710615842828,-1.2900404622560346,-0.6885644382313247,1.8088565317228078,0.9477672426964995,0.7859949263622796,-3.790326444250843,1.5203281521196814,-3.98840686585594,2.8824587408761864,-3.2604021649473434,-0.25742057768927434,1.0570752817631497,0.6756192017192337,0
0.39290783333463597,1.4634004440573454,0.649324343728453,0.3605646132170576,0.5935258491642008,-0.5191259997204939,-2.0285176557010893,0.31503585692751135,0.4302970866801259,-1.6426894821953608,-0.9671368371797628,-1.979585648140118,-5.353781349481444,-0.20886632422753415,-1.1284589456796443,-0.30554058455462907,-0.6607535539077676,-1.5688016350846476,1.0571874612726944,-3.3414882681723523,0
-2.0161888131376227,1.166906251778356,2.4423493335691417,2.6686759317678086,-0.7687374810575984,1.5537684003704728,4.757415935462084,1.6626791139551749,2.989280215066053,0.31041593521789196,5.27206555032994,1.2802941676048367,1.3021105692026131,-0.370306365874407,-0.4210178459825489,-0.7531325031084435,1.4552602227986728,0.6831883264593744,-3.433293151372972,-1.11738221195691,2
-0.3847025084751059,0.25478201245753007,1.233262306101673,-0.7305913672604014,2.41617679671236,-2.3932112641244245,-3.8002306491937197,0.5985957311968715,-3.0579909363460143,-1.6597252199722006,-4.970242640118338,-0.8810888567921871,-6.7196531096066225,-3.456552482243154,-0.9102554197113036,-1.3257381501376075,-0.3212539406476086,0.2973206236844861,-0.62494206532508,-1.4515314333278933,0
1.222121059160711,1.4047989970929111,1.2206344551006036,-1.0798586461629056,-6.131484314967998,0.0446050855282342,1.366609581257679,3.491173976658514,2.679486425473978,0.8667030487311171,-0.08116289669000586,1.3103982151287603,1.4356750381293928,1.007161037697926,-5.699886338673302,-0.8877268761377282,1.3033395479374619,-0.24233966525908668,0.987513550363029,1.0089405972277175,0
1.1419506102101102,-1.5364628111435006,0.9554910458608887,-3.244158487860018,-4.443129423318178,1.3681154180497124,-3.0590629897305237,-0.8858794475686196,-0.4959210528046927,0.5732563715787151,-3.9407344965986177,-0.7738096515696242,-3.819280188710378,0.10418809698363773,-2.7432841191483464,2.2276346238370017,-1.3670624113699663,2.1026498690518487,-1.1562636327237241,0.662245351907043,0
-0.4494703367087129,0.9025239312053328,2.894010886791543,-0.24732142139807967,-1.8074779435413577,0.5974862990819223,-2.131127170824613,-0.29932819334345684,0.8478405413523757,-0.36326541214571517,0.5942202465746249,4.251444962133767,3.6719325151038302,-1.066750452564692,-5.259283739323404,-0.45844952060538524,4.354541138174008,0.216076226224706,0.8494102392271161,3.873602325276851,2
-0.03659142513378376,-3.9654739993944403,0.008589709946875468,-1.4123629505524296,-6.270568915743885,-0.6600494905053718,4.926109831315981,-1.200872332419018,-0.02636194991360452,1.2449811128143873,-1.1826231260216995,-0.27149583750015727,-4.565045999736515,1.4051779396820652,-0.789533145030898,-1.7778466104332322,-4.4094801959560765,0.8596129393798341,-1.0933215172028379,-2.2187609114586175,0
0.2784453374190063,2.0845157918885406,-0.5657949352959699,-0.976060040442654,7.064072566716139,-0.32222817278141624,-8.43987862796725,5.052543735875562,-4.286802469068375,2.707944141783535,-2.003536976439952,0.6080613107189932,-1.8963751676591662,-3.56139653483806,0.157173154995093,3.8733261439159405,2.5758062302845945,-2.9550259487769304,0.24298366321420062,-2.210672682879252,3
0.24734614024958101,-0.07883119650503145,3.8025221873429618,2.327134042887211,3.2176012849221367,1.201591074898285,-1.4346300716466351,1.3854310398694096,-4.0746391929107055,0.30296191691269214,3.062965669155973,2.7727327295845767,-1.4546360979341546,-2.166914596651104,-0.8587496917151972,-1.2646784838262795,1.4029680342172322,0.019113056270074064,-1.6976175698210911,2.0706342947683596,0
0.9646379134149315,-3.7077179567995886,0.762776548085915,1.2197290142440222,0.21757766434862882,0.2153683774944933,-5.453496282908447,-0.08265414610101962,-1.8248435636597975,-0.8891284998107913,7.910280334061669,-0.4972304628223875,1.2352691451310642,4.17526047541938,-1.0767895746018366,2.8240847663841495,2.3279470365165866,-0.8882572390129613,2.548224377617143,-0.42646368297288983,2
0.35848010391115914,-0.013859406538481167,-1.7664314055895378,-0.470296702911453,2.1548469929350382,1.5823840283915775,-2.246604244521,2.450031424104208,-1.6604565615307236,1.7482642300112812,-1.9929350268446944,0.02059327829911406,0.48489036874233843,-2.0017457210151237,1.2934842821970296,1.5020965732769163,-0.1345801906990587,0.40528524023091667,1.3094172120435221,0.25037180880354226,1
1.2085155272473365,-2.5896427268101343,0.036934150896029694,-6.591467246453849,1.7821665395060713,-1.6874690612130387,-13.246966777299104,-0.5197345584123569,-2.039457242932369,-0.835721156029488,-5.101981127359391,-1.430359872677415,-3.237631248928273,-1.3904538155639954,0.405892420501929,5.4634938108067965,2.58061382750385,-1.5510640400183526,0.02665540423777779,-2.4655850620380537,0
0.7076285353028037,1.4654068225888282,-0.34649836794836386,-2.8471348292372314,1.8018990944776647,-0.30991108744292295,-6.152823092534698,-1.1883801046844995,1.3566236215451553,0.15775889207883004,-3.421203650809253,1.5599427190285768,-0.6267583297693441,-2.483847205768744,0.2902332932203042,3.704190505876855,0.9640108299751768,-0.48248360458428674,2.6702760167346495,-1.6088722435407787,1
-0.06958041641661791,3.160297491233043,-1.6355246652291229,-1.5788987189680226,5.649050967315382,0.13609987279290578,-10.94060000069667,1.5346515613599578,-1.6679499513316434,-0.643254121188334,-10.627092642624122,-2.652939315701116,-4.561538407656936,-7.555479660760981,1.347478587944651,3.142735916231616,0.1245870136104521,1.1473860848884745,4.451507605241793,2.0488479011409573,2
2.173759407717909,0.6787305686330998,1.1052248939091542,2.604957134834684,0.2447925475370666,0.38216268136080717,-1.9427215088730256,-2.397449265766157,1.3924258185357852,-1.1689913581687024,-0.6840370311431173,-2.719765277967885,-7.2600521903128765,-1.4589574222278583,-0.5795338608121074,-0.17131171387059352,-2.0672313168052945,0.26430980213018973,2.9990025975581824,-1.934204102315467,0
-0.2619655540653791,0.8511413824317536,3.8991677341790543,-0.8139927998282064,-7.239225059773505,1.0590647470358372,-0.841330936962738,-0.7789871403294277,0.5889814748627868,0.5576210035028154,-2.9129918162382955,-3.750877984098798,-10.351473366722365,0.3929106499645638,-2.5471798279461524,2.140967416786477,-6.40174176720285,0.8696513957275637,-1.729291487615222,1.9145207136794422,0
0.399195611254287,-0.487049257705515,1.6816793543133932,0.5881036303966085,3.1856261608144005,-1.3619197717673195,-6.243009096554865,3.994114022557781,-4.057393889705312,1.5689449551832566,7.5265030054482125,1.1568006712565415,-2.012305912446531,2.042845523299036,2.777274531328949,3.0873875710438,-2.0743307750001314,0.41478028883819845,5.114773976887805,-1.665665903926202,4
-1.4441447182224623,2.3516866527262827,2.075943798710764,0.39781426413263565,0.31674578843304285,0.7532975451762778,-2.6479952992366513,-1.0867447336139358,-0.7552404258483478,-0.1281981421072861,1.0968581076232307,0.16063028570658666,-2.4465279045564596,0.6190713833864976,-1.024008096465755,3.860612214949202,-1.3432596695344352,-0.09069571962281098,-1.0597481257459416,1.3868176164059731,4
-0.24471823616392757,1.10333922453257,2.2816987852729174,0.04448113362261452,2.9486676453514953,2.251317973751833,-5.645779757314709,3.3503945332611766,-3.662750745477571,-0.7250821727725908,-1.0931116175397901,-2.2638985104089002,-5.695764685490665,-2.0572770962720917,0.7255282248589476,0.8684915517266303,-0.8043659543035857,1.1992375566092388,-0.8294997198268117,0.34702681743190444,1
0.6268928194842975,-1.1876952053485486,0.714040287507719,1.5784480520549202,-1.441658670235805,-1.0134072592736927,-0.32192868098629557,-4.580916393219051,0.42694222943003046,0.318770031148127,3.116102921909821,-1.7343507853317501,-5.617366938694342,3.90038363809634,-1.0463059246256408,-0.9523132672999712,-2.6451862492800027,0.9468607730140203,3.673582093624946,-3.521671745275786,0
-0.004920334993235869,0.4555636326361041,-0.3439448046432203,2.3062180049144843,2.5952312758503435,0.8931291412783857,-4.050852728101576,3.238648062263621,-2.8768903417360505,1.2352537377949078,-0.2667636176533678,0.2979208938911453,-3.580604480650087,-3.225859376895223,-1.9703899004803769,4.055659518549147,-0.06266235750181659,1.5593918070884487,1.073467316818887,-0.2844585172968518,0
1.8404037650227503,3.237850708987837,-2.9944369031639995,1.561338056400409,-2.229313113354869,1.0497343561892427,6.158557255607987,1.9416180969396977,2.5165964355377555,-0.002074472409845884,0.3198970549920139,-4.833067577429629,2.3170107363476804,3.7285543881427294,1.8989206774382899,-0.37362172843748476,-3.395506099818716,0.30729755127196096,-0.56840835165316,1.5480072836803351,0
0.4940673364796565,0.3457369437707687,1.8353845916030418,4.85542235469036,-0.20530001669938755,1.0275967859487591,1.3945300174827666,2.1396913837400877,-1.6145254189090694,-0.6580439237534242,2.97843885700468,-1.5478627298726981,-5.555819599212052,-1.3281706703400615,-0.7130399877610476,0.3069203305786732,-3.1715004884983813,-0.35927411336406795,0.4672407453605175,1.0879115866952649,0
1.743736570116128,1.1382444728616248,3.0387317408199017,4.269276385465479,0.6744015005687118,-0.7087799022315613,-5.371944212430026,-0.827501483354961,2.094950154830246,-0.6444013050562206,3.1068297489004317,-3.465314767751617,-6.885412864027453,-2.6641714186695786,-0.07764180322801062,5.858755667232845,-1.2925475502724917,-0.1286247603330811,0.5805529475493239,0.5408242811933723,3
1.0537757981927927,0.3471166205389078,-4.0659707763981885,1.3487055048970817,3.017195529941205,-0.6430040735848185,6.025392889308421,-2.3654833340824757,-3.445320086164495,0.6699636281381883,1.2845634401551644,5.202219816358404,5.601621907354786,1.8890548025684262,0.32065459784590766,2.057575852945707,-1.3897000532498236,-0.753035853451385,-0.7522835476864631,0.2723836051100825,4
0.9243900462155668,-0.5518870306112904,2.319626163461777,-3.1573024478146183,-5.715543662623159,-1.0201694163054116,-1.3266158677760247,4.158784045893646,3.871212995850026,-0.7007228394750864,-3.124009208076591,-1.4354381270071221,-1.1153245505920266,-3.3606852106207805,0.6480816002882623,-0.050777061120941935,-0.6809863026237335,0.7853994814304895,-0.5625355635847797,1.8649549320657066,1
-0.4132526939537446,-1.6965453967011799,-0.9458266744693231,-3.0886417780159716,-0.4338708155448827,2.0111876832108386,-2.498482454425478,3.830256292945983,-1.8526856959991893,0.5285755070751296,-2.9053189298526783,1.8785879766045053,-0.6587993193324119,-2.6882176466311813,-0.4720559246339956,3.1965951746466,0.2586587877527857,-0.6019056933471514,-1.6003265323237787,-1.7022613615081381,0
0.7818633025076417,2.196825622967421,1.8408982479278877,1.9874872294559318,0.7078284335106346,1.526104321729615,-6.430803238660642,1.236891173324316,-0.008442960501350516,-0.7159362327828015,-1.4475824425939392,-2.7812621072799817,-4.643274672836905,-2.339996659518949,-2.7471398648371985,1.7934627243665955,0.6586256068061467,0.30354543883134116,2.653003419705442,2.1451375974473335,0
1.8122749265077545,2.0145533752428073,0.72845062594718,-0.10751796565930127,7.694288053269778,0.11480595323445157,-4.445551856830108,-3.2432871489433177,-4.754624821669319,1.342300249977583,-4.951474020879673,1.7394209556248272,0.21322370977434554,-3.7475017293409496,0.7537397559986045,-0.2809329396227107,2.5847355182308385,-1.1429281277742376,-2.40577375715447,3.457124990622684,0
0.31665015667655527,-0.43508197990943387,-0.22557343514911476,0.3103001247732702,1.634150837220205,-0.4382164323738624,-2.3465382175712435,1.4861936381250305,-2.4840585681792158,0.9073911031373957,-5.820140744001781,-4.068818885519141,-8.236855831824622,-3.251607749541889,-0.10926649465964944,-2.5201254226012706,-1.5341985388976607,0.5836498411837081,-0.17201963667983045,-2.053726500038383,2
0.1004289408360447,-2.0362243410812955,4.2400993668688605,0.42920441300800993,-4.696866384766948,0.05583977800823738,-2.3277678995714015,-0.1165975599133684,2.1694413922454734,1.5359832276373107,5.386817695073557,-1.2991843634595577,-2.006937586883811,2.0192028526522554,-0.6555474738729785,-0.31905054998626836,-0.4649044539825521,0.2187164177941008,1.9169998379631976,1.4110123717825056,4
0.9793656104028148,0.7818817449500298,-0.916508171195018,1.9000020311542012,5.884427451486413,-0.894357346051842,1.2835235521632378,0.4867194365515066,-5.340069252653491,-2.1944569160539844,-7.395357851843262,-2.070942389181216,-6.478696854325001,-5.013154387768511,1.1576569166423507,-4.843626243201382,-1.3305709980576677,1.5951204186000147,-2.7034146306340583,-0.4417102005652038,0
0.9676263885936561,2.0570461568228433,-0.4265400818201268,-3.046880409839754,0.4143461810988466,-0.4255300707281032,-0.6713537140211093,-1.2815966172856288,-2.3444423602987943,0.03674523966726403,-8.38180834308968,-1.4077427377549097,-3.4789814318521732,-1.0698249411361096,-0.48839138326078735,-1.6077370917683727,-1.83340159735117,-0.5979822649799326,-2.318219767724405,1.132899041121669,0
-0.4461728401205202,3.187001179041386,1.7756664009564975,-2.936455290318584,10.645801349875846,1.150031148540006,-16.00270764379141,2.8656527319843987,-3.985138367880994,-0.53415185738357,-0.7339680534814518,-1.5978302611812731,-1.1226081953843805,-2.050014934963788,2.6298094193253636,4.071253475367496,5.636152215327728,-0.6009706474265069,0.6086325258224614,-1.5229896454769845,0
2.519034917761651,0.03544199141466564,3.4519186990687114,3.1897003880702433,1.0146249213419896,0.6458939644046955,-3.74575346917267,1.12555601091295,-1.3001921588216299,0.04084007757290579,4.342632084759079,-0.45442040836541275,-1.9820493398179915,-0.8893456573995863,-1.2286967902981125,1.1626386958782318,1.0282431540534573,0.6798632546300614,0.6180274982019602,2.8095146757758576,0
0.22417076616791143,1.1326149833633752,-2.4293914034567576,-0.10357356826848363,0.7525738771644708,-1.9359804032148258,0.5099784114791953,3.5729072608635923,0.19675175956002744,0.09256105401407996,-4.905816167188616,0.9389841837913925,0.3448898986394319,-4.468771792750448,-0.07178521740894483,-0.14871283842839023,-0.3505526340234685,-1.7018813445162642,2.2175452977752235,0.06563326708834516,1
0.010105059202847539,-0.9536008321588527,-0.9798566002932481,0.23994464590909148,2.0464348730766706,-0.6556466307162875,-0.2722046024716907,-3.0401049411286905,-0.5295418954449582,-1.7831002275870083,3.9791899160273974,2.6382884820321215,7.699058685938928,2.651208467840673,2.0905174798306154,0.24744082755268637,1.7618221260738451,0.08269163040121638,2.530456896764501,3.1779909170240606,1
1.134823905993749,-4.039187216925387,0.19432313993524308,-2.8542175185451297,-0.6026003002338175,1.486817462970208,-5.315360182357837,0.905202846049375,-2.259415925639029,1.13381339009708,-0.8801231695863226,0.6610630352046232,-2.9309724552313248,-1.4349647219839976,0.9595775529466235,3.208745246276297,-0.7825432630583258,0.6595169280437979,0.67709726079932,-1.6952062700581687,0
0.1415317122520896,-0.5374413394781361,-2.237126471159009,-0.2293728705176692,-1.9879786930946808,-0.018523540302303382,2.128790392685429,1.8452721876909415,-1.8558714148884057,-2.0428709059209362,-5.081251028263464,2.243092261263599,-0.7776484498596945,-2.9711925376772053,-4.3872815586830916,2.5075156078738807,-0.40987126865186907,0.04506921485319545,-2.29363928975462,0.5796665234339944,4
0.11838031606942333,-0.23570095412069048,-0.09349603683742069,0.8949352973750956,4.681493105835524,-2.3741362038255165,-3.2922362081089482,-0.9926347142571625,-2.6528351372921395,-0.5341441497478677,-4.3461260238256125,-3.2491795167995274,-7.0876237762667795,-3.6541763716603533,2.2269136552883744,-0.46630048873132457,-1.1471831232392167,1.119013989030705,-1.1831235309216073,-1.9408787282203996,0
-0.36339889181443175,-0.34364995454162517,3.6954730636748083,2.659162133029866,0.13339559915140292,-1.2381276388959541,-4.2225306814525725,4.575873199988219,0.4297390864334243,-1.2282875635949844,7.30167232894248,1.7730972146891837,-2.7864500580554004,-1.394579064162439,-2.8341957813492655,3.0553076386092686,2.345662443564372,-1.4733162360235148,1.2487921275958844,-2.621130840362956,4
1.7652696693949463,1.3193155779554238,1.8178317523902743,3.0260622632078564,3.067630414631642,-0.09289451391718122,-2.6714042715400654,2.5397544330093362,-0.16708364951456578,0.018008825214061275,5.684265151069295,1.2199429318242623,-0.9302611759446237,-1.227399075525287,1.3430712785915668,1.9690647738592628,-0.025260251702600933,-0.39164109045377865,3.129755359612307,-0.7808743006229341,0
-0.25983722000107284,-0.26819966596805234,1.7150027302661488,-2.0270962825025185,1.5551848863913138,-1.3134540190555344,-7.2116717961128405,1.2826411819894816,-0.7590642034424333,0.3713069185677303,1.1862907796353441,0.20344040315348866,-1.3186804482851218,-0.07001262154282883,-0.39522498066832457,2.1037022957484792,2.286423675120997,-0.18098247794339253,1.2416553253383293,-1.7153690541656803,0
-0.8399909368235391,-1.0041369300531584,2.2549681621370183,1.063924566782499,-2.347990794067348,0.03161924530426891,-2.867923719859125,1.0078208799754047,-2.4596858545278155,0.4150866578544383,-0.6361887016121841,-2.5141135421829475,-7.685373571129137,-0.3410750513123575,-2.629323364591251,0.7837750912641093,-2.6404927206199527,1.634631834909587,0.1447536363309727,0.71842097313998,0
-1.1412238104574672,6.288739230888026,-3.211892833906896,0.2706806614627093,1.2899836842139114,0.172307580723728,5.130145950789624,0.22782931331390133,0.3401087950350614,2.131607099249963,-4.0177085112269975,-1.3193975238787778,6.89476665640118,2.282220826808655,0.5369324667479443,-2.0964714468232835,-0.6900286228847747,-1.179733234843473,-0.605129448721228,5.619773680397464,2
0.7012639250384477,-2.856988388573313,3.7532888700480624,0.17498232931292368,-1.464234548665548,-0.9997194822099391,-4.557060263919987,-2.3654808004390997,-1.0031333069139061,0.25557280503720103,5.23975596377906,-4.11220830950789,-8.990223323107095,4.634230109414738,0.9224972675551759,-2.490442882743746,-2.745937352809241,0.6265452686801465,3.4717897903395696,-4.210888945238763,0
-0.3676974472804976,-0.3343985678756942,0.9400314509859642,0.15686117973804536,-0.42917759291800095,-0.011455296721681689,-3.4370324188055332,-0.33792335337140944,0.14856283978325568,1.300849539797611,3.451555333671325,0.5041070953326363,-1.7588197980761031,1.8921669931727552,-1.5580953123285628,2.222003375709689,0.1955670934461693,-1.4184043220776095,2.685686351243676,-2.189472705478085,0
-0.861586647113201,2.0415305750420583,0.8697954489417836,1.1863648009546741,1.4405397634580954,1.46934473848053,2.4075354315544586,3.069892574741941,-1.315781093405089,1.0804661600712349,1.494970343261977,0.6047508364246312,-2.572924479165594,-0.18251189354459096,0.7853209532451135,-1.9256009963913039,-2.001491802307511,-0.5989019356444178,0.11271537885742144,-2.15698306803575,0
-1.9520270674400755,-3.3797989993920203,-4.735420436263393,6.277398423301876,0.5753799146833648,0.43848227498555165,14.242179539187312,-1.3336843360741315,1.9363217226979617,-0.1932698833783334,5.909768159438786,4.14567658273151,13.036082271217346,-1.2107587968060503,3.02609025968449,0.9300557328615138,1.379078318058782,0.41938180955726556,-4.817195079954284,4.183728760075114,2
1.413492657212908,-0.8045822359742705,-0.8515635170439657,0.3137643473255133,1.2363329486945471,0.18990202504683115,-2.5537872147407534,-3.880679526227304,-3.726630733808862,-1.1617499265549405,-2.2302317061017902,-0.7166703102188465,-3.760717403547934,1.2557863753728415,-2.297356795490153,2.0321042314407745,-1.0893203862205345,0.7714758008195429,-0.4248437216579497,0.1817205584265389,1
1.5258127455099242,0.6275024516704768,-1.8196351298126512,-0.5706041125314333,-4.749356681224211,-0.5280049773503354,6.362311492841894,-0.38518668257984023,0.1490254567853876,0.36537376924119885,-3.9858673273881333,3.0745435618318773,3.782206594829247,-0.7087756519719176,-2.2051217201095907,0.9216986402032099,-2.7606635476359953,-0.14586255406536092,-1.181066187446365,5.156901388704217,1
0.44219596006095385,-0.014621776064769998,3.3314639223775426,5.193545776521096,1.0136924088368204,-1.4475619878214612,-3.4242192711689676,-0.5812867193183031,-1.2819939294912013,0.7844163522026282,1.1084629016985759,-2.945744884135004,-6.6335049053549335,-3.129364858271653,-1.321862142523096,-0.27816115615400927,-0.9585517405242144,-0.07063139551218127,1.7228165345182491,3.57048081949856,0
0.9516400623246152,3.1273882559674906,0.19544278821571848,2.707478169871483,5.707217382511244,0.3454545111875592,-5.902734259424973,2.084244555859663,-4.019709640480425,0.6856782771224691,-5.457188072040755,-5.3158136155205105,-11.138813872045604,-4.116853316109989,-0.7537722910113566,0.6346725459465881,-1.6949715697630854,-1.2938561620666047,0.03140950510673601,-1.8649383160589297,0
0.41911587265692507,-0.05933766026297915,4.181611224243634,3.2773781178923778,-0.11245440819995434,-1.1598750346479565,-2.631834258009805,-0.08074392344263548,-1.7942703792737906,-0.711644856485736,1.2296667031897264,-2.398526000504014,-7.9984966112736595,-2.2632141219180797,-0.361657593482414,0.5081690790745732,-2.7361486692593777,-0.1448394895301217,-0.41737374182867215,2.2702913170785313,0
-1.745860338554486,4.505752526116636,-2.3798260121413586,-0.6640209205044962,7.309600661626125,1.845556018994896,0.236382433882769,0.1367032539084626,-2.225325450379769,-0.3228994742332959,-6.259111625653792,3.1202435696283697,2.5683161148067986,-3.7944955230140516,-0.21591063536241661,-1.1041344140911153,2.94745744212684,1.2907012755373546,-1.817279099942748,-0.866917541359896,0
1.1191244577632744,0.07460835904529717,3.461962638573097,2.9676300827490074,-5.2856174983745525,1.7276324241180276,-1.3024087067325794,5.827960247068153,2.409644895703983,1.1979791690300343,7.196264513939107,-1.6145144923564172,-4.606584586248316,1.0952662296491082,-3.6661349608615708,2.3722974458043886,-1.1185352518054645,-1.613169707479282,2.2160253896158584,-1.391159655650672,0
-1.2870928307992595,0.2874409887208951,-0.9060711269205608,0.32672246256912174,-2.568961176462791,-0.3880038226281149,3.9874426571785833,0.8320601558852059,-0.7882285619448779,-0.9690701581921362,-6.1727433937709355,-0.2788413800741325,-4.771306962706879,-3.1468763028109783,-2.557738303006271,-0.8332580792168052,-2.9023340924790078,1.1146804812048055,-2.2092698570942244,-0.021012348848606366,0
1.6946417602320107,0.7411554881159179,1.8939685506729702,3.7717799816661777,1.670295353562387,-1.821592612356869,-1.5532409145904782,2.203113929454413,-2.275581704553315,-1.0971950316380301,7.034142105274927,1.171968014579377,-1.2634564191383197,1.4125585415608097,-1.0927013538896355,1.7400802193458145,-0.5703042346538696,1.8770022433954425,2.4843556002271274,0.27472186974890134,0
-0.39062852460894903,1.418020547091832,-3.052755830236662,-1.6215746870987524,0.03622231423576525,-0.5727079957856954,1.9548895144791798,2.180304492819455,-1.1568636712362095,1.9938667847667852,-5.8530762377318855,-2.406653204246868,1.0478031949143347,0.6535033861765283,-0.8694006729317875,-3.9424727853544574,0.2524875671804725,-1.6522964501085404,-0.1927693251497331,0.25309037099621656,0
0.031176742027399857,-0.04480422525172667,-0.03421717158084592,-0.570031399394058,3.321597566699072,0.1395759243343425,-2.0313888891547762,1.1966024981820695,-3.006822752762988,1.0535330671361212,-4.790869950325729,0.31274765756694434,-3.8239933892058815,-3.5099459204057912,-1.064723249165868,-2.808954562129013,1.3441190743428995,1.3547687908190007,-0.55820876021207,-2.0598123466089633,4
1.107840860588388,0.8707668076383045,0.21276793637975144,-1.1006652103482737,4.573663136017764,-1.2923688530915083,-6.99168117122625,2.126427784262268,-4.129510682339726,0.9266044053924978,3.2018693446131685,-2.7862078587204575,-0.14477535469452318,3.5423686613918637,0.9994772337970999,4.54273633091996,1.894432462939296,1.5302259798257085,-3.093995138537225,-0.8581034015525025,3
-1.9467598354598628,-0.41571697579543154,-1.6031049307992071,-5.454655930151367,-2.4665162648907946,-0.9012527001687192,-2.7875719038552202,-1.400251213727953,-0.20593418625817017,-0.6568958964969668,-8.213463489886408,-1.455142221774658,-5.298189069709683,0.4534835946018101,-3.163638856221141,0.19174726193508573,-0.39100589206591485,0.14635224670957592,-1.2184052867072275,-4.829671377567922,0
-1.334930458374759,-0.2852564558294093,1.1922798796415726,-1.25367726867371,-1.2041332378073109,-1.1847978531112537,0.37007461792531215,0.6687530628150624,-2.5932697422095274,0.29960109354672243,-3.97550410554858,-0.20117325107216155,-3.01277593597521,-0.8804157499386731,-1.905572034480543,-3.1939970543881624,-0.6656254747210366,-1.1696714751660198,-1.6346493473070773,1.2497465012314852,0
1.0944732128436507,5.112253873866656,-1.5541771296438616,1.9442511053962517,-2.4853252775070542,0.15532711128133148,6.49146696680975,4.884477942653588,0.7336465171959858,-1.5329133960957049,-3.37909361689643,-2.7068467814702983,-1.2708430701932059,0.4544059763350152,-2.0595963173802514,-3.6422962417135127,-3.359904655427328,-0.25650299926526604,0.6028961880952384,1.5896857853802695,4
0.6682712184047681,-3.9885089660839483,7.564685267126568,2.060018589947007,-5.695169276908722,0.06235919281508086,0.04830571074174124,0.5062270633214305,-1.5050606347248268,0.020030797521498816,7.0859827378331675,1.581750362744911,-7.876350332243274,-0.13664474022102435,-2.43380540623827,0.50165714538423,-2.9487247507482524,0.6555794328509238,-2.4538790460196243,0.8771714784043803,0
-0.24139537686665083,0.5558758270210222,2.5458287225585465,2.4000002084782643,-5.462329268512886,0.7977864783896218,3.982573093414017,2.94226216171638,2.666190652702442,0.28368837648548595,4.149233479952193,-0.4163884969616516,-3.743481049299281,0.49579876031848613,-2.3305813095508507,0.9075626029950492,-2.8444960124071414,0.9371722728875317,-0.7413915800569235,-0.8524672623285976,0
0.29455288030899945,5.034306164603388,1.5376290595454751,1.1258836298140176,1.3875503773635076,1.288300604596071,0.6026132575477423,3.0996160492795832,-2.2131286112772095,0.12979141939258962,-5.592614923567408,-2.3713630746182544,-6.993492350891167,-2.820777305638371,-1.839557681847434,-2.3298623127640004,-2.506210329929827,-0.8975172094498055,-2.081389550252826,0.780127525365718,0
-0.27528969954331367,-0.3200192292908022,-3.5317787586350486,-5.095529260329392,0.1874153919133246,0.30471475175028134,-3.1476500268779377,0.4792017788297118,-3.7628955494653846,-0.26656901137134575,-6.621308297439362,1.6377266171183282,1.2987738862487017,0.19713644407463282,1.1485471898736415,1.8725735130883883,-2.694317809789075,-0.043366099548336264,3.1328387775572444,1.173531200028829,1
0.6506960908912313,-2.2485692264157082,2.895578123871895,0.07914032745420374,-6.08797859004889,0.1401378036100385,-0.10252205943233685,2.2439855058285585,-0.11099513801369287,1.7282758326285543,0.9972847736743625,-0.10707847650442559,-3.0485632876542885,-0.6854944015437436,-2.932414777221687,1.6333969465009965,-1.7448405904936202,0.5320483836433963,-1.4492588666982273,2.8249309182447484,0
-0.5519412664239335,0.34183611987911555,1.297190550225299,-2.5697541400358364,-2.510471175109869,0.8894135604139836,-5.054978971724703,-0.7993329342656637,0.5660452490025942,0.9826502471123822,-2.6848752136116683,-0.6335931182252093,-3.8538140200583944,-0.15697165378772338,-2.1601098619014385,2.9057457337426804,-0.8347656247009072,0.4966233119694473,1.094048933957701,-0.250878035397298,0
-1.2177919403842177,4.595841407832022,-0.5617269850609359,0.6645138555949918,5.187265315762459,-1.485055674188856,-4.2500877939823045,0.3358289403511159,-1.3186774387087552,0.03804950621891075,-3.613161048861603,-2.926767168856147,-8.06405737799717,-0.9603064072941712,-0.22259101373191037,-0.23879766897406896,-1.4808536808997237,-0.08661935813490008,2.589269161797463,-5.241133914352605,1
-0.6731196909745443,-1.0202104578828681,4.798965620237781,2.80059456516867,4.53613735880133,1.5899196226186967,-6.018485934346784,2.370386413828605,-3.7857000988301412,-0.1940704844861863,4.988368906675061,3.4497155680630867,-2.515643613230262,-3.6421989480931383,-1.9319684717884438,0.32990173352560515,3.855543444120353,-0.8909064044174912,0.1790104690734411,0.2824355853760764,0
0.3439678685065512,-0.36512797269547903,0.6892975641588126,-2.18798929579048,2.319955519993257,0.5531022506392108,2.4924328688920565,1.5739012966727461,-3.8301573031375544,0.33953708121226917,-1.6143410001990395,6.466169363202782,4.022860115127009,-1.3893053853157586,-2.467129883878277,-4.54486625967944,3.961555091018134,-1.567921855114636,-3.033895649228372,-0.5121144166935161,0
0.5627384175947059,0.37773548222188513,1.0110225604931777,2.7931978521133,1.15733857990079,-1.478675137602298,1.4204749698756745,1.1539272076793066,-2.1011877759287323,-0.003197518446869282,1.7811630147559285,-1.1882757871737646,0.9229323956703539,0.26285522792397953,0.10786894095266475,-2.390125663594124,0.22107303372316123,0.43836513732889004,-0.862235358943151,3.881121767055907,1
-0.6024111220325941,-0.5848396699728856,1.2066491308079415,2.1303093737587755,-3.5854911430691336,-0.6522854555205847,7.177655118229079,-1.4670190849772093,3.244989413817025,-0.9259438672517264,-1.405261360221709,-1.7595027804554104,-3.6917672579281793,-1.2910378443256327,-1.3175981363708273,-5.220954838518693,-1.0184632865900256,1.1303533295981325,-2.74167583920475,-1.4607875702932696,2
-0.21743871646335425,1.656020811924214,-1.6548112444453063,-0.4350063747701125,3.6731626027398936,-1.2094844854896478,-6.233264753863089,-1.8012755869775998,-1.4350904975724794,-0.11153332338035388,-5.935016148175714,-1.7033649210077468,-5.807528535351309,-2.98854453680755,-0.6026422488369729,3.7040169802996434,-0.8463239502421049,-1.0619231666368447,1.8396133287788508,-2.0197418977164934,0
0.7105340263394527,-0.9414009501065774,2.182513749836181,0.6478198011907031,-4.9073173201113685,-0.08898759948318977,4.368232692986149,4.08479867012856,0.12929559047054018,0.9510741853524788,1.0740840693085258,2.0020461525183184,-2.248434404611161,-0.662462831828205,-4.518326650416624,-3.2971179965039066,-0.1349341322296307,0.5028947805505093,-1.153364525539752,-1.0418483336699276,0
1.7904089735170088,2.6842131132618396,1.1737578940454332,4.251316014621633,3.6723039610071013,1.407995525444814,-0.606257035035743,1.0454480553240784,-1.576639889948669,-1.38325948552308,3.937504056166445,-0.8553942721517191,-3.360757754788675,0.7847916663168362,-1.143308282924502,-0.9367691120432695,-0.07724538314240581,1.0767944919656516,1.829228631398462,-1.6119268407957958,0
1.9137125920066507,-0.9867279729529503,5.870527602742517,3.0492453544139244,-1.8561308455635406,-0.052269500029997834,-2.96908815703652,2.900238151631293,-2.3131867668738453,0.4144633521612668,3.9882413238234222,-0.9956611032635441,-10.005037417316471,-1.9682354397327442,-1.9592538434658753,0.5132196173165038,-2.8786735818322233,2.131729221261342,-0.0963919059145193,0.05276186303846797,4
-0.7037240736268697,-0.9654389122913964,3.7276428531520867,2.479583358703501,-1.3230410117622207,-0.14180197131995256,-1.6307002047896528,-0.6321586411412576,0.13324285224972776,0.2084478670243203,4.940220985649839,0.46288549861845496,-0.1230478116124252,-0.08553709760018346,-1.4211396765893574,1.8444373608621922,1.0482419964219618,1.4715807787183395,-1.2424073295489093,3.610972119742428,0
0.21428213004457786,-0.8357420596981593,1.5911250088416362,-0.9859703841134204,-0.11110528677262128,-0.7923179539098311,3.6338776382204196,-2.7325777120440344,-3.472033288467143,1.4056764635798342,-7.309603040175864,3.4610098187417115,-3.0819702826288644,-4.07306113134924,-3.0970536033085314,-5.186784905237414,0.11898880967888492,-0.09314576939953476,-4.2281429437672,1.693081815249863,0
-0.4961139869614243,-1.6555536567822005,1.5022766513747983,-0.5728143349902135,-5.348270402476344,0.18995522458586897,2.6018161810233096,0.23661845339629783,0.18337809797127402,0.20452108851534112,-2.0799613071748744,-3.5404266830090276,-9.128920797718818,0.17699019100149171,-0.3653392897041525,-0.015279879356383308,-5.523548795772717,-0.8735330609972681,-2.996924957584457,-2.3025983569091424,0
-1.2580989217791811,0.9442199361048982,3.917749077309467,-1.1802969085396486,-2.1727282057673407,-1.315169138419943,-5.39345839669334,-1.2470621219412406,1.07863935809404,1.0385223541097572,-0.2118745865247136,-0.3708169909396213,-5.204037268182196,-0.30915676662380065,-3.594720780171222,2.599769164055464,0.7116087674224376,0.16316803512041958,-0.8304269991240978,-0.5229863396616595,2
-0.9657225906570324,-0.5352811738133145,-0.1187072461651999,0.15556214312460082,-0.9750996642866827,2.0985659045592424,2.3565458617102,2.7537895429045856,-1.4317915823794434,-0.41925326344292707,-1.8728602353385764,-0.28175116908913467,-4.012447898216972,-1.6372807779347827,-0.6076731714295396,-0.9921630192346451,-2.0350150291189557,-0.4956115982272706,-1.65130761176576,-1.993416993107651,3
-0.3377235980936757,1.265637565071817,0.6670600611684538,-0.9746028012615948,-6.404057107434953,1.030382213811973,2.5711204796377736,1.7206807749068387,1.1972860064082878,-0.006414301777532301,-7.399036709266281,-0.8265883971120036,-5.852876915613761,-3.115172977342874,-5.265576457473938,0.1678129185602264,-2.8055171772609206,0.1683672664874121,-2.2947903793551974,1.213442196293109,0
-1.2084744952516213,3.261876438668572,2.056377615480531,-3.0478782821763666,0.05842229539766406,1.722143225856191,-6.80186049882701,2.1921735259994906,1.833754980621475,-1.4128101799421877,1.9966979592916723,3.012868055898749,2.8702330206567357,0.593473726269566,-1.8671476382701857,4.490695679367283,2.8635717326716557,0.6169275106868255,2.2848431338418678,-0.1563169413267378,0
1.5284837965498062,0.5276019079832539,1.1126200999442517,1.1728297244872692,2.7752404277490386,1.0257894298342158,-5.657429816266378,-0.1689928162261971,-1.507163480521868,-0.5476546022872474,0.5475758279176373,-0.8371451312125561,-4.042053779906522,-1.5751916481450547,0.5200635332389199,2.7433487088076394,-0.670585775381046,2.2388328948848106,2.375044778200188,-0.19057918543120989,0
0.8625543905272665,3.1434976228818208,0.7547191440566997,-0.5062587638017391,0.07857359365209327,-0.09395366661765489,-4.385055340332385,0.34367532611202123,0.6732841930999698,1.0035983919110745,-0.4399811288229498,-2.0948457028330525,0.2751408036229904,1.0738912639425742,-0.5850946701276978,3.1692231755458726,0.11086560865767292,-0.9616526427586851,0.6499135568419765,2.8875141225894145,0
-1.9823984186677817,0.6541272680377366,-1.3561033503731657,0.8505095392867663,9.617813114974393,-0.19041187378955987,-7.710860265917021,0.4648715296765641,-2.5596475853986473,-0.29561853320875037,2.1691052338168886,0.9617330659478205,3.290596514159223,-2.259872847253654,2.089511830737421,5.914996015775617,5.621108033684682,1.1637763061612525,-1.8684526940559758,-1.651184174213895,3
-0.6878231071138236,0.718642763292811,1.0139664308921619,2.0850356863083066,4.495754367870716,-1.1895000259430708,-5.209049167809092,-4.020842129396633,-1.8476779010540163,-0.5008911456105217,2.749067501042712,-0.9913855343707698,-2.645960706327987,1.0401566873535701,-0.09438918852541456,4.226211153385373,0.9014234898150633,1.2334248730952218,-0.6578973797763064,-0.48190344136335106,4
0.26575470338250445,3.1572202822656985,0.4466803064849245,-0.7132750541508678,0.3390827150282522,0.0666398020580649,1.234367345158886,4.407883007819176,-1.344204173662242,0.5026719656636606,1.70699578312024,-0.56341080774752,-3.2592120893675838,2.7301633864504016,-0.642355054515189,-0.3823481813860541,-1.9706178912230756,1.5147870986803387,-0.9664630986725568,-4.401013328488304,4
-0.9801138969108486,-0.07020510628854537,0.6908648187115045,5.60346496688469,-5.033036061285695,-0.5666099278191502,4.936068155096598,5.136317280255131,1.9352379592256717,-0.25483393551091205,-0.16005736110112342,-5.934329608910881,-11.234851247461643,-2.4717210056065064,-2.6233065892314134,-2.365714018257785,-5.1628055550431835,0.607624720840378,0.9796998776517405,-2.7273774228818937,0
-0.625380451260628,1.1146245055457182,1.7762732970821817,1.415383847018643,-2.613995722475414,-1.0608188627317061,-0.7719233516279992,1.3329991473544327,-0.34301564824533926,-0.9017088803369265,-2.1592191731493906,-4.412337825995994,-8.983411087080619,-0.8826942911575557,-0.9685379830469971,0.1626648591685098,-4.564692096417826,-0.5685184206309933,0.14638990292455367,0.1035507920247436,2
-0.5737104034902404,2.2456273750552733,0.5406992501227877,1.9284220469637448,4.334947146833957,-0.04945071837588924,0.13267412928251213,1.5394815938443145,-2.4003368211344442,1.7439779421584767,0.9066041932778538,-0.12892563209906516,-0.04570692357792163,-1.0173717123002342,1.6903253584495324,-0.3406074433836873,-0.023359389041958445,1.311101642278815,-1.5417599956498924,1.1279265726859775,0
-0.5365706858945376,3.6499591894993717,1.1260811015694348,0.9871444329702741,4.685426267093362,2.6369468365793396,-4.661758024132399,3.5439684442208232,-1.3141718873295383,0.6049138271835687,1.6996519649204607,1.8201092627086406,-0.13006414196515978,-1.7976237117681428,-0.6457328921630168,1.9332325974751625,1.977327924337588,0.17440874856108765,2.0123610424437954,-0.8404499119928884,0
1.2085809090430115,3.1680494747450365,-2.9623562214041597,-0.27746508948951654,1.5440549628147984,1.5190065863804083,2.404740523508725,1.0040138081027612,-0.2518480113158661,-0.19609381090859254,-3.0036855047151296,-0.6380819309224012,7.17155313114212,1.6567412009692286,-0.5700531976837107,-3.3134635764796085,2.3314042282728966,-0.009186722084718239,0.5399466217610747,3.901218499624972,0
1.3275106943532096,-1.4798546283058758,4.999292004397475,2.1524553171766385,-6.587156168407627,-0.3838104620127987,4.510241979603735,0.6900158744094176,-0.4402605701878981,-0.8111009606728922,4.261235429586613,-0.9290855076410913,-7.580713981486167,1.1093132385413709,-1.22589225262717,0.512955861080215,-5.887618251600075,-0.2883490597517738,-3.8452151630386098,1.2608848323684763,0
-2.3428942141622495,-0.2844730583108219,-0.5193791245248014,-0.1471152691689548,2.7060345994025194,0.10257731562834461,1.5084006672666876,0.37086617806370825,-3.9764106143989437,0.2903690483665658,-5.3814227049366234,-0.1746027858025052,-3.0894012205830297,-2.5287737573676763,-0.2438455081162011,-4.654995711435047,-0.16677803672473712,-0.6329003319326709,-2.030576745480354,-0.33986365964885223,0
0.08985575524256213,4.970947954200769,0.6117360357776317,4.224864447998177,4.541154476758308,0.14161091568772208,-0.7130302913892327,3.7817440517798455,-1.7218348947000108,0.18941886551813444,-0.8779626947490109,-1.0427319608962886,-4.669229691667717,-3.516865537838443,-1.1846415405464825,0.37607379644170524,-0.8181785537439594,-0.8009705015449708,0.47111744594902505,-0.18860924805548185,0
2.335520893756594,-1.7579055112688788,4.670770404865758,2.5321452687026174,-1.9756673317319233,0.27284834271283476,-6.31842308188143,-0.8021039466827828,-0.5675331286787646,0.854377341471164,6.5626754989548255,-1.154343236826574,-4.1441726464860436,1.1996382654372888,-1.1673924679236407,2.898301780711418,-1.010572995934042,1.3793941212451364,3.454818842834436,2.9354136282089205,0
-0.45779898758061843,-1.6643957182849065,5.374363971052587,1.3140487081099181,-6.1546280184234545,-0.5326221049644234,1.9655642367208597,0.39354221413204193,-0.38050968440450705,0.6697406256622814,2.7323821624712457,0.49886531149427893,-7.10804928864591,-0.2941719014717714,-2.997094905177308,0.018337399348583583,-3.6385918573898777,0.24318837093601597,-2.499556616809855,1.2943938105368318,0
0.10426895714306594,0.8304921360392473,0.5522470355164866,-1.8251583857019087,3.188274585869218,0.8144241552427022,-8.52521258657542,0.6680910275615046,-0.9986972714309409,-0.4244053229308657,-0.7912370214377945,0.03026008291905269,-1.6456899002748477,-1.18588184663879,-0.415475028758889,3.841170160077784,2.2324124404511045,-0.3421231696459643,1.6659613151182926,-1.6243869045404682,0
1.027440983692651,1.6932759686796237,1.0956751027617346,1.8929858254312433,1.5746473155328038,-2.0853349406053554,-2.2580705489431203,-2.0661444287148614,-0.6973819677721768,0.7252765667745492,-4.541927473026774,-4.0546058866501005,-8.376058280591495,-3.4238699971052697,0.8102802499754291,1.6644039168534066,-3.3248453626216987,-1.4408469541403333,-1.4737140191475175,0.8293028498457784,0
0.3296182343981416,0.5224719609067088,1.3459727338810006,1.6598858757433006,2.774146779934264,0.8164123976571149,-4.06209480353615,0.6890680613308426,-1.0048782252536892,0.5890860749745981,-1.3035823396479989,-2.8574104324756626,-6.1777799842339105,-3.1360984538819037,1.2955394212916413,0.6881381390456744,-0.9971941274388937,-0.9103976836191963,0.47815620164345984,-0.7353133605586162,0
-1.3373228205706227,-0.7783057353395457,0.7631426866285118,1.0761303507539848,2.003897449118178,-0.4175660590141076,-2.428617141088477,-0.9535845753786159,-2.9502775973458304,-0.16980319439240066,-1.9583554752123191,-3.1616323056631352,-3.365343842925763,-0.894104676311742,0.9290770513341147,-1.2340593823904022,-0.585293123866928,0.7365762704626347,-1.093169267759037,2.3911693397575586,1
-0.5267391908819099,2.2128793350562495,1.0836635401508583,-2.0495161573567238,-1.6762503266148998,-0.8405207602940199,-4.213510782442581,0.5363198520492901,1.1699526499675552,-1.204089515841476,-5.212846357487142,-1.5890503502939326,-4.835304591040701,-2.3607285502896103,-1.9133446858971763,2.6354165973936747,-1.043908763184629,-0.3780968541848281,-0.1626847138496299,0.06563832183586649,0
0.871024480536483,2.962710236943768,-1.477927711713086,-0.5132451659699948,0.6689814311623783,-2.2691824551776887,5.61454177439025,-1.1259492225854189,-3.1879181777950993,0.35925881835654694,-11.111743958106826,-2.313485791092455,-6.304893600664015,-2.8578824457190715,-0.04451474143436107,-4.77794816824335,-4.823562832999524,0.6498968050256572,-3.906509941326094,1.1826968382076426,0
-1.5961626210467634,-2.3383682406812887,-0.7621687955770653,1.8794834040025705,-3.8340474988260924,1.3660535989380755,3.3307795823676445,0.4173149607280551,0.46110067000918287,-0.7596121060476158,-1.2724931749311137,0.7051061358351023,-3.3226371530927854,-2.887919241250785,-1.525982331545277,2.251733418028768,-3.268452463427769,1.4008792572496085,-0.08819786910382255,0.2937815705858944,0
0.5657160088032129,0.10828204009422482,2.5298199714560496,0.9724499439867098,-0.9675060873867192,0.7563189406358226,-2.8810097982005423,5.102541448804841,1.6488224598099452,-0.12237298479157305,3.751262281825747,-1.3852871037292385,-2.8610982951910784,-0.6620921095298739,-2.1692723749368716,0.051697757598629046,2.4442818703060096,-0.7095594521495487,0.12094295123648613,-3.1500846581502073,3
-0.24873936544775344,2.009743478553111,-1.1077717216089864,1.4512573728731726,3.5671509479567636,2.5655622202043546,-0.4308708748973904,3.622254530829881,-2.9938349034950296,-0.9286441554651748,-0.7926405540031922,1.7778049011491306,-0.9968756531253729,-2.7316372713581636,-0.1707075290272967,2.5077392039614312,-0.8007628072265321,-0.477206022184578,-0.17279483194293777,-0.44141398501039586,0
1.3110883441523247,0.8105595829078678,1.6025089154336483,4.250870247238039,0.8505782188687263,0.20006183306625508,-3.137422374022399,-1.1478224669309824,-2.2722925903532936,0.370877903455671,0.21623485740063708,-4.097878732203542,-9.783685399742566,-0.05096198075428293,-2.7814359471550585,0.08233455947108215,-2.6330560840213977,-1.2507322884010401,2.2742841029634877,-0.6195640877754627,0
-0.7272505557323016,1.2836411438800717,0.6652356776286298,1.657722165512505,5.52499989933489,-0.6718962452415039,-3.1983244136516684,4.9039195302680945,-3.565650162259709,-0.9686448863721446,2.973389607925062,0.14518942966649773,-2.4679650776136772,-1.4328966949533144,1.7875070853217965,0.8198429640862724,0.21560312141025717,2.087720481677295,0.5646810178772592,-2.55792004983428,0
-0.7310841045075327,-0.6635827460895816,3.1416636353908807,0.8212831043364882,-3.63368918380102,1.179763381798567,2.121540361604105,2.6519886669844115,-0.6980335270395204,-0.15439277402181664,2.785885126970484,3.022074113746621,0.3023382216658419,0.06899672609992868,-4.445342873859456,-2.1036079801223444,1.2185220713596392,0.7604105018926068,-0.9722346162210582,1.7276068530495934,0
0.167285452454499,3.6395408110237057,3.099287157272493,1.9174421457712993,-1.6763558737711193,0.6836678612285583,0.34167915584014513,1.6684978046265888,-1.209863587102822,-0.4743991613703914,0.7954604067920593,-4.404797713529703,-6.542058967887514,2.803456327509571,-3.02036466011113,-1.4336461399227485,-2.2921902155926945,-0.5844488575066139,-2.457572743817108,0.8383642037048782,3
0.05516451846556768,2.9310185958606443,1.4321383978491933,1.6889160389329505,1.253123878893807,-0.5602833661721806,2.5997754251217855,3.838920833754152,0.38931271192103756,0.14737436927986808,3.9440463910523844,0.7412924488099197,-1.4735450308762073,0.44809426442421696,1.0727021641623877,-1.5576561773064146,-1.4621805078646926,0.01778874035591434,0.7274019588407259,-2.7800984709695453,2
-0.9400765619359723,3.6459413462629344,1.471313852766979,5.083581488625668,7.894734796625925,-1.2440115841734893,-10.769292786979841,-0.09961232872483272,-2.2681187134441294,1.7059709782777823,1.869992509803362,-4.281325507365013,-8.880236597950757,-1.9123675141099392,-0.6589271317837915,3.4273723352208387,0.48568338985137727,-0.17346228923435192,5.290346169305823,-2.061918700721047,0
0.1671120713101344,-1.564214495088712,1.838937632225648,0.0023600813249361474,-0.9801016923251525,-2.7412122319176313,-0.6324728001818346,0.6376013753755199,-0.4095632410367124,-0.22993543336592584,3.25532673235714,1.2367356668877592,0.20288831292063408,0.14090607945292555,0.858593664022308,1.0135949161660858,-0.4302336752317424,2.3883125148704045,-0.23075851388130575,0.7716033043570698,3
-0.3851990372930205,1.2818921319248124,0.8646441069903172,-1.5370381498014178,-7.093720031472708,1.0542961460736011,2.8020653845578494,-0.06526033859463043,0.7401318873977574,1.5131121538991341,-1.388153361910217,-1.1495831967756942,-3.1509067300000497,4.856112762147703,-4.985846615862009,-3.814399595944115,-3.0414813115686377,0.4852924671514477,2.679853619226857,0.01815832905348569,2
-0.5545275110498058,-0.9581981615842354,6.320828833086214,1.473789223143487,-8.512381499532095,-0.3567721026879102,-5.674620296206468,3.5875691964627476,3.6030055160340497,0.7882159650817011,7.4290108228723115,-0.5070573687213167,-4.133464658697675,1.1377626003206185,-6.42935155009001,4.196420517890456,0.5972157189210541,1.3215700931490708,2.8608862567061246,1.946123056215772,0
-0.8604851538880623,0.43428474771545933,3.916627436504087,3.796836629305367,2.7042446968976592,0.778985659983068,-3.1654816423891146,-2.294303215882407,-3.457531787331934,-0.6474563815229777,-0.6479193146556532,-1.2648746776870374,-4.627237425754053,-3.3624696483769374,-0.4643910559811084,-0.6474310227094044,-0.5071635951190323,-0.17443791695544159,-1.1931554468645644,6.079488831179796,0
0.5818187679132188,3.2588309159910076,-1.2429361918784574,-0.009350684479973115,0.6552027062794377,-0.31854848905002714,-0.1772174389649229,2.119755707334766,-0.8450159950234923,-0.26239668898122903,-6.516248126765911,-2.909528050848711,-4.529716749376025,-1.9604731903293993,-1.48297622464722,-1.6457867715195595,-1.6513553371337575,1.181954097551536,0.3409461838533727,-0.29171177839260753,0
0.16949958375604593,0.6830940733149455,-0.7147614665142412,2.521533889910557,2.4799644737494906,1.656199105651475,-0.2325734006114085,0.305729635016614,-2.222226741474543,1.36701688224365,-3.2585184961370595,-2.02824739696847,-7.327659231621812,-2.7269754587369297,-0.859836556254254,-0.9214394358030555,-2.1183980217254916,0.1312679917282588,0.6573433515154761,-2.4880485584916947,0
-0.5216987674946778,-0.43709196037495035,1.9202201515544721,4.123722407900572,-2.7761668685250993,0.13798880393880966,0.06446204185395493,1.4815537788637825,0.2344670396227213,0.5463509281213684,-2.756319540273797,-3.7613174613610343,-8.23630779678898,-3.860714296360961,-3.8171459048859386,-2.6233816878084704,-1.5139216226653112,-0.09301567407702215,1.1876403960400315,1.5807284947610905,0
-0.18888375749103034,2.9627388144857316,-0.5431396254586952,0.5306507946653156,1.9248634689371096,0.18216936105429726,-0.4999878226402455,-0.4079043963410498,-0.5811588608312594,-0.24315506777920354,0.8688517262846251,1.7285650753744721,-0.07915645902221218,1.7098766783599824,-2.551521259587115,0.752379661506853,0.6895180364703417,0.2919895190428795,1.55063926440282,-2.216705878847594,1
0.898560836564361,2.466889022035624,-2.104899106874788,-0.9472736521412932,1.1024250454732305,0.09687050705253403,1.1638997644959195,1.7841795615229314,-1.9488253936434765,0.44195894069044134,-7.044763761163358,-2.018822679047118,-1.762678628862987,-1.0403079835101756,-1.1987149798035217,-3.558080017921887,-0.6722528978294595,0.5490363591351998,-0.24452519322771515,0.30495540853046454,0
0.3303437898113395,5.1544151942718095,3.623393839828236,1.935873384128528,5.203953437633762,-0.16441185000741868,-6.3633192245806764,0.9525986421353072,-4.995387946987358,0.43864641475231086,-1.5271999540833316,-3.3237198933896352,-10.732202629973864,-0.9068724141090306,-0.8983691186320506,1.2336650231721042,-2.733469639363756,-0.8010534075329416,-0.918527291266076,-0.2133686194962925,3
-0.43298875638731427,5.106765032695913,1.3707930395710695,4.554403443462476,4.5909282929237225,0.359393420467794,-2.1371148287636075,2.2660283974250013,-1.858174486280266,1.3867936408265096,-0.9649867091431333,-2.509322714442556,-6.845150803527517,-2.928396027987784,-0.9602988228302812,0.11885246923547221,-1.6720336035118541,-0.44913281426556695,1.279591242635028,0.16407002610264199,0
0.5904023582183862,1.495086972977583,3.0244314076366914,2.1292566421293593,1.546113959934412,0.9011798655114219,-5.65506091255596,2.3874169219972767,-0.4260796585904305,-1.522602919131543,1.7465676397485155,-1.4780473474312286,-3.9584259264570814,-2.4583368722541286,-0.7052255784299328,2.296174868748282,0.4771865869623104,0.48305243410380566,1.1749132896867138,1.412159026774336,0
-1.4727860701454607,1.777697119346381,2.368210499570839,-4.645424364967341,-4.737787682115044,0.29544993261616215,-2.4098134251185384,1.3854863819185925,2.2887907519322046,-1.586238995016163,-6.83291576871202,0.7089152082556056,-0.9885114200749451,-2.017014223152322,-2.6851421470300374,-4.389254517698888,0.40310028046933843,0.7828400298116547,3.012984905684388,2.323325298504165,1
2.052948439459977,-1.0383487867178216,1.6968314150327162,6.104105476022231,-3.047674887411693,-0.012734156097016527,3.755312893624794,0.8932299401748408,-3.506563573039383,-0.29414256957527635,5.7827754222911985,-2.3090507018015742,-7.498360418132883,3.873647808830931,-5.122752688802844,-1.5872680610011733,-3.740099494785697,0.40139339611613956,0.6756731554189662,-0.3499973904103517,0
0.8473134257116071,1.1628123907901775,-0.8341962664045849,3.3377873862215393,3.4665371011126687,-0.26395544956231837,3.150285037373726,1.4143120030720762,-0.8148518639480873,-0.39604701749923366,0.5872633352007143,-0.7858428411604256,0.45462061067763043,-1.2393680538083323,0.4983483461313787,-3.3855175412842518,1.1717101926726197,-1.1763378132400493,-0.6173478790896665,-0.41715215509713777,4
-0.9249230203786495,2.1458883904641644,-1.1078499901752863,-2.0575825094963225,4.7370724849896115,0.43798542235555277,-3.436654197242441,-4.2473819591208635,-1.0053338933064162,0.5683900166935717,2.6167955154802423,1.2507563160164523,4.650373966681517,4.716301201998622,3.4982891804661964,1.7652383331565324,0.4781504870795721,-0.6065667262392622,2.4888051095919774,-0.37518630903022676,0
0.5945928416180896,1.5641425288554798,2.991223480755072,-0.4918015360633494,-5.021349360020654,0.23964557488965957,-4.486465017932602,-0.4816803324591499,0.4885907336059072,-0.020641213396210577,-0.8856706941234127,-0.15650025920609212,-2.6948269709860666,0.6078829064055813,-5.770878784006924,4.124914124166877,-0.5316025857316461,-0.9255423483832368,0.5571602135392644,4.44168580452331,0
-0.502034343538774,1.4331062870883917,0.694171446955139,-0.39472515857426704,1.53423104755205,0.9622229352798737,-0.1404374678318281,0.659768738350392,-3.4598266870317453,0.1682970306283031,-7.096851490071679,-0.2579038559330934,-5.371305956731926,-3.610146663554129,-2.024490178439698,-3.2661496430611785,-0.8440651877228029,0.18446691873209575,-1.8404509168897616,0.6236397684134867,0
-0.24654945493027114,2.007392469768604,-2.449414863994682,-2.2871905490567053,-1.3345529562519522,-0.07024005097808525,1.7991880324265788,1.6069889667938457,0.9269664052190938,0.9421054703690607,-3.3827194227757107,4.696231961447355,3.348199668750093,-1.3083621123624192,-3.4084752202401787,3.1598987501992384,0.8337485494495094,-0.9034310944593489,-0.3093854011865007,-1.330416822957096,0
0.16848457166525754,0.8232431514521475,1.6432599841369435,6.711458215313002,-3.875009724909954,-0.6286228165629552,7.95772033390452,0.7753883040347809,-0.2547413751438663,-1.4506905531018504,8.518128117359998,2.6011940772689597,-1.3854476597683791,2.9991462093646626,-3.647767530297842,-0.7352299009111452,-4.246726925588955,-0.7469458409261024,2.8999025268480363,1.4102143389787534,0
-1.7385661777233463,3.0965151970020264,0.9471415003102696,1.315214499850792,-0.45770244573678726,2.022608221106037,0.026104712518216,2.298701409647264,-0.3830582757738452,-0.13732293077360228,-1.0178591055423942,-3.0444337418395637,-4.943736771422891,-0.2707718062275456,-0.08087142923692736,1.1066240282140578,-3.347349094715163,1.4255739081662329,-0.7464146190485217,0.5781848454879682,0
-0.4622637830618063,3.2192773323420747,0.2830052549945068,2.2479055151501846,3.896617283747397,0.66863583518759,-1.3938316356306473,0.1607049814410625,0.639266916755298,1.1032323861215487,4.770477743994866,2.5075986425502848,0.1412667231876336,1.0513869706076409,-0.26667917615611403,0.4414639274740736,0.7080419784239793,0.24513021353005762,4.931927691944422,-3.5560939052232126,0
-0.11879900747216757,0.6643119642820878,2.001109495103348,-2.384744626269641,-5.839327667287438,2.3129106297608737,0.1630365691395168,0.1253801466607508,2.7348739773070077,0.710308329943784,-2.557633924661522,-0.0224113283015851,-3.11668844197225,-0.3995518166193377,-2.1570444927053,0.7912730015815035,-2.216611224142432,-0.6197872470460756,-0.1755267732480097,0.3947972079811042,0
0.8743035593304357,2.1656780269506894,-0.03728023344445042,4.383406761083981,1.1088228734669783,-0.2785259935100543,3.1365287811078657,3.3936096107180456,-2.490419635189957,0.7822662040883062,-3.4176754896000934,-2.1093780643953526,-7.59217087593288,-4.198503404086682,-1.8853372369779149,-1.1293210554569488,-3.3450304848336856,-0.5734975834412411,-1.4224693053796864,0.023801254646151238,4
1.6434330340433165,-0.9026862614408688,0.8636393226857874,0.22394794368078808,4.680085344181481,0.41982537946983184,-0.9762027533544916,1.004629702264322,-4.587257941919962,0.0877713204927788,-3.2496303948565437,3.1686101265403464,-0.12098305143653923,-4.088480791946916,-1.8321813886555054,-4.771631546557616,3.9567670951428795,-1.2445609787731822,-1.5463335854592035,0.2557631757059523,1
-0.5658609208476936,-1.4395835864184119,2.6503322794727966,1.2518304518238863,-3.2448545665725956,-0.5069639536957192,6.485588992005976,0.29868210370705905,2.1505094077753926,-0.8812798813350062,3.905144884653882,1.5040523767933203,-1.7258913543422756,-0.028628453630061612,0.6478793041716695,-3.0122316597780854,-1.6641099005042528,-0.07635165819076954,-2.386333028274385,-2.224103030244488,2
-0.7515103168547964,-1.0566249876064253,1.4177355731020747,2.0324498318805255,-0.6194517996023642,1.0861646626890535,1.9760536141803633,-0.5012213201738074,-0.7629367041927224,0.08619527774649824,0.7457189637895274,-0.4607015787181795,-0.8390312343878583,-0.685567809879865,-0.4993243070918735,-2.38322172458078,-0.07773994048033195,0.5331609240494386,-1.1626183826589538,2.2468762271217413,0
-1.1241905157208945,-1.2141075484538852,1.2061368222396722,2.2764613391117425,-3.398519358547432,-0.10855462162592926,3.379957908480686,0.238512946221335,0.5215712605590486,1.1295805328737183,-0.7567837918417126,-2.913353351337278,-5.699253739858284,-1.0549814704650138,-0.8853729814888162,-1.7091145381445372,-3.01087261638051,-0.5910296870870915,-1.6011318472177671,0.2318964177208842,0
0.3192451130125196,4.65240366107537,-0.7203275687018891,-0.3966274531992755,3.635053833533355,-0.4390770615296969,-7.541508005019278,-0.22140978581607396,-0.2299626603141025,-0.9244843153079983,-8.362998162508662,-1.3357264436645413,-5.900979454105389,-5.151879995195342,-2.881290981494292,3.8236073350811774,0.5185405196248996,0.6189903292538252,1.993125114684715,-0.5704229460600023,0
0.9570739876364706,-0.723403149831573,4.736067070772666,1.2352295010305263,-5.9636289398182685,0.04730647002417452,-3.785271675358106,5.659179699753953,0.2659499777206149,2.3211550519886948,2.636211510497655,-1.5016955312289562,-8.843679362750093,-0.8463167158248832,-5.638580721603127,0.3315409916218581,-1.3631169233136298,-0.621164001993346,2.364850969641862,-1.195990328275431,0
-1.1608584019964325,-0.8164970081035401,2.0490921681255063,-6.5647376120567005,-5.808725173558641,-0.8352470621876973,-3.205411123573265,4.554042929250192,-0.12244496917732905,-0.7000702516112512,-6.477626773258452,-0.24168621089055864,-3.202337249092172,-2.2621712436664625,0.02322355003608345,-0.34704573647868786,-2.5267728829183183,1.6245849793808549,-0.42769033631961384,1.374249560648548,1
0.06120700396727197,1.1993987312162864,-3.4862046389156953,4.102851331197626,2.310462624676698,-1.606116285792213,6.010339264129555,-1.3068774775907166,0.7487682496979305,-1.629881844350685,6.207692290176433,2.935075075051037,5.062056429154996,2.597739684184008,1.132968173775267,3.1151570899365106,-1.230041332208332,0.3522553289035765,1.5872503452718505,-1.6638009855029379,1
-2.00717602239727,0.41228378128846876,4.432435040358227,0.18304829059777206,0.7349712283511908,1.4714608822457016,-3.7399452671669104,-4.13447934041005,-1.5607216779644597,1.318115670750878,-4.373306809539044,2.2513368458283716,-5.628122741396379,-5.290179510480738,-2.778070551418347,1.2096807509675207,0.4322394615472729,-1.0702450537354926,-2.950029918074499,3.1207669697041176,0
0.09195528662964923,0.7352990499840257,1.3120441414946225,3.9812947359266877,-1.158671531749174,-1.9777174890085756,2.1671279814950464,1.9659625692873464,-1.0784037669325488,0.8755257497423468,-0.480221917712659,-4.260618724531888,-7.289886177816577,-1.4161138462561988,-0.4089291552034343,-1.5680998021213084,-3.9624164089735143,0.39357617379917365,-0.5705074153221856,1.154102541682417,0
-2.5792803977882994,2.665274969245975,0.58586379214661,2.189545244885416,-4.753671424639866,-0.38024276460287726,-0.002743458174590907,1.3545370395398266,2.849283362343459,0.228640138880106,-2.046292986482507,-5.7912908035585815,-6.03691659121923,0.13108868562172882,-2.16483988568441,1.3292450478158466,-3.9709168241320607,-0.5177763756294582,1.5788507327073562,2.0510007737038136,0
-0.8880270903243329,0.8636196667403913,2.687631508253961,3.9025852666403797,-2.3559243155490917,0.7848947052772758,1.1268179025560625,0.8933355683291551,1.472015286165198,-1.0011286652925795,4.8793008664865205,-2.365858019418572,-2.5413077771529724,0.7288773945558664,-0.05323840670305069,1.148613984071758,-2.404635913723478,1.523130007210715,0.2985865609250169,2.65115285845432,0
-0.6181531426624772,1.7254061069226188,1.164041545328872,0.6566978390948734,-3.804303825435385,1.004668483096575,1.7267127706976562,-0.22980552369214924,1.620480628512471,0.9945420009003302,-1.9478333095890772,-2.803462188860634,-4.530183082552591,0.018042367436887696,-1.1104864633931373,0.8693409640990537,-3.6044485220476026,-0.3844408369092258,-1.2246400115450218,1.4244156266129324,0
0.2676150584813635,-0.6079261067308632,2.5115947599053072,1.5071290514242328,-1.5557937789984748,0.48476982860950335,-1.644268157083476,-0.872113426253118,-0.3702895341206518,-0.40521843467467134,-1.1840201183659693,-3.2691030453703545,-8.978845674373307,-1.988389028725511,-0.27066447297497664,1.7313923519780343,-3.4765673977902476,0.9957861202844919,-1.7575626888311007,-0.40006622982129714,0
-1.861362509644968,4.224236112096309,-1.8781566565102912,2.1141716414900165,1.4870036809587883,-1.7350163759061459,1.8811771966631912,4.016245564829834,4.023123447639895,-1.2616957149612238,1.5829763975901667,3.7549576162715073,2.2999260170738314,-2.6873965739111445,-1.7213328730009665,1.6602855492198796,1.2863428028177695,-0.11327582556141473,4.664771307945916,-4.152562609687032,3
-0.48473237819297565,3.7695736980594647,-0.10356729019848654,2.5427386689895815,0.03426895720527525,0.5390357454589975,0.5136295063359673,1.0177846438074265,-0.12843405553133902,0.9987894719666116,-4.891722755573905,0.18701234411396728,-4.01977897609376,-4.531772888481259,-3.0718907269509965,2.252642117270547,-2.146347283798234,2.0409470601154904,0.24285756658665336,2.444373103413451,0
0.10500721489213552,1.6428683358325091,-0.06968384733427735,-2.3203980348993434,7.870335260631797,-0.2772875847536523,-11.59756929837738,3.2438697892454593,-4.203445848732368,-0.41991432231524006,-6.235709468239129,-2.601450283151901,-5.346651066078814,-5.599149981747558,2.5096651455623373,3.9800181770990752,1.6692445632229003,-0.7103107481262934,-0.8728614529353733,-1.4231973965497828,0
0.7143781072870856,0.008095858715381987,0.3527429945395776,-0.23568773400893162,-2.9738590735732107,-0.52305623892149,-5.511559157579026,0.5554378137259465,1.9397064969042868,-0.3485174659598175,2.342914558689633,2.933604637679285,1.3719835698840175,-0.004849990925447467,-5.435707343336619,7.174099101758411,2.2515006617497297,-0.135854897092692,3.2073575014987927,0.3634619121955158,0
-0.4030475738036685,-1.433153069392176,-2.239826946274688,4.913542946629228,8.31051105616147,-0.6744937059980538,-3.9450271872303935,1.1922235006710957,-5.522370422697314,1.3108417805330126,1.165492707739949,-1.288468790143529,-6.167978174913836,-3.326588011470941,1.7446560446127104,2.0138475393177364,-0.7882579436975656,0.957522128412558,2.57592740020519,-3.894879246519346,4
0.67893715936758,2.396208252419135,-0.12495189047943067,-1.6990671189085207,7.898414368512434,-0.39431798081428227,-6.305219418687313,2.9398184309120494,-5.856693935764304,0.015257004077315405,-4.8363783756586765,-4.467511906119988,-8.09656690351326,-0.7230049261555489,1.5440745055561709,-2.630236158527452,0.5344651216117771,-0.127525354538171,-2.0699735986358463,-5.470074716082526,4
-0.7134814418575092,0.8293563790256752,0.3145421136030149,0.886552159027273,6.537538195454904,-1.009349767949633,1.1084480206898475,-1.9495265364417698,-5.138079748918013,-0.4099769046306029,-5.634657277983806,1.7855999471616189,-2.250455156806127,-4.696862670448233,1.098906815728811,-3.6921293730778384,0.6156548636030688,0.18663810314277643,-3.8801916340938174,1.184138339636686,0
-0.089651660031252,1.1564414611802292,0.4431452762487539,3.139855460843113,-1.6072108744326783,-1.6242881386721841,6.0574005533199555,0.930862908887724,0.23785124302426164,1.267229957581224,2.1431441554972017,-1.8784373116676267,-0.3405485128391483,1.1587093769335066,0.9256382214507153,-1.597423661251797,-2.9862991067224094,0.4215701259235129,-2.014694558396035,2.4489240584579477,0
-0.49459656812533187,0.4799276573740493,-0.3445048585008459,-1.0245603332247408,-3.2523218237384817,2.3069441253953307,0.5010101752926945,0.686605527602963,1.7223153248470657,-0.5679308850113388,-1.1775634882407875,-1.9162436321489738,-1.346942465321287,1.2749757517956821,-1.3017310644063544,0.7859737367948372,-1.0836299146680821,-1.9768455703926857,-0.39242531164393946,-0.6192253630724667,0
-0.5595634660696852,-0.31042275007117404,1.5527909955743087,2.416795092734824,-4.846395129511735,-0.4820125986306404,4.5030690770748425,3.458835965755296,-0.6795458663357923,0.8529183421236263,-0.890233154795109,-0.6598122714407915,-4.784765373402746,-2.242155267401518,-2.754398217585397,0.027100491039418695,-3.7245843884369187,-0.572595236407886,-2.4285273168156216,2.3008197989331305,0
0.37870195990775973,1.8796467673478623,-3.358407298232302,-2.333281774856376,7.743338716316489,2.526082952921034,-9.828936129501233,-3.386138441168196,-3.212815751095878,-0.5764648992387994,-4.90861665163367,1.6384020494737195,1.4501438721446382,-1.0243177192798216,2.6026255019198152,0.9359336235755094,0.6015518195065335,-0.526167248591328,9.992732849218209,0.18599503997922084,1
0.45227960755954477,0.8821991178722717,-0.8986610811724998,-1.2638991740978884,-2.2497310380182354,1.0717847351124632,4.834548988847171,4.618345060189156,0.7681185093097982,1.2189414878978704,1.3197600782419452,2.308010322969214,4.494988208641773,1.7506750623164864,-2.1593182363748156,-2.1959425345964645,1.7293282269586845,0.9181245966034564,-1.6263990977801526,-1.61309300779459,0
0.7119749404149304,1.9717345520181788,0.20042138003840915,-0.3851481652728437,-0.5282614138559298,-0.8274152140858166,-2.9909082940252216,-0.5904427962929475,0.3165647311886439,-1.5047132730263943,-2.275416807903,-0.12279185971515783,-2.9684924249838684,-0.3052101355913006,-3.3065084655272154,2.1598846662328786,0.01855647767020696,-0.11042952073576444,1.2056474421845957,-0.7736074924805305,0
1.5620123769592555,4.392977895290601,-1.4914728408074516,0.33450131967937824,3.339048809384924,0.9944984014120328,-1.3798828066325426,0.9781024968340086,0.8610008425396471,-0.4351306900317832,-2.916849096216699,-0.045706317554206954,1.6101169205285453,-1.7025540534548282,-0.6529071524332872,1.4382470423157492,1.6758097988585656,-0.3311169587046795,0.2898392199562356,0.2027266477563172,4
-0.40720763851718617,-1.4083657722399994,-2.005712066239713,-0.8206650304663237,5.763892068082843,0.37971742685301374,-2.2719455787314233,0.6280409258994448,-2.4811037828051727,0.27101628024055385,3.509092251118489,3.3956115250938916,5.583972695151221,0.49543058131430107,4.094528081584168,0.7191303761981802,2.070260203459986,0.5818994401832946,2.5945203108187447,-1.7939450855249672,3
0.2934996407169068,3.771103006207801,2.411542042685085,3.321616556427788,4.056206061465127,0.21497274266798236,-4.105801092788007,0.8738143685440127,-1.3095442156603712,0.5040272471616077,1.2161629913396097,-2.4361411509213173,-6.597216997988712,-1.1560579555260544,0.08056695849142415,-0.2578927475439883,-1.360044685317473,0.16994187491759277,2.754535999690434,-0.6841035293602189,0
0.7170790290656974,1.4405588821617665,0.04597472873108521,5.243148320150594,3.4929053197675177,-0.2829038616022471,1.6102325174667986,3.7705075026519155,-3.370468689595206,0.934970358025097,1.2179389712363666,-1.8475604977433993,-7.001326948715017,-2.3958347119936905,-0.06016450358140657,-0.7705078667325849,-2.9566140547684214,-0.2777353888664926,0.43911498474874644,-2.0196791125739164,1
0.3419615133919022,-0.370616067238585,0.6334734933174793,1.5131788716142016,-5.80274830081882,0.29675180170193316,6.225551812608046,-0.3143894303178558,1.569978910133535,-0.7883441262403214,-0.45582938046743554,-0.7682168601138277,-5.200557364153686,0.9970209290891949,-3.291834120183494,-2.456525293334654,-3.75226966711877,-0.6181522682818296,-0.2538718125084607,-1.7446750183865658,0
-0.2558311149458504,0.8341312946527507,0.05590908991400356,-2.1457744234116265,3.1161126723934176,-1.5514110756597728,-2.935721495593693,1.8871238904206054,-3.501925891594438,-0.36468311697407846,-2.807792935515536,1.6083117632080923,1.426372057095224,-0.681705973105383,-1.228062165867967,-2.251597699005262,2.8917469680854007,-0.3428299609297368,-0.4650817636093507,0.37431283020485295,0
-0.37643681196459466,-1.4437951137676373,3.319335479523285,3.8775902309894326,-5.434445251638319,-1.1553676051924804,4.791262846005673,5.822706032114753,0.5885821246798941,-1.6540563056332669,8.071174921353252,0.6123037497911059,-0.9517938572819874,1.6074762878863482,-3.4006811579648044,-2.6085703730754894,-0.6446162046655218,0.4303070519692193,0.39190593030414567,0.5445297099649616,0
-0.42449336431905216,-1.29190501332404,0.09023554307812298,0.5156220627420336,-5.249801608781457,-0.13040223045252228,4.811187934553909,1.4080700685401197,0.45311251831747734,-0.6267030790475168,-3.8732794177745333,-3.2567660926920987,-5.518424309293515,-0.706345277366346,-2.2348358794487915,-3.544473659581204,-3.0144296897367004,-0.4027261558117603,-2.047561984267385,-0.23943981112056112,4
-1.1128396862784038,1.2910339017620949,-0.7169323706864228,0.47404689924605026,-1.2693079893688681,-0.2808459210763118,3.7078741573846523,1.8288240132103346,0.12460623949533955,1.0788216605529342,-1.3885715355660482,-1.5678307068126633,-1.0453288109187011,0.38836828372703813,-0.25946327124884916,-1.345420741600211,-1.6803970875810474,2.2561311040122507,-1.786007847157281,-0.1458613564696316,1
-0.12930238498704855,0.8620666865229967,1.4618133717523207,0.4536071507058065,-2.655631201843305,1.830104040519602,2.9435876178257714,-2.0085653729765083,-0.3368019188627819,0.14943586508308748,-4.562473462905629,-3.2172359530523535,-9.619330707821506,-1.6169414448158812,0.5412598900963299,0.5296749612686231,-6.40773812980298,-0.418104469572192,-3.736163130157573,-0.3928317805597048,1
0.5569230165083673,0.1298314518087227,1.5176780804604655,1.5955120339453024,-1.4326406942835126,-1.0694351753515674,0.717338168643493,1.2640204559124324,-0.05038951366440636,-0.379136695114581,0.2731963665494176,-0.40411322285371654,-4.241328391613087,-1.6974822305895492,-0.36406210303757136,0.11521717632055628,-2.534335999906519,0.20238350198792382,0.5360448604683774,0.14554378430519477,0
-0.25324339344778524,5.24418877879939,-1.9517221701180167,0.3813639891436774,2.5692325916738454,-0.3388190375890879,5.391168425931995,3.527464345680641,0.9287046281564102,-0.7795320134179516,1.4514672383345624,3.017316984694329,6.453259519480923,1.000484657073359,0.3062925006457562,0.2546736180295608,1.0895036746108668,-0.532960601735936,-1.8953364233501797,-0.8233942891550774,0
-1.164847050796709,-1.20789963040452,-3.0137786434114804,-1.0579453263495262,0.9415984651719939,-0.8539027033048113,0.24057949590030644,-0.6872744727094426,2.546781179526997,0.9284313052697122,1.4805158483514866,-0.35229110219314186,9.927033386242329,1.9855392563559078,1.022002958324364,0.9078707459233881,5.466058728299664,-1.2202119209380877,-1.6435665637063153,1.2956700942602914,1
1.5347775976944225,-0.2662519189199486,0.8657090986723572,-4.96536134695635,-0.3337907312743072,0.657761203944672,-6.484723239272034,3.0750610825728875,-2.048815583801343,-1.2160959049742,-1.6703724297863474,1.7551218155651642,-0.01051731666689617,0.2032425630335064,-1.783057077378964,2.935068539837464,1.9862791721489157,-1.5991421051070394,-0.6974610358716125,-1.3332015459257915,0
-1.6419553479546845,3.2047927522779815,0.5511322630403073,5.0699632761013715,1.73465120910328,-0.9386110774725654,6.49466334141145,2.2605219841361794,-1.7745991595858497,-0.7628380650254947,3.2520325698758015,0.0547123731502972,-4.95220411121406,0.801258701642743,-0.4570889655791016,-4.070001822547397,-4.0121598916020424,0.7000549035541545,1.5453724374523041,-2.705543794576017,0
0.5700019412929034,0.82933940886679,0.6624506841504049,-1.3796071015716165,0.0905372907239612,-0.22561837152864644,-5.165898468569006,1.6233630603329265,-0.8419602050822509,-0.10328818343115523,-4.4925315041983325,-0.8502897465876074,-4.781354109591431,-3.092645008935269,-2.1622449309569536,2.2844816724101817,0.09749427647843789,-2.277721405935463,0.14896711400234697,-0.6016384922338752,0
-0.32619014173094096,-0.22775096845371623,1.802576603569249,1.132143980945027,-4.469941501862538,0.11209705918121807,-2.5457046555103164,-1.0128669124660314,3.2773794209202816,-0.04989926938503066,0.570562611252799,-2.36176483489432,-0.7459459542812916,0.08302317777457469,-3.235576697791967,1.8640895453205641,0.9493939331313199,-0.5360014635746518,1.070882095638277,3.455207433376104,2
0.4288445484125269,-0.647032313690237,1.4421122913460445,1.089995071631835,-1.112241345224827,-1.8630039475308429,-1.6039491853921657,-0.6054111709230081,0.01730124481852191,0.495005745754151,2.2956237501451544,-0.7876511511927441,-4.020222289406862,0.9545173064683941,-1.0143014765803875,0.5051748043710762,-1.3284723292069764,0.5994445248268956,1.9255625446695066,-1.4871499840791658,0
0.1569265012539441,0.6947485369977434,3.0504935230969266,2.27407354033285,1.887332307589064,-0.11631971586511303,-11.074026511031123,-0.4026709226053329,0.061353707500179766,0.29241854743511353,1.185026912479657,-3.8844851244736285,-6.929176127449603,-2.4879794419769237,-0.7450055452428801,5.590404450496223,0.24165886284389493,-0.03956983884379657,3.1603366810787636,1.465632591376619,0
-1.1341656413373087,-1.442464760687463,5.224445727872627,2.3954887980891852,-5.344530608248072,-0.5253575550286884,-4.0697164608083565,2.224771145984721,0.5721804059497952,1.4693141936566227,6.4928362597104945,-1.95682442203948,-3.135919019535817,1.6992461595167279,-3.3931513016035093,1.3623373131357308,-0.29105243789632185,1.1480780061863713,1.9604431038262846,4.117569598238423,0
-2.0824007059021814,1.6467188997606481,-3.268758153671257,-1.865643619539811,-7.337236158598666,-0.02037145790291696,8.681992402208554,2.186322761516739,5.697255777269121,-0.6366824837233288,-8.080721348312464,2.5346254471825986,6.1759377856074025,-4.339813348824126,-1.8064518041570112,-0.35847372760412477,-1.456633390205015,-1.3821519397216522,-0.5954162814698654,4.49751258467059,1
0.018772721341306434,2.8379790807605154,0.4986580296939209,1.660095303138342,5.334083994162021,0.448876542408239,-1.7722119275103696,3.477614103705298,-3.988898394981518,0.7854587950717203,-2.0586084711770574,-1.8506708366944156,-6.809048467138177,-2.7691918189230806,1.5411759210912273,-0.618553104083103,-2.2212406757748413,-1.3140442272037194,-0.7381044696538346,-2.281350385423795,0
-0.3681076650607013,3.332818809583851,2.137121202312777,0.8119030317902546,2.808338490320225,-2.194671679382774,-3.1848211216988247,0.6572855163210949,0.0932079772287322,0.3252652041761747,0.7920809469600838,-1.660296309912699,-4.163320987438139,0.17789443421038253,-0.07717734373077334,-1.455025157267987,0.2459896791569014,-0.7990297240388818,1.5502694994669355,-2.2354251581268665,0
0.8864755616767508,-3.0359077026572976,2.8271195379020995,0.10777118954916609,-3.302315278055991,1.3852626027871713,1.8667209682078223,-1.5396046765699394,-1.8947185559425317,0.6962359342271458,-1.30370517392045,-1.2877821605132207,-6.286248824182722,-0.7569387371811812,-0.5933818480244035,-2.1070025344678416,-2.8870582406591536,-0.43532069856970995,-3.5150984500165956,0.8574813013939241,0
-1.4861949214189885,2.5008319320502466,-1.804552632872792,-2.2760943639962283,2.640188712825391,-1.8720249250550964,-0.3774459312994304,-0.29723415364678174,-2.3969916008823966,-1.0680260433691868,-9.538010928249651,0.2953544877910954,-1.798145603117596,-2.963462305548757,-1.872489430610048,-3.068972120408484,0.7592865002084808,1.2551268787366026,-1.0630668742593423,-0.22111189903698114,0
-0.8427976078085702,3.928335515620158,0.1823393821190482,-1.5659948800705852,0.3103152312220565,0.6363688547798483,-4.830241564016022,-0.5584475204005246,2.698637548401137,2.5428964457436356,-4.9655502506209475,-0.11779894951875292,-2.787068656908198,-2.7322878923360516,-2.291221875338385,3.1524055082070386,0.6070597534488258,0.5303228814368888,1.9015666035553989,-1.055548637592796,0
0.48954506214655863,-0.9556708392488364,-0.6411280372963397,-0.6778282008298608,-0.7549804333471624,0.1751007550317895,-1.9961030064633114,3.745243670091595,-2.3960785737906267,-2.47446165833032,-6.061601901897818,0.17265059420250695,-4.053505069985619,-5.705896609087698,-1.8050829751729855,3.3121799051126946,-1.1317343859281694,-0.32770882991310246,-2.2800665786009633,1.1066073488629038,0
-2.22569847386997,2.3769784022919573,-0.7716010808916125,1.1297948431270965,-1.992921266738538,0.9888247717224872,-0.17542079503178293,-1.6580123343919304,2.137350150199546,-1.605699780470328,-3.7487809898971167,-0.6933720870676274,-5.207207839312635,-1.5059393041857083,-3.64117430586328,2.2189953772659514,-2.189665370789281,-0.7941019854503925,2.292318163173078,-1.5615641633411457,0
-0.06512535691024236,0.4203885223134046,0.10722336367616125,-1.9219218464487278,-5.851786555325683,0.264457777444623,6.510525198340486,1.043025667289822,0.4900230522197042,-0.5793081410981639,-1.5251659161710869,2.4306009832920727,1.2401786007356053,1.9237579312185846,-3.716059178750698,-1.3372274163007027,-1.483671779514049,1.7325889435597563,-3.2453644927340166,0.48083864810570454,0
-0.3551096540513208,-0.7084006118898987,2.394860141514024,-3.5609907194272314,-7.730632270995125,-0.2396816123317647,1.834092952676032,5.170393671936336,1.0464647902692024,0.6791273336702232,-3.452107131694414,-1.865757611373661,-3.044209694622114,-0.9522395978599865,-0.7925046839255518,-0.8297074998722247,-3.122634412568971,-0.38728098885823053,-3.493015031066471,2.1221826852930388,1
-0.9025208390139428,-0.1690392717818534,-1.0730968699734187,-3.0665075514525553,-0.401400207873187,-0.49398062965452055,-1.5897071744553009,2.161556011285729,-2.3628646971329426,-0.27659807959742916,-6.6564328830139425,0.4955065938776855,-2.7739482187242546,-2.772574326781146,-1.8798468619198259,1.2557816976513625,-0.2961364761415295,0.711593538024513,-2.572894811352927,-0.9431176813810964,3
1.3028861701475567,2.1872352345648767,-2.407715249670904,0.36623784552389105,0.7854565493578011,-1.3681679306909678,4.576957655625135,0.41226777919728397,-1.9995661854490439,0.8982131769939393,-5.574918929307071,-4.516712515467301,-3.0375833063186937,0.48024146391793265,2.2140761050806357,-3.0495791563273724,-4.277705128664246,0.7321628919054022,-2.3786655273779567,0.9668531950545818,0
-0.7778915557806669,2.7837191618546857,0.8751197326353407,0.7443414212592976,-0.027379536452877273,0.7457470574309127,0.5692839623504702,0.9774687789362675,0.15732089641332547,0.3101543210212768,0.18116457958165766,0.2902753276791399,1.3774456707272107,0.23013765391095142,-1.0920691270751792,0.046626299521076664,0.1539309082839131,-1.3262640374766095,-0.3885937898155155,2.632764496274196,0
-0.25445846357591556,1.1427597818660373,-0.3199278946463443,-3.296917868200901,1.0638735476276866,-1.28564246083918,-4.759348125838094,-2.285576330060117,1.28215637339401,0.6527957835644723,-2.938686074546024,-1.0542906801183753,1.5962465411881264,1.142259429345358,-1.015826050091883,0.8619784176706466,3.513160611255535,-0.7351761285088744,-0.7850834391120987,-0.7658693506134522,1
0.22515969346400055,3.4326888935145017,-1.3273380727169242,-0.2463194756532474,-2.294521350520882,-1.7284530384221535,6.150587067587389,3.0022304045742363,-0.6577473761854953,-0.5713519767967743,-5.521895116565921,-0.9662479886659433,-1.4794016042726204,-0.15653395082793897,-2.3367791908821554,-3.7178398362663647,-2.601801125687736,-0.07143298874365092,-1.8978246641601166,0.847029865176086,0
-0.6686488740184962,1.5191448085356063,1.5206528317288288,2.461356467220095,3.6358920955206253,-0.09356163618724354,1.9107275374847665,-2.5876725029820458,-3.7736280740030437,-1.4128595963548467,-5.021064953330403,-0.20926308517376668,-6.540108913499718,-4.455292854964691,0.5976794060341895,-1.9982528354164522,-2.8404611121928083,0.9580677195896263,-3.4975359651586975,1.8664177006097717,3
-0.4917980686959597,1.3847621390185756,0.7190695113818057,-1.9076176640368132,-3.1159503608860852,0.0025098098345004856,3.2758418216314595,1.3308635811582676,-1.5110171929902743,-0.9359817268749496,-3.7547355511417337,0.571307252671736,-1.2127865783826812,0.6699884545159758,-2.5039377292128036,-2.4682966835075995,-1.7287050841206864,-0.42658260281317845,-2.607234158657813,1.5610446179657433,0
0.40564851278524255,1.7766529431325209,-1.6270868878581037,3.3742837013792544,1.8532788742355255,-0.7921409983431607,5.197322030525199,2.2724627877062966,-0.4786677177531258,0.7579370200416324,-0.8296661721283739,-3.131679709010026,-0.8028412203804135,-0.49773393928534393,0.683648733025858,-3.411619914067413,-0.7018669397647261,-0.5310323596109858,-2.038168452686836,-0.11998977624250351,3
-0.3576258936813258,0.1688936965960126,-0.9836702815980038,1.8681172281548397,-1.09280418473421,-0.2287160073639607,3.0677348817013774,-1.9800094152687175,1.392618823806723,-1.6205542805499977,-6.5364185546258735,-4.4423428432380145,-6.214948469572306,-2.689436664760367,-1.5343246558648072,-4.207160495447843,-1.283422942551311,-2.62599450735537,-1.0497467014249353,-1.0093965359932433,2
2.132645531703312,-0.18653223999317592,-2.45982983233204,-2.3810974778089595,-7.38147450305112,-0.22165148437435295,3.3800335696289276,-0.3578424060070978,2.302854234545053,-1.1566082498683836,-8.173560530193182,-2.3418068272153363,-3.1057924819205294,0.6973636905794651,-4.4226697138714695,-4.271437031374514,-2.699019813609903,0.42726512020058005,3.2928244478058875,-0.26732958216080593,3
1.4637518030426806,2.654596788256957,1.9816866614318456,2.8238403711022557,5.769873612878267,-1.314744357078559,-7.513607791555832,1.9908812623942143,-2.712814321411522,0.5018095249542994,2.06175131930613,-1.8645338348536638,-5.013760832743378,-2.0897584793456554,1.2504539724471977,3.070835303415093,-0.38518665355557113,-0.03846439050330999,2.524321512711481,0.214802565836,1
-0.9704307635569106,0.6451414776025803,0.9104704534784382,2.125186684083493,0.040888986492579694,-0.46814028550856523,2.148457094010211,3.753788640113121,-1.5773103372895405,-0.6857624975198435,2.1108761946552037,-1.4797280565091278,-3.1868844414096302,0.27095028650605735,0.18441616490156543,-1.844334670211873,-1.9828307397309304,-0.5096326558879345,-0.40486818665102464,-0.8412029430722008,0
-0.7050163757526768,1.5025140989212122,2.724306005183905,7.541390304183549,1.543860527262293,0.4887986414030439,3.7641564678359707,3.6879129513757807,-3.799160808497118,-0.8028382337226675,8.009690939834911,-1.445927843061463,-5.988026093088631,2.0180743190639903,-1.8296672309954527,-3.2080995840949145,-2.952898340238449,-0.020566058960239518,1.2289024476492671,-0.4667606461106193,0
0.5077243841498703,-3.182690363725241,3.906982014018415,0.6874474833231992,0.30313559584966365,1.3632432582414573,-4.1660355015668085,0.31313451419683913,-4.351769545572203,1.0338104350860065,-1.5104633775808123,0.19159139195045394,-7.3378992230582885,-3.3684556169065054,-2.702730193645535,-2.819015454291403,0.6332242343249368,-1.13156945929172,-0.5807839348858483,0.5486436906185858,0
2.2038520971122035,1.6569870174910495,4.514405805251807,4.548537207512977,4.672212246633818,-0.06494490837797702,-7.121491857407612,1.717170021319033,-2.7395755748028874,1.0648809812421383,5.362752891950573,-4.065526486739966,-7.831012038241402,-0.4151095862648362,1.2832736142444707,-0.12173107603172717,-0.8486941552527176,0.026110352955185868,2.79683672278898,0.2793669896694335,0
-0.2636442797444125,2.367169685626104,3.2529878365035954,-1.8084572925194733,-3.0279246905074735,-0.21682274209381536,-2.2219897964900346,0.4280328785399544,2.9097322646724546,-0.5046947732222363,2.714511270361775,2.232117928396263,1.1271547685564594,1.266869384979672,-1.0421831322918063,1.681655315636775,-0.12026568927660175,1.4446619016378741,2.1006762844354956,1.1064718737754164,0
0.7171100948669109,2.1163305372983334,3.254947742446377,3.2072246601869243,5.444939248339706,-0.4126085743479162,-8.162462562264265,-0.439765757573924,-1.6888985034734922,0.9168088958838817,2.321494330608153,-4.032555061216086,-7.501538606234993,-0.9375938885507635,0.990846038724255,0.032464757540131894,0.17662462940426193,1.0301398560825816,3.19469126751249,-0.8928933958618659,0
0.7669429412022003,2.6636708369557116,0.7981800797267053,8.140341643079246,7.063490170866854,-1.5040655918735732,-2.195944257155564,2.8552233707415113,-4.251869633855193,-1.3819808987131919,1.6890592934116602,-2.3314133735083553,-6.984909456380263,-4.873761019944437,0.15384066908638316,1.2944658181948143,-1.700072470536587,0.7364137950565769,1.6525627019614597,1.437711868801649,0
-0.48888208746321704,0.906653888533377,3.276254262641616,4.876119528691957,3.7877359600869407,0.6867709178905875,1.4590787567174153,0.5233599371009842,-3.6067012295176375,0.22863727001558692,2.8947993586071763,-0.19111211712488763,-5.071316392761783,-2.7345658915284012,1.7310462891178515,-0.5732671463997732,-2.415513318781584,-1.1054579147516785,-2.793097287119341,1.9425920708292443,0
-0.6158825832712224,-3.807698706330756,2.670865342110173,-4.948686675661706,-9.872301448478268,-0.727902537351271,0.5515777686296526,-2.575621161888834,4.223208076371594,1.5461797963224655,-2.4493712742530978,2.5406643460414577,1.2997110526372586,-0.2902037740430081,-2.184792568337602,-0.25586970268722053,-0.5762700039790016,-1.8211756922720994,0.08270366256616868,2.90534109363312,4
-0.4405493078923024,-0.24593171812530867,-0.6038737970988846,-4.785718137652283,2.8030421471037283,-0.8952518594688363,-8.039058147102374,-0.3964392539650101,-1.974469573923776,1.945174424077782,-2.9485281305691955,2.215231417380282,2.8225359561384873,-1.012350443026294,1.8426606606790803,3.684732990051666,1.6606741636655804,-0.43080792555224523,1.952185347096064,1.1053745376415667,1
-0.23448923120330956,-1.3959745666848753,-0.2152802630315409,2.909239108571205,-0.9735882876980225,1.6257494249283053,1.299625551890528,0.8653592347286682,-1.827176741744497,-1.066571555799511,-1.8641515002349702,-1.1064337966999822,-5.9507528743127835,-2.996918153133254,-1.6760760438991433,0.7524868870726109,-2.803659080411193,1.3427415562735934,-0.28704180333407736,0.0948628520371726,2
-0.6015040860544332,-0.6849590659640445,-0.4205414723415055,0.5095608176100758,-0.5280570751960086,-0.28867111864893136,0.568200678103499,0.24422292085446695,-1.2415009893102567,0.856719418060462,-4.30825151624308,-3.904209641082296,-5.446341981618009,-1.307784598232213,0.10358927333044354,-2.7055202611282594,-2.1147453361377364,-1.995381149749103,-0.6964870778133417,-0.2229375621716434,1
-1.4764823046962416,2.5763617543337087,0.08584705811693982,-1.4441216885139805,-0.5856362307086469,-0.4258932421149047,-2.212828830395045,3.9279443273707075,-0.7496106558512785,0.9180929192177245,-8.539315560216576,-0.4911871746628327,-4.064644615250728,-6.212185949532732,-2.4014656461612574,2.6705376884988037,-0.7107399923728545,-0.5268775559595175,-2.9148698039317362,1.8981906138623694,0
0.24915245847302597,-1.080010082872748,1.1702529092068157,1.4341366233100117,7.636822282100671,-1.15537654949297,-8.67612938695179,3.658822119165091,-4.907877423365495,-1.131355877651909,5.441059156095287,-0.7690380542084554,-4.010591944532056,-0.42801400072913287,2.824151523320088,1.662025717404048,1.431919053566724,-0.6206088421320175,2.9770865644262603,-4.336950204579022,0
-0.013487317381401262,-0.39834453088881827,2.356475332223923,-1.6608419755532742,-5.14060748688319,0.6501259768485537,1.3326190528913402,4.857349906046027,-2.1713026154805513,-0.5734677700625136,-1.6866889193340375,-0.8200843995348506,-6.6279661052601755,0.5857714800185658,-3.522756923733215,-2.5837495145626974,-2.984171431686832,-0.856720003908659,-1.4318871182749078,-1.4239175444036292,0
1.6473458040039297,2.283617682867312,1.7641087695267816,2.168584884845117,-0.8229662326303313,-0.8069907059196089,2.8005087522466945,0.9221897774461261,1.5452174273892498,0.7781177320106274,3.713403988726242,1.7215654056256375,1.3762059217415072,-0.0011393651119827597,-0.9516567641581015,2.0198836081716887,-0.2095762551578063,-0.6255754443000665,-2.00240142401912,1.3618873541775618,0
-0.7053696049451256,2.671273590298867,1.7591192398910795,5.184469229172936,3.2816389475074246,1.3487182033101404,0.2136809610913822,2.8923225036342686,-2.6909256727611766,-0.883348604657946,1.826055666439726,-2.249462408778226,-7.081195583657392,-1.5908106971736289,-0.7064756078655148,-1.7979543641351192,-2.2228052756682586,-0.4263025181792531,1.0326327789819696,-0.8064409607236681,0
0.9776016486478688,3.2378193151696806,-1.6783376427699648,1.2824126802545153,1.4837993845437374,1.607913432962963,4.281573023522929,4.436744606277113,-1.3586344865380033,-0.7798960257721985,-2.8490003453989856,-1.4895444271157356,-1.9698545178115412,-0.9143704136461178,-0.10313223383257741,-3.131700726353709,-1.8126306604147193,-0.09926587838200922,-0.8160260177556424,-1.4343457700101396,0
0.8706240608526813,0.27911669101407877,-1.3102998807057018,4.027681996600776,0.6324802013462921,1.0137278992804586,7.245809728576974,-1.5431320102496933,4.142182413628234,-0.39029914380804615,2.0302667310525937,-0.7186100723422517,5.699515519413646,-1.4596697249298134,1.833399805260866,-1.1172607206290692,2.0995751576937365,2.20059446095343,-3.6969446209183894,2.1116907454359466,2
0.758877543180597,0.5608415518412736,-0.7671539018459905,-2.76295569521928,0.1840971452742269,-0.48111662742951383,-1.3455028343075248,-0.7804223959201673,0.7661869634552539,0.6171836136035294,0.7943457079600397,3.3535551723914105,6.475023019293098,1.3831887056410541,0.8200803282871153,2.0383979037419673,1.6075589228689222,0.5348550826399774,1.2416665545902243,1.4590574932213598,1
0.5101687371631837,-0.5975782017186326,4.137364746713132,4.462697017142652,0.7488249811756355,-0.9776865553947336,-3.90601934116912,0.9764432732892006,-2.1882086382916066,-0.3549126375736467,1.1593483807809166,-3.616081236073722,-10.085325640619647,-3.471172463244873,-0.6521026661812112,0.2226822761311522,-2.3688382359819666,-0.2540049891649076,0.3067216354562443,1.3915247641967463,0
1.068182440778365,-1.606035535600065,2.130219763705097,2.179069181233202,-3.71300467203606,-0.9029070230185776,5.243088213886312,1.5656332238302455,0.8763948715725944,-1.305244210885302,2.2319728880266556,1.6373844147137562,-1.3189781879196096,-1.2398261973626274,-2.808365278208564,-2.308018176124226,0.0029462504237007803,-0.6810394717155912,-2.426073038085992,-0.029567946285398383,0
-1.5902733203935797,2.3375696102783676,0.216150114845571,5.545552762796038,7.425677733343025,0.4882481799482171,0.49708911172910486,1.2816752242154787,-1.1433596471868945,0.41279987749472297,10.126152138396899,1.3747406842031076,-1.0452567601210268,2.7609454704335983,1.7305483967454092,-2.498429334682902,0.7738008140412374,0.02237813406431721,5.585590877127083,-6.763831014958056,0
0.8389899689650971,-0.02468554684829405,-3.2889287300815306,-3.7217097038305162,5.514958982956265,-0.7428303190071222,-4.3946317977477465,-0.8819909259455636,-5.636039666844175,0.49415167457843656,-2.220566031145997,-1.0105807148645731,2.3642744894402385,3.5277340253662093,4.788040377490018,0.1576480635953057,-1.2363473641249616,0.034054760492067127,1.8658741932061012,0.04425888652095211,1
-0.01642757273097545,3.4584876538010514,2.576088393944967,0.7310548359881044,-0.7258497952171407,-0.37190006027034567,-5.838085805036401,-1.3482196044994033,3.5567012926129182,1.049314514625835,0.014153116507369693,-0.8141020793430068,-3.1178401214545337,-1.4586674295181683,-1.9145016234090826,3.6386672065227947,0.09249292591231373,0.25750501190948666,3.5934153686600214,1.050466780119382,0
0.982117875346927,-1.8382347540243815,0.8823535028787124,0.1794132085289415,0.13430076397385762,0.07309203496388104,-5.2061336908457285,0.2119627804463058,-3.3919045109611763,-0.7141137666640816,0.5276879028150046,-1.5227498622160547,-4.917940654833782,0.8070936383510867,-2.245793308837506,2.2842557072235343,-0.33177671496142824,0.7586471755938273,0.42223710003250514,-0.6343074895322633,0
-0.0531568472160429,-0.6414530410446408,-1.2936226409460179,-1.5514151066166635,2.2301775888879134,-0.11793630136998588,-2.624570464923078,-4.878869446659376,-0.43362298852458014,0.11473739545792976,-1.9912546129325974,-0.08881086292078,-0.27828155525810283,1.000556130295705,0.01573975480251044,1.7254616627992072,1.3026690341781042,-0.052032881393815365,-0.8827701703854394,-1.9429878077533238,1
0.7177750263365555,0.1627351199031719,3.7152301577488545,0.7157663083759672,-1.703760151072482,0.32852869122605033,-0.71280193555662,3.4870573386555836,3.596843236151724,0.02875789105230488,5.395633796850795,-1.4428414792944277,-1.7615425910717677,-1.00666373228356,2.8050297263063166,1.4590544299007666,-0.5438424392171803,0.30799607763084813,-1.2643911455812429,-1.1735699638548114,2
-0.0371742349848348,-0.16149387758973943,0.7092965573268644,-1.62745586737387,2.8310718892573115,0.16104384076366418,-9.056258389877607,-1.089945076290836,-1.5489216591080537,1.2937679234012505,-0.2555568197941747,-1.6201855537141694,-4.13237301272564,0.9949035874932626,-1.4607523547343815,2.1035341397569325,2.2056764501396904,0.3818751771815286,2.3068957145476947,-3.412159152466563,0
0.041515710015524385,-0.40912810102409125,2.9376644212965677,1.0996847396257636,1.6678650177748107,0.14729806846584706,-4.9969022184573335,1.196164546846577,-1.2085437796506902,-1.5513886190380337,2.2275625915139847,2.218860821280519,0.42519826251628995,-2.1700344834756486,-2.915243738179746,0.4787041856031675,4.225940357889517,-0.23369990106462424,0.5638216305846022,1.6597148618591375,0
0.5492164303499659,-2.97265107633275,0.34852759756038687,-2.846291164451229,-4.171513847613348,-0.17644363172416175,0.8055114657973262,-0.05226277964501569,-0.06560969419123297,0.7694256391663441,1.107895182366441,0.8009574352578139,-1.2368495381270797,2.821495325017061,-1.2013985219839847,-0.1407328387392226,-0.9703711779675959,-0.6441577182209001,-0.6563079308702335,-2.9533915803988244,0
-0.6532452236966514,-0.36432275751528675,1.23141079259854,-0.7562399518805498,3.6856038908425655,-0.6044325611580692,-8.689647635438446,-0.07431465553407679,-0.65443763653778,-0.2095567976929574,3.7383377074690056,-0.16048553535332655,-1.5737386615863618,0.7296928535155547,1.2431309190126343,3.3720268585923376,1.9409830266073103,0.9290090285976833,3.4187627366520306,-2.9973933168798688,0
-0.13244690144658802,2.4552963302527733,2.766506702610072,0.4412621372270302,-2.5494593494412197,-0.12994417499854574,-0.39709554886843335,-0.16174487084105293,1.504358625287837,1.4903300476284473,-1.3457455962317215,-2.26757207637422,-5.832887498140678,-0.009009482357883791,-1.9347682613129056,-1.383164884662179,-2.1100580784288665,-1.1671610118276243,0.38431170181466834,-0.009192080375297507,0
-1.1995541043074305,-0.9526832783203751,1.7406359015489303,-2.503348025193062,-7.226656901996384,-3.2648314800201907,4.243942772770894,0.0630265270864474,3.442400800769878,-1.6009504911209134,-0.44073568701766774,3.739704085584737,1.8013050886933584,-0.911813619627398,-0.4735916181782499,0.6748276991546887,-2.649606702707919,-0.27445974039105137,-0.26411806827630313,2.15079308368215,1
1.4074966312073809,-0.8457644313259893,2.991213772644132,-0.6990766556655265,0.5355773433256821,1.1087013882881465,-6.810554221261696,-1.9489235522537842,-0.2793959196471073,-0.6652178794901562,-4.915454821522453,-4.563439499166748,-11.354064431179122,-4.022233516118491,-0.0026386120638860477,1.5596963042143277,-1.2705610156329346,1.2397825958624724,-2.0877730378800425,-2.139122893691488,4
-0.13732762714836927,3.2482398639750114,-0.7940980866730203,2.662321885959976,3.8772550574884073,0.5943823707738919,-1.4418543931628993,2.230952448923105,-0.6515763935092901,-1.7123468399337898,-1.393891332983654,0.6060056932547342,-2.7140278958890054,-3.7929101048194322,-0.6581452727812975,2.3476151033851185,-0.41588326157892486,-0.07473746585634566,1.589153805879398,-1.172577309436892,0
0.8017827820725919,3.6190030000526856,1.7087583314046013,4.390542968488107,2.5912675126271454,0.7288844307948015,0.48307373374825957,2.321506370640526,-0.7515297531325392,0.3540768037813694,-1.720228445453742,-2.2180143422052128,-6.596887102467999,-4.501819578560571,0.26894240595219854,-0.8622573368089308,-2.6870342612606244,0.1782854252936085,0.2154086832431661,1.1305548727036436,0
0.7695050512946493,4.108932275912478,2.1020256223308422,1.9308937980253353,6.889378146785093,0.011525576101856179,-7.794590678216334,1.928118024690441,1.0500550785113063,-0.9944424213271602,6.803186247971372,2.9412621909849985,2.72749498441271,-1.440061531473744,2.4835723197842556,4.349785954742725,2.8446532409198464,0.004542379779986037,5.600023615930907,-0.6704957416727183,0
-0.21622556975104926,1.3464580957694805,-1.009305280157885,-1.9335481968000692,3.4301624587879913,-0.37229966980351953,-5.298919720240394,-4.216135930948874,2.6657739641290155,-1.0855932859179434,-1.275825913396687,-0.2989479605936596,1.4890788285386718,0.5715785901728514,1.4238601127783332,0.32349087628528717,2.8141528823991706,-0.3498201067359326,3.869794204078085,-2.7025279291947615,1
1.117715132880589,0.3947813291084755,1.6571209188371565,1.9732074522830758,-2.937661208857361,-0.2696710720708144,1.2506756925257891,4.302140952911187,-0.6724121264999106,1.506140509613665,-0.9175758401190897,-2.397045482091834,-7.244934362451565,-1.4345736058822223,-2.8408862848843333,-2.4653211363928116,-2.550698058691673,-1.8693030484102306,0.6323439321970135,-1.1037543209616287,0
0.9824784267720141,2.7478784449710507,-0.6727123846394854,-1.4440333381168817,0.6645647437130886,-1.0718789908293715,-2.822445118933358,0.510305841646953,1.6376848598663734,-0.16688590684968155,-2.7915918748744364,1.8498504465137642,-1.215869610767615,-1.8531847289056906,-1.8576298681394205,2.520135461748482,0.46697862509966503,-0.8712093633106183,2.489813261488904,-2.644598418184848,0
1.0949463489874032,2.4213955470765534,0.6130403071847292,2.3266031878349884,-0.1653600010884212,0.10576442362046036,0.37552847304505743,0.8140638214694,-0.6335939663305477,0.5024213990988486,-1.3993074089331132,-3.8385696600665304,-3.457909775764537,-0.23579520857480218,0.10359942661560306,-0.27567247240326065,-2.7154876764212768,2.2318976052591433,-0.3001928792121159,3.0739001174775584,1
0.6952054027520002,3.734236601570446,-2.110425667415912,1.1432382788761821,-1.8720506489787043,-0.2546785692690531,8.18703148361616,3.748462110072718,0.6152496032815424,-2.0989737278400504,-2.064821323828367,-2.3981892519531165,-1.6731847322772635,1.2237171701985932,0.4134852830838065,-2.119281505999939,-4.520886165815918,0.16812886589060091,-2.0954268299703607,-1.1679003765883365,0
-1.3090013887371201,0.08242143670095181,0.912570752713883,-0.04432526731188302,-4.905566730949679,0.28842643519731553,2.9571995419378436,0.36869409491895266,1.0193153148230634,-0.10847731842761277,-0.07052222834641195,0.9805234862994934,-2.1936704112886782,0.9062882766806692,-3.4230805157384987,-0.06960619552434055,-2.012159533977162,1.003954683390948,-0.03775669484770061,-0.23129059436451282,0
1.7711553055604494,4.780892250430487,2.989612505546448,-0.08834375343792478,3.745373696689756,-0.16573828478948294,-5.135271446164302,0.8455227355564022,1.329664088579284,-2.521571771830738,5.24071533824061,1.586397919518376,1.267146193399722,1.5866714475455757,1.5995461845144359,1.3232165969385195,1.2571341491690542,0.11168492980170339,3.7750513901497773,-0.8792234789159853,0
-0.45786048318133493,1.890337776548343,0.3946088844974941,1.309978812083823,0.8388213463917411,0.9233474417662029,0.44071064895766343,1.4694945632312582,-2.1794147960986745,0.9279480251312169,-4.251819419324498,-1.4768147722036158,-4.314873339310105,-2.2980393851374714,-1.7959579124238991,-2.4242272031146115,-1.2058277152465446,-0.7824027590958406,-0.4872053034178492,1.2415518611675735,0
-0.6816008508654665,0.5982016922347028,-0.621623591668029,1.4287627825555909,2.637447609786644,-0.49724108286265406,-3.16533143638873,1.8692317765595214,-4.118709802325448,1.1927178608732458,3.492890209470425,0.31319271694514894,-2.178223832247558,2.113173886798565,-0.07666930726266008,3.249851067589402,-2.1052862903807235,0.6460393673534287,2.867168719007938,-1.06619878999357,4
-0.46147075177055413,-1.9521718541777804,0.2700334908387325,-0.22491903824564718,-10.389711878220703,-0.4135823236567531,4.779893150940341,-2.0759697477636263,1.4117896776343732,-0.5330362865479623,-2.2294036514317463,1.988377386835932,-2.2297593083486524,1.1031096925046406,-7.043301848514077,2.276022785488809,-3.7190783097917657,0.9508435993402361,-0.2681785785339459,2.985849806284538,4
-1.2941520124676045,1.8949594921587605,-0.902146260643161,0.7068972048572058,3.452355610804788,-0.08972018910044884,-0.9253208594228193,2.8900005440997036,-2.1964517435565636,-1.1686286828570198,0.39227865118920136,2.919610986906566,1.5050271885611006,-1.7710337398035065,-0.5231182167178184,2.4843638592853985,0.8252216214654535,-1.7801739117340372,0.12745770680547952,-0.3902356656043321,0
-2.281308586089509,1.078405370014204,-2.4405291018728072,-1.5695503190965097,4.6419311437619495,-0.06313472949059137,-2.4153051741422766,0.9033994553171227,-4.183460997322935,0.6130497709655632,-1.450737905345444,1.1435911688566889,-0.012429769710257608,1.0863087554316713,1.6387394511747626,0.2503784162158512,-0.9383581226947026,1.6050972287208105,2.448497620958504,-2.294787177114838,1
-0.04462922204981593,0.39299228913327267,-3.5782188680483182,-6.360350278859041,-2.716538224433581,0.357285580059022,3.0590764949619182,-2.8562866507854086,0.6903264515510983,-0.36312780772907116,-5.9776875960556906,4.934336049460381,8.007765162820283,1.6527773330552176,0.7160330941442237,0.09399958345434622,-0.9476812325397789,-0.8834108082030604,1.0699249390957835,2.0356278409687887,1
-1.1650807058035135,-0.14345668311575643,0.98166355125606,3.640932793182706,1.640688667496886,-0.9963472460499055,3.349738858032503,3.0292314769610216,-3.2758042189906464,-0.27192325412072255,-0.7645700412102666,-0.5319480685662241,-3.788269386397297,-2.791081551880149,-1.1038974873082805,-5.312055870884702,-0.6065316089093413,-0.035609822158477814,-0.7300330804640719,0.6299725448259945,0
0.762741156841582,4.336060965884277,-3.0631762232979405,-1.0108661685845655,-0.15835924863938908,0.31144387429799153,9.15683801713832,1.7088947274412662,-0.22497358713768056,-0.08535468096869482,-3.9604847178147495,-0.006409292916262244,2.473075743648127,1.6714010375878412,1.2330170267620524,-2.353304444759363,-3.1913564017630653,0.6351779575354969,-4.106553974161521,-0.2713154966524236,0
-0.16408356962193588,4.12276040670296,-1.2858033583338488,-0.3463768221730219,3.580976327027226,-0.8389229046169131,-3.431101678996339,0.20343057466251957,-1.7002586541316251,-0.3268079384769257,-5.0084647101853905,0.5529742024316482,-4.879764587716663,-1.8409132137857154,-2.056121767636538,0.9516694060935484,-1.0976064970125825,-2.0951376546630898,3.2181292753078083,-3.0306405378186643,1
-1.1275027579825154,3.468003322161444,-2.3622721616123097,-1.454540707356234,3.1662880196934573,0.03273225154599515,-2.918849380092135,2.659857582795867,-3.8756219511099452,1.3726073034048787,-7.44825252169079,-0.8476357611941332,-3.2799529451427776,-2.9638250561934836,2.0061595051739762,1.520486806509199,-4.363519417346534,-0.6291748093683088,2.7829972489092807,1.759324601901675,1
-0.029179184065090534,4.756509439407482,-0.989325630246936,1.4915522485219646,4.022268834916725,0.6949003567306098,0.391649678778604,5.445156749779286,-1.1855879175342672,1.153039472409667,0.7359755922319359,2.5750324206735784,6.24940249778463,-0.5587767932816002,-2.3171230603364004,-2.2426714876492677,4.16491030123738,0.8797891164565839,1.7593760575642534,1.7618242003318856,0
0.7808075600869208,0.009751918397618464,2.3654417447002265,-0.3049914020466513,-5.098368823135072,-1.4739119963281588,3.3324063604685414,-1.480500955000398,1.4521943953431466,0.6389743917776214,1.3895577952116367,-0.23826451054161124,-4.079607346026174,3.012008930808621,-1.9353658223005428,-3.199968743118677,-3.1216614972713104,-0.8170060074639116,1.1032512496226485,-1.4343833457648136,0
-2.0808139770138365,-1.4506630649168502,3.7849781093941126,-0.7459743201117264,-4.302552343357122,-0.8010470827416711,1.7599245872228673,-0.482985674775414,-0.8005274415244965,1.457485527235258,1.043731177438607,1.3075552554179133,-3.7473056993896545,0.27837850412404563,-1.7577144828058506,-0.14592784807320192,-2.161030126628863,0.0559782845397702,-3.457275205958276,0.955709324886842,0
-0.24323921472729046,-2.335141805656172,4.311924006766754,1.0510897256685752,-7.6995779894143,0.26585844321199104,-0.25550446124852355,2.3015780256249005,1.9909968347958311,-0.7839139321077652,7.852766539668209,-1.3494770727050156,-1.2665094230892187,3.7439048793754397,-2.5801685838815533,1.893769445738669,-1.190837362224513,0.10379032017232058,-0.1925182170925117,2.2556539114706817,0
0.41985655815878203,2.8532776629289094,0.9987143390724147,0.4956700948054409,-1.2063082049415554,0.1363090256215077,1.0291027707358453,0.40921398188529656,0.41690295042095094,1.345605684250839,-4.045389902257428,-1.454607371779831,-5.674424060551399,-1.6520581937737016,-1.985632089888075,-1.2933533142106581,-2.411963574119609,-0.6851984234608143,-0.2562562884780297,-0.4533741332598312,0
-0.0616315452001936,1.1174166153361687,-2.96712064982313,1.2929662816691287,4.762094111005887,1.1162341993677722,-0.8722640276497639,3.773642409737138,-1.532670168080543,-1.316981008796495,7.286717368614177,1.257200136022734,7.087449707128706,3.6742294193820464,2.419131358766325,3.528721515113235,1.9279711119299527,-0.6919031030875575,1.7848902768414554,-1.624795565212021,4
-0.4715252309050629,2.342091720371011,-0.891575486298415,0.5681604775539187,-1.0021437423321058,2.456722577122338,3.422165949597485,-4.457179152061974,3.8107547606835785,0.5887633688573388,-4.589095177126471,1.4181721181373201,-3.922537946226971,-1.9741481789462063,-4.099226367431864,-0.3191387591602939,0.11442873830844746,-1.046377059275956,-0.5476699821686866,-4.719086016122369,2
-0.5764508023212198,-0.7430935960682945,-3.673828757836165,4.96772296518235,1.935411770321918,0.16695952445269754,-1.3635515007620393,-3.2937530468924594,3.343634746735911,-0.20918667773363783,-0.837845356018684,-5.535474811539534,3.199707451110486,-0.9176598320243108,-1.2733532501643565,0.7909354495845535,4.433775668920381,1.480230324704056,1.534257385173361,2.773994747385372,3
-0.786679555441912,2.201421244213035,-1.0830112709211215,2.695714703450579,4.481652754341752,0.5427296712235863,0.024767614090116654,0.45321837447286184,0.056243903426343556,-1.5078539331971017,-4.276387319511051,-1.6977648316785254,-5.514137014962803,-5.709372289827932,2.3830050218814125,0.1302227106071029,-2.0419238203059566,0.418309724506659,0.5934411502326331,-1.9603456573885012,0
0.9937938884440914,0.18668074278720936,3.023730248685818,1.6818735283791142,-2.71703435592641,-0.1935281905746374,-2.2179097596866653,1.8533095882494788,2.168874515907802,0.058154777549682596,4.6937485749666195,0.29292191591605454,-0.893694260752033,-0.04815476477428471,-2.68616717955366,2.635916781297622,1.1306570037550676,0.006943559753722974,0.6480096363775083,0.7730874174532507,0
0.14077772955252768,-2.6704476557539714,5.726831165183964,2.631794974084695,1.9741235255733744,-0.19168564448235875,-7.01336245330177,0.3639176195658834,-3.9523499079094258,0.5401815841358917,5.010589038343441,-2.1466348189978213,-9.692445185667678,-1.8171772206650432,1.3333128202262383,2.7769961583028437,-1.8763959008477522,-0.6490735352382434,-1.381068674585644,0.018657346529062258,0
1.1367488727660169,-0.19228119904430208,-1.6779442570161547,2.994438007460392,1.068376353268848,0.5040956746434262,4.453705938153618,-2.6365069059173303,2.413562781733214,0.22313402399305754,5.646002443957438,1.8883276021316253,3.17523440410944,1.7776070866422873,1.5219177472652587,1.962252981696852,-0.37250160724979575,0.7021213527382739,0.8422842822397233,-2.420389564625415,1
-0.41913289763778894,3.3289472172587713,4.226879824946161,-5.583187529273441,-3.802369140202933,-0.09339912363941687,-0.9380549386769972,5.77025341367023,0.6767527677060572,0.23985786755252853,-5.405916344898474,-3.390988652312254,-10.496182338885362,-0.45861215729892635,-0.485954901411333,-3.6947433881714646,-3.2739109976634753,0.042683916697649246,-4.0268521357521925,-5.592196994995757,0
-1.2388089684508847,-0.08816179486562814,0.7313678158935589,1.8519823983334605,3.6197751242865626,-1.574783100900811,0.5079435744041011,2.027731344020225,-4.128391172412845,1.533316401646412,-1.5678026046335978,-1.6368181746226753,-6.292225337008191,-2.595780234995168,1.4249973294661502,-2.1922729191007173,-1.9219812912975713,0.4029921871288001,-2.3693608037107907,-1.7181618641000491,0
0.6711416021134258,2.3750605958177746,0.94957784916911,0.5642562258927405,0.5523212523478438,1.0130569880721534,-1.0654809304365522,-0.28682507482603936,1.854535739254759,0.5684002585730601,1.84457430654504,1.2165452537009007,2.2212721867607463,1.154484032128146,-1.3869146465777418,-2.4755273356740517,1.9933033406574001,-0.14593291414156653,4.262671809745125,0.1921050030076088,1
-0.8083801467317573,2.741939012830468,1.5523727234404059,2.5985518998692694,3.4097743943928998,-1.810192155363967,-4.768804778208838,3.2530450925418273,-3.625357624238974,0.1570248172347892,-5.976129750390158,-5.647451896159103,-12.41691444453699,-4.862496661553928,-1.3293622019568132,-0.7172595076515094,-2.429198093215265,-0.822659506188728,-0.7124154017290698,-0.8188306379296363,2
-1.8064396702355212,0.5729298949032933,1.9162250142183188,-1.966406572605317,3.6274239912013972,0.7817180386174146,-12.399014421445628,0.9954668852356291,-2.482640792144181,-1.2345841193631235,-1.843269451804484,-2.2454259897696796,-4.398172903271369,-1.5881143837317806,-1.0703806309393886,4.150081393888268,2.732378192464907,2.3464493568647145,0.9379835689937317,-0.312756779819627,0
0.5565046246836178,-2.4087672431289104,3.97150315332288,0.904127923483425,-2.1597453372160333,-1.002582765600717,-1.6124751148426548,-0.3838770206525053,-0.7639238331780882,0.16265028501659037,0.7173741929815968,-0.14826712708818912,-6.5949979589736065,-2.483447020794778,-1.8059602669211798,0.8901306204843591,-0.7698013254979633,-1.1024320908075826,-2.8414655791401033,-0.22260993017642372,0
0.40446436288432464,-2.1210691287401127,3.700804046254527,4.6073020562060645,3.1580226232701967,0.48956736854829364,-4.902648262542272,0.8781097510505064,-3.7322847942144772,1.2987624822646517,6.903012727884369,-4.1451344042422456,-8.58152338697421,1.0215978680705007,1.71076060136935,-1.384380191736545,-1.7451782511030252,-1.2207799321756712,2.517460939506373,-1.5940477623895313,0
-0.14199313350066947,0.4920898955455515,-1.5158643415252004,0.7912867340923448,-1.5890784980605286,0.9237685116987104,0.5547274295904754,2.27368172953471,-3.518619359714272,1.7859150505740506,-6.2177692285094714,-3.9534462895295004,-5.822079258493319,-1.863521039055454,0.682522984721792,-0.2511891442741898,-6.246019113152115,0.8561961694114114,1.3016680465764952,3.897968506469364,2
-0.20492064326031884,3.0759962405917225,-1.1450134647288364,2.0256834702976354,4.90261984957107,-1.544900042914613,1.5355192660429513,1.6074582170031122,-3.330684574959907,0.9108887812295875,-3.0039987987937624,-0.7147657461064263,0.914101510547993,-1.5979201770625093,0.5241699848059771,-3.3034328802197828,0.5274979341395833,1.1871104501729601,-0.890882506385745,2.57720230882334,0
-0.9023814866983696,1.7240878002238342,-2.8186374200285975,1.3603387674868963,4.630035672462066,-0.05964140306186193,4.271811697685591,-1.0854274260020573,-2.9871457876506806,-0.20110635164108032,-7.4186622293241795,-1.6482613804598194,0.022440756518463233,-2.863759631582753,1.4055076938629312,-5.3828215118442495,-0.19339296634898628,0.8260650003856023,-2.413978966045506,2.0170953914805105,0
0.04724024762649521,1.353583613535994,0.9272013110871897,1.5617527006919734,-2.142895673181124,-0.2621440807345058,-0.5109621796810763,1.6617808576022228,0.5790534332607282,-1.0663371042790557,-1.3980069920475535,-3.6629869756093405,-4.836055602140547,-0.5986793881514342,-1.4217776307685253,0.12897300977750037,-2.173836246363499,-0.8566470302184662,0.30460492874868805,1.1132518517615317,0
1.606201343378517,3.3144526759267663,-1.4645137441198286,-2.6303071293150664,-1.111752144740344,0.1298368649773061,3.4970325701720317,3.0898639922824342,-1.1266422291836937,-0.6346319256625306,-4.221322641674655,0.6907233984643064,0.6110838690547796,1.2615524628802612,-1.6557029513305204,-1.8278528361195039,-1.2868414410444136,-0.3135931379308227,-1.8335647155208397,-0.7948008751759121,0
1.272222959559049,3.5219531473221757,-1.9832531442604302,0.6392185005209157,2.7643742024648543,0.01886917489017399,4.274101717070268,-0.43625978118062503,-2.9020966517822573,-0.49425853094812516,-8.87863540854771,-4.866802754570259,-8.478489954386335,-2.291201596423282,3.197902864522584,-2.9009663230925886,-6.666797291201693,-1.9559837768380233,-2.9724946248463326,-0.8787982046818452,0
0.6574034619786489,-2.73241626114734,1.5411232824436514,-1.4555965339139405,-2.9542707674662743,0.32107764790142856,-1.6787081094908898,0.849519874828343,0.11617032400272076,-0.6692107201110853,-3.357276830153964,-2.48888794607048,-6.407502113505142,-2.9944057038949157,0.9727021298146041,0.24879556766021715,-2.5145298219663603,-1.1463070679944427,-1.4755828106192763,-0.6301896084401366,0
0.6018978456230794,0.9687524686662302,-1.3220634517498013,2.1526783300300316,2.9028702106530964,1.2015626201533316,-2.1982898210657607,3.190849779732789,-0.17152815350635486,0.6585410662074567,1.8153768548675409,-1.4811939824960327,-0.4142253330321291,-1.6654666309844122,1.8884341527117543,4.033039530526281,-0.36108194327814425,0.20508375236758045,0.7881251503201369,-0.6867377201501139,2
-0.20881757033167064,-0.656849869505814,3.2149341141760504,1.5281112658234646,1.0090484913606912,-1.3538974616726362,-4.33714544124709,3.0690238003475563,-3.7569356592763583,0.1674759094356312,-2.433878531398846,-1.1059656303560474,-9.868835910685268,-4.199574855930425,-2.9168262827541236,-2.5069466059937375,-0.6525859112049843,0.12467313767103232,1.0773614382156111,-1.3326691880996018,1
1.204845208276335,-1.2807132438865931,4.563830847033442,1.8212301122046208,-7.853009775532573,0.05030737514781821,1.1269514863927217,3.5628093023616727,0.7254991595351818,-0.9452571783109591,4.196315069009828,-2.6112614504186884,-7.6993616300918895,1.5485795766237649,-3.1062229318843624,-0.1939922168435777,-4.38730559674249,-1.3840161850691584,0.21286160584676317,0.6840325099749215,0
-0.6491474546431407,3.1074273415002693,-0.5131603480969369,0.11030522506899632,-1.8513310742319407,0.4251576009054045,1.9812916483691838,4.454424296102609,-0.9379802785008867,0.27095218555881556,-5.491139411575032,-2.4659675670323162,-5.764438145006087,-1.3306886632139547,-2.968816877620866,-2.7559411067191153,-2.7319306774744962,0.4904994910040165,0.21290221828472178,-1.0078686695636945,2
0.4014063622933558,-0.9927004907342556,0.021848255990406296,4.734756420074616,-2.5324486447531744,0.944728160294277,10.535163432451759,0.21934417242126147,1.6616767767657916,0.8141191420339855,7.513213553959657,2.6213655638715356,3.1475144349094615,1.8916850124178968,-0.5627677980921557,-0.5750495632649142,-1.2494150589812234,0.7295685560212114,-2.89762759688107,-0.433645151991111,2
0.8360844976888051,0.43013107429194275,-0.7979453458626051,-0.26731857072698073,3.231410568458288,-0.4206525672145211,-0.6089053599889928,1.3669181408259474,-2.6433647359546266,0.1801912282279021,-2.0544087536553617,-0.7053396370165503,-4.661578801998279,-0.9686927673330631,1.0217777779722943,-1.494094435972082,-1.292224245108326,-1.3679411132050887,0.06754338880792266,-4.236189454758019,2
0.011570591472661481,2.1268392010048887,4.198190125446946,3.6869260593907334,-4.682057517283241,1.4683606531466296,-2.6376086929291334,5.4858223960649175,2.825784956918574,0.7032484458087049,7.028984024553916,-1.5162966199441716,-3.199579266094678,0.6667226583344041,-4.138953219908218,3.0548824847348346,-0.5739010066926069,0.8069610561434842,3.044528610692833,1.6413603718708534,0
-0.45613492661086713,-1.7325165869685688,1.3262083871892796,4.056860793334516,-0.48889688658618313,-0.6238157736022603,-4.55456796377233,-1.0199651397626406,-0.6713858389183819,0.5457724270702097,-0.40637292682665294,-4.4562838893278025,-9.89052038106263,-2.7900645655710385,-1.6337165287133772,2.6673015085666867,-2.5113952785416096,-1.8938062523355057,2.1105135878966643,-0.16790503645444765,0
0.2307110072766469,-0.20976580272151413,-0.7184476485805706,-2.829899385855285,-1.1693102497911987,-0.9789094466560552,1.5643022460889766,-2.0117277786519705,2.451648777443965,-0.0655083219194917,1.509545171888345,3.9314999939213724,6.210176911550441,1.6784849790912753,0.6841436919991774,1.8657056317824403,1.5316426176156703,-0.31963955050876364,-0.6913828617105167,-0.7050695049112419,1
0.20965426582870517,0.1357276043567507,0.4107407900795387,1.1705388146375153,-1.5468875262513477,0.04370319269480575,0.5582200445229443,-1.202178653448017,-0.14923003624270248,-0.8150312641441744,0.9362264864213119,-0.32676379154704904,-3.685028064003012,1.342924447480717,-1.8550097869584108,0.3962823561847427,-2.101114562064078,0.30741652918225304,1.4469506717052627,-1.3647667657431544,0
2.4695003946778615,0.2879960751431919,1.7923704442555772,-2.1253140527798524,-4.259188901784167,-0.5853198228318,-0.5585751414868116,2.5847363232035154,0.7761762787383031,0.1510852811858132,3.45075624087204,1.4793009889124051,4.757367946353487,3.677072856578853,-2.884686544361462,0.5626675132205772,2.0067267835115588,0.1478786088901868,-0.5690899412034676,2.568564332508049,0
-1.3141575508420875,3.636407423438324,0.6082906604991738,0.3989956613491217,0.9432477823749434,-0.9835307005214492,5.9773582659257025,2.690640879551771,1.763721562813645,0.940910883879347,3.316047742697894,2.6531081495625792,1.9840688987543627,0.9332692225892136,2.3622135305458802,-2.662408090402642,-1.5527767791327451,-1.7674917352826087,0.059642447752480954,-2.83081669633623,0
1.510129325879391,-2.4575217418877884,0.48410370899576183,-3.5402587437712496,-3.87492134018022,0.9943869012795084,-5.906960636192534,-2.418929347236933,0.5365088466396901,-0.18085934878506796,-2.00366036868064,0.20622691670928806,-2.3569052768056094,1.160029508471482,-3.7026929728535576,3.5812492490289287,0.8375700119622611,0.6542465253738249,1.289002763772467,-1.085930857500747,0
-0.9128064712376655,3.3549805242019723,-0.5708154455200323,-1.1608620707668256,-0.22790678887761878,0.42770273525857644,1.3268929763626365,-1.6930511094827962,0.6433935775255533,1.1874843124607666,-2.6275194786751666,0.3763787838353092,-2.717715270077965,1.6641318324261136,-1.618374876238999,-0.9294888273447957,-1.9041559859393016,-1.1066353125478474,1.2262080487849518,-2.9142818679037608,0
0.23476936769266696,1.7400530769891787,3.03557398644024,0.03350654951795362,-1.0053241322685302,0.6663828558775579,-3.2680722466503545,1.7348285356875142,-0.41206696416895505,-0.006172974279982181,0.36703823509957273,-1.2585880305245656,-3.6303224106710252,-0.21618667328859598,-1.576349134921838,0.7636617997058536,-0.5394973663651963,-2.121517329289824,-0.22654475711787514,1.3190066121348374,0
0.21590907401445647,0.4669316431351088,-0.48773226371064404,0.731140306513137,-0.7274697946206177,0.7172434606840445,0.8541527272002764,-0.9836143298196134,-0.07596924900266211,-0.6923126169717498,-5.829967830660721,-3.1070925695489904,-4.583717337354778,-2.3712658990079367,-1.0661262017958164,-2.133674346771202,-1.4518632281925004,0.09500576593824374,-0.7896740086094636,0.9049773883671375,0
-0.6611884974620391,0.4459973941494294,0.7596772601271605,0.06258253772872457,4.962224666382194,0.6375744213321859,-2.7732682738008188,-3.5638124309292962,-3.562300592010525,0.01322872352272356,-4.742973696500836,1.1030233806969245,0.11017025845433688,-3.1671306892819278,0.026536319673063247,-2.0967615296424684,2.311654326959654,-0.0676721068648056,-1.5689364210304118,3.62859140202113,0
-0.1868558079981483,-1.160015382527578,0.09494393645304311,1.8343164739670008,-0.8869086730033,-1.5657723385715159,3.8846566129128477,-4.5123429710357925,0.8427989634937543,0.36923681926130875,5.361942331951657,-0.6207362717960347,2.651364852309298,4.99067696527799,-0.1756549048086502,0.3794183809500876,0.5324383148092456,0.6661718697415306,-3.1506252338529306,0.1359087423294283,1
-0.5233075666240563,4.630610145154517,-1.2551251557487455,2.0895208253044038,7.123268685837983,0.2835332159087708,1.8972538543498036,2.134888103841402,-3.070697943255791,-0.7616694815223946,-0.7725542106143564,2.3009809440005613,5.4740460375649835,-1.4052730095883414,0.8063926952728824,-2.758773113113412,2.643018767340843,0.1037542328834521,-0.6798808543364211,2.749705121324138,0
-0.897772454556609,0.770921949661695,3.0322059073272256,2.698084897884428,4.94047574817601,-0.8764314847804072,-8.267598430360428,1.657409391119802,-3.540416771758194,-0.46182657290972284,2.7787726774406885,-3.2649764457992707,-5.864597379852324,-1.0241449151609225,0.4064747090848939,1.3888228421127122,0.8298058323629964,0.4401069411182457,1.1469371103667485,0.44764690916092187,0
1.9104638974712516,0.3571631898218792,-1.4342981224629119,-1.1954782158830275,3.6258012066580863,1.8554702174292657,-0.2833007869730685,-2.1260222747318913,-2.82434747386666,-0.052569011947408886,-8.886409974068703,0.18612975006700294,-1.1953438351754027,-3.9571112094853733,-0.868868365869123,-4.0404652645965715,1.8410321291828184,0.1235958292886187,-1.8905921898024376,0.8947763508160655,0
0.3918802520130623,-3.3594244461144527,4.647222111768189,-0.42944191713379376,-4.465230428498556,1.0329557156844549,-5.1088955561677665,0.19098274058907105,0.9262057875638554,1.7815094470945616,2.528659136206096,-0.5228638043394013,-7.033478176834543,-1.1635596931112828,-2.9499016583801305,2.777414796783514,-0.0501849476736298,1.4822042085306746,-0.5946410345032183,-1.5701513993526008,0
-0.13509459958331266,4.613188879922003,1.2820548754751906,0.962921373678715,5.457185293009454,0.3617611077617176,-6.738771359284204,0.8137824690905819,2.043115736705271,-0.4663555782856685,1.0444444793449574,0.48166551264722846,-0.6561214811814093,-2.830243967721472,1.2691160854225023,2.9921069143138346,2.1320112753963683,-1.1062751266053987,3.7471826218428146,-1.4515764289740347,0
-0.5347850438967795,-1.1848200108220666,-2.1087943506515576,-0.32818422784647994,4.6893055575151505,-0.7546381760936879,-6.736761390039703,1.5611392357530613,-4.397318529515902,0.023146549969223225,-6.529665358136924,-2.547414659054744,-6.902630011876828,-4.660874382567656,-0.762124929926504,2.966314542183337,0.5458709614811239,-1.5094115971767406,-0.9690760429218495,-2.8388846744635616,0
-0.08267847080370375,0.3312722849935894,-1.4584270663177454,-2.2242309285765187,5.9977460653757335,-0.9390058867392302,-8.13733893289855,0.8963003711058048,-2.6852906669695034,-0.5287190010643527,-7.662663674652945,-1.7734395973914117,-4.31996715259102,-5.823343911338627,1.8334381858044297,3.180505514768259,1.4080950272436414,1.0847770219821,-1.0938365944950887,-1.79260461639163,0
1.6644355555083543,-0.46340168812894844,2.8545741846615136,0.8123537240171204,-6.2815659482602,0.09484455939053658,-2.314789862709497,-0.05333627934123131,0.0605346046560129,0.5612514401101296,-2.2343303269521004,-2.3265962830231066,-7.369024106549649,-0.736568383201183,-5.528072875412796,1.9656775901856223,-2.5691429989844945,-1.3638733852276526,0.055076385225683144,2.9082505221280974,0
-0.022427064915464694,0.43831237277271984,-1.7544174128396244,-1.6142848715170945,1.917166566583366,0.5925564049036556,6.171927818579034,0.09028391110834977,-2.614430314068131,-0.47053227903627837,-6.657865890633377,1.6869813571206653,-2.381298379438669,-2.5954751612326694,0.38332175424199555,-4.033705369659178,-1.2921296809263128,-0.26781374272373476,-5.103013979461869,-3.332083993741973,0
2.7257567353690786,2.944864403164636,-2.440049872496205,-1.3265921611824933,3.58950767657256,-1.3238488246674989,5.89337211134546,1.7160934122008331,-2.2700272391272156,-0.4523276329758668,-3.2778363100139445,3.8860152583141856,5.59659744324387,-0.36104706225555616,-0.09329215203752184,-3.5565776416419195,1.8365117081569866,-1.15693502948537,-3.517971411146238,-0.506101119648477,4
0.016903690556634494,-1.1024698828504302,3.8650418061902827,3.098696116320705,-2.2550629773903412,-0.9101650160850435,-1.7365714226602091,2.390897502919307,-0.8247755078072173,0.4030292460528468,4.818027766724894,-2.0470725618193955,-4.982483699841305,0.044331528246644325,-1.3747102747314028,0.5965156234751159,-1.415524481618359,-0.8495568484108184,0.09746595419711879,1.6103530572905198,0
0.6736718508782562,3.2058623483631665,0.10689429523923888,1.2601305699079957,-1.0808803895639116,0.13915083905228381,6.431629928903234,0.5920004483029147,-1.272063951921647,-0.21509515010080138,-2.693798873072797,-1.1899889999204445,-1.9687326017855786,0.3202643934541569,0.25458724121614584,-2.2533630957527637,-4.278856178415285,-0.6569186212807492,-3.175115063921193,2.6152617327662186,0
0.5403627172551217,-2.7191883489296225,-0.12877726806287937,-0.6686638638446719,-4.256722182048976,0.33202460207993795,-3.342263180097465,-2.3836327591844553,0.8842106493135795,0.6156410745396291,-3.856878682832309,0.4509510462709905,-0.16844423755500296,-2.8440861570531304,-2.7692801335275723,3.9340444074683054,-0.16481126214203734,1.2909707492525146,1.44490414972933,4.859280934265771,4
-0.1436280616753832,2.8774616048093806,-0.2521271819772579,0.30068246073605376,0.8258126036874375,-0.33988403652536464,-0.416138094892747,-0.5728560138441621,0.5333128899596602,1.9741698136300638,-1.021725943579166,0.24706535330239654,3.705320063751331,0.38900813347624563,-1.190753175313663,0.4857477101053813,1.6139475791594688,-0.6239547621655234,-0.06928583171955582,3.5931373664396133,0
1.213540569054641,2.007493787953181,-2.820767181357951,-0.8017023695364307,2.717810132877339,0.8871342791547473,1.4832787925739437,-1.3552825509338344,-1.9122335071180632,-0.739526559660585,2.103582385626574,0.7860631626402865,1.4280006230460351,4.622226935281881,2.3317158582754685,2.8070887935075883,-2.827391857573112,-0.14653620852114463,0.457771666987701,-2.8831254855034016,0
0.9338272182273607,1.0665019005108909,3.099615678509787,1.3765215703406584,-0.3152247195844253,-0.8930330229236775,-5.529853129897489,2.313007267946948,0.6189822856573555,-1.2389113624205548,3.8157085244788775,-2.268290581315025,-6.012567616233254,-0.4223950918301196,-0.3254219468985913,4.994918052834473,-1.3746445985148852,-0.3208954349073055,0.4151930890206066,-1.3850094083631173,0
-0.3970429415802741,2.517226466391093,0.5827623271595481,5.020381583755775,2.783602981340881,-0.8448006587847874,-0.4906139765864428,-0.21153275431539753,-0.3911891879627053,0.5455029173549144,0.7515805754978938,-3.32055992885745,-0.5931695045406966,-1.4814796774807575,0.6085481056085726,-0.043056899014604744,-0.27064019881763923,-1.0260908885504056,0.5822389922344884,5.0500030629309896,0
-0.42555507180835606,1.423122243474423,0.4145391694681033,6.220966596980438,4.781028108081004,-0.8669796318465463,-1.0768766175977607,3.2026575875139067,-4.1542072028949075,0.6322204387036022,-0.11197489891329658,-2.6774856611122297,-8.627019456945254,-4.376515792169323,-0.09874413582233477,0.33242859103540634,-2.862123625421831,1.16837623393722,1.0273788016704672,-0.35635452079349705,0
1.5226398916731723,-1.7280564878511115,2.04629288038438,0.9733776961556534,-9.519597265009345,-2.233853363677597,6.53572455141796,1.899845102961168,2.6916998402678405,0.6454854838960502,0.765620760914556,3.954018524147301,0.3183779217999641,-2.7236563995738874,-2.51327025714819,2.40702448501228,-4.56489459879694,-0.7693541616644708,-0.3045174546885665,5.117945516250328,0
-0.4553004100299999,-1.9889446810947677,3.2655632993981665,-2.1148055752194033,-1.6577488636746307,-0.6277757011336205,-9.507991137823002,-1.0284436328101911,0.9416803425104452,1.9051570601760803,3.575950895858406,-0.5901054166529487,-2.1857718914655595,1.059270707684647,0.16881499510970488,4.8547221146137165,0.6348776000436684,-0.49560690733306284,3.0386117997376743,0.24608313085779754,0
-1.3850107360038229,2.5575611409578904,-0.19769911614152247,1.4213080789258237,-4.20183335598703,-2.129768262533495,10.5902238060853,-1.8270745712459102,2.6437860338322166,0.7976298955390789,0.6984944332108631,0.7534832685747899,-3.985609374838491,3.5452969684100957,-1.4701854159436016,-5.716489407385601,-5.375557498736774,0.8389588711543634,1.7071507624677733,-4.723128697524475,0
-0.4440135952568882,2.520108036247385,0.13479011483745162,-3.793127404079545,1.3791791339789992,0.10810126312516541,-6.895223992952641,-1.6306401006792455,3.1225880446072223,0.8104862476292712,-0.7732746849763349,3.9516790970483955,3.5073176740080516,-0.9243522532292673,-0.0946196000948798,4.937739549265647,2.5734212145384827,0.2190833153632252,4.076067415500616,-1.23980238600694,3
-1.510688750852842,-2.160803942290867,-1.6361693737479848,-0.8708443245256514,5.383597203009059,0.07461397303167376,-5.500667245296529,-1.4586146000701068,-3.870850943005,0.40392816920289787,-1.9453615811980507,-3.7104894286769703,-7.794523117036859,0.7702807671992165,1.583683703546996,-1.127061535142769,-0.09119267857052282,-0.07577489409196071,1.024164852288935,-7.589577829056925,0
-0.289914362974125,0.6643021354088496,-1.9370718310668145,6.047073296334428,6.528940707107662,-1.54559578966792,4.529085740176623,-6.745410907244713,5.1511208783495785,-0.8583322660214932,4.156765849687331,-2.852377529740041,9.717930993193848,-0.28187105320616057,4.353481128103462,-1.9624695592797607,6.571166517366666,0.42135068230079614,-3.7549036493590817,3.022614272886175,2
0.24412702088608149,4.142368840428924,2.7865303202116314,2.463319977954404,0.13448613309828483,1.859114804641165,2.588057014778437,1.5269792679655982,-0.309989735740528,-0.1887478325133724,-0.10872617416561163,-2.4873203631575906,-6.600769638205155,0.23676880440804005,-0.7746033999196192,-4.251273915468581,-3.05814200882723,0.209473897843027,-0.1150464271228322,-0.7343043763916911,0
0.6354956616736759,2.240928623451171,-0.7052329706152471,-1.8231220277025773,5.17800011946842,-0.04581424291059651,-2.7853018987709053,4.23936053377321,-4.753833148969433,-1.613844232109252,-4.306999874501891,2.2298173879284686,2.0248035485190248,-1.8628715043160922,-1.9308403548485602,-4.162548106399371,4.010809053944399,-0.3391466359308873,0.2895754683438325,0.03759960696020126,1
0.5454772846394652,3.751661568158407,1.7775662164006936,1.8329190874318055,6.439830355931988,-0.646009108172659,-2.6074382318577456,-3.7319179335323804,4.266567972769523,-0.2347378170138759,-1.3227510657630561,1.443983905855121,-3.3163514137710264,-5.16485355058716,-0.2906183440319886,-0.7086006730582056,4.545253863177251,-1.8601751537617899,-0.1378907006667749,-6.020491251410736,2
1.791512349138934,-2.242910631671394,5.0810361048043795,2.6613246599082077,-5.459749502247417,0.009691670714574946,0.015611100707379576,0.7085288694221308,0.023354748700620487,-0.1073444664296099,5.64223150657689,-2.361918175682682,-6.651643914003643,1.0546181325445434,-1.2102725930307754,1.8990808543332904,-3.636304321740562,0.3279470574077679,-1.9908578229131368,2.056973388540757,0
-0.1809079520390724,3.212305838843859,-1.303951733286623,1.2028501633689495,1.2523888344382725,0.6740267552688337,2.8938307784256656,1.8058538269229376,-0.48359458270710143,-0.3109781292522395,-1.4373337520018064,-2.0858005273076135,1.022720880112433,0.7071931976530612,1.0283702906022683,-1.8555541902461958,-1.3657927952449427,-0.4556698049513796,-0.388162985171269,1.8292718352621895,0
-0.35607801266070976,1.6306207814562086,-0.26289295920046896,3.4738665115274916,-4.446111467075914,-0.5728905225453151,7.2355030239378735,3.330954973584753,1.8093247172164681,0.48589565273600444,0.9388604225210363,-4.010000934430574,-3.620572828721754,1.144665285559602,-0.547328042296277,-2.0410714225989715,-4.732461368457969,-1.0748193720415729,-0.6344628493638742,0.43148088099147086,0
1.711492426654694,0.6051661324693315,2.1979494641386994,-0.207764787941755,-3.735894516981582,-0.2628648975502117,5.489471128985851,2.32817132218328,-2.3482755009257783,-1.07936248640706,-0.7702225588648445,1.3527609921551407,-3.147145785038612,0.658977387801994,-2.4263301917221627,-3.1138801801967793,-3.1786480469081644,-0.2933632708808101,-3.2729223408173773,0.9827925775512679,0
1.7896213118621926,-3.5868900227729137,1.6298778275075751,1.1259652047697422,-0.5173293734876185,-0.19619888680601189,1.7174271314675105,-2.814822467710778,-1.0347875865502987,-0.615878241031853,1.3376230135408909,0.4443894296835875,0.5404279866929832,-0.4910907158274438,0.3568265985805785,-2.436847434454148,1.0921241958429473,-0.3949929535827996,-2.524581919882377,2.2310246306675436,1
0.6791051627475824,0.1566416579400265,-0.05970170396240215,5.068361340691159,1.2000732341512372,-0.2249859885279659,1.1922979633472053,1.9669637649768368,-2.662086522178572,0.6605288871095782,1.4550610034736797,-1.2287958592632786,-6.145353622774927,-1.7521962733374268,-1.6413003206963048,0.8924377933636959,-2.8510222900223,0.9566252997067817,0.9894513289262378,-0.6944937161062135,0
-1.1664111519951825,1.6088024854590315,0.5933962381247533,2.1553942846443235,4.3268466848263385,0.49390390383342625,-9.01297522350056,1.3537534226837755,-1.7875985958609626,0.3242013953637316,-3.8171087696891095,-2.595481031136772,-7.7259254496889875,-5.960415501720419,-0.5446040474792815,4.835054503868107,-0.4597150957966817,-0.7066016667211676,2.4936333989379005,0.22263839677277097,4
-0.7313462232083958,-2.3084019230323864,-0.614172633954851,-0.457229688385246,-2.8945145601149167,-1.0808575625560917,0.5423491282452302,-1.3836994496081134,1.828990288583888,-0.576405649002546,1.069760423710646,2.5056157337154525,0.3125162889915788,-0.5196258567507648,-0.6433946554311802,2.8304485590610082,-1.010185085920607,0.23641298209678027,1.9045046505353398,-1.2873667113307539,0
-0.09534004222663466,-0.7847846989826797,2.7786215011534967,-2.1287315862931915,-0.1974914375214852,0.7649971939279184,-10.451299235044795,2.620713624905924,-3.2257455990351995,-0.08806478784118156,-0.5830940333942223,-0.2200480430104942,-2.6747401997757074,-1.33055890003157,-2.7776661031461023,5.33558026545861,1.7196367080759205,0.43336069090949997,-0.024720261887891892,2.8674141431098663,0
0.3413030506689028,1.2408341598548367,1.4561811325611846,4.181701914940488,1.4847180102627784,-0.7282246642570994,0.17372861615402366,3.468847674118567,-1.4780175746497504,0.21555239339554527,2.298646578096522,-2.9285322216650878,-6.571089684775887,-1.5407659411443164,0.4487562599628525,0.13113697778878808,-2.7472754474129233,1.7846406406077209,0.020456014273849465,-1.0457131170558913,0
-0.3361443614160974,1.5084030987310655,2.3196453842306,5.417520847717419,-4.938291304109234,0.13525145038286787,7.770534153071435,0.5891979211503475,3.437596383178308,-1.5631062234984887,8.551111380860752,1.5555485592753735,-1.7296519212143755,2.877252758646844,-2.1391925974869546,-1.4321159455566073,-3.98656878393736,-0.11983180318346565,3.4437033859295045,-0.8014201718790154,0
0.06319082655500699,-0.04793911422872177,1.5588280179244935,0.10095494248300996,-3.2303832415126204,-0.5537755881094242,7.2089452399296325,0.5050594743051596,-1.7921509868841425,-0.6780822003818598,-1.4206244392945295,1.2335639846933941,-2.2414602288423895,0.1389711829211011,-1.1860820596756558,-3.4762293057159495,-3.1458157575869103,0.23038458624544275,-4.550259985456194,1.2320793869781974,4
0.07736301367362154,-1.6878291785718122,4.540893944751087,0.6638979260528135,-6.529691074461659,-0.01330399380962096,3.6198590736976715,1.4628190770695277,-1.397366837604199,-0.9017571605108504,1.620035968980535,1.0002071846173326,-4.31563407182196,0.557222966247203,-3.840038871133647,-2.7368983676564618,-2.615791475388009,-0.7827592676193803,-2.4434494491800622,2.727597152090937,0
0.5561051882043997,-0.8671728033596047,2.4082483411239997,-1.512562308208926,-5.435229206256618,0.8967305626758713,-0.5909574729902369,-1.0175961532966,1.7240745985617494,-0.43070057330631106,2.498709015977262,-0.4731598190171068,-3.565417673044837,4.219678308131031,-3.822904724247048,-1.3483735539833734,-0.5997316571804032,-0.6710871984030522,1.5903365353778525,-2.835692329030117,0
1.2676187370741911,1.5243574422004302,-0.9965416171473445,1.286621213901555,3.51231196088153,-0.10586272407516036,-1.5769522484995953,-1.1279321296093057,0.34544010562711314,-0.7414119254889349,-3.1083071117147614,-0.45966294834785604,-2.4671613409070705,-3.253363611637915,0.45818331961467207,-0.0036363837543731403,0.3214072212529784,-0.35634585313125994,1.5879409212361244,-1.5253062015830232,2
-0.9109532711216858,6.089295974923713,-3.3231426296416604,1.093913661432857,7.857669841544471,-0.6199192710741592,4.276755174949223,-1.742905523936579,-3.592198424515594,1.6776232270472768,-9.723157522903422,0.0941506083289303,1.8913376107139444,-3.723847996853543,1.7826418067716712,-3.9264194195439264,-0.29699282011104466,1.587620995197907,-3.134367356229688,3.5594001066907657,0
-1.5120819721115084,0.4844756123257137,0.5588335052776672,2.981993094517742,3.3293371410575787,0.33568613215725107,0.5681462752459715,-0.4843184035383987,-2.0909235758258102,1.128954515813927,-0.3641367862344054,-1.2447474433263428,-1.0903769085148676,-1.910901615872553,1.0808723755994851,-1.8595763277839423,0.11979184862225245,0.9652521157128986,-1.1792456460695493,2.434748756696042,1
-0.8264920724285644,0.3142483260341711,1.162179702648876,1.2341969521630947,-1.672459631156822,-0.334880035264591,4.7604182513527125,-3.6305237705383813,1.8262942419588613,-1.01673109146882,1.2809865154549371,0.8281557709440979,-3.2309215293833917,2.1260307980971818,-2.237847236869839,-4.860736695965423,-0.7334359786364517,0.11586252128996938,0.9000092878008206,-4.037902621927046,3
-0.19529340781933383,4.284839169304679,1.4925484672203635,2.7475756588533327,-0.6195332649854907,-0.4053975640786944,-0.854618441086151,4.723643795969149,0.636135769330676,-1.9561136149549219,4.64221517960322,-1.4330975719142556,1.1993801455615936,2.0662507154190592,-1.428504624553969,1.1913414810663987,-0.5016546998860748,0.9182061265199473,2.477945001062259,3.0819345203012705,0
0.20810674590511025,-2.7697097832449886,0.23815454581134232,-3.958135816586821,-1.3340598845230958,-1.0549456435706173,-4.9345525940570685,2.7925011111289364,1.0704696577268789,-0.0602732717779427,4.214953088290044,5.416243321702672,5.533592546409418,-0.1253108735263564,0.3815365042167258,5.814028261500601,2.739308371181732,1.3491444742476182,1.8548320860412661,-1.756111954635632,0
0.10626156067016408,1.4796473151534975,2.217122553681792,2.7258860818004886,-3.7888562351822435,-1.0000267205602102,2.13066343481794,6.476310288091785,1.5124039878656967,0.9501715386017936,7.303064586260642,0.8571845586392954,3.155141019193825,2.2737500081977617,-3.5805610840696,-0.6003309691908512,1.3556994045687465,-2.266935715454149,1.4966172688312391,1.9682790169930686,0
-0.530219254668679,2.7441246291464028,1.3927714220738079,1.3071693581071875,-5.593730085979681,-1.6388647218418366,4.839558899763238,3.5995454317132873,1.7493020856398895,-0.15615239602665398,4.93970466078714,-2.5241494369882487,0.042689540139241776,4.848819895121387,-0.08489320787146537,1.0131213643508472,-4.619769665089676,0.9924466500289575,-0.7732415273492879,2.4585744108609844,0
-0.17902796588550668,0.14853449365758697,3.9697276515564033,0.9994048089297516,-1.5203480116604964,0.35207955370693533,1.5934088574831737,-1.897626327921826,-2.106048281647611,1.4483281387108378,-1.94524472335809,0.29026353340395983,-7.960412936665371,-2.560363259105895,-0.8060677256869364,0.07137010585939141,-4.080968029785227,0.2818650491711575,-4.186515981502186,1.3885054313906053,3
-0.20531238783601435,4.212337887163063,-0.04022537174994345,1.8808040765609175,-3.3917626847683175,2.08133607534918,4.300340755541762,0.4624865884157562,0.9035356797295193,-0.5468372892945869,-3.798426308156242,-6.245321775606005,-7.622814671152689,0.7323077896084442,0.9756810849478155,0.8144345813372764,-7.977957942587955,0.10190615108946523,-1.7761638905194839,1.9869348865464609,0
-0.8513577003548688,-0.40271370487621483,0.09548534781162854,-1.2140582492690295,3.3949850549792218,1.0598283566838047,-8.572064139514582,1.0602993151011688,-1.074922431231636,0.40454878882614587,-6.491944994665527,-3.1204013889140185,-6.801666734689408,-6.452977921372298,1.7737170099820023,3.831393068170446,-0.056818914658847364,1.7077698238158436,-0.16773880132109276,-0.9136732150502228,0
1.4381256749046158,0.2023883790307115,-1.1649307619357931,1.8202803529328984,-1.0496950492655435,1.5769021798107064,1.8823086268120335,2.3779915403744987,-0.44075598575963626,2.2179741426293496,-4.6865584139510235,-4.2374026554367985,-5.979288610391363,-2.1332290529632947,-1.506689103052745,-3.469718763714573,-1.8836409859345018,1.0938103207122916,0.3793660786626931,-1.064070089633376,2
0.9069393196997899,3.5436124507114015,-1.2178093447731353,-2.3192990410693786,-3.1119035093431977,0.38095088921207465,4.612216438838012,4.287419814178568,1.4748484718954908,-1.107994754690382,-5.932658106562851,3.8767903806027713,0.7492876157745693,-3.5809340749777507,-2.7659206650669406,1.2539962407359286,-1.6284296409403591,0.6466416567330809,-1.7826168877688322,-0.28980662152315906,0
0.7929507038463439,2.7847543558049583,2.7685605611359145,3.3441861166478244,-0.3666922056330114,-0.5064954824546604,-0.8215227448229288,-0.16118155613866358,-1.0801281438663652,-1.7391601946110635,3.1024044682609073,-0.6745303788187953,-3.8870816369245764,1.6699386433612093,-3.103438981549074,-0.10673501461185442,-1.548421160627567,0.014010207969882206,1.8777880407251293,1.7674260183434662,0
-0.42993201418066335,-1.679460791154895,2.0129632530994828,-0.0898709629410368,-2.663244367751861,0.40601933967979664,-5.204163788234696,-0.047572023504440786,-1.1501227901245747,-0.8522661909803393,-2.801677340913781,-1.8346682506208793,-6.187677289904984,-2.705785428356192,-2.209682525238466,3.1937942755111153,-1.6431051612294083,0.08327786700026973,0.20740261595643272,2.4121790016677664,0
2.1075069382383202,0.9643008200745824,2.577905435665091,0.7982974850294113,0.0837744550395609,1.2893437409279578,-7.082217020992611,0.7937130475658415,1.371844534250342,2.1351538879952523,4.9609774078744,2.518764204125385,1.7475743289861279,-0.36371492179393217,-2.4656377795644024,5.245822187287045,2.7799016939475107,-0.3336388799719015,3.7831869891666408,1.7246030846653757,0
-1.8821688290795302,2.060641247380441,0.8967865311361665,0.8309503202634608,-5.569439234064145,0.0033274195831950867,2.3659816164333347,-0.4911658453254466,1.0138661064528498,0.40765760210381713,-7.7718764877717605,-3.205449696890033,-10.302128492184154,-2.996859510920718,-3.8436036271454608,-0.1508977829016549,-5.917792159956134,-0.8115319212995957,-0.4592054414934792,1.005195458623044,2
0.5267254766333834,4.7594826736518705,-2.3245362672500143,-0.46871694695454225,1.63276318651021,-0.06807066726845386,3.1489690567569895,3.7930011615295194,-2.072643312914117,0.962360399888817,-8.107646579663792,-2.7202862349643713,-5.819429858703958,-2.003099090320015,-0.37507407063120235,-2.4830763392451067,-3.7607079855348995,-1.9298404337291657,-1.5341071011663714,-2.334370588281833,0
0.5402821640258872,-0.47257865913792707,1.8251618251012987,-2.879691216443188,-5.559379243576041,0.547750589298914,-3.878712932832438,1.3753591817664135,0.38852991815674076,-0.20068113121288503,-4.214815700744425,0.6979218918425776,-2.4222967841451255,-2.220792885816727,-4.199332376155974,4.1537522605703,-0.6057175679703279,-0.5307353543328125,-1.0429223724592918,3.1884658575951823,0
0.6827085390928708,1.0180867889135168,-0.4327726269341723,-2.2995487712507257,-0.232285958990758,-0.22785678972112586,-1.062806881754182,1.2103594824544663,-2.6038771020547467,-1.4118344915138914,-8.140446309940916,-2.0194875296526744,-6.391061791148187,-1.980202114677578,-1.8204365001819838,-2.6986409196711545,-1.8121666807948706,-1.0451728066675965,-0.9315624179290632,-1.302575331801982,4
-0.6845798782725795,-1.3223555083612286,3.730910123868343,0.8010745720483513,-6.998770234251482,0.31288803679616195,1.3243076018231,3.4296000029084417,-1.132760487928962,-0.529556295977755,-0.8341285569248886,-3.0724057604376838,-10.928684650521644,-0.244854911251438,-3.6642420327138177,-2.206216602907338,-5.164326181443293,0.07972191094050224,-0.5071408969672091,-0.4773766021237582,0
-0.8606301523168409,-0.8504904926605183,2.2509561147311925,2.309825243125598,-2.0511715662214645,-0.6560919809257143,0.9251006506114114,1.3543404457616004,-2.2905832931833148,0.6397903574428867,-2.85141279922325,-3.552975722002717,-11.235026180017075,-2.5575797462568373,-1.4212291931890482,-2.4729521711237723,-4.611224081908608,-1.5150295317046616,-0.8650453815741405,-0.8222007732629049,0
-1.2401664568975193,-1.3822790418115218,2.1922653414557534,2.3014916144463142,3.4870003220428596,-1.4768483395572374,-3.050379310712305,-3.1664729829967326,-2.5415355338545957,0.4222065644624794,0.3686808271126066,-1.6812056459379128,-3.667540964180063,-2.1453664437467594,2.053302038206772,0.48377039901825536,-0.2527543069168392,0.8637615203782515,-1.879765453921082,2.3486789724875043,0
-0.5905009809638624,1.77377006951489,1.7039980616330723,3.8501202524778027,0.6418047285822196,-0.8801490266533925,0.8822329374670098,1.8091354493393077,-1.3885418608895947,-0.49775706301760125,-2.3993508419651643,-4.951101549833076,-11.62840092489225,-2.8684960257050696,0.2003553566481462,-2.44101443401829,-4.971645875688768,-1.5803514479355782,0.18713755133680676,-1.6461085569519667,0
1.6112357579255077,-1.7293377588588292,1.9612828252167867,5.437262996181885,6.763542904352781,1.3884386811550906,-7.674799551752533,1.850633721859428,-6.14623723966714,-1.1105712151738012,4.122388963653969,-3.9245968977949106,-7.8990898890670245,-1.8743466081690605,0.8938977936183312,1.279411142814793,0.1188753673372791,-0.45741878451602247,1.4603905031891589,-0.26746084164425643,0
-1.272839040806815,-1.4742322577401517,3.2454475347184126,-0.8839727147509648,-6.536762727796321,-1.2977015927465092,2.074309170349948,-2.7947882962596964,0.5471617890985863,0.08148819861935591,-1.7879603286254377,-2.801964010202677,-8.86496939513797,0.56022327319953,-0.37594309927973535,1.4511942692033486,-6.256799882825386,-0.7174965443387753,-4.032381928251628,0.5830002591264619,0
-1.1743118364953253,2.2968560411518393,0.7068963083478973,0.5620494852789333,-3.0087496715034256,-0.7366322021997084,0.549155339672118,0.9030571920580197,1.7864170061007876,1.1868160234220506,-2.3520157766291843,0.797607864544305,-2.674255387181651,-2.310256272820086,-2.6270229766490347,2.5886995156939117,-2.2157505441030847,-1.0124469979864485,0.7635544843756971,1.256962067850671,0
1.1762967582743005,2.3012110448200422,-0.8495447029140459,1.8095005159029824,2.034355758458521,0.5547825213178135,-0.664585490158818,3.4791805813661347,0.014817430644128882,1.9601742859913796,0.8219966328188681,-0.2514372153483291,2.973593826714547,-0.3231006882029185,-1.6428381208667808,-1.2829844679545928,2.8402213783615036,-0.5281982385575966,1.9045161557271504,0.9969384064702146,1
1.7143268346770932,2.9312773016480644,2.09804995956261,2.453563865154628,-2.7710677277010056,1.4701767229845155,-1.026369316504634,-1.4125414237234626,3.4283275637828217,0.10675396571610239,5.193183440211635,0.7347315253663709,-1.5214521908347298,2.866506360907869,-3.84642164596364,2.3011712357208003,-0.6823862650916346,0.32664509938656044,4.532245264005182,-0.5969772779531414,0
-0.2554276529818654,-0.20304599246773458,2.7315865041700844,0.363258373609458,1.8097239992239023,0.13182617548111425,-8.660353843383005,1.361229524940378,-2.377745053474108,0.301297078306563,-0.26871154520417045,-2.0855146542860434,-4.86529050595157,-2.3941925980005476,-0.5683710926396639,3.3470778599282385,0.588631610846247,-0.7018445273715551,0.5338132396907811,1.9494147687912196,0
-1.7738459337395758,-2.1289821229953403,1.7402146983955387,1.0393724680870946,-0.339870368217424,-1.3027163067593057,-4.157020905414278,-0.9322992272068247,-0.6654734609329984,0.222071116667942,5.891453594317391,1.0296776439324438,-0.9092660049198116,2.1596267244494274,-1.17401215083531,2.251845383447595,0.6806161512660529,1.1619952675814986,3.1792976762125758,-0.8624034777750396,4
-0.07770385439510688,0.3458731210054703,1.5296292925699468,-0.8988212491179353,0.7056441392457171,-1.7578227019803,-4.3429902552203625,0.343715283943115,-1.275695364606239,0.2546257018762862,-2.8313385315739823,1.501436792488417,0.03180158592071893,-2.239142472550161,-3.676699171216251,-0.9922092816844053,3.586008047142413,0.19415327497959786,0.49456012720847364,1.9516444646007005,0
-0.7697222308718856,2.3022435989581282,0.9262019412658807,3.2786031625053123,-0.20953982325035353,0.19932885569481296,0.8177031465893159,0.6529363273395905,0.27967183772624127,0.4756605614182476,1.6146237409976856,0.9248346233104918,-2.32580332017369,-1.0597851654153378,-2.1043002642520543,1.4462105292380731,-1.66226393273685,0.4720790805763306,2.0363841556546545,0.8530229987532763,0
0.9009334642142001,-1.093247538123097,3.579738274591243,1.888756039596561,-0.749684500312502,0.15225012859589074,-3.0889340340416633,1.455701869961222,-2.221023538221777,-0.0459463732265448,2.7513829568160575,-2.0394984223004466,-6.725755659109778,-0.4112869858159548,-0.6018391149354103,0.8521022337414774,-2.0105182634361043,0.13243930435910412,-0.41214609725519424,0.5098466849374312,4
0.4351649729470782,-0.7241257169613109,2.1088750567910486,-0.7532933796140862,0.42929350017657,0.8344374565283117,-3.636637997207679,0.5844088772089275,2.3469414572284286,0.773447600382574,3.3889147742961665,-2.937319669704914,-1.1412124469843294,0.9733231809657251,2.6958049565907922,-0.13140906495604143,1.442526947594217,0.7373875093109462,-0.12125933178914272,-2.197898610204092,3
0.548735831492293,-1.9316427652562633,2.3917193933911984,-0.0961820175449255,-8.143771967476672,-0.4142618547103739,2.065297471465956,-0.7481218072441018,2.9633017359331344,0.1374038293091988,0.4266162217394342,0.212048064831603,-3.21879810062976,0.05297726696747285,-3.213203146074649,0.8711441961486286,-2.746882086151569,2.3517499698598967,0.41757399887044044,1.4907626188076923,0
-0.5221596976095748,0.9494610940768268,3.8877898495395664,1.4213631963036863,-4.417179873872148,0.7897908650703533,-1.6959195628806727,1.64486774762868,0.420752848852883,1.0423313867621422,0.557237356400267,-0.6296632110622022,-4.787987738853388,-0.435436623016892,-5.86591154573239,0.06498003438108202,0.061887733514068954,0.9296350034958438,-0.10946011163585312,2.0222770073150027,2
0.6611130006408505,1.684024779399052,-3.829098493221726,-0.9864386221958494,-0.8174207124884993,1.2578596381425438,6.192970968795488,1.7312727705633264,-2.380982706906761,0.09394944178841741,-6.295524065075909,-1.5995818216779487,-2.2068892997976324,0.6619728373333492,0.3049779460422223,-2.385346860888407,-4.6822555135879025,-0.865954106286216,-1.4444777179023307,-1.0674523869899903,3
0.2133572864972789,1.0911127781885137,-0.4645681172043775,3.159249275871576,4.871267614610168,-1.4955071106404982,5.822245308121442,-0.29106528481512883,2.771160141531233,-2.279525304660622,2.436890060502808,3.9681095826456962,2.3431547460146653,-4.22400778574313,1.259411369382832,-0.5747870379187132,3.407491760532656,0.918031848727561,-3.9709718573537156,-5.096703388546515,0
0.33104768738696627,1.2651121619288794,-0.3648984680356573,1.0788196103392222,-1.429316399208641,-2.080103449473167,6.012838963141732,2.7205408897511103,-1.5466185007548097,-0.7849036046095206,-3.970167538758052,-2.4338168840129617,-6.8021978981783695,-1.2682640853466873,-0.08842419277723146,-3.6159689547665543,-4.792614640904024,-0.5462069476429241,-2.55498535308058,-1.9869020887698414,1
-0.26332845260264487,1.287334028986241,-2.3140672491871928,-1.8727051609363077,4.772319867766864,-0.5740906595914261,-1.4379646785802496,1.156066148231421,-0.8934870693691135,-0.6527251131276176,-2.434368083539081,3.081211247693811,1.2733160680263984,-2.743627598221203,2.51066607198479,1.7238198764499133,0.47998690695903323,0.33418693229890495,1.0427787602666203,-3.618285144146804,1
-0.8368326467123551,1.0567941821854703,0.015976062435282934,2.576111056231686,2.4248175129135654,0.734454441421493,-3.512834289938562,0.25383025413905846,-2.319733916767599,1.2574744854941986,-0.217746978404658,-1.891613010798435,-5.837100883255285,-1.1757903879223015,-0.8141211554882732,2.871800160424173,-1.957448631276569,0.5940979373049315,1.5429403427828872,-0.6814172092640782,0
0.1480521375853986,2.0030346383768167,1.1318467451630203,1.7941602805354597,1.6214327393559453,0.3771498386252876,-0.01917640722727286,3.172214953733636,-2.3055823326414293,0.9886747995748207,1.1637085505326121,-1.0422077792775253,-4.1071094165515785,0.2003844490922595,-1.26078156858846,-1.0422018450824901,-0.9126421575526347,1.1791038701339815,-0.524754878031237,-1.6103078636719852,0
-1.0355633515434248,2.0065014250408915,0.6427498499776227,-0.8173206804277204,0.033003079359149264,-1.4681824910869772,-1.688391682256278,-0.06275250514731301,-0.31032606678520047,-0.673239898132942,-2.444152434700165,-0.05600349132655591,-4.085748298778363,-0.7123674761631045,-0.7482714229204012,0.49619688319379396,-1.9731660093151224,0.3568336475858602,1.406331239969923,-1.2355393821787506,0
-0.36705857771004696,-1.9430704953071274,4.571046487687834,0.12735678124051408,2.313968337682049,0.2772895031138307,-3.597330588154062,-2.517090442782426,-5.437432199169086,0.26889874547948317,-1.8350374199441712,2.371959597274892,-5.099229525196505,-3.3573572876118973,-1.3673692712671457,-1.9471405222140539,0.5349273655686784,-1.1071514447147055,-2.669685206663053,2.796380259379256,4
-1.438909950748658,1.9233725634008434,1.1265384864462262,0.3610475220997291,2.4091258623319804,-1.0245088355436334,-2.984471567379087,2.147519995174746,-3.459277504930919,1.1872662433724968,-1.7713822096605745,0.10727393028134302,-0.3946797216701411,-0.9222976205307284,-2.0029114980752185,-1.6725302886502595,1.515518051959122,1.438102140431454,0.31343205452242895,2.899783476368775,0
0.38438210094192465,0.5342959131401783,2.0521538492476425,0.8883844469421942,2.82195916996245,1.2604690805882326,-2.9063222708187455,-1.0921314640399635,-3.0741328909167884,-0.9245706538869116,-2.991266749608765,0.7487050040051577,-2.7619545509394055,-3.27245588913319,-1.5771755863555943,-1.2213808598771974,1.280168334346146,-0.6436567640940334,-1.1510662742970326,2.561599271108194,0
-0.216397172007874,0.3731070382076167,1.642032864793022,1.4478411806565104,0.7925851238990748,-0.0005042098737354098,-1.2132879641273506,0.7460912370818384,-0.9909067596443419,0.9990013304626248,4.758899209112595,-0.04174704517687311,-2.5517173615304007,2.120386917085597,0.07766323891877258,0.00128512506976719,-1.0738587020886041,1.5792965765639675,1.9996318154516126,-1.972495248884995,0
-0.8993370075926037,-0.7082740925019171,5.310310697542941,3.162875582949795,-5.626155371848344,0.0889970882800999,-2.361535645811592,2.7454373404168715,1.1188863500099364,0.35099673420269917,3.545633137524932,-1.151176926872022,-8.158914896694714,-1.6092685347704698,-5.065781539223841,1.2490055393275021,-1.6434037475286785,0.7662240945387282,1.3733212795552676,0.9631482664080462,0
1.247522824709503,-0.7046471044349301,-2.197143559511444,-0.6594967082738792,-2.844460449505309,-0.22811527952479402,2.4922085321526635,0.40580953959671495,-2.791662960538839,0.2282502884562134,-5.099209512881537,-1.9932053274796475,-2.903607536239787,0.7690518275013789,-1.166996736809155,-1.3978807409479304,-4.12992511804997,0.1737976077468722,0.4051561792079539,1.8354370632486279,2
1.964282122370966,-1.841379549690747,2.991520458914691,-0.6623127737894197,-1.564013703749471,-1.9374253778698247,-6.041869487926429,2.0212991071566013,-1.138264613479079,0.11032164714775473,-0.4616663928513793,-2.796738440636144,-6.529909802422767,-1.8893176237318596,-0.2857057020612702,1.8836594533348245,-1.0258678594931991,0.19020210032479018,-0.23419609907304917,0.3277391800059275,0
1.1282331943734116,-0.04583098031078969,-1.3531172316826965,0.23708301510506047,-4.965532324437534,-0.4572846565996953,4.394256097491883,0.3278937767379073,4.1876867601402505,0.3641000761060149,-4.361488390078547,-2.2705537227628527,-0.5992644024832319,-1.8948663705068238,-1.1068929511838694,-1.7750674203170154,-1.3734618571371546,-0.8718011604182617,0.07272441936018181,1.0163044865926096,2
0.06433404081612315,4.383505220175248,1.0292039101356776,0.5849214576207363,9.356468181405024,-1.2352896733908356,-11.322852043871691,0.6243273359897972,-1.3545546899075862,-0.5142993078442597,2.5523751543037085,-1.9003386539427551,-4.234935758652452,0.13202792129661156,2.0548912371939703,2.412377287200949,2.3503968556821446,-0.002235150111467181,5.0930895457093674,-5.20523754235499,0
-1.2929965133858505,0.7024339179584551,2.102488555801279,-0.11956576216841075,1.8161761697820082,-0.8486010674305268,-6.994412574124815,-0.2323638764921121,-0.7635126261571112,-1.0211597556335346,0.582564160958221,-2.5471962949903633,-5.893256168255632,0.19501291782527397,-0.2521429139330641,1.1105931237125066,-0.010604961945511415,1.7456955242916676,2.2739997697780794,-2.128783668473689,0
-0.8057794549583039,4.881046221045665,1.872918285548396,1.8535906391809966,6.431210416086857,1.508135748772155,-9.643305658899337,3.7854055314919552,-2.108139900327436,-1.501097170037035,-1.3623702701760732,-1.8969536905923525,-5.114869095835016,-3.8469232229419217,-1.5866739186625556,3.047776008436465,2.297813575908431,1.1386941078203372,1.8704829924414237,-0.25476087581598617,0
0.21981275804456535,-0.8847070098896426,1.3253187241887248,4.1344075671181795,-1.763314367463313,0.9403749264536301,-3.8554453239720816,-0.7462557039671431,-0.6926677098984946,-0.9511703242731129,1.9534639439493708,-1.4601234457799626,-6.100889377402276,-1.3529893002796898,-3.299361058428556,4.867242971479147,-2.305488828442128,-1.1970776832387902,3.0438585476693447,1.9409481284455619,0
0.6210594103073604,2.921991400042499,3.1195410250056206,-0.3487838026692418,-1.3437638042232014,0.8594644152515257,-2.5242223552023644,1.8108414782833377,0.8782969911058445,-0.43868010861277923,1.3543926021862072,-0.7089718954134863,-2.470950844606369,0.5303489238573071,-0.8465075577735087,1.2392591578209502,-1.0265833513176883,0.483886298648816,0.2720337602949282,1.0075519758870999,0
-0.09624516760366952,2.5145736539330743,-1.1888775681411659,-2.1433138885355065,4.953655746303871,-0.6170631248488667,-2.869959151186411,-4.5424286559767415,-2.0834783408237776,0.30286336678500325,-9.08702636840441,0.4397346031405185,0.41902163409763726,-3.3948909772821287,0.1182785774145334,-0.07162490265148047,1.8883546187432687,1.017606484621877,-2.758267802773472,2.6155723067482475,0
0.20842152702220731,1.9872374714739476,-1.8031316945045837,4.25682841142629,-2.9423023117346294,-0.9012948924202907,8.831177500258667,1.5618054122357643,3.4267951477656116,0.9041679146146248,1.6156428243745629,-2.202289556714794,-1.1734157446136408,0.34692833345962915,2.566581742809297,-2.54337839176653,-6.099771992824528,-0.17857233678998077,3.6725716032064533,0.21998003543925326,1
-1.3181188589474904,0.5351918072146781,-0.46563036316871154,1.451407850902163,0.6665478363265341,-1.6150133593257943,2.329225228439795,0.12479765206844284,-1.4142359437418972,-1.3297983600416474,-4.73391357021818,-3.109227669745543,-6.901126515858965,-2.5994269267786043,0.4023011836782402,-1.7984463935108381,-3.188523880660969,-0.10507577293147018,-2.195552351538022,-1.2608880764688188,2
-1.0626700908368865,3.8610678572516144,1.889269045467128,-0.5905448203387622,-0.1011557387185891,0.8041269734539096,-2.911151535128907,1.8937618102621587,0.2465352641540839,-0.20629329598986737,1.5984723630238251,1.858024653794287,0.17200204908680028,1.3829072777113796,-3.3865428686301025,1.5142175716537354,1.2096102341520263,0.7466430775166576,1.559488649111706,-0.07573566399886411,0
-0.7320399315576093,2.375061163092501,1.186660195089088,1.7725852377788032,1.299378487438286,0.18217873874411059,-0.8031001441746609,2.5730359794689877,-1.3585947799726588,1.035437479682824,-3.921304585009685,-2.523417599027873,-7.569437851039523,-3.8835451193487844,-0.4906077003082042,-0.8279146423239914,-2.501347765672042,-1.8502696950972581,-0.5271261192181613,-0.4331833125061827,0
-1.2157728807569765,1.06678270917528,1.0915749062786093,1.4450947834714218,-2.2315318226933107,-1.0829965078053223,-0.18326126626002423,1.70630331198616,-0.7180793150530109,0.7721617816522341,-3.8405891337410294,-3.0531195409448983,-6.1559716887280835,-1.7258556174679156,-2.8275461158077464,-2.5399265158643667,-2.076753498457821,0.7206995922338914,1.0938220051319214,1.4822660911402825,0
1.384056377326512,4.326965656238086,0.9650793076256637,-0.4519767769046543,4.439039805293619,0.3011486340469518,-4.984115647831431,1.7270214690715648,-0.07417339919089172,0.05586313489352404,-1.5721521042025184,0.07453126109191333,-2.3123211757683597,-2.3452135629910327,0.9585762018609136,1.4466399448135474,0.48728884637618286,-1.0006866577687863,1.800811482207855,-1.499674993565152,0
1.7179900781625423,-2.6271065331716676,0.05571093041443376,2.9728735201606775,1.6231016192207912,-0.2465679557857979,2.1700274748739465,1.2048024799738224,-1.2635791268243635,0.04176899186092278,4.986416799163716,-1.692292087718648,0.6129527383957625,0.8312139554943121,2.2760534965520334,-1.1337630565425816,0.5427443367091985,-0.28215198503529504,-2.0629845624646572,-0.41650171250168266,2
-1.2504206183493884,1.763192696148314,2.503326752724039,2.667778863668288,-2.7737302342926853,-1.3599354871341165,1.0893941169134889,0.7658723786692101,0.8769359473075731,-1.9897450926453975,2.924681352720571,-1.13236703230558,-0.04220608376701606,1.0327524283716834,-1.7055387869791976,0.4399500901970357,-1.1600709115337735,0.18310519028221275,-0.0532270015154076,4.76259137805138,0
-0.31660298832124273,-0.7889046151987826,4.046772102137424,2.2171221766783384,-0.9997828489250493,-1.3097832656785362,-8.758879929538434,-2.9731276520895955,-1.9533453500013183,0.08118747116551278,-2.7908941459885477,-7.44554850586313,-13.03531439598168,-1.1930906827555692,-2.5174026905464513,0.8680260471209726,-2.3410058651763634,-0.38804261784959343,1.0316863859703473,2.2621737970402815,0
0.006682783640252732,1.9433042058580585,3.780440795354478,2.2806585435030975,2.890059408007233,-0.6978173431958126,-4.647051080744882,0.08128940521051897,-2.8086784278623815,-0.8054650349067655,2.5573320329244322,-2.653753144272347,-5.959032344284195,-0.5721474369396328,1.862263736285993,3.4515729014922827,-2.561399562939301,0.09857938897271833,-1.9944221884433966,2.35681048383981,3
-0.8628555215014823,-1.3731554002564934,2.2199434147033363,3.021094733661389,3.3540968648863307,-0.8219541056615981,-7.818299760163461,0.6405631878118223,-3.7202505435699726,0.7308048278259475,2.945751078881842,-2.4359770539434504,-5.480303475737427,-1.1826214351295272,-0.5231163742865077,2.8175134995405724,0.47931804535352085,0.5958372940409201,1.5828985012769348,0.9867570315837266,0
-1.0221830814366792,2.6237762528969597,0.5127393371957787,1.2053747094427307,6.239866667904592,2.3361141438503115,-5.585378577242985,0.5065554650157689,0.2527849007497074,0.6365710776701781,2.5443458719499623,-2.523487601470344,-6.970919819173157,0.23901102392968432,2.967830884902318,-0.5979011896694342,-0.7013221749698162,-0.11923541737752813,5.217611350348827,-8.00719787327139,0
0.020468180008705164,1.620727820519848,0.7006315594966658,0.5828631902367425,0.4057923755905305,1.1414978351339617,-5.732121368830405,-1.5731811598478442,0.9550391330099972,0.1545267784516916,-3.3657163003690442,-3.6874176583552623,-8.23507841409291,-1.2599179633223296,-2.686346030037698,1.4640312812908856,-0.5165789661504865,0.8471311535231437,2.3846817818604054,-2.835964917924585,0
-0.1728775227192876,-1.9837602557008154,3.2392298671913498,3.1765984200346913,0.735071189261624,1.0909790530148702,-7.29234657154262,-0.9180314597752561,-2.0141158606902554,-1.4011730058389058,3.3690264060849326,-3.8505575653396242,-8.007823407057895,-0.04920158156882537,-1.2772129418451335,1.453923832866273,-0.5641945444982415,-0.7100242467042406,2.635362930628647,0.18187003043282224,1
0.8974354289440717,-0.7661456929728578,0.7434060046569613,-0.5953358745917652,0.14365004064728204,0.08543234658079632,-1.918314953110215,2.42788212100536,-2.9740078009679722,0.037326950985964995,-2.5909257003339596,-2.2323910286339306,-7.134836428281232,-1.387038715745665,0.011316945070217965,-0.3820381510016504,-2.5145619749074237,-0.5303488180325058,-1.0155231410782308,-2.1186450155490206,0
1.6852241192036175,1.0842885766167054,0.4242608839521995,0.8067348143935827,2.6511389919851287,0.15302979230716213,-0.7739781546770799,1.1822031001477766,-2.5080692912821165,-0.3372884862164672,-2.4948369593446023,0.4603841923701353,-0.8423850607508541,-2.1960385508652465,-1.3735699104782917,-2.3185087135341327,1.4933764543111447,-2.002974088934801,-0.6040161557179751,1.1852628355751462,0
-1.3551629954442066,-3.3479881724939267,2.157495257351944,-0.9912603827376654,-5.586286962346214,-1.0541772395272015,5.547045614834678,2.134023490590862,-1.9505320771576546,1.4781679522315574,-2.480975902409381,0.19847771506904865,-7.770593496930063,-1.068894506069282,-2.71361113506062,-4.511492551595907,-3.384943278161224,-1.4958343871089952,-4.049130563836031,-2.987024528943429,3
0.8607298667107548,3.5050208471007682,3.4799580171041407,-1.6439400923250416,1.959780764410032,0.08394121403370815,-6.515532909414177,2.3456910563493283,1.0259393559702428,1.5076743346127723,1.1250019820425998,0.23805406287258624,-0.3054011205056889,-1.0485221010843901,0.6598591510627838,1.5890450038796509,1.8769966983893416,-0.8182116969603536,0.9425935825726937,0.6545600624116399,0
1.8104758657701332,-0.08296491764193581,0.9899640621570476,1.7247670646977493,-1.5228656262043454,-1.4430078278286844,-0.7629594536708622,-1.3305668647917694,1.9144403436568118,-1.147398115828347,4.194149646879856,-2.1744858395785562,0.7762075913719562,2.190038796765005,1.3651234028558166,2.045665219617427,-1.132086093500523,0.26587890548810433,1.254051579609337,2.4109969882291042,4
-0.7214405975064482,-0.322831540852627,2.4611718798149393,4.247198922592235,-3.4692965227920802,0.6851485922933035,0.8192744833651234,0.8863001454701536,-0.8540825919990168,-0.29902349882029866,-0.5304786543969149,-7.193630873724679,-11.487816184960616,-0.7700622471494337,0.051184363138013333,-0.8324832495971433,-6.576375953325677,-0.8655160672428843,-0.16854604048502908,1.9074536788407501,0
-0.4398607880538961,-0.24633871182125455,6.180983193873006,6.558470286093115,-5.399777117371249,-0.03999886643035974,-0.12207572287167556,2.2914044405818674,1.106094122547165,1.7273832937138864,7.509391434165925,-6.16702246517019,-13.938611583809907,-0.15750953086961805,0.2460974737263406,3.6982098518917104,-8.199219581339129,-0.2902144116269585,-0.038831576812020985,0.8639395117573774,3
-0.538053080056453,2.1038677891343345,-5.0289763247411505,-1.0122207784415385,2.145462524626536,0.10493835952998185,9.71561539214986,0.1428970152405884,-2.4816139573708744,-1.4508489002147555,-10.193698419022695,0.0510370467374599,2.5854823601071697,-1.5013022707450892,-0.015561911729193856,-7.874320590245807,-0.4562610703306694,1.0902931003313978,-3.8857077601362398,0.19644926965454812,0
0.06195593848118351,2.1951628420017624,-2.0982688612372544,-1.7012723008233297,1.5350118417130134,0.3960466485327462,3.180560241957722,2.136402432657264,-1.3880265537600076,0.1833940601617713,-5.4901877082267445,0.685204208788782,0.7264418176922728,-1.1303170125591375,-0.680353411873833,-3.421768378375842,0.4288946973074286,1.4647029998542787,-1.8298235934188758,-1.383799000152996,2
-0.8512593135078382,1.4408553890663716,-1.9619887128413698,-0.16694320012991892,7.749209832238136,-1.9243559293981887,-7.161292976160885,1.354809941779831,-2.9728671685719927,-1.7248344923267829,-3.9713609923714426,-0.5519792320977961,-3.3477129058231387,-4.425859747657144,1.7638060581196147,3.3985556476710537,1.314179615721414,-1.3681064679298847,1.1017983402343834,-3.16731097101811,0
0.9719250936635612,-0.6195469355573526,0.09256913160293734,-1.8842846336422499,-4.263967286807981,1.9331564940070805,0.745295006243878,2.5797341449528846,-0.053036112951813985,0.21131702942554412,-1.6832585494927932,1.700802242651657,-1.2368340301957643,-0.12251482534644509,-4.233819688175943,1.2032780001408787,-0.11228558727408089,-1.9541325742930757,-1.16081533295025,-1.179068579834715,0
-0.2569636716005085,0.1962655261993368,-1.7224943387168679,-0.9451593976191908,0.2821093495510106,-0.3948841663429005,-2.3081150529600913,-0.9914868714306366,4.934251459281764,0.17222713246142463,-1.7871478611880411,-1.5838249697743572,2.9899595777874333,-1.357070995945668,0.8057059813487533,0.19928973131285754,3.340312362131312,1.6981221331030971,2.2708315369675045,-1.3415915822132551,1
0.9567759437017008,0.7847437184927881,-1.585154283424559,0.43391741068239287,2.345935084596238,0.4770505959654445,-3.537527734482536,0.2123491348344584,3.4277429140521214,0.3626552857750062,0.5619393690814489,1.4088647871437796,3.742086757192581,-2.245530218757927,0.7792708900232952,1.0599824929673873,3.089441106395852,0.33953672341531277,5.851859939618157,-1.1713051956719769,1
0.9936367078761418,-1.0010622124162478,1.2536581205722332,0.3220143929151984,-4.978466765595606,0.26235231923067054,2.2589900058707983,-0.9462554236993892,0.5783349379994143,1.1947682541296711,-3.464062997437947,-4.010515033525551,-9.84926699053221,-0.7815944574023383,-0.9505166191905675,0.20601023329925305,-5.5920559086178665,-1.1399316249471727,-2.358489061789524,-1.4405115131638913,2
-0.8809500123012943,1.190220619871491,1.2409806783506072,-1.2847114548763052,4.254935028037709,-1.4760178893576077,-10.381547971700446,-0.9355365602638652,-3.2539120283182092,-0.8815941702058119,-2.9628841270812547,-3.657023248139863,-7.908349034132785,-0.4274861407381232,-0.08493468011702021,2.075313721969006,-0.1677769333143898,-0.10310266362726443,1.9774913313901175,-2.0965471480085407,2
0.5837501436630098,1.2515696732375765,1.319585961484995,4.824724203104189,2.0331151918930885,0.2244867589402631,0.6370508362367091,3.416267902528044,-4.469513081839964,-1.3661222100138457,2.4474370373033523,-3.2030850649475386,-7.425694919119646,0.7505387771298087,-2.5519061438062898,-1.7833613267896662,-1.8454974602393879,0.983098489810972,-0.9722232865526466,-1.2245112628456991,0
-1.993452231570965,-0.5239904693113893,-0.4017364006181401,4.774986928652919,-2.133256230705321,1.235037526250372,4.761342383633963,2.5157617734080504,0.9123445534432324,0.39758762383770596,1.3253420200705466,-6.31201874236054,-7.56546155444097,-0.31270061000186566,1.452068651626392,-1.33765197190111,-5.123771853146027,-0.9177043381891433,-0.5129867933944419,-1.733160455433909,0
-0.389068876739292,0.8000858179123955,2.8504094754856273,3.042306154876655,1.3014166038997845,0.06588611467083134,-4.686720449513714,0.29360843047252494,-2.072262159386849,-0.18434540412547085,-1.5680306822404981,-3.3172877964899845,-8.819318190136046,-3.240720539905961,-1.2125795249310583,0.41482915254188946,-1.8984014767691553,0.529375127916655,1.0279498408757766,1.5366868026032883,0
-1.0509087310541387,1.7251491336529092,1.392894699030613,3.4450179717509966,-1.2790559877205365,0.3763332821718818,-0.060089013524292814,2.931096248638131,-0.6598579062236056,0.8976155168636216,2.144691814040987,1.0030612141788997,-2.3864356295116607,-1.7053263142904558,-3.0156172730976114,3.2385638200964055,-1.7071406655206407,-1.5500523858445794,1.0992103199135355,2.312445324197573,0
-0.034376267512949386,2.0742170583217416,-0.4575237931779952,4.187482221687192,-2.347385745696127,-0.22440713636115683,3.6940363121929676,2.536063522887038,1.0801858208810384,-0.9767652934412705,-0.4272566549623882,-4.321680753606582,-1.7096236686929283,0.12408066343598056,-1.6538465348077347,-2.7430606986450554,-2.0231285922805626,0.6553631212748573,1.5021546730139215,3.350266664641658,0
0.9270134448498357,2.501486509004243,0.05427322220226216,-3.399570942054276,0.4773799985959293,1.7042274944929616,-0.4200017038219527,2.5111749100769334,-1.4229737579675625,0.21673645419964271,-0.9499825726797514,3.261183801266302,1.5705700127955493,0.9936837755272294,-0.3751686701643042,0.8092095671360526,-0.33945276548479364,0.5135521968628918,-0.3544448370964388,-1.3655425125642626,0
-1.313145562368715,3.889128523652365,-1.1823137341776473,2.8178960493007494,1.4700716636247564,-0.09195546633749177,2.864617952193956,3.3000069673932173,0.4300909743594046,0.3045814621197868,-5.011934212216259,-0.17532340807029256,-3.4557179689008852,-5.813013837810724,-1.2890473999961631,1.2895169026974307,-1.7385327155613024,-0.36605070609828044,-1.4220034766950707,0.17753654949596243,0
-0.6185674079062269,3.231648262182853,-0.329327064345442,0.5017586278904242,1.4789950082811665,-0.00031178075796579007,-3.5288254195266013,0.40709066776030267,-0.45961564091407847,-1.530556586195073,-2.184310288857165,-0.06975433165350176,-3.584219675249087,-0.6491813766131395,-3.593078683989698,2.2591353016581386,0.27705933159966345,-0.323479995255614,1.9581857941247227,-1.8285585513650875,0
-1.5562338893126808,-1.0130957744433151,-2.968418405974911,1.8709238084966073,3.401515496494204,-0.984543984303426,-2.0243731286669413,-1.61229874166269,-1.5668428966272918,-1.462368528470791,4.067168296565393,0.04279116980504072,1.7989384511077287,2.58843257400877,0.1929023671782073,5.157989331968021,0.8803090869759977,1.489580084758466,0.8280092702097508,-2.22533948832395,4
-0.7095848288365785,0.2848208088188513,0.026892263136815586,-1.7120853174452209,-6.801799123474245,0.3314364574947298,1.2496061318306986,1.6112807682982528,2.654415334710076,0.5149306308437108,-0.645659247206599,-0.36931716839816675,-0.7917564636913454,1.6741965040424853,-1.54707380571801,0.817733224794315,-3.5219151207523627,-0.24753326765505312,3.3249368827901247,0.9822509710408277,4
-1.1182561446496022,0.13136690096531467,-0.44745629295375733,3.395358283538154,3.161386787089149,0.7300295312062078,-6.669426558830616,-2.293061590634442,-1.3136653825994737,0.29060916946140414,0.24638747540417297,-1.9395682764166347,-7.008272033064883,-1.1189343047484352,-2.6414975621480785,3.360334862545071,-0.16807233055859194,3.3822428762351637,4.8855630144560775,-2.6556440705288837,4
-0.498664483362298,0.8119744858133557,1.7450643435560067,-0.3424149066019586,1.888169659478882,-0.10999710884267146,-4.574244138326369,-0.9653524432205236,0.4206847458064611,0.12058826016822878,3.8329682223009565,0.13840126135816821,-1.8732935161604358,1.6697723856319495,1.6724924794227904,1.2564873442537217,-0.3688421768933269,0.4462231525782905,3.543113586655967,-2.4605798879588487,0
0.73210708581407,2.0903591400707784,-1.143689103778185,0.0209066192202787,-0.7757896331201773,-0.8203086606408461,1.9072500762810658,-0.011238903783253651,1.202615342224429,0.604512397290908,-0.46844978196312076,-3.1701601012149836,0.8307513613590704,2.112141019946454,1.7439747831981296,1.21789894578794,-2.025828854535644,2.0315948764306495,-1.6784923039737958,1.4278969541348752,4
0.5673790973410955,-0.6924422499555334,1.8221250507581013,0.26300391147574775,-4.599680304351889,0.6688209749459917,5.82690479277536,0.8341123617541912,2.6004919875912833,0.8753936738328341,0.13463461876636326,3.307433179475928,-1.1817885599728366,-2.024148650051708,-2.0870846374115124,-2.705802410978222,-1.0922579119201163,-0.5765156640890398,-0.5758764158600607,-1.260110775290452,3
0.0265135672152323,-0.17269102328816155,-0.917037710062131,0.7328143577253117,-4.042866204697255,-0.3902987279818581,8.764987678025694,3.736381487567247,2.7419794221014286,-0.6856990470047358,5.242818698599775,0.8839184950186183,3.8127995498398257,3.1555739434816976,0.10149837817194163,-0.63694987783922,-0.9159051864979935,-0.11984968328419424,-3.1105750490645088,-2.4888256542293883,0
1.7867904854396721,2.941111221016693,-1.5216689970673243,-0.9207630909095899,0.44602984369103355,-1.2033368435859422,-3.0248774576057085,-2.3658693796071657,1.406022843869874,1.0862332842069935,-2.931376987392007,0.026449568031564397,-4.036148572261109,0.5003280050034915,-2.2089420351698954,3.0453283149562695,-1.5188203563012137,0.1534383043691375,3.7952655798235306,-3.9754994561965367,0
0.2304654871592032,2.196699542388905,1.0536439967474835,0.8500768139333477,3.8889243429117486,1.0565015853081723,0.3276435896286835,0.9213182653478296,-3.6713214381644215,-0.4775568016559563,-1.6903172775693005,0.45634451036906953,-3.280253962257305,-1.870366469033466,0.9335633043688161,-0.6710522434604986,-1.4371408244328523,-0.9026522897253085,-2.6595898171192696,0.14071150532695842,0
-0.9745008151364684,1.5625483777440452,-1.1537586416163803,0.9611587281918177,-0.0642950936742078,-1.1132913124878523,0.8225996515281089,-1.4933177383532144,0.45628808651989194,0.6890311762782637,-4.090094244200953,0.06467415332032433,-4.045429850065333,-2.1849059641635424,-1.5787208684140381,0.3871075025912194,-2.2173830757718216,-1.358212825207657,1.8636693904716517,-1.1916905531512172,2
-0.554162958651255,1.9811398800871913,1.2233105084967344,0.46839909082185327,2.0016341591509916,0.48807307381157994,-2.189849603936916,1.6048315666776884,-0.9873257849275096,0.08400478748145165,0.04793685267824583,-0.5471805380815731,-4.079800065291828,-1.3186838966330723,0.2601139238344221,2.248276275614407,-1.080495924227566,2.006966498107907,-1.160261241102833,-1.6874160964305638,0
-0.8470235166549841,2.4647894604848384,-1.9866687406158845,-0.8098062081792237,3.8395959457641458,-1.4820863365605499,3.373175047729696,-0.018998981659023695,-0.9119902844663015,-0.70468075795295,-0.41772829788412946,2.2214813557265556,7.166909307168012,0.8924620817666926,1.7849303819984694,-0.5128493825105536,2.2188473390109293,1.2065459725134526,-3.5327646610341863,1.1731623420579937,3
3.2169835867901884,2.873105526057834,0.7169633612730937,-1.502563494555484,2.4522874587455195,1.6765765669516448,-2.7365133534305017,-0.9853769913002128,1.5803457586944791,-0.7995551979887466,-0.10626653188533988,-0.5859049014720685,-2.601327375289021,1.0616682904670038,1.204917098525217,-1.0454055287904,0.10032833216167658,-0.9721057060499688,2.324346747394606,-4.595679345371136,0
-0.03201357509634998,0.2948183510611321,-2.207147486021362,-0.0026925215695643434,6.350565125093916,0.296814226915065,-4.399170480763021,-0.1266658691004463,-3.822056856306013,-0.32563307142638215,-4.252999979647592,-2.072394735669908,-6.246947083027012,-1.9272020109296137,0.6621413032738235,-0.12835360430019693,0.10251953395138358,0.4635583208295639,0.6883150393897995,-5.391519698576467,0
-0.10160298252763755,2.8306568233220997,-0.6561765027050244,0.5747280192410082,1.7773900819285262,0.6260035517187722,-0.9236819992404648,1.0427551637869437,0.7208795328044766,-0.810386240173333,-3.503510090771873,-1.440603091062505,-5.013847941202469,-2.3745535579839103,-0.7968854858378307,0.33668682949471507,-0.9327671817244584,1.8651071593741544,0.6603659939044673,-3.425397773139675,0
-0.6234299302954925,2.4158052397176903,-2.975095097939535,-3.2127962959384964,2.320945807509823,-0.4480891389268773,-4.27305863387025,2.460983885325926,-0.8933007377069204,1.7569109164093806,-7.058387613613825,-0.05210181474923914,0.8694311254180338,-2.6285024950954723,0.9384957289315374,1.180206244516799,-0.1392592122050298,0.9846383089277486,3.302148711346181,0.32374410702024214,1
0.7754665991067247,2.1609129982895787,2.417671384254002,1.171707835287809,2.2337235931895822,0.03630021557422472,-6.063584665296726,0.9575428703651838,-2.720836492029149,0.24755955484730666,-3.3677058527542627,-2.6592501506522095,-8.646706874759264,-3.18771791079412,-1.316553676029986,1.3513808166693377,-1.7122192618980003,-0.5613305766230074,0.5666300235605599,0.683476330472385,0
-0.8412085388985402,3.8325268106566224,-1.6896464041180264,0.6760814415327265,-0.7976890753954576,-2.398430286441559,3.115531101411558,1.7319646952181773,-0.15023201958111188,2.147292803987968,-3.0904969274293705,-3.2993888766985178,0.28514498133077565,1.6233703355934925,-0.22889001706692158,-1.541361906051889,-2.4297224347392645,-0.6481238211901524,-0.24178416417827853,2.8224802298731175,0
-1.079064855035123,-0.7127054873034859,2.976950929806593,3.0949940954962623,5.347629504410651,2.3052443734521595,-8.424693444811002,0.11350704986180937,-1.401358272430027,2.181078578824122,5.382715986287139,-0.07094163322916269,-1.7472559157689596,-2.2972488848418466,0.609586044353128,3.326026812843546,3.454152412037513,-1.6035310391159396,1.6773315500184696,0.27111342460966503,0
-1.5743437082232996,-0.384446383924683,4.162194763177473,1.4642650485278033,-3.092840367618106,0.07243456351598326,-2.2132936516482418,3.270703900590571,-1.329708465367788,0.22609812679603847,1.4190509050068472,-2.0748054436693266,-10.238357861304742,-1.2752995771014588,-2.194208028889824,0.7225914369825432,-3.6216637907696376,-0.2134209543484186,-0.120120591734025,-1.4350164240911853,0
-0.5080087723197868,2.7202092583350734,2.9126646655599733,2.6006382126750456,-4.163715823470805,-0.4106425533770172,4.348962557490145,2.736288335878057,1.0089402099973106,-2.244986081764812,2.3902388830758032,1.7892381451064945,-1.2294265936009496,-0.13179565818364958,-4.14994318987009,-0.35730021846313886,-1.6456499373764348,1.3206994506166292,-0.8411371875924438,2.563869392168037,0
-0.6292506569421282,3.241326976303301,-1.1129320784807373,2.07675677127431,4.631488161497078,0.44118467847458515,4.681268881221448,-0.1648865271928679,-2.1817352482015373,0.6739184729792327,-4.374345933853608,1.330413664094456,0.7737883923855711,-3.403928916480559,0.41894183611108793,-3.086313728044168,0.17903615873730705,1.7758422743543154,-3.098269740368595,1.6865697849539787,0
-0.3031004905443506,1.2854731546966875,-1.5817412148913763,1.1611627475693536,-1.8577073578909329,0.47443518218912434,3.2038133114752463,1.8917245312525737,-1.8622186801702416,1.3568021601969253,-1.7425996305183993,-4.681854932007028,-4.262586393478995,2.491266090662542,-1.007735702564616,0.5078379575960834,-3.912787850199319,0.443420050686932,-2.9576332963816694,-0.027191696187275682,3
0.010843255677798891,0.5743207772325862,0.8227863191333673,1.05179393721565,-3.037355062115751,-0.8703374793845873,1.1451471156263713,1.850202094267599,-0.2431579149159132,-0.7467899810039311,2.220285371148803,-4.833940693914137,-3.304116316100858,3.329215531295996,1.2780161964579952,0.4806460692610579,-4.291639556406045,0.8356228445521514,-0.5633865319502677,1.5714356207541158,0
0.3617426417274599,-1.2965986329220849,3.1716356155117857,1.2043504226294948,-0.14126562585529115,0.6766390291964895,-4.548892004716261,-0.9183944357967098,-2.136354722229129,-0.6588879959412907,-2.8801966492259043,-2.5867363608257747,-8.084883908937728,-3.278438211329794,-1.478061802509996,-0.9062290024583521,-1.0031102248025408,-0.734965953544404,-0.06396757899382843,1.701277141550548,0
-0.011513105794569484,1.340899189549488,2.2152089330976557,0.7590583105155277,1.7258257977209983,-0.4221072689180159,0.768172716771368,-2.369386020646875,-1.7247332815107006,-0.2700705779173518,-2.156166400427122,3.3327240613762843,0.7353649363828811,-2.799728168306542,-1.789756413148845,-1.2598568510666874,1.461873864301059,-0.12402656521531608,-2.6063461639277614,3.763232251678988,0
-0.8955864857376723,0.2402859455347669,2.552682419824268,0.17504323185638793,2.089097628317385,1.4366529760613467,-4.548344953027369,-0.7297116190407549,-2.1122511099986907,0.270824348954684,-2.7329170409891765,-0.888542886185081,-8.027715125855822,-3.589748100472243,-0.3223799934225441,1.6445646746265443,-1.2146953296349907,-0.3039593139516729,-1.5644956892498372,-1.313255252856993,0
-0.11901741714060676,2.285993082109649,-0.03723776679488222,0.09974089589035273,-4.743395666233659,-1.9030212838976388,1.4545664813157395,4.2453344046365995,-0.0038583886794896216,-1.6496425243954795,-3.4082050172769995,-6.849947790308221,-9.842158322087345,1.3996389829144453,-0.6603273664291476,-0.0878628186571404,-6.974015769469195,-0.47020192511830067,-0.14025992708169355,-1.5682143700876972,0
-1.2286440893040553,2.3454205910543267,0.029218460695931592,-0.9508543742116355,2.9729556636016894,-1.4222875679696008,-3.0777021457175273,0.06302713649766567,-2.6796763271963746,-2.303337382319411,-7.067401163786566,0.6989397243561464,0.12998552280573009,-3.230244771590486,-2.900478315769913,-2.958413418514505,2.9315381109199494,-0.3524048317980249,0.05721659936949841,3.1866649776013993,2
-0.9174992424127689,3.457057797396407,-0.8188631152354902,-2.683073657457118,0.8091966467408593,0.37330508741676854,-2.127056533095612,0.26053001403034604,0.03501833852775005,-0.7121898030638588,-3.8547573425175186,0.5775195215039823,3.214659481371514,0.509597284372515,-1.5254576512700608,0.9445218671089131,1.8228152623460017,-0.06261706161848517,-0.590335424333541,1.9001658394147143,0
-0.97735273383169,2.0853327120001497,2.7478731104031624,1.278776850798166,-1.6155694413675903,-0.8735352922468359,1.6008394667062713,0.19875857660549823,1.5962730880755283,-0.49496290851828206,4.272009076880978,0.03645238908909332,-2.265184645126736,2.5508145379502887,-0.7201331563323814,-2.084569809269136,-1.5287583486238312,0.5327064043520745,1.8304443490616955,-1.4106549153955927,0
0.1790159726090269,4.322304592818983,-0.8560566578188407,1.9977593792914532,1.4188471145955714,0.8104513678732886,3.6592411844614774,0.6227993100439388,-2.3277894065713047,-1.2898171337260176,-5.9655562782504346,-3.966571925689727,-6.566698706491421,-1.428858942970346,0.9461694988819058,-1.8139189650850804,-5.608900411176592,-0.7733934408619441,-1.7994137078097845,1.4213445941536955,0
0.07352507758427483,1.6638332717341524,-2.5105114967937743,6.0303348912505434,2.821453518314658,-0.6416618511141029,5.6707248868774665,0.334370995336712,-2.4643004491803673,-1.2955492680663248,8.07103426707022,5.239690322305867,8.584173841573289,3.3251248286225596,-0.5259939550353192,-1.1153802163446578,-0.6160847220731782,-0.995051357417175,6.860999818952431,4.047423237398387,1
1.0433467358107869,0.15498668969155638,-3.1730614266211568,1.6107121217876066,3.787847341191028,0.672387289619635,4.496409254592143,-2.025803269278898,3.46391720177461,-0.08647867103714482,8.697856991152682,4.053870358653153,13.472677927370293,3.7921752855599937,4.792254551319891,-0.08187982693705509,3.4357811037075834,1.010546426068119,3.157214688184064,-0.5881018698129135,1
0.6071528115005168,-0.6658129456718542,-2.4758148470021126,0.10962452056002225,-0.31228263032881354,-0.01425501030712532,1.0886069614020435,-2.2373492635015966,1.9155819861018077,1.153601809806852,-6.151742221013246,-1.3268132664447574,-1.4954074386187077,-2.8775090767208438,-1.8662075663574915,-1.7308185220771557,1.309937176954398,-2.233272053764677,0.19199690215524756,-1.5168852389333538,2
-0.2766286703121888,-1.1888446926442593,2.0298415441420605,0.3576513309456075,0.6747825075832332,1.2198247662051014,-2.153820821148727,2.4151874925610968,-1.6301619462943244,1.8267700001021903,1.564317215486281,3.3647041100541957,2.438220193873301,-1.495953885036836,-3.7571737252031525,-2.9881278596120535,4.958652025841047,1.5100961985717811,0.9838888452794086,1.1147338098728279,0
1.1553722866103862,-0.8064198987786042,2.4844051516224104,0.46035700977999927,0.06209413462599395,-0.011026139324065017,-4.682228194910877,-5.099243600988102,-1.398613401051802,0.08732485448212002,0.13035314731703335,-0.7386343191337632,-7.34923395509159,0.6602203293811952,-2.208437668681829,2.4808248884966213,-1.3448554018709462,0.3097584842380697,0.2204645855436238,-1.4292542673971222,1
-1.622325924918163,-0.11187948212863352,1.8799631528991636,-3.605819832208531,-4.987086733201848,0.018016763321688806,1.109620326313385,2.2088294935560953,-1.172041132103589,-0.5703290551384997,-4.127390772482358,1.5907355794767386,-4.572260044034118,-0.18344912744484854,-4.339982857305715,-1.6729651991745884,-1.4760370160402372,1.999663601134363,-2.330741040776629,-1.674241297232256,0
0.3991186820646895,0.15560950085140168,2.870457045560184,-0.4193414639217776,-4.217550377479482,0.45607769747214266,3.5737203997468487,3.4504326412418505,0.38497603133008784,-1.105151232636038,0.36329440111487077,1.5698365434673351,-1.6122878314417053,-1.7741895692911966,0.42170706021473636,-1.0710211504604867,-3.2835270500692832,-1.1890086802346642,-1.3892066833708432,2.1571566951865027,2
0.3162372510212019,1.8785910750276433,2.1310999074131063,0.4166769420531765,-3.9396200154364127,0.08538231043499055,4.1739663446314,2.5827503011372164,-0.4816291119977273,0.5738875295691603,-1.968520048184735,0.5236638192336454,-3.0880220848735416,-1.2813013056008917,-1.959069895751289,-1.3102211214429431,-3.5005774393251334,-0.10874036302393643,-2.068149172828861,2.6836824848435494,0
-0.09861693082984847,2.487590649208123,3.2754384498366753,-0.04060915217994676,0.6228429616633883,0.13239097828149723,-2.9917424453316497,3.8667007074121744,-0.38656583095520525,1.508369699909448,-1.754182143921257,-0.8996284608691478,-3.6575379861674553,-3.6741853197763508,0.14855268274451738,-0.18607387162752542,-0.32083749724302313,-1.2126602480555833,-1.0625470397603305,1.7774845251575995,0
0.34053248021197213,1.839587649532873,2.4977716518589066,3.2200520213514747,4.289756874217898,-1.2329628986213914,-3.863672601400135,2.025895061153996,-2.5766402782569378,0.20175626926049203,2.813576763425476,-3.5855976032438726,-7.371500030023741,0.2091381588081065,0.13661331289875078,-2.06246091572155,-0.3928876408083304,-0.5260726733003243,1.3713652847151576,-2.7257003254435643,0
-1.626248187705011,1.3081804193511464,1.5657634648956456,2.918930850785372,4.165836506579336,-0.41304250398099146,-2.0043646498924588,0.34727294760965033,-2.149302758404844,-0.5731503907018507,-2.6056151772941947,2.4690315441716892,-1.4985588916338857,-5.596939345237449,-3.3968668944148455,-1.852627343843564,3.577668635660383,-0.780558537552541,-0.08348444446487757,1.7784812369409793,0
0.6229286263720306,0.3187450406143667,-4.616602008394497,0.6931404435361157,4.41792000420875,0.34657306779231895,0.5974743158447594,1.6141121379777297,2.63656024217194,-0.5364034910230189,0.8931251857406827,4.27434827371656,9.296636853461354,-4.084566237888323,2.8570985397317,6.103052740714259,3.530633455126126,-0.021604897393416346,0.31079802675895896,-0.7520328948678991,1
-0.23268055195945428,0.30515333284230817,0.9977159977514437,-3.1549297273782058,-3.6931370050182717,-0.06753111340072018,-4.043617353237467,-0.294652685395278,1.821416606563672,0.08512629046558606,-6.505276673494685,5.505315240052877,-1.0587108515683716,-5.997847070407049,-4.229570524444753,3.687647588778962,0.12466524015658087,-0.8528225089290052,3.3164229313379896,1.832882076724381,4
-0.5397250419924094,1.7383014219013848,1.3269119936699707,-0.9736656662729299,1.1394603459015167,-0.3867634825298318,-2.650018568391139,1.6056188336865636,-2.755376583182037,-0.48054210771129147,-3.0918462723108586,1.0390394937543732,-0.5073300952315554,-1.214464972651362,-2.6980299533082097,-1.819052652090654,1.5881390697273363,-1.3706681193060541,-0.07428540901346536,2.3236037473901385,0
0.034459065423621975,-1.4242586186377875,1.210973149983931,2.6242619291743505,0.38755717590074223,0.3886630123291927,3.718759680980048,2.3911355572793,0.05181212418295722,-0.24669128362560627,8.146369355183888,2.953495785260581,3.4484504612443936,0.7561328786370349,0.8505460373341102,1.5752670913328188,1.1015800800843716,0.22072268908341927,-2.67235454172492,-0.8964170173504655,2
1.6664917683916414,1.5928596670096813,-0.2222222439739241,4.642573036620299,3.7959605542125017,1.5779556250558142,0.2524665109795952,1.0993263337595685,-2.3675729318309364,-0.6971121370299773,-3.215234459416353,-3.418263167887525,-4.532396724272638,-3.8313732840133503,-0.22141567944291518,-3.171092523418564,-0.5771619540087394,-0.09067369859010972,0.43535047167959084,2.162841618911786,0
0.6619481726630806,1.088249566269845,0.4158318433910544,4.408572922146671,2.341473861868815,-1.1514746785015864,-4.12952486076097,-0.9374937694542864,-2.407150776449752,0.1244950954306362,-6.4712952053977295,-7.576050203773287,-14.313779014465394,-4.349627271763422,-2.256099324765379,-0.09501134996763239,-3.036504853417065,-0.789088675511887,-0.030562601154944913,-1.0655846609565907,0
0.3845611014167463,3.4251011459640166,3.2067247974613866,0.8969976373693594,1.9535905902376622,0.7273521095816817,-10.170488546058841,-2.011950554596072,-1.2250090337527721,-0.1145091324680288,-2.7433422296055125,-5.403540972666974,-9.774563932958975,-0.2924307495654106,-2.595608610225012,2.0658839598151295,-0.7213968260164414,-0.39687571283355144,2.3686790270247453,0.820012574135025,0
-0.21825705787210473,-0.10155471870275146,0.41133281648910136,-0.8523127158932455,-3.1394502331118788,0.4308251082593893,2.286072202094384,1.076802192830972,-1.8132888458984628,-0.20670107682233727,-4.433619016151336,-3.0408344093357504,-6.347346009593117,0.25054876114979185,-0.9450201036436509,-3.0021735735984754,-4.064371506766146,1.698298396059252,-1.4450370493293494,-0.10650378508654423,3
1.154655905388987,-1.2975139555630912,2.4711766830793684,1.2673296519870438,-3.2904260023367695,-0.7425952415896138,-2.449669033801541,0.190231149648042,-0.19900059479611187,-0.23893607447308596,-0.4804462049697346,-2.492039035698019,-7.2159220809060445,-1.4481108783424699,-1.649201361857961,1.3381887734843996,-2.8404828817658654,-0.9839521373941029,0.7127095413882523,0.9953504223846574,0
-0.906762062917125,-1.2942429837438518,2.5006407831428215,-1.3793932225522596,2.3603124353169407,-1.0375996955578972,-8.835185909993902,1.803950767596939,-2.377349582078323,-0.3649660817981491,3.815251071498523,-0.6780359516057992,-1.9727963207398214,1.0492467570755464,0.5432893025990286,2.6590698832229283,2.031368651072425,1.313044386990526,1.2031373507446483,-1.3028007111227518,0
-0.3044375767552746,1.0297344410019202,2.2486315383241804,-1.13984173621167,-1.2363442452104938,-0.7484219693469809,-4.140651281756075,4.515011221706262,-1.8689853311709017,0.4725455175524111,-6.010002024858811,-0.3555317660156442,-4.087567235340126,-6.402537576688088,-1.1907776539114037,3.2518288761942187,-1.2568518406041558,0.32881365304226085,-2.646637510616699,4.701745870767934,0
0.5722353666922803,0.10255533439412456,2.732328542094991,2.8972781777385705,4.821727403338107,0.442268522359608,-5.026655914647559,3.0647073420821007,-2.2950889899171214,-0.7486606211479161,7.620861133586082,-0.9275862569578223,-2.71311143908444,0.7114612157322622,2.0144776788778773,0.2605378367907871,1.0310810252200358,-0.8405606690608852,2.3061244497338933,-2.320844796577852,0
2.007186216985941,1.9605206293137516,-1.7304991238554672,-1.3658853981331722,7.111522911465743,0.048299193935381846,-8.274115780165259,0.5389382568944342,-2.0563359820385276,-2.2730089168923766,-3.1451425577584584,1.1667382645712547,-0.793251223005533,-3.2423667428725187,0.696494878883769,4.182657385650052,2.64678102585421,0.040778665785044764,2.159152955083541,-2.835373690349099,3
-0.022575369904033048,-1.298460573723696,4.643413769190078,4.027784820983392,-1.3692422187026023,1.5769303192952826,-4.099712585634432,2.209654434023376,-2.7689436868269044,-1.3699556620469897,2.097825768015382,-3.563583339012641,-9.918945053142943,-1.912790746391808,-2.150944494931011,-1.029373263058322,-2.484632669002888,1.1459404226025305,1.7552929832898072,2.0860673830900396,0
0.22229991193368448,0.470999271136721,2.951862625851091,0.16671325095967604,-8.3434641363818,-2.033075499215014,5.025176301378765,1.9815527924020477,0.2927026409107416,0.8988344862097389,0.7553230356079895,-3.8864539210998768,-8.100338580152913,3.062475875338847,-0.9080016726420441,0.0913803548484069,-8.030407278514359,3.409734037550058,-2.8891934528078878,1.0239732595428186,0
0.005077105450994289,3.034177722276208,-0.4122087924689024,0.8211874532765231,6.06807060684458,1.3963700413109872,-2.525680148192399,4.031942890390624,-3.201417280992082,0.19283746966564758,-1.5725719149444146,1.3872333397441645,-0.9610691258490021,-2.8135393723741693,-0.7765047073700959,-0.917025548206481,2.2550423833234503,0.17042291188230851,0.37787871332580814,-2.0156049172316397,0
-0.0893765461906576,-4.613400190830082,-5.119979126234279,0.8946404132211686,-13.52564042096861,-0.4624870310253116,15.775894680670232,1.0367345179807281,2.8181159081359564,2.8892266547507153,2.4016519625391664,-0.23189637753783576,6.42741801178127,8.023288794116285,-5.5033544130098,-4.094192872592557,-3.40298472844315,-0.12974561840678214,0.14923223568023092,1.30186046736759,2
-0.34891210662960886,0.3822141883312229,-0.8017247119051718,1.0172990397700457,3.411428014132056,0.1472862840260032,-0.8377689812039139,-0.23861341494751276,-2.6858755432654524,-0.5923145381164844,-0.3625050838442076,-2.9841897633242147,-7.44085487349711,1.5615611461475227,0.3729032123800482,-2.407324299545955,-1.8589510516000423,-0.13026197630890002,1.0317075719069615,-6.299207180673398,0
-0.7392727673300735,-1.6029277780706184,2.1667313536962407,0.24783940226962675,0.8896746876052172,0.1392973241256974,1.0583339371474756,0.2830858462798027,-2.815538512678723,0.6616269948379886,6.41923503423381,0.9299328895479693,0.7289747639925362,3.5989299510244113,2.6373061374370645,-1.321308186905721,-1.111266564517861,1.1574771270866617,-1.194620639002829,-0.10132378682579435,2
1.3557594940496047,1.3550123907358458,-1.3777518464421377,1.9534341192181408,1.5734135719917262,1.0553021549355308,3.3421087018702216,0.6688752659433279,-2.535205378044546,0.7847350871704154,-3.760994628020576,-4.079702577636891,-3.777499071399105,-0.42798675093230076,1.5858791339420901,-3.439641993785286,-3.318649701055341,1.0116821627188128,-1.3128271716914048,1.197961144599339,0
1.3415262711902554,2.605587369607074,1.844375700713944,0.1897595032502376,1.284205820342436,2.624550103648439,-1.274811525958982,-2.7978004416048945,0.24644105589904186,-0.4019125267741908,1.5215593584295912,2.5491288544771624,-4.776644113363934,0.6918180552772986,-1.1189465374270324,1.5906471061396013,-1.9731564934769987,-1.0251422255166194,2.051957937058978,-4.0559774708837395,1
0.41290609047042764,0.2720682494754151,-0.16634000348007172,2.2836228478409817,5.596246054779133,-0.18711839063866675,-8.381941585991767,0.5951139089911694,-3.9080685384064924,-0.4215326140249684,-2.4182476389578444,-3.580396485417643,-8.677343656232013,-2.9935083650937377,-1.0653842822220922,2.394134492240172,0.23601928697476082,1.3016168637924865,2.0004196600695106,-2.5919127400922406,0
-0.9377966243554279,1.6857653496618488,-1.0774100589819056,1.7907027951932397,4.358543722061811,0.7266615021191012,-4.840637954146008,2.2031889831061005,-1.89447218400508,-0.6820469728137909,-1.540972166523901,-0.5173316594363562,-4.088598643266358,-3.1465607317261104,-1.3362328351350015,3.4018035732716037,0.6326473126384289,-2.128063299348509,1.6368221999501404,-2.454625492367328,0
-2.3252325239478,-0.4963909467227301,3.687378856975804,3.929772345774453,0.5217731109105174,0.08907337827973262,-7.130532314232914,-3.9074122816997487,-0.3115921514329092,0.6627012713306347,0.3088182901543545,-6.663124139184387,-12.412011223162876,-1.161060789763974,0.11384726615787244,0.5251668657481576,-3.356052515492459,1.6082831585970836,3.6756649908232,0.47531411389690414,0
-0.7289738178587862,2.4176930906659377,-0.5561142014394225,-2.1492470626425777,0.647761099319262,-1.5842666858065393,-0.5645398820655936,-0.027220855488886864,0.6451998507939884,-1.5067562989606322,2.740846477054416,3.051983551568118,1.998514489676927,4.361977743873937,-2.3002066830818397,-0.007837650984624522,1.6074632481802387,0.21322802300448412,2.4329960817791214,-5.103769243355093,0
0.11117181070433145,1.025587502585509,-1.4281178748789582,-1.0874232829360662,-0.02349464992426302,-0.7421628472712444,-1.6998448787791545,2.6890754414470868,0.32250176888906024,0.686460459030022,-3.7297499980248374,-0.7453196692371555,-0.2870441369190405,-2.7374274290757548,1.850719419531941,1.2278960749944683,-1.9024282807660873,0.23919126995168458,2.626196757865281,1.3386349344125408,1
0.5096476691388875,2.1860738043647485,-0.9134970826522861,-0.4840819664353604,-5.020986065178923,-0.6473399898865044,5.035092100834444,1.7509030788310858,0.6008580379508464,-0.1433267889966528,-6.128773421181612,0.36540045125071496,-3.6165004915155574,-1.4067243679228572,-5.40863028686124,-0.042974455640758746,-2.52835442294852,0.5179705107653142,-2.5236452231842343,-0.1577226689269099,0
-1.4402841263907096,2.0416287355370306,-4.072829487673031,-0.4894192124429999,4.209580023736179,-0.568624704822163,5.267826154944067,-3.3613272009554205,-1.783535498859615,0.8500937026620364,-3.813929215466637,-0.831524816059832,2.4792479169659676,1.7127749713614997,3.062881226446838,-0.9120039735716605,-1.3243734388118882,-0.12001333662851386,-4.154231390717651,-0.8714199943963159,3
1.4675768195538175,0.591126452762089,-0.7936361708918056,1.2516744219779168,2.9272975105046033,0.45440842035377865,-0.7893846402857266,2.4938525203814548,-1.5706873048323098,0.6411611228876519,1.362170472939435,0.6251273830408972,-2.812667517568702,-0.8380155467652365,0.22432798024590062,0.7163796312155692,-0.5862276074354262,-0.646434642775213,1.5564041245273759,-4.135062920221811,0
0.8011022696308178,2.732974061205957,-2.87749003099487,3.703378555080097,1.7449257789193693,-2.026181354268752,4.901207216676611,-0.47613447611245574,0.8598854644514793,-0.5222001459393851,-4.339413059577321,-6.540361129123644,-4.332049936362002,-1.5454847118452393,3.255463043920014,-0.9628426230734156,-4.466591637728577,-0.6560977772315848,-1.8620262826646519,0.5492474631157389,4
0.8641486658962167,-2.9188553336726244,-0.6564581066590973,-2.768250308863536,0.03266791455031725,0.8070551347990526,-5.292871984628167,-2.3371917879907738,-0.8437392517900703,1.787869904551495,-3.26831627551882,-1.4341069035066432,-4.7785117650409665,-0.3061343347581338,-0.47153356099591426,1.2476994944080626,0.21112336616495697,0.7709023889625445,0.9274939311523163,-3.893305160289304,0
0.164457822597054,-2.3738549616928766,2.442164534868936,0.05178114474051909,-4.870204375561362,-0.1426013155939268,6.794317344949715,0.20580507190409125,-3.082688613765967,-0.04193920804188372,-3.2585565060475483,1.8711363364333522,-3.602643527128058,-0.9912268526296659,-3.852677866275934,-6.934622056020948,-2.0028512253227326,0.012103760971243785,-3.389827883232847,2.2725809286134413,0
-1.3489548043426323,-0.747263069157339,4.006651264166594,2.8032292197153517,2.1387035974262796,0.08355358524401581,-4.61610022083142,1.8345098792412333,-1.4868441783865882,-0.14234256414661467,7.127431421194182,-1.818407718493217,-4.616901555126802,0.7019173176037719,1.9145634264145177,-0.3274648978359811,-0.584516905308051,-0.10371291899224043,2.5078660117526006,-0.9017367877584291,0
0.5163310650994681,0.2705645798591342,0.0535098559075472,-0.32048468870922187,0.6735095583962183,1.4912976375915024,-4.374652543641133,0.9172458060896181,-2.3912093713666818,0.09100439554275078,-2.4853916874046864,-1.482449563963689,-4.601047364315175,-0.6443979321480985,-2.8318744420003705,2.197470806391947,0.15936517035465547,-0.6409139483941941,-0.46331351878790095,-0.9875586608030302,0
-0.007779170425073502,1.6872286122227496,1.693087632399597,2.0045231082741783,3.1349676504099033,-0.07276987951260311,0.12824373988267626,-0.06437137920624969,-2.9978787783065135,-0.5758141300459375,-1.3095313177694556,0.6502728376083498,-2.44490550099687,-2.4930100341363683,-0.25000518177256537,-1.1614861412072148,-0.39547611463820787,1.0555289801264016,-1.9190665869800463,2.1738990215208216,0
1.2972326700689625,1.9948461219885196,0.5050274652981283,1.5983568974986726,2.429440782689375,1.7527658861736692,0.9510967821394672,4.251627276945454,-1.5038349115218053,-1.3869466213354347,2.323064464522357,2.386893381289097,-0.3212149419444273,-1.5685559536503675,0.34012880439187554,0.2351995615128588,-0.5781806941904248,0.8934967632235289,0.7699181674715254,-1.2744425821472212,0
0.5949099580142957,-2.1565895416178686,-0.29033232730928527,-0.9967753228541466,-4.214816185142774,-1.4305600285550093,-4.29769100547149,3.8220788939701373,0.9710826789419199,1.063442289187257,-2.3258026237709486,-2.633147396936264,-1.837235208258866,-2.406144523674673,-0.7469751704145513,3.1346482407399705,-1.04132973466871,-0.9549255066223213,2.277932842060633,2.445390821629624,1
0.32441266083030545,1.159401403009513,1.239557372844764,0.03078212317914497,-1.3021431152985343,-0.4334247244481859,1.2845899468717965,-0.5925431588282499,0.2832983668020952,-1.5724907242521846,0.24731888486111583,-0.13294271447326744,0.10052644513067636,0.6930311705862653,-0.1762738500583929,0.524411982967623,-1.0179385101275011,0.7544725177370835,-1.9369217433470682,2.0896822413488407,2
1.069413764731721,-0.5072643318082262,-0.9321528874934002,0.8199543660934488,4.1716761683843,-2.596806204383699,-5.96140476558634,0.10808058372156415,-0.8420454543997524,0.7904665831645098,-2.687619930499217,-0.9901923205143995,-5.2253949991529245,-4.832715060210425,1.7335906619267676,3.444154133427608,-0.5247580200675874,0.10712978530625153,2.6319327739146594,-2.6767405874392507,0
-0.32025576882049983,0.7557392970998954,4.635175374302036,3.434870336080852,0.7475010439528736,1.362106387661391,-4.73881929925567,-0.2670487114090305,-2.1739480840647563,1.9177430758202654,-0.5651661077694015,-2.089027113218506,-10.256541089362235,-3.9825393278198153,-1.5901444922807617,1.071199253203876,-2.535619617568112,0.2837333698103036,0.4109116082094664,1.967856158801486,0
0.8461115566972242,-0.17750157342473605,4.048884981182956,1.7596205565051481,-1.2972760689544482,-0.22189187651374065,4.582523492840494,-0.7331914434030178,2.1873576227361253,-0.13606521993389883,2.10129071983403,-1.4325685284658034,-6.13694520917848,-0.8656512771985752,1.3022878205567523,-5.418541990318482,-1.6334513610853554,-0.2507835889877785,-2.6800399584412773,-3.3426869154166345,0
0.4422793360073821,-1.866792426691151,-0.29280217472950665,0.4793737094966263,-2.4380558303893616,-1.459294218135469,8.785530484199278,-2.3876632569648732,-0.07380310446623017,-0.19751482401701392,3.4385506956623733,6.75855004512946,4.425580777626907,0.6744452521630897,0.9425654662406454,0.35254808762002465,-2.7260669458476734,-0.8406255650334981,-1.6124863295064396,0.6358253144579233,2
-0.2845732452789791,1.502595702562614,-0.8729834795311131,3.8274573764380024,6.153069587336055,1.3133702511779946,-3.8329725996266943,2.847460370803276,-4.9472206251667235,-2.3454169345679317,-3.10945850826776,-4.363932989329225,-10.106360084240292,-3.613780392187374,-0.23938328848987345,0.6434558318949717,-1.8767028339158127,-0.691917185342424,0.04888799554590284,-3.0864920016345128,0
-1.4648238607711577,-0.16263726897261077,-0.5587712593657741,-4.434402001440427,1.448761669330892,1.305794767735239,-8.27251234737389,0.8564688058074239,-2.196840208332384,-2.0590432757478982,-7.00872945051055,-0.7782335047432816,-3.5643897321381193,-2.893576715573764,-1.1996596027952315,3.905371662460148,1.2365640227520727,0.08318535246977922,-1.0689678909194438,-1.1496273514461417,4
-1.1808030816471176,-0.7503969095688185,2.084375381292271,-1.4841828366562684,-9.254471088217354,-1.571449616586446,1.9279286418701649,-1.2765363251581903,3.9468867148986067,-1.4969372832353511,0.9670116802643448,2.35040201220099,-3.0531491549137497,1.137815218220543,-3.2142262296162896,2.9330991186804303,-4.564201694710751,-0.12875684306757657,2.801856736277699,0.06446304048595008,4
-1.5140820292360908,5.293792613222131,-0.0658416737355847,3.3423464490141876,2.2877252900448273,-0.41302716572265913,1.3063460460414138,-0.18777050586462107,1.7931474732840553,0.6238873312555733,1.822324094247682,1.1108796370801532,-2.0058635657865445,0.10917290733257556,-1.5368213627927996,0.38779654952459275,-1.2707882752146689,1.2357608819390562,3.966798688649461,-2.427388781843165,0
-0.39319924498091224,1.2953204734906334,-1.4898429815712175,-4.298781477412973,3.6698152025387114,-0.47667367995120236,-7.218240096868003,3.201447228876985,-2.971464752202826,1.4326955336220526,-4.440870234814298,0.10443894469829917,-1.4982740060235542,-0.8657983456825858,-1.4168546408269374,3.2600130319155762,2.708965850943938,1.212779320204545,-1.3671714823397085,-3.955742646432616,0
1.6467110468075932,0.6954678145605339,3.5252557310278467,0.215783775891914,-5.308287729565597,-0.5779204294253065,2.5141638461921394,0.14688670247429403,0.38473303497318456,0.35389094021419243,-1.0785504021302499,0.41026397940424797,-5.704523483832652,-0.7894955093143464,-3.2199694955655414,-0.09674067327885716,-3.4073191165530377,-1.0131601006204425,-2.310357559682715,1.3628937377367425,4
-0.778048632537232,0.9426435878424057,3.6651328957691405,0.3185261780383528,1.6618507840283556,0.11258725990706074,-10.079731709309836,-0.5488895006311612,0.2767303342973537,-0.14135817711595133,3.671670621173941,-2.457259886215728,-4.518371709826318,0.8230971388205466,-0.16788999157760365,3.2409534275019087,1.0236807965753667,0.3096630599655818,3.5251299238179192,-0.36635877710178966,0
0.5777932510287509,0.5292797401946929,3.695201706663148,1.1499680535404075,-1.2546034046337682,-1.2002493311700966,-1.2157649876195418,2.376214196536491,-0.9039542570875178,-0.13487020749043388,4.499794519250445,-0.7487160921952141,-2.7592599098840256,1.1352561017401972,0.34108155309605537,0.16661960852188407,-1.7803640622272878,-0.9817420332668001,-0.01736807611951563,1.4162590449872576,0
0.8393166420278838,1.9439083191412085,1.2299276374684378,3.1954910028151837,4.643433333876661,1.409593442071619,-2.9976648240787886,-0.023032247898772562,-2.1585419689571905,-1.0076298191401671,0.9247190318248921,-1.4851640093310245,0.007817982372182269,-1.6560867235765233,0.926997653541064,0.6090185832150121,1.2132181443938972,-0.16469795285797176,-0.4508614702770022,4.037312277897108,2
-1.0770801968499928,1.6393444315858887,2.3546403626322565,-0.28692061309174766,5.15788952895317,0.3684519999655114,-6.704044226767463,2.1912367688265593,-3.1821186552344534,-0.5300506944429381,4.926199379640557,-0.2852236835327223,-1.8683573569775993,2.5112942360780797,1.0876244048846408,-0.04456179190360521,1.6660152113288538,-0.37059131393443345,1.9802595635118245,-2.8286940248344186,0
0.5290093204097275,0.17825166749184063,2.523714198197724,3.0973525613162805,-4.98240386920594,-1.3382014801348996,4.297533173466747,2.2988150181092513,2.076122119018177,0.04405284475115701,5.306965058026374,-0.20501280662522814,0.2861923254549543,1.4305931415960607,-2.2863139655311295,-0.3436035692951964,-1.1433791862964757,0.24155067576713202,-0.701982755280556,2.599861049248654,0
0.21938863464054206,-1.143533488950915,0.11163916953966535,1.331277903684481,-0.6298205188778419,0.1219131635244661,-0.9216143629694711,-1.338110354727216,-0.00035497423771402303,-1.021387512676185,-2.303993843092683,-3.3979068959746814,-3.0933101097601683,-1.0677424904349644,-0.4031415077042634,-1.4703709992112217,-0.3616100770579602,2.130357098527755,0.20598796493165827,1.5001528233980888,1
-0.2322851717684565,-1.3415737505482555,-0.8143255267458425,1.2592843901177633,1.4083747161436695,0.3975613033717844,-1.654144366912395,1.6611273088479301,-4.3818382189622405,2.171490046264928,-6.422415713965563,-4.469572903131254,-11.334637558861276,-4.121245541352057,0.09532188839569922,0.09137925717572293,-4.278276020602514,-1.232627697101827,-1.5671757017746284,-2.0824967872492435,3
0.6245289100686552,3.7633541240628494,0.19644666051389703,-0.6913746801680603,3.116275755859287,0.027990295807072494,0.8012012710845847,1.2763827603036633,0.4004963917350466,0.8635582457245051,-0.2622927454637156,0.3702884468140957,-1.5943519548695946,0.3920999249415913,1.495474292346462,-2.305448959421601,-0.5207573867559052,-1.5022731620656051,0.6966614666911435,-4.209634727123621,0
0.955126523899075,0.9895770294088739,-1.8979684141493092,-4.291364837683043,-1.9732815350645543,-0.3868170229930355,-1.8541137333328999,-0.05654852936871668,1.900078877851958,0.0805704675003293,-7.950347761217849,3.404949183079197,4.680918506854695,-3.8051530125033146,-1.4886194651681062,1.0597599905423947,1.486783514728864,0.7215264311289796,2.3116196172854986,3.2656357930863336,1
2.299777867630661,2.8179763039139187,0.6949977752468597,-0.4119346273433877,-6.906135967153954,0.6853275042016005,4.000011588592064,4.059017614503887,3.1530810158040916,-0.4455497514310169,0.6363171171219317,1.1322425496942934,2.5433493916613363,2.2601848417503385,-5.510561806233604,-1.1203423474627487,-0.029057387616472252,1.1931942244766973,1.0842035609670924,1.7928170002042172,0
1.149128652594351,0.43300789008786367,0.3359698035941925,0.47688987464925936,-5.014023134244424,0.8246977875947181,3.755010197013989,0.08112739607030905,1.74691083492152,-0.8328532530412796,0.09417339208230877,-1.8567481173221432,0.06974095304361345,2.1294282658538726,-1.4052006613813512,-0.7212070894593727,-2.2264597123586873,0.3269017387463234,-0.7196323875621811,2.658825733839056,1
1.209202548076382,-1.7235624982502062,-0.2423852096525143,-3.8232281524018745,-2.2592057552404032,1.1105622753312672,-0.40935248578295597,1.8364542885274397,-1.452649751511894,1.8803171068441742,-3.0066138665041477,1.6395150770898996,-0.5625524703121434,-0.46472418283662076,-1.1073752183710823,0.6426036999589411,-0.18806359657526894,0.11109319306171002,-2.1821965678220714,-1.3530942430521926,0
0.296594543674097,-1.680836187070173,0.7618319253157075,-1.4455492517743425,-2.5064375100995595,0.4718914986701344,-5.118043604602415,2.576894677730746,0.5829382186694423,-0.5738605380847381,-0.2334239729424431,-0.6030377718752962,0.37377281790124817,-0.6817577327218103,-3.676514802102866,2.7593350920699633,3.4550920467508535,-0.056182307376663854,-0.5104456303683764,0.6423098678286405,1
-1.6194923523171927,2.2315418304713877,2.7303455154551965,1.3447778542639461,-1.6925817850530467,0.2465995819092637,4.608397206636245,3.6906388799768934,-0.9854865873310414,-0.7340052667388991,3.1917673911154236,1.2449513521335929,-1.1558702138143055,1.0208544673190416,-0.30322286319896286,-2.6003650643083316,-2.6249320809554555,-0.8684134695952532,-1.175260219853576,1.0010915780803624,0
0.03230140103754173,-1.6360598369587573,2.5703963163961117,-3.1836442340311546,-1.2450420942752078,0.5090893310575455,-9.021231649844795,1.1558879991810274,-0.9851900318098922,-2.408098781648478,-1.2162357903758154,-1.3267709658740425,-3.2486128081471435,-1.2309968845796209,-0.5818521940248775,4.259442880334392,0.8418644353734617,-1.3371319506794825,-0.331183626555128,1.1284645772950896,0
-0.6837311960467091,2.331643287632378,-0.36324219943665703,5.136209436023017,0.4163738848651043,0.10761496488575929,5.056460327481866,1.3322957702429266,-0.176319786383071,1.7176878132800422,-1.299107415712121,-1.5260630692038886,-7.277194912925122,-2.892882664447112,-1.101049332852854,-1.6449799801760534,-4.3552280797577225,1.5875588917559542,1.0320642269120246,-1.7717650816667656,0
0.43058183149142465,1.2383524477256098,2.888615951995372,7.347576646233557,-0.2572282763034469,0.5746322853722492,1.6295461450927096,-3.309564872174029,-0.42059559887397313,-0.009663077594751796,9.48161585807054,-3.7943516795009886,-9.245722620511932,6.244392447887832,-2.0609865895625967,-3.1856729316337953,-4.421189092553719,0.4535310332725423,5.832435005022047,-3.421417475683948,0
1.3607301534136718,-0.8034102846462436,2.249514814082139,-0.7051566580217117,-1.8263133298894196,0.4587699177505579,-1.373969380006595,1.7864224288167656,-2.7318804366227316,0.16197113133082497,-5.609247578173626,-0.011798112033437058,-8.155039857772962,-3.5387893955331595,-4.239384395145812,-3.780824968735203,-0.8418385548064252,0.7040318031080619,-0.12800614080117023,-1.0266489083264294,0
1.6656744188482193,1.4368271453405566,-2.3872661214277766,2.206993392021208,0.15364783069665217,0.1487310517137654,5.93253292275528,0.9752179421187572,2.101227183334198,0.19915282992188413,4.128771029037996,1.4923628039045778,8.09189845616181,2.980903604824885,-1.6157140809326573,-1.0357680825820612,3.2772784170759066,-0.6988097933886642,-1.0299469638841234,0.12460343061786894,1
-0.1955014759324935,0.16013846466530268,-0.14469079881894986,-2.2371313736505307,-1.5905717315644368,-0.8494700142104952,-3.6596944741629542,-0.619199586852367,0.39501338786514184,-1.0340233093241296,-3.7018673863014784,-0.33357341247101147,-3.3921185943341152,-0.5149922870828421,-3.1048411529414475,1.9743025863806856,0.35547235474143,1.946788825991345,0.5202143975086516,-1.9880461760616455,0
1.7378835182179715,-2.6351049047066466,5.841793084751344,3.1847369985912537,-5.454946713998934,-0.330630564115611,-2.413603709545731,3.752998782970422,1.1701545182051571,0.2104791238361001,10.267325408986972,0.7773874876703453,-0.9562253074836802,1.4176620847056718,-4.14841863381317,1.4368362661788137,1.66523885153358,3.185094482159845,1.1913497795896153,2.4385700502373524,0
-0.08921313831964106,0.8515574917633414,-0.5104213853311457,-1.0641901584681785,-7.818727984984014,0.6361793146772251,9.14128283741014,3.980498170447342,0.5446302930005003,-0.5988208949637396,-2.5524202220359093,-2.526281693838501,-3.0343941834716426,3.0177974759334782,-1.9642481548442858,-4.2694808132990465,-5.460069349844912,0.10756483436979532,-2.5342470714171643,-0.2186631667504595,0
0.881681459002978,-1.2167041855372713,2.3574755479164464,3.657007431146308,-4.411380600698262,-0.5633825874262747,-0.5122362268429623,0.20172839935498532,2.163971768537901,-0.5876457048364605,1.3505495008966681,-4.543477216994125,-6.129535786259452,-0.9480383379813077,-1.9983448405912245,0.12135714677225051,-2.0604907235921472,1.8158528236853442,1.1386764402486391,1.9657035729785877,0
0.16975906478722225,2.4541242976123843,1.108313989374479,2.878320890154723,3.1553407029627127,-0.047483164618452506,2.4763898939272915,3.7431782086906793,-1.4891581696608798,-0.8889412997246302,1.7704489422977383,0.48353505318948486,-2.9845608310817497,-2.3583355127327446,2.380231230779868,-1.682347499219449,-2.5307900935146503,1.384838975697313,0.4406349590950599,-1.1103095936014626,0
-0.40575187676865054,-2.020769104942192,3.709585585299039,3.3460280007944587,-4.717875938172791,0.4449663219675768,2.804180613831011,4.627296790355189,-2.3571513138246045,0.8395380907605915,3.567848530118246,-2.514759389724849,-7.772500382793549,0.5300178857821518,-2.322682817535221,-3.9423004268894704,-3.883638165999081,1.1431321070127851,0.14300345286443994,0.6050558399388387,2
1.5076440077917255,-0.04205781995800484,1.9070455973898899,3.914101528418602,1.6162293290783298,-0.01598195822382116,-1.3484459169767489,-1.4750660774215336,-0.805515420662165,1.0289719099688264,0.43744414318648545,-0.6373607156230365,-0.36677791626050094,-2.509686274359594,-1.4387281364080162,-1.7302834125100457,1.837354912887427,-1.445041370579585,0.7864227597800668,4.77619778307567,0
-1.4390747552482208,-0.7820867320049703,4.391059589828554,4.2239805877300824,-3.008627913396706,-1.144156859143325,-4.1301151270666105,3.604717023749652,2.20034784334951,0.13031495036453744,8.719437830293389,-1.4331698857816517,-2.7833126555558985,0.15130973784481827,-2.743852597626597,3.017587072483459,1.0060607987986354,-0.14532328480876922,2.6840886976536877,1.1098509512330859,0
-0.30947320451860194,-4.885004451682235,0.4027723968636836,-4.815962977488545,-7.482884288160315,0.178261791756626,-0.3020726595550789,-0.4588821695073141,-0.05140057274279597,-1.1845833592605894,-0.6428932154100865,2.019185870695368,-0.35539035081115317,1.6935272616749937,-0.548419206859079,2.621634062467911,-3.0500482780488447,0.8572650300155625,0.13758533644916826,0.3872848291245353,1
0.5460577375638241,4.0295941592958915,-0.0004872135332532057,-2.0225866262458365,2.031832207108895,0.2387283283560764,-5.828788071428977,2.0907724701871953,0.3576167274207489,1.3362840635003845,-5.081824294863547,-0.0696595540226701,-2.282452010121532,-3.111176071162698,-1.922861995425852,3.619369118907869,1.283839391268677,-2.1883722921684576,0.17896394936645688,-0.8456268648698831,0
-0.16902069801321842,-0.0298568484290318,0.12039376688345382,0.8502982382795241,4.150480629175524,-1.5680720738630813,-4.741870509239832,2.2032431918472772,-0.49671177112406983,-0.49183639540582613,3.51742023258362,-1.832763789860358,1.3261185538541937,-0.6925658411523783,2.8180419882104677,4.7466425002439525,2.2992559701473523,1.4804649663509866,-2.309695431549816,-0.3243954855645568,3
0.5862408439925321,-2.4128110046390887,-0.8940919655313382,0.18462582423478135,-2.442075111782175,-1.3567890283762778,2.806117470420582,0.3714534301513127,-2.0904291080438604,-0.4163052745785527,-0.10287101306943841,2.3044544021384508,-1.5251540518061337,-0.3115912820551143,-1.0607912134359958,1.3219034963465885,-2.984531667805324,0.7176562903296481,0.05341090327095943,-0.2565898379657765,0
-0.47463846934340614,2.452335107692922,-0.29187618976601093,2.800526905246482,9.976179884305157,1.0140477909450367,-7.263464730335588,3.217844043289025,-3.938815902448465,1.017338541971477,-1.363499843200718,-2.6428929246743857,-6.98934512559432,-4.966493994325987,3.2818875649563246,1.2849734416438667,0.12969183177402988,-0.354833148355583,2.022365126446159,-3.738483793233206,0
-1.3138611601875032,4.374612698453859,-1.3144252813381283,0.8728403452648876,5.456370950864374,0.49427289397394947,0.13748542866338742,6.207842254145063,-2.4824524530895413,-1.8282059871973793,2.0963672613262796,-1.4111030162655984,-4.297436150677165,1.8569303847141747,0.6841357574133407,-1.3763221249762019,-0.8586624851611677,-0.5810070334128723,0.6851903302035587,-8.162395469224386,4
0.41786815613874656,-1.3568435495277957,0.5359204011019087,0.3810274254424515,-2.7539630521623395,0.4197093661801531,-0.556438466575516,2.625153835098148,4.11975216371231,-0.05033563506145716,1.9397889446602388,0.7837321572417295,1.2206416664245927,-2.482478413609566,-0.6344250842792543,1.5478730286723839,1.7071601596512753,1.266062541919234,1.585769044456593,-1.0498855422902724,1
0.36458051210069764,4.274251264566377,2.135816994197013,4.332272842419137,5.310181716747441,-0.24326265190664015,-2.071023680845474,1.837595050435075,-0.5888168895117217,0.09378642661837694,0.5088277468484176,-0.7779945644626397,-5.95053514086336,-4.0393368358064805,-1.505620802648218,1.2863880643781966,1.0115053502292444,0.6312112231699204,-1.5596188050138116,-2.1877198434022525,3
-1.3840662037493898,-1.0986710631126977,1.795629334052392,5.669620066342462,2.4539259957774893,-0.4569154333691609,-3.996089990009636,0.8153329028679559,-2.2444749987081556,1.290065035876678,4.061322243048594,-2.896444038460891,-8.31641661388747,-1.7812620702263646,-0.27719548503065405,1.4292502057193759,-2.052819555941182,1.0725465119446487,3.510764054438255,-1.0866921134533287,3
1.2929399625098346,0.6731889142675997,0.586353062440869,0.9047850463517035,0.6916456488671455,-0.3853526740834423,2.250477153197645,1.3142478617137603,-3.062849874566728,0.27496812666120946,-2.380087856334832,-2.4247142966194124,-4.698758372465002,-0.5919532163228578,1.0667638795428331,-2.6547896663295867,-3.1953659850776264,-0.17727847628779891,-2.3617083035174793,0.704646578490952,0
0.9241743496437154,3.1564137901802214,2.1639602559175786,-0.5733534366056177,1.6086452219243152,1.5683767552476677,-2.234711250826732,0.7865100728749448,1.9753088976858328,-0.2765153631926253,-4.14763473822784,-3.1425807525108365,-6.2421502990667035,-3.7542261626372078,2.69764312322974,-1.588303832092933,-1.7658609577409408,-0.338943617059692,-0.15727452125425057,-1.4520729119325761,3
0.5124533466882958,5.871287958289697,-3.6246624384850064,-2.028324639329965,4.6920204464344275,1.2263013456043423,3.1017056072398246,-2.0390466241954157,-2.1971328692390215,-0.1783546729893713,-9.672988384249471,0.6554549893435337,5.2969316402531055,-0.772758376383655,0.5009091703741273,-3.014682952139845,0.6731088301191734,0.3766944287842498,-2.4438476960279365,4.272090411227996,3
1.4534930704257203,1.6930292668136813,0.6659616879405177,-3.210155522341477,-4.121095421308836,0.4223278000230179,-1.4903035495409138,-0.7453812077949347,3.78121556144977,-0.014873829490969586,0.9967331114905754,3.4076234132736287,2.194901010203677,2.4693033435527294,-3.7633867882316263,2.443122873076404,1.203875914523643,0.10630344967340559,2.658746622019743,-2.1202302103015533,0
1.143941790043268,2.786098980539141,0.036604256705876526,-0.000529538356650594,4.812600555206512,2.099284413773625,-3.1238428071881015,1.3612514403021538,-2.2878722409710908,-0.4360893523485934,-1.8254357252160014,0.7282499472775497,-2.612042287640146,-1.5731049919396014,-1.8245983476208694,1.0151722067727103,2.127708124453143,-0.1181876036061183,-1.5996137786006615,-3.1526447131492215,3
0.9165742483750023,1.111200745642365,3.5517152604872653,-1.0640727348796726,-5.083113440879604,1.7511427346721882,-9.551746456873223,1.2919502686690558,3.246905192914796,1.2029173085964209,0.8909063317636343,-3.4784612579269143,-5.901913982280884,0.4088078416902601,-4.018516171640094,6.202510809825117,-0.26799330445779634,-0.8781280969031082,2.9364108989655433,0.7743148313922746,0
-1.428510672088122,-0.5569389380445999,2.701328775165653,2.228715992657544,-7.466857281980835,1.0948229524297788,3.882257931952576,3.5616238567918024,2.4111094271843507,-0.20284838460376725,3.822641586289557,-1.781297815686639,-3.7861355110478336,1.4256814174102175,-3.2640675830986248,-0.8448712430672849,-2.803221374163794,-0.11256238285063425,0.05339719828813405,0.5669906195228986,0
0.8666833117354743,2.9683833363398735,-0.7457093364663783,1.5065873956360618,4.7560072561571936,-1.3781299299553713,1.017404971183275,-2.0726236731193035,-2.1025856899071216,0.3857236375570304,-4.420032003404597,-3.300970845345851,-6.829508345900331,-0.8134363185099951,0.9384739219544233,-2.9479671379052483,-1.9858928129433917,-0.4214809776565061,-1.644031588007337,-3.260246731163615,3
0.4613206248871888,-1.5512797606133186,2.2905893363556222,0.6093241531281455,7.336831304822496,-1.515203868973601,-13.954120495954145,0.9064535160702575,-5.34791956905515,-1.6658073959411888,1.7287815444400294,-4.136468952007512,-7.414126289234151,-1.1928975903452645,1.7297073029529368,2.7865242983108818,2.025752672207653,0.08264453986566916,2.167442875214035,-1.9137433002347781,1
-1.238369342239929,1.427237076080293,-1.7293713109820044,3.0223322086515356,-0.5404115049310337,-0.21704342628394177,7.079124900473796,-1.150137116181626,1.3750834378222114,-0.5742371668410184,-0.4797691790586199,-2.7828229949717604,-3.9483169078282767,0.7333057147700237,-0.13938247706220008,-0.21371221905126803,-3.062142715305341,-2.3477341203394286,-3.716027852836577,-3.2691267019333514,0
0.4926320755519737,-1.5505555355206235,3.4098443321043854,3.5357686798088723,-3.60291295302795,-0.3391060727100875,3.422354138263015,1.280539464448208,-0.04543243475032066,-0.05656563471631277,3.6799239670133574,-0.9196104318631368,-4.328364396967081,-0.5413727652961293,-1.3634332322232046,-1.8120507274195665,-2.2776114618478855,0.12426873778132808,-1.3449768224677503,1.5983070853633148,0
-0.4024408328434304,3.1382756967946834,0.1264421730752412,-2.051938263294924,-0.3770482381568321,0.778399871180435,2.326249306555874,1.332146831682264,0.4721528100048049,0.0073127791423647625,1.5958861146532903,4.782912511410481,3.887489577951349,1.9541371031038657,-0.6473059960937475,0.3536704813512619,-0.34939831382371767,-0.14318756002605482,0.9377091339881388,-1.0461544369060625,0
0.5581370014269681,-0.1730237235572638,0.9830048333160738,-1.0653712395018013,5.489701089291173,0.5650003172991891,-1.6195813990895722,-1.9346679245086924,-5.2100042709064285,1.0248428772384521,-5.430132493830536,4.191000791399826,1.5738141629558982,-4.032381263064084,-1.4897744152740402,-4.459139158009985,4.197975415969603,-0.2182168030638116,-2.4676072871394044,2.65200351906397,0
-1.4288646401204588,4.62791527268168,-3.4428379714629775,2.7104632785300717,6.945937009958746,-0.8571950049137425,1.7139949006902309,0.8925898533368022,-3.6382332612207753,0.10067168042665374,-7.314449085897301,-4.177729516073892,-1.2769624978081946,-2.576737387960808,2.2264577214904064,-3.82153433923342,-1.2489818493792557,0.00233424749214466,-0.49905892265928387,2.670560378770131,0
-0.8749810553484119,2.1416313483836955,2.0542701601938678,-4.176364197202676,4.594059476448038,0.7219457764350213,-7.755421545994112,3.6771660700144566,-2.2721595635506318,0.9302983550762455,-3.086123612850726,-2.5339393950147535,-4.85904441093464,-1.163837238903689,2.536696824511309,-1.1837611474054608,1.3040165935949664,0.3977573929764396,-1.2102762196452845,-3.9236806879428303,0
0.20937011390650465,-0.6184633062382321,0.43304746049927323,3.9575059400490615,-5.537519951481961,-0.31427109550177557,7.47753281752602,-1.943288954285928,0.01943574579275187,0.652004305968003,-0.34008978197841144,-1.640463351842666,-7.354233733526766,1.2245832866676505,-3.9191671305042095,-2.8061128505314,-5.512759625574408,-1.506176352952635,0.24438908003948612,-0.3683753259375432,1
-0.4840024649006316,2.401500444698636,1.2930232071159087,2.2590340348774838,-3.1494821973378904,0.4433971796072925,1.1426747173482505,4.980478191755401,-1.8609881043664527,-1.3502167272801966,-3.7630221510314485,-3.9988298751422326,-6.8835497327014235,-1.1261725263241686,-3.891243386645409,-4.07098757755181,-3.1641515391680994,2.1610642891857483,1.4646334546104067,2.6253958744046555,0
-0.7241595688231592,-1.065372283203081,0.4727784739468692,-4.1917476045859186,-1.7344420488828836,0.002670089706526471,-2.3432925941025644,-0.7989811277314153,-0.31136326294539973,0.5401369456070468,-6.067519966577144,-4.892958482211768,-6.946960393596275,0.8856621797787722,1.2651960320298672,-4.490455604824952,-2.0429504023359066,0.6035546458994628,-0.16253217727328795,-3.2887212916010213,2
-0.005274996382316439,-0.03302432018546164,1.7570302015347923,-0.08814891522566315,6.082696858758349,0.15745227137489462,-4.7346276113823,-0.05710848968368665,-4.421802062464637,-0.32075472590205195,-2.889464454955418,2.1856501390846685,-4.173381709385992,-4.631476969768677,-0.3030563380690474,-0.8494373566599098,2.195121510155287,1.334032682664853,-1.3951725074143693,-1.6256096303111005,0
-1.2661693645067247,1.1829412256126957,0.794478814603858,0.8786135105957856,0.4039993689100486,0.805783830224868,-1.0320234949074985,0.023608051364461757,-0.28774374250917834,0.2864156044608386,0.5941348465984309,-0.07307364323130272,-3.7012854948395923,0.04203919445051851,-0.7153564309022366,0.21026677472068434,-1.5311775258875095,1.1465668363030392,2.007038387689651,-1.7512409269524516,0
-0.010356993931561679,-2.1488478225181993,0.8306310962890543,2.6005018951739434,0.5459677452124039,0.6384421456431495,1.2578710020777562,-2.9749794105282517,2.10417707433942,-1.7284872051617686,6.446576868065496,-1.2133326271135303,3.724034770767178,2.8934282423640747,0.876166370641727,-1.6131091726020783,3.2677356943294824,-1.1370829503208861,-0.7418640949571794,0.19833927739590007,2
-1.5616218732338785,1.96657545565983,1.568511767725835,-1.180588212279977,-2.9259835149246047,0.7462271622912312,-6.097505315715056,-2.794569742964547,1.3405315807791012,-0.7872221296404074,-6.960694333597157,-4.1600323170042675,-9.852063944257171,-1.5716527424386584,-3.9735684851790523,1.9922148481642772,-2.2917316950043998,-0.529197659071448,1.7681903285549663,-0.24148824825401338,0
-0.6184459377212901,2.36535469753044,-0.4889647553228571,-2.0602038103418328,1.715519444675676,1.0836047992064788,-6.492562534416337,1.3018540050979204,2.1167978855325504,-0.5192950252649302,-2.8552233650065193,2.1054933169810837,0.711979823986727,-4.061981242144826,-0.3905829285949798,6.187453610994019,1.7365979610390476,0.903740936957407,2.08562750140882,-0.6895294184146761,0
-0.18700017463179738,-1.1559071216738537,-1.840681248672868,1.4665001609448165,-0.8132797134560819,0.6119222230820439,5.248222512451431,-2.582228556969805,-1.9092459177373216,0.5987796310816937,0.5104626017513528,0.27317091897327606,-0.4743797314689748,2.4866799329611657,-3.229658841316763,2.558469762672705,-0.23756300304122724,-1.6690701941935,-6.712461844092393,-1.5339185319391322,1
1.787870715003657,1.790438472482633,2.6634106958881727,6.3273082991867335,-6.460500879078225,0.3311354366771716,9.283939578234092,-0.20169886635022194,3.0771122771596877,0.3574795908080548,4.865942012422476,0.896143856520597,-3.316832100357545,0.6254864437213867,-3.5180996450150053,-1.9141848705766153,-5.150974789685291,1.4520332292305191,1.9687944377063376,2.6217283702369265,0
0.5161954505415952,2.832071277714963,-1.5237848651193078,-1.4816917045386355,6.872395276761915,-1.493549218063549,-2.2280104242424095,0.2886934328650056,-5.736276778820565,-1.1259511822896107,-9.960701664086526,-0.23976973717671468,-4.3447629899612155,-4.256988154517291,0.06890515198483604,-3.358228221441363,0.14538535718778922,-0.6750330893507847,-1.7134983200495477,-0.7019732864932446,0
1.7449174627747135,2.0474753797126146,4.152103337594557,4.7899647404214845,-3.4226336663985686,0.6811801333529522,5.484311335739148,1.1246572186438055,2.668561886141072,-0.062417849158373125,6.134447542452664,-1.2414578494226827,-3.9544741898583378,1.2831766811342038,-0.6432879386032934,-3.5090283002606215,-3.2755886464692194,-1.228120340074191,1.0646469104709642,0.6608816455457958,3
-0.694284950165472,-3.5967767322388555,-2.5887150103010095,-1.9633778758428093,-8.068837384210154,-0.7002468564212776,-0.43365782165103667,1.4798238346733485,5.310825383573676,-0.9455559349257652,-3.7060919400018104,-0.7941719469388901,4.900907363041895,-2.9420412074939204,-0.3636076690599721,3.9564951790459424,-0.42929125129271095,-0.25054025969435934,3.109170104851881,5.205825158187474,4
0.20289521879180214,1.760524973202557,0.829754949175616,0.4596190449040136,1.8232118641846273,0.5458231717333033,0.716518640922215,-1.4754149716554212,-0.7851489416700719,0.21522132385443102,0.8183343029181692,-0.651600789371015,-3.0529706347829904,1.6634501327471445,0.46566876173137717,-1.1680606040252952,-1.2258656799487562,-0.5541029337098096,-0.77662815844545,-2.469583394866077,3
-1.6731597716383022,2.1832850573015175,1.5967387763358896,0.3768739778204999,-0.9642253172200781,0.021551212050940828,-4.382992546395158,1.3077786506818492,1.6195875113887315,-1.49454155866137,-3.272562779238844,-3.2327959430875826,-4.590892128404127,-2.3239564493412033,-0.6371715013294545,-1.4629336397512165,-1.079567007722907,0.2815430087118576,4.509089136295396,1.6946777367752595,1
-1.256276965017216,-1.1782277144651938,-2.3112823769548343,4.4529885002141665,-0.6188776346578501,1.6060840676439947,2.332612316360365,4.65622714086835,-1.025496451319138,-1.7013518546025106,4.8536890351905795,-1.6421950617094585,4.963741997144358,1.0247620153687258,-0.5623554961256823,2.226849438388986,0.5984050874506517,0.04032904773149814,0.2736260832175108,4.221066942144387,2
0.9949556209739759,-0.4157787182755923,2.2929203482970792,2.9234984388469805,-4.6084946284122825,-0.17401795565480233,-0.8194153289534589,3.271985380526219,2.2746741812252376,-0.5213291674568507,3.4806012122256282,-3.708561404209075,-5.599032731098423,0.13170067384380535,-2.3247377969180536,1.3042395932838833,-1.8962123831841038,0.8644772374953112,1.4404253259363697,-0.26292965214829467,0
0.8443089442920132,-0.9796035576922006,-1.1103145971220982,-5.058150452709148,-2.055891814453446,0.10470995122006473,-3.2340326025941057,0.04935161179592751,0.6528002609139816,-0.015634299455838423,-6.65594432750997,1.7943156217456262,0.18550394056942848,-2.8906868113354864,-1.3192944579417154,3.3933110500655195,0.8841987793820054,0.5067396927075554,-1.5457268839076543,-0.5579511617246146,3
-0.7255704816476649,4.157668445020464,-0.019430490505491393,4.40218859554655,0.9746368314142773,-3.0755827889194802,-0.6665017009970314,6.114230173931442,0.34687294580101957,2.4538970952253205,0.7552675267991376,-2.708433336203851,-2.270265666237556,-1.516991579991924,-2.791646220177755,-1.1199112465007697,0.1688457863035191,-0.9253356713630755,3.686384848925032,0.9037457366610072,1
-0.33638645640224674,-0.7731904606594955,0.6750519697697983,0.4165879944652401,2.657377859452515,-0.4579632283579628,-3.6478655856168856,0.23400980671657745,-2.40362768782981,0.43532038035300447,-2.531011821272259,-4.943775678509511,-9.682186542380562,-0.8646265368380447,0.7131885028054261,-2.376419721856716,-1.3326423682014514,1.3818293630428355,-0.1684104875614627,-4.75748355766021,0
1.7733464727707555,2.25485823756845,0.1313300546980224,1.187873608547054,1.6331528094088095,1.8641501107119873,0.3524005102486741,1.3988858812375053,0.4242383433539394,0.8286286211368612,-2.8006406680157334,-0.3118805829462439,-3.3312254283689655,-3.5240376586726123,0.018396612969873605,-0.25496155196923453,-0.8818100461575283,0.2943192490353658,-0.02951635051622259,-1.070140316471311,0
-0.7156870414285432,1.5813768844253442,0.8676190486488291,3.759129587242558,-2.6208658992827876,0.32777516990572697,4.782271852461555,-0.9475569379640654,2.2699609360360196,-0.4973409076024369,-1.7825642046598156,-2.247519123192618,-7.1498992647676625,-2.260145945357598,-1.02311292109177,-1.8053828088660024,-4.536507389426534,-0.858258122463228,0.8526522785169967,-0.5849657276380155,3
0.5028056277606198,1.7110255315911371,0.8752871419465187,3.437820701313404,1.6213834801695877,0.7184298297881737,0.6446454133460593,-2.0543258132294806,-1.431094894760029,-0.2696473139092257,-2.1150844564514983,-3.196853898758692,-3.076379966345813,-1.6092290802092715,0.7095660996729782,-0.864317369826719,-2.1099200256102937,-0.16845360893777986,-1.1636087274444853,4.744768819531959,0
2.520783372894506,-1.193217890888377,0.7050244843463038,5.410595477450437,-3.7432290570451574,-2.0569961393503458,4.499656977669831,1.155204577606728,-3.1084693818863225,1.296023768716349,-2.6196983231335924,-5.021965136189759,-12.486264074768485,-1.5620336504420478,-4.109506398050984,-1.924231141563299,-6.049469654127193,2.397103598867367,-1.7221235332802984,0.23299884998393283,2
2.743649458989046,-0.19749859531751524,-1.722570602491111,1.0670047373525042,1.808887674581127,0.31403772031185895,1.481537467053869,-3.67435700344517,1.5623609456714194,-0.5408663068153107,3.36255497968113,0.33166603740406375,3.693204352129752,2.7776611564255758,1.641353010224639,0.6395369819861436,0.9660582280602176,-0.4589729913092209,0.9516464293806404,-1.36521829380029,1
-0.44864796563857384,0.5012798308111973,3.958115183992435,1.6266010160885682,1.7820140843614223,0.5212747372860739,-10.954097143326786,0.7345131299804017,-2.2860018077378625,0.6938230683839781,-2.9552479040866824,-3.6993618790231477,-13.231651980916181,-4.8958561261367395,-2.6088543303373246,3.1069661774174326,-1.1761549139412593,1.6865862103650824,2.317855112449158,-0.9001326236773435,0
0.43568846552950113,1.3904568210104138,1.8348596143910683,3.832303718756798,-0.8941833221139132,0.30939799814935803,-0.2446642226887413,0.4504537933640349,-1.0952845658303227,-0.12404252550737632,2.7837657649853935,-2.270366927779617,-7.464579905747938,1.1938064287085624,-2.1531876177749956,0.22604208862577035,-3.643977678323761,0.03106234176609664,2.455533298654111,-0.9337482511948993,0
-1.168024191831741,2.4076232501159236,4.786785757210274,0.24107507986736,3.8056536029570665,1.4048045519355221,-9.737550129400192,0.8165857276198809,0.1247987969508575,0.16894317464043468,8.388837346862202,-0.7022883674091099,-0.7040347543345435,3.214481696791518,1.1706723955343885,1.6566457632051934,2.7699820844729826,-1.0902736642775026,3.97649675233919,-0.9999707867292513,0
-1.297877986721469,1.8501972990685418,2.2365188063417785,4.9220792437406065,2.1073585908050525,0.8745380094335049,-3.165618410364956,-1.4893453153310996,0.72418561519656,-1.7679864375997791,1.2991119452600945,-3.5122150399218053,-7.469350289597346,-2.227792549511838,-0.01817054900873949,0.5747061336156462,-1.8822632278944709,-0.6324614074254593,3.07333365777658,0.17112797871527086,0
1.0918441818276126,-2.9056435585538436,-2.8696773105451223,-0.014139789178177153,-0.6591296425031967,-0.160273212820086,0.43424602820507846,-0.1644828816979489,-1.393121024784708,1.0271774994732166,-3.049898120285683,-0.024308914549971083,1.8767448838777638,-1.5820691898747117,-2.540982431372894,3.305550639747433,2.106511546492068,0.991519063710251,-4.062838696493789,1.0986514185986378,1
-0.0178037007417527,1.6342426404281167,1.3606182430892906,1.9896117651411722,2.088800575774434,-1.42376926334566,-3.5957819204249737,1.6664937352521072,-1.0014596898410244,0.933089431274813,-0.7306052289607635,-2.4066624813542843,-6.105547429384055,-2.484930430882084,-0.34820615317316683,1.6875831532562606,-1.0449337081294836,-1.6906848051924566,0.20480977177620607,-0.7763757675703202,0
0.18742875535042403,-0.6775399104493103,3.3721193204597055,2.013540077773119,2.3736177711130626,-0.7134145783021107,-3.1722499934970294,-1.1062998371287716,-3.1300475729187314,-1.12751010095236,-0.5003335709370959,1.0591708375999307,-3.5403574939164897,-3.3868581550969474,-1.6235999504542948,-1.2871833292703385,1.3187188321282144,0.7943601619583699,-0.7978442203251165,2.7212508269085207,1
0.5507131831209593,0.06427759464991445,3.371433582611169,1.0184253120184525,-3.529935854592064,1.5926261171919522,-1.8732427379447871,1.869116796451154,0.3645833931232958,-1.4077589590327655,4.512583033623577,-2.4679934983123832,-4.700952101841513,2.0570352729757992,-0.3604287716996242,2.3462722077117064,-3.0420599081927904,-0.6785542464996196,0.17787179225287453,0.7048892126212323,0
-0.39483752264999417,-2.6498305469365726,-1.0357349074516207,-2.969703125882576,-1.4456819829772933,0.625374255887157,-0.17182075419088297,0.5897049705330275,0.9624476450060628,-0.41447154621382515,0.6233077708961552,1.6177391265682788,4.244363920604116,1.16504160636774,-0.5119512766795261,0.31873211124305034,3.1594981887663893,-0.350450969547262,-1.529255461011835,-1.9378356372379386,3
-0.37387666604325753,-0.5888439278057349,-2.6449920993609974,-5.536506564581133,-4.6760411398031945,-1.4289917375127688,-0.09095525215238437,1.3126089754763826,-0.29459899665211053,-0.8320160746403791,-8.788505979078883,4.573411301567058,2.406188634931798,-3.3199992058231915,-4.212227987868407,5.389426254667976,-0.11884395392764924,0.24685030265513333,-2.718763118368392,1.5623829550381796,0
0.7926228932994547,4.494750598972474,0.39976652200847884,2.4473647020971256,3.350332517984893,-0.2347324517230257,-5.256460099328574,-2.84963094854182,1.5008135861700689,1.8001330404027867,-4.362414725005896,-4.913829316339335,-9.869249078144083,-2.330735058331205,-0.8431536545199492,1.0046594699178697,-1.9414744149699836,-0.21929632652044434,3.509629848485741,-2.8456364533895875,0
-0.03880283825484976,-0.9747601401815218,4.790182988574035,0.4564981459962608,-4.944053871693931,-1.2294607847229264,-4.89276623415961,-0.418644172438257,0.7084117151130855,-0.41065670273846405,-1.3315991472154247,-5.127776682212332,-9.378049831717439,-0.986328687721486,-2.3339064183350677,0.4447567594105064,-2.355152282785996,1.2600177394213699,-0.3841766758220706,2.515065164659744,0
-0.3728639658019676,1.3738284518986872,0.5283908936473611,3.8788794594084184,-2.7866452865354185,1.3544598843319415,7.588419562057222,0.21484027203018974,0.7226043619859435,-1.070180497740502,-0.4121783709392265,-2.563624292281713,-3.2628931468557756,-0.5819729873354669,-0.15412464583547114,-1.5811457883398696,-4.262126973101172,-0.6324848747770179,-3.2505508670502095,2.5197462684231393,0
-0.5313748066309494,3.8925624468303837,0.17625732689345863,0.34785790546281814,4.006088633782809,-0.5820050958852023,-1.9333629618516883,1.9986245761395423,0.012127138839629792,0.5068765781250394,-0.7220700907152119,-0.8357808748753639,-1.334763511741148,-2.197844885423195,4.333966920191619,1.7427623259231557,-2.355932501073126,0.4481222517902248,1.3191549378577336,0.14572921346435153,0
-0.30164533002725896,1.0128441545750893,-0.5637711332697575,-1.1685593655450104,4.254449324755463,-0.595757597918545,-0.6209489153301528,0.01648936020718894,-4.385532931631046,0.21723380367049408,-5.774360858489313,1.065236530254074,-0.11935010721610093,-2.3203256695517873,-0.5515374657490788,-3.5285264026061953,1.683337521914459,-1.5235882364197249,-2.0886332373700047,1.1922882213445616,0
-0.8822605991039395,2.420119684800057,0.027143455939447336,-3.3418329595194196,-2.5786746354016667,0.6595749003357807,-0.19487096910878632,1.4864269097643694,1.9930586678554385,0.7235021690437672,-7.906957859454635,-0.06210645198665454,-3.2374576179732855,-3.658675051645866,-1.7297739595247814,0.6055033625684283,-1.076902850911375,3.34547469159803,-1.7724706198795634,-0.7862719689976481,0
0.3367964522784419,-0.694933315423115,-1.4129459477354405,-4.097867379673731,-1.4706674106842181,0.45307722675239415,-1.6166418926949562,1.6545915381719594,0.561559473840999,-0.5062087175539033,-5.001383975275769,2.0892318846140214,1.2022526869484844,-3.09383668752552,-0.2050284729492161,3.956364245328395,0.4041222202089989,2.0462816562890795,-2.197457832575679,-0.5611935407598208,0
-0.4851442654281422,2.370151490100081,2.6175300494563896,4.801908791679683,4.451957807971644,0.6695784305050845,-2.3220367270457456,3.4548912545296626,-4.660475219748707,-0.4438569394969491,2.108791089940919,-2.752995281595605,-6.755181405526669,-1.2515469415091567,-0.9044487463038087,-1.6141629218893456,-0.96497161052299,0.8192281477032568,-0.12320467260544632,0.7350092985844627,0
-0.23426325755905553,-1.4405885613969578,0.9902927843022538,-0.2228570630575888,-5.075972704776745,0.5197516778394099,2.711052883934341,-0.5014824429484461,0.7838591314499719,0.955545549917823,-0.6041606297960236,-0.6028494406658221,-1.8827360539127163,1.1167097871109797,-1.5491095977571143,-2.711449672808559,-2.329622018955915,-0.4917380398677924,1.1889722141091177,1.3432590734353758,0
-0.58206886140866,-1.4718167132753535,2.603190272177612,3.529853588058748,-1.427778852683345,0.015333520450950948,-1.6081028155573205,-0.5836525198165874,-1.5184991331936173,0.03757015032890838,4.052592455639943,-1.818980281121672,-6.348999761100923,0.990426155392214,-1.6439502063384945,0.11844430828589492,-2.4855808674454796,0.1444182886729557,2.352558200999903,0.27700944444649855,0
0.6280982635474428,0.7776342955891861,0.027859706237743365,0.9187506766299287,4.653611895736326,-1.7360125760768201,-4.456152286509736,-0.2208502509648278,-1.6324881186758737,1.2324539079778185,-1.2292374477160277,-2.856904477487163,-6.512586288818816,-1.3311467494517648,1.472427682737952,-0.24484308290305967,-0.5508438254123906,-1.1981699610137444,1.5444292611163677,-4.122943101006946,0
0.02398752617552971,-3.94031842350282,0.8573854012757997,-1.0129276679457226,-6.412732755038513,0.020528901765270877,-0.500831973096132,0.16779601526773036,-0.9768196763957971,-0.16005542327640132,-3.2944214908864384,-1.1441956855742752,-5.769525309244977,-0.9598931249816329,-4.560991932746427,1.072383856355456,-1.7810750403571525,1.1779964949594808,-1.5775148007942197,0.5081722142317977,0
-0.6408475663874817,-1.6942642739168745,2.8224567147639066,1.8940743797366761,2.2380648939992547,1.1672641965852917,-1.8995326193573987,1.8485027924687556,-4.036885024656666,0.7014283634963061,-0.09646800482450685,-0.23591161679446948,-7.586657831857932,-3.443561860990239,-0.6180042790412614,-1.727848365767409,-0.6592543992688595,0.013882667821793792,-1.5951365180363133,-1.6575466992666503,0
-0.3962706985598455,-0.171730539111133,-0.04328321353925291,1.0398062027282977,1.5382207890994977,1.4002953331564998,-2.6684414161996624,-5.587726564274787,1.7909024775114202,1.068384539914172,-1.3201104862450928,2.2139422060255485,2.5602935718792015,-2.3907059546589977,0.5071062867143277,0.08558576318031508,1.226506836337538,-0.3023664111838477,5.151153950548204,3.4186916012286175,4
-0.021750964474391635,1.0508670307318142,0.15817467739384883,-1.8296606269261169,-1.9786720523907235,-0.05754859511839941,-2.36409821549715,-1.1389324679346298,0.537871634917893,-1.5652877603051445,-6.841413165409863,-2.407792182792541,-5.338860240204339,-0.7403635591898834,-3.081615743529578,-4.2464546198884925,-0.5097151029359328,-0.2704385312414064,3.326628245038811,-0.9152672436557642,2
-0.29095686434046114,3.065273959925631,2.1067832135619886,1.0284049447412762,-0.6337825496088353,-0.7347458774539152,-4.210411027765844,0.6029194493094057,0.2681164384298187,0.965939554859702,-3.8261358113436916,-3.233279711491775,-7.781661183824795,-2.655554765650908,-2.237897867378944,1.831392224901348,-2.141817702755956,-0.14842887645064787,0.7160902082503651,1.053527600929418,0
-0.4784263998947005,6.171991869233155,-0.28918099962499166,0.4989040349769803,9.735904942613793,1.7242954474334586,-5.989414434530633,2.01525975816887,-1.9543197572803013,0.37106733166954337,-2.431450685376957,-1.7554980078207523,-4.6917331417232315,-2.1352051106646006,2.1862450608674506,-0.6077039798052486,1.1094522913431772,0.11020364934630288,2.105891795921682,-5.096918415882406,2
0.9113056144249753,0.4076022907783854,3.581593126974099,1.4389237526455005,0.2416617000861266,0.40217388821128486,-1.3841796758107434,1.5658199654226554,-2.696149053886143,0.04044801034431038,1.941690024296687,0.6269274937021079,-3.8512514292271764,-0.905544084397317,-1.2084486622315331,-0.2899932444089355,-0.9441103744632675,-1.6971807779520849,-1.0888713679736715,1.5817171061899644,0
0.5091542966139893,0.33590469785649635,-0.8275163924009785,-0.242098044674516,1.9640716446672717,0.30806035938715215,0.5437793452503971,0.035623649216306785,-3.2630976277427166,-0.3550986825318197,-6.612202607299175,-1.5326137877268382,-2.6697233082907434,-2.3734983328453705,-0.8111516091915909,-3.913791277277549,0.03142534693492105,-1.3814546015585398,-1.9007014903446136,1.2817801683462697,0
-0.39432125908374105,3.3319838196318945,0.81936882489122,4.341207165451205,8.607110730939047,-0.6884182762894664,-3.925642220104816,3.1907706770257818,-4.018162951581573,-1.497092598631732,0.7353896339822321,-2.6664938565298124,-7.291336681158029,-2.829090662741663,1.643820280571605,-1.6595566524592917,-0.38224887369238414,-0.998126015092417,1.8875396059775242,-3.3152854342663804,0
0.4190037738664481,8.066854476647414,0.8211714682076037,2.847101306945185,8.75564063386609,-1.1046056050160964,-6.279760180750212,3.4224576993839015,-2.9863671727306254,-1.424873320506421,-2.5614995638107207,-2.7196117512224327,-7.458897710913026,-2.564307368557473,-0.7598849086042377,0.1658430437395575,-0.06882247561815213,-2.4330531485066085,2.4232901726099394,-2.652970746792956,0
0.7655473233588275,-1.4846650491896574,1.26115124135897,2.1410424258301717,0.8366732072233082,-0.45865800602651785,-0.12936352896220513,-0.09244039310468466,-1.4853346930939146,-0.8026532220639115,-1.2928144406308342,-1.6847037459509726,-5.616668432949708,-2.9445969780112575,-0.3393263383077547,-1.1358502597895883,-0.7009950421794537,0.09892633603723659,-1.7808442832372573,-0.5909755333682225,0
-0.16224655385545697,1.8717376032067494,1.305919554889135,0.5171038871037271,5.3591313881248555,0.4601370041450058,-2.687138280291714,1.4101911020870956,-3.9205003748782503,0.9676448454057958,-1.861746982962281,0.9117865869990331,-3.5191519127416515,-3.1318163724398946,0.4390198062899209,0.17806334504636645,0.4391249576278837,-0.4335440197434825,-2.2330462874768218,-0.7653385194122628,0
-0.24234966248529272,1.3333287492369186,2.9533948487537494,2.0877820570010015,-1.1415719246985234,-0.20863304238805255,1.6092630152957272,3.034251177242304,-0.3273207004955848,-0.5341300664163301,4.582775308133903,-0.7450286940538748,-3.4663480488894756,1.406016500109518,-2.316529065577586,0.5020459609282912,-0.24118792753979323,-0.9615886473756089,-3.6639020382397467,-1.7006814801731058,3
0.6302631921393548,-0.8543610548584075,3.7204139628953623,1.7860612861636243,-1.8246756738617012,1.0204171042758499,-2.932587074767087,-2.303215069617079,-1.0022242740185396,-0.2790697626307946,-2.599358443544542,-1.5945141784457344,-5.850482030749545,-2.951395822526952,-2.7233427017188854,-1.408253662269543,-0.622000582168605,-1.1374375978982871,0.11074560079552276,4.42520714255471,0
0.7210491306557429,1.642849207326377,-1.2374002917682585,-3.0372589098516993,3.6709600278096923,2.00039848480763,3.234136593114932,-4.359120453840636,-3.2862650111782545,-1.7867596168626982,-7.67105796137306,2.1906107646254465,0.823583127975302,-1.5244808180672518,1.8057504263421458,-1.6225281678530132,-0.7413560352881103,2.522848229633043,-6.131715990302933,1.0368936896852405,0
-0.3487786492888781,1.26314362372139,0.9751345127787838,0.8206017071346883,0.7367070664624772,-0.5779094916518412,-3.012212758210003,1.5078096099387575,-1.4439133031722036,-1.252298134162223,-1.9289875011109796,-2.2973830974891376,-6.719980166451817,-1.3013429287967448,-1.6929388272931913,0.4227933178785702,-1.2856445383925796,-0.1824152373151762,0.4613213601023045,-1.707855371671219,0
0.4531661125116759,-0.9050288071109642,1.237389119157864,-0.07197303572956648,1.5513535472226812,-1.7002326833811914,-3.4128529634046414,-0.2753739069080132,-3.3821655595350903,0.14632040362257806,-5.577444957285759,0.5727825370978359,-2.7139163998910028,-3.69064297216404,-3.721808588577764,-4.291680132577822,2.8476433061556596,-0.5770672846449787,0.6281394640458013,2.2032554696144357,0
0.5950403727190641,-0.6596137275641836,0.7911513280314094,-1.9288976057456275,-4.9081277136740695,-1.8008488371144606,6.470691113784326,-1.4901622212863317,-0.506993575586755,-0.7578258991279403,-2.0661151085081255,2.2587290716479296,3.786611221563993,2.023570485949329,-2.521931161492673,-3.676972681854637,-0.22349249938457472,-0.7028815548227281,-4.158489726907033,4.170486745146226,0
-1.0419230560259762,1.2953927614850007,-1.2748025171174913,0.6796909946726071,-1.346138598997423,0.9241498811618153,2.244504884643406,1.8449573232414376,-0.7376570661255051,0.8765538871182497,-5.2046617941290805,-4.645988960196837,-5.028438885452448,-0.805688663873631,-0.6765149743918717,-1.940772727741901,-2.9181924469378897,0.40467275275047726,-1.5556807043006216,0.20891709792858948,0
0.7079243501566491,-1.8329815205604998,1.8009679953730229,-0.6104996018566307,-2.342171414227741,-0.12924521524026733,-2.0152736088887186,-1.153839264136514,-1.1702281181149334,-2.2546038164172133,1.9357791407251588,-0.8134917042516602,-3.744220636992782,2.5325324846018837,-1.3521843803807851,0.058608854985719216,-1.3663878711440032,2.626310235781116,0.7935306411252069,-0.9180188872580988,0
-0.2961701616656381,2.248403140894901,-0.04153274920005279,-0.2606089643745346,-1.3835936210891306,-1.0855047183470434,-0.19678753398233415,1.392546040195107,1.0921664712438668,-0.8836016232820929,-0.9336041560599385,-0.4767025644109625,0.7833156637686253,0.6195868889710279,-2.050038939897992,0.2872270514637272,0.4044281652088195,2.145159183921767,0.5551901197108444,1.0808838718251088,0
1.2540354493151413,-0.20162973206842616,2.6311887714614812,0.12885170871728258,-3.1754432409815045,-0.015447092357421074,-1.903203242668903,-0.46660953461522503,-0.6360785216150139,0.7888970604642729,1.8926687426118853,-1.92353868071881,-4.369392327652882,3.0332888421509585,-3.2556867685280997,-0.15114714400588403,-0.87780295648158,-0.11199191463478315,-0.08672439546629662,0.04534201753829059,0
-0.9088534998794006,1.876416640492277,-0.7687100720688005,1.3194640678475913,-1.8909173983691396,0.5947497098544426,6.222528823403047,-0.12084912237788026,1.2748593192486743,-1.352755603715716,-3.5948195924655857,-0.5142515996534696,-0.566291528757565,-1.2997450780212958,-1.2829141588958648,-2.7281015475670047,-1.5995632739554417,-0.07195196514032248,-1.9821309005008083,1.296931926685767,0
-2.0308581451747902,1.4284745616985801,0.9969365360123557,-0.14013794196486162,-0.7612964735787116,0.5465614854044272,-5.312803667579773,-0.8528976753602406,0.10579709145730809,-1.14058393294557,-2.249731792794244,-0.7565119264666735,-5.439223234338742,-1.372595594535042,-2.158121553647428,3.6134848327849625,-1.7865097078729875,0.04179136862600226,2.9592790404247697,-0.03546797185415418,0
1.1088568982046167,4.935545586505047,-0.018466910822717786,1.2412296661252633,5.553858521310306,-1.0688403128408261,-1.2243026548915539,-2.117101782948235,-0.3222276232645578,-1.239898301541024,-2.5367048201003755,0.16242778894652377,-6.29960023533089,-1.3860981184873333,-0.6768798213057012,-0.3731462293160973,-0.7300595490830366,-0.06740744564874504,1.0209555912943595,-5.703931032889828,2
1.6689342561317557,3.1971913779277976,2.0800967917876587,-0.5695832212904497,4.672533396437702,-0.7725013969171382,-6.744608749482203,1.5564043505983518,-3.2329996949602915,0.897372701848969,-0.21720732344255272,-2.369509527564381,-4.957499496322352,-0.3817154444286579,4.1260557116426675,1.307212337925838,-3.116443499717581,-0.9080798884193191,2.4025568751910145,0.7322936235648245,1
1.481808808195088,3.4879543306776877,-0.27533256024156394,1.3228534202753726,2.031365745413,-0.15214521382331087,-1.343539218914694,0.719753081870049,0.006469844435758931,-0.02986644094485999,-0.6361551229975845,-1.1324511021230559,2.156885235138768,-0.01603822330990956,-0.41377407482423667,0.5383071818440359,0.9729335829456487,-0.9077432792334531,0.7331884913702211,3.32297963650775,0
1.3809449925788095,1.9089847397520257,-0.076443576473884,-1.15566280048977,2.3651055954344757,-1.3924686080787245,-4.854755380333974,2.568665640855167,-0.7878811837793798,-0.7224802133090025,-4.599915930648251,0.7028754329369924,-1.658206474065091,-4.359049918839856,0.05795575433823974,0.48243477627027065,0.3847946361637187,-1.4021725186183736,3.1729726953729585,0.5220383613844904,1
-0.7820632812396648,3.5356471892754007,-2.262254128874752,-0.4500325824512841,5.521353618875047,-1.2323820034826902,2.0486467082841124,3.4674188178196816,-3.1500495945240248,1.0768531989502246,-4.80713351802449,-0.6484602864269489,-4.762304893048032,-1.581919493773274,0.8456017371386253,-3.4238105199117923,-1.1791869609211885,-0.7448772437373951,-1.368656432045214,-6.377192763137512,0
-0.24917722989628707,-2.630879388910155,3.391186630863404,1.1470052902839267,-5.957813594884824,-0.4400977171625708,2.536609618617615,0.5574018764470319,0.6736147393658745,0.564558098876674,2.7588950154507894,-1.3297054403216257,-6.506480683794006,0.5013545740838006,-1.5862805159865117,0.004981704299662493,-3.5247295777095715,1.0149445143673195,-2.173225868392791,-0.7267075271562813,0
-1.109698001848983,1.3204729409711222,0.1833499637903131,2.930552837872976,1.2825483915241036,1.456285288912995,1.8129891792349788,3.9670113670346616,-0.8437032714693332,-1.468582216488888,1.4689261320834655,1.3398552016295606,-1.356118091425158,-2.9701326161208272,-0.10940399508773979,1.357571091110473,-1.2436528232558268,-0.6951481700270656,-0.01138296425477403,-0.1002027527546071,0
2.6340252332216942,-2.7594247084217,0.6106560648456668,-0.9898453623408952,-3.0954997526121435,0.12948077891034412,-0.6413663364497608,-0.6452034926718377,-1.0216466939947557,1.3643351877441718,-4.252883006916326,-4.076011689118313,-9.274182960184234,-0.9448333967520742,-0.4358066567741712,-1.1062119132687949,-3.6143995421107187,0.6495972494992013,-1.3616745470378597,-2.5226721125713087,0
-0.9159797733894037,-1.7024264708169228,4.862631137576507,2.1580376439620883,-1.9930523309690487,-0.6019389378470857,-4.021252126984336,1.6384395879218712,-1.9063365086250785,0.31637601819286965,2.5966601016937685,-1.1902312508011463,-7.534453600970649,-1.5531277362532425,-2.595132384411743,0.011607490809626642,-1.021542824592427,0.6928838020508412,0.4918996235393185,1.1295982955090795,0
-0.8312240544639494,1.0887441103864404,1.6521852002913042,-3.4362621205313264,2.4832333996963487,-0.27911453112993967,-9.092667974942007,-0.7663971584187839,0.06513322558677781,0.9686490064537576,0.08017464259714906,-2.4231052922693523,-4.398082571029594,2.1660211410945753,0.5099172703123482,0.9469781150975474,1.5899026361960718,-0.015432719684975858,2.2307459528063065,-4.930086618345859,0
0.22661743745992766,0.7107648481536676,1.9829956112549842,1.0333710347892948,2.8293344406021883,1.5503197519317553,-0.9751152925870379,-0.06026046610454694,-1.9177928067633527,0.042259375878144045,2.8992573414978375,1.3346577199466751,-0.06691110401441021,-0.3315602738469634,1.1679452571409996,1.5098461958745841,0.3129154222998356,-1.1655749299512534,-2.3508262772203676,0.8063523210176512,0
-0.22964300137697308,1.382590731204417,3.1165781727692803,1.2010673414834752,3.3099920664273,-0.20113238011307005,-3.7234208998023077,0.5715550621505663,-4.021698989610201,-0.7600309084815615,-2.677796830403227,0.030137292022132334,-7.0504776979320685,-3.952864475221974,-0.9198204829983179,-0.2633936589077299,-0.9220946574991312,0.6134949357153213,-1.4306406290030345,0.8776677283635334,4
0.5650780455326779,1.5051337406731649,3.40353808425657,2.9264519344873836,-4.314014760730816,0.16552258511136855,-1.5949105862596193,4.610338520004843,0.6631227701879618,0.3741286524354697,1.8382310041405725,-2.9617535741398466,-6.883497128692359,-0.6575775721521548,-3.8917153811499845,0.13040886548793762,-2.351646462652642,-1.609053751436337,2.1851041522711614,1.3892733320851978,0
-0.7097116266687317,0.8187283419277378,0.7607897775054564,-5.173723350325565,-0.9646170663242659,-0.7294311033998226,-6.028967553819247,-0.597269655224441,1.3670646955806056,-0.5847114037147062,-2.972638227339048,0.9734896491761271,-0.20508226485847103,0.2735986874341274,-1.058475031836504,2.4745956479409976,1.6629468383747623,-0.2848318952519721,0.6707784019103643,-1.868070226959098,0
-0.10951843596763612,1.3880739352125486,1.5062085694018108,2.821112390299481,1.3738813483087744,-0.18995432395683556,-0.7350724489590766,0.7147331772395817,-1.7234675674839885,-0.5571239976798625,2.155881614421503,-1.950882363051471,-6.3286384693224385,1.0374606678554543,-1.2125196971130499,-1.5814604492166002,-1.8578380992548644,-0.3109152193662554,1.7801750146145552,-2.3745765213946117,0
1.5481147473885226,1.18844486502062,-0.8498079752189367,2.635285407445682,8.800094376897212,0.01651401179922236,0.829857752660814,-1.5272906662188612,-5.747258818521767,-2.176040714133324,-3.1161034411473496,-0.9163076001805909,-0.3257709494937302,-2.8924535467126153,3.9866309598183394,-3.568055143069672,0.21781559878368228,-0.673787011291081,-2.9832688546755985,2.6641757309772163,0
-1.1360049015162665,2.4381462722555516,1.1737088940470861,-0.4210739887743967,-3.557792499210333,-1.161192403934154,1.7752758680607756,1.298108275586757,-1.024161010958857,0.308601055508868,-1.3716617610090422,0.5099044553844683,-3.9195792171104133,1.6930398625930336,-3.854299158744214,-0.5482930745096084,-3.1622347949333474,-0.24202986630239728,0.49591472062870423,0.10376021422075499,3
-0.5371996263031754,4.550550755598726,-3.0453338149416807,-0.679364222920753,3.592247295592946,-0.417611946356025,1.5748534345128233,4.173594330343403,-1.0388049165492519,0.36730500594064597,-6.020838264277893,0.6469524063439791,1.1669807584034675,-2.2535449585112315,-1.7459187485758114,-2.659890246795313,1.7142670608324426,-1.564789896208079,0.05552182042513376,-1.9750244121942795,0
0.2429701004188342,1.711553116725932,1.1735383756120616,5.263418753687809,0.32094382862485443,-0.21734963653289952,1.2902560811253225,3.0790428192189894,1.5692688622050284,0.4974623095664551,4.2859804564290105,-0.9342489009996382,-0.40701989089565344,-1.5231101520641643,-1.6696775658682839,0.35682007919244896,0.8479253906960509,0.7496648194021218,1.0165197140109634,1.2881122393986286,0
-0.1854812457315436,-0.9698559855003881,2.734286214036246,-3.6743260747159203,-6.840698093012874,0.24174967554716129,-1.985448503864667,0.4227005682759992,0.4830267560830137,-1.2268803845717136,-2.8308524816211498,-1.5460962943502397,-5.052018204729655,1.2499826725290997,-3.1348357322328897,0.5940991599293746,-2.2070195971180295,1.1144396650004227,-1.5390628764560188,0.6076833145460092,0
1.156359120559627,-3.660306441445506,3.603974714449644,3.3856261240281906,1.6272010667971293,1.858552411625337,-8.437824432705963,1.1166607804360638,-4.069115790519447,0.8793253830200521,4.273208770441906,-4.8597092071091295,-9.797001370536151,-0.8804735997005864,0.7655147437000591,1.980165718051997,-1.688354475524008,0.6377324449490915,1.8818718063454782,0.09804133239869861,0
0.6354610469219445,1.1071944353631826,2.174373006044198,4.8109184456117795,-0.5874159379119637,0.4993752705248887,-3.8726951292588407,3.9295866452462307,0.3994276255609275,-0.3196614394666864,-0.08955100082806784,-4.074212611878211,-7.1839677880941695,-3.655009011769445,-3.6162956145888208,-0.773937049767321,0.06430393394364065,-0.7167271838795211,3.5693124514011636,1.2592058484392656,0
-1.0872467997930577,0.3194051987756742,-0.13457854472088382,2.8072059603295667,2.8412260683719226,1.6683093157241102,2.2962755965382704,0.2844301129132668,-1.5174878204554352,-0.13160735732123524,-0.09524443556706852,-0.670515674993408,0.007884893025709586,-1.700015863789247,0.8512993100523794,-2.21611239429733,0.4841884356497106,1.0439150850435848,-1.671840938672982,1.3607963692128098,3
1.4124145312183314,2.005257481356613,-0.6553809898502057,0.15085516493107343,-1.7204099070790093,-0.8860766819576824,5.406670916672016,0.977180307942225,1.5507511663462359,-0.08710520535852988,-1.5526212460106228,2.3576630328665877,0.09063865257820823,-1.2345340624840795,-0.6510399881331421,-0.5648429547307536,-2.1162869469891343,-0.07213587617624656,-0.43930047858875376,-0.9850566885010462,0
-0.2440813620652877,1.1116165856640918,-0.05984045973310159,0.3210932012828571,-0.03281589402947881,1.3656398250727508,-0.8570289232916638,0.6758563999875278,-1.7747712507549918,-0.22887373812124084,-1.9578589255697947,0.8020549502742582,-3.8093479476554557,-0.5138412513691926,-4.480747014200945,1.4613668802801731,0.18812909136632316,-0.7441319052208571,-1.067450493508376,-2.0121800181027862,1
-1.2783876378669614,1.8396441795617402,1.0823643301766779,-1.3111946569342776,-6.334631971602491,-1.353055931048948,4.90940730751593,-0.7237237927948819,1.7204926723103982,-1.1871452663280024,-4.170895876689784,-1.0628935743854397,-3.777619200329421,0.5506466613003274,-2.3806336766165033,-0.15593751558444724,-4.395464281720306,-0.33145245265927126,-3.1765728068177537,1.5595007580689058,0
-1.4530946045618658,3.2346660613787552,-1.7181822300317666,-0.5126394827121283,5.07020401578305,0.42537558125650893,-8.128546801881123,0.3423312012980205,1.2624733884417045,-0.5559771262163905,0.32071825927938896,1.5290727109523385,0.317572136244828,-0.8106142542949811,-1.9863343895960666,5.580473735811524,3.843183783243762,-0.07026903417667048,4.357910975308852,-4.884644139591792,0
-0.1817019522574588,-0.19225464629485245,-1.072712760537751,0.7935107084890333,6.708845362539131,-2.0268549171590777,-3.739672811247228,-0.9388262169181298,-3.2819863114218104,-0.7028307786861041,-6.164566051890007,-2.56626016408869,-6.972960287046079,-5.154640086252342,1.9953144239671237,-1.1106307857920585,0.15283978707692625,-0.9538414111732225,-1.1388460886320502,-3.154714047808702,0
-2.0690697038249257,0.6811178979213344,0.219513191003176,-3.3668011875024577,0.706379882976369,-0.8403932641388425,-9.779620290916641,-1.1793686916608137,-2.2680143501905956,0.18789202287427845,-9.05400709430292,-3.087609593466879,-6.666494539598032,-2.8470308450761594,-3.4704685379210836,3.7045327919874427,0.9852044328545204,-1.0342818138219942,-1.050485917297808,0.5685291766389227,0
-1.872671446021675,4.859677823473493,2.6414270350990496,3.957356460200352,-0.14921841444318407,-0.502796792338887,1.2281419242568923,1.0964734408571344,1.3424477650182376,1.1661701048321504,0.4193663735162282,-1.557345833518896,-5.255811178606241,-1.5029221402972357,-1.742807632827607,-0.8663329497687249,-2.5536573727833316,0.071495342457528,1.398096406843807,1.293995974930596,0
-0.9153607618436007,3.811887803750728,1.3139656060108567,1.3872840782167388,5.434565983908788,-0.1354889413514956,-2.9897124045471264,4.1149734517250565,-2.073673136928562,-0.016693239534585715,1.7143540039803695,-0.990306977924982,-4.466858459275623,-0.748081549322579,1.4122006703826089,-0.9739208546442988,-0.4270202630190246,0.7628604844305278,1.545695895812106,-3.7519354501277635,0
0.3922830553835679,-0.847128084296902,-1.8186031353857253,-1.9133361527952553,-2.6808102129805533,-0.49532641892033047,5.014641372684602,-2.3099051514267783,0.6351453188475416,-0.6711698098584843,-2.118000215368287,-2.0577923583354405,1.993094817728879,2.975567923296773,1.8638632123935452,-1.1353890835349905,-2.0746421884356785,0.5440180063660932,-3.7476460884655167,1.0009842609685158,0
2.5048360867434485,1.318114931163628,3.5581995288570987,-0.13661910232127195,-4.292134928696111,-1.986950215586691,-5.228965827277714,3.040047406998455,1.1304140567594239,0.25598157683199885,-1.1631502113918395,0.7744971330702439,-4.694171731678753,-2.0363805616720607,-7.159624226333046,0.7408791806992057,1.4943469610307742,0.292640995260964,3.0519220247272596,0.7649807784327863,0
-0.4775756826037009,-0.036020473486396476,1.116180852953989,-1.7041224293786077,1.1964689590776345,0.8431290081480877,-5.2763292185114565,2.7191918634145904,0.7870604220581068,0.9970086019619141,2.174759372829259,-3.885735575216939,0.019290700749134148,0.664068661457361,4.992005136998113,2.1086609330946953,-0.22172654664097236,-0.541093284124823,0.02754634831444358,0.3301208959246267,2
0.3977352436656701,-2.0777147715179654,1.2220918966807015,1.838124227654232,-6.070754356288517,-0.600522733980478,3.4236065455543407,-0.3372430755504736,0.3288040017491207,-0.20596056248916597,0.23959179905198516,-1.817997051276648,-7.574596707766244,0.2936778463979475,-1.8788201879728934,0.024683787416102443,-5.66268600112506,0.4873908533951332,0.6390756489159803,-0.517708357409926,0
1.9212547448902826,1.6129328366671927,-1.4999363043257279,0.7437828916065583,0.7850344324742894,1.0431645166676666,-0.7308043590779284,-0.06800506931417172,3.382985132335302,0.2731550441553249,-5.811114634422196,-0.02873809893820667,-1.1132985476371566,-5.9752946943742,-1.3042111151331304,1.3914091411767897,1.5491558891683153,0.21815459842078405,0.6046691574478443,-0.6293634398594423,2
-0.45978281176458946,2.3467079644073805,-0.21183451180808177,1.018942269190639,-2.5468577745233594,-0.6801300148897855,4.883094298755888,-0.40468627415496194,-0.5979831305493221,-0.40394699351913865,-1.9163591909411626,-0.7524071919004611,-5.396351412429075,2.629673848475892,-4.778314575021371,-3.6420590746621384,-2.5231938787922186,-0.11678633986612308,-0.04819584395165344,-3.1852971069909897,0
-0.1930075035845698,1.1132313431178433,-1.9068198769939508,2.9637919863731734,4.478842633752386,0.3753498005303022,-5.741550472064537,-0.6324622633768088,-1.2475211382308014,-0.590088747004416,-1.2775077689949808,-1.8404877763304899,1.232101685409276,-2.2133369034292003,-1.6638522690334905,4.418563725800135,3.2121137792542296,0.8116491564279975,1.0017114607469828,3.0631980868512434,4
0.5175334457625059,0.26262142127236043,-0.554823283869186,0.7052222380046795,-1.802500928486873,0.754973324470794,3.069561679487204,-1.2149975871642091,-0.41581235300901853,-0.1342909319798393,-2.951477558722831,-1.6010706365166438,-7.135709396991522,0.22187838235006585,-1.4324535336537856,-2.116978094880009,-4.04299882529052,0.060397345910971935,0.7152456183327707,-3.4199777677880183,0
-2.1799986250995325,-0.6223240352473975,3.6648212709239747,0.997493148751037,2.768016610134841,1.091874665065612,-6.3422265983511785,-0.27530204947265013,-0.32737542021660615,0.4281979803255418,2.500663648186288,0.6149324794771063,-0.20155479682103325,-2.5144357600418226,1.2136685321383736,-1.10732210885514,2.6989797553708166,0.9415756232600553,3.078448065880664,2.5240662096096553,4
0.41571378683290666,-1.680812403665199,3.8190321956443505,1.0997764116145141,-2.1076839321251177,0.5081505616764663,-5.337878273072311,0.2662792107350552,-2.1450440967503086,0.8407585893371537,-0.5378750740155124,-3.3677667790873094,-7.913346825371432,-1.1281332423882209,-2.0713489261666718,-0.4797537400928611,-1.5324111487442806,-1.0386781665039493,1.01617468381414,2.413788394189199,0
1.4860508058293391,0.7539697793506356,-0.43087834686199034,-0.9222694515825558,0.595419476870411,-1.0193933189236108,2.3544907012348704,-2.1412817104564463,-1.4421796020567135,-0.11579529807478761,-3.1990617856677273,-0.5647734723774961,0.6130964348016343,0.3905339084189916,1.1563894728952442,-1.284309190273161,-1.1425434411831739,-0.7429851077190445,-3.201731321149591,2.260169379021306,0
0.5436568541826409,4.1623256950407,-0.4878415707711945,-1.6091855160837407,-0.3913640845893674,-0.4361276073200601,2.122066716263053,1.3068888974649586,-1.9003025395390534,1.0480686287510415,-8.218197245487893,-0.09944388191782605,-2.3575538758335277,-1.5043357922004725,-2.6746402526570896,-3.546763375460849,-1.7028987558434303,0.791941079449409,-0.9183938921803886,1.876313839520609,3
-0.5055999927678918,3.364643122205562,-2.3538274777512753,-2.027386489792808,-1.0952748395294862,-0.202242059368541,6.877919261809051,1.247193312564014,-1.2412591588399404,-0.09727176347931417,-7.514968424511516,-0.5037256337434454,-0.2917561445571533,0.15943563550116524,-0.6586065548227258,-3.7870156739316654,-2.8023061610032665,1.0549327568758635,-3.600018014625036,0.3812559607101136,0
-0.22992020933693333,-0.8962618313837314,4.096745961861752,-0.12103729658902784,-5.105740361428482,-0.5353897829911223,1.359415307522529,-0.19268356048550195,-1.421769918461787,-0.5247400475060665,-0.05874397008913067,-0.43113883786788165,-6.50735517828302,0.42914855473746405,-2.1016920901516167,-1.0326124652415385,-4.038267371291603,1.022312474498187,-2.0284568530506957,1.874956632185674,0
0.24658715743754112,3.3908839704542424,-0.7959713901292724,0.885193345569383,3.9306916911513183,2.4955792278548445,0.21209740338975688,1.683857148239105,-1.4921217097732118,0.4541486278418283,-1.6736847444361551,2.305384645270722,-1.3461265371299314,-1.7990656751091147,-1.1521406247705848,-1.1919536833907172,0.23674768209480535,0.3262957093474423,1.9001252482905509,-2.6288321144077766,3
-0.7426264511718177,-2.996642064836913,5.540195463388367,0.7816355498151795,-6.678056319126783,1.970959168340643,-0.6791087214264123,3.5944065074034066,0.7431571352625854,-0.500238091799737,6.31649515284107,2.4307159830858427,-5.139743830046871,0.09218707885243105,-5.154279636276169,0.4785092260558248,-0.1307938380322874,0.8891459188165428,0.08650673128286468,-1.8383727263245428,0
-1.3609851281047673,1.4593605329064916,0.5881561630043521,-0.08059342801768254,-5.300540337538341,0.17241538862603684,1.8570350579714916,3.013118890671138,3.050558066222661,-1.61903685282194,1.861448311413603,-1.0860731498744243,-0.2978777626230601,2.122885525010504,-2.7878419870308333,1.4998261918174607,-1.0749006502809053,1.274390402209455,0.0058640245417624914,-0.3281762984893184,0
0.5856775467607466,0.13213606120330312,1.6842472711464063,0.13994728555809233,-0.8517160773247987,0.9379393724822738,-4.951648408674178,0.31858698223748017,3.4152912183904265,-2.6668397657464586,2.775522345243952,-1.4552650243848406,1.1632557758558295,-0.914023542188688,1.9460937818714692,3.8790415371731,0.6934757938981795,1.3787664465402063,2.1727186019441813,2.173610501384024,1
1.109719581705981,0.7428097247041927,-2.431147366110649,3.0280108556423815,3.0737982898098335,2.204805026717396,2.8546421847115226,-0.4275163321940927,-2.8185418089122924,-1.1376279913404455,1.229771852065995,0.39667255270131285,-4.040687826652615,1.7301867899268806,-1.6733440797296106,-1.38678652621413,-1.8042168658178193,1.003988338342223,2.1525338911042855,-5.4169464119847985,0
-0.18866853438029949,-0.5650669559563994,-0.7980434860117995,-0.3218530453930444,-1.0822136967285612,-0.5352507286112158,-0.18297108383541144,1.4417720543010104,-1.5330692706818532,0.51301593078462,-4.317088524274451,-0.06678628515633356,-4.8612357745180885,-3.117380344254931,-1.0276214069332177,1.8721342044833977,-2.759975822916748,-0.5504872639918358,-0.43998163510406596,-0.7683159245368776,0
1.7804928054153593,0.13083881526639185,0.8659585043831053,-1.8110405164506962,3.715142628984883,-0.16452363453911215,-3.815678952389506,0.6424920894823929,-2.4751831103894206,-2.001573946707216,-3.6489138028378933,3.280062856505557,-1.3572943335750653,-3.77000088096182,-2.0855885708587873,-1.0007221772937342,3.6025778432358155,0.44614129677144887,-0.9707376078203592,-2.2093884775998403,0
-0.5677726980331775,1.6072867876995258,-1.5937280991011593,-1.7122551019343728,-1.6847494905085323,-0.005116755182137881,4.611357694966497,2.3000672665078596,1.832896327608367,0.2685606121243398,-5.452811826277342,3.1865817311127307,1.6735633982459646,-4.1557686289182945,0.5009674579829104,-1.3001911728946696,-1.705116223480814,1.2677839279180887,0.5550053901962613,0.2020496105307108,1
0.2559094287062057,-2.227294589940915,-2.50291663642956,1.5908681183134368,3.696363563004223,-0.34836082465781076,1.3337809769475781,-1.4820620985420792,-0.21122726272942827,1.5915235491840705,3.2683828319420027,-1.5255601928865632,6.258365623909447,1.6422708613087789,3.3765207866432503,-0.20123758438715178,3.218637503034555,0.006307799517029778,-2.2497472468569994,0.6565816365468107,2
0.4754842677138316,0.7869500824640386,3.1152715039100385,7.264686450810764,-2.0189755695008693,-0.11554283727522563,1.7577454942339457,0.755132435208791,-0.3848031295764318,1.8623919682037862,5.627530159938399,-1.9346133208045462,-6.82732805793978,-0.14848488063973375,-2.711945315774325,0.292621801578992,-3.816150517110317,0.29691980691013375,2.615692055971856,2.190667291476357,1
0.3376217827466376,1.7977706042647732,2.4257301390638606,3.5451345927179583,2.8598278291830646,-0.3303637032546099,-2.870465450964031,3.2577388189315193,-0.6184540952767291,0.5701970555231892,2.0993184527676383,-2.024541266173183,-6.20619564620504,-3.1133890232007344,1.1952505416197567,0.25041918801627916,-1.4878475473044888,-0.39521787573338474,1.8931003996599367,-1.0066889317015046,0
1.299966616404053,0.9468404225781162,-2.321453343163239,-0.6946466019880921,7.300560101489765,-0.4319958297203456,-6.340922306361025,-0.6071094295143746,-2.717386920730174,-0.01369436990718454,-2.8510328010945667,-1.4514329531064907,-4.38777631733978,-0.9276979994017444,0.6501972824240909,0.8308514591795345,1.805618076566414,0.4766267037434475,1.821034001919631,-6.514003599634161,0
-0.10988575139774204,-0.01674421878652521,-3.9722772666038457,0.022950376213687562,1.4208677870362028,-0.3559507195127225,2.243596562005298,-1.2000935886890094,-0.7900668959344821,-0.8462670218672196,-7.056640558692665,-0.8093312404271356,-2.0436524930671673,-2.8232776727502324,-0.4928167487113315,-0.28711682861146637,-1.0221624925953374,0.7042147019139049,-0.7045230473096662,-1.7829016575591992,2
1.8826033839942888,-0.2914212795594415,0.20916267090078122,-0.13528554004220306,4.236138983317637,-0.16077862217315575,1.2954736223413492,-4.89853104632851,-4.890402525400395,-0.46117672036651686,-6.605358538681267,-1.3483096442705416,-3.3362822974627964,-2.444802758993128,2.9907103845249763,-2.8219157941401303,-2.091623562666341,1.483637707550334,-5.15688670054466,3.2881444878889226,0
-0.877174770221164,1.9591640200558316,0.6081776790399362,2.7327983080768945,-0.8048279952601007,-0.7713305791077119,-0.10373063360735849,2.281065859222828,0.777696153497468,-1.3243851523960337,0.9868533293442519,-3.661791959501991,-2.1016964721712696,0.08713554108910482,-0.45880292973066317,0.4959737741918733,-1.2941103039179778,1.3232464962039894,0.4333263058679604,2.0735449321410906,0
0.700006309872019,-0.06266761465370463,2.1571086141917304,0.7082854438315092,0.7429007359770748,0.692479235150359,-1.5360089890882014,2.0073093199014034,-2.532244396734785,0.6514911493209906,0.6634035235092718,-0.9290803434121018,-3.665076033816504,-0.8999610701321307,0.5109957430786023,-0.4450685091025057,-1.3259709935794652,-1.6693749422543351,-0.9627392111394122,0.8356895479838531,0
-0.5521200815885884,0.5866147041616914,-0.8522330722503264,-1.351853490108744,-0.9996261520152058,-0.43613689366180736,4.0060271190855445,1.4370481277090492,-0.1921670923651152,0.9818237728833917,-1.527902176220573,1.6568426722812006,-1.999956823939703,-0.054172322070341505,0.45313301256476635,-1.5888753665399062,-2.7427037668031358,0.5575874056746811,-0.0764986982931688,-3.6652990107096963,0
0.6037526532008163,6.308526142366881,-2.2956206217965143,-2.990890482930135,4.400032443307346,1.081307992873334,-3.0949954446043173,1.3821937723959004,-0.5561063315469376,0.6286555640138654,-5.462090260371283,2.202581546959815,5.627484948772069,-0.41906983299135137,-1.7164211521415642,1.1442464285182106,3.525948465474136,2.6873124146604006,0.4489669750524874,1.2824841787508847,4
-0.18422722236777303,1.0862113582721615,0.5948406679390548,2.0170908056359442,3.7539026991698274,0.38801922321335697,-5.513063376499108,-1.1840921858457598,-0.860198280111786,-0.4705325396512233,0.7653452964703037,-4.095231860291642,-2.8974799162566334,-0.49301399086866604,2.482208785526224,2.8330671280524293,-0.5139433146847777,1.197420339454917,0.7650000855471404,1.5944458968911401,0
-0.6580720660206716,1.447382958794947,-0.9446035204211596,-0.254862951733029,-0.12221825697050546,-2.0469511565394005,3.958506497744835,-1.7812564667434772,-0.29594767907962216,-1.01705279472882,-1.9881573227358178,1.0970484254569546,6.883000221387194,1.3017033534161722,-0.682843495152321,-2.9166866873011963,1.8114583768843469,1.9188424222559943,-2.056288564928603,5.456828718134828,0
-0.3663004648926283,-0.2082276379000001,-1.486313027973151,-5.463525120092741,-1.8735428062373407,-0.33606985922118027,-6.657685623832198,-1.8965534423025323,2.065644081899931,-0.85686661973263,-7.452511892005716,0.9179564037567296,-2.139159000079418,-2.598194932573824,-1.8295100520959338,5.286813058731146,0.465280454379726,0.8066701574598942,1.5109426686311518,-2.3661897651107466,0
0.6571327865774748,0.2632370281163239,2.392149600212767,3.3179886484698167,-5.570964425383149,0.5256897839134448,-0.14553431266387754,4.130132940122303,2.621503897545691,0.2754977228889725,4.780147155479394,-3.128793169534348,-3.7357642749349353,1.1266484150048672,-3.4622009604058297,1.3455750026951319,-1.4530685747455683,0.8689630979160494,1.9999980096941763,0.9157851582199503,0
-1.8910932576522337,-1.0914486205396923,-0.47134885672254856,2.6762557221078684,-5.173671783076825,-0.796866511002695,7.762292484191127,0.7067295665898565,1.4752361064462336,0.5092144632299732,5.66917333271118,-1.5909429614304422,1.594054850263236,6.021688022260384,-2.140878748865738,-4.537285922506019,-1.4614787724533267,-0.7406016461758494,1.057762014895598,-0.4310433731354725,2
-0.07331992526524429,4.060246743432923,-3.4649091545399227,-0.15539780506881717,3.455373075183245,-0.09934294131879018,7.361604930906428,1.690802028866776,-2.6856768139518143,-2.509570855901224,-5.6943736933959945,1.121323461451766,5.0316634636479085,-0.1754534140220092,0.4059686974929879,-5.737881471959276,0.23357664500043396,-0.7125789671773227,-2.5968102801029764,2.0523297874137674,0
-3.0709889462277067,2.9696964654328823,1.9027899551991359,1.097130547161648,2.7982565819265606,-0.3036935961063179,-7.266825388663538,3.1407026915200578,-2.3200103735086444,-0.40860821388401597,-0.33285577546954276,-2.4551205620061625,-7.474518681505659,-0.9538754114439846,-2.393992186847947,1.7903568272327859,-0.19072960836485964,-0.741205034638168,2.2480575575822934,-2.0852597417707113,0
0.9990723528538664,-0.599644485802401,-0.9893925521810454,-1.6435077442784727,0.9701592658715124,-0.29248033511841115,-3.461556186122948,1.0798785533789006,-1.678555259137676,0.8984874386942964,-1.4362639949869653,0.13890827749603019,-2.74178006205977,0.12816152485813692,-1.8071483289450918,1.6933915511901119,0.7583013137964334,1.1984765360993967,0.402212680285742,-3.8681094507180624,0
1.031397801919874,0.03037849123522518,-0.05276014311229993,-2.5544809759341742,-1.7541743108611807,-0.6213862767964047,-1.1632432311500274,-0.46425370958238665,-0.1559661549378989,1.9844151182373881,-3.837939527032696,0.47628672440024156,-2.82362838554655,-0.5706496555624059,-1.5528000706572587,0.5178518216917158,-1.0404279512785846,1.123806760805098,-0.0694107429687445,-1.4793289376954117,0
-0.057251567746186574,-0.7111968323737115,2.7213255640938043,1.057225084584542,0.38700941567079167,-0.9686695016832657,-10.723714118100427,-0.24340025429582735,-0.6906485388484819,-0.5103234626993076,-0.31689890250456293,-3.6080048053745766,-8.12956858946571,-2.2063137584378736,-2.114279542806451,4.4625433568261705,0.1458000137936446,-2.544517182301781,3.0243988320825843,0.2665643004442986,0
-1.3470790637693153,-1.3438150363943895,2.215873477570911,1.9095235781831152,0.27789583809599755,-0.49765887306319256,-2.7936491820961127,1.5549938163637065,-1.4735442763350153,-0.17770815913186472,2.343830473438242,-1.6267639975135602,-3.871910177243871,-0.783868206822057,-0.6230115225819356,-0.18279764593923975,0.11325766645147328,1.5090941380375456,0.3303549273390187,0.19517692073284232,0
1.659213251786893,0.6818918222004415,0.15868056869239133,-2.0024826584947446,1.8762918630201049,1.449799144942004,-2.777570822578837,0.19699144625542508,-2.136537937295781,0.37050353601545044,-4.927604078202252,-0.10876010922033075,-2.5779391793770388,-1.937143800540197,-0.8674048240150252,-1.0211236110957562,0.8188997729574015,-0.8045159355384919,-1.156133502532168,-0.6498801645925931,0
0.6780800073626503,-0.595194099540264,-0.6944985540913422,2.522475223578705,-1.2392705116219875,-0.7884156331940952,4.857870994819889,1.8180216927339563,-1.2734531518321521,-0.006880400102028218,2.019349250902645,1.3986596243641198,-2.3850016181805977,0.25508907677987325,-1.686810988983848,-0.728158994129013,-2.4335819786324877,1.5423709724388834,0.34542781938349887,-2.2323052044087275,0
2.5932551460832993,2.4718835378105286,-0.6909265312755397,1.6572670077264104,2.8298291842180583,1.7454777437196378,-2.25598590444335,1.5336924063474693,-0.7651732973161538,1.5183543175457233,-2.8637955717184256,-0.815314364923232,-4.423352642607821,-3.7019714225034024,-0.06568328277692181,2.860776764680537,-1.542076156170542,-0.9231637797389002,0.852656657949418,-0.9555316818128613,3
-0.8742376373373034,2.117898715411872,-2.2636589212817793,-4.462141822104458,0.6282734835042274,-2.277103020162451,-2.222390175899295,-1.569230009910017,0.7510904029068879,0.1286090361618849,-6.33692750556613,2.0214978387889437,4.931902414640459,-0.7027990453581096,0.2395761133082096,0.7565442468602096,1.3137054511246635,-0.05639205656641513,1.4910793597049614,2.032880482618147,1
0.6412389776840448,0.08451793932435103,1.391829366010641,4.312344197883368,-4.089089717610414,-1.2462764261220298,8.846794363263555,1.7222825465045126,0.06567529694361207,0.7959842585148664,4.214991130606972,0.08325398196118527,-4.68067520168166,1.39381870525481,-0.9897449613451816,-3.2451380741902023,-5.5628042785469765,0.510482759827689,0.4322378904736105,-1.0546331040925354,0
-0.7250259470192656,1.9325532034734727,-2.0853192042680426,-0.329748913724782,-0.5123872805273121,-1.0310982238742539,1.6983570501119167,1.7146389249942233,1.7747316965737743,-0.19812942028723957,-3.379107329669035,-0.15245255572269056,3.0181504418631295,-0.6457858493676376,-2.4171131433675797,-2.218403882546122,2.367955067046597,0.44420074589186187,0.8089370663710203,0.18019203676604756,0
-0.3679849771776789,2.23555046620456,-0.5825813384857055,-1.0515195280125313,3.2044710729149184,0.612054438162125,-4.154559059892585,1.1852503144575017,-1.429234102865088,1.818577903134121,-5.025202857246179,0.4125866368728688,0.23530801023771664,-2.609629740065021,-2.3464002838904485,-1.124820977080639,3.2907703861086457,0.0021302725316547375,0.9691961480069116,0.5808367019010958,0
0.15647323410079197,1.16859002635737,-0.13068458424027152,-0.5654597528530885,1.4711507144226683,-0.9428795588731549,-1.7879367944369655,0.5006971519101888,1.077370237469961,-0.5451313470743777,1.5867802847060972,3.4164033180588915,4.1255878088028535,-0.5823069082891013,-0.13869743725326722,1.26070020178722,2.1777315444763126,2.0720539109015625,2.723835917626176,-0.011880156220475224,1
-0.42704723033184777,-3.8918753187639537,1.8142216686989723,-0.024670760525936863,-4.974490000275284,0.4307580051425291,-3.462303457519344,-0.40228467655824396,-1.1975685279237334,1.219031671831758,-2.429114243375478,-2.738473635538269,-8.704893514539812,-1.8827243224520251,-2.1957158107217927,2.3172377489019844,-3.538640255188458,-1.955285284411402,0.38381463016001216,0.8582270758802553,0
0.5861515903256682,1.243002704062749,1.5994441432100472,0.677802248476284,2.2338958868435936,-0.36289119871837217,-9.207429768922577,-0.5007833121180736,-2.0450425142919313,-0.5355397709355035,-2.993867278208436,-3.0896092356548195,-7.046212566741768,-2.5486776345723356,-1.6998466523004558,4.072551247354546,-0.3093641422063754,-1.555316999792983,1.578558705238751,1.2602866284234922,0
1.6083461057286146,4.930580687986204,0.8863324766924348,5.31769930501199,8.223139444669336,0.06146633792185644,-0.16522249552369142,2.7871449945944917,-2.538057405229404,-0.3985552216512648,3.103186680296737,-1.5868124701264215,-5.3169421521892675,-1.502956713023675,2.8291245754800953,-2.4063588558101117,-1.715856213705385,-0.23214185322811606,2.4042901071459255,-3.1461876763617402,0
-1.4035972995806076,2.2299025948139635,-1.6746665279091841,3.1492649169721063,0.9353759818850517,0.3925895800074882,1.2995717179219628,0.3839841019999438,0.30125672929919656,0.7590871662675732,-1.5246382685284392,-7.113126759044781,-3.926660092050527,0.5119572617407351,2.861579732067256,0.4362390919116046,-4.0151032546127325,-1.8146473905153737,-0.33248482845760896,1.589276828032722,0
-0.8119171129461213,-0.13181051448949876,-6.005306019211913,0.5829511569621199,1.7150600020152378,1.636034863106122,4.97507024390305,1.9395727383716905,2.647937069801922,-0.3480026205475078,2.985206595393122,0.8456574304483453,13.419798302955215,2.4680365014010577,1.04802463781194,2.221050277564662,5.221988287511527,0.7076580478282168,-2.5101186812106953,0.15598679029652662,1
-1.2243002142444788,-1.4534004655956436,1.903501468701542,1.1002682067851142,-1.2334735165955768,-0.011917685137617852,-1.8393048716854505,0.6519721883045306,0.214712920493775,-1.20268956920239,6.028074439742628,1.2080407146433947,-1.033417083024563,1.518974806960507,-0.05769527722429313,1.9077176394347637,-0.7706409612090104,-0.35833877991531576,2.718014264819737,-1.0704085336345444,0
-0.3176169133753296,2.4577440424693298,-0.15747715141957985,3.08850947727656,3.7139314800165275,-1.4426828880726559,2.352056684997886,4.964507494208419,-2.1651592024704875,-0.1804098551887218,3.6263333558150657,0.6836712830454097,-2.475392835370816,-0.1462983150521232,0.26537233548013317,-1.235813487332758,-1.0189395931174128,1.2756822450250436,0.6538525937513826,-4.082935542652317,0
1.2547089582589392,4.785611465453232,-5.916735576176149,-0.7944691178237124,3.625763172537332,-1.115030886018031,6.637296953949156,3.960344019264065,1.4551654426387524,0.4220332137401978,-3.2654790560356983,0.16655497279723597,7.252626808523216,0.6563144165269184,1.5574161315429125,-1.609038835803071,1.6746700048524423,-1.079915055558342,-2.056970956001008,-2.933083904849144,0
-1.1961771646147912,2.2441330471633876,-2.539413583592628,1.1090078405058186,3.272230266828345,1.4029203093562759,-1.6653774092895433,0.8837902307371779,1.540109983858967,-0.612920413543889,-4.149275202352657,-0.31200027677597586,-0.37559990290616857,-4.5271958379442605,0.40206918411108017,2.0477259971882495,0.8267491520684951,0.4603348007980277,1.9304959545061076,-1.0932418442477232,2
-1.3796822591261741,-1.6509943626856174,0.17862865794568572,-2.7360967688748046,-1.4286508782989455,0.5441076535168716,-4.481586510235904,0.20626519935544785,-2.872444764497012,-0.4501804227316995,-5.562487385726016,-2.1998989811189062,-7.470621772187335,-1.208001934272348,-1.4800960163142491,1.417509133153922,-2.289034884895556,0.5304674904525988,-0.7043587766024924,-1.5059554920662497,0
0.0837729989333954,5.482273789135967,2.2769311624204764,2.4892412714672503,3.770996940257571,-0.8105995695202437,-3.807600805127834,2.6608786986756607,1.5119364007877651,-0.8052021008292449,0.9131909609228803,-1.2926757234563304,-4.029111650404864,-2.521276304263023,0.011089504757326951,0.6541032701288028,0.2615659454572836,-1.194150808306201,2.5306514935443554,-1.3412416759693866,2
0.3628618544142037,0.5420649937302141,3.240117107936811,2.9640951235862723,-6.255539692190611,0.40151023993723883,0.5307339111083081,1.9405844204558844,1.989510947993589,1.7407801168149106,2.103033428578421,-5.323645547299301,-9.897442293813139,0.5350911830969853,-1.4083789441295842,1.9660093833863108,-6.1131096260660716,0.4580131411448066,0.3856178318825889,0.43218332165291284,0
-1.572939342167539,2.5486483594298828,-0.12256562532519166,0.49872340846698704,3.4615718178068233,1.2075007540385998,-2.9910783673233547,2.623027682469318,-2.415963792756361,0.7418197894183304,-3.511113788720503,-0.4154853038364753,-1.1168727567730472,-2.374688224768199,-1.8836424630915942,-1.5880147904975515,1.9795261730276863,1.0477188940366278,0.7202865596143937,0.9009549452718174,0
-0.4336671990856061,1.1290259106510643,2.3112681584071235,-0.38822651456500723,-0.5875735904161281,-1.1577718087051252,-3.1027859940967386,-1.8992242751460138,-0.9469635627689607,1.2438452257577408,-3.3372343121212036,-0.3189955980652678,-4.087105535013573,-1.7445292926499083,-2.0982562564344907,0.7969073888601834,-0.704885224399551,-0.18800849206767584,-0.6764221986342952,2.4050789428831565,4
-1.0727239712568517,-0.919656117768566,2.388830817173687,-0.4198764851397019,-2.785954088067836,-0.33060532393348474,4.360085657221426,0.8715077803730185,-1.9188710346471725,1.1774498490358725,-0.006113947621224105,3.32578051080461,-0.6184227906782327,-0.18806784914393515,-2.8568343826964693,-3.4270052735200522,-0.28978744466998263,-1.067317262253217,-2.996066957445783,0.9289671251936394,0
0.12325226055396497,-0.7158143671734749,7.9708032450352695,2.5112661056368157,-5.199085337830608,-0.4041280008163776,-5.977573707997001,-0.7410272391689259,-0.9237540555553465,-0.4556482054572405,5.312915537565232,-1.046543891768271,-6.671589675781339,0.43703495161778716,-3.7027714570689776,2.6536832380747297,-2.1962383187237964,-0.8937174527583296,1.0848251658216492,6.677313083143834,3
-0.2828762206589394,-2.046937416038989,-1.6906434979500617,2.0393154224138508,-0.7347873822459828,-1.8869813977796255,0.17160348076808263,-2.212368801205483,0.9439896370246046,0.41579173090541716,0.627252484102762,-1.514966466845339,0.6402768876924357,0.03681639242285051,-1.2855188163022684,3.0198524093652597,0.9929058622816761,-0.9241359266276072,-1.1670250440560697,0.6464060376762029,3
0.28294288685869917,0.7008321205850081,-1.322792201757526,2.4925168719194013,3.0333674591507447,0.8205486334003222,-0.9526687414296346,0.706162380543901,-1.446748120995184,-0.4536100725310592,3.367860050370736,0.9900060953505252,-2.083166658623905,1.037008703550467,-1.2687373232205459,1.6216218953967072,-0.12933120038735657,-0.7670356356604348,3.026782171437415,-4.34243824433962,0
-0.3422399199725578,-1.3913613505767706,0.0897913358898258,-0.6427846915104332,3.400941678455737,0.9386930018700465,-1.8038973322397713,-2.0764906623384096,-3.0100619939029336,0.8440898448390518,-6.322623018486688,-0.22027506403225428,-5.0658317854493795,-4.324586809782081,-0.059555759224259264,-2.4307976794875814,0.7005680337677453,0.09874246858326963,-2.1950902092229563,-1.4720237194601267,0
1.144773062144286,-1.327099460504678,3.529323695198265,4.607840502946566,3.217575159495978,-1.5631893457881603,-4.4484854669510545,1.481683612909514,-2.542635989764433,0.19920259263042747,2.057319424804903,0.15981826738265004,-3.732574512296891,-4.711017954881521,-2.4145043161982427,-1.5222548356518413,3.2010691145277317,-2.5963715311178697,0.9414843950937068,2.191414376876336,0
-0.011143927605751067,-2.8965633233413772,3.2737236920764636,4.797687624939765,-3.5040669053082056,-0.7612592411324928,-3.491045001366702,0.1432587742025273,0.08369341517957207,2.4806655578622765,3.5653723813558815,-2.7648375119195894,-7.204309894513795,-2.3640558341223747,-2.0050928484298858,3.705435958999687,-2.6034693620182234,0.16337413481148777,2.011400023420215,3.1462587525365615,0
-0.9537718321627254,1.6111988944198776,0.6643432054793673,3.960384031757436,4.542887538477896,0.2917802210326831,-7.392886684302227,1.1032038254899585,-3.231140468997063,1.717394551251721,-0.7792744673825027,-2.489463868931569,-7.366072328972929,-3.504250241400942,-1.6292704144671677,4.114587021600862,-0.6961503971008312,0.42179704058209344,2.607389410275117,0.47413338855957443,0
-0.48387920070736273,0.08764869617738646,1.0582226306051847,-0.49237905013963235,0.6859115999831182,-0.34018720372599376,-4.289864492462661,0.26477004155156225,-0.18750832199267753,0.03603287309520233,-2.077069333823609,-2.1511134549327315,-4.8509931381027505,-1.8926765928545655,0.10649561365497617,1.374192326991249,-0.4144007933057211,-0.1644711792196319,0.02894408048942476,-1.1291263739844706,0
0.016025554057826102,2.0237283389959226,-0.5584877827060679,2.014274697198061,-0.6349984918456247,0.08327404080967064,1.7651509489792931,0.8290512237883249,-1.5725848526903698,1.0258649072351824,4.736286772060747,1.8246296575930643,4.100353817440873,3.2703190194981064,-1.2656206714475153,5.290450402827273,-1.5937459960415774,0.08756097332645396,-0.8270755290971621,3.9192000296410416,2
-0.2594660389602094,-1.0375584079105993,1.4872998882604365,2.7044278817968666,-7.843915885380424,0.09566306269328025,2.8231183640068354,0.0987932990519943,3.3525349399832036,-1.7509292109692913,0.9937495894074818,-4.941181497077769,-2.9440041266357806,1.6859347011714068,-2.621194958864657,-1.6267940105046224,-2.785312273601215,0.548984520432423,1.386440341043497,4.06719004070005,0
0.08709894621171559,-0.8608836138987246,1.2406589242646078,1.391278443912931,-4.510024514126002,-0.7557682024868332,5.485103909439552,2.36571394215263,1.2345812862859726,-0.7421897810239647,5.389539206883391,4.129404866246797,3.0767072740294514,0.9402301077241904,-1.6810897476336117,0.722534664568625,-1.2226941622444167,-0.8371525461252328,-0.01300239945330306,1.1503582100124374,0
-0.8815273087521788,2.078308578526431,1.5296435745413595,-1.5858531209486886,1.144414230053487,1.517303978255719,-2.560099378939861,2.334627994096098,0.9780094428812534,-1.3066692309764605,1.2923477021590193,3.0128404318310356,2.4842347344044104,-1.721822131621161,1.582168616809692,2.4912518247204547,0.6220520296286249,1.2109180473150036,0.8933600889702086,0.6327706921060063,0
-0.646323096593717,-2.4658244697679166,2.4955289671957246,3.6097362523764573,-4.263056359377853,-0.307814870678248,5.198980032024592,2.055002795122335,-1.8207167462140417,0.9230094817120237,1.9694026326679914,-2.511403814011362,-4.115844989224389,0.26850456383034227,-1.5582001759639659,-4.877686770914569,-2.7434373067274755,0.18654106888644828,-1.7001199921560644,3.1807605875378293,4
0.19222660488362056,-0.9233249638483743,0.2993991719833279,-2.5099452729713954,-4.077198430324243,-0.3153275846163273,6.847494945591773,0.11752427470800686,-1.4496445756685374,-1.6654283457428407,-4.2964461507305085,0.7986025691097491,-1.802995580523342,0.48929377650768036,-1.1746438986451375,-3.8563544913195673,-2.5956712683432617,-0.1972470122305827,-5.34079420614905,-0.1545943944260837,0
1.5140777947616753,-0.4110018303339398,3.0011006747493583,-2.3135552680179567,-2.470025138113075,0.06732256957209698,-6.042805873591015,1.2029052286971316,0.15967519547608777,0.19708161698214768,-5.887435789447207,-3.4310802211042994,-6.509605647107974,-4.530166296918836,0.03553901149881211,2.393242887629128,-1.4077386041574835,-0.5445305733392659,-2.3133780217923663,2.918658114415168,0
-0.18651150943560132,1.7063929904730086,1.4641742163429816,0.9137877996548386,0.2535058920259963,0.2557062084205562,-1.0423132636592207,-2.2899653914872804,2.53296657252983,-1.5435987161728286,-1.60509067291686,-0.8723147521869171,-3.5806592263156554,-1.292393038161334,-1.942095611543998,-2.2687415004709264,1.1376732228754967,-1.0198311408359797,1.5170780249840905,-1.9446967366343446,2
1.8476691021185552,-0.49832982224920674,0.8638960902099622,0.60517114700256,-3.8506654494589,0.7494605396908269,1.830215441474133,1.6425770371389368,-0.25972165434929684,-1.1194522185932698,0.12255859778120586,0.05997311863238686,-3.7278445585604163,0.05747367116981095,-2.687853090380383,0.6423076860778748,-2.4657545369585976,0.19744197623386037,-0.3127538537128236,-0.3985643277924703,0
-0.44397165052967513,2.022554558094444,-0.5927623802657835,-1.08279106922316,2.787222900574259,-0.09682974696492935,-6.020710851885846,1.6643914347070277,-1.1240910901326069,-1.0277602509423998,-5.754111920438618,-1.565599105349047,-4.932239641141374,-3.6565085567338045,-1.875363711135594,2.6008871164909673,1.0714592384357644,-0.7352075558555196,-0.10911127692117573,-2.04874747660195,0
0.5586183929439074,0.5569622534127323,4.964132824672362,2.430509924022148,-2.331078185098941,-1.1178215548083499,-1.1777463119589984,3.5995420442823196,-0.25322042677188217,-0.8333384988645018,7.265967052500306,1.2533467052235188,-3.723617534773513,0.5241859678810745,-1.9790747510852291,1.890064485150456,-1.3159535801119384,-2.1993382757465763,0.2824860764182917,0.20811025931984906,0
-0.5278050644142356,-3.4511510135152843,1.9407755311893433,1.6722441258277956,-0.35643647036771947,0.542396384639893,-6.1271890467058325,0.9004091992447096,-2.350367632421573,1.2717090927207668,0.09355375856502336,-2.569428738829025,-6.434417712366992,-3.3047657991635107,-0.14374334383027065,3.657072010853106,-1.2497962515480272,1.194863671116437,0.2413089290332564,1.7647417041143987,0
0.46521145025583044,4.006796982234364,-1.5444285781511313,-1.6369826741941234,2.431675126501715,0.9241659838348244,-0.4967886201511292,0.2881011167895524,-0.756403436414198,-0.3671332725507499,-8.21911410104825,-0.5347072661436969,-2.302865379850822,-2.8753597717356536,-1.025809275145643,-0.8874688657528187,-0.2628390329210396,-0.6081787020555726,-1.019662348811309,-0.5235483654744248,0
0.5197831464991396,0.5087291209164241,-0.8400935107000491,-1.7745965178229564,4.531642043924355,-0.6333338703406819,-9.699989585505152,-1.838575681850287,-1.6719964619437349,-1.20579126143964,-5.2206241658189265,-3.5489373705866476,-7.228970566426992,-1.9286300213246672,0.19361593303068325,3.030627450533929,0.5554539509989833,-0.9852135373957361,1.7312969667186637,-3.9702914084147842,0
-0.9038897435760297,1.104592189907419,-0.30654059154070024,-2.4784340722913747,-5.224479113464758,1.0790226402753753,5.450774605361701,3.8764078552876047,-0.7926369793330248,0.32234163540617217,-2.2507042822101675,-1.3838800054297886,-2.2953794691857623,3.0331026951271935,-1.3661765358805167,-2.5778511714516905,-4.0060040352760335,-0.8445293775525152,-2.5027102343801078,-1.032366699143608,0
-0.553600496926768,-0.7029868368176633,1.6838783749619963,-0.34024996215111725,-7.514655204181624,1.2884962614971935,5.917355383755359,2.981388792186363,1.0352077696974353,0.8386029922937202,-1.5612158981781312,2.0708721259488367,-0.6384913520791275,-0.12631970365617218,-6.4028079018626025,-4.4959563146195425,0.08625297655861353,-0.2611281752134444,-1.3023280112702187,1.0830464958578458,0
0.04542678696177788,1.7532145269169233,-0.15662915650621745,-1.3419529889188961,-1.6238388717990715,-2.2357599639472694,0.21628511908488912,-1.3550147532521821,1.6865403457769008,-0.4812022455572023,-3.8147620929269683,0.03997421115179667,-2.8263533681946584,-0.7317836245075844,-1.6447037896892338,0.26747188030905833,-1.2699840171548278,-0.953077788299531,0.4720243005707092,-1.5505418860095732,0
-0.4422142860251749,-0.08991853512643733,-2.891518682209063,2.897505498665361,0.20827073212964248,-1.1000625882411998,3.5281253569903583,1.0537371212788487,-1.323440820963707,1.0467742612787205,2.1421472013574436,-2.9726080361404654,-0.5810941941985073,2.3921263635640453,2.7421573499871874,0.6714144200131044,-4.518395814992375,0.27298536714256255,1.9053218240183027,0.47952838857719904,1
-0.28725656325245275,1.8489472758230567,0.022478839374994508,2.452243256265769,-0.02371570500043908,-1.0766862976599068,-0.3953662510726198,2.052758875101376,1.2969793725083045,1.5904750389689508,0.4621922231909635,-4.271347364410432,-5.390240871584476,-0.7014086609494341,0.8109825518071176,2.1427077358717033,-2.7753364496942234,-0.33663063744890237,0.07204884111497756,-1.5867247948922567,0
-0.8966305607723997,0.5315418687262186,-0.7618723177637758,-1.6588742801028897,4.722209383893046,-0.8153700040772143,-2.675069809746999,-3.5157231807499936,-1.860954310082497,-1.4937179995372265,-1.7253008356344732,-2.310820064932993,0.47509612004895607,2.070193359776785,3.201349749223409,-2.1272500479755765,1.1168343930126676,1.1444227347417817,-0.7853801913491978,-0.6542088265496577,2
0.186237759455872,-1.058412442280408,1.8614174834745059,3.2836370926951517,-0.35721844547293763,0.8519058598364567,1.2248737039434003,0.5583608853733463,-0.49148264685043896,-0.9283123873774262,1.392802840834817,0.636198055016377,0.08509928351522851,-1.9847527198932708,-2.465069939316232,-3.27035556757354,2.008760753636929,0.16510210881530182,0.3602038348956462,2.850461102435575,0
-1.102924429543348,0.480293057729995,-3.907054373830704,-1.501587350742653,-3.81266769241262,-1.8430096792888147,12.550995528224984,1.3095363132871358,0.502729980229139,-0.798553340407345,-2.8588302139716832,3.822084530407373,5.839715255429775,0.5399984274775236,1.3570602759322303,-0.9270837662389788,-4.087002663372067,-0.5737612783770683,-3.778474389454745,0.9892377279202695,1
-0.6203891283821137,2.4689888445009514,-1.650560504685549,2.09422476747954,7.104568256171718,1.4081956056130922,-1.6006416320963712,-0.9529747134594957,-2.9687948786810914,-0.7599298064504296,-3.6936224486054843,-1.8732520010292992,1.6348180295507306,-2.294861085633502,2.082243128854356,-2.1700926340195186,1.8135093497536867,-1.9029578330736854,-0.21224954113959715,3.3805450496839167,0
0.290784992124041,-0.36568162485877864,1.2254589866843788,-1.1739185950470534,-1.7372828121502804,0.8591717726737769,-0.9089168338591549,0.9898649000153111,-1.9590335650040267,-0.7296255742245161,-3.6213342769257353,-2.2334707540604155,-7.075205667680632,-0.6748048667253865,-0.9478740896352679,-1.4678956849973723,-2.8744361342851326,-0.21613375733764045,-0.8888444014817412,-1.1990897643183525,0
-0.0944019000033603,-0.1638345642848158,1.0496538666493576,0.8496513904836294,0.4591618350416883,0.3782033919638095,-1.5225061228932475,-0.0690437235803556,-0.8528524204548246,0.5036099386679256,-1.2834886825945877,-0.34151422957408817,-1.597121477056598,-1.5436335816026818,-1.566202186891286,-1.4657679151655139,1.0953553611681355,-2.2688978033936578,0.3450974191961651,1.2282501698762833,2
-2.0315773243111184,1.7012176773146446,-1.3136515389222336,4.122839248449396,0.44203724715605375,1.186278271231893,6.065566774596212,3.211406930706655,-2.2186228111917483,0.313926446629339,0.9222009020461372,0.7969056748550329,-4.0088320905828825,-0.18656652468388613,-3.0788880293635676,-1.78510232580699,-2.5711844428657864,-0.45534403524485295,0.17936247115281456,-3.0791500280662563,0
1.950734640782982,3.954628875387189,2.11274548428484,0.26853576615241503,2.8136194809610977,0.4967012552011479,0.34376458553618694,-5.895958868863228,-0.640407490594292,1.1023741392039126,-0.8778590311471599,-2.798269251350379,-6.767206577552581,3.1005506019326656,0.16188661713794628,-0.5192124936329197,-2.09604672402833,-1.628473857527454,-4.336298271501768,-3.0743000035998986,3
-1.107274854964595,2.5797462014211203,-0.767864586624085,-3.1078646323183676,2.6014027593020828,-1.6304341263274367,-5.776311148486262,0.5476501143223087,-0.010893415948826202,-0.9904857992476561,-2.742782355190651,2.7297032071662417,1.8023382695158452,-1.190127865194855,-1.6650291500795331,3.711027484296527,2.8391601773599557,0.1914641022280692,1.2881117586618762,-1.51817827757877,0
-0.309662772553346,-0.11369614451441157,-4.06458923423301,-1.8168881450086518,0.4549377442747855,1.2218332060949655,2.7447649185296012,1.4249640345175925,1.8384677096527842,0.5478962318033183,-0.4674148631373671,4.605430712664134,9.742178940423377,-1.0879298578508412,-0.5333753651031372,5.0073763427103,3.7835055253571017,-1.098839801543903,-3.245487959133169,-0.26147394545603375,1
-0.06945127464069274,-3.2986048109938295,-1.6665728572006842,2.888707065668231,-0.5369435250920699,0.43093034935080293,0.4502301338286029,4.077278492373408,-0.15689155583959158,1.5806935363234067,8.077592297969531,0.9389440582072317,2.1630262420477293,1.4371464501429898,0.6326153888460441,3.434296708822526,-0.15513561695001254,0.4305278694608702,3.1028444251642417,-2.338850285477049,3
0.1318483172270748,4.884034043970718,-4.595868000676984,1.0316190464249813,0.17170566865118003,1.1367480382451818,11.969336206467572,0.7029453497959988,-1.4412251923073225,1.790900881116404,-10.985443065187471,-1.3931526144414867,1.3929742479808682,-1.5490412674494578,-1.2723228463564182,-7.8840950369963325,-2.8257784353029223,0.32978970719458384,-3.2599412703955664,3.2592330418423625,0
2.2169313565903024,0.6585613334319013,2.652704549640192,2.348305601751394,2.0099629076231844,0.25036176833695123,-9.99473258052493,0.03663003895528372,-2.045034958047504,0.4477592456772903,0.8812358334042312,-2.8827156808157657,-7.65743105392889,-1.4909404865087599,-2.4214389981612796,3.9994623866392236,-0.09128284797682773,-0.3635943349263792,3.63608432427004,0.7333289427889793,0
-0.02227148334908633,2.244634706529051,-2.964128473697694,3.0412537555046195,6.431587100491538,-0.788972288604939,1.3705713896914262,2.2454251376431045,-3.7051645947041765,0.08070236141605219,0.6076262190865124,1.9671743614125172,0.006503885223803368,-2.3478019502288534,2.3903337239886033,3.9114997763114934,-2.06649356571055,-0.5780123951624045,-0.2278230274513806,-1.2559293774810407,4
-1.017901262944518,2.496067212349658,-2.7302690852563387,-0.5462619486303335,-2.9784176514349925,-0.159029224642325,5.081397519507407,4.615682391006876,2.1653207844645714,0.18396771916023558,0.5264713788243288,0.2446475757472586,8.507955034987196,3.470368307214976,-2.7559111297494665,-3.0342977654677323,2.5563770405216886,1.4513951751421157,0.818085691087048,1.8640638225559218,0
3.006580180746723,0.10574054540980138,2.1241718144144897,-0.1109762878778644,2.3909100444022267,-1.2153647780315213,-7.904846217205555,-0.1789687781749898,-1.9880506819998587,-1.625110262691299,2.5849074968494,-2.9181423037189615,-5.8808948218895845,2.029349518304862,0.012176080286498303,1.5573181853403915,-0.013474467547480717,-0.7430306260117617,2.314497275064255,-2.690318511218783,0
0.35177100715540255,2.2412332451173285,-1.8287817720449158,0.740939790789436,3.2325125772707723,2.4570933751477155,4.116503817160155,0.7002118203512031,-0.2507052971607756,-0.5788006999564078,-0.0928124421366157,-0.4191584003463954,-0.08872231561741946,0.41149271637408313,2.879630011348058,-1.2888598421577178,-1.5498360224334025,-0.7460071686959076,-1.4579763570032074,-3.1504151149343054,3
-2.078362960969055,1.0064660395368192,0.255895139387305,-1.133292231633587,2.0649052649281274,-0.3016962853467723,0.17573251252819058,-0.011505980721939757,-2.881172555789383,0.1455056555924607,1.8244583027147252,1.713748522642768,1.2839480406280555,2.228019621576524,0.6204860153693212,2.4295627106278967,-0.2852974002999378,-0.43712855701900205,-3.693390068907102,-0.36070721828917196,4
0.9969043313968593,0.11234161428542055,3.2384211578590922,1.6107818869883168,-1.6959242752109187,-1.1649556604829516,-4.671774743474856,0.6802052722494256,0.7233010033080334,-0.5773114607047838,1.7496306416905099,-0.6521797380593097,-3.3729803316225575,-2.2783737230461933,-0.7924629497134108,3.740349626164448,-1.150020010705413,1.5648853801826468,1.6863123500030353,3.284745495748619,0
-0.2400024024637938,0.9892211709652637,0.3698206816661155,-0.8605532172747599,3.7451922945136653,-0.15540531564275795,-2.83756655702026,-2.023005865034766,-1.62879746603759,0.08137164725418852,-5.377814249252441,2.87994179475462,0.9894846730483327,-4.143673520177068,-2.314329217072296,-1.4505287027207512,4.08375593319583,-2.1928382853795436,-0.974294660428424,1.4773700544166646,3
-0.16805866414140125,-0.432773065668121,2.103109587367235,3.0107869405798677,-0.6546152332344966,-0.136959466201888,-0.5325209793764358,2.5490607175664657,-1.3576393856723963,-1.217872568549816,-0.9546352419336152,-2.7210374698019804,-9.814397614648229,-3.252031779491256,-1.7055219848986267,-1.0142054949285544,-2.6566432660041843,0.7868880137776569,-0.10627641244110175,-1.9904968189787522,0
-0.8770339598357524,2.243317062994068,0.9792621103509314,1.7270095357060846,1.5690658059185054,0.6386606400854089,-1.641352627248613,-0.3701205793621114,-1.2611159027832777,-0.3224697241505349,-3.7328752242972114,-2.085676855022535,-4.153916461626794,-2.6873664305270775,-0.8917061194739514,-0.34847549053271176,-0.9942743572445851,1.187256489933098,-0.41514724968764316,2.537001022335697,0
-1.1653351635933518,6.0631896038533455,1.5542507027388854,3.6212200578927844,6.317532006612753,0.6413831774032035,-1.6528917422950689,3.0636093793185535,-0.858131103777054,0.25539910805492794,5.407674132519272,1.138788723932811,-1.5996775519505586,0.5707024467599924,0.7489120548670616,-0.5246864857153495,-0.09013891686860787,1.9646122498915382,4.131397863133897,-2.8245884745063172,0
0.002246107031253011,-2.7948899765230446,2.8942912039469624,1.7279355908032872,-6.128684167947958,-1.3049738308852368,-2.0772841804529896,-1.3066412884895882,2.200999365457056,-1.5278347284597893,2.645903689182291,-1.7178342255913743,-4.9979581339933725,-0.054565237425558744,-2.7651203735075085,2.8495336978094348,-2.019032120939981,-0.8211914106918087,1.6132500802760905,1.6562599097312094,0
-0.34836533077649456,3.327859149353272,-1.3144031267151002,-0.7085706055552405,7.418310847956979,-1.672894500021169,-2.965030925327337,-1.8784183898052031,-5.074121341619782,-0.9878185839475526,-9.183996063853744,-2.3406293986791544,-3.6124931766665034,-3.4352265793964176,2.425080874668315,-1.947489041744794,-0.8934201084220417,-1.2504534823075533,-2.0237959976353475,1.9952703875126152,0
1.2078030306900924,1.4327501833730625,-0.8377567402840385,0.13961890969644475,-1.9348466819994625,-1.006334207868098,3.541622167943924,1.041624684830904,-2.1429751899508602,-0.13147517695449942,1.6086580366443546,0.16463835929962034,-0.9232029594555695,5.17942369571947,-3.1594998125076823,-1.9700001237300633,-2.0251966777687236,0.7125337994102924,0.7162814418092378,-1.681007481258061,2
-0.5411597452250768,2.192395635851091,2.5406114261849533,1.029353205524041,-1.33051344294745,-0.39402474224177564,0.13706991530872192,0.09916450029208812,-1.828072432501361,0.11743656960918189,-1.530717041878149,-1.7651165789659888,-5.131927128341779,-0.20392111349893882,-0.8104823745327129,-0.17262905152896568,-3.700829898927915,0.8745466192015411,-1.2292921346496348,3.231087000335731,4
0.4602454152808821,1.8475897910686703,-1.5773200282295297,-2.1706778567633727,3.3432558669262593,0.3088784215487235,-0.5763270206277153,0.7520487087929191,-3.0719053658146747,0.6219303660266216,-6.135129206007414,0.23237860671762056,2.3786144491303656,-0.9099405043092359,-0.3720403791115684,-3.986320446407312,2.1521533033994604,0.9634546752323062,-0.8784802132027021,1.739258803434947,0
-0.4337329673113364,1.2729203651267125,0.712121887435173,2.2380858482613286,2.7741235514592817,-1.3525811955430032,-3.2555524091075814,0.89263783994798,-1.1626165192571463,-1.575222603206657,1.8546134491323645,-1.1652783119503753,-3.8629645418254936,-0.45782973865610377,-0.4475654866939376,1.4773690326743587,-0.22690021137527905,-0.23308884201799543,1.6863590788084397,-1.7189339258282041,0
-0.1831360995172441,4.841121240295337,0.7310582380013269,6.897082329825242,5.6778230658884965,0.12564123614751954,0.9067753138647224,1.6963391510075843,-0.7452687739788919,-0.7011222117290825,2.835528450697685,-2.1555574178914805,-6.391761331650943,-1.7038919352782738,0.03954731408917955,-1.6282004609117293,-1.8155429740473294,1.153454640879411,2.9973639908532546,-2.6096783652300575,0
-1.0219445691616111,-1.0701712333343902,2.5967034507880786,0.7360421271890465,-2.2499595539788357,-0.7489295316024224,-1.108196379257194,3.9013319026223816,-0.7319853478623538,-1.860433845962216,3.7615365741393085,0.43096341335615995,-2.4948513584912386,0.4107479799305236,-2.588338007592291,-0.38679405567048275,0.48399628211078616,1.533053682605455,0.2770026158984251,-1.082198194279028,4
-2.303186448594082,-0.4857905224341523,-1.81183975216809,1.4323113201290756,-1.012057910257954,0.10706058955443694,3.1837817417185628,0.618304296344796,2.521428932009719,-2.6539037865882187,-0.6209001529219829,-1.1230938239553379,2.3071724906861073,-1.749780219439736,1.15300122676806,0.95496776882025,0.0021121431180514127,0.6431339246764789,-1.1976823747953054,1.0893370517898395,2
0.8405780420884758,1.0390033147159894,1.78251743143993,-1.0641090036438379,4.198570641031118,0.6791829549066385,-8.118023862703446,0.9469098721497156,-2.144802707986787,0.12482834328481325,0.8027757298514189,-0.20057515145531823,-1.9637159541419806,-0.9343296369585651,0.5868868308710382,3.4843397607049225,1.9271725703781422,1.5423489533626462,0.006967052016497277,-0.7146799058612958,3
-0.6305552661946555,2.264090399401515,-1.7439156411661285,-2.868511392619197,-6.214140651515446,-0.11909625482373001,6.014933059817171,2.240752763295705,1.5865109298809585,-1.441285223722825,-4.850140068682586,0.9386499338882397,5.3513203100871,2.5635945002966443,-5.050679367432461,-4.027488136402311,0.7865528840727152,0.39448585855645596,-1.0278897622117147,3.092867504351431,0
0.6133768060328839,3.9849963386260843,0.5732512735516193,3.774184817391934,-0.42127777392569926,-2.055972388692753,0.12840099988719378,-2.6697608611877404,2.7045410494428594,0.2103622847489144,0.5008819877308858,-0.4859747355833851,-3.913015958415069,-0.21713619784170846,-3.019563148380017,1.6730049957862083,-1.9221993055601208,-0.21756724980072378,3.920131273340521,-0.16343888821442676,4
0.26780626147384884,-1.176256721048019,2.3593687094013616,2.1352519490732167,0.10324960473085067,1.1233337861108166,-6.6405941677085165,0.5991639201304231,-0.6940719260660533,-0.7697785321362727,7.346390767777005,1.6581350287860208,0.13890335769976095,1.1532240046719537,-2.18875661883816,5.23033228976896,1.5737489886671763,0.11001126608989063,3.867990200165532,1.1860157561405686,0
0.22397890215302094,4.350669805168215,2.678796455785926,0.48801557080563385,2.3947954503630595,1.5568988099865835,-4.653775560331598,-0.6870089751233155,2.6567791881161735,0.4018789866259651,1.0735483472919816,-0.7265305931874952,-2.3186839381839817,-0.8002863553753163,0.8370677659551267,0.6745043618105099,0.4054722955860286,-0.46877039729276826,3.135329849723478,-0.7048124488618841,0
-1.1327767195995355,-0.1806099138985633,1.1682463277177153,3.0693153664376958,6.628849810042909,-0.42853544773877383,-2.560524681729004,-3.509573579468576,-3.201495295699503,-0.5730048692797525,-0.5539235728562146,0.18812852165509808,0.617235543049379,-3.3591473306129673,1.783504407790145,-0.9063345124843752,2.5598325958621975,0.10591197389831508,-1.7239304914488573,4.0994396560649,0
0.09835848413707479,-0.5937295858916158,0.20926120677650906,3.2145857524275945,-0.9334565334652132,1.401358652683081,0.5338779126097671,0.5775356987496507,3.841956265999172,-0.8781799845835287,1.7545684531501056,-4.498461378650621,-0.8057766067742824,-0.34879159105153246,-1.6272567229682031,-1.8526667395444778,3.2592264369703687,-0.01462034273895484,-0.8066763521029138,-1.112502851418152,2
1.4110203672724826,-2.76097155751908,5.524740951321281,1.738190970381662,-3.540646606870323,-1.2818421611576,1.0093039059960294,0.02751851963247265,-1.9236460789593668,1.2296485833648432,2.8047538795813036,3.4273291950744635,-3.360670177807144,-1.86485457040729,-4.248348129138207,-2.4314803567298924,0.48631040415429516,1.8618102747487555,-1.9272291285063494,2.6682591458757092,0
0.024034520185425103,-0.5622872369992433,1.4588672692940359,-1.3294042126157732,-1.4990809477728069,-0.2627063817449152,-3.962353884631037,1.7210541497379181,-0.8249852422848798,1.1108389648836827,0.19513338775879321,-1.3290625735402188,-1.8748123387211852,0.7719282868480097,-0.6216936299823921,0.041090871763618364,-0.2542393614398518,-0.2752051654085539,1.7040876229884971,0.7987692464009335,4
1.6324898963736874,1.1654579411451083,2.594552418701021,2.1003944878332996,-0.3483377338335941,1.3054525763177172,2.5161648140095996,3.191940349657147,-1.800603966114489,-0.6681451797676539,3.022998533878081,1.2158937924973658,-2.748885768328614,-0.4254610850284317,-1.1168908347666962,-0.564499899623025,-1.5891047053441714,-0.7670375267488184,-2.035942097022758,0.0877892751088093,0
-0.934741205241802,-1.2890298136334497,-1.7191661499587099,1.2576408042498972,-3.0459939792574313,1.0062395567583795,4.304683735637096,-0.5623212508985258,-1.244988926318104,-0.37518506214532843,-7.442466318841752,-2.2290349073254925,-8.630773809950565,-3.78492350612891,-1.646838607181685,-0.3844201063544759,-5.4438044303577655,-0.6587776924022384,-1.6801999899211166,-0.8816681381265101,0
1.3712837059339225,0.03595910098273403,-1.9693180860146062,0.9232775422007309,-0.044733370241067494,-0.12297658098947159,-0.6988817296860709,2.337301399259022,1.2638227516881138,0.06137367767944925,-7.37361371918109,-4.343970463000321,-2.4985353355040982,-6.164480888564068,2.5138191152025064,-0.5115431586660553,-1.8738303752837302,-1.3491666901507713,1.220044329191313,3.1880518390877066,2
1.2477107633065823,2.7517717789604434,1.7195105666248118,2.097547693815618,0.19591287522993134,0.2275438208316947,-0.07008299666935618,1.5552745270554695,-1.379918590392653,-0.46918186520628147,0.45311444413243246,-3.0891421009379556,-4.066792334678083,0.24968665773403753,0.7848116325421477,0.8320194859702097,-3.445311734008764,0.40766743524434473,-1.0569186205908987,2.6464905845162274,0
1.176305321768407,-2.078876622205452,4.173390840544208,1.0398323920924006,-1.595135044699638,-1.7728347852985868,-1.2033796252868911,-0.44073687671742,-1.4855464572600638,0.791046075834093,3.4836835911122743,-0.33964183690464933,-4.892506707444922,-0.22830902410606368,0.08802738175135705,1.315420118292224,-1.7396767487366862,0.8987252431186376,-2.8154270294624215,0.8191615521093311,2
-1.0771920329016251,0.5573175650802145,0.7619640251157301,2.2848876884961404,0.03703575559972402,-0.04126871409466444,-1.0755733413568496,-1.4134527249860418,0.0896021638142257,-0.9072231319765071,-1.6909970222161363,-4.664025295476363,-5.97126033657035,-1.306734998859931,1.059741748242781,1.2198299359407847,-2.939268511901227,-0.8872637525586259,-0.9328863079987729,1.3273329504606926,0
0.14123276247086622,4.173540185814989,0.9784774958070138,1.1003514475929363,3.1543999881281404,0.92185037042883,-0.3536657395388622,3.6662446865877025,-3.1292206199933146,-1.312649255290208,-0.6629750631663169,-1.554591092121248,-5.139578970328296,0.40724686959776424,-1.0241384205184254,-1.8454670145223884,-1.3932900412001168,1.1460277143092417,-0.7850416907893114,-2.220606075597259,1
-1.8577109514317192,0.6246875705480212,0.25781999522865906,2.8170480775501225,1.7093404413420112,-1.1107211447182976,1.0390657250726478,1.7634148928089228,-1.6554706591617498,0.8897101816034021,2.7811525796970233,-0.18008973553721463,-3.9023961959777784,0.12818417969131946,-0.09323643797893055,-0.4856403452935023,-1.8910525599127497,-0.4317426573035036,1.4396058270909853,-2.7027492926335324,0
0.6527676617035097,2.2410084707784796,3.422423648533443,4.7908715330251646,2.2033737526748283,-0.1412873120899389,-5.542255019656818,2.0646239724072175,-1.7271606390177086,-0.5583009160358806,1.0855128704568786,-3.215364888060301,-7.052897232787768,-3.509508346448691,-1.2799559446380044,2.410615681143775,-1.1283170993199891,-1.407269859438544,1.2042470084061523,3.3698087151674283,0
1.3260461747770351,2.557168662415129,0.5123458364712159,2.1094898588075184,4.097216261544886,-0.365910969765993,-3.4811763318831215,1.6576833781600888,-0.6314134597766535,-0.5669308078376805,0.03066282614298466,-1.2821650454569449,-4.350920599854247,-2.074030389928563,-0.20927374437854307,0.6682037769135853,0.3742268774329993,-0.6461468268861518,1.7195406069556287,-2.5576321946129577,3
0.9234559414673909,3.4475047919169954,-0.3910340593021515,-0.656823785172215,0.9167896573240607,0.41749211714646367,-0.2199714828533917,0.36093443571915074,-0.4311179550733648,2.5514942146782857,-4.311757158237537,-0.0366049561093178,-1.1161469437331615,-1.1560962764905396,-1.535034513452774,0.21141046540607622,-0.3685742102792342,-0.8348756063284029,-0.7800145280505251,0.7189254795035822,1
0.5737737724280197,0.9361104124506939,1.6074087785444382,2.490552900412464,2.0200904213922244,1.5209996491393756,-0.7949273989907427,1.3382072338922686,-0.9058273188856687,0.8120350668947103,2.667847762488215,-0.7322379857167503,-3.2352489464715326,-1.0096171971424062,1.5089982913948359,0.21622713463447485,-1.5986982201741933,0.7649923456034087,0.93933744837407,-0.34309257161753703,0
-0.6459018357750625,0.9944021127247527,0.8332868831889733,-2.541298166200266,2.41485838284466,1.116562374310581,-4.140908380666345,-0.04554166574765306,-1.1206037101478599,-0.2664635602561824,-2.8174446691096775,4.265541142579855,4.09057822775593,-2.113590102052922,-3.2865959457776253,-0.46534115013953725,5.72579260032659,0.677608602170622,-0.5420807829239676,1.2243104996540375,0
-3.1159489087001697,-0.8149529312058521,4.648901060407329,1.1033694544435626,-4.710337199223459,0.1466372584241622,-1.7793224054536445,3.8711668484745565,0.712308018011732,0.6856035482183858,4.885940325477123,1.8968183601105455,-2.89973174375631,-0.29462832435728303,-5.042296598296331,0.7219117870402889,0.9867656520873227,-0.05366084756177673,0.6580951671750541,0.16091395663901975,0
-1.9708683229526507,2.2342010977364177,0.2026389053304174,1.0794111562947872,-2.0401052737357985,0.09556573185377724,-1.4531430850964393,-1.881746502078665,2.4810606814468135,-0.6715570267228398,-4.623545654753663,-6.751887006714859,-6.258674181752758,0.21400640220654044,-1.1008102923151726,-2.2045129677034803,-2.1144887465013804,0.8756587780480651,1.9708969499967832,0.8241724004196767,2
-0.5281334331380911,-0.44884353055823056,-1.7263009000945146,1.4096533813861616,1.4127239267350296,2.369904932375871,2.1620752087953448,-1.0818807379627282,-2.4338725575768754,-1.0304565317757852,0.5677806403706245,3.871311960370696,4.317185452698994,0.03460148412422326,-1.0915432825868006,-0.2730746224442473,0.4174213662088111,0.8500256981527803,1.8969412334356175,2.567592411771984,1
-0.4748779038278137,1.5661992982143451,0.035778345347530216,0.7720842166922627,-1.2730296230242608,0.2948378125036678,3.3117881722337925,0.999932691250137,0.023660664850235325,-0.2553010340262267,-4.565940313425692,0.12486843246230195,-4.755078454806517,-3.52715157235425,-0.5312642992031076,-1.0052917820715312,-3.608354400872094,0.6235897041922357,-0.35889254102594426,-0.10426421045447776,0
0.32738619050303436,0.2759997400278923,-2.2390944588071617,-0.8516577730123494,-3.5984339765252056,0.5526288509235182,1.6071593790378171,-0.10939425837018457,-1.4459737621409885,-0.41294876275483366,-6.052703741083167,-2.92981357572613,-4.404095379771749,1.1280700913361632,-1.7702205916087785,-2.149511838366531,-4.653768322158735,-0.394002503098352,2.8420514087876896,0.9919074399752152,2
-1.1222445341961538,2.0448659124794375,0.41197263215392343,0.3320926116647368,1.1413333590704908,1.408771408500257,-1.9346372553008533,0.3024021046678984,-1.4199090762266446,-0.5586577532244279,0.8085912370250692,2.8948355170355833,-0.4955071463692878,0.184260509498966,-3.3794285868020335,2.9636486736302823,0.7519909284227427,-0.15511015287204216,0.5034921017283993,-0.7650371417811692,1
0.004732485632645278,-1.0897327899528655,0.48984639974702293,-2.8427069450780356,3.9296171778708664,0.37354010238102875,-5.33382030923641,-3.1191568386522563,-2.491583626709213,-0.39497914255666466,-5.981213513641953,0.7170113726867802,-4.35083328313515,-3.804597830192352,0.2433750674114925,1.2851384549742786,1.629569039791071,0.48790273777538296,-3.0270390878871196,-2.4169113427870794,2
0.4562870816556115,2.1977377301390826,2.173311030675129,5.519549982974573,8.722447040568241,0.42832940620571797,-5.095415814309065,0.5807691196849776,-2.7118181012007123,1.1508200474191423,3.723262440539645,-1.2571424330010634,-4.776275049770556,-4.121527257919168,3.1296653194886037,2.947104134909659,0.2060525244463749,0.4100611773853579,0.13928735122333658,-0.1408579898585709,0
0.2669602417893005,2.5941555832678818,-1.0333351611816668,-0.24057297823473633,-4.845163815209939,0.5287983641607672,3.1259971203753363,0.4771580813076144,3.5514416750234634,-0.7421721930540489,-3.953895335975511,-4.9011687087833575,-6.7004738854293295,0.41694248433078496,-0.30827381796560616,2.387846217219794,-5.667338159724141,1.3955103882186328,-1.4422273299644537,-2.166122825171623,0
-1.9885931072763374,0.8608572925655247,-3.7373961157351534,0.4063211637969417,1.2222021597758252,-0.6734286318730868,4.456309015103166,2.923745617732395,-2.214229707115739,0.6020393299459316,-5.923406497731684,0.8164682617791685,-4.022538525280035,-3.5625589042506203,-0.8267634535804858,0.43644947797574785,-2.998235027913048,-0.11291977217467222,-1.5944746156162561,-3.905953186597872,0
-1.5788630356491065,-0.5244764787705305,-0.9519623700701679,-1.0441217962617717,-5.051658216052563,-1.756320267135853,5.84038661121924,-1.7727003758173372,2.0122972114240865,0.6922720599248151,-4.235222360950144,-1.978457109251227,-2.581872717589819,1.65230246935106,-2.384030023871353,-5.208076936651503,-1.8274702899348478,-0.5050451746834032,-0.6665105007269612,-1.6313330417216227,2
0.29890867729071147,3.84779612444136,0.9593530589144318,-1.227287537693261,2.5579015056637715,-0.7592362943615609,-2.2503951818130616,2.170805261184321,-2.8808702368321,1.0074425212393454,-5.318609887845247,-1.8667424444848253,-5.500646596758354,-1.6576944000770124,-0.27268971424242006,-1.0283279634140956,-1.663601749883933,0.6696549532395544,-1.7629379693822602,-0.358559270749809,0
0.04969759300267658,5.2349354641668855,1.2850666904490358,3.6603369000766923,5.144072876843584,0.9165652227744854,-0.2433982787295182,3.8433513129112127,-0.7711597575362915,0.9991087453710152,8.350817353158119,1.2957597163214212,-0.4954554665695632,2.912882412643523,0.47979757962522895,-0.14314663688410123,-0.1286201409750728,0.887315709963142,3.666960933260322,-4.050549236359842,2
1.2004398755507257,3.0532790152204328,-0.05888348205731453,0.24745730595381654,1.4767544032273268,-0.3324419652758686,2.9500271311195734,-0.9196027410605032,-1.710382207891889,0.7867430748186448,-1.6326998105157273,-1.0641465970945914,-0.7395328856309102,0.8984340131128661,2.1864898916022004,0.33424399402305216,-3.303125906142441,0.12082771344331586,-3.280469894830473,2.165540134384309,0
0.08389376324072735,3.7708742034249623,0.021424880575534933,3.7623190353677183,0.8474374205551995,0.52142168750878,3.524443047316785,3.088870396366415,0.8184475136380427,-0.8425373669722094,4.585052139862712,-1.3436159069224949,2.0963646714973323,1.6927388730058146,1.0676766782905305,0.4896323246094856,-1.4805828891393777,-0.6048265525295793,0.17375784291594898,2.0445030507697055,0
-1.3151082238245586,2.703250096358164,1.5393166503586784,0.7477945394329101,-3.2144058148582633,-1.0950698516384592,-0.6211611479739634,0.25617161703793545,4.036749199359863,-1.2768523814374269,0.164348642735122,0.02444884338042086,-1.455389728227518,-1.0151933761594425,-3.022707199286463,3.3845009080297412,-0.17236735390558644,0.8909473066934134,0.2925493603685849,0.46725195114263174,0
-0.49356480444128487,2.3257367688405166,-1.0860520638113744,1.6131524645391762,7.980606529511501,0.4674444299575125,-7.214950480900451,4.002714706018532,-3.9937924744134063,1.1009690624829316,-2.075996000073443,0.6193428187618322,-1.3389314556041254,-5.066328582336617,-0.5417041581330195,4.14817309333735,3.1042300911368788,0.3842372144756416,0.22577807699862262,-0.5819627895053198,3
-0.0829729056516137,2.1012584984585487,0.38695531346345713,-5.199306434005246,-0.9953865265501144,1.885223926798168,-5.1062979177114105,2.137255381632261,0.04779076220740963,0.36983444130798904,-3.3149134207657904,2.0135644423239834,1.439638043312462,0.3738304105389463,-3.2137235188753825,3.0047659180511026,2.674805269692006,-0.41568433028711155,-1.0997501450494762,-0.9887659242098298,0
0.04970814455331118,-0.8737267740729502,-1.1366264249668327,-2.3620758316113153,1.642268372258473,1.288958640298848,-5.193460195800703,-3.0808563383388683,1.622403519945755,1.9079669266368087,-2.310910206911774,0.2371927420853246,3.1462717237211932,-1.0559433317512341,1.2310544574074984,2.064582112691095,2.8918089589784985,-1.3354305975969731,1.7970062856860807,0.607554077469332,1
-0.5915876790410706,0.3319642807800026,1.0826018745860415,2.4956662446610256,-1.540623939721149,1.3605623321766505,6.212916213966395,4.64602961048318,-2.0906889574150265,-0.1556833330265392,1.1335772519050344,1.3984857454604995,-0.8656149865204331,-0.5539103797087999,-2.6941010553847704,-5.351864640082581,-0.598664475986736,0.06251213702137615,-1.111956462588191,0.5105336650396708,0
0.04075333606863285,0.7826656066524031,-0.1302084567779045,1.818197381401003,-1.496692540769904,0.8881806231368455,1.8990516613391941,-3.2180370094137976,0.24505916876764877,0.00029906622863039463,0.43284683801041923,-2.9247535961643263,-7.918679894289183,2.4453015428428833,-3.054302216966833,4.314236461509898,-2.9378886429879443,2.0540792057373447,-4.69628101286448,-4.756339267489979,1
-0.3054208529835494,-0.2542177755509405,1.5837642766944486,1.4003810033609432,-0.7468060409368354,1.7234638821107728,-5.299161965689247,-0.5210501184659653,2.2189136946196646,0.7038051213637843,1.8555093441911723,-1.4579978632764072,-4.155568543526067,-1.2028525159500645,-1.3883902214912818,3.4138651932654054,0.27838350092849695,0.659340964957789,3.044428368870139,-1.3387608741517731,0
0.4905037284106122,0.9938780878854738,1.5890999049362506,1.3148943779558808,-2.629097673392886,-0.9481421770879228,4.017498018229688,1.6051811176454305,1.1085604566569427,-0.5641445088171821,2.7812815927417245,1.8738597661981915,-1.2778391319467823,0.2411899219121345,-0.4626312539191877,-0.9969981370243786,-2.7046581593860433,0.15165527190158043,1.1435902445583201,-0.4627972054550846,0
2.1007829059348695,1.6207989931344562,1.9496260886746417,4.144985478243113,1.2718082117523934,-0.8162200923927166,0.6082335635379714,1.602015436105237,-2.9427966588685672,0.04400527457332456,0.5100961383952882,-3.0555277155286427,-5.190765460700073,-1.1346012218648505,0.052520126952467105,-1.0993826560661435,-2.921411225576975,0.43237237420278096,-0.9217481528111354,3.3042229962247167,0
-1.5066029184585787,-1.9209666015436002,2.6428656917788302,3.4282070135082394,3.9170772095401856,0.4670347923175922,-0.36343019346957056,-2.011413333349274,-2.8552384450666626,0.08856194384866686,2.315448119841646,0.921843691967946,-2.44555441576597,-3.102117804672476,1.246231631928738,-0.5222318703451181,0.8796599458357008,0.1289941612374729,-3.039050871803592,1.3829965379916431,0
-2.553124804720991,-0.187508342161411,0.9546467415593267,0.25393954949647124,-2.1213228561125512,1.4763887095906,0.6293131614178228,-0.8086282174259403,1.4475844247669318,-0.2646788306983342,3.4881057564727165,0.8973469277372106,-1.7316684554235986,2.22822228370087,-0.6236528490381399,0.3417527841785416,-1.6291848722517044,0.6640085992939947,2.5150646772691276,-2.560088329256774,0
-0.4228456983827655,0.5915591580580178,2.095562409852837,1.8662492567762672,3.0793582219421665,0.4038085256984915,-7.303729707937622,2.7450547352565264,-2.415880619622528,-1.1855551171382204,1.1424955996723976,-3.551352959705082,-7.1471731495733275,-1.4876790585796416,-0.5400911833563022,1.9912656954791808,0.15753892188258312,1.3954255062000651,0.9529312090422769,-1.4820399937086488,0
1.1113518669933116,1.594266963784937,2.015818756544493,-0.01894394589125925,-1.9947811729813376,1.0545940642878193,2.393905842885464,0.8892692502149947,0.3488134206121132,-1.145291020209936,1.1596218254030282,-0.550797191746746,-2.369070012373617,1.9178090998455342,-1.1152559150296815,-2.4590501890933525,-1.3912022989857216,-0.23146383251895342,-1.040169050850805,-0.8678479251190856,0
-0.3337544627912962,-0.13875665290643902,4.953026964758105,3.608689994459796,-1.209374052008408,1.1747959349974584,0.5812614294493258,0.6931929124554945,-0.630047389446815,1.2248819158642372,5.276053325556652,2.367148612319001,-1.5196079553334507,-1.5100820087759885,-2.2937344887481794,0.11789381901615248,0.3293486596644619,-1.6483716239130364,-1.335079434616191,3.380582002855192,2
-1.5713425742226215,1.3853107389740358,2.12949282445582,3.366462171465141,-2.5091534277947964,-0.5299547266707065,3.179854824020441,1.0131051479043616,0.39933369538109886,0.33883513526701114,-0.35324929961662527,0.013098380041984381,-2.111200865658817,-1.946872742625605,-3.4934831920764218,-2.2161925571272443,-0.7157633385281226,1.314220585264144,-0.3584333605869009,3.525609859325312,4
-1.1157485103789782,1.3986135035700231,-2.7657500712034255,-0.6202283896297347,2.893429694494989,0.1314161142204816,3.4275408211511302,0.6200707130729585,-5.261420478415702,0.2089862845275525,-10.293462769412718,-3.201249012542689,-2.8620585176028235,-1.7433968203986037,0.35377684313200897,-7.373037170215755,-1.8084287890815347,0.23626393695633352,-2.1620544567470534,2.0429381530246924,0
1.44641298775778,0.07376770576598268,0.7619406818322145,2.3250960371128544,4.095779362217319,0.16488596680360645,-6.252098951841539,2.391653884033941,-4.303821891414602,-1.0302679571818611,-2.764212100333479,-3.4135364464248825,-7.378376357681389,-4.406898658984368,0.10153696050261884,2.8547750925796276,-0.9189572436854856,0.21718730728048394,-0.8781230879484361,1.0068368417077083,0
1.116689641377125,-1.576063967311276,5.102038051097052,0.6869024043320828,-1.418533869578689,0.12856159561763905,-6.209838738405343,2.9795944627451796,-1.1157793013642283,0.908564506863392,3.9256512707186673,3.8347441910515307,-1.324591530591495,-2.139897627813032,-6.105142313062566,0.1510775415351755,4.785076308440472,0.11566495588273362,1.7569890204447272,0.9937726965001931,0
0.8959373945411511,1.5979423008433784,0.007756153534775656,2.8437186186555046,3.139454306712286,-0.02264963020743062,0.6264500929171966,1.6919130365919108,-3.230633249807597,0.9053248087607685,-1.4309483457059005,-3.7610086520504438,-4.0296533988770955,-0.9712156083196879,1.8335830655917476,-2.378455052244254,-2.4347520741904667,1.1812537447638027,-0.634034991083627,1.708121046827786,0
-0.38787583832958633,-0.7762788092352244,2.2494544382202943,-2.6022943783785575,-6.704589186430463,-0.008314212467998452,-0.08293945316076036,-2.156434601149509,2.843556001897653,0.8210058599325499,-1.066643929313927,0.03277377610994958,-1.86581256027811,1.4724402834516215,-2.4714436726298854,0.6817108997983342,-1.5515567255112908,-0.994509615173678,-0.14033949597929252,1.0269121111337016,0
0.6603132145154289,0.012675301444093456,0.6727550147379138,0.5865683260766279,-1.5007306219846692,0.23396056982444136,-1.8778237534233009,-2.431406302079659,1.7299347690627829,0.7167900250015904,-0.04687272303423921,3.4017752544146447,0.27189801718372797,-2.1515230600508093,-1.0315693988864865,2.102350812218865,-1.084601641585573,1.498044567573533,5.451537903858562,2.039535946067878,4
-0.7743730728869495,-2.4106078532762076,4.653785508844782,1.2183138612474822,-2.0002100404498893,0.1937963591316174,-1.024049460536384,0.923755642906811,-2.783369704792374,0.611083327594552,-0.257062856547152,1.700486928371427,-6.160566377864487,-3.180256229480423,-3.869747156904129,-3.209949368303904,0.2090182450745084,-0.513535305381911,-0.9677665172790121,1.1428669720654605,0
0.9157219441659742,2.995578546058656,-0.14844141492409335,2.9417803119688424,-1.9010771781793867,2.418127321923159,4.395618364323819,0.9110229154667481,1.11191397112559,-0.3394924532184028,-2.4678220863110085,-3.3055006591521012,-3.5858834110404696,-0.9581797425321956,-0.8097109764008681,-0.8580532318063072,-3.5537321705320157,0.6824105435616915,-1.1287726029853018,2.1665648720872492,0
0.01062798306253543,0.00035160610605766696,-0.9093333778310357,-2.953590108301039,1.5084297405820577,-0.7929374137549088,-6.526831276776807,3.157537698156777,-2.166735266538594,1.5423451828678492,-2.022625128966687,3.0141877683685996,1.7272314811275955,-1.6605818357488538,-3.46646912235218,4.8320305309244365,3.803090127617148,0.1973595851589234,-0.19697155180115722,-1.0659292058474685,4
1.5707097429320627,1.1690965342386799,0.269498036401306,1.3345909942228718,3.2575969280807686,-0.45387571678033206,-2.5938316381966557,1.8385471438914376,-2.0617383773820865,-1.3981715012518783,-3.897636105548615,-0.5078365388243227,-3.6575001822362228,-4.065056690014544,-1.9913965207642137,-1.8778918685721404,1.6960614815369168,1.239408572285255,0.3921081871165608,-0.4228035652796269,0
-0.1714424894694722,-2.5893491874978944,1.2254622014670677,1.629384048540147,-0.9722129031042114,0.8525321208849549,-6.355954419654549,-2.0139167032185936,-3.589745598962806,0.5320436975973459,0.1427545642050451,-4.889687996127956,-10.264772262211277,2.085468159915833,-3.691003557144298,1.724134732557764,-1.8646688716517545,-0.032832207247307274,1.4876134339020353,-1.6441213420357554,0
0.9119761287638298,2.0199107383500863,-1.4832297327600221,-0.8547960867043913,-3.0082952501899336,-0.4670346615642825,4.409457548146104,0.16608207370230843,-0.9463786625546939,0.38568917466158276,-6.2351841587037455,-6.553499462766071,-7.027912704767937,1.704385361044158,2.041680624590756,-1.4103304544777042,-7.500192166661823,1.0287536803251258,-2.8982081021201305,0.44346125445265727,0
1.669951282978696,1.5485201239090411,1.031277906046519,1.6969259783212567,-1.8494186403213817,1.521450157169277,0.5406591285256683,0.6819510836631769,2.005160441618908,1.0054133002314873,-4.133981981436098,-1.1137780933597545,-4.326549691324918,-5.222261607789199,-0.7088367809740714,1.7750667012064487,-2.345660503357032,1.594472614737505,-0.6435846060403345,2.330004595977355,4
0.6982216281857747,2.172560416824611,1.3060898963699272,0.6970121823052428,2.3108877063249733,-0.021596921950878915,-2.7776476558237655,-1.824055912738209,-1.9457728386228919,-0.8017900546219586,-2.937984084963562,-4.491736622359669,-6.878884651279544,-1.0479984015599138,2.9869628354688045,2.338384039693722,-4.24637536750521,-0.7060589887612834,-2.3384508745320427,1.67985910921507,0
0.0008338917062271256,0.8532951683578334,-0.4555005703578501,-1.0603916046959443,-1.8638677685861114,0.6218700724910032,-1.4120289788088687,-0.5198005612964314,0.5492069546067436,-1.4218815971778893,-2.1523674924637772,-3.2481023916156855,-2.408804023698291,1.6450566195785834,-0.7371094701518881,1.3170783602381484,-1.4406302818078636,-0.5637538531431389,-0.44234635026705305,0.15568998441402437,4
-0.019709288397913523,-0.07597022105573381,0.5619349989592268,2.923325119068303,4.19491477945988,2.3940198149782845,-5.39794315652821,2.0688320359512598,-1.9387560348612136,0.5208136122458716,1.0644556628459456,-1.927029605647836,-5.941341032802646,-3.126363614563422,0.5511645161453826,2.2206892580483304,-0.1506521507135764,-0.3842452758373768,2.1618266249372144,-2.2657163035759447,0
1.5825518837169692,-1.2403718741757261,-2.2212698452254926,0.6512470103785024,-0.6200581348300194,0.3798311440874944,-1.8035992865694652,-0.7248463525480437,0.48462044380025326,-1.2105586463055116,2.1714162526994776,0.7527647441045584,4.215173928291353,0.5498544387151263,2.402079390485563,4.668998866589797,-1.9185602490491682,-0.6595695388808838,4.836384631538184,3.5818024553553993,1
0.774206089861576,1.3268532267926152,-1.2532532568547476,0.6723199915228092,0.4677578711242055,-0.9100940390980373,2.0490172684401564,1.313778944165281,-0.31811113447735584,0.6558628245023654,0.19957589150460356,1.0726427007056492,-1.7874348038654828,0.4499462266439993,-1.52188106017752,0.18142426609338846,-0.9764409640700977,-2.0081998107660075,0.7087471490236514,-3.7041192748601364,0
0.5767839623359914,2.248354073268014,-0.08855428128742471,-1.5658643339491336,3.113779718377791,0.09258941926093299,-0.7195788366298215,-0.48043421984732726,-3.484470310534302,-0.019560168939195488,-7.50270155636798,-0.4149795453648668,-5.298534372498036,-2.9120675042907145,0.1160504157721074,-1.7024472616473616,-1.792190352668011,-0.7759873724208194,-2.346354767935646,-0.6870788606068299,0
-0.8446623290020688,-0.36478870646180983,0.08811675571017252,0.08880968652612986,-5.009705839897339,1.3015410333900574,0.061119166300527376,-0.9319278585831439,1.7857613913412964,0.13386939173181056,0.03739936081484172,-1.0544714723599409,-3.043925646801849,1.3510882637710402,-2.6902275865851193,3.363759176447921,-2.691607089228551,-0.2860331305695146,0.944498459581393,0.05023864535718481,4
-0.14069470338218223,0.33363945148519614,1.9462484674180531,2.688191923648483,5.522837351434533,-0.2076445049634923,-5.203662089958656,1.4068155722813709,-1.8833002826603646,-0.684544365448715,4.39773468096358,0.7232530315150816,0.250608380730795,-1.8604902170169446,0.7896500809582057,1.406766302933225,3.248668010468138,0.6343919791100927,0.8168422801728206,0.34792627240260765,0
1.1412714411637652,3.1218386251312364,-2.130966428004924,2.2163239980157257,7.666005446823141,-0.18532335635128044,-0.7467037336895667,1.2734594697262478,-2.7430202646980884,0.16293366441950527,-2.4899981095794113,-1.063242890558292,-5.4933536832996985,-2.194253758287834,1.0400664531600596,-2.0332188475531425,-0.4372818117973736,1.3747631356160688,1.6614298362359352,-6.160739146708067,1
-0.5976695927556444,-0.6551604983092392,1.7626938555429073,-1.3355914989653805,1.7461386502880036,0.4318562007583626,-6.476446180237786,-1.066054691497634,-2.66617072424898,0.45314249767082204,-3.4530353860947787,0.19877526420632918,-1.488326320140135,-2.111167813221236,-2.4330905849398334,-0.32817214762236613,3.0893795552659107,2.7211335436327935,-0.17700402488771894,2.410262942807935,0
-1.797639807236755,1.559887633372719,-0.7105025959210884,-3.3419860936484396,1.1352953268856432,0.19818859428439908,-1.746648298606842,0.8592716609430588,-0.40164220403183504,0.10764366713619469,-7.228177198063888,-0.34208531356171945,-3.1599569935140353,-2.9208479203528785,-0.20707138959345583,-0.5528268795756901,0.04329797164579574,-1.3336463566021994,-1.6896021381752964,-2.442188603968697,0
1.1729887772281384,2.031117863447074,-0.9910375611788904,1.2634453637319478,0.003876854650144162,1.156955890850824,4.401917894028943,2.528432341552964,-1.5666306804434968,0.15542663251849229,-1.739860568871079,-1.6270160926122785,-0.2663489160550004,0.5505441187999107,-0.27769389986444504,-2.9313906691170093,-1.6837685633736008,-0.8469721005354518,-1.5641885411031295,1.4105089942917215,2
0.1305224576036408,1.1449450211129022,1.1636639771395223,0.24084573928726283,2.156358495216257,-1.5523861084883046,-1.0357011135587486,-0.4572778724201536,-4.496881078798911,-0.563311124823587,-3.2975071283007305,-2.599084272953018,-4.9316295727789194,-0.4865525718980863,1.2548165299708498,-0.8721706285455333,-2.9698610317624947,-0.1996883814525705,-2.7664933003686403,2.557503689885936,0
-1.0851663211038924,1.4784522555009483,-0.3677445770862122,-0.5380222043127458,0.37245897544472056,-0.9499246437962541,4.719269691121195,2.314152003283942,-0.8454820364362498,-0.25065057443684424,2.5438237747310075,2.8163067367911623,0.1954701981253369,2.3195483865196356,0.49854905751878587,-2.551582542245017,-1.7910493945148769,-1.5290056365971425,0.5867130072363513,-4.329442845932375,0
0.5101797436751645,2.339283957646482,-0.6361754368363792,-0.3954141090331642,7.786308029524612,-1.302418198804135,-10.632414238339111,2.2601267689256375,-4.492241193449306,0.3354386730587683,-4.280759548335756,-2.636450877256061,-6.026139262082934,-2.7989718837579365,-1.3976724310873918,2.655309461304575,2.9026915346997186,-1.4407334049663616,0.6133733855852195,-3.3792602794925135,3
-0.0858503850354019,2.3490236264378703,-2.5490929849613084,2.2190884170868888,-0.6769120608302653,0.01212122309211662,11.257818869844028,-0.2609691273690229,1.9023838777976958,-0.7043015860295693,-1.1345118814382995,1.975280978551099,0.7510796971413073,-0.046434478153571046,-0.1293596933814276,-4.102583234627724,-2.6586268529938524,0.8223833338108787,-0.8428030994704572,-2.957901025584834,3
-1.0075493710514278,4.445600138515361,-2.8946149709540445,-0.5789830034082402,3.4048886466340096,-1.1877928708470822,1.348278858439204,1.1900130460234777,0.0979568572928522,0.7553593749568626,-3.1914302230776856,-1.2161041500625211,2.319377778295518,0.36839411872160355,1.6716791168503438,0.31016704396828043,-0.255295192106031,-1.1173733269710004,-0.8077563258034197,-0.44099900278193616,0
0.6783490301314178,-0.09284846856624918,0.45776727819252494,0.5221115647769229,-1.2769207594077114,1.7754419096780154,-1.3106947331187249,0.05141002582795162,-0.9925400823973725,1.1139658216309158,0.5289941849475986,-0.0911701743338984,-3.160216975274586,0.8985213272292185,-2.6884957094138526,1.4709302385807645,-0.9216785547291246,1.1350443777750294,0.8132461067316294,-0.9090771124887397,3
1.1337999196954365,-1.5285430040548547,1.9067451573172018,6.074290373310033,3.648126534883239,-1.9922347915346175,-7.195686112142025,2.6288243728329226,-3.9767301099866184,-0.22803171629040137,1.5457748675643879,-3.8736028382724523,-8.936970329769443,-5.48364281413933,0.24330502527686537,4.7486297635883865,-1.8340322606286046,-0.7722086629675899,1.4747703576904398,2.4676457594028998,0
-0.7122930972950344,-0.32489773771282593,-0.8744256326508149,-1.1582816394383566,3.2089933323120348,1.4990176492921565,-3.464439201064656,0.24851373409405697,-4.006178458665174,-0.1383703402015735,-1.7434681275903159,-0.9000502377667308,-4.012841928154682,0.9513394519168823,-0.8014855673470554,-0.17977233902244283,0.2077854794017473,-1.244010015336113,-0.1796608042868688,-3.677857618802341,0
0.26098693032031833,-0.33604971072523093,1.489069126267145,0.7532154767731069,2.3065093493501245,0.227855960512026,-4.431639520907798,0.9756144076769915,-2.6400387850662774,1.0751707322839845,-1.7891367414415678,-4.141432294894946,-7.869206864400823,-1.4353432158390287,0.28197697390742094,-0.7863403426901641,-0.8395295895930683,2.0946514531061515,-0.7471087072506082,-1.8271868489821363,0
-0.4438979873004992,3.241314072758156,0.1225923789626584,-3.2038297191928287,-1.1368151238547235,0.37580399423042776,-4.439174669204343,0.784527957456335,1.7412735085590763,0.32371015180045104,-3.479641998191057,2.6246450250874562,1.2136596498333894,-1.0935930903100857,-3.927518387204888,4.027980249164122,2.0492818570953184,-0.1229884575377515,1.00915732923688,-0.06509534023114638,0
-0.35486759022840525,-0.1993132478085491,3.1732937140646578,3.1152003410963665,-1.3289494911513071,0.15359833462117164,-3.2833942052130265,-0.8275722341799925,0.7402620229758579,-1.5507398772097805,1.4584884434680847,-2.9470605579467657,-6.21189932838648,-1.81732388293038,-1.085206318369508,2.1486288343829667,-1.4964872612707718,1.3946531869947891,0.4358688869432408,1.9531146325591,0
1.693418819678781,0.8903332368946504,2.649628272483611,1.7618499089066564,-3.7418345162901465,-1.091965840285991,0.2822047861719852,0.5302028214286907,0.760200286534513,-1.468815206629401,-0.35946772765550367,-1.09085471421356,-4.850071394320162,-0.9878787198637857,-3.3317298798615815,0.13266898299260355,-1.9082384135189923,-1.5113008715976217,0.005976603235328337,1.9111909685968618,0
0.4224848372332914,-2.20887717577878,2.1102771264981386,0.983065684333515,0.788374318084835,0.2633119981877094,-7.689207832750048,0.051017872324553126,-0.5237716775422339,-0.47408918735476224,1.7853646540004584,-8.184956069330052,-7.2339639583534945,2.8025782616981108,-1.528950170873237,-3.347256393499279,2.952078037829996,-0.02755431025547693,1.2085557419649362,-3.193696826848801,2
0.8735254743531207,2.87685404821128,-2.768990422673842,-1.6764911622832916,0.4841262442510734,0.2809151756544448,0.43047649146922384,-0.16407673553244373,0.9606879920365275,0.3851094265085037,-4.679409130982339,1.796231116927184,3.609864420861866,-1.555932438082126,1.2298312835838727,1.7331297585225909,-1.5590452754730424,1.2065786159419862,2.817566590587977,2.369559660024213,1
-0.03275088247669162,0.7144468302289264,0.3756103665338907,2.984147499182554,5.765494487620806,1.2754099352785402,1.9004583720644612,-0.9476481724384274,-3.5651328398588165,0.0462238943195106,-1.6434804760366475,-1.255818803574459,-4.583169428285208,-3.3297314978433454,3.570790752366819,-1.6753598162069105,-2.1393813070135552,0.07708482409500496,-3.314934578242965,-0.20322001103511078,0
1.1355637492015882,1.1223529383081239,-0.3424800346229613,-0.7647124098016485,-0.942522542872992,0.2692418249986778,3.699251717720889,0.8131957204845186,0.38805433329246997,0.30486760481092573,0.07838664717169597,1.0885345278870022,2.541795246458526,1.129752369998117,-0.20764314277341955,-0.5267273853860419,-0.006054539189286223,0.6635636615236761,-2.6830786561137687,0.17143614850677624,0
-0.5300180969716489,-0.993560426592148,1.8129444707208027,1.941509591080612,-0.007393223790175069,-1.7582980880968264,1.3368958841020857,-0.13683220132576168,-2.713805316523498,-0.7459503436493445,0.0714546739937039,-1.2125217076534387,-1.7153048749839408,-0.44809508471652026,-0.2200280883638478,-2.8898471546059,-0.697891847496072,0.42175654612775826,-1.9219892250553192,3.577965213098855,0
0.21980915067895304,1.5008619535716488,-0.7855823648451081,3.3037223585368825,-1.71790471098987,-0.12618945591571615,8.304723815288433,2.259326038168486,1.1899138458640772,-0.5589056007547799,1.7745321102329394,2.6555027529620334,0.11453557145539117,-1.1969561285782142,-0.9737128509094042,-0.8063108837724935,-2.76817342162418,2.247742907516433,-0.14737776523682955,-0.9279066074240665,0
-0.9660349645779546,4.646183459609652,-1.5622820114141898,3.1367553043037537,3.5075901362208417,0.2993689610301794,-0.4424439939004124,-0.893875134819694,0.18627484959991691,0.5305024377744528,-3.1843389270794424,-1.2487713331841872,-5.858545755676403,-1.9890482647581202,-1.8907331124692637,0.9612754696297784,-1.8617323607843579,-0.804272316727873,2.8555170030792576,-3.045104092079422,0
-0.1516908545276689,-2.084708117297572,2.340799829357114,3.1535061868693024,-7.58065687479434,-2.855675461130052,9.37535995407577,0.5589300987303736,0.3960818196246396,1.4454025754748627,0.3813781678382792,-2.531184294958372,-6.407212208278304,0.24877218754037544,-1.727601078038108,-4.169180983297785,-5.7625594624820735,-0.22939212216582058,-3.4629882291159744,1.8395981862878599,0
-0.06085368274200603,-1.8418014306837782,0.5998733327479948,1.9368944559909527,4.255450691340284,0.8966994892570667,-5.445536058643898,1.0292798203039264,-6.0610214036321945,0.9764865127788058,4.192124848019086,-2.762468861039562,-6.822076126179649,3.3348644764693134,-1.1584012356293052,-0.5114037326703753,0.09119596687816056,1.380785786697017,1.4839101084784139,-4.559135008026586,0
0.4450601859327594,0.11805353763290072,4.774453463760645,4.513587670268844,-0.536719438118253,1.8413130277173524,-1.2653885095066537,0.15235736278658474,-0.45561031767913596,1.1788189731820586,6.589862795174762,-2.7632877716426103,-5.689249150545568,1.211656835963626,0.32069256556807746,-1.4798417511961497,-2.23885639618411,1.037509052437578,1.7665820528766853,1.6351461810172143,0
