dataset_name,group,gen_base_type,gen_imbalance_ratio,gen_n_classes,gen_n_features,gen_n_samples_test,gen_n_samples_train,gen_noise,gen_noise_scale,gen_noise_type,gen_outlier_frac,gen_overlap,gen_spatial_distortion,gen_subsampled_to,CV,HDB,HDB_mean_f1,HDB_std_f1,IR,attr_ent.mean,attr_ent.sd,c2,can_cor.mean,can_cor.sd,class_ent,cor.mean,cor.sd,cov.mean,cov.sd,eigenvalues.mean,eigenvalues.sd,eq_num_attr,f1.mean,f1.sd,f2.mean,f2.sd,f3.mean,f3.sd,f4.mean,f4.sd,joint_ent.mean,joint_ent.sd,lh_trace,lsc,mut_inf.mean,mut_inf.sd,n1,n2.mean,n2.sd,n3.mean,n3.sd,nr_attr,nr_class,nr_inst,pIR_cv,p_trace,roy_root,sd_ratio,t1,w_lambda,cluster,dist_to_centroid,is_representative
kaggle_fedesoriano_stellar-classification-dataset-sd,real_kaggle_multiclass,real_kaggle,3.1351,3,17,20000,80000,0.0,0.0,,0.0,0.0,False,1998,0.5548496370076311,0.2615292743638281,2.635700664211066,0.6893128821513799,3.1350781198496933,3.313456665973775,0.8892454567669041,0.2408175551954419,0.68032074839588,0.2096145575236036,1.3782242084102587,,,0.1291066877542095,0.2241742709479984,0.7545479440534706,1.1476422084012856,9.9413685278022,,,,,0.3899090966349598,0.4089620759103692,0.2631323497201849,0.3908057203179294,4.553045614605072,0.8754322217017515,2.584540418753172,0.9963461960458956,0.1386352597789623,0.2339583453092768,0.3768768768768769,0.4160713878334882,0.1139347559027209,0.2222222222222222,0.4158437876778876,17.0,3.0,1998.0,0.3693602804729398,0.9696109041216764,2.1895847525796786,,0.6391391391391391,0.2247529745104858,121,0.43654521065504936,True
kaggle_fedesoriano_stellar-classification-dataset-sdss17,real_kaggle_multiclass,real_kaggle,3.1351,3,17,20000,80000,0.0,0.0,,0.0,0.0,False,1998,0.5548496370076311,0.2615292743638281,2.635700664211066,0.6893128821513799,3.1350781198496933,3.313456665973775,0.8892454567669041,0.2408175551954419,0.68032074839588,0.2096145575236036,1.3782242084102587,,,0.1291066877542095,0.2241742709479984,0.7545479440534706,1.1476422084012856,9.9413685278022,,,,,0.3899090966349598,0.4089620759103692,0.2631323497201849,0.3908057203179294,4.553045614605072,0.8754322217017515,2.584540418753172,0.9963461960458956,0.1386352597789623,0.2339583453092768,0.3768768768768769,0.4160713878334882,0.1139347559027209,0.2222222222222222,0.4158437876778876,17.0,3.0,1998.0,0.3693602804729398,0.9696109041216764,2.1895847525796786,,0.6391391391391391,0.2247529745104858,121,0.4365452106550555,False
kaggle_uciml_glass,real_kaggle_multiclass,real_kaggle,8.4444,6,9,43,171,0.0,0.0,,0.0,0.0,False,171,0.7657246611507086,0.7010892446851781,3.874047790435896,2.7160532392709853,8.714285714285714,2.020236787207317,0.6116525388703461,0.1372331877058992,0.486389064294164,0.2857533252059148,2.1710541960089595,0.2290046708149818,0.1837347297958715,0.2303517571138935,0.1848155223240825,1.0058823529411764,0.8811521942056627,6.068056616138217,0.7419480748914038,0.2316904764316221,0.001884163656849,0.0058103060688155,0.2397031787482429,0.2752893252131368,0.0534228734228734,0.149205713058694,3.833506879779442,0.5544149637204395,5.559608043452918,0.9684005334974864,0.3577841034368338,0.1487793387899497,0.5263157894736842,0.3972742805979277,0.1545564107771633,0.2923976608187134,0.4561998849773195,9.0,6.0,171.0,0.6404213726292659,1.509491460789712,4.600887969985146,,0.5964912280701754,0.0797571683933483,51,0.7268343706752691,True
kaggle_uciml_iris,real_kaggle_multiclass,real_kaggle,1.0,3,5,30,120,0.0,0.0,,0.0,0.0,False,120,0.0,0.6029329369327482,29.720879306413,17.91969704843933,1.0,1.985218317370395,0.0152549431257306,0.0,0.7823764372179505,0.2921811860979026,1.584962500721156,0.6379496268779106,0.3105636633284482,0.6433105481121794,0.3131734420118808,1.008403361344539,1.5844846253842364,1.7550309546110872,0.2470995249348619,0.2480499490154999,0.0,0.0,0.0,0.0,0.0,0.0,2.6670842108454518,0.3486396994729404,45.1182651630314,0.7499305555555555,0.9030966072460996,0.3607506291483863,0.0333333333333333,0.1980163192208687,0.1048767569000778,0.0,0.0,5.0,3.0,120.0,0.0,1.3095956245372844,44.62234593834188,1.2391678974699352,0.0666666666666666,0.0146525847900784,50,0.0,True
openml_1044_eye_movements,real_openml_multiclass,real_openml,1.485,3,27,2188,8748,0.0,0.0,,0.0,0.0,False,1998,0.1588372823746425,0.6604484546134991,0.1006864209530385,0.0664981911189985,1.4847560975609757,2.6775231530448576,1.1034976442009858,0.0182784437109604,0.3481891732030848,0.246564621490076,1.5661495420340503,0.0987481535439272,0.1442991653190417,0.1001592533862173,0.1492257673410134,1.0014243722569616,0.9370335931658252,67.47084840033365,0.9836299793869258,0.0195549718186108,0.0035964599363101,0.0023278914441806,0.980133963881842,0.0061602863371819,0.915305679785664,0.0216640259612681,4.220460454842333,1.1048760462251022,0.4067628794679755,0.998987726465204,0.0232122402365746,0.0210543933192311,0.6711711711711712,0.486443313133124,0.0876234849881109,0.4709709709709709,0.4992815651314179,27.0,3.0,1998.0,0.1138722783313948,0.3032655132422401,0.375600192512441,,0.915915915915916,0.704986146010707,71,1.8719791879015548,False
openml_1100_PopularKids,real_openml_multiclass,real_openml,2.7444,3,10,96,382,0.0,0.0,,0.0,0.0,False,382,0.4085950552025668,0.3635935766933161,0.2297771267537148,0.0835454873586966,2.736111111111111,1.605717534239026,0.7241642403828171,0.1264835913158428,0.3230809377450421,0.0267784809666587,1.4662795314659351,0.1447170615488592,0.1697930516976704,0.1450968963560739,0.1702387027519946,1.00262467191601,0.7027823149917833,46.80725987324039,0.9711216469515492,0.0282975939433662,0.638888888888889,0.1272937693043289,0.9930067013890014,0.0035775593641243,0.9930067013890014,0.0035775593641243,3.0406711659313617,0.711314340470799,0.2344048201387439,0.9956689783723034,0.0313258997735991,0.026036099106412,0.675392670157068,,,0.5392670157068062,0.4991094293626746,10.0,3.0,382.0,0.2548757100175035,0.2094796717113132,0.1324708573452262,,0.4790575916230366,0.8013410605592525,13,1.00416709610907,False
"openml_119_BNG(cmc,nominal,55296)",real_openml_multiclass,real_openml,1.8841,3,9,11060,44236,0.0,0.0,,0.0,0.0,False,1999,0.2471314008139817,0.6406673123860864,0.1754537786073485,0.1124075007883534,1.8841099163679809,1.1914525237013214,0.5588285328728431,0.043580036896184,0.2891712482531235,0.081443936539625,1.539461108302692,0.1089952644891661,0.1417025925344236,0.1103808001099598,0.1438571643318283,1.0087234811473782,0.5397091664475755,59.54458439393534,0.970561367809937,0.0217990478271278,1.0,0.0,1.0,0.0,1.0,0.0,2.705059708864372,0.5426991794123495,0.1933468443222784,0.9996786787590894,0.0258539231396413,0.0184936099030353,0.6503251625812907,,,0.5977988994497249,0.4904647931218728,9.0,3.0,1999.0,0.1704972374889186,0.1738731364316096,0.136677589311569,1.02692536007532,0.2311155577788894,0.832575508199044,145,1.1104761928380242,True
openml_11_balance-scale,real_openml_multiclass,real_openml,5.8776,3,4,125,500,0.0,0.0,,0.0,0.0,False,500,0.5416493330559911,0.5781987954869026,0.2983683919643449,0.1725162448451482,5.923076923076923,2.320390317014861,0.0007600874409195,0.1644322702717361,0.435518252698799,0.5517097685387563,1.3170894310222006,0.0167115359047244,0.0171992201640036,0.0167450259566376,0.0172336875390818,1.0020040080160322,0.0459519698286834,9.135470591576926,0.8230013093294993,0.0187060502846893,1.0,0.0,1.0,0.0,1.0,0.0,3.4933066134602195,0.0143273102942509,2.143506561750603,0.963456,0.1441731345768417,0.0148775090326686,0.284,0.3685833345453166,0.147120212230044,0.2,0.4004006010017532,4.0,3.0,500.0,0.5409862701952389,0.6837359655687179,2.1414410958966155,1.3242087283528414,0.304,0.3176691082335754,3,3.783727373185991e-15,True
openml_1222_letter-challenge-unlabele,real_openml_multiclass,real_openml,3.6232,3,16,4000,16000,0.0,0.0,,0.0,0.0,False,2000,0.4475086591340999,0.7186979024395304,0.1842643273312271,0.1324303855473839,3.6231884057971016,2.783424908210661,0.2219067277700661,0.1316886375788909,0.2496360784904612,0.2366732432390936,1.424971556171536,0.1877530569826538,0.2111426600246826,0.185139066436644,0.2105568586320562,0.981787014432545,1.1193890808401132,56.81102071091479,0.984040835979592,0.0170824342648067,0.0836588242820064,0.1269950146739505,0.9256268137814662,0.062569074278806,0.8275584931643016,0.1439367622052251,4.1833138036882,0.2193381404513137,0.2172946643302697,0.999015,0.0250826606939974,0.019304706181845,0.697,,,0.5095,0.500034766175005,16.0,3.0,2000.0,0.3606866299647377,0.1806505674335026,0.2104780496876148,1.1182924690483242,0.809,0.8205266813809021,102,0.0,True
openml_12_mfeat-factors,real_openml_multiclass,real_openml,1.0,10,216,400,1600,0.0,0.0,,0.0,0.0,False,1600,0.0,0.6428573663898313,12.380303897207812,7.958769558464778,1.0,3.407915465114128,0.1014764062656962,0.0,0.9297578522844826,0.0474367450427904,3.321928094887362,0.2501939639863951,0.1971975589524465,0.2503504330070245,0.1973208845052623,1.0006253908692933,4.684825065576973,5.279373105114785,0.5090364252349903,0.1404715114492759,9.398379841927972e-30,5.657045689127825e-29,0.2027777777777777,0.1842379862419662,0.0,0.0,6.100615803458012,0.1763724948531804,94.48802265871396,0.978746875,0.6292277565434801,0.1802223917631999,,,,,,216.0,10.0,1600.0,0.0,7.798048933203923,26.317956321672757,,,2.1494773892863446e-09,106,0.04772766785747893,False
"openml_133_BNG(glass,nominal,137781)",real_openml_multiclass,real_openml,157.2541,7,9,27557,110224,0.0,0.0,,0.0,0.0,False,1996,0.9039245074577016,0.7472106458934096,1.4586254665952132,1.089900477011185,156.9959349593496,0.9329296182142436,0.357936480520999,0.1557483604668105,0.3353566568742712,0.2511937055238125,2.203344661706378,0.1030948963452889,0.1230121611875218,0.1068788814934482,0.1273697877897547,1.0354791305027844,0.4957587753806979,15.63319005328888,0.8491820147972705,0.1510621887521431,0.7142857142857143,0.4629100498862757,0.7311053229069215,0.4361078553361427,0.7142857142857143,0.4629100498862757,2.9953340972582323,0.3134637032782326,2.199160280335052,0.9988092417299528,0.140940182662389,0.1212039887600519,0.5075150300601202,,,0.3667334669338677,0.4820336525676643,9.0,7.0,1996.0,1.8462956541131936,0.9902759123332454,1.805285491941525,,0.0831663326653306,0.2464622425232417,69,0.0,True
openml_1459_artificial-characters,real_openml_multiclass,real_openml,2.36,10,7,2044,8174,0.0,0.0,,0.0,0.0,False,1996,0.2232286431656817,0.6453435726536142,0.6631953370668798,0.4279888481899581,2.3604166666666666,3.102565669003206,0.5355056278233273,0.0061377685974903,0.3006392780231665,0.2141576602643156,3.284565119662856,0.2562114167181556,0.164991712114098,0.2578285582979205,0.1678752399353412,1.003363293293879,0.8085448783144509,14.253493244510986,0.8584502360898121,0.0901646650848818,0.0829984395780986,0.1225348902885243,0.7577422121055547,0.104538375648598,0.4621763362028777,0.2552716843759829,6.1566914806790365,0.5346360887460927,1.326794088401626,0.9979628595869092,0.2304393079870255,0.095840767051888,0.6142284569138277,,,0.3647294589178356,0.4814748404734459,7.0,10.0,1996.0,0.2241117529374661,0.9078688491313522,0.7576467310399106,,0.6072144288577155,0.3383059115610994,53,1.8289399077085255,False
openml_1466_cardiotocography,real_openml_multiclass,real_openml,10.9245,10,35,426,1700,0.0,0.0,,0.0,0.0,False,1700,0.7781221295162518,0.7550598524176259,4.962068585992891,3.7466587742259296,11.023809523809524,2.0762542848234324,1.4081457992312818,0.0764071326153257,1.0,1.7554167342883506e-16,2.9138699232658443,0.1674202334386729,0.167312139756408,0.1675187738939045,0.167410616589696,1.000588581518539,1.4005217915644936,7.319814874818117,0.5005434352542403,0.3648951252009878,,,0.0,0.0,0.0,0.0,4.592044478875053,1.375017345235592,inf,0.9379948096885812,0.3980797292142239,0.2545834218412979,0.0117647058823529,0.1776509385962842,0.0956613563578341,0.0005882352941176,0.0242535625036332,35.0,10.0,1700.0,0.6828737680831214,8.999999999999998,inf,,0.1488235294117647,0.0,78,0.0,True
openml_1475_first-order-theorem-provi,real_openml_multiclass,real_openml,5.2551,6,51,1224,4894,0.0,0.0,,0.0,0.0,False,1995,0.6975912783901765,0.5141562059649978,0.1519373526767151,0.0781195327966256,5.251928020565552,2.9128295041909915,0.804665781331692,0.1338803032211736,0.3010065617517418,0.1027630019393297,2.298753416545845,0.2528141299899179,0.2248225724260495,0.2528430378516842,0.2397760675366847,0.983541068761718,2.4943521719391883,23.928662947443417,0.9795426390839322,0.014899688523757,1.567485215723579e-05,5.537452510117848e-05,0.9469262454270309,0.03324772455209,0.5099272654764351,0.1871737921371338,5.115515981200985,0.7780970326263283,0.5766695740857262,0.998376894617496,0.0960669395358526,0.0345928064849443,0.6781954887218045,,,0.5067669172932331,0.5000795556651495,51.0,6.0,1995.0,0.5655125840984244,0.4952656893583564,0.2622778414968655,,0.6952380952380952,0.586609035658595,147,1.3714700272437301,True
openml_1476_gas-drift,real_openml_multiclass,real_openml,1.8336,6,128,2782,11128,0.0,0.0,,0.0,0.0,False,1996,0.2327891757888816,0.3598960092422846,1.7682457176230293,0.6363845771322879,1.8332063975628328,3.5849567106471905,1.3375024930542705e-15,0.0129788720992598,0.8899362743519621,0.0855872763274237,2.545537231275559,0.5346444327207761,0.2493480412079523,0.5073581494291408,0.2970390579612375,1.040712478456476,6.677007129209352,6.214603883462528,0.7613730768602982,0.1202486493062722,3.386436395395786e-25,8.943536593379693e-25,0.6476348981583387,0.0983852946616074,0.0,0.0,5.720888232691721,0.182652736380719,29.013301539072547,0.9790005863430268,0.4096057092310263,0.182652736380719,,,,,,128.0,6.0,1996.0,0.1855590255859361,3.989233589513841,10.650898909155115,,,0.0001405859292799,36,0.15678419298603533,True
openml_1477_gas-drift-different-conce,real_openml_multiclass,real_openml,1.8336,6,129,2782,11128,0.0,0.0,,0.0,0.0,False,1996,0.2327891757888816,0.334053261505458,1.790883978916343,0.5982506341348763,1.8332063975628328,3.580440109482192,0.0512987281011194,0.0129788720992598,0.8993395993502084,0.0694805384600081,2.545537231275559,0.5339202183843536,0.2483285813988723,0.5067257864123905,0.2956544025469221,1.0401706487565436,6.688562830827679,6.2198328401148615,0.7613600247216248,0.1197780987315211,9.67260358820366e-26,2.5583740936075738e-25,0.6476348981583387,0.0983852946616074,0.0,0.0,5.716715983304845,0.1880078990035301,30.462387396670533,0.9786772944686968,0.4092613574529039,0.1819798832031333,,,,,,129.0,6.0,1996.0,0.1855590255859361,4.063368755695736,11.3432149199787,,,0.0001083352336363,36,0.15678419298603535,False
openml_1497_wall-robot-navigation,real_openml_multiclass,real_openml,6.7226,4,24,1092,4364,0.0,0.0,,0.0,0.0,False,1998,0.5919757743139804,0.6961099186438079,1.0882751587438872,0.7575591322152845,6.732824427480916,3.359581015586852,0.2536186800993044,0.1371941025875348,0.523124783395408,0.1182850952270657,1.7141350713126915,0.1699458768523708,0.1223834267772951,0.169841500290689,0.1226198297738914,0.9988999106215544,1.0260555366363695,5.186462261341061,0.9249606424003888,0.0598307132873477,0.0984145111238958,0.2011094034561576,0.3890120025404123,0.2537084632502533,0.0,0.0,4.743214294938279,0.2495252572701579,1.261157399266558,0.9939175912649386,0.3305017919612642,0.1392765310167515,0.1916916916916917,0.2796655287466488,0.1733607805333642,0.0945945945945946,0.2927274241133769,24.0,4.0,1998.0,0.5839486511270667,0.8489613445132298,0.6478120102111395,1.622469010363614,0.3118118118118118,0.3585845447053082,77,1.5954243625842564,False
openml_1499_seeds,real_openml_multiclass,real_openml,1.0,3,7,42,168,0.0,0.0,,0.0,0.0,False,168,0.0,0.5976003404727875,8.998902473645623,5.377747182132034,1.0,2.321481364952841,0.0004035281343458,0.0,0.901444435658842,0.0419239590551554,1.584962500721156,0.6184995198044734,0.3270139683461771,0.6222031097434222,0.3289721358213038,1.005988023952096,1.8524150208307983,1.9854343918943247,0.3098993704826412,0.2116268890872769,0.0006517783731111,0.0006762995219203,0.1547619047619047,0.1478840267714862,0.0,0.0,3.10814878869141,0.35376142070868,9.681942922759813,0.8748937074829932,0.7982950769825872,0.3536853603338263,0.125,0.2884151073701189,0.126229362977292,0.0595238095238095,0.2373097965729027,7.0,3.0,168.0,0.0,1.6269617595034342,6.514672841515933,,0.2202380952380952,0.0319328936088002,83,2.9007232432676845e-15,False
openml_14_mfeat-fourier,real_openml_multiclass,real_openml,1.0,10,76,400,1600,0.0,0.0,,0.0,0.0,False,1600,0.0,1.7028904713405135,9.236428201816976,15.728625574094924,1.0,3.459423167090097,9.014026471991538e-16,0.0,0.7182657617940349,0.227829065860933,3.321928094887362,0.1456769254977959,0.1034545905472366,0.1457680305168689,0.1035192901035513,1.0006253908692937,1.5585316668185702,11.434379615012489,0.7662356888971658,0.1792398335718705,3.841615860856883e-06,2.4805905344265706e-05,0.4498611111111111,0.2829650639753175,0.0,0.0,6.490830201217336,0.2275359675577865,29.95547464300936,0.988712890625,0.2905210607601236,0.2275359675577865,0.323125,0.4440532231258163,0.0808155849928674,0.215,0.4109507882264797,76.0,10.0,1600.0,0.0,5.058400007098612,15.899053725059913,2.165541444925469,0.84875,5.9888187224566925e-05,68,0.27749247029072105,True
openml_1500_seismic-bumps,real_openml_multiclass,real_openml,1.0,3,7,42,168,0.0,0.0,,0.0,0.0,False,168,0.0,0.5976003404727875,8.998902473645623,5.377747182132034,1.0,2.321481364952841,0.0004035281343458,0.0,0.901444435658842,0.0419239590551554,1.584962500721156,0.6184995198044734,0.3270139683461771,0.6222031097434222,0.3289721358213038,1.005988023952096,1.8524150208307983,1.9854343918943247,0.3098993704826412,0.2116268890872769,0.0006517783731111,0.0006762995219203,0.1547619047619047,0.1478840267714862,0.0,0.0,3.10814878869141,0.35376142070868,9.681942922759813,0.8748937074829932,0.7982950769825872,0.3536853603338263,0.125,0.2884151073701189,0.126229362977292,0.0595238095238095,0.2373097965729027,7.0,3.0,168.0,0.0,1.6269617595034342,6.514672841515933,,0.2202380952380952,0.0319328936088002,83,2.4375969856445713e-15,True
openml_1501_semeion,real_openml_multiclass,real_openml,1.0452,10,256,319,1274,0.0,0.0,,0.0,0.0,False,1274,0.0136857109687305,1.5770112971741987,6.85504943919689,10.81049040830115,1.0483870967741935,0.8741919850207243,0.1178563986931942,2.311284930789359e-05,0.8068359123711201,0.1166172706317782,3.3217928021207856,0.0969972589468471,0.1062474204900332,0.0970734547512044,0.1063308827213687,1.0007855459544386,2.3036202934323247,22.26671876074174,0.8109620378889687,0.1025202809772395,,,0.7200062316364387,0.1014367825114544,0.0932376907771657,0.2560511319187414,4.046802824688317,0.1290139379864305,26.719127595083613,0.9893510839911378,0.1491819624531931,0.0776540867388013,,,,,,256.0,10.0,1274.0,0.0117311308559844,5.967654407902483,7.744448282050029,,,1.596561156341879e-05,139,0.0,True
openml_1508_user-knowledge,real_openml_multiclass,real_openml,5.375,5,5,81,322,0.0,0.0,,0.0,0.0,False,322,0.572945596351868,1.0411776344898978,12.366443065593176,12.875663938088303,5.421052631578948,2.582116559840427,0.002455206314802,0.0912865374165056,0.355269963633551,0.4143267950687285,2.0477813097776982,0.1226217502525331,0.0722806574358232,0.1230037494745036,0.0725058308234737,1.003115264797508,0.3151294046724969,5.532048125661633,0.7649685475942349,0.3493750018873359,0.0819700876141466,0.1053778003300757,0.2786131509117964,0.3115279271853229,0.0805549042952651,0.1331661724554435,4.259730932660616,0.4927524560773088,14.448821991424726,0.9850507310674742,0.3701669369575094,0.4934521605549828,0.3416149068322981,0.4141415496062846,0.1108578215179022,0.2204968944099379,0.4152269975469838,5.0,5.0,322.0,0.5437230902009992,1.0198670675765114,14.359539627720263,1.2459329913771922,0.6459627329192547,0.0596761417705929,61,1.6585434469426676,False
openml_1512_heart-long-beach,real_openml_multiclass,real_openml,5.6,5,13,40,160,0.0,0.0,,0.0,0.0,False,160,0.4021426985536353,0.5424554059952428,0.2564844656254724,0.1391313849323385,5.625,1.3945459001073337,0.8297947044048616,0.0444585031284511,0.345529555741333,0.0961779623465429,2.1736591361258952,0.1326889484674306,0.1455098323069183,0.133523470155905,0.1464249884849494,1.0062893081761013,0.7119838107827072,34.09786164505236,0.9567550940618706,0.0219768840931713,,,0.8502383282742662,0.1041476270730944,0.6099095052973291,0.2852305980657863,3.504457369040693,0.7975426386568869,0.6000540231045443,0.9906640625,0.0637476671925348,0.0406679133929222,0.825,0.548102107918245,0.1233462177788651,0.65,0.4784671541600979,13.0,5.0,160.0,0.6770313878454166,0.5053132968866109,0.2717379128979555,,0.925,0.5772063306718529,117,1.9791228202243694,False
openml_1523_vertebra-column,real_openml_multiclass,real_openml,2.5,3,6,62,248,0.0,0.0,,0.0,0.0,False,248,0.3563019682963632,0.4886743752865143,1.453154501938555,0.7101193684296092,2.5,2.5846559031443324,0.0005217879875641,0.0929378734432365,0.6230523788447486,0.1921633837581522,1.4918603462795097,0.3970857373511073,0.2658300529685548,0.3986933719152817,0.2669062880008161,1.0040485829959518,1.163046276668113,3.859112807596972,0.682241423863796,0.1501998086138156,0.0113601995351676,0.0167025849586392,0.4468303571428571,0.3068034455367798,0.235625,0.2811715168273628,3.689935078916812,0.2466589930261977,1.669565379888795,0.967514308012487,0.3865811705070303,0.2466370076480815,0.3911290322580645,0.4247862785684308,0.1172587757407018,0.2459677419354838,0.4315304078304678,6.0,3.0,248.0,0.2315884668827003,0.8133152996255831,1.3583704440682778,,0.5483870967741935,0.3233856267769724,148,1.5118393666746255,True
openml_1527_volcanoes-a1,real_openml_multiclass,real_openml,50.8966,5,3,651,2601,0.0,0.0,,0.0,0.0,False,2601,1.7694001102119945,1.1292536042907293,1.2680906653333532,1.4319959543951182,50.234042553191486,3.700388527696298,3.842218386531472e-05,0.8741443344731633,0.2450802097326808,0.344924793761394,0.6267410829913024,0.0484716995464458,0.0488347618963205,0.0484903425078098,0.0488535444970498,1.0003846153846148,0.1087532876258211,5.960482263158448,0.8575722755658122,0.2314737056487047,0.6619803955430124,0.103294386096929,0.717412927961348,0.2806713163134355,0.6393317565873945,0.2720090127516409,4.221980219192022,0.1185333804151744,0.7047058100640281,0.9541849532630294,0.105149391495579,0.1185717512352372,,,,,,3.0,5.0,2601.0,1.1610301303350552,0.418139154310525,0.6973665031154686,,,0.5848551447770964,18,2.004402961941293,False
openml_1528_volcanoes-a2,real_openml_multiclass,real_openml,50.7241,5,3,325,1298,0.0,0.0,,0.0,0.0,False,1298,1.767035438038081,1.1303226849658277,1.2488335541916271,1.4115848960492976,51.17391304347826,3.3218613598527957,5.985281788466856e-05,0.8727448190819558,0.2483138788940795,0.3487687341862301,0.6316314229118345,0.0532291832414159,0.0534093970991204,0.0532702234752181,0.0534505762796132,1.00077101002313,0.1192773169405839,6.679947650723904,0.8546936532142207,0.239845502137258,0.6251720242036771,0.1116226561696318,0.7256983645980059,0.2998043615729944,0.6350439260552785,0.2815578991796529,3.858936439520925,0.1134028809153674,0.7371442235251188,0.9521451753438382,0.0945563432437056,0.1134560025992956,0.1517719568567026,0.2575753937901273,0.1870407342517906,0.1186440677966101,0.3234938572551589,3.0,5.0,1298.0,1.1629808109277788,0.4282586072460013,0.7312327340367569,,0.1825885978428351,0.5742271185938008,18,0.9850208633338459,False
openml_1529_volcanoes-a3,real_openml_multiclass,real_openml,47.2069,5,3,305,1216,0.0,0.0,,0.0,0.0,False,1216,1.7513327495817628,1.1619010710118922,1.245327728761006,1.4469476218082202,47.60869565217392,3.3218545462340434,4.617225867556308e-05,0.8634134553724921,0.2445234913822162,0.3574961179172973,0.6643742501557415,0.0511150444797372,0.0463453246577663,0.0511571144751938,0.0463834689578961,1.0008230452674896,0.1102451970356099,6.514808010229767,0.8520876950144776,0.2442396053580464,0.5892753238600383,0.1002289090238787,0.6823255035671456,0.2822525541456155,0.5887549847449115,0.2655628699850786,3.884249697525702,0.1218519850564632,0.7605995276364572,0.9519205278306788,0.101979098864083,0.1218974042547447,0.1603618421052631,0.259145018863668,0.1858528085579244,0.1200657894736842,0.3251721857734654,3.0,5.0,1216.0,1.156249043486005,0.4349821621651226,0.7561821967306116,,0.1800986842105263,0.5669124021475552,18,1.2045235059145856,False
openml_1530_volcanoes-a4,real_openml_multiclass,real_openml,47.069,5,3,303,1212,0.0,0.0,,0.0,0.0,False,1212,1.752597607184421,1.0761183233165588,1.046091601934876,1.1257183407096918,47.47826086956522,3.321857830883054,9.160486087093328e-05,0.8641542857210364,0.2406706719175445,0.3240431193004527,0.6613370517976574,0.034357169123875,0.0530604487990688,0.0343855400314918,0.0531042641985726,1.0008257638315443,0.0958499965671132,6.499471325887801,0.8684041207962201,0.208166841450516,0.649149692358131,0.1616235505704289,0.8398186255608749,0.201473134865803,0.7357947122833717,0.2173133156493759,3.881442444884192,0.1056861239340875,0.6115298877326957,0.9566954220174492,0.101752437796519,0.1057429418185111,0.1740924092409241,0.2701430037405283,0.1915267669620053,0.1369636963696369,0.3439509432530903,3.0,5.0,1212.0,1.1588955893740298,0.3837750032956619,0.6044490675040095,,0.2021452145214521,0.6188813152026863,18,0.9705471620624551,True
openml_1531_volcanoes-b1,real_openml_multiclass,real_openml,376.5769,5,3,2036,8140,0.0,0.0,,0.0,0.0,False,1998,1.905647921935876,1.1234860160125717,0.6422326937550709,0.7215394504599064,372.95238095238096,3.584919953412168,3.463849783106182e-05,0.9519924517416268,0.1811526510873129,0.2451667036625902,0.2894111862834335,0.0156154140408793,0.0092944901457363,0.0158735289220765,0.0095278816793437,1.0159782456246516,0.0401389420878101,7.463969541757709,0.9272632819084956,0.1225458583019339,0.3791083896668057,0.1846060888558638,0.6525272129818414,0.1084994433974075,0.3817392510031584,0.1939260975401073,3.8355567067796703,0.0337644854911911,0.2776407100809233,0.9628662696730764,0.0387744329159306,0.0337963876378333,0.076076076076076,0.2101388070836409,0.1486164971990064,0.05005005005005,0.2181028444877736,3.0,5.0,1998.0,1.597166134634859,0.2186622741574458,0.2741056972181059,,0.087087087087087,0.7820979595294428,14,0.8095465607568176,False
openml_1532_volcanoes-b2,real_openml_multiclass,real_openml,395.5769,5,3,2134,8534,0.0,0.0,,0.0,0.0,False,1997,1.910579946885396,1.1608973955575237,0.7343080219891395,0.8524562702641888,391.8095238095238,3.5849012689872803,8.406342925705526e-05,0.9553205362269108,0.1931060679298404,0.280860553085663,0.272385387870281,0.0278659981538955,0.0155024064442168,0.02722691785775,0.0147882006669043,0.9832747097315554,0.0611246390633362,6.141282076257411,0.90984222596204,0.1522262491816183,0.3251727510754254,0.216970454705868,0.6219396133953211,0.2290870359837283,0.3834765546665627,0.2830833185888958,3.812933477099976,0.0440420541855021,0.3672463474915051,0.9610670387153089,0.0443531797575852,0.0440893670599203,0.0645968953430145,0.2036157481287427,0.138905593647048,0.043565348022033,0.2041770896278506,3.0,5.0,1997.0,1.5934818970625089,0.2696351609731415,0.3650147429938612,,0.0711066599899849,0.7309611105580656,89,0.44820603665110237,True
openml_1533_volcanoes-b3,real_openml_multiclass,real_openml,400.24,5,3,2078,8308,0.0,0.0,,0.0,0.0,False,1996,1.908746137183279,1.1332860020414903,0.7123500415332076,0.8072963306232586,400.2,3.584901572909899,5.916874254398802e-05,0.9546276881552338,0.1797610409606072,0.243032369440278,0.2760822075583171,0.0206971222456469,0.0232840931140416,0.0209095056593327,0.0236875005735068,1.0031140625242394,0.0531090496719709,7.100476081503424,0.9281568985093815,0.121023942993057,0.3001536466558273,0.2038589020128753,0.5787827620692162,0.2205771011183068,0.3426516840685913,0.2743467464339219,3.82210156969963,0.0332085706939489,0.2718876075968744,0.9551964650744376,0.0388822107685856,0.0332561852383775,0.0711422845691382,0.2023058793659075,0.1485444001645142,0.0465931863727454,0.210818709212566,3.0,5.0,1996.0,1.623319072363869,0.2150715607332349,0.2684352959141471,,0.0896793587174348,0.7856589643912878,14,2.0986620667533824,False
openml_1534_volcanoes-b4,real_openml_multiclass,real_openml,377.1154,5,3,2038,8152,0.0,0.0,,0.0,0.0,False,1998,1.9057864765483568,1.1036547709766846,0.6808520553512196,0.7514256192176553,373.5238095238095,3.584938595679328,2.3037800874486764e-05,0.9519924517416268,0.168681242407044,0.2449368122919281,0.2894111862834335,0.0083419345989347,0.0030630938218013,0.0082465757003968,0.0030447469425671,0.988206918725203,0.0211662882664685,7.859213915481987,0.9316399963037018,0.1157611080775335,0.348958598722,0.2430294455065669,0.6133422995066276,0.1907952020672221,0.4175837908457774,0.2272500143972137,3.837525337508677,0.0319426205438156,0.2571358001973821,0.9636440745049354,0.0368244444540843,0.0319564795020023,0.0735735735735735,0.2145403242967536,0.1497498058761852,0.05005005005005,0.2181028444877736,3.0,5.0,1998.0,1.5971002181349154,0.2053481686514143,0.2549187470830566,,0.0960960960960961,0.7951014147506708,89,1.1278253264911338,False
openml_1535_volcanoes-b5,real_openml_multiclass,real_openml,369.1923,5,3,1998,7991,0.0,0.0,,0.0,0.0,False,1998,1.9026483638312612,1.1256529771587596,0.6387101509410371,0.718965982948299,365.6666666666667,3.584902571387813,5.021714225523952e-05,0.949974310236426,0.1829057059434717,0.2425847152500048,0.2992389684226096,0.027463648319892,0.0036767919580931,0.0268386141657216,0.0036524442677884,0.9770365410033928,0.0472113464086092,7.081343271502139,0.927831045563428,0.1202806199664392,0.2612923166435874,0.1618473594291851,0.6096580347448279,0.2482610773086043,0.3492414262428415,0.281626933198996,3.841884166180923,0.0349987140193863,0.2763389370950541,0.9697430162895628,0.0422573736294996,0.0350472453244757,0.083083083083083,0.2236158647103471,0.1517986519926402,0.057057057057057,0.2320096775642622,3.0,5.0,1998.0,1.6034362033156266,0.2180581799458911,0.2722786449636789,,0.0960960960960961,0.7828106776009148,89,1.3473976523249658,False
openml_1536_volcanoes-b6,real_openml_multiclass,real_openml,374.8462,5,3,2026,8104,0.0,0.0,,0.0,0.0,False,1998,1.9055391064369331,1.121896383255964,0.8284575858186806,0.9294435692109452,371.2857142857143,3.584925614989153,2.8449823686813727e-05,0.9519924517416268,0.1826025235875471,0.2621995349619268,0.2894111862834335,0.0218962581894062,0.0081111603161507,0.0222185382746273,0.0081473782028519,1.0155602234436705,0.0450255331049579,7.484404086265954,0.9210086275676777,0.1337943986186067,0.4147051500650575,0.1410548092003048,0.7135305056074216,0.1251029666070395,0.4394802630209952,0.2069229344863256,3.835668233548604,0.0349217712536494,0.3092391660673204,0.967752787822858,0.0386685677239834,0.0349475307745933,0.0705705705705705,0.2199839548849965,0.14833780941343,0.051051051051051,0.2201569895471549,3.0,5.0,1998.0,1.5934736219901509,0.2375282371301234,0.3060099273378137,,0.0915915915915916,0.7632261874886141,14,0.7791182472258245,True
openml_1537_volcanoes-c1,real_openml_multiclass,real_openml,392.8873,5,3,5726,22900,0.0,0.0,,0.0,0.0,False,1997,1.936208249527419,1.1895433232497763,0.7972994084418243,0.9484221879429686,391.49122807017545,3.584867864090292,8.500225976541476e-05,0.9685770579344168,0.1529794597219415,0.1864688737701614,0.208490451345444,0.017803532220478,0.0060578650814784,0.018005810599713,0.006234516974276,1.0100395436259897,0.0349789704360412,6.593743924851299,0.9534406028957952,0.0761200688245945,0.2928061258694759,0.1312907267051318,0.5727673059085753,0.2229237559896942,0.2828096070104428,0.2660344063017867,3.761738881359799,0.0174806033181015,0.1607138168692689,0.9569063159085148,0.0316194340759367,0.0175509930694302,0.0545818728092138,0.200088737684538,0.1372662542089175,0.0395593390085127,0.1949703387059528,3.0,5.0,1997.0,1.455276857932979,0.1397494270606762,0.1555693681059475,,0.0671006509764647,0.8609427750030993,14,1.551412674797731,False
openml_1538_volcanoes-d1,real_openml_multiclass,real_openml,147.5893,5,3,1751,7002,0.0,0.0,,0.0,0.0,False,1997,1.8607317910465777,0.9706305404475212,0.5023104414877221,0.4875578552936606,146.9111111111111,3.584906951713088,4.283984787176092e-05,0.9280645773721812,0.1441342818468187,0.1735577062661865,0.4026273835965565,0.012823081730751,0.0094708756846654,0.013085130344712,0.0096781759747565,1.0199623531973587,0.0273342747420942,11.082791761093247,0.959274476028499,0.0661325734710439,0.4174278380211356,0.1303080678072768,0.7324163989008295,0.1250012349912476,0.5382875279496361,0.1959831365635665,3.9512052774083664,0.0340320299164687,0.1384364033736903,0.980660023585704,0.0363290579012773,0.0340748667739503,0.1306960440660991,0.2662879787413264,0.164801737046095,0.0886329494241362,0.2842843984716585,3.0,5.0,1997.0,1.34491055218405,0.1225686284192543,0.1340941129396127,,0.1657486229344016,0.8779460230253259,14,1.3928180453066423,False
openml_1539_volcanoes-d2,real_openml_multiclass,real_openml,154.8214,5,3,1835,7337,0.0,0.0,,0.0,0.0,False,1998,1.8633252595515064,0.9685768684156048,0.4684062766534579,0.4536874845872197,154.11111111111111,3.584940106828791,1.3924863734859324e-05,0.9287953596129572,0.1434557139497128,0.183757861328488,0.4001107757169783,0.0302770384695046,0.0296021933677837,0.0305665218670549,0.0296216264003614,1.0177925651384527,0.074361856631802,9.367406122505246,0.9569472746418228,0.0708948675404867,0.4852738177054972,0.1613192737967039,0.7564740728814916,0.0956324872931473,0.6042181097576067,0.1435718253976707,3.942337801626207,0.0385647795022128,0.1475826038874967,0.9817372427482538,0.0427130809195632,0.038578541865464,0.1226226226226226,0.2708856815245563,0.1634147918944121,0.0890890890890891,0.2849436090906646,3.0,5.0,1998.0,1.356691295773378,0.1292725287945051,0.1447618232987651,,0.1561561561561561,0.8710853360553868,14,1.3885813498667454,False
openml_1540_volcanoes-d3,real_openml_multiclass,real_openml,151.2241,5,3,1857,7428,0.0,0.0,,0.0,0.0,False,1997,1.8619662499710763,1.1068632433939116,0.4881483900740311,0.5403135102948584,152.54347826086956,3.5849315449291344,2.3930889461683112e-05,0.9287578286598712,0.132722716147551,0.1903625779399633,0.4009726452962781,0.0526705781813439,0.0040759808388171,0.0523039355246432,0.0044143682690503,0.9927443291168276,0.0924827536224835,10.321313913752558,0.9577406399329322,0.0705809764347989,0.652742906466341,0.1408883281605669,0.8116054064900207,0.0760936964397873,0.6449910428042431,0.1890885563579684,3.947055197873576,0.0353155059635946,0.1428946900257464,0.983800437762302,0.0388489923518366,0.0353364388636886,0.1352028042063094,0.275905088247339,0.1698924692859291,0.0976464697045568,0.2969103918109577,3.0,5.0,1997.0,1.3567774143495352,0.1253217803046474,0.1416349257995766,,0.1637456184276414,0.8748345175068308,18,2.4846493137361287,False
openml_1541_volcanoes-d4,real_openml_multiclass,real_openml,145.7679,5,3,1731,6923,0.0,0.0,,0.0,0.0,False,1998,1.858421035024688,1.0051127356134444,0.5232886935444996,0.5259641302840974,145.11111111111111,3.5849010417247658,5.646587319173229e-05,0.9260197351074914,0.1474100075487274,0.1780635510891576,0.4120022157839146,0.0193399986043533,0.0159631413908952,0.0195295287929725,0.0162698223994589,1.010259998528113,0.0536782560250199,10.109927371921597,0.95724267789793,0.0690052409725149,0.4854874873050929,0.1839745038504473,0.7785179972363789,0.0932096089636235,0.6273656927211344,0.148138042428623,3.9561510146262857,0.0351062577659791,0.1463029828123602,0.9813239165091016,0.0407522428823942,0.0351534236166135,0.1351351351351351,0.2708133873982894,0.1686973477184109,0.095095095095095,0.2934196800300029,3.0,5.0,1998.0,1.3449507884555387,0.1286023874295097,0.1421459504114667,,0.1586586586586586,0.8719170078178666,14,1.3827905012934383,False
openml_1542_volcanoes-e1,real_openml_multiclass,real_openml,120.3333,5,3,237,946,0.0,0.0,,0.0,0.0,False,946,1.7894392167316795,0.9125982825679672,0.5981908000684413,0.5459078967904177,123.71428571428572,3.169874994549026,3.842966279013685e-05,0.8854477613230232,0.1828430537400935,0.2238291543680934,0.5671158114515662,0.018360878885019,0.0115197241375201,0.0183803083864847,0.0115319143217926,1.0010582010582014,0.0357697820093603,8.900630578609961,0.9341600609391724,0.1008471967058952,0.4680377028531545,0.2090540280729762,0.7315446362304431,0.1623069936505062,0.5406535418948483,0.2229000565267042,3.673274442711179,0.0447826158609607,0.247335517555063,0.9655196688851244,0.0637163632894125,0.0448062837369578,0.1712473572938689,0.2876563990699163,0.1837480845681944,0.1226215644820296,0.3281758118955706,3.0,5.0,946.0,1.4224487812074549,0.2004937275932798,0.241042682719703,,0.2019027484143763,0.8007294201565464,58,0.337157120486717,True
openml_1543_volcanoes-e2,real_openml_multiclass,real_openml,123.0,5,3,216,864,0.0,0.0,,0.0,0.0,False,864,1.7784889588300468,1.0969412180848688,0.8158517231961122,0.8949413830193825,131.16666666666666,3.169884414375216,5.591577667702775e-05,0.878792881709902,0.1774408175965115,0.2319961833621458,0.5841824932093994,0.0245594172145566,0.0022426982187244,0.0245878754036812,0.002245296942037,1.0011587485515638,0.0427056620053677,8.47485259910327,0.9333668492204816,0.1091516591650432,0.3856122361419313,0.2410295325359679,0.5983960150380425,0.2409214052416907,0.4332977516471287,0.2300664064656023,3.685135621007287,0.0571773277485065,0.251027260776708,0.9678605109739368,0.0689312865773278,0.0572070232124411,0.1736111111111111,0.2966082371673527,0.170281117347257,0.125,0.3309104684394668,3.0,5.0,864.0,1.446782939023,0.2021001894371601,0.2469790548156495,,0.2129629629629629,0.7987022087166004,58,1.1742662657482545,False
openml_1544_volcanoes-e3,real_openml_multiclass,real_openml,130.0,5,3,256,1021,0.0,0.0,,0.0,0.0,False,1021,1.7927494854537174,0.9289747661915828,0.61206077443879,0.568589014829314,133.71428571428572,3.321884940047392,4.232421203415146e-05,0.8873616462256776,0.1779694795300473,0.2352929914624763,0.558952572231512,0.0352195310849504,0.0189392526628703,0.0352540600369945,0.0189578205576378,1.0009803921568627,0.0666884110462023,8.761475138281162,0.9320069290830446,0.1088584546125863,0.5244631197127866,0.176726706382883,0.7526742533918964,0.1235874751986529,0.5792289347677023,0.1602235051091316,3.817040884038837,0.0519699205510679,0.256332922503053,0.9684557687197644,0.0637966282400668,0.0520001038814569,0.1714005876591577,0.2869698023502358,0.1772451768496366,0.1175318315377081,0.3222107765500333,3.0,5.0,1021.0,1.452039480352562,0.2057449905953097,0.2515763215542821,,0.2017629774730656,0.795208600310772,58,0.9955235191269984,False
openml_1545_volcanoes-e4,real_openml_multiclass,real_openml,127.1111,5,3,251,1001,0.0,0.0,,0.0,0.0,False,1001,1.7861215941451207,1.0235458760971927,0.8587638238469857,0.8789841704400382,130.71428571428572,3.32189280735056,2.4963663929519535e-05,0.8834828267764936,0.1933400834896407,0.2458413734844694,0.5732925447057874,0.0288976411269975,0.0243470965662092,0.0289265387681245,0.0243714436627754,1.001,0.0608125683368752,7.584848162327606,0.9233931787375894,0.1210949337965874,0.5141193844793438,0.2754160832592954,0.6521332208345032,0.2016427543100617,0.4759377531664435,0.2417894246528915,3.819601433639468,0.0627798027955801,0.299274243170491,0.9678403514567352,0.0755839184168793,0.0628046226940508,0.1798201798201798,0.2929864343491432,0.1827035443313044,0.1388611388611388,0.3459744234741951,3.0,5.0,1001.0,1.4585660146743022,0.2330171254848045,0.2925668217733656,,0.2137862137862138,0.7684963538065425,58,1.2390491350059916,False
openml_1546_volcanoes-e5,real_openml_multiclass,real_openml,112.2222,5,3,223,889,0.0,0.0,,0.0,0.0,False,889,1.7706137252442948,0.9925384964778694,0.4191498942049952,0.416022405793084,115.28571428571428,3.169879302698478,3.2868656648131124e-05,0.8742050984727346,0.1637647273025975,0.2202618490702152,0.6032943341643756,0.0424226450196356,0.0127159610306701,0.0424704182685316,0.0127302808066055,1.001126126126127,0.0757319574720084,9.442944076966924,0.9422347357068218,0.0934947711673417,0.5308245410614335,0.1900185174759942,0.7810591658686519,0.1356448909894144,0.5944013049030235,0.2113491846926668,3.709285263782691,0.044737149164914,0.2143547206973973,0.9718013313577648,0.0638883730801627,0.0447650418682258,0.1946006749156355,0.3039852202521746,0.1860673215610821,0.1439820022497188,0.3512691014844576,3.0,5.0,889.0,1.4071639248624572,0.1774872220371429,0.2113054528445984,,0.2170978627671541,0.8230447487121463,58,0.8374925364391829,False
openml_1548_autoUniv-au4-2500,real_openml_multiclass,real_openml,5.9847,3,100,500,2000,0.0,0.0,,0.0,0.0,False,2000,0.5409607194612193,0.1889943516309412,0.0379082864268038,0.0071644520146738,5.974522292993631,2.42813644537423,0.9496914712692156,0.1643036816705716,0.243443920213046,0.0298025170736535,1.318158540262701,0.018957883123984,0.0159739200908543,0.0189673668073877,0.0159819110463775,1.000500250125063,0.2480183227104781,242.89195385614312,0.9987631517450004,0.0021452034601372,0.8502580126127963,0.0900987040560723,0.979357243108476,0.0133124018210162,0.8786583234473273,0.0864879923954283,3.740868051894023,0.946561703278138,0.1272544898092934,0.9990685,0.0054269337429077,0.0068971031953672,0.7015,0.5018879926565413,0.0144584650230672,0.545,0.4980954221078149,100.0,3.0,2000.0,0.5353829808186086,0.1194180746013172,0.0752335522649225,1.1376737650145703,1.0,0.8840418174730356,142,1.4954303830016473,False
openml_1549_autoUniv-au6-750,real_openml_multiclass,real_openml,2.8947,8,40,150,600,0.0,0.0,,0.0,0.0,False,600,0.4013311184877976,0.3377703846114127,0.0938260231631257,0.0316916519303683,2.869565217391304,2.854314936359134,0.4854618760212965,0.0273003541306785,0.25718847443438,0.0679003048661126,2.894262944229949,0.0344536467292304,0.0263956511505501,0.0345111653381272,0.026439717346127,1.0016694490818034,0.2748951041612711,49.543847078679285,0.9878593773871642,0.0068018066129151,0.2495889258626662,0.0969392495836964,0.9094873264260332,0.0325735351886327,0.0315784481123126,0.1253931165943058,5.690159668946502,0.4718331906074042,0.5376947435532868,0.997925,0.0584182116425808,0.0229785909454313,0.895,0.5224961682855508,0.0268137200805729,0.8033333333333333,0.3978098079414075,40.0,8.0,600.0,0.3362554312423984,0.4906840880786523,0.1529876250681944,1.3787428320669743,1.0,0.5984861046239871,135,1.2257650710481027,False
openml_1551_autoUniv-au6-400,real_openml_multiclass,real_openml,4.44,8,40,80,320,0.0,0.0,,0.0,0.0,False,320,0.6075051440111434,0.4563102307811572,0.2473737042132062,0.1128791520587178,4.45,2.4758726920039544,0.3788642226542059,0.0632290029959075,0.3554944769171412,0.0888330701667722,2.7668924249578315,0.0431679000156517,0.0339880550081052,0.0433032225862336,0.0340946006350898,1.0031347962382442,0.3484893438157805,32.19385223444908,0.9770806461833412,0.0110005800006236,0.0493864962577323,0.0469203579003126,0.803657230105963,0.060031406219553,0.0,0.0,5.156820371834419,0.3632891856272994,1.112920819531602,0.995908203125,0.0859447451273666,0.0347642351753241,0.890625,0.5206559208888085,0.0270191147722,0.76875,0.4222922222858654,40.0,8.0,320.0,0.4903952072575165,0.9319821479616714,0.3158156598153872,,1.0,0.3619254584248802,135,1.2257650710481025,True
openml_1552_autoUniv-au7-1100,real_openml_multiclass,real_openml,1.9935,5,12,220,880,0.0,0.0,,0.0,0.0,False,880,0.2412465475280732,0.4400760345061221,0.2134501887288707,0.0939343126203848,2.0,2.0928931505054487,0.970284746519984,0.0183599060498655,0.2524751148792628,0.1088756248577343,2.280389307195377,0.0422621609248571,0.0438835108980853,0.0423102407438843,0.0439334352563313,1.00113765642776,0.210458315808664,52.40197742878161,0.9732405935834468,0.0283401005339346,0.9583262272342712,0.0171179054659142,0.983777869766372,0.0062225316407438,0.9622081713556392,0.0119007076908609,4.329765220010806,0.9676697586642568,0.3247467857417321,0.9983729338842976,0.0435172376900204,0.0312309895382495,0.8511363636363637,0.5461140807910457,0.0968911735175247,0.696590909090909,0.4599918047537187,12.0,5.0,880.0,0.1813604256758968,0.2905364395976741,0.163056786131048,1.0567334176287355,0.969318181818182,0.7357192513521107,81,1.115511408823703,False
openml_1553_autoUniv-au7-700,real_openml_multiclass,real_openml,1.1449,3,12,140,560,0.0,0.0,,0.0,0.0,False,560,0.0597080482046446,0.7247029086236275,0.1105413699104238,0.0801096522973245,1.1461988304093569,1.9719006079247683,0.9403492564741376,0.0026169907168392,0.2239916730424749,0.1859883745833639,1.5823542353649505,0.0566941869720657,0.1152498347572363,0.0567956077001016,0.1154560061968733,1.0017889087656533,0.4429969666254004,65.97217292208343,0.9866884306817496,0.0224475065479207,0.8627661622617483,0.0834170247333211,0.90897265400463,0.087458870585027,0.8865357655310234,0.0959178767369044,3.5302696664298665,0.9219512948963624,0.1532936742983647,0.9970982142857144,0.0239851768598526,0.0383469790090983,0.7946428571428571,0.5298903483327309,0.0989514062966563,0.6267857142857143,0.484090749571398,12.0,3.0,560.0,0.0527907153792558,0.1349362146648957,0.144667717073192,1.0313937668685929,0.9357142857142856,0.8661446451064423,49,1.7586750405629947,False
openml_1554_autoUniv-au7-500,real_openml_multiclass,real_openml,4.4651,5,12,100,400,0.0,0.0,,0.0,0.0,False,400,0.5097180593229947,0.4800509364045188,0.1583765660027925,0.0760288188141726,4.529411764705882,1.90742541420552,0.8246434679572402,0.0861689607281941,0.2383131822165916,0.0894086879294643,2.146313309722777,0.0448953855040957,0.037703135716959,0.0450079052672639,0.0377976297914376,1.0025062656641612,0.2029598771689481,47.88167992645398,0.978229412358297,0.0244355193628745,0.8907438157398678,0.04022281426971,0.9631552420038408,0.0108511527026173,0.903575014275544,0.0247018759804511,4.00891336873985,0.8117855141672874,0.2769872882794876,0.995975,0.0448253551884458,0.0350532896510381,0.795,0.5327706385429054,0.1092329278754433,0.64,0.4806011273488885,12.0,5.0,400.0,0.4313352479479747,0.2511544317045987,0.1544628852993683,1.1352510361502113,0.925,0.7683290734416915,81,0.990567217973661,True
openml_1555_autoUniv-au6-1000,real_openml_multiclass,real_openml,2.6966,8,40,200,800,0.0,0.0,,0.0,0.0,False,800,0.3597568623389969,0.6157199032100799,0.1042130806449813,0.0641660679279521,2.704225352112676,3.008309614379161,0.530075423696018,0.0230694155747063,0.2349163781113746,0.0636711011255128,2.921390245036667,0.029342758035395,0.0232181450259185,0.0293794823883805,0.0232472040309572,1.0012515644555695,0.2368876204863995,55.23761450702498,0.9895727486766166,0.0072602451401792,0.4151125931723302,0.0556248188245407,0.9457378067714454,0.016660645045903,0.1851736891091306,0.2392692959544908,5.876812161945383,0.5171647183103807,0.4435703247765724,0.998540625,0.0528876974704461,0.0286680924802586,0.925,0.5238837339313875,0.0230116781570257,0.86,0.3472041018773404,40.0,8.0,800.0,0.3448135178617085,0.4106239876459759,0.1302155986144166,1.2217639284557802,1.0,0.6527282367944268,30,2.033049198041041,False
openml_1557_abalone,real_openml_multiclass,real_openml,1.0937,3,8,836,3341,0.0,0.0,,0.0,0.0,False,1999,0.0371267033902081,0.6500413273208578,1.1222717534479292,0.7295230202259984,1.0935727788279772,3.326569945125253,0.7052184385583976,0.0010208204816145,0.5068297095994027,0.2680203920245854,1.5839665058945394,0.6658018449999578,0.3827481000893359,0.6860720578505585,0.3916238881421605,1.0279533606343108,2.2250920275186634,4.543627745517663,0.6787205269324468,0.1400165287652902,0.0417744505739921,0.0510591620510895,0.8917372013113011,0.0881464216487324,0.8389778128536115,0.1080397537692144,4.561923713663141,0.6524631539438959,1.0533352980372026,0.9958886396675076,0.3486127373566506,0.0670065341923398,0.5702851425712856,0.4655257983553695,0.1391677970511388,0.4382191095547774,0.4962925914733755,8.0,3.0,1999.0,0.0254460258252134,0.585587639606242,0.9413765492501271,1.2748498569723306,0.7413706853426714,0.4632351911377027,92,0.0,True
openml_1565_heart-h,real_openml_multiclass,real_openml,12.5333,5,13,59,235,0.0,0.0,,0.0,0.0,False,235,1.1024479941931082,0.8828018593983726,0.7874775097859265,0.6951866098734161,12.5,1.3418162337585786,0.8789255423495754,0.4229729421952517,0.3822116522608488,0.2231963626698994,1.642920210651527,0.1207578202716759,0.1422713713067792,0.1212738793326658,0.1428793686200559,1.0042735042735038,0.6731878357615851,13.928609927220432,0.8916610349191039,0.1127914519222952,,,0.7965296696896044,0.1224553062924607,0.377733115837371,0.2358983344953703,2.8667835245397035,0.8641690003088027,1.236954636239463,0.9630239927569036,0.1179529198704027,0.1039273828384466,0.5234042553191489,0.441799910697267,0.1917967711138153,0.4297872340425532,0.4961022837124516,13.0,5.0,235.0,0.8548808802785408,0.733792837423092,0.9697553147798385,,0.5829787234042553,0.3938552457325887,6,0.9233362776357318,True
openml_16_mfeat-karhunen,real_openml_multiclass,real_openml,1.0,10,64,400,1600,0.0,0.0,,0.0,0.0,False,1600,0.0,0.6224369531001823,5.782161149941244,3.599030768503674,1.0,3.4594227797609958,2.173605315365959e-06,0.0,0.8115559669984502,0.1152650695237895,3.321928094887362,0.1076040300734579,0.083836964996226,0.107671324651365,0.0838893958686439,1.0006253908692928,1.0918477286458157,11.940581057021744,0.7603499777126722,0.1524957571389477,9.584416540972286e-09,3.1989351585220025e-08,0.4160416666666667,0.1985438378287594,0.0,0.0,6.503145980010178,0.1805853286592238,30.27326688495071,0.986078125,0.2782048946381782,0.1805856690683925,0.095625,0.4168193084939669,0.0611979357028331,0.043125,0.2032019716336369,64.0,10.0,1600.0,0.0,6.0338960781557,11.426611871983049,1.9728719770958392,0.9125,1.0769508598814104e-05,134,0.08423907100321727,True
openml_180_covertype,real_openml_multiclass,real_openml,38.5975,7,54,22079,88314,0.0,0.0,,0.0,0.0,False,1996,1.208583728884588,0.9324765402106256,1.4975897523062007,1.3964673108853738,38.60504201680672,0.8139706030846936,1.3465799067505444,0.2775014632245615,0.4268572605660829,0.2362983132720547,1.8658426622826385,0.0440075730497399,0.0872290945548799,0.0425990737392876,0.0747558419785856,1.0465360983813683,0.8400010447261811,52.84784890988528,0.9247499069276752,0.1413376558712602,,,0.7618479831170196,0.1886437940181401,0.3179144171517495,0.2763678782764713,2.6445073314311327,1.312835125281028,2.905745032611139,0.9984565825036849,0.035305933936199,0.0761266752451897,0.5831663326653307,0.4638525596393909,0.1579918778589102,0.3862725450901804,0.4870163201659729,54.0,7.0,1996.0,1.109916812984766,1.3724271896639757,1.946540174304695,,0.7414829659318637,0.1495594233295888,123,0.0,True
openml_181_yeast,real_openml_multiclass,real_openml,92.6,10,8,297,1187,0.0,0.0,,0.0,0.0,False,1187,1.1092869294588157,2.767902505360366,12.029986213063443,33.29782897858897,92.5,2.330089153374141,1.4536025817619336,0.1504607260707983,0.4523584363976421,0.2387197691784392,2.49110189850608,0.0852352776554038,0.117112879037352,0.0853071455117742,0.1172116251410935,1.0008431703204042,0.4052180756623049,12.240712371967936,0.7065758199892693,0.1558749642774957,,,0.4707776089960013,0.3358290634040724,0.2280299336986049,0.271910833832906,4.617681499265385,1.3463615293880091,3.475821744894083,0.9977983901704012,0.2035095526148357,0.1535005982662909,0.6596461668070767,0.4790523735758268,0.1447899375186614,0.481044650379107,0.4998511621926105,8.0,10.0,1187.0,1.6280255412612994,2.035935137217208,1.0309198974100475,,0.8087615838247684,0.0731956570755024,19,6.427378727530082e-16,True
openml_182_satimage,real_openml_multiclass,real_openml,2.4496,6,36,1286,5144,0.0,0.0,,0.0,0.0,False,1997,0.3714122132633246,0.7255479265888183,6.144758604308395,4.458316864744757,2.45,3.5600636543605577,0.0147710458370591,0.032343714851486,0.610006329217809,0.381338090423183,2.483322107993965,0.4912714679009486,0.3210659244237678,0.49592559239032,0.324232679249005,1.009473532266279,3.554251879453173,2.847860838377238,0.3441934974403737,0.0758636302789128,6.468049598817356e-06,2.03580802036838e-05,0.4295791472691421,0.2414174936385403,0.0354050712712565,0.1048193716267749,5.171390166737918,0.1596365039113388,16.129182546311768,0.9711943980066244,0.8719955956166054,0.1532693603134922,0.1847771657486229,0.3701583752959581,0.1150552976651409,0.1136705057586379,0.3174901535348423,36.0,6.0,1997.0,0.3149703636449928,2.442213565259328,7.537086354087962,1.3355021597116152,0.4556835252879319,0.0053727782030194,113,0.5058903803356884,True
openml_185_baseball,real_openml_multiclass,real_openml,21.3158,3,16,268,1072,0.0,0.0,,0.0,0.0,False,1072,1.216363541500833,0.5389109769029045,2.320937280050402,1.250778576922332,21.130434782608692,3.248124716585002,0.2369209191649776,0.8472175177114332,0.5322108319744969,0.2542196627049341,0.5401885107933424,0.5058545200125554,0.2840108151054415,0.5063268398258257,0.2842759979393401,1.0009337068160602,2.3203664240771804,4.10206939502188,0.7903049545105785,0.1043961796578561,0.0002680894094141,0.000225010421958,0.4591029436357393,0.2754138925830841,0.0597790773229369,0.1035403991529153,3.656626398421015,0.210980857640448,1.169839905398928,0.763851567721096,0.1316868289573295,0.062786324029816,0.126865671641791,0.2852334089544814,0.1376643866383002,0.085820895522388,0.2802301268732787,16.0,3.0,1072.0,0.6522942536792554,0.631124376247783,1.027998970203215,1.1695022445277146,0.2182835820895522,0.4318437727472367,9,0.0,True
openml_186_braziltourism,real_openml_multiclass,real_openml,318.0,7,8,83,329,0.0,0.0,,0.0,0.0,False,329,1.8452376606244436,1.4587152776639485,16.826640892011635,24.545278140942298,255.0,1.8749293893152663,0.7148077365499522,0.6850883598839441,0.2132075192464329,0.1723389297868268,1.055095013860084,0.1255039050665665,0.1835759570652793,0.1258865389234768,0.18413563986121,1.0030487804878054,0.6231688589118687,14.785507433933748,0.9352524613065996,0.0848902417991559,,,0.1491540044138096,0.2679467801994967,0.049530666417325,0.2042324583442922,2.85866432178656,0.696698584026119,0.5425703825938918,0.9809591559575392,0.0713600813887908,0.046167835665079,0.4437689969604863,0.4219931063715799,0.1914265882550551,0.3191489361702128,0.4668569063889621,8.0,7.0,329.0,1.663397798867034,0.4212482111796526,0.4020751881266768,,0.4772036474164133,0.6216427991393879,31,2.8918742509832063,False
openml_188_eucalyptus,real_openml_multiclass,real_openml,2.0381,5,19,148,588,0.0,0.0,,0.0,0.0,False,588,0.2927245743546596,0.792127568468342,1.6056949462770458,1.2719152334963413,2.0357142857142856,2.4045877062491137,0.5401422788241774,0.0271806125921955,0.4615932697784756,0.3048027113586404,2.261712133909535,0.1433346223882619,0.1738501062891198,0.1435788040277646,0.1741462734207873,1.0017035775127747,0.9821020794461736,11.20630173346857,0.897990215367952,0.1235186080123578,0.0165388606564164,0.0236881612320767,0.7439140070332232,0.1614325646686998,0.3820371686039202,0.3508337519091584,4.464474814588014,0.5187087336614333,4.379716547679249,0.9893765329260956,0.2018250255706341,0.1298599441818353,0.5884353741496599,0.4457731975146915,0.1823651887340392,0.4149659863945578,0.4931356737331265,19.0,5.0,588.0,0.2234544780080448,1.130987465373874,3.990150194274224,,0.7295918367346939,0.1399968021748042,12,4.1725779438208954e-16,True
openml_18_mfeat-morphological,real_openml_multiclass,real_openml,1.0,10,6,400,1600,0.0,0.0,,0.0,0.0,False,1600,0.0,0.8528787074559661,32.584028320357675,27.790223957575247,1.0,2.5375306172628007,1.0473784465762892,0.0,0.5999273310376952,0.3367699047872634,3.321928094887362,0.5712568604561582,0.3218782816348531,0.5716141192807102,0.3220795813732119,1.0006253908692953,1.5941686378475193,2.717347281813036,0.1889906100967404,0.1108022355034781,,,0.3819444444444445,0.2813682586673198,0.1965277777777777,0.2973801191915896,4.636969368546299,0.9519427603927336,36.94167191518091,0.978472265625,1.2224893436038642,0.2822905394011052,0.431875,0.3946251003858695,0.290462203381158,0.34125,0.4742773707338816,6.0,10.0,1600.0,0.0,2.7265466590081866,32.099464995786924,,0.415,0.0020179059123287,76,1.3348477765705922,True
openml_20_mfeat-pixel,real_openml_multiclass,real_openml,1.0,10,240,400,1600,0.0,0.0,,0.0,0.0,False,1600,0.0,2.219137892946337,25.1001900518522,55.7007828642199,1.0,1.4987094632438012,0.3187781322827497,0.0,0.8539827199753435,0.0915197204655278,3.321928094887362,0.1728300127853757,0.1587499432634628,0.1729380990973117,0.1588492240284808,1.0006253908692944,3.6377943519493554,10.184244943764725,0.6342546325206005,0.1364063917778799,,,0.6363194444444444,0.1761141593612656,0.018125,0.1215861962765511,4.494454506443939,0.3444341835926661,40.86415831460138,0.97755390625,0.3261830516872243,0.1132774137508765,,,,,,240.0,10.0,1600.0,0.0,6.63058524802108,14.241493016175845,,,1.284980432440472e-06,110,0.5727268509787002,True
openml_22_mfeat-zernike,real_openml_multiclass,real_openml,1.0,10,47,400,1600,0.0,0.0,,0.0,0.0,False,1600,0.0,0.5977541346398825,4.764797849420881,2.8481776152145515,1.0,3.459423167090098,1.795561255245292e-15,0.0,0.7180626185459952,0.2520694629194135,3.321928094887362,0.2569285682045014,0.2131439093621502,0.257089248985117,0.2132772076169106,1.0006253908692928,2.289624120026367,8.2776362823172,0.6231794021257104,0.1667548404604792,0.0011227363308674,0.0074650494869056,0.4834722222222222,0.2513984521417498,0.0099305555555555,0.0666161918296812,6.380037652440917,0.1739859932647945,20.63796794240698,0.99239453125,0.4013136095365425,0.1739859932647945,0.305625,0.4688627376899106,0.1785646669647678,0.215,0.4109507882264797,47.0,10.0,1600.0,0.0,5.148837430470037,7.606455470721131,,0.683125,0.000112860487218,11,1.8773677138768778,False
openml_23_cmc,real_openml_multiclass,real_openml,1.8889,3,9,295,1178,0.0,0.0,,0.0,0.0,False,1178,0.2481537872846507,0.5994558695607003,0.1932477622172722,0.1158435053406143,1.8909774436090223,1.5425596348750763,0.946481844636424,0.0438011792949926,0.3270767551573597,0.0913500642767397,1.538879262719534,0.1746895490632427,0.1502703604950693,0.1748379683912493,0.1503980328489315,1.00084961767205,0.687776169413322,43.41433649522621,0.9668855394417106,0.0233036944403633,0.765928515928516,0.048618072376628,0.964410844695904,0.0559053800862705,0.9579331317263924,0.0528566959491812,3.0459925591969537,0.9269513291033998,0.2551990985829858,0.9984557002891148,0.0354463383976569,0.0237330105433164,0.7249575551782682,,,0.5636672325976231,0.4961405486070596,9.0,3.0,1178.0,0.1739611338917678,0.2223032417718993,0.1812039869669327,1.0476130192346036,0.6960950764006791,0.7882659936078746,49,0.6687924610373145,True
openml_255_BNG(cmc),real_openml_multiclass,real_openml,1.8934,3,9,11060,44236,0.0,0.0,,0.0,0.0,False,1999,0.2484198176406688,0.6491941253215443,0.1845541632519504,0.1198114785867994,1.8932516569592288,1.671953045381137,1.0618640259529937,0.0437622774145497,0.3401826395929379,0.0568175789846746,1.5386748227524456,0.1068748874064567,0.1426962502126994,0.1069581819837646,0.1429083772644571,1.0050106804236378,0.5319789776436687,42.15062196964955,0.9647477308211008,0.0279099096599207,0.8398569428165427,0.0418486648095286,0.9929284078162648,0.0007089164758258,0.988333947141919,0.0011171008421541,3.1741236660399483,1.0424184572275683,0.2680490196352319,0.9990320322742662,0.0365042020936337,0.0260095395675768,0.7238619309654828,0.5235007448814328,0.2117852062585969,0.544272136068034,0.4981607392208769,9.0,3.0,1999.0,0.1762067017164874,0.2346766938425171,0.1691431790590542,1.027842012286278,0.7233616808404202,0.7783444232794395,49,1.4819900589996406,False
openml_265_BNG(glass),real_openml_multiclass,real_openml,155.8275,7,9,27557,110224,0.0,0.0,,0.0,0.0,False,1996,0.907525947810638,0.6692717911859705,0.6664536769266626,0.4460386460991835,156.076,3.105482961152184,0.9642526654372098,0.1570603617505649,0.2657625897442752,0.2669197394342786,2.199896145353281,0.1233675544757531,0.1038323070311823,0.1236746617825828,0.1054042176936225,1.0014633436472735,0.4860087489032114,11.596912564740428,0.8583384941125449,0.1468550382405975,0.1044237119385741,0.0910779920808722,0.6972289872618574,0.4018620885553617,0.5898154937582626,0.389997485366461,5.115682397741625,0.9854832624806354,1.735204312012083,0.9972625611945334,0.1896967087638399,0.0926092595303011,0.6012024048096193,0.4864433539997259,0.1023362670449039,0.4473947895791583,0.4973495933424501,9.0,7.0,1996.0,1.8456935091322333,0.7800092611438199,1.551015105818136,,0.7985971943887775,0.3281039216812183,53,1.776316679855137,False
openml_26_nursery,real_openml_multiclass,real_openml,2160.0,5,8,2592,10368,0.0,0.0,,0.0,0.0,False,2000,0.7663817354250111,1.116098228467788,2.8600375200587926,3.1920828094890243,1728.0,1.7070768024804697,0.3978171622090461,0.1494826666265185,0.3324181096752951,0.3919238674723855,1.7232298898390728,0.0148060257216195,0.0121062261515746,0.0149152220287576,0.0122046827690518,1.006409952096773,0.055864158970543,10.38522630638798,0.8867961891462651,0.2670754839666434,,,0.2657547302295219,0.3333489084104553,0.1377118644067796,0.3253328032303776,3.264375797893187,0.5143686804865639,3.588051050418821,0.9979175,0.1659308944263554,0.3268146061464796,0.3705,0.3937370833025249,0.1297876976954472,0.2065,0.4048947021880256,8.0,5.0,2000.0,1.4579420915580377,0.9028201522439226,3.443534003632819,,0.5555,0.1964621707672098,97,0.0,True
openml_28_optdigits,real_openml_multiclass,real_openml,1.0325,10,64,1124,4496,0.0,0.0,,0.0,0.0,False,1996,0.0118196888394897,0.8869434418371578,11.161181286506748,9.899336545222772,1.0338600451467268,2.0056953999317093,1.2663889062702864,1.5004350625735796e-05,0.7965857569354027,0.1255341659310966,3.3218405697765614,,,0.1173843990793873,0.1343570502408859,0.9828118025897464,1.4585112846810842,10.562944549685882,,,,,0.5427161386415618,0.2749231486803505,0.0,0.0,5.013055423668167,1.0991791012840737,24.886242593257062,0.9772593784763915,0.3144805460401044,0.203213180914084,0.0581162324649298,0.3643081352890456,0.0679259861725045,0.0240480961923847,0.1532369066683871,64.0,10.0,1996.0,0.0096593095330995,5.837010427899264,6.736763213904806,,0.5265531062124249,2.3411203854937413e-05,98,0.0,True
openml_2_anneal,real_openml_multiclass,real_openml,85.5,5,38,180,718,0.0,0.0,,0.0,0.0,False,718,1.414596194620986,1.1176871172797462,14.722316284999527,16.454943248261785,91.16666666666669,0.4958094272760189,0.7505295649793104,0.6386093133700226,0.7228300428516616,0.1921369571581284,1.187764057925177,,,0.0617102016993802,0.1028349078087436,0.8169272553769354,0.8371129520397781,19.284343169938246,,,,,0.1059938583848623,0.1505329457585388,0.0,0.0,1.6219813403478132,0.6741228265803741,22.53660010173377,0.9723388241866529,0.0615921448533826,0.105890340591479,0.0891364902506963,0.1646632210365993,0.1389582518290329,0.0153203342618384,0.1229091597014693,38.0,5.0,718.0,1.613883494296594,2.200682914313693,20.22420748878936,,0.192200557103064,0.0089102641234819,34,0.45090851283516786,True
openml_30_page-blocks,real_openml_multiclass,real_openml,175.4643,5,10,1095,4378,0.0,0.0,,0.0,0.0,False,1998,1.7466329791725113,0.58080356148889,2.547462934000275,1.4795755448282968,170.8695652173913,3.5163019603879517,0.1657360207990307,0.8603121729477431,0.5282248235075523,0.1513565318379489,0.6311890355422735,0.2987250173235078,0.2555313532789746,0.2847670518525008,0.2389828019063574,0.962423383119653,1.1760658243943245,4.061391542889877,0.8271035264669946,0.1037339517571128,0.0003529001027893,0.0010693152851141,0.2818713893961264,0.320488504693539,0.1403809538373371,0.3190635621441,3.99207898286114,0.2143218259014302,1.9971796615891777,0.8957583709835962,0.1554120130690851,0.0658134203118084,0.077077077077077,,,0.0445445445445445,0.206353192919591,10.0,5.0,1998.0,1.6040597838342672,1.1848122558683754,1.1325893956914823,,0.0940940940940941,0.2218466989468735,73,1.2092005680526244e-15,True
openml_32_pendigits,real_openml_multiclass,real_openml,1.0844,10,16,2199,8793,0.0,0.0,,0.0,0.0,False,1993,0.0399213566328149,1.0638405468220165,11.868343748458855,12.626025303232131,1.0841232227488151,3.236840352236515,0.343132189222928,0.0002045108144584,0.6798127340859498,0.2222199964847805,3.320732644055542,0.2734009707406783,0.2036430305310614,0.2731924434281091,0.2039566154401453,0.9980299219983784,1.361727017554566,4.551256462175903,0.4900871711260595,0.1373570812000945,0.0116072327928533,0.0398016009755328,0.3462082420909335,0.2860466558753971,0.0058902275769745,0.039512847795177,5.827943129978626,0.4531342309529206,16.763393832742587,0.9722037668719596,0.7296298663134306,0.2367153980027062,0.0526843953838434,0.2751741909144164,0.0903015038324919,0.0150526843953838,0.121793037197157,16.0,10.0,1993.0,0.0392235511380441,4.554361995530296,7.184143884806026,3.9193718253760896,0.1976919217260411,0.0004519978294199,40,2.391654643720554e-16,False
openml_35_dermatology,real_openml_multiclass,real_openml,5.6,6,34,74,292,0.0,0.0,,0.0,0.0,False,292,0.4518471918485108,0.5153104922292725,19.296182949537737,9.943525533872387,5.5625,1.125783969693812,0.4915635427793571,0.0496887195946887,0.915640187298926,0.1208166911697281,2.434537549231454,0.2289211900482101,0.2087793449077943,0.2297078608043892,0.2094967997012916,1.0034364261168374,1.812069761275778,5.590717258055117,0.4437704403838178,0.3003531571184611,,,0.066578831796223,0.1831748788287008,0.0,0.0,3.124860837073798,0.5633708775301841,114.80365458269428,0.883233252017264,0.4354606818514684,0.2284315098870612,0.0753424657534246,0.3169207372315508,0.0917994964669266,0.0342465753424657,0.182174100544489,34.0,6.0,292.0,0.5360296554849457,4.250371454444868,73.31475625153547,,0.1952054794520548,2.6035501388427827e-06,43,0.048050336500145396,False
openml_36_segment,real_openml_multiclass,real_openml,1.0,7,19,462,1848,0.0,0.0,,0.0,0.0,False,1848,0.0,1.2253027700701151,46.43435759856774,56.89614699195136,1.0,3.0599499022552856,1.2462819541743486,-2.220446049250313e-16,0.7524652145764299,0.2574946442700306,2.807354922057604,,,0.2462294692976196,0.3197947582743802,0.9478813438577466,1.770982930110834,3.229564533058252,,,,,0.1612554112554112,0.2663785769194609,0.0185786435786435,0.082151177388149,4.998037499470439,0.9717173373105176,54.80808272117982,0.950618487753228,0.8692673248424503,0.5785186952754593,0.0698051948051948,0.1787455122587014,0.1429406980473004,0.0275974025974025,0.1638606583616315,19.0,7.0,1848.0,0.0,3.728740854024064,32.98609239794823,,0.1558441558441558,8.86191780371992e-05,20,0.8920392649523122,False
openml_375_JapaneseVowels,real_openml_multiclass,real_openml,2.0639,9,14,1993,7968,0.0,0.0,,0.0,0.0,False,1996,0.234170402908534,0.6540099834803165,4.106384426823641,2.685616411150758,2.0656,3.578679962015028,0.0206967384332286,0.0079082227678497,0.6572610954030028,0.2536305611454776,3.1317535440813176,0.2352342613540552,0.1626032114693228,0.2364865812896269,0.1632005114216865,1.0065362595553795,1.0736378992841316,8.191032363240701,0.6903342775127067,0.1887778208162752,0.0046729865770995,0.0048171270290798,0.5186776150137605,0.2427939423237222,0.0417292152433929,0.0915785242529784,6.328094210486205,0.2025843072500733,14.661824070444366,0.99043377335834,0.3823392956101409,0.2105383700767397,0.1402805611222445,0.3570949275522413,0.0933747476344153,0.0596192384769539,0.2368393707335097,14.0,9.0,1996.0,0.1951334359167562,3.90623641107163,5.512401579908292,,0.5345691382765531,0.0012296109994223,141,0.0,True
openml_377_synthetic_control,real_openml_multiclass,real_openml,1.0,6,60,120,480,0.0,0.0,,0.0,0.0,False,480,0.0,0.7238279983972159,11.137674164866768,8.061760397555895,1.0,2.8073173254296764,8.956737291214457e-16,0.0,0.6971273360697612,0.3422942514335964,2.584962500721156,0.4570227389213381,0.2716199887643938,0.4579768573742009,0.2721870451083695,1.0020876826722338,4.126403274315605,3.163523481745648,0.4017098717781208,0.2136714051243692,1.7054036460873353e-13,4.850652001164305e-13,0.1045833333333333,0.1739199237607709,0.0,0.0,4.575164822694381,0.3179255345704867,34.10760606416227,0.9375347222222222,0.8171150034564502,0.3179255345704867,0.0625,0.4199275842827306,0.0499867520159872,0.0145833333333333,0.1200027545496888,60.0,6.0,480.0,0.0,2.8985940317365526,18.287061160226997,1.571011507096463,0.81875,0.0006378878465666,120,0.0,True
openml_378_ipums_la_99-small,real_openml_multiclass,real_openml,29.4569,7,60,1769,7075,0.0,0.0,,0.0,0.0,False,1997,1.477764262905758,1.11159533413192,2.616693325697004,2.908704091698926,29.37974683544304,1.4327346747433642,0.8663198196618062,0.4893583664348894,0.3978456203537432,0.2917135225215456,1.7547971513148075,,,0.1923047104695141,0.1962096016916377,0.996289227978072,2.1343547986103006,14.029227843592905,,,,,0.604873940824153,0.3886448993549332,0.2727323683420495,0.337575247886502,3.0624503054728307,0.8361689599696833,4.791218767902088,0.9394986320241504,0.1250815205853412,0.1221113990349998,0.3485227841762644,0.3657215456093611,0.1834531266296251,0.2699048572859289,0.4440213405492674,60.0,7.0,1997.0,1.2326503441414212,1.3751707219175704,4.011269953917869,,0.5653480220330496,0.102727632710307,111,0.4829348482558891,True
openml_381_ipums_la_98-small,real_openml_multiclass,real_openml,67.6338,7,60,1497,5988,0.0,0.0,,0.0,0.0,False,1997,1.444355826937621,0.789105853619833,0.9480825802557854,0.7481375137948354,67.3859649122807,1.413817735002339,0.8756959883923676,0.4656882817496753,0.3781469816513,0.2916786079075746,1.7606295067544293,,,0.1906447315507267,0.2019118233751096,1.000646407127806,2.174454226924652,14.36118979360757,,,,,0.5550436128007528,0.3484441736215253,0.2094088047289249,0.2798995744071738,3.0518508878294552,0.8493003213452521,5.863783801006924,0.939223055915872,0.122596353927313,0.1292866535351271,0.3625438157235854,0.3626794924168202,0.1844224514087839,0.2924386579869805,0.454996654690296,60.0,7.0,1997.0,1.6112162691584897,1.283352889946435,5.321443144697928,,0.5202804206309464,0.0971751230753244,111,0.4829348482558891,False
openml_382_ipums_la_97-small,real_openml_multiclass,real_openml,7.5116,8,60,1404,5615,0.0,0.0,,0.0,0.0,False,1996,0.5824048994633608,1.1720405798286213,0.6824034207951394,0.7998045009857698,7.48792270531401,1.4206824272655472,0.8989253334456926,0.0568736477100043,0.311833202953835,0.1865238026187701,2.7574752701469656,,,0.2018496808386811,0.2085921258044555,0.982624566407475,2.254889380037524,39.17638499309344,,,,,0.8479346224338427,0.1150052196032573,0.6064062879285358,0.2704935693745269,4.107771538234399,0.8731044571467058,1.3577170700766932,0.9992570310962606,0.0703861591781143,0.0906125893090587,0.8396793587174348,0.5469342640320013,0.105219693428964,0.7104208416833667,0.4536807123057896,60.0,8.0,1996.0,0.5896491582357524,0.8894263989113291,0.8924409246341749,,0.937875751503006,0.3401407638740152,147,1.3714700272437301,False
openml_39_ecoli,real_openml_multiclass,real_openml,71.5,8,7,68,268,0.0,0.0,,0.0,0.0,False,268,1.0806217528297286,1.3904436092650676,10.902902309432294,15.15987083859148,57.0,1.8760972985523647,1.198177166692035,0.1985069924403615,0.6066966620817651,0.29676232184491,2.204186171006015,0.1839227822713188,0.1878720737950331,0.1846116316431214,0.1885757145208574,1.0037453183520586,0.6896681683818878,4.522498223230299,0.4253396556567043,0.1439945335348072,,,0.173975762743428,0.2191643243541347,0.0477094571065105,0.1456477552395104,3.592901040155982,0.94093515131395,10.198296920814863,0.963786478057474,0.4873824294023988,0.3354427710389691,0.291044776119403,0.4049943029661157,0.135645122239318,0.2164179104477611,0.4125728227356194,7.0,8.0,268.0,1.1833556660845432,3.1049731324687806,4.0802442601354825,,0.4365671641791044,0.0058419336266726,82,0.0,True
openml_40474_thyroid-allbp,real_openml_multiclass,real_openml,52.6452,5,26,560,2240,0.0,0.0,,0.0,0.0,False,2240,1.0632819001726184,0.6457669138763784,0.9994271676681802,0.6453969977092905,52.2,1.045264385546558,1.4427238209228137,0.3522533463938434,0.4654170280861723,0.1672392359025685,1.5286413272552644,0.0621065829591247,0.1225953512656713,0.0621343214955068,0.1226501057771791,1.000446627958915,0.7002094953302147,31.269721861043717,0.9416648444518212,0.073958363879055,,,0.7760097735489775,0.1583157349061192,0.4476465798379143,0.3453288206806046,2.52502004205463,1.4062006307628263,1.3964402020439155,0.9957382015306122,0.0488856707471923,0.054211540938205,,,,,,26.0,5.0,2240.0,1.1539244347566595,0.9503589262060848,0.659822844268201,,,0.3193655975126832,28,0.4541943854964818,True
openml_40475_thyroid-allhyper,real_openml_multiclass,real_openml,52.6452,5,26,560,2240,0.0,0.0,,0.0,0.0,False,2240,1.0632819001726184,0.6457669138763784,0.9994271676681802,0.6453969977092905,52.2,1.045264385546558,1.4427238209228137,0.3522533463938434,0.4654170280861723,0.1672392359025685,1.5286413272552644,0.0621065829591247,0.1225953512656713,0.0621343214955068,0.1226501057771791,1.000446627958915,0.7002094953302147,31.269721861043717,0.9416648444518212,0.073958363879055,,,0.7760097735489775,0.1583157349061192,0.4476465798379143,0.3453288206806046,2.52502004205463,1.4062006307628263,1.3964402020439155,0.9957382015306122,0.0488856707471923,0.054211540938205,,,,,,26.0,5.0,2240.0,1.1539244347566595,0.9503589262060848,0.659822844268201,,,0.3193655975126832,28,0.4541943854964818,False
openml_40476_thyroid-allhypo,real_openml_multiclass,real_openml,52.6452,5,26,560,2240,0.0,0.0,,0.0,0.0,False,2240,1.0632819001726184,0.6457669138763784,0.9994271676681802,0.6453969977092905,52.2,1.045264385546558,1.4427238209228137,0.3522533463938434,0.4654170280861723,0.1672392359025685,1.5286413272552644,0.0621065829591247,0.1225953512656713,0.0621343214955068,0.1226501057771791,1.000446627958915,0.7002094953302147,31.269721861043717,0.9416648444518212,0.073958363879055,,,0.7760097735489775,0.1583157349061192,0.4476465798379143,0.3453288206806046,2.52502004205463,1.4062006307628263,1.3964402020439155,0.9957382015306122,0.0488856707471923,0.054211540938205,,,,,,26.0,5.0,2240.0,1.1539244347566595,0.9503589262060848,0.659822844268201,,,0.3193655975126832,28,0.4541943854964818,False
openml_40477_thyroid-allrep,real_openml_multiclass,real_openml,52.6452,5,26,560,2240,0.0,0.0,,0.0,0.0,False,2240,1.0632819001726184,0.6457669138763784,0.9994271676681802,0.6453969977092905,52.2,1.045264385546558,1.4427238209228137,0.3522533463938434,0.4654170280861723,0.1672392359025685,1.5286413272552644,0.0621065829591247,0.1225953512656713,0.0621343214955068,0.1226501057771791,1.000446627958915,0.7002094953302147,31.269721861043717,0.9416648444518212,0.073958363879055,,,0.7760097735489775,0.1583157349061192,0.4476465798379143,0.3453288206806046,2.52502004205463,1.4062006307628263,1.3964402020439155,0.9957382015306122,0.0488856707471923,0.054211540938205,,,,,,26.0,5.0,2240.0,1.1539244347566595,0.9503589262060848,0.659822844268201,,,0.3193655975126832,28,0.4541943854964818,False
openml_40478_thyroid-dis,real_openml_multiclass,real_openml,52.6452,5,26,560,2240,0.0,0.0,,0.0,0.0,False,2240,1.0632819001726184,0.6457669138763784,0.9994271676681802,0.6453969977092905,52.2,1.045264385546558,1.4427238209228137,0.3522533463938434,0.4654170280861723,0.1672392359025685,1.5286413272552644,0.0621065829591247,0.1225953512656713,0.0621343214955068,0.1226501057771791,1.000446627958915,0.7002094953302147,31.269721861043717,0.9416648444518212,0.073958363879055,,,0.7760097735489775,0.1583157349061192,0.4476465798379143,0.3453288206806046,2.52502004205463,1.4062006307628263,1.3964402020439155,0.9957382015306122,0.0488856707471923,0.054211540938205,,,,,,26.0,5.0,2240.0,1.1539244347566595,0.9503589262060848,0.659822844268201,,,0.3193655975126832,28,0.4541943854964818,False
openml_40496_LED-display-domain-7digit,real_openml_multiclass,real_openml,1.5405,10,7,100,400,0.0,0.0,,0.0,0.0,False,400,0.1204159457879229,0.4936159650284896,6.979325845288109,3.445106662370169,1.5862068965517242,0.8840852170456692,0.10110746281892,0.001767315419037,0.6698467341084269,0.1963993263752771,3.3110098462966446,0.1635853782281568,0.1173904717012788,0.1639953666447687,0.1176846834098032,1.00250626566416,0.5297099143510237,7.569604794348561,0.4206647810389928,0.0833200060102237,0.8,0.4045199174779452,0.9176149177159948,0.1886995427983897,0.8520447815095703,0.3473446109213216,3.7576865147786376,0.040665437957637,10.16808625402743,0.99403125,0.4374085485636756,0.1059977074965173,0.6425,,,0.3625,0.4813241447619545,7.0,10.0,400.0,0.128996408907404,3.3722987027740547,4.196258288395794,,0.065,0.0045842422529635,57,0.0,True
openml_40497_thyroid-ann,real_openml_multiclass,real_openml,37.5054,3,21,755,3017,0.0,0.0,,0.0,0.0,False,1999,1.2550145870158973,0.4951260287788659,3.7204535867737416,1.8420934096753705,37.7027027027027,1.161114167653557,1.526671235320337,0.8790811013147753,0.3924847352530107,0.346375914159891,0.4528430443844803,0.0527526681936001,0.0933681957149461,0.0521864051398604,0.0921850404364872,0.9461833436203372,0.5367892161774893,14.334193300491616,0.9422211501525444,0.1286932083333783,,,0.0334340241189556,0.0349606011360459,0.0,0.0,1.5823654067029616,1.479599409296881,0.7065850459761418,0.9786796850150938,0.0315918053350759,0.0693902690930538,0.1170585292646323,0.2781377605027986,0.1515180653019897,0.0740370185092546,0.2618966408352653,21.0,3.0,1999.0,0.7534841307340704,0.428064808723352,0.6843264413362358,,0.1715857928964482,0.5807817469521719,2,0.3768129287051751,False
openml_40498_wine-quality-white,real_openml_multiclass,real_openml,439.6,7,11,980,3918,0.0,0.0,,0.0,0.0,False,1998,1.1278503099808852,0.9499072282407192,0.7360588893364295,0.69918765939151,439.5,3.570381202324715,0.0116670473777394,0.2393964271858538,0.1971388523418427,0.1963442111772478,1.859585472380131,0.1854353972117626,0.1962063752672064,0.1843641474139418,0.1944280919554359,0.9964298867913154,0.8852473714519398,20.315403445030096,0.9400126239840476,0.0666205493692768,0.0144724539807991,0.0297549226827723,0.595929642122942,0.3912538055896127,0.3394986382134325,0.3916478352003955,5.338430935460885,0.053750838653025,0.5822420405007281,0.9988399310221132,0.0915357392439604,0.0554632148086616,0.7067067067067067,0.4062600603367687,0.2241005333293969,0.4344344344344344,0.4958066071998941,11.0,7.0,1998.0,1.7972854974615429,0.4259376089300318,0.4707459868321601,,0.8148148148148148,0.609944085827398,31,0.9572334808846923,False
openml_40663_calendarDOW,real_openml_multiclass,real_openml,2.1818,5,32,80,319,0.0,0.0,,0.0,0.0,False,319,0.2386154512098441,0.3748614757149865,0.5027671394648283,0.1884680318407879,2.2,1.3556645378659056,0.4917298610223019,0.0164864669904449,0.5675061254087559,0.1197784130037629,2.275739008834458,0.2524776605273881,0.1757109671908215,0.2532716154347069,0.1762635174021133,1.0031446540880498,1.744960285958303,22.906059471597555,0.9485620368869394,0.0329540656875752,0.0048237724139766,0.0053415937194617,0.8805622084029432,0.0765167396795833,0.18784885253334,0.1827459260312279,3.532052586241352,0.4580024726279633,2.192802377474722,0.9815548196263796,0.0993509604590116,0.0625678794215169,0.6677115987460815,,,0.3855799373040752,0.4874967108794018,32.0,5.0,319.0,0.3113059457767465,1.3312934141709345,0.9088219449462752,,0.5078369905956113,0.1857781740975426,117,0.9848002262883867,True
openml_40664_car-evaluation,real_openml_multiclass,real_openml,18.6154,4,21,346,1382,0.0,0.0,,0.0,0.0,False,1382,1.0825055912446406,0.7313110831082613,1.3472395342801196,0.9852512030206638,18.615384615384617,0.8570710925512257,0.0547355001332109,0.5069562793245246,0.4382476667377787,0.2804377615524126,1.205103129912393,0.0598165145369061,0.1300374704270846,0.0598598284504015,0.1301316322449177,1.0007241129616251,0.6551128391800342,26.768548016919546,0.9496014684417684,0.0643944596967507,,,0.5839923631035727,0.1726502531813998,0.135129731707187,0.1695044072312239,2.017154853869152,0.0608157627182517,1.5366711367091013,0.9954139536442288,0.0450193685944671,0.0635288312786741,0.2988422575976845,0.4544138925691848,0.0784677458799868,0.2141823444283647,0.4104024146636686,21.0,4.0,1382.0,0.7955011554733668,0.7334737284123773,1.3666337502320172,,0.5397973950795948,0.3590534940790803,28,1.465246430168028,False
openml_40668_connect-4,real_openml_multiclass,real_openml,6.8961,3,42,13512,54045,0.0,0.0,,0.0,0.0,False,1998,0.7136716776031751,0.2035633687518709,0.0215578275135262,0.0043883839916251,6.896297732118628,0.6662320405826726,0.5598825614762083,0.3647837350250702,0.2082337058738824,0.0670126135427009,1.2174401128147587,0.0843620574454249,0.100726643272131,0.085174390868934,0.1029891453338776,1.0359222626414413,0.918073897547556,193.4015323972504,0.9980046488968124,0.0023724921597373,,,0.99643126887198,0.0016583121846156,0.9906679126681078,0.003777328818121,1.8773772699095683,0.5537440054289349,0.0964683090405111,0.9990443396349302,0.0062948834878625,0.0089774691573887,0.5620620620620621,0.4764227991275966,0.1241802578344761,0.4149149149149149,0.492830691925862,42.0,3.0,1998.0,0.4971069985312749,0.0912132428977645,0.0699088732647058,,0.6631631631631631,0.9104772768904044,33,0.0,True
openml_40670_dna,real_openml_multiclass,real_openml,2.1621,3,180,638,2548,0.0,0.0,,0.0,0.0,False,2548,0.3943483055274502,0.2412457528147258,2.310376096126558,0.5573684205951989,2.161764705882353,0.8055242544808325,0.0653964250740052,0.1242980502181073,0.8480722078419398,0.0301090502369802,1.4797016542904289,0.0322657190035419,0.0414554847841829,0.0322783871303592,0.0414717609855118,1.0003926187671814,0.7050567391765604,68.52065691762033,0.9745506542055996,0.0589789772255859,0.3333333333333333,0.5773502691896258,0.9016780513858436,0.0851497402576,0.8967800922021701,0.0897151769871947,2.2636309369648844,0.0750219107989008,5.25509606784192,0.9984269066882882,0.0215949718063768,0.0510641764533145,,,,,,180.0,3.0,2548.0,0.3078347314065436,1.4393594943339778,3.094856426697605,,,0.0772754075788259,15,0.6046973935621143,False
openml_40672_fars,real_openml_multiclass,real_openml,4679.5556,8,29,20194,80774,0.0,0.0,,0.0,0.0,False,1998,1.0466506123392536,3.2899967587418515,9.02672267192258,29.69788833268688,4813.285714285715,1.069441127908818,0.8711404614094906,0.1861578284764962,0.3259209735007882,0.2943299699787021,2.1857890874938266,0.0854008734170268,0.1565520791072942,0.0860354751644328,0.1612404988710382,0.9968598557706108,0.984334807507319,16.847796068284683,0.9309677863741468,0.1119365858594578,,,0.279979172618403,0.3316249743206685,0.1337118210712133,0.310845203173169,3.125492825501037,0.8556106710472342,2.5355915920480503,0.9970368266164062,0.1297373899016079,0.2248292585935639,0.4809809809809809,,,0.3413413413413413,0.4742784125611611,29.0,8.0,1998.0,2.403958930540425,1.2633521541398929,1.2597141324774963,,0.586086086086086,0.1753957648584381,140,0.0,True
openml_40677_led24,real_openml_multiclass,real_openml,1.1385,10,24,640,2560,0.0,0.0,,0.0,0.0,False,2560,0.0418534226124339,0.1572626560743266,3.936189161100797,0.6190155622856871,1.139240506329114,0.9652142729588608,0.0765893163414702,0.0002157332396802,0.5207869478089382,0.3080813721712666,3.3206551902120984,0.0269949960493361,0.0513548823376635,0.027005545090387,0.051374950677772,1.0003907776475167,0.283934726229394,28.016073350294945,0.8385879723371552,0.2564311703686794,1.0,0.0,1.0,0.0,1.0,0.0,4.167342675041418,0.2404643605628999,9.0100680043887,0.9993830871582032,0.1185267881295413,0.193377588892479,,,,,,24.0,10.0,2560.0,0.0355524974500304,3.2002844601047915,3.824038483991352,1.0447519845143325,,0.0068765189369797,90,0.0,True
openml_40678_led7,real_openml_multiclass,real_openml,1.263,10,7,640,2560,0.0,0.0,,0.0,0.0,False,2560,0.0628408673505944,0.149787530277722,3.9129564417820086,0.5861120814988302,1.2638888888888888,0.878062263898409,0.1068779709608775,0.0004827630762348,0.6529848858755077,0.1972159259858523,3.318990003522703,0.1856754534414465,0.1028570237948925,0.1857480112583441,0.1028972180206801,1.0003907776475216,0.558660763774385,8.136322394896032,0.4419458815784285,0.0810801102280259,1.0,0.0,1.0,0.0,1.0,0.0,3.789129640657364,0.0245018245614487,9.033789614842188,0.9998495483398436,0.4079226267637486,0.0986934583817834,,,,,,7.0,10.0,2560.0,0.066802449494675,3.2180895570476906,3.816673379970026,,,0.0067263611352501,56,0.0,True
openml_40682_thyroid-new,real_openml_multiclass,real_openml,5.0,3,5,43,172,0.0,0.0,,0.0,0.0,False,172,0.7734087975960878,0.5132703095300563,6.000294880857543,3.079773210769363,5.0,2.3111954575311096,0.0107188858399329,0.4370001083775875,0.7671010939238274,0.1760813581827771,1.1851490029117324,0.4161863736983338,0.1561679733567537,0.4186202121410141,0.1570812363588399,1.005847953216374,0.9936044115929822,2.589115012756913,0.5145837660558671,0.134087876242107,0.0003966792935118,0.0003824334958388,0.1321321321321321,0.1186946196634935,0.0,0.0,3.038601564869511,0.2034686277558894,4.580633257614348,0.7615603028664143,0.4577428955733315,0.2119106928308876,0.1104651162790697,0.2619724864476815,0.1125923838694398,0.0523255813953488,0.2233329375152536,5.0,3.0,172.0,0.4777194975592747,1.2078928212977569,3.877272016581379,2.448007707129436,0.127906976744186,0.1203694458714453,60,0.0,True
openml_40685_shuttle,real_openml_multiclass,real_openml,4558.6,7,9,11600,46400,0.0,0.0,,0.0,0.0,False,2000,1.8738837613253072,4.035032687046143,64.56307809928931,260.5141305069453,4558.625,2.928782622978245,0.7335117316421365,0.7014268518964814,0.3110932183404286,0.3669552406263082,0.972366554869076,0.1947482463539104,0.2756936652174638,0.2083881903300539,0.287185414710551,1.1860558407089217,1.36674483050833,3.531345757102772,0.7084649922826561,0.2636517139844621,5.34852854527478e-10,1.8657792448923424e-09,0.0103692176345828,0.0462193573764937,0.0,0.0,3.625796204292322,0.6606680024240321,7.59103291258107,0.8179295,0.2753529735549985,0.2283009348917608,0.018,0.0525470739903686,0.0905557692318532,0.007,0.0833935083721707,9.0,7.0,2000.0,2.088755559216656,1.2539546860999926,7.053673352470415,,0.0265,0.0793733489640956,17,2.756095116946746e-15,True
openml_40686_solar-flare,real_openml_multiclass,real_openml,4.1905,5,12,63,252,0.0,0.0,,0.0,0.0,False,252,0.3568340816883547,0.7717776050487208,4.549718598823448,3.5113709238455826,4.117647058823529,0.6970069169957097,0.5662763904128412,0.0357375250788722,0.5319163747747058,0.3052198632687325,2.210782353002245,0.1552766806266268,0.1117506157388837,0.1558953128203585,0.1121958373155327,1.0039840637450206,0.6636311803086616,11.760054239058135,0.8248870687462664,0.1966742284679991,,,0.2649894371663258,0.4268888902489976,0.2418122852842516,0.392291904602052,2.719798440358779,0.3323299803485146,3.814313556752909,0.9805209120685312,0.1879908296391758,0.3045169158914497,0.7103174603174603,,,0.3174603174603174,0.4664145455488072,12.0,5.0,252.0,0.544705666340396,1.4112176138152124,2.373292317354455,,0.3293650793650793,0.111590702243468,51,1.6752399959888644,False
openml_40691_wine-quality-red,real_openml_multiclass,real_openml,68.1,6,11,320,1279,0.0,0.0,,0.0,0.0,False,1279,1.0694395764213451,0.7310652160201354,1.3058878947413093,0.9546892158671352,68.125,3.3043768757395253,0.023060107217419,0.2498989777344112,0.2457814711353357,0.2227295154869449,1.7101198592052465,0.2020777836540022,0.1878661644433175,0.2022359039855001,0.1880131645719902,1.000782472613459,0.9119548399097394,17.116831213174923,0.9327116123044942,0.0823467422531208,0.0212473618691446,0.0384355460613312,0.6125084804440432,0.2997813861858052,0.3030040429543822,0.3760595546604183,4.914588063888358,0.0753009346853953,0.7487328130107239,0.9976709227852828,0.0999086710564136,0.0645335346892942,0.6301798279906177,0.3680688523562009,0.2349442847229352,0.3682564503518373,0.4825201284929455,11.0,6.0,1279.0,1.1508105086258236,0.5004764060434462,0.6264517660857332,,0.7599687255668491,0.5460139072170609,31,1.3491366656978931,False
openml_40700_cars1,real_openml_multiclass,real_openml,3.6029,3,7,79,313,0.0,0.0,,0.0,0.0,False,313,0.6222572744352484,0.6321997462883829,1.3183321807754,0.8334492702100185,3.6296296296296298,2.405499882127076,0.4112728563846671,0.2976567575356827,0.4794855935635183,0.3386837770070268,1.3257514675591269,0.6324889594055548,0.2334869104913144,0.6345161676087783,0.2342352659736583,1.0032051282051289,1.7843905871576586,5.07661561849199,0.7416582064680731,0.1546704534592491,0.0533537948441711,0.072999076265325,0.5740594220594221,0.2286504139815729,0.3958702878702879,0.1309418247215945,3.470102669701457,0.4612685758550149,1.131169211333733,0.9171268462472824,0.2611486799847458,0.1536300737895026,0.3929712460063898,0.346277392794485,0.2037060701081494,0.255591054313099,0.4368913922677659,7.0,3.0,313.0,0.4022243982421409,0.5745195696776644,1.070048669032328,,0.4408945686900958,0.4552549971309749,44,0.5619265982442507,False
openml_40707_allbp,real_openml_multiclass,real_openml,257.7857,3,29,755,3017,0.0,0.0,,0.0,0.0,False,1998,1.3235339914781814,0.9909261034296908,6.318735128843261,6.261399579828957,262.45454545454544,0.9504654157653109,1.324186551023519,0.9334812213532266,0.3482730544248963,0.3020474661316151,0.2712907509546948,,,0.0773833120584038,0.1450415583216102,0.962806954779096,0.930447514945838,25.09498272848111,,,,,0.1924894664880852,0.3244222483790143,0.1264021429767286,0.2189349338212795,1.2109456093313051,1.3087936372421989,0.4797792483817339,0.957962466971476,0.0108105573887005,0.0212714680071354,0.0645645645645645,0.2292184447571024,0.1291488070005727,0.0365365365365365,0.1876679122395273,29.0,3.0,1998.0,1.165427642437989,0.3338209126734228,0.4613017550361348,,0.1066066066066066,0.6719062143994875,127,0.0,True
openml_40708_allrep,real_openml_multiclass,real_openml,107.2941,4,29,755,3017,0.0,0.0,,0.0,0.0,False,1997,1.6562867120242533,0.5354125215249226,6.201708414307986,3.320472339866968,108.07407407407408,0.9468250029586498,1.324831758383759,0.956611783549236,0.302461594594321,0.1881887872155765,0.2511614039620954,,,0.0768178559251477,0.14154381734908,0.9582531265763324,0.9128938183915414,20.40333484530881,,,,,0.2270312983256749,0.2773545263161514,0.0130838385555366,0.0227415276952487,1.1856765857142455,1.3120687581142445,0.4355664115589836,0.8564887892680282,0.0123098212064996,0.0243765485174255,0.0495743615423134,0.1796186504321325,0.1260067548464842,0.0330495743615423,0.1788108236863862,29.0,4.0,1997.0,1.0018502041903987,0.3452790878809572,0.3327537206666818,,0.0766149223835753,0.6795266281825527,37,0.0,True
openml_40711_cleveland-nominal,real_openml_multiclass,real_openml,12.6154,5,7,61,242,0.0,0.0,,0.0,0.0,False,242,0.8818805309969359,0.9066939687957198,0.514683496992159,0.4666604225614805,13.1,1.0366678818378146,0.2944723894199268,0.270071802189065,0.2912127606870718,0.2626212826439426,1.8432431048504907,0.1448058220816279,0.1295946058901367,0.1454066761151619,0.1301323428440379,1.0041493775933623,0.5107816440572936,14.96996319534345,0.8575441047977741,0.0957814609225196,0.7444444444444445,0.1892154040658488,0.9787123022143206,0.0253285026994672,0.9769579162494082,0.025645972197486,2.756781552046552,0.2504606514521928,0.9519221635107776,0.981404958677686,0.1231294346417531,0.0852131461571055,0.5950413223140496,,,0.5289256198347108,0.5001971423015396,7.0,5.0,242.0,0.8328753022180443,0.5461293022405919,0.8676662726268708,,0.2231404958677686,0.4928355473102596,137,1.2984294972353263,True
openml_40966_MiceProtein,real_openml_multiclass,real_openml,1.4286,8,77,216,864,0.0,0.0,,0.0,0.0,False,864,0.0962250448649376,0.5983625726872343,4.004048315065595,2.395872650966635,1.4285714285714286,3.1500258172639546,0.0766931206779962,0.0014866204162535,0.8528965345818748,0.0907972602410746,2.993026787316555,0.2604495309214324,0.1975791689564479,0.2607513264381432,0.1978081135322955,1.0011587485515645,2.87178632977815,9.192650342145424,0.7926582449145352,0.1384024581162455,1.814067166118653e-13,6.867238441552163e-13,0.2500651777523875,0.3130598341675624,0.0,0.0,5.817463500685797,0.2080461088163479,62.78039809238544,0.989070269633059,0.3255891038947129,0.2017807551615794,0.0925925925925925,0.2908752259834476,0.0613721708069218,0.0034722222222222,0.0588572455801391,77.0,8.0,864.0,0.1175992233062495,5.14149234571611,45.42600545714836,,0.412037037037037,1.0906801381295372e-05,48,0.05598514781325282,True
openml_40975_car,real_openml_multiclass,real_openml,18.6154,4,6,346,1382,0.0,0.0,,0.0,0.0,False,1382,1.0825055912446406,0.7746541433056934,0.8636358279118682,0.6690190723991715,18.615384615384617,1.79193894075254,0.2270908284705796,0.5069562793245246,0.2284483751404341,0.2248814901324503,1.205103129912393,0.0095032726783674,0.0077403549873999,0.0095101541212916,0.0077459598787738,1.0007241129616236,0.029642159120893,10.517585338143691,0.9574221421522348,0.0562258264785585,0.1111111111111111,0.1956312984628779,0.5436546427116093,0.1592191462560657,0.21024352386595,0.2394393887716822,2.8824622416292804,0.2999341128073906,0.3167325559662849,0.9929117598396584,0.1145798290356528,0.1034064629456004,0.2698986975397974,0.3983489984926278,0.0993752043554683,0.1685962373371924,0.3745304341789997,6.0,4.0,1382.0,0.7955011554733668,0.2577093495212963,0.2684373361945327,,0.447178002894356,0.7520470187790951,4,0.29374502621634063,True
openml_40982_steel-plates-fault,real_openml_multiclass,real_openml,12.2364,7,27,389,1552,0.0,0.0,,0.0,0.0,False,1552,0.7443151048377402,3.0424368536663824,10.680188819790796,32.49380006944718,12.227272727272728,3.081937638433922,0.8090315957919932,0.1086587036925381,0.5632883611994121,0.2077750104318268,2.411248759162973,0.2738740731100771,0.2480539604554968,0.2740506521385176,0.2482138920869966,1.0006447453255998,1.9200354046579504,5.789038196762869,0.7230466704240794,0.157508269728367,,,0.506170594712029,0.301482594747042,0.0983631405619225,0.1938942256392883,5.076666644710948,0.7831542305996368,5.3582955145349445,0.988564389812945,0.4165197528859461,0.1693506860931875,0.4271907216494845,0.3921312290853247,0.1606027229918628,0.2744845360824742,0.4463979972039693,27.0,7.0,1552.0,0.736863840690087,2.119614941976044,3.219168448557601,,0.5818298969072165,0.0441738785436161,41,5.23691153334427e-16,True
openml_40997_jungle_chess_2pcs_endgame,real_openml_multiclass,real_openml,17.4,3,46,941,3763,0.0,0.0,,0.0,0.0,False,1998,0.6540843913862174,0.9219646007611207,2.152801704710187,1.984806964200988,17.396551724137932,1.5858761015851994,1.1910320040721618,0.2318010699283094,0.6770879900817218,0.3545633588947621,1.158513135687612,,,0.1481405201434555,0.2100471716125835,0.9392810199214078,1.760797599159826,11.524142257548206,,,,,0.7265182387233665,0.1616671579922174,0.527039269761868,0.2303132187816239,2.643860008303186,1.1736184573150017,6.406963335761893,0.9382072262452644,0.1005292289696264,0.1104795029582446,0.019019019019019,0.1741138091591528,0.0828213520425774,0.004004004004004,0.0631662009099017,46.0,3.0,1998.0,0.6391689450586611,1.0426114680965477,6.184776269670907,,0.0965965965965966,0.1138804219391409,103,1.6890743366814693,True
openml_41000_jungle_chess_2pcs_endgame,real_openml_multiclass,real_openml,12.7949,3,46,941,3763,0.0,0.0,,0.0,0.0,False,1998,0.6317171557056939,0.1762810887326348,1.32876877515987,0.2342368063591116,12.794871794871796,1.6146550836369309,1.2298135424811465,0.2197349352131202,0.596306967646554,0.3364169688719128,1.1981474407875834,,,0.1499223857966845,0.2287208085619879,0.9157680803355516,1.8761795764469784,15.968945727669055,,,,,0.6339897081277498,0.2673996709043837,0.3105427974947808,0.5378759031855334,2.73777268455778,1.2106513958590115,2.435498650819087,0.9684349013678344,0.0750298398667345,0.0790498207900592,0.024024024024024,0.2019416059143139,0.085889977462022,0.0025025025025025,0.0499748934837465,46.0,3.0,1998.0,0.6119282031417377,0.8243403762726224,2.2880939282705794,,0.1571571571571571,0.2650569228581036,103,1.6890743366814693,False
openml_41001_jungle_chess_2pcs_endgame,real_openml_multiclass,real_openml,5.32,3,46,8964,35855,0.0,0.0,,0.0,0.0,False,1999,0.5250460116302443,0.2534801489294083,1.7792776696584116,0.4510115686917847,5.319780853517877,1.685026910994401,1.1667632484798718,0.1682993989122323,0.6255120994383722,0.2960747266532602,1.3486789806468669,0.1456059886201544,0.2040039948313421,0.1455146245622254,0.2031040085314503,1.023082630519468,1.7001086298685448,13.842982746091872,0.9031765682026982,0.1144460261759929,,,0.8038718968497531,0.1184813723797464,0.7804193631608864,0.132878969500353,2.936278985505188,1.146222218174993,2.5098509997631324,0.9740991055808044,0.0974269061360799,0.0973920040368836,0.2116058029014507,0.3191184528135808,0.1481768088545454,0.129064532266133,0.3353552422076401,46.0,3.0,1999.0,0.4682415764170886,0.8701910168504028,2.300389829489144,,0.3491745872936468,0.2505202462806282,122,0.0,True
openml_41002_jungle_chess_2pcs_endgame,real_openml_multiclass,real_openml,1.9544,3,46,1176,4704,0.0,0.0,,0.0,0.0,False,1998,0.2663486027030684,0.9326525845616952,6.897644090165287,6.433105588079358,1.955140186915888,1.6566425319981544,1.1869231494771275,0.0526586674891872,0.7907685785323577,0.1900398758916884,1.533065996101731,,,0.1631176916035332,0.2254926033276205,0.9613173361759018,1.8985611201446244,9.409043839628891,,,,,0.919789985250078,0.0201393740985174,0.8510190197199664,0.0363556785707397,3.026773162696997,1.1546311195416334,6.696484824884173,0.9691445699954208,0.1629353654028885,0.1598266937610971,0.0375375375375375,0.2144825188456787,0.0925085179309706,0.0095095095095095,0.0970762347471753,46.0,3.0,1998.0,0.1669304818040923,1.286745044017099,5.939485076349125,,0.1531531531531531,0.0820164664626319,116,0.7408238842710219,False
openml_41003_jungle_chess_2pcs_endgame,real_openml_multiclass,real_openml,3.7785,3,46,1176,4704,0.0,0.0,,0.0,0.0,False,1998,0.4542485051283674,0.0736424501840002,1.6800953426571497,0.123726337576,3.775080906148868,1.6567053920099262,1.1866023479224963,0.1327504170108613,0.6989897671838652,0.2171380184782668,1.4167731096342515,,,0.1608561963041526,0.2239472160601453,0.9575410714297672,1.8810053142786327,13.132045203426298,,,,,0.8241466372367912,0.0919654976353875,0.7151903791089742,0.0428201850960689,2.965591794913638,1.1560006686313506,3.083929955344103,0.9769529289048808,0.1078867067305403,0.0977438689193,0.1046046046046046,0.2519196503525714,0.1219660399398227,0.034034034034034,0.1813620167359048,46.0,3.0,1998.0,0.3802692456409783,1.024322308324176,2.660410587787888,,0.2642642642642642,0.1919140704624019,35,0.0,True
openml_41004_jungle_chess_2pcs_endgame,real_openml_multiclass,real_openml,1.7097,3,46,941,3763,0.0,0.0,,0.0,0.0,False,1998,0.235767559738724,0.5272171681663974,7.081332998049574,3.7334003300749616,1.709146968139774,1.5872100807573208,1.1934011002728608,0.0434646853946268,0.890395663594464,0.0660910218163044,1.5461838780342188,,,0.1489298178092603,0.2085913173241212,0.96817004627677,1.7561462963127246,8.282458687643945,,,,,0.7102768464613266,0.1735064628148978,0.4541931127616475,0.4061750051825903,2.946712209283888,1.1408128440059326,9.680318743593975,0.9670754337921506,0.1866817495076514,0.1753459190022895,0.0465465465465465,0.2048493073231943,0.0953763074322341,0.012012012012012,0.1089663542355572,46.0,3.0,1998.0,0.1559457385464685,1.589976898660375,7.210915427911047,,0.1421421421421421,0.0351037596096853,116,0.7408238842710217,True
openml_41006_jungle_chess_2pcs_endgame,real_openml_multiclass,real_openml,8.1,3,46,1176,4704,0.0,0.0,,0.0,0.0,False,1998,0.5861141720205569,0.8873321440462195,2.2738686857070536,2.017676776167999,8.098684210526315,1.6245341427000657,1.145595153133978,0.1970820439087053,0.7021269327254986,0.3067866923761782,1.2711105098990758,0.1588300742279624,0.2018367994730528,0.1590503934399228,0.2025161613146611,0.9946056433368304,1.7468486439511792,12.063789466927217,0.8935100059889937,0.1263431662962339,,,0.8160184323948722,0.0809728556947256,0.6480482614593371,0.1472311031528649,2.790278878985153,1.131404994568389,5.745697633697701,0.9638868097326556,0.1053657736139888,0.1047683444087545,0.071071071071071,0.2223253637550136,0.1160641832419419,0.0315315315315315,0.1747929793647604,46.0,3.0,1998.0,0.5524574512450765,1.0800825339361495,5.437798335959848,,0.1601601601601601,0.1187649595385371,101,0.0,True
openml_41027_jungle_chess_2pcs_raw_end,real_openml_multiclass,real_openml,5.32,3,6,8964,35855,0.0,0.0,,0.0,0.0,False,1999,0.5250460116302443,0.2917346137359813,0.6491400394351715,0.1893766186651794,5.319780853517877,2.6995363677584208,0.4326540129287133,0.1682993989122323,0.4334941569406429,0.1648578613698196,1.3486789806468669,0.0213950041791014,0.015600723919348,0.0211872265008743,0.015384010210862,0.9897621756047652,0.0652384785821395,17.113864937608017,0.9328721650315484,0.0882440610502944,1.0,0.0,1.0,0.0,1.0,0.0,3.969409129847192,0.382018123233813,0.5454956867153576,0.9966944452716604,0.0788062185580956,0.0688406546345067,0.4062031015507754,0.4059711837641245,0.1559977751018963,0.2706353176588294,0.4443991867797433,6.0,3.0,1999.0,0.4682415764170886,0.4030124826587883,0.4338416156491417,,0.5167583791895948,0.6273778131605964,32,1.3978910655270143,False
openml_41082_USPS,real_openml_multiclass,real_openml,2.1935,10,256,1860,7438,0.0,0.0,,0.0,0.0,False,1995,0.2752138734869086,0.6062122872611335,5.9252166801370585,3.5919391561837064,2.1943462897526502,3.375432588619609,0.3557683586082598,0.009687186263341,0.8175492833273453,0.1152275733525693,3.2730602497673558,0.2083032517149472,0.1906251772775133,0.2095521652994092,0.1921520949838011,1.008028733853485,4.54918669100008,5.471349306626017,0.6513487612078452,0.1436376715638936,2.283286799929795e-17,1.5111238632922278e-16,0.3239134309842661,0.2421825985623541,0.0,0.0,6.050274726850282,0.4101243935159885,32.36539439244491,0.9814556441228384,0.5982181115366829,0.1672895719444334,,,,,,256.0,10.0,1995.0,0.2540961065514176,6.121700625307278,11.747443032180152,,,7.325317782676335e-06,11,2.4899434092257478,False
openml_41166_volkert,real_openml_multiclass,real_openml,9.4093,10,180,11662,46648,0.0,0.0,,0.0,0.0,False,1996,0.6979686337470398,0.8843169913639259,1.3581587149980203,1.2010428286417452,9.40771349862259,2.488182747652444,1.4457322806506148,0.0594723402672215,0.4781729294877503,0.1902316825079992,2.958868963003276,,,0.1337444631186448,0.2032907054880018,0.8322998133346539,3.29079210773666,13.580527041208954,,,,,0.722196554268983,0.1966897225633053,0.0,0.0,5.229175853995308,1.3148848408482705,5.551013109945253,0.9971568889281568,0.2178758566604108,0.1666165885668556,,,,,,180.0,10.0,1996.0,0.6719523259271717,2.3473488986926667,3.3836117577472016,,,0.0365139665498193,75,1.2211442509784634,False
openml_41168_jannis,real_openml_multiclass,real_openml,22.8346,4,54,16747,66986,0.0,0.0,,0.0,0.0,False,1998,0.6670449606453042,0.7151023704008102,0.4149992764808987,0.2967669663261118,22.827407407407406,3.56535468009069,0.1043431801141049,0.1723585150567665,0.3772216606367376,0.2385046429417218,1.5984999942142126,0.065718964877271,0.1455704441872534,0.0680798348623446,0.1536297537660838,1.016776341652647,1.2363595230295437,29.88613618361684,0.9596574154496268,0.0655629646088291,1.0833297476479023e-05,2.467979267174839e-05,0.8128647679551534,0.1903055142169505,0.3330466457121059,0.3744476854159446,5.110368335877171,0.1193724998658052,0.8393937467576594,0.9980478476474473,0.0534863384277318,0.058899646618679,0.6001001001001001,0.4968127210359372,0.0310075644162369,0.4794794794794795,0.4997037974210973,54.0,4.0,1998.0,0.90443184432327,0.5406574731701306,0.6981794411022332,,0.998998998998999,0.5144090088661156,21,2.2059136313008403,False
openml_41440_okcupid-stem,real_openml_multiclass,real_openml,7.4457,3,19,10158,40631,0.0,0.0,,0.0,0.0,False,1999,0.8189352580961072,0.5626665965015791,0.7664971687867469,0.4312823531893353,7.444956477214542,1.9778303465799336,1.0173998945171436,0.4750269264818875,0.3537899851733908,0.0867708403327158,1.123273664976186,0.0489678059264289,0.0632724014304448,0.0488108651809456,0.0636254378270482,0.9957930481221494,0.3500612037922165,50.36122738403055,0.9827187307642908,0.0316921271745784,0.3730954513553361,0.142584798143104,0.9697150593049532,0.0209560565557738,0.9528098940793176,0.0304798929345914,3.078799676985188,1.0052190055176726,0.3017495630049525,0.9979929934952468,0.0223043345709317,0.0320781546491185,0.5352676338169085,0.4824520571440133,0.0828301535831763,0.3946973486743371,0.4889078920153047,19.0,3.0,1999.0,0.5179309892000499,0.2578638859500218,0.2082349372653777,,0.8294147073536768,0.7568747452158112,55,0.8869718268709194,False
openml_41671_microaggregation2,real_openml_multiclass,real_openml,15.0229,5,20,4000,16000,0.0,0.0,,0.0,0.0,False,1998,0.948299197082598,0.4823790181688414,0.1051447497254872,0.050719621138189,15.033670033670033,2.3258171663224574,1.312136208521231,0.3022136072135956,0.2212532125032761,0.1071971123518112,1.7513523230563257,0.1802904310779257,0.2375875849912153,0.1766375012707982,0.2307354078796807,0.9963718599449946,1.299909898152471,48.379912512384855,0.9822050250500854,0.0090834162320759,0.0054832457721596,0.0062099615345881,0.9545184893474696,0.0220575763458619,0.7896863806084895,0.0578764260828395,4.040969499918115,1.2998243892506682,0.2521118915551288,0.9985588691794898,0.036199989460667,0.0198836962713763,0.6741741741741741,0.5120462966608251,0.1655913425338704,0.52002002002002,0.4997241097629943,20.0,5.0,1998.0,0.819347293469404,0.2302855988617801,0.1210241034598788,,0.7767767767767768,0.7859753827792699,71,1.6706270424211533,False
openml_41701_CPMP-2015-classification,real_openml_multiclass,real_openml,2.6667,4,25,106,421,0.0,0.0,,0.0,0.0,False,421,0.4101705184551965,0.7600556402872514,0.7842470006873695,0.5960713562507951,2.677419354838709,1.991646965402337,0.8203558134745453,0.0741168465377928,0.4735283773281745,0.1758227220935738,1.8792394563936263,,,0.2584710873617648,0.2648167732559603,0.922190476190476,1.86937659315221,9.835892337651975,,,,,0.7680657113592781,0.1037982057868727,0.418638395318848,0.1007232575056454,3.679827045393493,0.7938482017347684,1.1314389481626692,0.993844539356018,0.1910593764024707,0.1084498782271974,0.6888361045130641,0.5119184442855574,0.1215705592592523,0.5439429928741093,0.4986578525254637,25.0,4.0,421.0,0.299529524204599,0.7345146316139503,0.7695995690982036,,0.838479809976247,0.406838551564417,107,1.216121880358778,True
openml_41703_MIP-2016-classification,real_openml_multiclass,real_openml,84.0,5,146,44,174,0.0,0.0,,0.0,0.0,False,174,0.750302708982418,2.131318374156131,3.4700915775004475,7.3958699391311375,63.0,1.3922339508675292,0.9676674495518794,0.1524692273598989,0.6860336558835265,0.2557432923014882,1.804507628694553,,,0.0486588935855573,0.1329521008113943,0.7440019003879962,1.7669973423648606,27.57319459957901,,,,,0.3530881699784427,0.3795932351422882,0.0,0.0,3.131297308236259,0.9240096712656224,6.299934037153936,0.98880301228696,0.0654442713258225,0.0496967377845399,,,,,,146.0,5.0,174.0,1.2275759865950044,2.0787826026912803,2.7523660388729474,,,0.0332153696735231,95,0.040373796848751836,True
openml_41919_CPMP-2015-runtime-classif,real_openml_multiclass,real_openml,2.6667,4,22,106,421,0.0,0.0,,0.0,0.0,False,421,0.4101705184551965,0.7600556402872514,0.7842470006873695,0.5960713562507951,2.677419354838709,2.135662760987827,0.5813720561264378,0.0741168465377928,0.4665229279764096,0.1692919623797955,1.8792394563936263,0.3205003673608485,0.2675871408440525,0.3212634634736124,0.2682242530841575,1.0023809523809524,1.961261418219325,9.327769946271191,0.838930525617675,0.1119191545866002,0.0618545912511676,0.0210584244030372,0.9274424514525748,0.0204329274600994,0.644337337546999,0.0628368390689287,3.8134350427814994,0.6098300229039508,1.0667958778878703,0.993714772541342,0.2014671745999545,0.0934595572262042,0.7030878859857482,0.5093972675909602,0.1257565454565974,0.5439429928741093,0.4986578525254637,22.0,4.0,421.0,0.299529524204599,0.7102504640358509,0.7140219062982343,,0.8194774346793349,0.4231219351752617,117,1.8160384674886045,False
openml_41939_MIP-2016-PAR10-classifica,real_openml_multiclass,real_openml,84.0,5,143,44,174,0.0,0.0,,0.0,0.0,False,174,0.750302708982418,2.131318374156131,3.4700915775004475,7.3958699391311375,63.0,1.4052050670579472,0.9605247209694098,0.1524692273598989,0.6818931674439686,0.2534353764778683,1.804507628694553,,,0.0499945026372791,0.1352487197295382,0.7525769028659204,1.779001874887709,27.242483169589967,,,,,0.3530881699784427,0.3795932351422882,0.0,0.0,3.143473960558607,0.9170752794218568,6.012504272478184,0.98880301228696,0.0662387351938928,0.0495871144605616,,,,,,143.0,5.0,174.0,1.2275759865950044,2.052601637378509,2.506619317500781,,,0.0361650303857041,95,0.04037379684875247,False
openml_41972_Indian_pines,real_openml_multiclass,real_openml,202.5,8,220,1829,7315,0.0,0.0,,0.0,0.0,False,1995,1.1757799862508114,1.0259958388930075,21.208600043892996,21.759935393780268,202.5,3.5583468886980323,0.1146783138104208,0.2317230699931067,0.711814977647945,0.2452107100431715,2.0766995693428565,0.5966794045981386,0.3333537919501671,0.5918222706895024,0.3289345190918998,0.9941689896184148,10.04283763063124,3.003491239268626,0.3820106247643251,0.2676019645732022,1.5386681897383148e-20,8.141866760587053e-20,0.0919438845858289,0.195483453538266,0.0,0.0,4.943617915752698,0.2460371395600576,35.59101529398267,0.992972405952224,0.6914285422881903,0.2791611826224976,,,,,,220.0,8.0,1995.0,1.740657307245138,3.907533690746869,21.665680921434827,,,0.0002090006414003,109,0.0,True
openml_41_glass,real_openml_multiclass,real_openml,8.4444,6,9,43,171,0.0,0.0,,0.0,0.0,False,171,0.7657246611507086,0.7605338045565668,4.038296301484917,3.0712608500950367,8.714285714285714,2.0133231257717834,0.6255367816647759,0.1372331877058992,0.4952402596816022,0.2793125677497545,2.1710541960089595,0.2258034229398582,0.1858452032418385,0.2271316783689162,0.1869384103197317,1.0058823529411762,0.8775399847475475,6.237392686621452,0.7418372916022503,0.220974435597725,0.0005803555281076,0.0014870376751154,0.2423777527884163,0.2896679290052132,0.0509401709401709,0.1510175457156929,3.8363065324162,0.5652730526934941,5.338017573345689,0.9700420642248896,0.3480707893645435,0.1466219804361467,0.52046783625731,0.4050944338153044,0.1483825385792231,0.2982456140350877,0.4588314677411235,9.0,6.0,171.0,0.6404213726292659,1.538376616059349,4.254550775763367,,0.6023391812865497,0.0791696837652699,51,0.7286772082930321,False
openml_42167_stress,real_openml_multiclass,real_openml,53.0,3,12,41,161,0.0,0.0,,0.0,0.0,False,161,0.9928178486425951,0.9801047565941804,8.59048277981607,8.419573033938127,63.5,1.6848646605966204,0.9211888354377726,0.6246184950376095,0.5940048923253304,0.2478400924113175,0.8118923115303618,0.2368506246265645,0.1751299983298905,0.2383309410304806,0.1762245608194524,1.0062500000000008,1.0240285242124398,7.31919453218728,0.8821943956473347,0.1466129430563157,0.0518880724218866,0.089872777741521,0.3244198952068761,0.4707290732220314,0.0712788259958071,0.1234585481285992,2.3858305159493334,0.8553551583245453,1.6621372884129524,0.8498900505381737,0.1109264561776491,0.1358587229090329,0.2670807453416149,0.3194250049265069,0.1730580644812757,0.186335403726708,0.3905920017118146,12.0,3.0,161.0,0.9237425518088452,0.7671083356193051,1.4494925753899062,,0.3478260869565217,0.3366590510633173,87,0.0,True
openml_42169_epiparo_extract,real_openml_multiclass,real_openml,123.0,6,18,45,179,0.0,0.0,,0.0,0.0,False,179,1.0898437655123687,0.8812100317550242,7.536901818922055,6.641593491186804,96.0,1.5994435926594854,0.6213898243960903,0.300135088894893,0.4989462595368025,0.2072109947394278,1.7552355461214402,0.1518833535711197,0.1228229051710788,0.1527366308383734,0.1235129214922647,1.0056179775280905,0.8322955035932048,11.501047079713535,0.8433252988976357,0.1331250002669909,,,0.3144057224304729,0.376398812117277,0.0655328693404567,0.1653012129159882,3.202063856541323,0.5880071079031263,2.96753156593521,0.9457257888330576,0.1526152822396027,0.1118990536400109,0.5027932960893855,0.4526451463231429,0.157844314735833,0.3798882681564245,0.486720265305795,18.0,6.0,179.0,1.2321102935791384,1.4164824348924443,1.9801149711193475,,0.6424581005586593,0.1423494875078618,6,0.9233362776357319,False
openml_42345_Traffic_violations,real_openml_multiclass,real_openml,9.8066,3,20,14068,56272,0.0,0.0,,0.0,0.0,False,1998,0.6023043760031939,0.715843181826346,2.519954742119479,1.803892420657197,9.806060606060608,1.4576382759585504,1.4498096121889397,0.1961048686748645,0.3870446051965698,0.1837952299595544,1.2343556480042084,0.0472883831367656,0.0850094159166389,0.0438797438062989,0.0893788302576344,0.9522722204857326,0.502836375231862,34.76786392662054,0.981751808583019,0.0417774616744867,0.2301250393600034,0.3985882602653137,0.3319290854835878,0.5749180405674473,0.3294716517465332,0.5706616404786348,2.656491149026416,1.4092829459919287,0.4355771115072181,0.9987823158493828,0.035502774936343,0.0902280264247744,0.6216216216216216,0.482918788506112,0.0972946279394594,0.4269269269269269,0.4947553333977856,20.0,3.0,1998.0,0.596346594211942,0.3333877393794227,0.364808943521597,,0.8503503503503503,0.6842781748713433,93,0.0,True
openml_42530_Midwest_Survey,real_openml_multiclass,real_openml,8.0638,10,26,556,2222,0.0,0.0,,0.0,0.0,False,2222,0.6509455674548038,1.3006065996058227,9.482146246257503,12.332541986310089,8.08,1.1549881205078754,0.7358401219371975,0.0568408397737197,0.3348785813304913,0.2796642070550271,3.0627173090519912,0.1241397168052021,0.1390778067799836,0.1241956104192521,0.1391404262337342,1.0004502476361987,0.9501847187262134,16.199394481505347,0.8886153630544048,0.1375328219190222,0.333215148372371,0.3088375323336171,0.6490870343365561,0.281240640624244,0.4036166237522919,0.4299842475343606,4.02864173878126,0.438663945322408,3.6735588390076894,0.9989064838076968,0.1890636907786065,0.4125124327129266,,,,,,26.0,10.0,2222.0,0.6305536249541897,1.6349895277670392,1.993902211266446,,,0.0964991145537407,25,0.5366274347907525,True
openml_42532_Midwest_Survey_nominal,real_openml_multiclass,real_openml,8.0638,10,27,556,2222,0.0,0.0,,0.0,0.0,False,2222,0.6509455674548038,1.5742030737220851,10.703529427092802,16.84952892380428,8.08,1.2403500806966103,0.8469912186646147,0.0568408397737197,0.3509635285179439,0.3033097776294742,3.0627173090519912,0.1195757105906931,0.1367728513281622,0.1196295492717335,0.1368344329811691,1.000450247636199,0.9436640176600352,15.625954801103662,0.8821642290508512,0.1726792265133323,0.376767937522986,0.3106379658973752,0.6299122101199868,0.281687389457512,0.4322590943868772,0.400372877346445,4.107065459112294,0.5851484982946276,6.46140568247474,0.9985963942928946,0.1960019306363072,0.3950996906218666,,,,,,27.0,10.0,2222.0,0.6305536249541897,1.844553154793019,4.517381931426977,,,0.0464395100580113,25,0.5366274347907525,False
openml_42544_Touch2,real_openml_multiclass,real_openml,1.7407,8,10,53,212,0.0,0.0,,0.0,0.0,False,212,0.224837269581377,0.98889766681805,4.478890257552417,4.429164125627681,1.7272727272727273,2.08415818339505,0.7173328099799745,0.0084847513537706,0.5299490003727977,0.2830717074566153,2.965839814882638,0.2890523369408887,0.2498406582733023,0.2904222532297082,0.2510247372224651,1.0047393364928914,1.2081316388347263,5.162500537403616,0.6891471403439156,0.2213282158296002,,,0.2806567693944585,0.2437457759518798,0.0,0.0,4.475501241639237,0.5549432580257572,8.432230812445269,0.9759255962976148,0.5744967566384511,0.2842324182207186,0.4056603773584906,0.3831941308355439,0.1323049813248481,0.1886792452830188,0.3921796557839304,10.0,8.0,212.0,0.2027883636735127,2.4466991503473143,4.924057482008689,,0.5849056603773585,0.0175382384351694,51,2.251445417380219,False
openml_42585_penguins,real_openml_multiclass,real_openml,2.2353,3,6,69,275,0.0,0.0,,0.0,0.0,False,275,0.3080839211632746,0.224798312805462,6.774480199225167,1.522891718919828,2.259259259259259,2.163593763824106,0.6519313317391315,0.0649716960805436,0.9023248811109508,0.0929789404196007,1.5119416786397282,0.4275204970935538,0.2325275823653286,0.4290807908785666,0.233376223176881,1.0036496350364958,1.1872922703588908,2.380435084748164,0.4484262241764318,0.2873809772197678,0.0,0.0,0.1210407239819004,0.1251879690695655,0.0,0.0,3.04038194118712,0.481899674851249,17.245586566802697,0.8367338842975207,0.6351535012767142,0.3103042953025539,0.029090909090909,0.1779085682943055,0.0972018737568921,0.0036363636363636,0.0603022689155527,6.0,3.0,275.0,0.237339551685574,1.637025465505335,14.913761899203374,,0.08,0.0188601440249564,26,1.6262405709621075,True
openml_42768_Midwest_survey,real_openml_multiclass,real_openml,8.0638,10,24,556,2222,0.0,0.0,,0.0,0.0,False,2222,0.6509455674548038,1.6436458375053216,10.564863936133698,17.36489463243624,8.08,1.0927888494148317,0.7103240980427872,0.0568408397737197,0.3262322287789712,0.2860945007809445,3.0627173090519912,0.1375960630538187,0.1429671245540744,0.1376580153559585,0.1430314951639581,1.0004502476361976,0.9716000977478104,18.338690138145733,0.898084038201981,0.1643136157972181,,,0.6047389358265226,0.2851480260813503,0.3977667029619433,0.3985745042833134,3.9884976488088006,0.3923957131985817,5.393511124182959,0.9990190963290748,0.1670085096580223,0.4086795678588434,,,,,,24.0,10.0,2222.0,0.6305536249541897,1.6126477108636377,4.261531048356148,1.7735395581056876,,0.0739666275947129,91,1.3290291548058584,True
openml_43028_dgf_96f4164d-956d-4c1c-b1,real_openml_multiclass,real_openml,39.8,6,53,142,567,0.0,0.0,,0.0,0.0,False,567,1.2595667521361804,1.6794813819052288,31.667475446714327,53.18493542469768,39.75,1.1424773577481886,0.9962844198850191,0.3649545920135547,0.8238581485572082,0.1570919590802608,1.508276517572216,,,0.1708766045682814,0.1819853438068371,0.982865524368291,1.8222204216906912,8.974261148096522,,,,,0.2574291077032328,0.2973933353863169,0.0181102362204724,0.0701406432777721,2.482686945610862,0.9076986726537823,4537293.668368202,0.9342621364961166,0.1680669297095424,0.1278228728508241,0.2257495590828924,0.1763222320932801,0.2189389932197298,0.1146384479717813,0.3188664244021539,53.0,6.0,567.0,0.9936493439150204,3.492422779151253,4537283.712657561,,0.2204585537918871,2.6068320997754747e-09,99,0.0,True
openml_43044_drug-directory,real_openml_multiclass,real_openml,9857.2857,7,3,24043,96172,0.0,0.0,,0.0,0.0,False,1999,1.5537377438377218,1.2312788977166902,2.238566870434461,2.7563001486936445,9200.166666666666,2.4643576492926256,1.5098688449418678,0.426636759755083,0.3039770609328967,0.2300425498023158,1.165971928852544,0.0644215468126585,0.0913818461967797,0.063367080844297,0.1069425566620721,0.739734813682167,0.653156423790984,12.40969465838917,0.8695921678324985,0.1322983431610146,,,0.1967161442815606,0.255522004550049,0.1045781953674507,0.2206333135027537,3.536373041667108,1.4325186546723414,0.4984658816028423,0.9973826332876292,0.0939565364780612,0.0784791111879111,0.5822911455727864,,,0.3541770885442721,0.4783828600777246,3.0,7.0,1999.0,2.615624668785377,0.3830453101593079,0.3765226050302612,,0.4787393696848424,0.6472267274318244,129,1.522430724704851,True
openml_4340_Engine1,real_openml_multiclass,real_openml,257.0,3,5,77,306,0.0,0.0,,0.0,0.0,False,306,0.8423388832945329,0.266946716167259,1.6188558866770013,0.4321482628964619,211.0,2.583616330815381,0.002958716676766,0.437723690353053,0.3613390144204621,0.4078677367518684,0.9198607810099264,0.1999707765877267,0.2542651123065937,0.2006264184781783,0.2550987684125171,1.0032786885245903,0.7029182145612883,4.458452326928121,0.85663491992288,0.1704525073511208,0.0581230563967198,0.10067208677031,0.2859554159137404,0.4820969771798776,0.2185792349726776,0.3785903404522135,3.2971587049974125,0.1700273816360995,0.73595639748672,0.9315007048571062,0.2063184068278939,0.1693548929186946,0.1045751633986928,0.2788810307012098,0.1414584682676777,0.0490196078431372,0.2162626354299891,5.0,3.0,306.0,0.8341703555614554,0.4274878573677932,0.7306087336997134,,0.238562091503268,0.5747577498225973,130,0.0,True
openml_43921_car_evaluation,real_openml_multiclass,real_openml,18.6154,4,6,346,1382,0.0,0.0,,0.0,0.0,False,1382,1.0825055912446406,0.7746541433056934,0.8636358279118682,0.6690190723991715,18.615384615384617,1.79193894075254,0.2270908284705796,0.5069562793245246,0.2284483751404341,0.2248814901324503,1.205103129912393,0.0095032726783674,0.0077403549873999,0.0095101541212916,0.0077459598787738,1.0007241129616236,0.029642159120893,10.517585338143691,0.9574221421522348,0.0562258264785585,0.1111111111111111,0.1956312984628779,0.5436546427116093,0.1592191462560657,0.21024352386595,0.2394393887716822,2.8824622416292804,0.2999341128073906,0.3167325559662849,0.9929117598396584,0.1145798290356528,0.1034064629456004,0.2698986975397974,0.3983489984926278,0.0993752043554683,0.1685962373371924,0.3745304341789997,6.0,4.0,1382.0,0.7955011554733668,0.2577093495212963,0.2684373361945327,,0.447178002894356,0.7520470187790951,4,0.29374502621634063,False
openml_43923_mushroom,real_openml_multiclass,real_openml,2160.0,5,8,2592,10368,0.0,0.0,,0.0,0.0,False,2000,0.7663817354250111,1.116098228467788,2.8600375200587926,3.1920828094890243,1728.0,1.7070768024804697,0.3978171622090461,0.1494826666265185,0.3324181096752951,0.3919238674723855,1.7232298898390728,0.0148060257216195,0.0121062261515746,0.0149152220287576,0.0122046827690518,1.006409952096773,0.055864158970543,10.38522630638798,0.8867961891462651,0.2670754839666434,,,0.2657547302295219,0.3333489084104553,0.1377118644067796,0.3253328032303776,3.264375797893187,0.5143686804865639,3.588051050418821,0.9979175,0.1659308944263554,0.3268146061464796,0.3705,0.3937370833025249,0.1297876976954472,0.2065,0.4048947021880256,8.0,5.0,2000.0,1.4579420915580377,0.9028201522439226,3.443534003632819,,0.5555,0.1964621707672098,97,0.0,False
openml_44153_vehicle_reproduced,real_openml_multiclass,real_openml,1.0955,4,18,170,676,0.0,0.0,,0.0,0.0,False,676,0.0352555481887958,0.5748042923458149,0.754190817425052,0.4335121191037187,1.0943396226415094,2.9330501704658314,0.1351813419666068,0.0005460721042767,0.6734036141902636,0.269115890842766,1.9990928967963064,0.4061152993244932,0.3414857873705343,0.4067169516197885,0.3419916922407127,1.0014814814814803,2.251449784310543,8.133142575804214,0.8809034388299928,0.0769648243497051,0.0211116831845342,0.0516100078785464,0.756917655402683,0.147527313579022,0.1590365644564512,0.2577039910086006,4.686347192154337,0.1984206656726634,4.5551326929492335,0.9894217639438396,0.2457958751078003,0.113622682857849,0.4437869822485207,0.443489012785315,0.104359281110247,0.3180473372781065,0.4660628196176309,18.0,4.0,676.0,0.0336441530059816,1.5052640082217197,2.371027161907548,,0.7307692307692307,0.0849424423432484,46,0.03986383549792058,True
openml_44468_yeast_seed_0_nrows_2000_n,real_openml_multiclass,real_openml,92.6,10,8,297,1187,0.0,0.0,,0.0,0.0,False,1187,1.1092869294588157,2.767902505360366,12.029986213063443,33.29782897858897,92.5,2.330089153374141,1.4536025817619336,0.1504607260707983,0.4523584363976421,0.2387197691784392,2.49110189850608,0.0852352776554038,0.117112879037352,0.0853071455117742,0.1172116251410935,1.0008431703204042,0.4052180756623049,12.240712371967936,0.7065758199892693,0.1558749642774957,,,0.4707776089960013,0.3358290634040724,0.2280299336986049,0.271910833832906,4.617681499265385,1.3463615293880091,3.475821744894083,0.9977983901704012,0.2035095526148357,0.1535005982662909,0.6596461668070767,0.4790523735758268,0.1447899375186614,0.481044650379107,0.4998511621926105,8.0,10.0,1187.0,1.6280255412612994,2.035935137217208,1.0309198974100475,,0.8087615838247684,0.0731956570755024,19,6.427378727530082e-16,False
openml_44469_yeast_seed_1_nrows_2000_n,real_openml_multiclass,real_openml,92.6,10,8,297,1187,0.0,0.0,,0.0,0.0,False,1187,1.1092869294588157,2.767902505360366,12.029986213063443,33.29782897858897,92.5,2.330089153374141,1.4536025817619336,0.1504607260707983,0.4523584363976421,0.2387197691784392,2.49110189850608,0.0852352776554038,0.117112879037352,0.0853071455117742,0.1172116251410935,1.0008431703204042,0.4052180756623049,12.240712371967936,0.7065758199892693,0.1558749642774957,,,0.4707776089960013,0.3358290634040724,0.2280299336986049,0.271910833832906,4.617681499265385,1.3463615293880091,3.475821744894083,0.9977983901704012,0.2035095526148357,0.1535005982662909,0.6596461668070767,0.4790523735758268,0.1447899375186614,0.481044650379107,0.4998511621926105,8.0,10.0,1187.0,1.6280255412612994,2.035935137217208,1.0309198974100475,,0.8087615838247684,0.0731956570755024,19,6.427378727530082e-16,False
openml_44470_yeast_seed_2_nrows_2000_n,real_openml_multiclass,real_openml,92.6,10,8,297,1187,0.0,0.0,,0.0,0.0,False,1187,1.1092869294588157,2.767902505360366,12.029986213063443,33.29782897858897,92.5,2.330089153374141,1.4536025817619336,0.1504607260707983,0.4523584363976421,0.2387197691784392,2.49110189850608,0.0852352776554038,0.117112879037352,0.0853071455117742,0.1172116251410935,1.0008431703204042,0.4052180756623049,12.240712371967936,0.7065758199892693,0.1558749642774957,,,0.4707776089960013,0.3358290634040724,0.2280299336986049,0.271910833832906,4.617681499265385,1.3463615293880091,3.475821744894083,0.9977983901704012,0.2035095526148357,0.1535005982662909,0.6596461668070767,0.4790523735758268,0.1447899375186614,0.481044650379107,0.4998511621926105,8.0,10.0,1187.0,1.6280255412612994,2.035935137217208,1.0309198974100475,,0.8087615838247684,0.0731956570755024,19,6.427378727530082e-16,False
openml_44471_yeast_seed_3_nrows_2000_n,real_openml_multiclass,real_openml,92.6,10,8,297,1187,0.0,0.0,,0.0,0.0,False,1187,1.1092869294588157,2.767902505360366,12.029986213063443,33.29782897858897,92.5,2.330089153374141,1.4536025817619336,0.1504607260707983,0.4523584363976421,0.2387197691784392,2.49110189850608,0.0852352776554038,0.117112879037352,0.0853071455117742,0.1172116251410935,1.0008431703204042,0.4052180756623049,12.240712371967936,0.7065758199892693,0.1558749642774957,,,0.4707776089960013,0.3358290634040724,0.2280299336986049,0.271910833832906,4.617681499265385,1.3463615293880091,3.475821744894083,0.9977983901704012,0.2035095526148357,0.1535005982662909,0.6596461668070767,0.4790523735758268,0.1447899375186614,0.481044650379107,0.4998511621926105,8.0,10.0,1187.0,1.6280255412612994,2.035935137217208,1.0309198974100475,,0.8087615838247684,0.0731956570755024,19,6.427378727530082e-16,False
openml_44472_yeast_seed_4_nrows_2000_n,real_openml_multiclass,real_openml,92.6,10,8,297,1187,0.0,0.0,,0.0,0.0,False,1187,1.1092869294588157,2.767902505360366,12.029986213063443,33.29782897858897,92.5,2.330089153374141,1.4536025817619336,0.1504607260707983,0.4523584363976421,0.2387197691784392,2.49110189850608,0.0852352776554038,0.117112879037352,0.0853071455117742,0.1172116251410935,1.0008431703204042,0.4052180756623049,12.240712371967936,0.7065758199892693,0.1558749642774957,,,0.4707776089960013,0.3358290634040724,0.2280299336986049,0.271910833832906,4.617681499265385,1.3463615293880091,3.475821744894083,0.9977983901704012,0.2035095526148357,0.1535005982662909,0.6596461668070767,0.4790523735758268,0.1447899375186614,0.481044650379107,0.4998511621926105,8.0,10.0,1187.0,1.6280255412612994,2.035935137217208,1.0309198974100475,,0.8087615838247684,0.0731956570755024,19,6.427378727530082e-16,False
openml_44503_steel-plates-fault_seed_0,real_openml_multiclass,real_openml,12.2364,7,27,389,1552,0.0,0.0,,0.0,0.0,False,1552,0.7443151048377402,3.0424368536663824,10.680188819790796,32.49380006944718,12.227272727272728,3.081937638433922,0.8090315957919932,0.1086587036925381,0.5632883611994121,0.2077750104318268,2.411248759162973,0.2738740731100771,0.2480539604554968,0.2740506521385176,0.2482138920869966,1.0006447453255998,1.9200354046579504,5.789038196762869,0.7230466704240794,0.157508269728367,,,0.506170594712029,0.301482594747042,0.0983631405619225,0.1938942256392883,5.076666644710948,0.7831542305996368,5.3582955145349445,0.988564389812945,0.4165197528859461,0.1693506860931875,0.4271907216494845,0.3921312290853247,0.1606027229918628,0.2744845360824742,0.4463979972039693,27.0,7.0,1552.0,0.736863840690087,2.119614941976044,3.219168448557601,,0.5818298969072165,0.0441738785436161,41,5.23691153334427e-16,False
openml_44504_steel-plates-fault_seed_1,real_openml_multiclass,real_openml,12.2364,7,27,389,1552,0.0,0.0,,0.0,0.0,False,1552,0.7443151048377402,3.0424368536663824,10.680188819790796,32.49380006944718,12.227272727272728,3.081937638433922,0.8090315957919932,0.1086587036925381,0.5632883611994121,0.2077750104318268,2.411248759162973,0.2738740731100771,0.2480539604554968,0.2740506521385176,0.2482138920869966,1.0006447453255998,1.9200354046579504,5.789038196762869,0.7230466704240794,0.157508269728367,,,0.506170594712029,0.301482594747042,0.0983631405619225,0.1938942256392883,5.076666644710948,0.7831542305996368,5.3582955145349445,0.988564389812945,0.4165197528859461,0.1693506860931875,0.4271907216494845,0.3921312290853247,0.1606027229918628,0.2744845360824742,0.4463979972039693,27.0,7.0,1552.0,0.736863840690087,2.119614941976044,3.219168448557601,,0.5818298969072165,0.0441738785436161,41,5.23691153334427e-16,False
openml_44505_steel-plates-fault_seed_2,real_openml_multiclass,real_openml,12.2364,7,27,389,1552,0.0,0.0,,0.0,0.0,False,1552,0.7443151048377402,3.0424368536663824,10.680188819790796,32.49380006944718,12.227272727272728,3.081937638433922,0.8090315957919932,0.1086587036925381,0.5632883611994121,0.2077750104318268,2.411248759162973,0.2738740731100771,0.2480539604554968,0.2740506521385176,0.2482138920869966,1.0006447453255998,1.9200354046579504,5.789038196762869,0.7230466704240794,0.157508269728367,,,0.506170594712029,0.301482594747042,0.0983631405619225,0.1938942256392883,5.076666644710948,0.7831542305996368,5.3582955145349445,0.988564389812945,0.4165197528859461,0.1693506860931875,0.4271907216494845,0.3921312290853247,0.1606027229918628,0.2744845360824742,0.4463979972039693,27.0,7.0,1552.0,0.736863840690087,2.119614941976044,3.219168448557601,,0.5818298969072165,0.0441738785436161,41,5.23691153334427e-16,False
openml_44506_steel-plates-fault_seed_3,real_openml_multiclass,real_openml,12.2364,7,27,389,1552,0.0,0.0,,0.0,0.0,False,1552,0.7443151048377402,3.0424368536663824,10.680188819790796,32.49380006944718,12.227272727272728,3.081937638433922,0.8090315957919932,0.1086587036925381,0.5632883611994121,0.2077750104318268,2.411248759162973,0.2738740731100771,0.2480539604554968,0.2740506521385176,0.2482138920869966,1.0006447453255998,1.9200354046579504,5.789038196762869,0.7230466704240794,0.157508269728367,,,0.506170594712029,0.301482594747042,0.0983631405619225,0.1938942256392883,5.076666644710948,0.7831542305996368,5.3582955145349445,0.988564389812945,0.4165197528859461,0.1693506860931875,0.4271907216494845,0.3921312290853247,0.1606027229918628,0.2744845360824742,0.4463979972039693,27.0,7.0,1552.0,0.736863840690087,2.119614941976044,3.219168448557601,,0.5818298969072165,0.0441738785436161,41,5.23691153334427e-16,False
openml_44507_steel-plates-fault_seed_4,real_openml_multiclass,real_openml,12.2364,7,27,389,1552,0.0,0.0,,0.0,0.0,False,1552,0.7443151048377402,3.0424368536663824,10.680188819790796,32.49380006944718,12.227272727272728,3.081937638433922,0.8090315957919932,0.1086587036925381,0.5632883611994121,0.2077750104318268,2.411248759162973,0.2738740731100771,0.2480539604554968,0.2740506521385176,0.2482138920869966,1.0006447453255998,1.9200354046579504,5.789038196762869,0.7230466704240794,0.157508269728367,,,0.506170594712029,0.301482594747042,0.0983631405619225,0.1938942256392883,5.076666644710948,0.7831542305996368,5.3582955145349445,0.988564389812945,0.4165197528859461,0.1693506860931875,0.4271907216494845,0.3921312290853247,0.1606027229918628,0.2744845360824742,0.4463979972039693,27.0,7.0,1552.0,0.736863840690087,2.119614941976044,3.219168448557601,,0.5818298969072165,0.0441738785436161,41,5.23691153334427e-16,False
openml_44513_dilbert_seed_0_nrows_2000,real_openml_multiclass,real_openml,1.0733,5,100,400,1600,0.0,0.0,,0.0,0.0,False,1600,0.0247645159451986,0.4147155284029025,0.7528312891014705,0.3122108258579546,1.0718954248366013,3.459423167090097,4.463264492478967e-16,0.0001907265212294,0.713084645785237,0.1443956003194043,2.3214828182352,0.3126124954389276,0.2701751056438699,0.3128080004392021,0.2703440706880499,1.0006253908692933,4.134247172863877,16.522155386827567,0.8899820029142573,0.0653468887221405,4.198552993910057e-12,5.954730106663371e-12,0.879360375310602,0.041716858817533,0.0,0.0,5.640398723174377,0.0590212339522915,6.464672311806271,0.997299609375,0.140507262150919,0.0590212339522915,0.383125,0.4553208938840661,0.0572200681613044,0.203125,0.4024505726354904,100.0,5.0,1600.0,0.0213406399778005,2.0965091163934315,4.029561439886717,1.6558654520076943,0.9325,0.034893733787727,70,0.93238654736288,False
openml_44514_dilbert_seed_1_nrows_2000,real_openml_multiclass,real_openml,1.0705,5,100,400,1600,0.0,0.0,,0.0,0.0,False,1600,0.0247645159451986,0.555730508817454,0.760618175337161,0.422698725595924,1.0718954248366013,3.459422919199472,1.743976164371253e-06,0.0001907265212294,0.7064393696687059,0.1380407544885941,2.3214828182352,0.2719419644359495,0.2644412650748264,0.2721120344574854,0.2646066442274686,1.0006253908692928,3.795358885307808,14.548763533786875,0.8864824094467992,0.0685906201849192,3.7488809988109725e-12,6.662121637352955e-12,0.8007335882378026,0.1792762691028853,0.0,0.0,5.621340093739661,0.0828379183059197,6.060597431581943,0.997269921875,0.1595656436950105,0.0828378735557865,0.375625,0.4592502919131692,0.0516089814936826,0.20375,0.4029111544422464,100.0,5.0,1600.0,0.0213406399778005,2.0533920817710154,3.7743493638244554,1.6048058520393798,0.951875,0.0394496173470699,70,0.7506684414015125,False
openml_44515_dilbert_seed_2_nrows_2000,real_openml_multiclass,real_openml,1.0733,5,100,400,1600,0.0,0.0,,0.0,0.0,False,1600,0.0247645159451986,0.5796409506753978,0.8928847165457994,0.5175525459421402,1.0718954248366013,3.459423167090097,4.463264492478967e-16,0.0001907265212294,0.7154563164005867,0.1346072957942992,2.3214828182352,0.2631813733694987,0.265974149134991,0.2633459645973721,0.2661404869393281,1.0006253908692937,3.743895653110853,16.97488256202272,0.8944676115822788,0.0762598044411851,1.0457795298337317e-10,3.085303282573435e-10,0.8287827457975411,0.0960458556074973,0.0,0.0,5.644146110271493,0.0752919925713047,6.717733228388731,0.996750390625,0.1367598750538025,0.0752919925713047,0.3325,0.4528765134800633,0.0525116431370275,0.171875,0.3773897173337109,100.0,5.0,1600.0,0.0213406399778005,2.101868334953148,4.377767862259083,1.6237589439841524,0.9375,0.0337832322453611,70,0.8787920022114466,False
openml_44516_dilbert_seed_3_nrows_2000,real_openml_multiclass,real_openml,1.0733,5,100,400,1600,0.0,0.0,,0.0,0.0,False,1600,0.0247645159451986,0.4929702437289875,0.8185544897985562,0.4035230063414513,1.0718954248366013,3.459423043144784,1.23945312440199e-06,0.0001907265212294,0.7007825826755065,0.1304643494797877,2.3214828182352,0.265702011540403,0.25354454606382,0.2658681791523732,0.2537031105078874,1.0006253908692933,3.674753786074306,15.597878741859384,0.8873705250162227,0.0671187980672017,3.3937745409005003e-11,8.247827340191951e-11,0.830998392532004,0.1048835855797179,0.0,0.0,5.632072622152067,0.0743606732021912,5.698505576799653,0.996544921875,0.148833239227917,0.0743606457775529,0.31125,0.4486173321000644,0.0560897888233823,0.155625,0.3626127954163018,100.0,5.0,1600.0,0.0213406399778005,2.015447752180965,3.532250490678352,1.619848437553667,0.921875,0.0440401259857333,70,0.6848550433399043,True
openml_44517_dilbert_seed_4_nrows_2000,real_openml_multiclass,real_openml,1.0733,5,100,400,1600,0.0,0.0,,0.0,0.0,False,1600,0.0247645159451986,0.6227415272287521,0.6751822933994764,0.4204640525494013,1.0718954248366013,3.459423167090097,4.463264492478967e-16,0.0001907265212294,0.6868802886812477,0.1297159735530756,2.3214828182352,0.2018092444380488,0.2408512699477078,0.2019354540968593,0.2410018961327908,1.0006253908692933,3.1440118931218657,19.55066018473909,0.9215415420501184,0.0637425737139353,2.9264330569108614e-11,7.993580773493187e-11,0.8587346487410377,0.1009271413631694,0.0,0.0,5.662164070919391,0.0733281272115715,4.963100881619919,0.997398828125,0.1187419144059037,0.0733281272115715,0.39,0.4684552566833965,0.0409601672533274,0.2175,0.4126744329580654,100.0,5.0,1600.0,0.0213406399778005,1.9376968252998032,2.9189499611166005,1.5272156025503578,0.98125,0.0547130811887253,70,1.007885858796843,False
openml_44518_fabert_seed_0_nrows_2000_,real_openml_multiclass,real_openml,3.8361,7,100,400,1600,0.0,0.0,,0.0,0.0,False,1600,0.3732574095044866,0.3284206792367264,0.07479498535725,0.024564219894529,3.826530612244898,0.104147857877277,0.066726422094943,0.0269839400158575,0.3641793980183067,0.0849179360532699,2.7047180848369354,,,0.0102560771778713,0.0221245458307754,0.9806128830519067,0.2815690437955456,440.9730287124455,,,,,0.9612728152060948,0.0134538617318444,0.5215779046252307,0.0758361205940191,2.802732420007088,0.0661572501051906,0.9948506322827,0.999057421875,0.0061335227071237,0.0065037151769079,0.818125,,,0.774375,0.4181239369393374,100.0,7.0,1600.0,0.3867878403496132,0.8318150829635941,0.2905721140158157,,0.59375,0.4033584032668778,16,0.5516654182775311,False
openml_44519_fabert_seed_1_nrows_2000_,real_openml_multiclass,real_openml,3.8361,7,100,400,1600,0.0,0.0,,0.0,0.0,False,1600,0.3732574095044866,0.4980619604737589,0.0769767507066209,0.0383391913678394,3.826530612244898,0.1118787585478166,0.075608923096752,0.0269839400158575,0.3746156290500009,0.1135648911492362,2.7047180848369354,,,0.0117170513990258,0.0269995619625543,0.9806128830519082,0.3262431419412284,393.19281440187206,,,,,0.9592751067780318,0.0197865629029279,0.4960097982243456,0.0990158644480874,2.8097179839911712,0.0751110312326015,1.1323957543717618,0.999209765625,0.0068788593935811,0.0079246134874218,0.81,,,0.71375,0.452148992805258,100.0,7.0,1600.0,0.3867878403496132,0.9065061396798572,0.3815051300162615,,0.614375,0.3643393721590096,16,0.6484303161413089,False
openml_44520_fabert_seed_2_nrows_2000_,real_openml_multiclass,real_openml,3.8361,7,100,400,1600,0.0,0.0,,0.0,0.0,False,1600,0.3732574095044866,0.3930947536526618,0.0586292147939347,0.0230468367462707,3.826530612244898,0.0984652693143035,0.0620569505851807,0.0269839400158575,0.3494212222337696,0.1068538638407951,2.7047180848369354,,,0.0119763319292815,0.0297222878395672,0.990619136960599,0.3356774598672397,411.9601490300362,,,,,0.9620805414254217,0.0180137840621836,0.5564229392007054,0.0772613699151313,2.796617869379945,0.0610791464145828,0.965282415840778,0.999210546875,0.0065654847712945,0.0077826349090487,0.800625,,,0.739375,0.4391128806482674,100.0,7.0,1600.0,0.3867878403496132,0.7896598843725842,0.3731202318373048,,0.531875,0.4188720819751821,16,1.0839452910954883,False
openml_44521_fabert_seed_3_nrows_2000_,real_openml_multiclass,real_openml,3.8361,7,100,400,1600,0.0,0.0,,0.0,0.0,False,1600,0.3732574095044866,0.3686273606735981,0.0490004034077301,0.0180628893801331,3.826530612244898,0.0970152156843783,0.067727172474747,0.0269839400158575,0.3529030783025603,0.1012001494417649,2.7047180848369354,,,0.0111420914304621,0.0280355556686447,0.9906191369606024,0.3178214772541281,451.5029845061809,,,,,0.9665269954988572,0.0190584516730335,0.5491155511093128,0.0903471871405785,2.795742823874088,0.0674558742706383,0.9697059418532212,0.9992828125,0.0059904766472255,0.00610600282646,0.821875,,,0.76,0.4272166561530098,100.0,7.0,1600.0,0.3867878403496132,0.7984508472877161,0.3619099748067185,,0.56125,0.4159010221521399,16,1.0823677298511218,False
openml_44522_fabert_seed_4_nrows_2000_,real_openml_multiclass,real_openml,3.8361,7,100,400,1600,0.0,0.0,,0.0,0.0,False,1600,0.3732574095044866,0.2225300676370971,0.0471963727298297,0.0105026120157946,3.826530612244898,0.098180142186694,0.0673668432115096,0.0269839400158575,0.3485206033924971,0.0849905511159687,2.7047180848369354,,,0.0114326561770937,0.0260290737675422,0.9806128830519072,0.3172237289578776,445.5035862844098,,,,,0.9674976545390336,0.0131393193451765,0.5414046692691737,0.0790817242076929,2.796827079297536,0.0666323650576562,0.906845747014609,0.99935234375,0.0060711477260931,0.0053376323435199,0.841875,,,0.73125,0.4434482398921148,100.0,7.0,1600.0,0.3867878403496132,0.764916634829402,0.3005069361953336,,0.545,0.4355385714611574,16,0.5413124117239393,True
openml_44553_vehicle_seed_0_nrows_2000,real_openml_multiclass,real_openml,1.0955,4,18,170,676,0.0,0.0,,0.0,0.0,False,676,0.0352555481887958,0.5748042923458149,0.754190817425052,0.4335121191037187,1.0943396226415094,2.9330501704658314,0.1351813419666068,0.0005460721042767,0.6734036141902636,0.269115890842766,1.9990928967963064,0.4061152993244932,0.3414857873705343,0.4067169516197885,0.3419916922407127,1.0014814814814803,2.251449784310543,8.133142575804214,0.8809034388299928,0.0769648243497051,0.0211116831845342,0.0516100078785464,0.756917655402683,0.147527313579022,0.1590365644564512,0.2577039910086006,4.686347192154337,0.1984206656726634,4.5551326929492335,0.9894217639438396,0.2457958751078003,0.113622682857849,0.4437869822485207,0.443489012785315,0.104359281110247,0.3180473372781065,0.4660628196176309,18.0,4.0,676.0,0.0336441530059816,1.5052640082217197,2.371027161907548,,0.7307692307692307,0.0849424423432484,46,0.03986383549792058,False
openml_44554_vehicle_seed_1_nrows_2000,real_openml_multiclass,real_openml,1.0955,4,18,170,676,0.0,0.0,,0.0,0.0,False,676,0.0352555481887958,0.5748042923458149,0.754190817425052,0.4335121191037187,1.0943396226415094,2.9330501704658314,0.1351813419666068,0.0005460721042767,0.6734036141902636,0.269115890842766,1.9990928967963064,0.4061152993244932,0.3414857873705343,0.4067169516197885,0.3419916922407127,1.0014814814814803,2.251449784310543,8.133142575804214,0.8809034388299928,0.0769648243497051,0.0211116831845342,0.0516100078785464,0.756917655402683,0.147527313579022,0.1590365644564512,0.2577039910086006,4.686347192154337,0.1984206656726634,4.5551326929492335,0.9894217639438396,0.2457958751078003,0.113622682857849,0.4437869822485207,0.443489012785315,0.104359281110247,0.3180473372781065,0.4660628196176309,18.0,4.0,676.0,0.0336441530059816,1.5052640082217197,2.371027161907548,,0.7307692307692307,0.0849424423432484,46,0.03986383549792058,False
openml_44555_vehicle_seed_2_nrows_2000,real_openml_multiclass,real_openml,1.0955,4,18,170,676,0.0,0.0,,0.0,0.0,False,676,0.0352555481887958,0.5748042923458149,0.754190817425052,0.4335121191037187,1.0943396226415094,2.9330501704658314,0.1351813419666068,0.0005460721042767,0.6734036141902636,0.269115890842766,1.9990928967963064,0.4061152993244932,0.3414857873705343,0.4067169516197885,0.3419916922407127,1.0014814814814803,2.251449784310543,8.133142575804214,0.8809034388299928,0.0769648243497051,0.0211116831845342,0.0516100078785464,0.756917655402683,0.147527313579022,0.1590365644564512,0.2577039910086006,4.686347192154337,0.1984206656726634,4.5551326929492335,0.9894217639438396,0.2457958751078003,0.113622682857849,0.4437869822485207,0.443489012785315,0.104359281110247,0.3180473372781065,0.4660628196176309,18.0,4.0,676.0,0.0336441530059816,1.5052640082217197,2.371027161907548,,0.7307692307692307,0.0849424423432484,46,0.03986383549792058,False
openml_44556_vehicle_seed_3_nrows_2000,real_openml_multiclass,real_openml,1.0955,4,18,170,676,0.0,0.0,,0.0,0.0,False,676,0.0352555481887958,0.5748042923458149,0.754190817425052,0.4335121191037187,1.0943396226415094,2.9330501704658314,0.1351813419666068,0.0005460721042767,0.6734036141902636,0.269115890842766,1.9990928967963064,0.4061152993244932,0.3414857873705343,0.4067169516197885,0.3419916922407127,1.0014814814814803,2.251449784310543,8.133142575804214,0.8809034388299928,0.0769648243497051,0.0211116831845342,0.0516100078785464,0.756917655402683,0.147527313579022,0.1590365644564512,0.2577039910086006,4.686347192154337,0.1984206656726634,4.5551326929492335,0.9894217639438396,0.2457958751078003,0.113622682857849,0.4437869822485207,0.443489012785315,0.104359281110247,0.3180473372781065,0.4660628196176309,18.0,4.0,676.0,0.0336441530059816,1.5052640082217197,2.371027161907548,,0.7307692307692307,0.0849424423432484,46,0.03986383549792058,False
openml_44557_vehicle_seed_4_nrows_2000,real_openml_multiclass,real_openml,1.0955,4,18,170,676,0.0,0.0,,0.0,0.0,False,676,0.0352555481887958,0.5748042923458149,0.754190817425052,0.4335121191037187,1.0943396226415094,2.9330501704658314,0.1351813419666068,0.0005460721042767,0.6734036141902636,0.269115890842766,1.9990928967963064,0.4061152993244932,0.3414857873705343,0.4067169516197885,0.3419916922407127,1.0014814814814803,2.251449784310543,8.133142575804214,0.8809034388299928,0.0769648243497051,0.0211116831845342,0.0516100078785464,0.756917655402683,0.147527313579022,0.1590365644564512,0.2577039910086006,4.686347192154337,0.1984206656726634,4.5551326929492335,0.9894217639438396,0.2457958751078003,0.113622682857849,0.4437869822485207,0.443489012785315,0.104359281110247,0.3180473372781065,0.4660628196176309,18.0,4.0,676.0,0.0336441530059816,1.5052640082217197,2.371027161907548,,0.7307692307692307,0.0849424423432484,46,0.03986383549792058,False
openml_44578_Diabetes130US_seed_0_nrow,real_openml_multiclass,real_openml,4.8341,3,49,400,1600,0.0,0.0,,0.0,0.0,False,1600,0.5254469823397979,0.6521576929727804,0.1046616707223636,0.0682559137209734,4.848314606741573,1.1173754400421476,1.2194727786746111,0.1817242333138373,0.2741842355616239,0.0883429512237927,1.3628971862917243,,,0.0283650218082212,0.0514444552289867,0.8372579801151212,0.5555395654673891,237.29917256216615,,,,,0.9911855136560596,0.0015310022286121,0.9415147853681484,0.0244098559942977,2.4745292553327163,1.2146612891423985,0.1747485022180681,0.998726171875,0.0057433710011554,0.0087238931282771,0.6875,0.5065796209799251,0.0621425949048257,0.539375,0.4986030359837198,49.0,3.0,1600.0,0.4246396925968098,0.1581584670919536,0.1278212367427219,,0.95875,0.8469216238243257,7,0.18050500907421257,False
openml_44579_Diabetes130US_seed_1_nrow,real_openml_multiclass,real_openml,4.8341,3,49,400,1600,0.0,0.0,,0.0,0.0,False,1600,0.5254469823397979,0.5588272853089719,0.0886471805665311,0.0495384632662888,4.848314606741573,1.1120929193725728,1.2202879103969797,0.1817242333138373,0.2557008900644612,0.1341848325508299,1.3628971862917243,,,0.0278458615505312,0.0529656460337209,0.7964161274265754,0.5842634106537841,206.70017530680943,,,,,0.9905781822322672,0.0039810473356273,0.9317332551637988,0.0307411849432037,2.4683965109357557,1.2140259222536662,0.1666816526886257,0.998747265625,0.0065935947285421,0.0098590650918942,0.7025,0.5034454031130742,0.0598116811431005,0.5325,0.4990986246707334,49.0,3.0,1600.0,0.4246396925968098,0.1487714596462096,0.1401326395525219,,0.96875,0.8544072628559017,7,0.14307094856659452,False
openml_44580_Diabetes130US_seed_2_nrow,real_openml_multiclass,real_openml,4.8341,3,49,400,1600,0.0,0.0,,0.0,0.0,False,1600,0.5254469823397979,0.4910921796123369,0.0623421656822296,0.0306157500266395,4.848314606741573,1.1173775888370838,1.228763291334639,0.1817242333138373,0.2272847312960772,0.0782614996939399,1.3628971862917243,,,0.0279721725014117,0.0510668240084592,0.8168370537708493,0.5650371278418338,242.3615710753085,,,,,0.9861412497684862,0.0054703674839433,0.938414484702851,0.0183034911525617,2.47465137047664,1.222722911186637,0.1172763894835955,0.998817578125,0.0056234046521683,0.0083740015248802,0.7025,0.5090893646430967,0.0620660395681137,0.56625,0.4957464476299462,49.0,3.0,1600.0,0.4246396925968098,0.1094415604950046,0.0868104018930004,,0.965,0.8929200027428178,7,0.13524566542152353,True
openml_44581_Diabetes130US_seed_3_nrow,real_openml_multiclass,real_openml,4.8341,3,49,400,1600,0.0,0.0,,0.0,0.0,False,1600,0.5254469823397979,0.6262693277196318,0.0893312141862216,0.0559453994527834,4.848314606741573,1.117306516243004,1.229463706363734,0.1817242333138373,0.2396145142324951,0.099913692110062,1.3628971862917243,,,0.0271450210514537,0.0517336893139546,0.7964161274265767,0.5772004746411793,238.6406184815848,,,,,0.991231799454938,0.0032238214992461,0.9370547700425506,0.0285176196713599,2.4744926161531917,1.2242005822618105,0.1359057814143076,0.998796484375,0.0057110863815369,0.0084086345061227,0.698125,0.5081484224399692,0.061300113817175,0.550625,0.4975860270183714,49.0,3.0,1600.0,0.4246396925968098,0.1248129767328135,0.1065176503623437,,0.970625,0.8779352720444045,7,0.13832697792966206,False
openml_44582_Diabetes130US_seed_4_nrow,real_openml_multiclass,real_openml,4.8341,3,49,400,1600,0.0,0.0,,0.0,0.0,False,1600,0.5254469823397979,0.3625898065602388,0.0749567114342488,0.0271785394993359,4.848314606741573,1.1115875462416644,1.2272099333956412,0.1817242333138373,0.2456873309456519,0.0635590832357909,1.3628971862917243,,,0.0274368703022918,0.0518911193320026,0.7964161274265785,0.5785668775781893,225.2721589651304,,,,,0.9803213997073432,0.0131553230817308,0.9035902401132212,0.0543381707810381,2.4684347297609524,1.2208382778059534,0.1342491565664728,0.998779296875,0.0060500027724361,0.0081305192529788,0.684375,0.5083089119172964,0.062070146294531,0.555,0.4971211682376276,49.0,3.0,1600.0,0.4246396925968098,0.1247642862361707,0.0922587534515255,,0.971875,0.8786395477745729,7,0.32281202310410756,False
openml_44588_eucalyptus_seed_0_nrows_2,real_openml_multiclass,real_openml,2.0381,5,19,148,588,0.0,0.0,,0.0,0.0,False,588,0.2927245743546596,0.792127568468342,1.6056949462770458,1.2719152334963413,2.0357142857142856,2.4045877062491137,0.5401422788241774,0.0271806125921955,0.4615932697784756,0.3048027113586404,2.261712133909535,0.1433346223882619,0.1738501062891198,0.1435788040277646,0.1741462734207873,1.0017035775127747,0.9821020794461736,11.20630173346857,0.897990215367952,0.1235186080123578,0.0165388606564164,0.0236881612320767,0.7439140070332232,0.1614325646686998,0.3820371686039202,0.3508337519091584,4.464474814588014,0.5187087336614333,4.379716547679249,0.9893765329260956,0.2018250255706341,0.1298599441818353,0.5884353741496599,0.4457731975146915,0.1823651887340392,0.4149659863945578,0.4931356737331265,19.0,5.0,588.0,0.2234544780080448,1.130987465373874,3.990150194274224,,0.7295918367346939,0.1399968021748042,12,4.1725779438208954e-16,False
openml_44589_eucalyptus_seed_1_nrows_2,real_openml_multiclass,real_openml,2.0381,5,19,148,588,0.0,0.0,,0.0,0.0,False,588,0.2927245743546596,0.792127568468342,1.6056949462770458,1.2719152334963413,2.0357142857142856,2.4045877062491137,0.5401422788241774,0.0271806125921955,0.4615932697784756,0.3048027113586404,2.261712133909535,0.1433346223882619,0.1738501062891198,0.1435788040277646,0.1741462734207873,1.0017035775127747,0.9821020794461736,11.20630173346857,0.897990215367952,0.1235186080123578,0.0165388606564164,0.0236881612320767,0.7439140070332232,0.1614325646686998,0.3820371686039202,0.3508337519091584,4.464474814588014,0.5187087336614333,4.379716547679249,0.9893765329260956,0.2018250255706341,0.1298599441818353,0.5884353741496599,0.4457731975146915,0.1823651887340392,0.4149659863945578,0.4931356737331265,19.0,5.0,588.0,0.2234544780080448,1.130987465373874,3.990150194274224,,0.7295918367346939,0.1399968021748042,12,4.1725779438208954e-16,False
openml_44590_eucalyptus_seed_2_nrows_2,real_openml_multiclass,real_openml,2.0381,5,19,148,588,0.0,0.0,,0.0,0.0,False,588,0.2927245743546596,0.792127568468342,1.6056949462770458,1.2719152334963413,2.0357142857142856,2.4045877062491137,0.5401422788241774,0.0271806125921955,0.4615932697784756,0.3048027113586404,2.261712133909535,0.1433346223882619,0.1738501062891198,0.1435788040277646,0.1741462734207873,1.0017035775127747,0.9821020794461736,11.20630173346857,0.897990215367952,0.1235186080123578,0.0165388606564164,0.0236881612320767,0.7439140070332232,0.1614325646686998,0.3820371686039202,0.3508337519091584,4.464474814588014,0.5187087336614333,4.379716547679249,0.9893765329260956,0.2018250255706341,0.1298599441818353,0.5884353741496599,0.4457731975146915,0.1823651887340392,0.4149659863945578,0.4931356737331265,19.0,5.0,588.0,0.2234544780080448,1.130987465373874,3.990150194274224,,0.7295918367346939,0.1399968021748042,12,4.1725779438208954e-16,False
openml_44591_eucalyptus_seed_3_nrows_2,real_openml_multiclass,real_openml,2.0381,5,19,148,588,0.0,0.0,,0.0,0.0,False,588,0.2927245743546596,0.792127568468342,1.6056949462770458,1.2719152334963413,2.0357142857142856,2.4045877062491137,0.5401422788241774,0.0271806125921955,0.4615932697784756,0.3048027113586404,2.261712133909535,0.1433346223882619,0.1738501062891198,0.1435788040277646,0.1741462734207873,1.0017035775127747,0.9821020794461736,11.20630173346857,0.897990215367952,0.1235186080123578,0.0165388606564164,0.0236881612320767,0.7439140070332232,0.1614325646686998,0.3820371686039202,0.3508337519091584,4.464474814588014,0.5187087336614333,4.379716547679249,0.9893765329260956,0.2018250255706341,0.1298599441818353,0.5884353741496599,0.4457731975146915,0.1823651887340392,0.4149659863945578,0.4931356737331265,19.0,5.0,588.0,0.2234544780080448,1.130987465373874,3.990150194274224,,0.7295918367346939,0.1399968021748042,12,4.1725779438208954e-16,False
openml_44592_eucalyptus_seed_4_nrows_2,real_openml_multiclass,real_openml,2.0381,5,19,148,588,0.0,0.0,,0.0,0.0,False,588,0.2927245743546596,0.792127568468342,1.6056949462770458,1.2719152334963413,2.0357142857142856,2.4045877062491137,0.5401422788241774,0.0271806125921955,0.4615932697784756,0.3048027113586404,2.261712133909535,0.1433346223882619,0.1738501062891198,0.1435788040277646,0.1741462734207873,1.0017035775127747,0.9821020794461736,11.20630173346857,0.897990215367952,0.1235186080123578,0.0165388606564164,0.0236881612320767,0.7439140070332232,0.1614325646686998,0.3820371686039202,0.3508337519091584,4.464474814588014,0.5187087336614333,4.379716547679249,0.9893765329260956,0.2018250255706341,0.1298599441818353,0.5884353741496599,0.4457731975146915,0.1823651887340392,0.4149659863945578,0.4931356737331265,19.0,5.0,588.0,0.2234544780080448,1.130987465373874,3.990150194274224,,0.7295918367346939,0.1399968021748042,12,4.1725779438208954e-16,False
openml_44603_cnae-9_seed_0_nrows_2000_,real_openml_multiclass,real_openml,1.0,9,100,216,864,0.0,0.0,,0.0,0.0,False,864,0.0,0.6604120551676219,0.5077878997875,0.3353492504879133,1.0,0.0459482273953886,0.0752038044315088,0.0,0.5746897130305362,0.1729135730359617,3.1699250014423126,,,0.0078202939658984,0.049029899806479,0.9110544611819202,0.5739158013423487,200.58875382763247,,,,,0.8478009259259258,0.0845897757991655,0.599826388888889,0.153247440519552,3.2000701245212637,0.0553228904056361,6.257574642799797,0.9950234160665294,0.0158031043164376,0.0325588685929267,0.7743055555555556,,,0.5752314814814815,0.494594129640633,100.0,9.0,864.0,0.0,2.8514398562854004,2.7266507545084875,,0.099537037037037,0.0182904431479296,22,0.43994531319983643,False
openml_44604_cnae-9_seed_1_nrows_2000_,real_openml_multiclass,real_openml,1.0,9,100,216,864,0.0,0.0,,0.0,0.0,False,864,0.0,0.7458049684984328,0.808390254836618,0.602901468542864,1.0,0.0507860856816163,0.0781424836359294,0.0,0.5819102774889855,0.1898763931229386,3.1699250014423126,,,0.0107614593645355,0.057512558593508,0.9210660486674338,0.6455999869203626,163.72382972747445,,,,,0.8084490740740741,0.1068124636546471,0.566695601851852,0.1601730691635218,3.2013496721929515,0.0426038507685049,6.772016829050672,0.9915297603737996,0.0193614149309773,0.0443798686124059,0.7731481481481481,,,0.5648148148148148,0.4960684015958312,100.0,9.0,864.0,0.0,2.9613278810361026,2.811878969932653,,0.0856481481481481,0.0144280951316796,22,0.3384347772439747,True
openml_44605_cnae-9_seed_2_nrows_2000_,real_openml_multiclass,real_openml,1.0,9,100,216,864,0.0,0.0,,0.0,0.0,False,864,0.0,0.9176475463742906,0.645997975750777,0.592798457410459,1.0,0.0553832903760326,0.0851575130152495,0.0,0.5568446556531756,0.2127569408790769,3.1699250014423126,,,0.0119735260787229,0.0534254125709264,0.9010428736964046,0.6251609680116219,170.82954321288466,,,,,0.8328993055555556,0.1171610419867653,0.591724537037037,0.1822354410644051,3.2067522215870268,0.0605319286663093,8.872912892029955,0.9947983646262004,0.0185560702313183,0.0421738953153254,0.8113425925925926,,,0.6041666666666666,0.4893121901884069,100.0,9.0,864.0,0.0,2.797466375481592,4.545190984693117,,0.1192129629629629,0.0117868311590125,22,0.5388983389132269,False
openml_44606_cnae-9_seed_3_nrows_2000_,real_openml_multiclass,real_openml,1.0,9,100,216,864,0.0,0.0,,0.0,0.0,False,864,0.0,1.3502455793172805,1.1108438050770255,1.499911937117241,1.0,0.0406422041032673,0.063380063429656,0.0,0.5478789901052482,0.206219957012986,3.1699250014423126,,,0.008557904870561,0.0544086782901385,0.9210660486674368,0.6146626893154983,195.3577521038782,,,,,0.8230613425925927,0.1411530326264862,0.6100983796296297,0.1611491508655268,3.194340949012096,0.02695783776438,7.181897984692368,0.9968894675925926,0.016226256533484,0.0441338063770826,0.7951388888888888,,,0.6087962962962963,0.4883025060016535,100.0,9.0,864.0,0.0,2.699057797083038,4.227751224801056,,0.0868055555555555,0.0185650354811731,22,0.9664496851144506,False
openml_44607_cnae-9_seed_4_nrows_2000_,real_openml_multiclass,real_openml,1.0,9,100,216,864,0.0,0.0,,0.0,0.0,False,864,0.0,0.663863403125823,0.4013562420001517,0.2664457206800121,1.0,0.0433409749698497,0.0800174800297738,0.0,0.502761373563417,0.1640502405105483,3.1699250014423126,,,0.0076239126485997,0.0457356484680377,0.8710081112398578,0.5739794726667647,243.4806716519731,,,,,0.8794849537037037,0.0753130122670964,0.6707175925925927,0.1356117591412047,3.200246770493537,0.0641986157681617,3.74172041328274,0.9980575917352538,0.0130192059186256,0.0276940045001625,0.8287037037037037,,,0.6793981481481481,0.4669782637000283,100.0,9.0,864.0,0.0,2.210539359859972,1.2985796985987623,,0.0983796296296296,0.0601377205819555,22,0.8587378220181358,False
openml_44613_cmc_seed_0_nrows_2000_ncl,real_openml_multiclass,real_openml,1.8889,3,9,295,1178,0.0,0.0,,0.0,0.0,False,1178,0.2481537872846507,0.5994558695607003,0.1932477622172722,0.1158435053406143,1.8909774436090223,1.5425596348750763,0.946481844636424,0.0438011792949926,0.3270767551573597,0.0913500642767397,1.538879262719534,0.1746895490632427,0.1502703604950693,0.1748379683912493,0.1503980328489315,1.00084961767205,0.687776169413322,43.41433649522621,0.9668855394417106,0.0233036944403633,0.765928515928516,0.048618072376628,0.964410844695904,0.0559053800862705,0.9579331317263924,0.0528566959491812,3.0459925591969537,0.9269513291033998,0.2551990985829858,0.9984557002891148,0.0354463383976569,0.0237330105433164,0.7249575551782682,,,0.5636672325976231,0.4961405486070596,9.0,3.0,1178.0,0.1739611338917678,0.2223032417718993,0.1812039869669327,1.0476130192346036,0.6960950764006791,0.7882659936078746,49,0.6687924610373145,False
openml_44614_cmc_seed_1_nrows_2000_ncl,real_openml_multiclass,real_openml,1.8889,3,9,295,1178,0.0,0.0,,0.0,0.0,False,1178,0.2481537872846507,0.5994558695607003,0.1932477622172722,0.1158435053406143,1.8909774436090223,1.5425596348750763,0.946481844636424,0.0438011792949926,0.3270767551573597,0.0913500642767397,1.538879262719534,0.1746895490632427,0.1502703604950693,0.1748379683912493,0.1503980328489315,1.00084961767205,0.687776169413322,43.41433649522621,0.9668855394417106,0.0233036944403633,0.765928515928516,0.048618072376628,0.964410844695904,0.0559053800862705,0.9579331317263924,0.0528566959491812,3.0459925591969537,0.9269513291033998,0.2551990985829858,0.9984557002891148,0.0354463383976569,0.0237330105433164,0.7249575551782682,,,0.5636672325976231,0.4961405486070596,9.0,3.0,1178.0,0.1739611338917678,0.2223032417718993,0.1812039869669327,1.0476130192346036,0.6960950764006791,0.7882659936078746,49,0.6687924610373145,False
openml_44615_cmc_seed_2_nrows_2000_ncl,real_openml_multiclass,real_openml,1.8889,3,9,295,1178,0.0,0.0,,0.0,0.0,False,1178,0.2481537872846507,0.5994558695607003,0.1932477622172722,0.1158435053406143,1.8909774436090223,1.5425596348750763,0.946481844636424,0.0438011792949926,0.3270767551573597,0.0913500642767397,1.538879262719534,0.1746895490632427,0.1502703604950693,0.1748379683912493,0.1503980328489315,1.00084961767205,0.687776169413322,43.41433649522621,0.9668855394417106,0.0233036944403633,0.765928515928516,0.048618072376628,0.964410844695904,0.0559053800862705,0.9579331317263924,0.0528566959491812,3.0459925591969537,0.9269513291033998,0.2551990985829858,0.9984557002891148,0.0354463383976569,0.0237330105433164,0.7249575551782682,,,0.5636672325976231,0.4961405486070596,9.0,3.0,1178.0,0.1739611338917678,0.2223032417718993,0.1812039869669327,1.0476130192346036,0.6960950764006791,0.7882659936078746,49,0.6687924610373145,False
openml_44616_cmc_seed_3_nrows_2000_ncl,real_openml_multiclass,real_openml,1.8889,3,9,295,1178,0.0,0.0,,0.0,0.0,False,1178,0.2481537872846507,0.5994558695607003,0.1932477622172722,0.1158435053406143,1.8909774436090223,1.5425596348750763,0.946481844636424,0.0438011792949926,0.3270767551573597,0.0913500642767397,1.538879262719534,0.1746895490632427,0.1502703604950693,0.1748379683912493,0.1503980328489315,1.00084961767205,0.687776169413322,43.41433649522621,0.9668855394417106,0.0233036944403633,0.765928515928516,0.048618072376628,0.964410844695904,0.0559053800862705,0.9579331317263924,0.0528566959491812,3.0459925591969537,0.9269513291033998,0.2551990985829858,0.9984557002891148,0.0354463383976569,0.0237330105433164,0.7249575551782682,,,0.5636672325976231,0.4961405486070596,9.0,3.0,1178.0,0.1739611338917678,0.2223032417718993,0.1812039869669327,1.0476130192346036,0.6960950764006791,0.7882659936078746,49,0.6687924610373145,False
openml_44617_cmc_seed_4_nrows_2000_ncl,real_openml_multiclass,real_openml,1.8889,3,9,295,1178,0.0,0.0,,0.0,0.0,False,1178,0.2481537872846507,0.5994558695607003,0.1932477622172722,0.1158435053406143,1.8909774436090223,1.5425596348750763,0.946481844636424,0.0438011792949926,0.3270767551573597,0.0913500642767397,1.538879262719534,0.1746895490632427,0.1502703604950693,0.1748379683912493,0.1503980328489315,1.00084961767205,0.687776169413322,43.41433649522621,0.9668855394417106,0.0233036944403633,0.765928515928516,0.048618072376628,0.964410844695904,0.0559053800862705,0.9579331317263924,0.0528566959491812,3.0459925591969537,0.9269513291033998,0.2551990985829858,0.9984557002891148,0.0354463383976569,0.0237330105433164,0.7249575551782682,,,0.5636672325976231,0.4961405486070596,9.0,3.0,1178.0,0.1739611338917678,0.2223032417718993,0.1812039869669327,1.0476130192346036,0.6960950764006791,0.7882659936078746,49,0.6687924610373145,False
openml_44618_car_seed_0_nrows_2000_ncl,real_openml_multiclass,real_openml,18.6154,4,6,346,1382,0.0,0.0,,0.0,0.0,False,1382,1.0825055912446406,0.7746541433056934,0.8636358279118682,0.6690190723991715,18.615384615384617,1.79193894075254,0.2270908284705796,0.5069562793245246,0.2284483751404341,0.2248814901324503,1.205103129912393,0.0095032726783674,0.0077403549873999,0.0095101541212916,0.0077459598787738,1.0007241129616236,0.029642159120893,10.517585338143691,0.9574221421522348,0.0562258264785585,0.1111111111111111,0.1956312984628779,0.5436546427116093,0.1592191462560657,0.21024352386595,0.2394393887716822,2.8824622416292804,0.2999341128073906,0.3167325559662849,0.9929117598396584,0.1145798290356528,0.1034064629456004,0.2698986975397974,0.3983489984926278,0.0993752043554683,0.1685962373371924,0.3745304341789997,6.0,4.0,1382.0,0.7955011554733668,0.2577093495212963,0.2684373361945327,,0.447178002894356,0.7520470187790951,4,0.29374502621634063,False
openml_44619_car_seed_1_nrows_2000_ncl,real_openml_multiclass,real_openml,18.6154,4,6,346,1382,0.0,0.0,,0.0,0.0,False,1382,1.0825055912446406,0.7746541433056934,0.8636358279118682,0.6690190723991715,18.615384615384617,1.79193894075254,0.2270908284705796,0.5069562793245246,0.2284483751404341,0.2248814901324503,1.205103129912393,0.0095032726783674,0.0077403549873999,0.0095101541212916,0.0077459598787738,1.0007241129616236,0.029642159120893,10.517585338143691,0.9574221421522348,0.0562258264785585,0.1111111111111111,0.1956312984628779,0.5436546427116093,0.1592191462560657,0.21024352386595,0.2394393887716822,2.8824622416292804,0.2999341128073906,0.3167325559662849,0.9929117598396584,0.1145798290356528,0.1034064629456004,0.2698986975397974,0.3983489984926278,0.0993752043554683,0.1685962373371924,0.3745304341789997,6.0,4.0,1382.0,0.7955011554733668,0.2577093495212963,0.2684373361945327,,0.447178002894356,0.7520470187790951,4,0.29374502621634063,False
openml_44620_car_seed_2_nrows_2000_ncl,real_openml_multiclass,real_openml,18.6154,4,6,346,1382,0.0,0.0,,0.0,0.0,False,1382,1.0825055912446406,0.7746541433056934,0.8636358279118682,0.6690190723991715,18.615384615384617,1.79193894075254,0.2270908284705796,0.5069562793245246,0.2284483751404341,0.2248814901324503,1.205103129912393,0.0095032726783674,0.0077403549873999,0.0095101541212916,0.0077459598787738,1.0007241129616236,0.029642159120893,10.517585338143691,0.9574221421522348,0.0562258264785585,0.1111111111111111,0.1956312984628779,0.5436546427116093,0.1592191462560657,0.21024352386595,0.2394393887716822,2.8824622416292804,0.2999341128073906,0.3167325559662849,0.9929117598396584,0.1145798290356528,0.1034064629456004,0.2698986975397974,0.3983489984926278,0.0993752043554683,0.1685962373371924,0.3745304341789997,6.0,4.0,1382.0,0.7955011554733668,0.2577093495212963,0.2684373361945327,,0.447178002894356,0.7520470187790951,4,0.29374502621634063,False
openml_44621_car_seed_3_nrows_2000_ncl,real_openml_multiclass,real_openml,18.6154,4,6,346,1382,0.0,0.0,,0.0,0.0,False,1382,1.0825055912446406,0.7746541433056934,0.8636358279118682,0.6690190723991715,18.615384615384617,1.79193894075254,0.2270908284705796,0.5069562793245246,0.2284483751404341,0.2248814901324503,1.205103129912393,0.0095032726783674,0.0077403549873999,0.0095101541212916,0.0077459598787738,1.0007241129616236,0.029642159120893,10.517585338143691,0.9574221421522348,0.0562258264785585,0.1111111111111111,0.1956312984628779,0.5436546427116093,0.1592191462560657,0.21024352386595,0.2394393887716822,2.8824622416292804,0.2999341128073906,0.3167325559662849,0.9929117598396584,0.1145798290356528,0.1034064629456004,0.2698986975397974,0.3983489984926278,0.0993752043554683,0.1685962373371924,0.3745304341789997,6.0,4.0,1382.0,0.7955011554733668,0.2577093495212963,0.2684373361945327,,0.447178002894356,0.7520470187790951,4,0.29374502621634063,False
openml_44622_car_seed_4_nrows_2000_ncl,real_openml_multiclass,real_openml,18.6154,4,6,346,1382,0.0,0.0,,0.0,0.0,False,1382,1.0825055912446406,0.7746541433056934,0.8636358279118682,0.6690190723991715,18.615384615384617,1.79193894075254,0.2270908284705796,0.5069562793245246,0.2284483751404341,0.2248814901324503,1.205103129912393,0.0095032726783674,0.0077403549873999,0.0095101541212916,0.0077459598787738,1.0007241129616236,0.029642159120893,10.517585338143691,0.9574221421522348,0.0562258264785585,0.1111111111111111,0.1956312984628779,0.5436546427116093,0.1592191462560657,0.21024352386595,0.2394393887716822,2.8824622416292804,0.2999341128073906,0.3167325559662849,0.9929117598396584,0.1145798290356528,0.1034064629456004,0.2698986975397974,0.3983489984926278,0.0993752043554683,0.1685962373371924,0.3745304341789997,6.0,4.0,1382.0,0.7955011554733668,0.2577093495212963,0.2684373361945327,,0.447178002894356,0.7520470187790951,4,0.29374502621634063,False
openml_44623_mfeat-factors_seed_0_nrow,real_openml_multiclass,real_openml,1.0,10,100,400,1600,0.0,0.0,,0.0,0.0,False,1600,0.0,0.7107816348430194,11.33191990186826,8.054520553760069,1.0,3.4178205607294005,0.0814067133212426,0.0,0.8904826375397025,0.0753354691246625,3.321928094887362,0.2571026929007951,0.1986131314938498,0.2572634825774059,0.1987373423328078,1.0006253908692926,3.250739171452288,5.221568912453018,0.5056839923973291,0.1378468999269914,2.0071497126794852e-14,8.044198522756294e-14,0.2666666666666666,0.2263414870278977,0.0,0.0,6.103555176112003,0.187949210215346,60.1110332778986,0.97998046875,0.6361934795047584,0.18267756827474,0.09125,0.3696019863048081,0.0754528576578795,0.046875,0.2114371666054453,100.0,10.0,1600.0,0.0,7.182037413102852,18.73714210450427,,0.513125,8.786453735571785e-08,5,0.41973635696864814,False
openml_44624_mfeat-factors_seed_1_nrow,real_openml_multiclass,real_openml,1.0,10,100,400,1600,0.0,0.0,,0.0,0.0,False,1600,0.0,0.6492357231744443,10.003988654029644,6.494946808427871,1.0,3.408066455110951,0.1089926412829433,0.0,0.8869466295935914,0.0748313335161746,3.321928094887362,0.253561547065102,0.1944682391412188,0.2537201221414404,0.1945898578023453,1.0006253908692928,3.197365534327803,5.305730512006349,0.5113502730390556,0.1351923017900342,7.857781676483216e-14,4.209232398106809e-13,0.2980555555555556,0.2021549047344809,0.0,0.0,6.103892623530287,0.1801467182366551,55.11361324573295,0.981192578125,0.6261019264680262,0.173946954162356,0.095,0.3730014627445023,0.0752618031080119,0.045,0.2073689373377987,100.0,10.0,1600.0,0.0,7.124866741533355,16.956160391414976,,0.5525,1.3789191607876828e-07,5,0.5147464700025378,False
openml_44625_mfeat-factors_seed_2_nrow,real_openml_multiclass,real_openml,1.0,10,100,400,1600,0.0,0.0,,0.0,0.0,False,1600,0.0,0.6054419572162448,9.831558823540686,5.952438216611114,1.0,3.4064780115404445,0.0995888802607249,0.0,0.8907249542368036,0.075919068571676,3.321928094887362,0.2454405086449544,0.1924545469015415,0.2455940048980156,0.1925749062179277,1.0006253908692933,3.1208014645024496,5.3283372752377405,0.5120871991968314,0.1380346142884256,5.996948267565083e-15,3.0635606772291966e-14,0.2582638888888888,0.1795140659495444,0.0,0.0,6.104960569238319,0.1788785293386235,58.92944471127963,0.978065625,0.6234455371894874,0.177982414753362,0.085625,0.3691432206181467,0.0746610520883268,0.04375,0.2046023003617526,100.0,10.0,1600.0,0.0,7.186628136683732,17.430962626065543,,0.5075,9.076209227174441e-08,5,0.2081819010983164,True
openml_44626_mfeat-factors_seed_3_nrow,real_openml_multiclass,real_openml,1.0,10,100,400,1600,0.0,0.0,,0.0,0.0,False,1600,0.0,0.7248343971860939,10.8074777891558,7.833631648404843,1.0,3.3930657599861203,0.1246370937539687,0.0,0.8844343138920457,0.0814530043977979,3.321928094887362,0.2521687597898993,0.1966908233018306,0.2523264638297931,0.1968138319467975,1.0006253908692937,3.1999453652153664,5.361941594827776,0.5141185469715595,0.1473771372465969,7.629545150173614e-14,4.948312604972734e-13,0.2480555555555555,0.2111560199027288,0.0,0.0,6.095455570813888,0.1740653534040584,55.84696341842551,0.97939765625,0.6195382840595938,0.189058959792886,0.105,0.3704341430764516,0.0767440727926676,0.045,0.2073689373377987,100.0,10.0,1600.0,0.0,7.093093235710665,17.94962116041554,,0.53,1.4493470489483338e-07,5,0.34660233116806505,False
openml_44627_mfeat-factors_seed_4_nrow,real_openml_multiclass,real_openml,1.0,10,100,400,1600,0.0,0.0,,0.0,0.0,False,1600,0.0,0.5938509901415608,10.086398829436217,5.989817931823377,1.0,3.408511441264204,0.0842372805623202,0.0,0.8871067934114675,0.0783690113456798,3.321928094887362,0.2618410160635812,0.1955694421237446,0.262004769044234,0.1956917494671616,1.0006253908692937,3.270076809420777,5.15758202926856,0.4930767567611479,0.1272686501520114,1.5725172710499058e-14,7.60297530618843e-14,0.2656944444444444,0.193900565682113,0.0,0.0,6.08635320344064,0.1707698959640117,58.913340331169,0.98081796875,0.644086332710926,0.168713183384988,0.095625,0.3728642883151057,0.0764249647208286,0.045,0.2073689373377987,100.0,10.0,1600.0,0.0,7.131759781765379,19.345938722035445,,0.555625,1.1050288968172708e-07,5,0.40719870800000163,False
openml_44633_segment_seed_0_nrows_2000,real_openml_multiclass,real_openml,1.0035,7,16,400,1600,0.0,0.0,,0.0,0.0,False,1600,0.002165063509461,1.0735545133331126,31.923397730163806,34.27150771414539,1.0043859649122806,3.0770478785208355,1.043231012741526,9.113626878720638e-07,0.6636824370616109,0.3147584479614248,2.807351540033797,0.307013701598166,0.3473069333442046,0.3072057051638938,0.3475241359291605,1.000625390869296,1.851018869544492,3.0640677506251026,0.449150102690415,0.405696372880716,4.8557621563902125e-06,1.743361829405527e-05,0.2346664165023032,0.2996229739836376,0.052685963632641,0.1625320688001954,4.968182229995056,0.803285054501898,44.156582982313175,0.954415625,0.9162171885595763,0.5303256317887732,0.185,,,0.08875,0.2844714660724004,16.0,7.0,1600.0,0.002165063509461,3.13821066639966,25.93271352279892,14.825046570880271,0.22375,0.0003573236359618,10,0.2006221267655412,False
openml_44634_segment_seed_1_nrows_2000,real_openml_multiclass,real_openml,1.0035,7,16,400,1600,0.0,0.0,,0.0,0.0,False,1600,0.002165063509461,1.112335553292542,31.17559417440096,34.67772179520603,1.0043859649122806,3.0756494198797784,1.0466262562668036,9.113626878720638e-07,0.6726691424180427,0.3022602163126009,2.807351540033797,0.3134818420108011,0.3482029524991362,0.3136778906924839,0.3484207154462901,1.000625390869294,1.8709534358151825,3.037923255258571,0.4489856157245562,0.3996561667124134,7.96886297490337e-06,3.140485028422604e-05,0.2525846006854925,0.3020462448494143,0.0557095693281343,0.1653287300791106,4.958898767676052,0.8025182650857114,44.58511452238854,0.95361796875,0.9241021922375228,0.5304366991565426,0.176875,,,0.08125,0.2733040833050606,16.0,7.0,1600.0,0.002165063509461,3.1717088427952507,26.03963204942176,10.500540608629215,0.23,0.0003426069082692,10,0.2558879100190647,False
openml_44635_segment_seed_2_nrows_2000,real_openml_multiclass,real_openml,1.0035,7,16,400,1600,0.0,0.0,,0.0,0.0,False,1600,0.002165063509461,1.094723422174393,34.32943548012623,37.581237090118805,1.0043859649122806,3.075321947461966,1.047257062564512,9.113626878720638e-07,0.6652291503477653,0.3120913238833956,2.807351540033797,0.3091759520731231,0.3456190643101363,0.3093693078905547,0.3458352113172098,1.000625390869291,1.851765336205542,3.072157666855239,0.4517577356435809,0.4024157956136759,5.319111896211903e-06,1.7858688805880613e-05,0.2252525085068296,0.303917806842204,0.0592645537716516,0.1837143807892667,4.968868974686531,0.8073769416069075,44.77674766333045,0.952856640625,0.9138045128092316,0.5266890165401692,0.18375,,,0.0875,0.2826547072882745,16.0,7.0,1600.0,0.002165063509461,3.142183907050911,26.48961335056488,,0.2275,0.0003498548602493,10,0.35760205546768625,False
openml_44636_segment_seed_3_nrows_2000,real_openml_multiclass,real_openml,1.0035,7,16,400,1600,0.0,0.0,,0.0,0.0,False,1600,0.002165063509461,1.1287264035177789,29.32849833272002,33.10385044366824,1.0043859649122806,3.0759097801848285,1.0468083549578595,9.113626878720638e-07,0.6722432364380793,0.3037704011706352,2.807351540033797,0.3133886037820587,0.3476416610493573,0.3135845941534044,0.3478590729699636,1.0006253908692897,1.8690440317944288,3.0497519664306463,0.4526069497148094,0.404716921335903,4.6631796222872505e-06,1.6800708090991435e-05,0.2435075889616383,0.2922798392934164,0.0532458059810357,0.1621846253619238,4.962743333531514,0.8010404295679552,41.142022768299846,0.95216328125,0.9205179866871112,0.527887720463814,0.18625,,,0.09,0.2862712341682187,16.0,7.0,1600.0,0.002165063509461,3.172848096757304,22.91861923540116,,0.2175,0.000391662825773,10,0.7086449892289631,False
openml_44637_segment_seed_4_nrows_2000,real_openml_multiclass,real_openml,1.0035,7,16,400,1600,0.0,0.0,,0.0,0.0,False,1600,0.002165063509461,1.10397845307211,31.505190099290623,34.78105102955762,1.0043859649122806,3.078088135524584,1.0410770097101767,9.113626878720638e-07,0.669812467489188,0.3058988857122959,2.807351540033797,0.3061286545944476,0.3496182093016529,0.3063201046598598,0.349836857337489,1.0006253908692908,1.8555773285142287,3.0671829156331847,0.4484939918784878,0.4035165982313557,7.563813448318379e-06,3.224450672928468e-05,0.2516219492478629,0.2999759870758482,0.05241221214963,0.1702492448768838,4.970153037215114,0.8035341933495674,43.74007041091309,0.95324453125,0.9152866383432668,0.5318580671560631,0.163125,,,0.0825,0.2752109884799525,16.0,7.0,1600.0,0.002165063509461,3.159763091023848,24.78855707840587,,0.223125,0.0003468710743869,10,0.08615191952145797,True
openml_44638_dna_seed_0_nrows_2000_ncl,real_openml_multiclass,real_openml,2.1625,3,100,400,1600,0.0,0.0,,0.0,0.0,False,1600,0.393331126406238,0.3726550073940595,2.204217351862344,0.8214126335563761,2.161458333333333,0.8054351034875523,0.0627513765846426,0.1236621992168585,0.7523582206076018,0.055019711139979,1.4802330251266864,0.0342281145451742,0.0428686594655821,0.0342495204954839,0.0428954691337907,1.0006253908692933,0.5488787848796346,70.25634727328156,0.9756433319964164,0.0554804695320071,0.3333333333333333,0.5773502691896258,0.7511392116655274,0.2436033272305982,0.6472431077694235,0.3084100943982201,2.26459909951472,0.0699505327962576,2.711217050494174,0.998309375,0.021069029099519,0.0500028133826349,0.511875,0.4366010572533851,0.1476688925086864,0.34625,0.4759227894979155,100.0,3.0,1600.0,0.3060646776288319,1.1351129528456003,1.6744917656030618,,0.911875,0.1835803865295654,15,0.8366545284779469,False
openml_44639_dna_seed_1_nrows_2000_ncl,real_openml_multiclass,real_openml,2.1625,3,100,400,1600,0.0,0.0,,0.0,0.0,False,1600,0.393331126406238,0.1215410050103554,0.7803772005918673,0.0948478292471032,2.161458333333333,0.7991216798296068,0.0639102076902238,0.1236621992168585,0.7376681345609523,0.0034094728077706,1.4802330251266864,0.0347371990256812,0.0412044177487954,0.0347589233527767,0.04123018661543,1.0006253908692944,0.539237203940081,79.35562730028937,0.9779066030366392,0.0363722806642409,0.0,0.0,0.8458740221453739,0.0210603294110811,0.6458825885197492,0.0836284386761433,2.2607015473229306,0.0786913068930035,2.3877723884223907,0.998437109375,0.0186531576333628,0.0304366369021306,0.57,0.4400697787311562,0.1464871988164118,0.3925,0.4884596918314652,100.0,3.0,1600.0,0.3060646776288319,1.088320177998097,1.2110046663537506,,0.91,0.207777373413322,144,0.45132753701084916,False
openml_44640_dna_seed_2_nrows_2000_ncl,real_openml_multiclass,real_openml,2.1625,3,100,400,1600,0.0,0.0,,0.0,0.0,False,1600,0.393331126406238,0.3967702825142074,2.2079153878188875,0.8760352121923659,2.161458333333333,0.8004868721784909,0.065887111263415,0.1236621992168585,0.7807345912283802,0.0569413461312914,1.4802330251266864,0.0351733743276166,0.0419468231004675,0.0351953714347633,0.0419730562606304,1.0006253908692917,0.5477312950464921,64.54382666813292,0.9732452749581988,0.0619283984842913,0.3333333333333333,0.5773502691896258,0.9035586124401912,0.0839319373949325,0.8983638072453862,0.088020980648514,2.2577861311878125,0.0783366602943222,3.281688112438884,0.9981546875,0.0229337661173646,0.0545062265874093,0.475625,0.4305215873938161,0.150623102277934,0.31375,0.4641611692013577,100.0,3.0,1600.0,0.3060646776288319,1.2223353207803354,2.06784273130186,1.9183368739795563,0.9025,0.1472379024782227,15,0.4421243539320764,True
openml_44641_dna_seed_3_nrows_2000_ncl,real_openml_multiclass,real_openml,2.1625,3,100,400,1600,0.0,0.0,,0.0,0.0,False,1600,0.393331126406238,0.4535260261944253,0.5494623210932525,0.2491954630289881,2.161458333333333,0.8022117601153351,0.0569567094813696,0.1236621992168585,0.7097334657532495,0.0443402458463556,1.4802330251266864,0.0342284806411224,0.0424196576837839,0.0342498868203852,0.0424461865503778,1.0006253908692953,0.5453778070634238,93.06045763749871,0.98092171765201,0.0294384869900568,0.0,0.0,0.8621347226648318,0.0541624346858217,0.7742559347860439,0.0980491535636872,2.2665386414006417,0.069902892846739,2.070862571548809,0.99852265625,0.0159061438413798,0.0253295294852822,0.584375,0.4381369249556354,0.1515697235829265,0.39625,0.4892704297941163,100.0,3.0,1600.0,0.3060646776288319,1.0094092422219534,1.2183257446632294,1.8698063440196908,0.905625,0.2433368212184977,144,0.3430130371602793,True
openml_44642_dna_seed_4_nrows_2000_ncl,real_openml_multiclass,real_openml,2.1625,3,100,400,1600,0.0,0.0,,0.0,0.0,False,1600,0.393331126406238,0.3831746767094007,2.1521821554893763,0.824661701649383,2.161458333333333,0.8110411085816552,0.0646533857817251,0.1236621992168585,0.7462755962334005,0.0485310461919724,1.4802330251266864,0.0345673755638457,0.0433328101119255,0.0345889936848988,0.0433599100557104,1.0006253908692957,0.5546260424527695,71.85982044844175,0.9757497598479756,0.0575236151740768,0.0,0.0,0.6932148989554912,0.1611421161409541,0.5443527780999601,0.139037029711593,2.2706752369133136,0.0713273679920373,2.587594146657458,0.998212109375,0.0205988967950278,0.0511317128057976,0.510625,0.4371680909093227,0.1500650709385541,0.33125,0.4708099151835557,100.0,3.0,1600.0,0.3060646776288319,1.1162097935115225,1.5596672944318144,2.44525716281897,0.899375,0.1926478625255922,144,0.5126436978983154,False
openml_44663_first-order-theorem-provi,real_openml_multiclass,real_openml,5.2516,6,51,400,1600,0.0,0.0,,0.0,0.0,False,1600,0.6977911578688856,0.4191187319375836,0.1748319055461878,0.0732753265547496,5.25984251968504,2.844664654597353,0.7655763936471129,0.1333012307529122,0.3242084399997341,0.111665856994904,2.2999009494867684,0.2441420580994931,0.2178289264325204,0.2442947423134385,0.2179651546541787,1.0006253908692913,2.337675098402288,23.37921377017687,0.9791763901238484,0.0156064325077297,2.215085120133888e-08,5.4899932236632544e-08,0.9356259013509668,0.0266326370477142,0.3478203011017805,0.1797468320689468,5.0461918532773,0.7441079096970268,0.6872359974700972,0.9979375,0.0983737508068206,0.0300180336929113,0.663125,,,0.4725,0.4993992638815945,51.0,6.0,1600.0,0.5659425971877398,0.5754326173089315,0.3077755494147469,,0.669375,0.534043065873567,71,0.7088754077362684,False
openml_44664_first-order-theorem-provi,real_openml_multiclass,real_openml,5.2516,6,51,400,1600,0.0,0.0,,0.0,0.0,False,1600,0.6977911578688856,0.4752720988517974,0.1735082175122029,0.0824636147050589,5.25984251968504,2.8563113270299976,0.7704210226641345,0.1333012307529122,0.3206130999551057,0.090563439890926,2.2999009494867684,0.2399679163979662,0.2148295491103227,0.2401179901418048,0.2149639015487907,1.000625390869294,2.301157134343711,23.41236071782135,0.9778060755479318,0.0160991759460648,5.376409309936864e-06,1.2283915881955948e-05,0.9462887572788375,0.0211192345767319,0.4267918404807533,0.2004340237126569,5.057977802120679,0.7418040567852349,0.6371657169786366,0.998203515625,0.0982344743960867,0.0364882233002963,0.671875,,,0.483125,0.4998713874613165,51.0,6.0,1600.0,0.5659425971877398,0.5467707458936223,0.2587368780396563,,0.6775,0.5547679444624347,71,0.6540922325561597,True
openml_44665_first-order-theorem-provi,real_openml_multiclass,real_openml,5.2516,6,51,400,1600,0.0,0.0,,0.0,0.0,False,1600,0.6977911578688856,0.4724098518712948,0.1626682842968434,0.0768461000888294,5.25984251968504,2.864143214152467,0.7522790082264543,0.1333012307529122,0.3171186473312246,0.1084801634726062,2.2999009494867684,0.2487637202814618,0.2166219000397116,0.2489192948407373,0.2167573733980853,1.000625390869293,2.3567549590977617,22.47603212122359,0.977564348522312,0.0170544578273129,2.822150854960201e-07,6.563065971903097e-07,0.944148372294011,0.0298419498325802,0.4443353733430863,0.1556774455088763,5.0617173411341625,0.7276762089989479,0.6552035431994799,0.998253125,0.1023268225050731,0.0348019076260361,0.68,,,0.51125,0.5000297051838934,51.0,6.0,1600.0,0.5659425971877398,0.5498929658941016,0.3157608274690214,,0.67125,0.5495759068765694,71,0.6918195980108166,False
openml_44666_first-order-theorem-provi,real_openml_multiclass,real_openml,5.2516,6,51,400,1600,0.0,0.0,,0.0,0.0,False,1600,0.6977911578688856,0.5038214972517969,0.1597212994302697,0.080471024221961,5.25984251968504,2.838153684959549,0.7637479384092953,0.1333012307529122,0.3203976562305376,0.0977663421691083,2.2999009494867684,0.248055752149036,0.2132827901288194,0.2482108839515056,0.2134161752383432,1.000625390869294,2.337325092168132,23.166111493581717,0.9786894319453944,0.0147171238610068,2.273503631891237e-06,6.63654744906485e-06,0.952004356824529,0.0119587052639039,0.4085073808620009,0.1662708943472826,5.0387759553238425,0.7347566541323929,0.6503551711383554,0.99795,0.0992786791224745,0.0362442132583639,0.666875,,,0.498125,0.5001528065438436,51.0,6.0,1600.0,0.5659425971877398,0.5515063212346177,0.2952130169162554,,0.68125,0.5501815317194808,71,0.6782116995888859,False
openml_44667_first-order-theorem-provi,real_openml_multiclass,real_openml,5.2516,6,51,400,1600,0.0,0.0,,0.0,0.0,False,1600,0.6977911578688856,0.4043579359176448,0.1672244738263867,0.0676185430713519,5.25984251968504,2.8396187194633016,0.7704694074960148,0.1333012307529122,0.3212616856262675,0.1079023628013119,2.2999009494867684,0.2448690157718968,0.2181140392840597,0.2450221546185333,0.2182504458126927,1.0006253908692917,2.342908331675577,23.659865882611232,0.9770286194485394,0.0164153842652801,2.645027382338873e-06,9.98992447776766e-06,0.9470975426779566,0.0150676028669017,0.3840569247923964,0.1745103195715257,5.04231282251663,0.7447398144887618,0.6762101589152657,0.997981640625,0.0972068464334396,0.0367176404592382,0.66875,,,0.495,0.5001313148389647,51.0,6.0,1600.0,0.5659425971877398,0.5626170328495775,0.3382912366959442,,0.666875,0.540726208636256,71,0.6787016023311585,False
openml_44668_GesturePhaseSegmentationP,real_openml_multiclass,real_openml,2.9604,5,32,400,1600,0.0,0.0,,0.0,0.0,False,1600,0.41088699784734,0.5843649561609949,0.3846944354573571,0.2248019469114172,2.950617283950617,3.459422005102792,3.6705732629469513e-06,0.050297204577709,0.2901787573491833,0.1627729579946579,2.1935789632068894,0.1161396479921537,0.1699397087731849,0.116212280667571,0.1700459875153821,1.0006253908692937,1.1643042130445964,13.64872974822711,0.9667301530346476,0.0481756933428486,4.857963860552222e-07,1.1833222518071238e-06,0.8928091481071283,0.0520258013817568,0.5029266063655785,0.1665980091579729,5.492284256669038,0.0708312880587907,0.5091125303954797,0.998559765625,0.1607167116406435,0.0708321749732097,0.694375,0.4870108720402765,0.0825944539779336,0.49125,0.5000797309788059,32.0,5.0,1600.0,0.3482636565640809,0.4162999524298567,0.3086491241229221,1.5713287197077843,0.900625,0.6318946967435554,21,0.7019065476084764,False
openml_44669_GesturePhaseSegmentationP,real_openml_multiclass,real_openml,2.9604,5,32,400,1600,0.0,0.0,,0.0,0.0,False,1600,0.41088699784734,0.5410840904216742,0.4433068187160011,0.2398662667826734,2.950617283950617,3.4594221981018185,3.192093573431944e-06,0.050297204577709,0.3027684224662359,0.1622028755800884,2.1935789632068894,0.1056419573437593,0.1664762456126527,0.1057080248592963,0.1665803583366131,1.0006253908692933,1.11523639405278,13.702865021974862,0.9618087014723103,0.0541822233056422,2.3003099039194318e-07,4.69348789538432e-07,0.8691109315584631,0.0793588783640524,0.4737432886620215,0.1563879468971934,5.492919385731913,0.0714204177075182,0.5486996827318984,0.99856640625,0.1600817755767946,0.0714213058082587,0.68,0.4858638021007344,0.0780226678532784,0.47875,0.4997044154440292,32.0,5.0,1600.0,0.3482636565640809,0.4456041891101214,0.3148163791492257,1.5046163712926663,0.895,0.610779069574834,21,0.6059837261718569,False
openml_44670_GesturePhaseSegmentationP,real_openml_multiclass,real_openml,2.9604,5,32,400,1600,0.0,0.0,,0.0,0.0,False,1600,0.41088699784734,0.5651303822701044,0.40175859358744,0.2270459875743694,2.950617283950617,3.459422972760021,1.0992969109832054e-06,0.050297204577709,0.2959773975177498,0.1540913985206036,2.1935789632068894,0.109185579138619,0.1682245324518619,0.1092538628028708,0.1683297385384484,1.0006253908692937,1.1343957771076243,14.783796761777642,0.9632734115216872,0.0500726523570296,2.238454771320759e-07,3.607728215972976e-07,0.8798671206287769,0.058794137462879,0.4950393581869037,0.1806066085707272,5.504624695765786,0.0684616683150722,0.5108902230532726,0.99855703125,0.1483772402011246,0.0684618897882457,0.670625,0.4876884252113498,0.0778845697412904,0.47625,0.4995917658026261,32.0,5.0,1600.0,0.3482636565640809,0.4216429566596268,0.2925762496049245,1.5424625422025553,0.898125,0.6294378526438655,21,0.6513529058184051,False
openml_44671_GesturePhaseSegmentationP,real_openml_multiclass,real_openml,2.9604,5,32,400,1600,0.0,0.0,,0.0,0.0,False,1600,0.41088699784734,0.5844122515226139,0.3529840607519994,0.2062882096956711,2.950617283950617,3.4594227797609944,2.191064273068752e-06,0.050297204577709,0.2810158021211394,0.1601861906486405,2.1935789632068894,0.1095622997898966,0.1760648715339173,0.109630819051804,0.1761749808969779,1.0006253908692933,1.1729479378099588,14.441192190574032,0.9678872897878076,0.0451636882706977,1.1171339117302434e-06,2.43807187932178e-06,0.9095451812453116,0.0444618395038328,0.5047418274048079,0.1727562574068405,5.501104383369093,0.0660873139305002,0.4727470523326456,0.998611328125,0.1518973595987919,0.0660874303209845,0.7075,0.4891643955656379,0.0792845205383745,0.50625,0.5001172470411238,32.0,5.0,1600.0,0.3482636565640809,0.3928583711907175,0.2677078720346338,1.5189274023350838,0.889375,0.6505023107597403,21,0.7328068389710034,False
openml_44672_GesturePhaseSegmentationP,real_openml_multiclass,real_openml,2.9604,5,32,400,1600,0.0,0.0,,0.0,0.0,False,1600,0.41088699784734,0.5334366871808219,0.4050090703581578,0.2160466967700401,2.950617283950617,3.4594221981018185,3.192093573431944e-06,0.050297204577709,0.2963774804829821,0.1671238806541731,2.1935789632068894,0.0959630712091994,0.1636011063288844,0.096023085637723,0.1637034209669888,1.0006253908692933,1.072793932163907,13.556848780756663,0.9627606376489344,0.0521653804124108,5.603535765906464e-06,1.376061847145566e-05,0.8978441106090033,0.0465048527175913,0.4995440921768295,0.1224462777687451,5.491195198973229,0.0679627049626667,0.5352567636212056,0.998534765625,0.1618059623354784,0.0679636728571801,0.68375,0.4886046400753084,0.0809571105421375,0.48625,0.4999671659012841,32.0,5.0,1600.0,0.3482636565640809,0.4351496182044925,0.3133242051208386,1.487023957004368,0.89375,0.618037173921107,21,0.6072692368029301,False
openml_44688_wine-quality-white_seed_0,real_openml_multiclass,real_openml,449.0,7,11,400,1600,0.0,0.0,,0.0,0.0,False,1600,1.127552313087956,1.482175575355367,1.654236269302941,2.4518685942278027,359.0,3.447575121720581,0.0108534748949052,0.2389726625874304,0.2007653763288786,0.1972718946777741,1.8624317407097253,0.1763754376084371,0.1848798298963043,0.1764857411966851,0.1849954520538379,1.000625390869294,0.8439379194784993,20.39003814618297,0.940836368322114,0.0697814960045609,0.0071781688267975,0.0158283490907777,0.5826031600493043,0.3817382195537576,0.3015198659712217,0.3532221481283913,5.218666585018497,0.0587185738033495,0.5974240384633701,0.998619921875,0.0913402774118092,0.0592160829466189,0.72375,0.4306128057593845,0.2034003385452307,0.455625,0.4981826729320843,11.0,7.0,1600.0,1.6856273932888186,0.4364214201436517,0.4798116541017155,,0.848125,0.6024438066649813,31,0.6955235056501534,False
openml_44689_wine-quality-white_seed_1,real_openml_multiclass,real_openml,449.0,7,11,400,1600,0.0,0.0,,0.0,0.0,False,1600,1.127552313087956,1.6030859733884728,2.4461278824082178,3.9213532974030616,359.0,3.4473644178115985,0.010839412582496,0.2389726625874304,0.216475587299395,0.2003649901427412,1.8624317407097253,0.1744726556052302,0.1923592617925782,0.1745817692109869,0.1924795615185272,1.000625390869293,0.8575483991325263,19.11119941687857,0.9271724650632795,0.0809702692951404,0.0138879804788578,0.0269738701921317,0.5420780839985392,0.3931279052765193,0.2805802739529668,0.3643000739126119,5.212343785172905,0.0642820430529822,0.6756889536565018,0.99857578125,0.0974523733484183,0.0660746772009395,0.70125,0.434355674234028,0.2036529660558264,0.465,0.4989294355051708,11.0,7.0,1600.0,1.6856273932888186,0.481900725754212,0.5340067413841357,,0.83625,0.5680625270887215,31,0.8569746087295409,False
openml_44690_wine-quality-white_seed_2,real_openml_multiclass,real_openml,449.0,7,11,400,1600,0.0,0.0,,0.0,0.0,False,1600,1.127552313087956,1.1938150387825126,2.2882191221489925,2.7317104000511865,359.0,3.4421423683075094,0.0165760676872922,0.2389726625874304,0.2216991500088837,0.188752404529782,1.8624317407097253,0.17901353739117,0.1933412104888555,0.1791254908229342,0.1934621243165531,1.0006253908692926,0.8701513468212995,21.531935150448938,0.9367895545982884,0.0600496689519324,0.0101360898589112,0.0160192164146392,0.4780565611357698,0.4344566189490852,0.3081307729530321,0.3789750021329751,5.2180778546073805,0.0512788243890391,0.6162029728326516,0.998578125,0.0864962544098547,0.0480488286793491,0.71,0.4274188610699603,0.2065566763103119,0.448125,0.4974571832386404,11.0,7.0,1600.0,1.6856273932888186,0.4730404297668418,0.4306698271016168,,0.841875,0.5846613514214205,31,0.47630804541829774,True
openml_44691_wine-quality-white_seed_3,real_openml_multiclass,real_openml,449.0,7,11,400,1600,0.0,0.0,,0.0,0.0,False,1600,1.127552313087956,1.699064133266844,2.3058156666831437,3.917728697186105,359.0,3.4413784839474904,0.0149134340849949,0.2389726625874304,0.2117080976948981,0.1980886220063533,1.8624317407097253,0.1773329747574163,0.1879927647725379,0.177443877180654,0.1881103337311197,1.000625390869292,0.8535297298439065,19.40629750471677,0.9366132583647766,0.068685029523162,0.0136668320583106,0.0243999387276965,0.5489292167990708,0.3856263856030128,0.3020935635542385,0.3741951394016848,5.207839741866408,0.052036232769354,0.6287500247736423,0.99860703125,0.0959704827908082,0.0557118809185083,0.720625,0.4389645955597316,0.2035107700076017,0.484375,0.4999120466732179,11.0,7.0,1600.0,1.6856273932888186,0.465117422619435,0.4789959562921159,,0.855,0.5846322579803142,31,1.0213148162867733,False
openml_44692_wine-quality-white_seed_4,real_openml_multiclass,real_openml,449.0,7,11,400,1600,0.0,0.0,,0.0,0.0,False,1600,1.127552313087956,1.504720048000804,1.736470805756398,2.612902434189762,359.0,3.4474553977770985,0.0099654924966836,0.2389726625874304,0.1892235590527357,0.1982592751442425,1.8624317407097253,0.1816049041856708,0.1905736849062539,0.1817184782345674,0.1906928679487219,1.000625390869293,0.8694632674386251,20.44385943567111,0.9436495884315032,0.0632614588950462,0.0159565413732194,0.0342722336838183,0.5578280991070685,0.3764553803071379,0.3092356870222328,0.3774352967857591,5.218787326997213,0.0461684336892718,0.5589096796857018,0.998549609375,0.0910998114896101,0.0487921767482522,0.705625,0.420639649646967,0.2131792982014126,0.4475,0.497391570077077,11.0,7.0,1600.0,1.6856273932888186,0.411367032707107,0.4554154022382422,,0.830625,0.6211301600848269,31,0.654828137001648,False
openml_44698_Fashion-MNIST_seed_0_nrow,real_openml_multiclass,real_openml,1.0,10,100,400,1600,0.0,0.0,,0.0,0.0,False,1600,0.0,0.8026792156215178,5.633069732845506,4.521547994701743,1.0,2.168931212737192,1.1133921231018171,0.0,0.7167533760323026,0.1897356267463458,3.321928094887362,0.2099261488047817,0.1847858600964369,0.2100574347014699,0.1849014234861156,1.0006253908692913,2.798316556530414,9.054819524101624,0.6835603805655904,0.1570995298138157,,,0.5452777777777778,0.3012474230002103,0.0,0.0,5.123990803393713,1.0224564903310578,21.449160399034724,0.992188671875,0.3668685042308393,0.1912986380259352,0.3975,0.4422882368105699,0.0826202445459903,0.26125,0.4394532249973828,100.0,10.0,1600.0,0.0,4.91161548293796,9.312495376243923,,0.7575,0.0001605904099512,11,0.568595852890877,False
openml_44699_Fashion-MNIST_seed_1_nrow,real_openml_multiclass,real_openml,1.0,10,100,400,1600,0.0,0.0,,0.0,0.0,False,1600,0.0,0.824683360309516,6.064082159141471,5.000947652193773,1.0,2.291667075980348,1.0469807906838893,0.0,0.7225502741353252,0.1792384793170955,3.321928094887362,0.2242505316301592,0.1833818701072438,0.224390775865075,0.1834965554544029,1.0006253908692937,2.898541080226306,8.39772773465357,0.6612398324334514,0.1581828553421835,,,0.5152083333333334,0.297765262041107,0.0,0.0,5.218020534507534,0.9693234780784746,21.657591308243436,0.991665625,0.3955746363601773,0.1850972999436191,0.4,0.4433609442791935,0.0874078237909984,0.27125,0.4447438146426708,100.0,10.0,1600.0,0.0,4.955721547620542,9.512329871166736,,0.758125,0.0001516827806083,11,0.47787737127179514,True
openml_44700_Fashion-MNIST_seed_2_nrow,real_openml_multiclass,real_openml,1.0,10,100,400,1600,0.0,0.0,,0.0,0.0,False,1600,0.0,0.7569168424265384,6.00816440439415,4.547680829753544,1.0,2.0156752361651997,1.0859570186362706,0.0,0.7157716280074112,0.1899422920521596,3.321928094887362,,,0.2098846133487401,0.1751012035466023,0.9906191369606,2.7350669734897117,8.631887453869409,,,,,0.5090972222222223,0.3108927576179086,0.0,0.0,4.952759562799044,0.9670867166227476,21.855753601831623,0.99102109375,0.3848437682535173,0.1870718392302019,0.37,0.4398343342983806,0.0838483238285019,0.2425,0.4287290874130145,100.0,10.0,1600.0,0.0,4.8995858056236425,10.014005769619995,,0.765625,0.00015968726819,11,1.8705091980918425,False
openml_44701_Fashion-MNIST_seed_3_nrow,real_openml_multiclass,real_openml,1.0,10,100,400,1600,0.0,0.0,,0.0,0.0,False,1600,0.0,0.811452103137589,5.720081145409934,4.64157187556056,1.0,2.1923531755939094,1.1830195137244386,0.0,0.6855086773866268,0.2013590879643455,3.321928094887362,0.2169784119603171,0.195600625936354,0.2171141082779911,0.1957229527818429,1.0006253908692937,2.922982575646061,9.02025729350038,0.6863838039826746,0.1747451127845074,,,0.5724999999999999,0.2992396852099424,0.0,0.0,5.146007064236511,1.0792255585459665,18.086351942888346,0.995083203125,0.3682742062447602,0.2096535255527438,0.428125,0.4554559421285553,0.0743562992339634,0.286875,0.4524441130373328,100.0,10.0,1600.0,0.0,4.553663179397925,8.49170372104561,,0.8225,0.0003992455007766,11,1.1251168043590467,False
openml_44702_Fashion-MNIST_seed_4_nrow,real_openml_multiclass,real_openml,1.0,10,100,400,1600,0.0,0.0,,0.0,0.0,False,1600,0.0,0.8306890115345605,7.048885954459973,5.855432105930202,1.0,2.0309938057210006,1.10106345965583,0.0,0.7185385593589989,0.2042211949653792,3.321928094887362,0.2083453495556891,0.1781980126007533,0.2084756468349612,0.1783094560107603,1.000625390869293,2.7431721481317157,8.579057936504627,0.6666594451033988,0.1782929156818501,,,0.5621527777777778,0.2640462964217457,0.0,0.0,4.965708278847834,0.9925802003596192,23.75934402097695,0.9922046875,0.3872136217605284,0.2085221998349849,0.385,0.4461460911032406,0.0814321932160251,0.259375,0.4384287247851102,100.0,10.0,1600.0,0.0,4.980329323356049,10.848875233929808,,0.74625,0.0001124408856304,11,0.7852308807285351,False
openml_44703_connect-4_seed_0_nrows_20,real_openml_multiclass,real_openml,6.8953,3,42,400,1600,0.0,0.0,,0.0,0.0,False,1600,0.7132567253450891,0.2077595400838925,0.0552128015731132,0.0114709862615732,6.882352941176471,0.6671707988768659,0.5585778931570877,0.3637277864946703,0.2381464060837014,0.0715678173535191,1.2189225441260574,0.0843668410107857,0.1004660239287889,0.0844196032628251,0.1005288544628283,1.000625390869293,0.8504594415365856,170.38842428059044,0.9967355443153464,0.0040946763209667,,,0.9916238467046754,0.0066528802565817,0.9849481123614624,0.0095524707859684,1.8789395557120756,0.5510513797841942,0.1274157443075428,0.99876015625,0.0071537872908477,0.0104691832332368,0.5525,0.4711643381057427,0.1221610738914886,0.394375,0.4888688268146625,42.0,3.0,1600.0,0.4965808237005973,0.1185493739419131,0.0909622545674046,,0.6675,0.884383144710854,112,0.7117301484094575,False
openml_44704_connect-4_seed_1_nrows_20,real_openml_multiclass,real_openml,6.8953,3,42,400,1600,0.0,0.0,,0.0,0.0,False,1600,0.7132567253450891,0.2546668786813727,0.0361945294912861,0.0092175478508867,6.882352941176471,0.6636218364934042,0.5598928358016851,0.3637277864946703,0.2340228503163239,0.0501750851111457,1.2189225441260574,0.0851297368772931,0.1013973299043065,0.0851829762374416,0.1014607428685995,1.0006253908692933,0.8582631034936685,156.66249770619808,0.9967150667430024,0.0039012047610029,,,0.9906982190488532,0.0021655513015251,0.9792143692367492,0.0052381204273452,1.874763816911024,0.5521849842308594,0.1193570717207448,0.99878046875,0.0077805637084377,0.0113643962865751,0.5625,0.4731534999693474,0.1241945834010919,0.40125,0.4903046875965745,42.0,3.0,1600.0,0.4965808237005973,0.1120509281062638,0.0783197947818933,,0.67625,0.8908121699194727,112,0.7010468444110134,True
openml_44705_connect-4_seed_2_nrows_20,real_openml_multiclass,real_openml,6.8953,3,42,400,1600,0.0,0.0,,0.0,0.0,False,1600,0.7132567253450891,0.5055667429994374,0.0454960676647104,0.0230012987485296,6.882352941176471,0.664630389000004,0.5545010376567785,0.3637277864946703,0.2391211240181623,0.0611963129742157,1.2189225441260574,,,0.0844075078539531,0.1037447418536577,0.9529765627326584,0.8928996933569558,174.32742882991818,,,,,0.9922186824616516,0.0052669934554998,0.987902775694706,0.0048742775472632,1.8765607887899265,0.5480944122994342,0.1265432570558559,0.9988203125,0.0069921443361348,0.0094233030287126,0.575625,0.4733516042848905,0.1218167593861441,0.406875,0.4914047807425009,42.0,3.0,1600.0,0.4965808237005973,0.1181028126250569,0.0866565828827864,,0.6725,0.884955987201681,79,0.28614298088360873,True
openml_44706_connect-4_seed_3_nrows_20,real_openml_multiclass,real_openml,6.8953,3,42,400,1600,0.0,0.0,,0.0,0.0,False,1600,0.7132567253450891,0.3365078882568897,0.0423337412188127,0.0142456378595563,6.882352941176471,0.6700859761392649,0.5537935189935277,0.3637277864946703,0.2066385223394518,0.0633570300745939,1.2189225441260574,,,0.0852205834855327,0.1024028190957161,0.9768009768009784,0.8768015532257052,178.1859526149533,,,,,0.99412196768683,0.0062360936370686,0.9856326285433746,0.0149986963760465,1.8821677871646607,0.54695176074921,0.0943842192277646,0.998757421875,0.0068407331006617,0.0105660407283728,0.55625,0.4735491040597071,0.1193409239945576,0.395,0.48900353044021,42.0,3.0,1600.0,0.4965808237005973,0.0894130710891373,0.0674881188156105,,0.66875,0.9122428021422588,16,2.1096210400707887,False
openml_44707_connect-4_seed_4_nrows_20,real_openml_multiclass,real_openml,6.8953,3,42,400,1600,0.0,0.0,,0.0,0.0,False,1600,0.7132567253450891,0.1717148405351185,0.0306898924666588,0.0052699099909522,6.882352941176471,0.6590943293741274,0.5594674349802878,0.3637277864946703,0.2054389774552686,0.0464018989230078,1.2189225441260574,,,0.0831694470092498,0.1014959691722365,0.952976562732661,0.8770370285077361,197.74093548807485,,,,,0.9952339286905172,0.001075787023391,0.9869853189949888,0.0061634174392788,1.8718526337027068,0.5538090778760509,0.0908947727528871,0.998837890625,0.0061642397974776,0.0083554924607158,0.5675,0.4761681520173903,0.1163579695687273,0.415625,0.4929835239100585,42.0,3.0,1600.0,0.4965808237005973,0.0865634831393937,0.0601790473341971,,0.6775,0.9151280790383162,79,0.2861429808836088,False
openml_44718_jungle_chess_2pcs_raw_end,real_openml_multiclass,real_openml,5.3041,3,6,400,1600,0.0,0.0,,0.0,0.0,False,1600,0.5246702833685171,0.3277960634860354,0.6419928974168774,0.2104427445592465,5.309677419354839,2.632606417698068,0.4610924968906203,0.1678041467396586,0.4133607979998858,0.1571441091960266,1.3494894294961377,0.014008823870875,0.0102521541404241,0.0140175848614134,0.0102585657440142,1.000625390869292,0.0420510388739378,17.92826791287932,0.9393922104349413,0.0813807386020867,1.0,0.0,1.0,0.0,1.0,0.0,3.906824246164265,0.4129097518655538,0.4799929681479633,0.99616796875,0.0752716010299405,0.0614331742972713,0.423125,0.408737344672186,0.1459187049951839,0.26625,0.4421347243166149,6.0,3.0,1600.0,0.4678721537095271,0.3664285697012175,0.379458105526907,,0.529375,0.6587000250725384,32,0.6573574514739361,False
openml_44719_jungle_chess_2pcs_raw_end,real_openml_multiclass,real_openml,5.3041,3,6,400,1600,0.0,0.0,,0.0,0.0,False,1600,0.5246702833685171,0.4334074604574395,0.6278290082501264,0.2721057760672001,5.309677419354839,2.6367644123366767,0.3702751211897451,0.1678041467396586,0.410568633304157,0.156591848590637,1.3494894294961377,0.0255214244179522,0.0183597965317178,0.0255373852837545,0.0183712785808308,1.000625390869293,0.0761772275176426,17.458595159686524,0.9408558236038874,0.0789300440869737,0.9166666666666666,0.0721687836487032,0.918861017020526,0.1010573197194025,0.918861017020526,0.1010573197194025,3.90895727718068,0.3285869865886164,0.4719397893204289,0.9963359375,0.0772965646521336,0.0597408340892424,0.41375,0.4100072022491882,0.1485143701847014,0.26875,0.4434482398921148,6.0,3.0,1600.0,0.4678721537095271,0.3616542123515197,0.3731535071833995,,0.534375,0.6627773842739448,32,1.2204899073814428,False
openml_44720_jungle_chess_2pcs_raw_end,real_openml_multiclass,real_openml,5.3041,3,6,400,1600,0.0,0.0,,0.0,0.0,False,1600,0.5246702833685171,0.286061741416111,0.6931038542300262,0.1982704955232597,5.309677419354839,2.637376419626261,0.3709717981704361,0.1678041467396586,0.4174695631482294,0.1632918655520953,1.3494894294961377,0.018046636246122,0.0107587954729955,0.0180579224476518,0.0107655239254489,1.0006253908692966,0.0510446060708981,16.922706561280037,0.936847139544132,0.0896034666330476,0.9166666666666666,0.0721687836487032,0.9291570273165364,0.0838697532131165,0.9291570273165364,0.0838697532131165,3.9071215467196234,0.3232253042270135,0.4970455962433538,0.9963265625,0.0797443024027748,0.0696548945660225,0.425625,0.4189008830494217,0.1455189812202885,0.27875,0.4485244378594082,6.0,3.0,1600.0,0.4678721537095271,0.3752259056658306,0.3966851464046169,,0.5475,0.6506785846355944,32,1.1961958816750113,False
openml_44721_jungle_chess_2pcs_raw_end,real_openml_multiclass,real_openml,5.3041,3,6,400,1600,0.0,0.0,,0.0,0.0,False,1600,0.5246702833685171,0.2855003806484178,0.6937736782096161,0.1980726492126983,5.309677419354839,2.649904625561177,0.3741490208064536,0.1678041467396586,0.4197078064738776,0.1493381291870936,1.3494894294961377,0.021927512944254,0.0162666201907669,0.0219412262106356,0.0162767931865085,1.0006253908692904,0.0661221205482807,16.918867495270906,0.9384469654888826,0.0852672167825834,1.0,0.0,1.0,0.0,1.0,0.0,3.9196316578476114,0.3278967512556405,0.4905781940188204,0.99605078125,0.0797623972097033,0.065937975806518,0.415,0.4008838241662504,0.1502886024046415,0.25125,0.4338675929129906,6.0,3.0,1600.0,0.4678721537095271,0.3746111624593289,0.3811128291751407,,0.520625,0.6526150600065795,32,0.6548255312352513,False
openml_44722_jungle_chess_2pcs_raw_end,real_openml_multiclass,real_openml,5.3041,3,6,400,1600,0.0,0.0,,0.0,0.0,False,1600,0.5246702833685171,0.3000021940849455,0.6781748613599515,0.2034539463812392,5.309677419354839,2.6077682629837446,0.4412092805995273,0.1678041467396586,0.4228895476810483,0.1930045241194664,1.3494894294961377,0.0200857510304554,0.0168775333315345,0.0200983124757527,0.0168880883867761,1.000625390869292,0.0634098978918236,18.223947609808786,0.9350626793246778,0.0904297258508736,1.0,0.0,1.0,0.0,1.0,0.0,3.883207357262183,0.3999724672404539,0.54473208934739,0.996318359375,0.0740503352176997,0.0669633314298835,0.43,0.4185520856620577,0.1497852839434212,0.281875,0.4500534156331633,6.0,3.0,1600.0,0.4678721537095271,0.394921885406345,0.4553678319701189,,0.545,0.6307454216153991,32,0.6507477157298802,True
openml_44733_volkert_seed_0_nrows_2000,real_openml_multiclass,real_openml,9.3404,10,100,400,1600,0.0,0.0,,0.0,0.0,False,1600,0.6963296633061096,1.082881082082218,1.620979782140203,1.7553283405173812,9.236842105263158,2.420627522871717,1.3523359662774217,0.0589012534067938,0.4363201854720775,0.1993654319921434,2.963524405637425,,,0.1299333396508057,0.1913091023234835,0.8505315822388988,2.3401696895574724,13.846168876407797,,,,,0.7181702985060064,0.2055707355017429,0.0042198993418505,0.0283079453597534,5.170119842659972,1.2301996915762148,4.583399334902836,0.99704453125,0.2140320858491704,0.1634804802782507,0.659375,0.496423787636314,0.0597828436049235,0.536875,0.498794277941635,100.0,10.0,1600.0,0.6668865797621143,2.031350342040805,2.860956297259884,,0.9475,0.0590521631823529,75,0.4749511261257822,False
openml_44734_volkert_seed_1_nrows_2000,real_openml_multiclass,real_openml,9.3404,10,100,400,1600,0.0,0.0,,0.0,0.0,False,1600,0.6963296633061096,0.9031118948536736,1.3730635925852688,1.2400300628542744,9.236842105263158,2.439625946157127,1.40285297745793,0.0589012534067938,0.4136967031942406,0.2050290584639164,2.963524405637425,,,0.133771318029226,0.2059452424749364,0.8205128205128193,2.4858080080513645,13.905998009120855,,,,,0.710733463406044,0.2026033411883092,0.0024003097173828,0.0161017670853643,5.190039117081756,1.2747015950254588,4.067444124192047,0.99803515625,0.2131112347127957,0.1567375046879104,0.683125,0.5010706099289818,0.0520743660753532,0.531875,0.4991389552874313,100.0,10.0,1600.0,0.6668865797621143,1.876599978620853,2.59465417535387,,0.95875,0.0759743678197024,75,0.41583536187691883,False
openml_44735_volkert_seed_2_nrows_2000,real_openml_multiclass,real_openml,9.3404,10,100,400,1600,0.0,0.0,,0.0,0.0,False,1600,0.6963296633061096,0.7660531920860478,1.506274009789876,1.1538860133557851,9.236842105263158,2.3972597571310907,1.4199510175725076,0.0589012534067938,0.4445203052357943,0.2038556330233521,2.963524405637425,,,0.1251416160939091,0.1998067536095211,0.8105065666041285,2.3902214986572248,12.76682682204077,,,,,0.6761923169158907,0.1946789071972406,0.0042617530422408,0.0200144391685842,5.128657225750684,1.2782669981976722,4.892325889660262,0.9972328125,0.2321269370178319,0.1676872813100997,0.660625,0.4911508868515258,0.0721849830886962,0.513125,0.4999839741021449,100.0,10.0,1600.0,0.6668865797621143,2.1108416688251266,3.068649847250481,,0.923125,0.0516019329127655,75,0.2607525198446754,False
openml_44736_volkert_seed_3_nrows_2000,real_openml_multiclass,real_openml,9.3404,10,100,400,1600,0.0,0.0,,0.0,0.0,False,1600,0.6963296633061096,0.828211891579549,1.5708456916810671,1.3009930816867616,9.236842105263158,2.4868216507690493,1.372200927491824,0.0589012534067938,0.4350803294320426,0.2027828642596464,2.963524405637425,,,0.1313428911268183,0.1967449240624745,0.8305190744215122,2.395385898853659,13.508574735768631,,,,,0.7004892299403226,0.2245501754694953,0.0019357336430507,0.0129852960365841,5.230965073319452,1.2494630048614292,4.073026544443254,0.99716484375,0.2193809830870215,0.1577661034266496,0.6575,0.4907339054422048,0.0635039096310564,0.49125,0.5000797309788059,100.0,10.0,1600.0,0.6668865797621143,2.0326211578270224,2.2339466687276497,,0.93875,0.0651444244694758,75,0.25140072847726147,True
openml_44737_volkert_seed_4_nrows_2000,real_openml_multiclass,real_openml,9.3404,10,100,400,1600,0.0,0.0,,0.0,0.0,False,1600,0.6963296633061096,0.8089678502565776,1.3869113699102444,1.1219667094126955,9.236842105263158,2.5163693462191765,1.3638127093610268,0.0589012534067938,0.4358763356530201,0.1968564735432443,2.963524405637425,,,0.1390373343500414,0.2020186951277362,0.8405253283302063,2.479797634597805,13.277698450822554,,,,,0.7277999468131037,0.187153314983598,0.0018970189701897,0.0127255901158524,5.256698111692486,1.2382827505880167,4.280394065386063,0.997778125,0.2231956401641155,0.1640222691056641,0.656875,0.4968829026419342,0.0606260360620386,0.51,0.5000562820105716,100.0,10.0,1600.0,0.6668865797621143,2.0199133892477947,2.567409809008569,,0.94875,0.0636359268109197,75,0.3111838352029872,False
openml_44738_robert_seed_0_nrows_2000_,real_openml_multiclass,real_openml,1.0885,10,100,400,1600,0.0,0.0,,0.0,0.0,False,1600,0.0269548233160597,0.6200027017940859,0.4034602784787842,0.2501464627234405,1.091503267973856,3.4589895422182497,0.0007186454276344,8.978304541962245e-05,0.3837692113609969,0.1388514378921203,3.321405449538839,0.0857307910984698,0.1170889741214019,0.0857844063524401,0.1171622004967123,1.0006253908692933,1.4520045616647406,29.095309669214917,0.9479783999593332,0.0390567957430091,0.0016226607696737,0.0014499828579706,0.9369734652842074,0.0220923349618696,0.0,0.0,6.666238947800176,0.0619009422601968,2.0579317838211844,0.99910625,0.1141560439569111,0.0616176137815042,0.8575,0.5161347905220547,0.0275090524875049,0.74375,0.4366979828269512,100.0,10.0,1600.0,0.0231983778535484,1.4797470427354489,0.81502693066332,1.453011245366758,0.999375,0.1782378725566847,84,0.13581921609757142,False
openml_44739_robert_seed_1_nrows_2000_,real_openml_multiclass,real_openml,1.0942,10,100,400,1600,0.0,0.0,,0.0,0.0,False,1600,0.0273861278752583,0.7057587881539856,0.3990394666560439,0.2816256104127823,1.091503267973856,3.459128513621481,0.0002820203856511,9.267002427992832e-05,0.3799076252969263,0.1342232226278323,3.32138843606479,0.0781038480563597,0.1107469622257126,0.0781526934897908,0.1108162223646905,1.0006253908692928,1.3559350199514013,34.91193015635895,0.955238246915988,0.0395910860874885,0.0020519682543998,0.0012549778722707,0.9479820491343408,0.0108166042759407,0.0,0.0,6.685380747786538,0.0553310374601982,1.968798789262019,0.999113671875,0.0951362018997343,0.0552215205685995,0.855,0.5136836883290276,0.0263686146162348,0.730625,0.4437738093569396,100.0,10.0,1600.0,0.023139395999288,1.4430952217695534,0.7607590209479267,1.423140135485017,0.999375,0.188590990930642,84,0.16119298353431127,False
openml_44740_robert_seed_2_nrows_2000_,real_openml_multiclass,real_openml,1.0885,10,100,400,1600,0.0,0.0,,0.0,0.0,False,1600,0.0269548233160597,0.5982224505207439,0.3813443710677253,0.2281287641524265,1.091503267973856,3.458850196925113,0.0014299614862347,8.978304541962245e-05,0.3822521358270552,0.1250390982177265,3.321405449538839,0.0768830894892297,0.1156709863684941,0.0769311714713994,0.1157433259472111,1.000625390869293,1.389684002862242,31.27099497149125,0.956087884528632,0.0344420487418759,0.0015529791568235,0.0015586431867833,0.941124748048092,0.0192575195644998,0.0,0.0,6.674042030537536,0.0558790021096084,1.9256248067603323,0.999137109375,0.1062136159264154,0.0551802057368256,0.854375,0.5152417544036916,0.0245948727849948,0.76375,0.4249103205239958,100.0,10.0,1600.0,0.0231983778535484,1.4401284667639274,0.6831083011488099,1.4343050482525903,1.0,0.1918625839393974,84,0.08609688618866955,True
openml_44741_robert_seed_3_nrows_2000_,real_openml_multiclass,real_openml,1.0833,10,100,400,1600,0.0,0.0,,0.0,0.0,False,1600,0.0260708170182677,0.608859950800881,0.3725014788968329,0.226801232114381,1.0849673202614378,3.458786627854041,0.00145509631179,8.395456577414695e-05,0.383132988911782,0.1341263167500742,3.3214385426920274,0.0843419977503471,0.121644660194278,0.0843947444656381,0.1217207356540618,1.0006253908692937,1.4810610136959883,32.076247386195966,0.954591822476672,0.0305022224178235,0.0027830637296152,0.0016606070029614,0.9494257499254078,0.0129671411873964,0.0,0.0,6.67667694363841,0.0481001381166821,1.9826342202682252,0.999108203125,0.1035482269076591,0.0472235245522899,0.863125,0.5154909314665176,0.0267480194133653,0.743125,0.4370464682211897,100.0,10.0,1600.0,0.0221468819656706,1.4650369354918111,0.6916330916907469,1.4431655521606828,0.99875,0.1846725647155201,84,0.09630319360690605,False
openml_44742_robert_seed_4_nrows_2000_,real_openml_multiclass,real_openml,1.0833,10,100,400,1600,0.0,0.0,,0.0,0.0,False,1600,0.0260708170182677,0.624118746966539,0.3189223545156885,0.1990454202799498,1.0849673202614378,3.458996095706563,0.0007985750883291,8.395456577414695e-05,0.3769556997452958,0.1281692554679991,3.3214385426920274,0.0853340037561317,0.1193968723855058,0.085387370862921,0.1194715420993178,1.0006253908692933,1.468385812698609,34.22963328645842,0.9573747759613336,0.0302933683227252,0.0010361807815575,0.0007694357323851,0.939986515217318,0.0179905827067657,0.0,0.0,6.683400629448047,0.050139366869056,1.8667296574039212,0.999083203125,0.0970340089505434,0.049787291971316,0.864375,0.5150759600168768,0.0268392492186305,0.748125,0.4342255511462823,100.0,10.0,1600.0,0.0221468819656706,1.4102792605119605,0.6566827738876733,1.4272038410289034,0.999375,0.1999159701072672,84,0.10466055852605874,False
openml_44743_shuttle_seed_0_nrows_2000,real_openml_multiclass,real_openml,786.0,5,9,400,1600,0.0,0.0,,0.0,0.0,False,1600,1.4913277955399342,2.5982882203446893,210.7032664753183,547.4678152709675,629.0,2.6905482597754125,0.830762193223085,0.6813795716758236,0.3724952858414824,0.3888992252899973,0.9589353757410476,0.2044180688787774,0.2750340590353339,0.2045459100725725,0.2752060628245986,1.000625390869295,1.0194420350523372,3.5787368274763245,0.7205262988280753,0.2795841939146586,3.76785914590572e-07,8.30827082725719e-07,0.0270219655700475,0.0837950706071063,0.0,0.0,3.381530046870693,0.7227982052407355,7.776074969121871,0.812408984375,0.2679535886457668,0.2218003898112701,0.013125,0.0507784362607363,0.0668348393382275,0.003125,0.0558317348300573,9.0,5.0,1600.0,1.63978918667687,1.008738774189991,7.64306257402337,,0.025625,0.1017357372334089,114,0.5892423836419601,True
openml_44744_shuttle_seed_1_nrows_2000,real_openml_multiclass,real_openml,786.0,5,9,400,1600,0.0,0.0,,0.0,0.0,False,1600,1.4913277955399342,2.432012637653266,72.2260871781428,175.6547567854898,629.0,2.7848398528598968,0.687588460907118,0.6813795716758236,0.3456506972531351,0.3956630894976963,0.9589353757410476,0.1960405119506823,0.2773612306870826,0.1961631138968683,0.2775346898682511,1.0006253908692924,1.010095473698289,3.6082478923464576,0.7352455030794187,0.2759565618641986,4.545561242687159e-09,1.3783131048975034e-08,0.0221523698446337,0.0686722248513452,0.0,0.0,3.4780131733455195,0.6062597409170877,6.475306186785788,0.783941015625,0.2657620552554243,0.2218567973154131,0.020625,0.0767695549481897,0.0916910420268653,0.006875,0.0826559397607702,9.0,5.0,1600.0,1.63978918667687,0.9475454592188997,6.389049531974583,,0.0325,0.1243637469883889,114,0.5892423836419602,False
openml_44745_shuttle_seed_2_nrows_2000,real_openml_multiclass,real_openml,786.0,5,9,400,1600,0.0,0.0,,0.0,0.0,False,1600,1.4913277955399342,0.4039248526880857,9.108431725488574,3.679121942937458,629.0,2.818426847216067,0.7027048717209775,0.6813795716758236,0.5140075969677996,0.4232492568595632,0.9589353757410476,0.244346178256102,0.2950608767079092,0.2444989901249313,0.2952454050860896,1.000625390869298,1.1405060220195822,3.482198566294837,0.7008442666426143,0.2941200341093442,4.2711280015881847e-10,1.3506492663141931e-09,0.0214903526280771,0.0679584620249092,0.0,0.0,3.501980059222155,0.6086811474203969,8.25521893899838,0.725253515625,0.27538216373496,0.2444637554884648,0.020625,0.0562239933225816,0.0837528701253511,0.00875,0.093160408911822,9.0,5.0,1600.0,1.63978918667687,1.5942350392589657,6.132897554117438,,0.02875,0.0430470584251248,29,0.0,True
openml_44746_shuttle_seed_3_nrows_2000,real_openml_multiclass,real_openml,786.0,5,9,400,1600,0.0,0.0,,0.0,0.0,False,1600,1.4913277955399342,0.6764716701240978,8.505146623773651,5.7534907412344936,629.0,2.7233357737738384,0.7837080350917969,0.6813795716758236,0.350387872585516,0.399730353962008,0.9589353757410476,0.2104746192202928,0.2784923823050045,0.2106062481253714,0.2786665488980663,1.000625390869293,1.0385935555592218,3.626386082789746,0.7228393691094714,0.2800479756797702,1.0212881009623427e-09,3.2295965462690062e-09,0.025626749200654,0.0782352379155892,0.0,0.0,3.417838363306048,0.6889071006372868,7.09525722169614,0.795272265625,0.2644327862088383,0.2275401381577584,0.019375,0.0702028430654222,0.0916943989523841,0.0075,0.0863041438940408,9.0,5.0,1600.0,1.63978918667687,0.970439712655792,6.993931768888609,,0.025,0.1133757644192225,64,0.7250239479825283,True
openml_44747_shuttle_seed_4_nrows_2000,real_openml_multiclass,real_openml,786.0,5,9,400,1600,0.0,0.0,,0.0,0.0,False,1600,1.4913277955399342,1.0584993044944997,11.280030099935074,11.939904015458294,629.0,2.79281015811298,0.6958457281323638,0.6813795716758236,0.4232313055919899,0.3845781049075436,0.9589353757410476,0.1951383434589158,0.2876992266090647,0.1952603811971643,0.2878791510784892,1.000625390869296,1.0335814420799094,3.695365809016949,0.7260440773007073,0.2736508612480439,,,0.0233343899239187,0.0713062108121861,0.0,0.0,3.4922487951546604,0.6124530324835628,7.9957535704087155,0.824092578125,0.2594967386993674,0.2198787509710184,0.013125,0.0693912093147216,0.0780326531377219,0.00375,0.0611414255738345,9.0,5.0,1600.0,1.63978918667687,1.1601999084552346,7.649643902456787,,0.024375,0.0849669393731371,64,0.7250239479825288,False
openml_44768_okcupid-stem_seed_0_nrows,real_openml_multiclass,real_openml,7.4583,3,19,400,1600,0.0,0.0,,0.0,0.0,False,1600,0.8187323471379399,0.4084474723732172,0.614215332251029,0.2508746999508086,7.435064935064935,1.9069699013088997,0.984573109570623,0.4745509089719933,0.360991770898208,0.0664921076028869,1.1239182797817773,0.0490117229557845,0.0635600176474876,0.0490423744398096,0.0635997675021765,1.000625390869297,0.3494312188535051,46.12052185719718,0.9832263511542596,0.0303432070464503,0.2881695903675285,0.2079804023223728,0.926057686910753,0.0673301802738818,0.87466370456893,0.0995615539289285,3.006519023186051,0.9724798179721654,0.3090795196468618,0.99656171875,0.0243691579046256,0.0320370080509926,0.505625,0.4730132739659672,0.0838984640308929,0.36375,0.4812282986505873,19.0,3.0,1600.0,0.5176329336744254,0.2650513176859225,0.1997185560058748,,0.815625,0.7513594345938381,55,1.223014471716389,False
openml_44769_okcupid-stem_seed_1_nrows,real_openml_multiclass,real_openml,7.4583,3,19,400,1600,0.0,0.0,,0.0,0.0,False,1600,0.8187323471379399,0.5989761598280083,0.6242347460313603,0.3739017310090762,7.435064935064935,1.938783302247464,0.9847598848102748,0.4745509089719933,0.3472584886954768,0.0929021052787577,1.1239182797817773,0.0481570965912217,0.060115291392385,0.0481872135997217,0.0601528869467276,1.0006253908692933,0.3353582096778137,45.41071957857051,0.9843909791082504,0.0279298617275841,0.129002379809884,0.0556603706314022,0.9411755782391988,0.0463631688239259,0.8863048822954145,0.0748593779129298,3.037951516621509,0.971195121752232,0.2916923590204652,0.99744375,0.0247500654077315,0.0371943758528252,0.536875,0.4787453295128484,0.0873687451989381,0.39125,0.488182741392115,19.0,3.0,1600.0,0.5176329336744254,0.2498077171073586,0.2055860087055632,,0.835,0.7637117067671001,112,1.4093613845512714,False
openml_44770_okcupid-stem_seed_2_nrows,real_openml_multiclass,real_openml,7.4583,3,19,400,1600,0.0,0.0,,0.0,0.0,False,1600,0.8187323471379399,0.5069672307010373,0.6465460280762144,0.3277776493745535,7.435064935064935,1.92934663282934,0.9705774154897188,0.4745509089719933,0.3586306257057562,0.0801446654566732,1.1239182797817773,0.0461826753443959,0.0625766362485606,0.0462115575678757,0.0626157711055015,1.0006253908692928,0.3385749205666485,45.763099001859366,0.9828755396524514,0.0285028030331201,0.2622619857712431,0.1715704899745344,0.91898052382945,0.0746335234294254,0.8711343741721403,0.1025850392604071,3.028705424632908,0.9581999652387752,0.3087507027033983,0.997549609375,0.0245594879782095,0.0347603272892781,0.529375,0.4806500256824677,0.0821147753843455,0.393125,0.4885969082093079,19.0,3.0,1600.0,0.5176329336744254,0.2636550187893665,0.208423150838062,,0.82375,0.7520712302014615,55,0.7198122068385024,True
openml_44771_okcupid-stem_seed_3_nrows,real_openml_multiclass,real_openml,7.4583,3,19,400,1600,0.0,0.0,,0.0,0.0,False,1600,0.8187323471379399,0.5919822904944336,0.5992691943951531,0.3547567503207968,7.435064935064935,1.9264418358462745,0.9913934674838576,0.4745509089719933,0.3268291563012982,0.1110801834238107,1.1239182797817773,0.0452337398049726,0.0582899478949483,0.0452620285728307,0.0583264018961335,1.0006253908692948,0.321222338593903,52.40673881115013,0.9858541652868444,0.0281060207765053,0.36347853391825,0.3828936980067803,0.9671404214119804,0.0250863993347602,0.9220492557272526,0.0611608427973021,3.0289140515287025,0.9777689388090244,0.262337147708821,0.997717578125,0.0214460640993492,0.0350012830902305,0.544375,0.4836342578877849,0.0809236097105386,0.41125,0.4922142412477054,19.0,3.0,1600.0,0.5176329336744254,0.2259734019667042,0.1966426800777269,,0.830625,0.7841565965664927,104,1.526600113751867,False
openml_44772_okcupid-stem_seed_4_nrows,real_openml_multiclass,real_openml,7.4583,3,19,400,1600,0.0,0.0,,0.0,0.0,False,1600,0.8187323471379399,0.4984342320556585,0.6861394078020296,0.3419953688109289,7.435064935064935,1.9092356704358004,0.9878535953787538,0.4745509089719933,0.353984217297374,0.0886871344193905,1.1239182797817773,0.0517071428166693,0.0652382946213993,0.0517394799916643,0.0652790940551839,1.0006253908692977,0.3624291100907081,45.08368522095395,0.9818605797666268,0.0297257323683808,0.2309989870597172,0.0801063112549794,0.9682643221870652,0.0169223102631752,0.9309984471206476,0.0450424829404791,3.008224349314868,0.9759445262868236,0.3028242234474892,0.997452734375,0.0249296009027097,0.0358842927884238,0.53375,0.4783443753252744,0.0856185869117335,0.39,0.4879024292702434,19.0,3.0,1600.0,0.5176329336744254,0.2584750600027921,0.2101192093745315,,0.81125,0.7562561320420813,55,1.6669436135299147,False
openml_44778_KDDCup99_seed_0_nrows_200,real_openml_multiclass,real_openml,1147.0,8,41,400,1600,0.0,0.0,,0.0,0.0,False,1600,1.5250983574838706,4.869340581043256,586430780.0816407,2855531195.4243865,916.0,0.5803174246516595,0.6224809934892539,0.3915059304951201,0.8440955293448061,0.3058592001354303,1.480175417584381,,,0.1279576140515732,0.2384676991129727,0.7565704174865376,1.7858491888532089,4.062232672065503,,,,,0.0185142944902015,0.091817452146694,0.0,0.0,1.6961179929658323,0.2605892429707396,9344.27729358648,0.610010546875,0.3643748492702078,0.3987784958741066,0.01,0.0163881793191429,0.0648964567046095,0.00375,0.0611414255738345,41.0,8.0,1600.0,1.456415431610256,5.548779940464131,8793.72364622129,,0.010625,1.0602884377345386e-11,8,0.4310681275810185,False
openml_44779_KDDCup99_seed_1_nrows_200,real_openml_multiclass,real_openml,1147.0,8,41,400,1600,0.0,0.0,,0.0,0.0,False,1600,1.524419971661353,5.047622596416671,6950658.761705841,35084302.22556792,917.0,0.5745863309163669,0.6227640212829596,0.3919710170522348,0.9596170844454838,0.0508639846354403,1.4922391739109304,,,0.1317624695914125,0.2410377449990781,0.7809759148248104,1.8074309872637155,4.055442996665085,,,,,0.0003401360544217,0.0017998308238534,0.0,0.0,1.6988659070378462,0.2541877115749258,48320.480181332045,0.6076636718749999,0.367959597789451,0.4046912202570232,0.010625,0.013644578226946,0.0504494378400173,0.00125,0.0353442818771775,41.0,8.0,1600.0,1.591006848628816,6.461577510915519,47424.31354478648,,0.008125,2.614529163319721e-14,8,0.6531402664983564,False
openml_44780_KDDCup99_seed_2_nrows_200,real_openml_multiclass,real_openml,1147.0,8,41,400,1600,0.0,0.0,,0.0,0.0,False,1600,1.52357720513271,2.9482870303312625,671340.0736402058,1979303.232055053,914.0,0.5785839982241545,0.6215286403949835,0.3900591046404261,0.8399472298155731,0.2674610657758484,1.4766752432984174,,,0.1340750283687855,0.239967828834503,0.756570417486537,1.812282875518803,4.092116743927715,,,,,0.0088463759478185,0.0339641635143113,0.0,0.0,1.6944007089575728,0.2595100464456674,26388.318241941568,0.617227734375,0.3608585325649991,0.3965130320689206,0.0125,0.0192054025890202,0.065036113339805,0.003125,0.0558317348300573,41.0,8.0,1600.0,1.458478003504469,5.367791972359703,25826.5704531559,,0.010625,9.27390884964726e-12,62,1.2324248488652036,True
openml_44781_KDDCup99_seed_3_nrows_200,real_openml_multiclass,real_openml,1147.0,8,41,400,1600,0.0,0.0,,0.0,0.0,False,1600,1.2245815611873303,1.581710596004884,63468.37235331292,100388.59706241848,917.0,0.5794184871559344,0.6198914759508296,0.3620785544647912,0.8982399884429224,0.1050877744150131,1.4673858179630732,,,0.1384085780038797,0.2439923804717855,0.7321649201482591,1.8506086897091047,4.0080757033185135,,,,,0.0019839366282356,0.0042266350314723,0.0,0.0,1.6806969941348011,0.2569842174401485,619.0777450942966,0.6076328125,0.3661073109842065,0.4010722947130896,0.0075,0.0150696198317528,0.0488162268484518,0.00125,0.0353442818771775,41.0,6.0,1600.0,1.5748034481404585,4.07834914551571,512.3943479113982,,0.0075,4.433863401594425e-07,62,1.2324248488652045,False
openml_44782_KDDCup99_seed_4_nrows_200,real_openml_multiclass,real_openml,1147.0,8,41,400,1600,0.0,0.0,,0.0,0.0,False,1600,1.510959959760681,5.0522833641877725,800317365.4554373,4043430111.561092,906.0,0.6023860987599909,0.6675814926380196,0.3832985029770529,0.8490847468136159,0.3009156734435041,1.5032601996146178,,,0.1298800140322007,0.2368471748861804,0.7809759148248153,1.7789339895577267,4.122716159397019,,,,,0.0036194140664144,0.0136609753541052,0.0,0.0,1.7410177036584298,0.3099799794348733,2781.939447887313,0.6229046874999999,0.364628594716179,0.3996610704877845,0.01,0.0184912063548616,0.0629499838156202,0.0025,0.0499530736639928,41.0,8.0,1600.0,1.6063266178796678,5.589915806044543,1853.2713834160645,,0.011875,1.7609173750968044e-12,8,0.3007082707180779,True
openml_45067_okcupid_stem,real_openml_multiclass,real_openml,6.8262,3,13,5336,21341,0.0,0.0,,0.0,0.0,False,1998,0.8247288825571959,0.6166259033239845,1.1118165681292214,0.6855748956532535,6.826743669480231,1.7566406274393211,1.2056731554475626,0.4843595804648304,0.3856261231391544,0.1688664796228324,1.1212956455802188,0.0618593919817184,0.0894554350414107,0.0613568434640988,0.0880274895580644,0.9975698683884728,0.3871248201722576,36.35267634407434,0.9680019315266346,0.0611666817390707,0.3813998305671044,0.1567127343305657,0.9501657478297444,0.0397522361340719,0.9178592666945125,0.0571708104482613,2.847091346088514,1.1881044208552134,0.4186654584932885,0.9974869764659554,0.0308449269310262,0.048217953164367,0.51001001001001,0.46190649438226,0.1240968246420867,0.3718718718718719,0.4834254335720619,13.0,3.0,1998.0,0.5026372525746673,0.3259309016348771,0.3423865396287483,1.0399802051179452,0.6796796796796797,0.6921457833230011,55,1.22383694645443,False
openml_45282_AfriSenti,real_openml_multiclass,real_openml,1.0874,3,2,22344,89376,0.0,0.0,,0.0,0.0,False,1998,0.0368038012069318,0.6576319877836996,0.0134141211124698,0.0088215551315648,1.0873836967087904,2.2088796379853326,1.20481946881829,0.0010163856998082,0.0573663298442462,0.0621533239273506,1.584002393486017,0.0734481314571108,,0.0730361568518371,,0.9944045362030852,0.1035500867245682,55.79706370581363,0.995053017672082,0.0047543270002734,1.0,0.0,1.0,0.0,1.0,0.0,3.764493397943293,1.166532656244326,0.0105513186609924,0.9999977454932408,0.0283886335280574,0.0382868125739639,0.6726726726726727,,,0.6166166166166166,0.4863321319613081,2.0,3.0,1998.0,0.0290382467237463,0.0104448272748159,0.0103712624945694,,0.019019019019019,0.9895570206336282,145,1.1104761928380242,False
openml_452_analcatdata_broadwaymult,real_openml_multiclass,real_openml,5.619,7,7,57,228,0.0,0.0,,0.0,0.0,False,228,0.7803074107545994,1.2004955022417518,0.658503008792543,0.7905299002681085,5.529411764705882,1.9237809316283372,0.7328876756186955,0.1397236799295391,0.2318199934173528,0.1886130840365807,2.4797364687855645,0.1256211591575551,0.1498396642710833,0.1261745563344606,0.1504997508978282,1.0044052863436137,0.5122902472870643,12.98224233278444,0.9115768101183148,0.0551714318227088,0.3397984322407699,0.1533184698756,0.7175720724430978,0.1564959543545473,0.413279305448025,0.2682327056536181,4.212507526678653,0.7384572518367445,0.6371686107754146,0.993344105878732,0.1910098737352493,0.1828163564397731,0.8333333333333334,0.5763028724008704,0.1322950802048982,0.7543859649122807,0.4313977591345247,7.0,7.0,228.0,0.6732863888375104,0.5003175334370803,0.3861779823487971,,0.9166666666666666,0.5699807424253304,65,2.184088885882845,False
openml_4538_GesturePhaseSegmentationP,real_openml_multiclass,real_openml,2.9559,5,32,1975,7898,0.0,0.0,,0.0,0.0,False,1998,0.4111751671477904,0.5754236389456696,0.3759427233764396,0.2163263299204161,2.957393483709273,3.584955317544905,2.2337134746726524e-06,0.0503855242882173,0.2894494635504988,0.1637473802363106,2.193392650020663,0.1050178477078459,0.1597230667530854,0.1059195067446618,0.1628997778832837,1.00574035237827,1.103806681806306,13.813136798361697,0.9650069397952656,0.0500586827342243,1.5545579905168388e-07,4.471578186856307e-07,0.9091581576203336,0.0424122372481867,0.5774141200173812,0.1247662624912724,5.619557630364186,0.0695288761153878,0.5100206117507832,0.9987657827998168,0.1587903372013813,0.0695295479659659,0.6751751751751752,0.4799452787491917,0.0842980730533112,0.4609609609609609,0.4985984136001079,32.0,5.0,1998.0,0.3483249304455111,0.4155635814014506,0.3126540017783461,1.5539377420937797,0.8688688688688688,0.6319183773573522,21,0.5164604586962763,True
openml_4541_Diabetes130US,real_openml_multiclass,real_openml,4.8309,3,49,20354,81412,0.0,0.0,,0.0,0.0,False,1999,0.5247063738659065,0.6113414659933372,0.0864952158520026,0.0528781120603734,4.83115024766098,1.160383186900348,1.269847917411534,0.1814641234632695,0.2572447840267121,0.0877436512701651,1.3634673258172807,,,0.0262065796099993,0.0513657648506105,0.7937444917084322,0.5776513773432536,235.36086151411996,,,,,0.9885532051453968,0.0079462839250547,0.9373451993744388,0.0393261985296631,2.5180574198599386,1.2648257304677302,0.1531307242336536,0.9990110112585056,0.0057930928576902,0.0080558868761864,0.6838419209604802,0.504898203595474,0.0603384251741401,0.5267633816908455,0.4994081377268473,49.0,3.0,1999.0,0.4237240988369637,0.1400487061561198,0.1135180560385385,,0.9709854927463732,0.863835749919865,7,0.2354770066294424,False
openml_454_analcatdata_halloffame,real_openml_multiclass,real_openml,21.3158,3,16,268,1072,0.0,0.0,,0.0,0.0,False,1072,1.216363541500833,0.5389109769029045,2.320937280050402,1.250778576922332,21.130434782608692,3.248124716585002,0.2369209191649776,0.8472175177114332,0.5322108319744969,0.2542196627049341,0.5401885107933424,0.5058545200125554,0.2840108151054415,0.5063268398258257,0.2842759979393401,1.0009337068160602,2.3203664240771804,4.10206939502188,0.7903049545105785,0.1043961796578561,0.0002680894094141,0.000225010421958,0.4591029436357393,0.2754138925830841,0.0597790773229369,0.1035403991529153,3.656626398421015,0.210980857640448,1.169839905398928,0.763851567721096,0.1316868289573295,0.062786324029816,0.126865671641791,0.2852334089544814,0.1376643866383002,0.085820895522388,0.2802301268732787,16.0,3.0,1072.0,0.6522942536792554,0.631124376247783,1.027998970203215,1.1695022445277146,0.2182835820895522,0.4318437727472367,9,0.0,False
openml_45548_Otto-Group-Product-Classi,real_openml_multiclass,real_openml,8.3577,9,93,12376,49502,0.0,0.0,,0.0,0.0,False,1995,0.7208763179169575,0.9337550099441276,0.8897082143829166,0.8307695025684922,8.35904082955282,0.975838693125699,0.526780231715853,0.0741368825633129,0.5911231951754583,0.2557957056063603,2.8117561790771006,0.0728218557287028,0.0944766167297448,0.0705743180400761,0.0950261469594067,0.999914466599399,1.1852996956802402,28.31827038077301,0.9028808297022222,0.0840008957879012,,,0.7456581275401206,0.1258488905421343,0.039050620929453,0.1451207943262517,3.688303632262306,0.494971479744391,9.045288366411944,0.993457830038756,0.0992912399404934,0.0622567931721947,0.4601503759398496,0.4616018021252545,0.0959570436359952,0.3473684210526316,0.4762533926254226,93.0,9.0,1995.0,0.6218808722085868,3.2534331560421337,3.256825163037996,,0.7218045112781954,0.0062237588733158,149,0.0,True
openml_455_cars,real_openml_multiclass,real_openml,3.4795,3,7,82,324,0.0,0.0,,0.0,0.0,False,324,0.6222791714091344,0.6342818003311664,1.5203593987393935,0.9643362965828324,3.5,2.431243360486252,0.3860393848519448,0.2981176739527342,0.4903832453862196,0.3505627722509576,1.3262860396547338,0.6410453291881587,0.2187168153280959,0.643029989650042,0.2193939571712169,1.0030959752321988,1.7931269789802868,4.6588809723082765,0.7138975371601205,0.1675417579319201,0.0453831240649571,0.0607430300381721,0.5477468964517307,0.248700568030102,0.396181430746684,0.1866465261230045,3.4728503006881355,0.4667329793158887,1.2604770360378756,0.9073788294467308,0.284679099452849,0.1683466275169805,0.3703703703703703,0.3334838537313521,0.189380092133515,0.2314814814814814,0.42243173698412,7.0,3.0,324.0,0.414313575916807,0.6038457119993192,1.197997674795401,,0.4567901234567901,0.4282055271572421,44,0.3440794850251196,True
openml_45714_PriceRunner,real_openml_multiclass,real_openml,2.4869,10,4,7060,28240,0.0,0.0,,0.0,0.0,False,1994,0.259887562135266,1.1416815977698096,2083.3827456475237,2378.5597418169173,2.486440677966102,3.4561065152798065,0.247905496826488,0.0084396843690811,0.5985273376781084,0.4672590665969491,3.273405009246145,0.3419701049066151,0.3591677036768987,0.34320263969867,0.3598806664146545,1.004120895027719,0.9502064442804864,1.850127116628373,0.4151366240456067,0.4841793833752981,0.0,0.0,0.0,0.0,0.0,0.0,4.960224982090144,1.492412624022601,12159.47236287969,0.9798711581082264,1.769286542435808,1.3186157598630577,0.0727181544633901,0.0834494338214034,0.0989886720961262,0.0050150451354062,0.0706569046018197,4.0,10.0,1994.0,0.2404486047037968,2.087933001743334,11882.71922018391,1.7739579815859443,0.1389167502507522,2.756245453478124e-07,63,0.0,True
openml_458_analcatdata_authorship,real_openml_multiclass,real_openml,5.7636,4,70,169,672,0.0,0.0,,0.0,0.0,False,672,0.5003364797518981,0.2332553051678223,4.859190263551706,1.133431907793264,5.75,2.7733126706085973,0.3344567148341882,0.0973528809915665,0.9386471991852078,0.0253321283217205,1.7873756212282004,0.147925249493768,0.115022802144581,0.1481457044110462,0.1151942221179708,1.001490312965722,1.5699667094864822,6.823592497890224,0.7508295467013536,0.1367172438890264,4.4240561228655684e-14,6.82592526288175e-14,0.2704786233001885,0.1617780880652341,0.0,0.0,4.29874773460381,0.3365918350719034,25.10411609376685,0.9184869260204082,0.2619405572329878,0.1633886274330526,0.0223214285714285,0.4352548106072249,0.0264186887911839,0.0089285714285714,0.0941384066135842,70.0,4.0,672.0,0.5781972104110091,2.644459127065321,12.034429602950404,,0.9672619047619048,0.0014194797662517,59,0.0,True
openml_45927_Products,real_openml_multiclass,real_openml,1.3008,5,3,14701,58802,0.0,0.0,,0.0,0.0,False,1998,0.1134570300507846,1.2420627009050182,5104.000199394979,6339.488273080279,1.3007301902100423,2.708693552942883,1.517731071411787,0.0041615146101134,0.3530266728625468,0.5605512589910252,2.313164178242666,0.3372507655464523,0.5739576733754612,0.3335801085730395,0.5676531157319595,0.9928757062155228,0.9891062159488296,7.055048778717618,0.6652036449772881,0.5760832552403363,,,0.3977855895049547,0.5135405428456915,0.3959171997711552,0.511127628389599,4.693984140116895,2.061849379637121,60047995031605.62,0.999192135078021,0.3278735910686539,0.5441183082253334,0.8518518518518519,0.5858639915238917,0.2779014862061202,0.6231231231231231,0.4847249666520176,3.0,5.0,1998.0,0.1314734423779387,1.0023189231700458,60047995031605.62,,0.7227227227227228,1.6614733255003066e-14,54,0.0,True
openml_45938_credit-score-classificati,real_openml_multiclass,real_openml,2.9826,3,16,20000,80000,0.0,0.0,,0.0,0.0,False,1998,0.4425590176038672,0.6695705289812669,0.5473216991088224,0.36647047959522,2.982681250876455,3.2305810599336136,0.8901203122988091,0.1485695078442932,0.3543024757237671,0.1643755976625228,1.445617030961903,0.0355924617381246,0.0804953454236692,0.0341216768555841,0.0816334587984526,0.8564459247364594,0.4641609308062897,15.174025473543669,0.9401519465249356,0.1334370519600775,,,0.962342409820128,0.0340002099261301,0.9038804274661584,0.0667503941494476,4.580928906493369,0.8719157378677955,0.3444429668822072,0.9987667848028208,0.0952691844021466,0.0713532034308271,0.6491491491491491,0.4949237295063048,0.0991634020991024,0.477977977977978,0.4996398457676625,16.0,3.0,1998.0,0.2777308602527623,0.2780798257148928,0.2843595819400638,1.2864285985252928,0.8568568568568569,0.7344687836765885,126,5.369914905502497e-16,True
openml_45968_BraidFlowSessionLevel,real_openml_multiclass,real_openml,2.1729,3,123,473,1891,0.0,0.0,,0.0,0.0,False,1891,0.3389868749397973,0.5475682233586985,7.801326985417895,4.271758757245548,2.176470588235294,3.0457694391549928,0.8717341321317398,0.0899174752519571,0.9611155487391448,0.0106455064051383,1.505175215911497,,,0.1109255336006262,0.1492709306263087,0.9923947175979704,2.064433683510066,8.180820987455135,,,,,0.0,0.0,0.0,0.0,4.366956370978669,0.8726598282227954,25.22843903967233,0.9763960266015564,0.1839882840878201,0.2153562670771866,,,,,,123.0,3.0,1891.0,0.2145278449718597,1.8475995228629167,15.19941474222276,,,0.0055971066470256,138,0.0,True
openml_460_analcatdata_reviewer,real_openml_multiclass,real_openml,2.6111,4,7,76,303,0.0,0.0,,0.0,0.0,False,303,0.405322989358207,0.6563682699998339,0.4503038796579255,0.2955651784652859,2.627906976744186,1.3179925703368287,0.6081076894217081,0.069973476857312,0.3431436701925053,0.1587103932315772,1.8788369781013232,0.1445722823824646,0.0599601156463588,0.1450509985492943,0.0601586590756515,1.003311258278148,0.4140116427584714,21.46192391752829,0.9329550546631866,0.0818328421390406,1.0,0.0,1.0,0.0,1.0,0.0,3.109286745410747,0.5787009717117206,0.5135569132189137,0.9958500800575107,0.0875428030274046,0.1017719899063981,0.7095709570957096,,,0.6204620462046204,0.4860747473162751,7.0,4.0,303.0,0.3063984221732707,0.4036207130189924,0.3676120984148949,,0.4125412541254125,0.6355339482436412,81,1.596974807045902,False
openml_46174_Flare,real_openml_multiclass,real_openml,7.6977,6,11,214,852,0.0,0.0,,0.0,0.0,False,852,0.5371228526179741,0.9613604555575048,4.869979745488837,4.681805946678969,7.794117647058823,0.750083247876346,0.6394821291734956,0.0672573898960106,0.4431917982296579,0.3216265806904059,2.360418192636169,0.1713761752071558,0.1178635578043398,0.1715775573166824,0.118002057872265,1.0011750881316095,0.6886304415816361,10.139050092723808,0.7966945758253825,0.2136018289853045,,,0.4252750233586357,0.4596877876860678,0.3846880903514507,0.4636173168527314,2.8776967723187856,0.4125503095790028,4.47186119372399,0.9735268024421962,0.2328046681937295,0.3451344235876441,0.4366197183098591,,,0.3251173708920187,0.4686938225018162,11.0,6.0,852.0,0.6362511987002984,1.395869479716598,3.5282830656497706,,0.1725352112676056,0.1040126775860358,51,1.8704658895763655,False
openml_46264_mabbob_ela_as_2d_classify,real_openml_multiclass,real_openml,36.4444,5,45,224,896,0.0,0.0,,0.0,0.0,False,896,1.0383147867869644,1.1236029962042442,0.922440858408846,1.0364573123293943,37.5,3.1498407534995585,0.1111002970673516,0.3483578236507785,0.3535759936230843,0.0732234153456537,1.567451753694467,0.3750729439520975,0.2681029799346011,0.3754920198671279,0.2684025363367627,1.0011173184357538,3.0956846561671467,38.87820649209785,0.9889571006698792,0.0099656805539484,1.666612261040771e-07,5.16541530676283e-07,0.5505507321424574,0.3061378475598673,0.1386258635336945,0.2439483470586543,4.676975530277585,0.1109466278692102,0.6061193425270849,0.9974477339764032,0.0403169769164392,0.017299792853146,0.6863839285714286,0.498994000794173,0.1031006153372756,0.5122767857142857,0.5001284252467805,45.0,5.0,896.0,0.982879070533227,0.5161489387308519,0.2515881367551816,,0.9151785714285714,0.5721046103564789,0,0.7974273377969596,True
openml_46270_mabbob_ela_as_5d_classify,real_openml_multiclass,real_openml,61.4167,4,45,224,896,0.0,0.0,,0.0,0.0,False,896,0.9794860575129412,0.4722819581794981,0.2664646364191045,0.1258464402736026,59.0,3.167870998551691,0.013379272592124,0.4296613478316629,0.3652537890862202,0.0996140108854657,1.320707351082399,0.4340800020197636,0.3172890044215879,0.4345650076086126,0.3176435172756902,1.001117318435754,3.610249368131252,35.53103361494103,0.987407814186669,0.0133904904181469,6.608925024717202e-08,1.1341457366269363e-07,0.7047890669381768,0.2760679536251561,0.126262813191027,0.18691104229143,4.451407819629383,0.0188698202114464,0.5061553956365201,0.9963291713169644,0.0371705300047064,0.0137905546362065,0.5669642857142857,0.4834884850193472,0.0867423304652573,0.4073660714285714,0.4916184466910242,45.0,4.0,896.0,1.2117410224113334,0.4200768936549027,0.2805211570877494,,0.859375,0.6312311966956049,0,0.7974273377969596,False
openml_46331_autos_clean,real_openml_multiclass,real_openml,22.3333,6,25,41,164,0.0,0.0,,0.0,0.0,False,164,0.61931531344364,0.8043534450187981,2.7663035587887403,2.2250857974794847,27.0,1.7337673127792277,0.7935765205062785,0.088630691494619,0.5824732922719947,0.2013724635431496,2.26391871224389,0.2578849245829482,0.2397406488046421,0.2594670406846842,0.241211450331051,1.0061349693251536,1.7699729218261175,8.337866277300275,0.8207004629913311,0.1062824228969054,,,0.34415876198118,0.3039846752308056,0.0,0.0,3.72616347513438,0.6895474692976459,4.212029153698258,0.9801829268292684,0.271522549888738,0.14572357177936,0.5304878048780488,0.3075684351732017,0.2359556887050183,0.2378048780487804,0.4270429767893841,25.0,6.0,164.0,1.1820353425226648,1.8585791573446315,2.411619103413668,,0.5548780487804879,0.0705830139731553,105,0.0,True
openml_46332_anneal_clean,real_openml_multiclass,real_openml,85.5,5,38,180,718,0.0,0.0,,0.0,0.0,False,718,1.414596194620986,1.1176871172797462,14.722316284999527,16.454943248261785,91.16666666666669,0.4958094272760189,0.7505295649793104,0.6386093133700226,0.7228300428516616,0.1921369571581284,1.187764057925177,,,0.0617102016993802,0.1028349078087436,0.8169272553769354,0.8371129520397781,19.284343169938246,,,,,0.1059938583848623,0.1505329457585388,0.0,0.0,1.6219813403478132,0.6741228265803741,22.53660010173377,0.9723388241866529,0.0615921448533826,0.105890340591479,0.0891364902506963,0.1646632210365993,0.1389582518290329,0.0153203342618384,0.1229091597014693,38.0,5.0,718.0,1.613883494296594,2.200682914313693,20.22420748878936,,0.192200557103064,0.0089102641234819,34,0.45090851283516786,False
openml_46334_glass_clean,real_openml_multiclass,real_openml,8.4444,6,9,43,171,0.0,0.0,,0.0,0.0,False,171,0.7657246611507086,0.7605338045565668,4.038296301484917,3.0712608500950367,8.714285714285714,2.0133231257717834,0.6255367816647759,0.1372331877058992,0.4952402596816022,0.2793125677497545,2.1710541960089595,0.2258034229398582,0.1858452032418385,0.2271316783689162,0.1869384103197317,1.0058823529411762,0.8775399847475475,6.237392686621452,0.7418372916022503,0.220974435597725,0.0005803555281076,0.0014870376751154,0.2423777527884163,0.2896679290052132,0.0509401709401709,0.1510175457156929,3.8363065324162,0.5652730526934941,5.338017573345689,0.9700420642248896,0.3480707893645435,0.1466219804361467,0.52046783625731,0.4050944338153044,0.1483825385792231,0.2982456140350877,0.4588314677411235,9.0,6.0,171.0,0.6404213726292659,1.538376616059349,4.254550775763367,,0.6023391812865497,0.0791696837652699,51,0.7286772082930321,False
openml_46342_odds,real_openml_multiclass,real_openml,94.5,4,2,60,237,0.0,0.0,,0.0,0.0,False,237,0.9763078507070974,0.3570351727581293,0.1813705164505683,0.0647556536741598,151.0,2.583778904409069,0.0002018249637544,0.4021259520140398,0.1882550419597491,0.0783394106004119,1.2605087114185811,0.3642849530263425,,0.3658285333357763,,1.0042372881355932,0.5173596733465128,17.647669935127524,0.95789953289992,0.0242051740430544,0.0371332485589183,0.0415805985254586,0.4446159094507907,0.4660749976118049,0.4205963574513625,0.4643275596068032,3.772861262317403,0.0282085662158569,0.0810807994131977,0.9893713614271216,0.0714263535102472,0.0284103911796118,0.679324894514768,0.4965837688610361,0.2416828727319024,0.4978902953586498,0.5010537419485809,2.0,4.0,237.0,1.2878346706739934,0.0770169848997537,0.0631116391609894,,0.6413502109704642,0.9240309245284803,119,0.0,True
openml_46361_Risk_Level_Classification,real_openml_multiclass,real_openml,9.7758,3,18,15720,62880,0.0,0.0,,0.0,0.0,False,1999,1.0070538998320442,0.4761266951757509,17.032062885607594,8.109419813749907,9.77578906851424,1.598505153395178,1.2132741842206052,0.6605359580756476,0.8905983441160188,0.1547170326277382,0.8951824028291722,0.1641860375424359,0.2460868074945525,0.1644050397512273,0.2471341286790402,0.9983033728822892,1.256673316074326,5.700020547359023,0.8253638949848077,0.20173900369608,,,0.0,0.0,0.0,0.0,2.336638577998485,1.1547825808798655,2591374.6371046654,0.8822097391867519,0.1570489782258653,0.1927050220086673,0.0445222611305652,0.1502177527394602,0.1207757207483044,0.0105052526263131,0.1019808557640407,18.0,3.0,1999.0,0.5772774436979315,1.610268181269522,2591373.071235157,,0.1140570285142571,1.5039566736463445e-07,1,0.0,True
openml_46372_Multiclass_Classification,real_openml_multiclass,real_openml,1.0,10,7,1000,4000,0.0,0.0,,0.0,0.0,False,2000,0.0,1.1428349464819592,2.2045900925534925,2.519482600438028,1.0,3.584954871162618,3.4072074353510326e-06,0.0,0.4449679824007408,0.3066383932141849,3.321928094887362,0.1002684517916111,0.1017901914466392,0.1024593397944089,0.1046050169743049,1.0163556400055864,0.3835470781298252,6.0027041390285305,0.6599120186202263,0.1951528418526176,0.022569433517774,0.0361760426474514,0.4986111111111111,0.1702292534712343,0.1057222222222222,0.1240837123750239,6.353477697699543,0.2700880954969052,4.285977906722236,0.99666825,0.5534052683504369,0.2700899579694057,0.588,0.4767831326944942,0.1082732128779236,0.4455,0.4971451766469547,7.0,10.0,2000.0,0.0,1.9501381626903649,1.97463774134824,,0.781,0.0622867261603788,124,0.0,True
openml_46382_company_quality_and_valua,real_openml_multiclass,real_openml,3.9545,6,9,144,575,0.0,0.0,,0.0,0.0,False,575,0.3785116609890981,1.3077352346451652,0.9822139500757252,1.2844757904740332,3.971428571428572,2.999984674159116,0.0,0.0326187630455111,0.2465351515353158,0.2686579945572301,2.469730160461239,0.0729095955933867,0.0905519923621601,0.073036615794769,0.0907097484464148,1.001742160278746,0.3464193799051636,12.318192206029437,0.9060302229807328,0.1103209459849816,0.0008536665000145,0.0026704289215217,0.7160138421611476,0.2695480098663269,0.3502828612362972,0.369179610108627,5.269220304322932,0.1374398642831724,1.1388750885490324,0.9967879017013233,0.2004945302974222,0.1374398642831724,0.7530434782608696,0.5179770575410837,0.0834366604983511,0.5826086956521739,0.4935579546801841,9.0,6.0,575.0,0.4596021555537936,0.5926063768707567,1.0581672747876356,3.772525790833564,0.9304347826086956,0.4487020671004968,96,1.9267502122434537,False
openml_46420_Apple_Stock_Price_Trends_,real_openml_multiclass,real_openml,1.2208,3,18,504,2012,0.0,0.0,,0.0,0.0,False,2012,0.0942579724542827,0.5874638177375371,0.0370464274657906,0.0217634357125901,1.2199036918138042,3.5849525180602395,9.500589466908078e-06,0.006860120094704,0.1661843028731406,0.0808691474723825,1.5786816870259317,0.509007050740493,0.4067517248383451,0.5092601621530942,0.4069539882519894,1.0004972650422674,2.7622003171371405,84.74713033273306,0.9896374507034332,0.0058180545044675,0.3898595813487906,0.0682544669523141,0.9928211075319971,0.0012661288089393,0.9371275546582334,0.0064776136527495,5.145006061798869,0.0047819558091734,0.064537159176938,0.9992490385717504,0.0186281432873034,0.0047782361147759,,,,,,18.0,3.0,2012.0,0.0842088893344819,0.0617742640557734,0.0525130402174337,,,0.9388185275952758,45,0.47023324696972946,False
openml_46435_Apple_Stock_Price_Trends_,real_openml_multiclass,real_openml,1.2208,3,22,504,2012,0.0,0.0,,0.0,0.0,False,2012,0.0942579724542827,0.5874638177375371,0.0370464274657906,0.0217634357125901,1.2199036918138042,3.507288481868497,0.2725540699090345,0.006860120094704,0.1822516364091077,0.067924718144404,1.5786816870259317,0.3934593116717093,0.4114878580675948,0.3936549652329581,0.4116924765947292,1.0004972650422668,2.6686825254496447,90.71519918740404,0.9910818017303248,0.006193452784064,0.3898595813487906,0.0682544669523141,0.9928211075319971,0.0012661288089393,0.9371275546582334,0.0064776136527495,5.0685675538842965,0.2699511841677406,0.0743452168946389,0.9992268061610456,0.0174026150101331,0.0059304315614496,,,,,,22.0,3.0,2012.0,0.0842088893344819,0.0710450852825919,0.0559992665820579,,,0.9299102671083432,45,0.23506693326174133,True
openml_46441_Credit_Score_Classificati,real_openml_multiclass,real_openml,2.9826,3,16,20000,80000,0.0,0.0,,0.0,0.0,False,1998,0.4425590176038672,0.6695705289812669,0.5473216991088224,0.36647047959522,2.982681250876455,3.2305810599336136,0.8901203122988091,0.1485695078442932,0.3543024757237671,0.1643755976625229,1.445617030961903,0.0355924617381246,0.0804953454236692,0.0341216768555841,0.0816334587984526,0.8564459247364594,0.4641609308062897,15.174025473543669,0.9401519465249356,0.1334370519600775,,,0.962342409820128,0.0340002099261301,0.9038804274661584,0.0667503941494476,4.580928906493369,0.8719157378677955,0.3444429668822071,0.9987667848028208,0.0952691844021466,0.0713532034308271,0.6491491491491491,0.4949237295063048,0.0991634020991024,0.477977977977978,0.4996398457676625,16.0,3.0,1998.0,0.2777308602527623,0.2780798257148927,0.2843595819400638,1.2864285985252928,0.8568568568568569,0.7344687836765885,126,5.574052818894622e-16,False
openml_46442_Success-Rates-2,real_openml_multiclass,real_openml,251.5,6,13,432,1727,0.0,0.0,,0.0,0.0,False,1727,1.2649983475528326,0.9583797420502544,0.7985117542497125,0.7652774890619357,268.3333333333333,2.620564593520448,1.494770468095156,0.3357641399074272,0.1839927264371451,0.1647999881906031,1.3888928571114163,,,0.3022946358718466,0.4128407776717576,0.7696764417506058,1.888856413666036,17.46197963961138,,,,,0.4897480787332781,0.2391462885499375,0.2272140791717537,0.3153798967544625,3.929919340647999,1.449382274610185,0.3213467096006399,0.9984556730211172,0.0795381099838647,0.0462879289642895,0.6265199768384482,0.4949587634561771,0.2189331965999144,0.4632310364794441,0.4987906410525844,13.0,6.0,1727.0,1.397535741489509,0.2779027613393623,0.1994453590511163,,0.6606832657788072,0.7419675001445237,27,2.044062574819101,False
openml_46443_credit_risk_china,real_openml_multiclass,real_openml,247.7282,5,12,5505,22017,0.0,0.0,,0.0,0.0,False,1998,1.819979242261645,0.4542187732070167,0.1098762504197894,0.0499078556702637,245.9277108433735,2.6073817800636845,1.240336336374657,0.9034761721749822,0.1231329545962039,0.1113675154465882,0.4597322176023025,0.1662153860142659,0.2160644850382789,0.0762245325746563,0.1333117632586309,0.6475976295312826,0.6778809324303589,19.597257781456847,0.9936401693950132,0.0058365690904482,,,0.4767549587960767,0.1976804509365861,0.1072180130285156,0.2685912491226581,3.0436549901492675,1.2275205096457915,0.1042704870906205,0.9911267623980335,0.0234590075167203,0.0167344115943882,0.1756756756756756,0.3311487560778391,0.15378265593115,0.1121121121121121,0.3155833213154367,12.0,5.0,1998.0,1.504769551913964,0.0978550685206015,0.0810656703003837,,0.2412412412412412,0.9039484965474138,66,1.5275893750037999,False
openml_46475_EDA-Home-Mortgage-NY,real_openml_multiclass,real_openml,45611.0,7,28,17587,70344,0.0,0.0,,0.0,0.0,False,1996,0.9951453207236468,1.7791796380413174,21.906422876764623,38.97546152466212,15.98159509202454,2.07489307841356,1.2473835061128344,0.265796963688176,0.3990417037583119,0.3678545713709625,1.985224182531776,0.0952286501718157,0.1472334410396714,0.0943427530008087,0.1471738533323152,1.1088637892998847,1.09072387287765,13.760843638758296,0.879723675069702,0.2450565628957138,,,0.4972027947416411,0.4111689717952547,0.4155345309827272,0.3479145241919713,3.915851092776673,1.316744581233507,17071389.89647373,0.9896363368018604,0.1442661681686626,0.1705362091901339,0.5155310621242485,0.4558666334115792,0.1566600504356151,0.4008016032064128,0.4901836991012618,28.0,6.0,1996.0,0.8808054385250628,1.3374393494057402,17071389.469078213,,0.6673346693386774,4.01340027538489e-08,42,0.0,True
openml_46479_EDA-Home-Mortgage-NY-2,real_openml_multiclass,real_openml,16.0829,6,28,17586,70344,0.0,0.0,,0.0,0.0,False,1997,0.9961397303186916,1.7504473285970066,21.92968995258072,38.38676719445553,16.08153371529308,2.040144790484789,1.2575098722923357,0.2661200981588488,0.3949507158967998,0.3704119342434908,1.984703666164156,0.092939790589541,0.1466292165867297,0.0893804508636167,0.1440777257293639,0.956318537874132,0.9415920586708384,14.78850019651904,0.8733393678131033,0.2476937145962322,,,0.4966016261230173,0.4098856780167985,0.3750678770195375,0.3169603663587325,3.890642577770752,1.325516221796454,228872297.45755845,0.990251777265297,0.1342058788781922,0.1652012420506937,0.5413119679519279,0.4572639660700242,0.1581883087075687,0.42864296444667,0.4950059322500597,28.0,6.0,1997.0,0.883168237380385,1.32875034405699,228872297.0476228,,0.6870305458187281,3.030872627211547e-09,108,0.0,True
openml_46481_Financial-Risk-Assessment,real_openml_multiclass,real_openml,6.0,3,10,3000,12000,0.0,0.0,,0.0,0.0,False,2000,0.6164414002968976,0.6217830471675075,0.0017352151254011,0.001078927348163,6.0,3.048343999586632,0.725209602723658,0.2645914396887158,0.0873809318821829,0.0129244325909102,1.2954618442383217,0.0186530225612465,0.0143947208265615,0.018746472496559,0.0144318016234843,1.0057408582130958,0.0786413726071543,169.74748201642663,0.9984539640576664,0.0009760714019253,0.9552267129884352,0.0262399973990519,0.982367724867725,0.011587867819752,0.963637566137566,0.0213719244402322,4.336174143909,0.7220189409818906,0.0155632084747132,0.99893225,0.0076316999159549,0.0038359551771174,0.669,0.5052352387525504,0.0731566031987679,0.496,0.500109042636967,10.0,3.0,2000.0,0.463547228508435,0.0154378954709943,0.0094036940010086,,0.955,0.9846191358249848,142,1.0884380909274658,False
openml_46505_total_score,real_openml_multiclass,real_openml,9.4773,4,10,144,575,0.0,0.0,,0.0,0.0,False,575,0.8077863050063213,0.8040829483643241,0.6702666976942332,0.5389500224723982,9.542857142857144,2.999984674159116,0.0,0.2987638033092897,0.2932396923781082,0.2834123009023612,1.5576043647036584,0.0658582061749814,0.0795145130299128,0.0659729417258089,0.0796530400560973,1.0017421602787455,0.3249006704845543,13.924129562564197,0.93974331397016,0.0776988406838347,0.0003045732280848,0.000458067334498,0.6381400574566379,0.2681812613338759,0.2896957627142213,0.3684609313249387,4.445725359506374,0.0823391896659627,0.655712793538115,0.9942563327032136,0.1118636793564005,0.0823391896659627,0.6191304347826087,0.4836734233014619,0.0929987747418455,0.4504347826086956,0.4979704301569627,10.0,4.0,575.0,0.6390477074772547,0.4186136161635636,0.6183312087312877,,0.8295652173913044,0.5955024846873,96,0.906841356589554,True
openml_46506_Credit_Score,real_openml_multiclass,real_openml,2.9624,3,21,10000,40000,0.0,0.0,,0.0,0.0,False,1999,0.4420828598803622,0.6660389659051802,0.5195023618853672,0.3460088158954287,2.962416481069042,3.0682654902695106,0.9198103484269916,0.1485250419405506,0.3892423264595248,0.147216620576826,1.4463874769314644,0.0365172984836208,0.0713501584332819,0.0373759863966989,0.072652510697477,1.1022394348816096,0.6549868022384743,16.446126923619254,0.9745027880234052,0.0480351476847925,,,0.9797645794250812,0.0178915402232268,0.9267220072285652,0.0521443723596865,4.426705970096494,0.9158459430056356,0.4101786969390528,0.998573573930537,0.0879469971044806,0.0697350230741085,0.5942971485742872,0.4896304646192229,0.0801250309964904,0.4342171085542771,0.4957777430037592,21.0,3.0,1999.0,0.2766140453616109,0.3246919107893078,0.3216753638768238,19.038515566867,0.8859429714857429,0.6950970446043472,72,0.0,True
openml_46507_Interest_Rate,real_openml_multiclass,real_openml,2.0929,3,11,6573,26289,0.0,0.0,,0.0,0.0,False,1998,0.2828595742078227,0.5777699991931063,0.0967915244732573,0.0559232390168134,2.0927777777777776,2.526871934845292,1.032296804199434,0.0547160641195614,0.2640201646898501,0.1857591379985621,1.5231653819017723,0.1006228547628147,0.1220750373000348,0.1003589745344257,0.1242095594164433,0.9965419365830696,0.5291212543057999,83.09233337220589,0.9841170800257368,0.0165458026727167,0.2903753042902897,0.05834084544338,0.9884819689936328,0.0067156345264175,0.9742123526317124,0.009252694245697,4.031706318927099,1.0337657959324624,0.2031981260986591,0.9990891792693596,0.0183309978199657,0.0137155352066686,0.7527527527527528,0.5181163262897823,0.0956333700184941,0.575075075075075,0.4944553554337793,11.0,3.0,1998.0,0.2252611762539304,0.17391975207568,0.1852818195147983,,0.9064064064064064,0.8288316090563651,30,1.5810214040609112,False
openml_46515_Financial-Risk-Assessment,real_openml_multiclass,real_openml,6.0,3,21,3000,12000,0.0,0.0,,0.0,0.0,False,2000,0.6164414002968976,0.442923497356704,0.0022324455498878,0.0009888025906147,6.0,2.0371414094800704,1.1546271150485148,0.2645914396887158,0.1211147464483562,0.0193434819418171,1.2954618442383217,0.0296063311490139,0.0638598625341281,0.0296858103284187,0.0640731059065481,1.0045449952719276,0.3237084501194984,303.9029481927814,0.9986349212117512,0.0010884522935559,0.9552267129884352,0.0262399973990519,0.982367724867725,0.011587867819752,0.963637566137566,0.0213719244402322,3.328340505193108,1.1507793829845558,0.0301827466574152,0.9989875,0.0042627485252842,0.0042537483237185,0.675,0.5065129747243827,0.0636964102318018,0.5245,0.4995242859522728,21.0,3.0,2000.0,0.463547228508435,0.0297117339081326,0.0185052830810164,1.0160695522778789,0.98,0.970497985630032,142,0.8878289563891206,True
openml_46519_Credit_Risk_Modeling,real_openml_multiclass,real_openml,5.5487,4,61,10268,41068,0.0,0.0,,0.0,0.0,False,1999,0.8726753572547369,0.7160132835469231,5.108649301085303,3.6578607605597817,5.549116760017234,1.410509755192891,1.123151680791645,0.3680158205228946,0.542239278204171,0.3115049460092282,1.539708541327859,,,0.1070154169377978,0.1997330957873972,0.9001413566416386,1.7912686347661402,22.466120087901363,0.9317621396154816,0.1411928571363548,,,0.215143056057624,0.3495847643348216,0.0,0.0,2.881683608051911,1.0658030102019496,3.2354342096339708,0.9979594599701052,0.0685346884688395,0.1677723553567306,0.5612806403201601,0.4689064247073303,0.1306160406858658,0.4192096048024012,0.4935532092471408,61.0,4.0,1999.0,0.6361974951525213,1.0761409672585651,2.776873905803569,,0.720360180090045,0.1786720181000245,27,1.0220312874095505,True
openml_46520_Credit_score_classificati,real_openml_multiclass,real_openml,2.9826,3,27,20000,80000,0.0,0.0,,0.0,0.0,False,1998,0.4425590176038672,0.6857705713899105,0.5420045456439799,0.3716907669622009,2.982681250876455,3.284314456692785,0.5453960100255512,0.1485695078442932,0.3795487378744653,0.1711486601728466,1.445617030961903,0.0394044875879204,0.068537768437026,0.0393945301639554,0.0694189200500252,0.9913962303965116,0.4253919011096094,20.42119355760557,0.9767873078393408,0.0428325813920863,0.3146340837534718,0.0770812033840306,0.9658660179948988,0.0362726124381747,0.9128616402582456,0.0582439813103114,4.659141451465863,0.5761843199924455,0.4059704829027861,0.9988815141467794,0.0707900361888252,0.069182546049825,0.6536536536536537,0.4933659194888947,0.0623325357763522,0.4764764764764764,0.4995713708060048,27.0,3.0,1998.0,0.2777308602527623,0.3174063527231597,0.3343464402568216,,0.9774774774774776,0.6993409350753144,30,0.9146275163979136,False
openml_46525_Corporate_Credit_Rating_C,real_openml_multiclass,real_openml,671.0,10,41,406,1623,0.0,0.0,,0.0,0.0,False,1623,1.044534034592164,3.540449482410194,10.960072908717748,38.80358445684774,268.0,2.468826941378096,1.3948068357331076,0.1468110396209259,0.2276224465109109,0.1440549869872141,2.2959116532406125,0.054357329143274,0.1588245357306198,0.0543908416766546,0.1589224546798989,1.000616522811346,1.0749606054739318,27.307458465557986,0.9850065690815104,0.0243604186119014,,,0.3710230999377588,0.4183626619098103,0.1519033452712309,0.2854762123422807,4.680662236647263,1.3483211406538609,0.6832258091614882,0.9989894192729362,0.0840763579714447,0.0730255415919327,0.8052988293284042,0.5544741302894582,0.1580643564426869,0.6481823783117683,0.4776845987073294,41.0,9.0,1623.0,1.354747628232264,0.5597587001761049,0.3743043392789296,,0.8502772643253235,0.5402210282326328,67,0.4980221676495473,True
openml_46528_EDA-Home-Mortgage-NY-Samp,real_openml_multiclass,real_openml,16.0825,6,28,8793,35172,0.0,0.0,,0.0,0.0,False,1997,0.9961157674078126,1.7612447346244129,22.785821208198183,40.13140762703233,16.088183421516757,2.0675548145514044,1.2501334847775,0.2661200981588488,0.3898594730877226,0.3735710558801229,1.984703666164156,,,0.0922388932344006,0.1443250113953872,0.9205796784005712,0.9392950146321798,13.783382488402449,0.8643481900486668,0.2554712935273091,,,0.504499435519686,0.414929463480314,0.4057016867910285,0.3388490105533921,3.908265983385234,1.3219536889165309,29914132.773756664,0.9893691313133948,0.1439924973303263,0.1714495205047186,0.5232849273910867,0.4529916024053044,0.1606945803300901,0.3980971457185778,0.4896282837923522,28.0,6.0,1997.0,0.8832418282056709,1.3181733789467434,29914132.373867773,,0.6670005007511267,2.3432206423698163e-08,38,0.0,True
openml_46531_dataset_china,real_openml_multiclass,real_openml,247.7282,5,27,5505,22017,0.0,0.0,,0.0,0.0,False,1998,1.819979242261645,1.5477412539467923,280.07089932527344,433.47728491570456,245.9277108433735,1.3726909899533022,1.4284727135766695,0.9034761721749822,0.4766777039302284,0.3779230914804064,0.4597322176023025,0.1118816403519882,0.1954487301524377,0.0860110756895525,0.1782002726589846,0.7983216875172359,1.0894839909817349,11.702711109890204,0.8710619760797969,0.2783948185821943,,,0.00625,0.0197642353760523,0.0,0.0,1.7931389585225948,1.438494435041043,77.5170233177606,0.9689431673916158,0.0392842490330102,0.0766386813642747,0.071071071071071,0.2213943871633135,0.1225611683647215,0.034034034034034,0.1813620167359048,27.0,5.0,1998.0,1.504769551913964,1.337364122919101,77.0653613842413,,0.1091091091091091,0.0086221396648131,88,0.0,True
openml_46536_dataset_credit_risk_file_,real_openml_multiclass,real_openml,5.5487,4,61,10268,41068,0.0,0.0,,0.0,0.0,False,1999,0.8726753572547369,0.7160132835469231,5.108649301085303,3.6578607605597817,5.549116760017234,1.410509755192891,1.123151680791645,0.3680158205228946,0.542239278204171,0.3115049460092282,1.539708541327859,,,0.1070154169377978,0.1997330957873972,0.9001413566416386,1.7912686347661402,22.466120087901363,0.9317621396154816,0.1411928571363548,,,0.215143056057624,0.3495847643348216,0.0,0.0,2.881683608051911,1.0658030102019496,3.2354342096339708,0.9979594599701052,0.0685346884688395,0.1677723553567306,0.5612806403201601,0.4689064247073303,0.1306160406858658,0.4192096048024012,0.4935532092471408,61.0,4.0,1999.0,0.6361974951525213,1.0761409672585651,2.776873905803569,,0.720360180090045,0.1786720181000245,27,1.0220312874095505,False
openml_46537_dataset_credit_score,real_openml_multiclass,real_openml,2.9826,3,27,20000,80000,0.0,0.0,,0.0,0.0,False,1998,0.4425590176038672,0.6857705713899105,0.5420045456439799,0.3716907669622009,2.982681250876455,3.286203261057006,0.5459693943189079,0.1485695078442932,0.3802646197917353,0.1696046492412891,1.445617030961903,0.0381137048868031,0.0601226979326988,0.0380647002584127,0.0608327091081508,0.9914380914993044,0.3847965339759456,20.48181580763084,0.9772000981087806,0.0426598401481054,0.3511773421375455,0.0530715682367223,0.9658660179948988,0.0362726124381747,0.9109680797672652,0.0582364450471921,4.661239780772279,0.5770824868679498,0.4063792123834432,0.9988750011272534,0.0705805112466305,0.0692005175295919,0.6516516516516516,0.4938605229154266,0.061381710015896,0.4804804804804805,0.4997439197703064,27.0,3.0,1998.0,0.2777308602527623,0.3179680991749666,0.3336769858370295,,0.975975975975976,0.6989887097466377,30,0.8060836366769589,True
openml_46549_Corporate_Credit,real_openml_multiclass,real_openml,671.0,10,25,406,1623,0.0,0.0,,0.0,0.0,False,1623,1.044534034592164,4.01777834484371,9.699612890771087,38.97089462590698,268.0,3.438988878903745,0.0821400510423891,0.1468110396209259,0.1511006412121935,0.1115693146159706,2.2959116532406125,0.0924581617331551,0.2539119967661767,0.0925151642989585,0.254068539304257,1.0006165228113448,1.3499510072645369,18.678153441002564,0.9887940753675584,0.0187995741756196,2.34843032147411e-24,1.407210624959396e-23,0.3710705022889154,0.4184211407993013,0.1808160124894083,0.2976067702776502,5.611980905185914,0.0983364344808596,0.2928857385422195,0.9990034656617044,0.122919626958444,0.0654261683748709,0.8200862600123229,0.5317665758684941,0.129157994577017,0.6383240911891559,0.4806337277250751,25.0,9.0,1623.0,1.354747628232264,0.2697852139450304,0.1393322104001571,,0.8841651263093038,0.7550889761788125,67,1.9509115918153348,False
openml_46556_Loan_Status,real_openml_multiclass,real_openml,20404.0,3,8,5252,21005,0.0,0.0,,0.0,0.0,False,2000,0.98182269180712,0.6739212763128591,2.565704294162175,1.7290827125631565,16344.0,3.3131913648618,0.3706036396187161,0.6041721595307636,0.2958720722276797,0.2991603853868929,0.7689204084478931,0.1667679733327741,0.2564182486389244,0.1574680508843591,0.240234279333922,0.9562077437173132,0.8052235623760471,20.00208066206148,0.9630792401936792,0.0522567620144779,0.169108667269985,0.2929048037118742,0.3311299202113106,0.5710276913280995,0.3249958312489578,0.5629092919712759,4.04366975213005,0.3477706623919903,0.3539015753487421,0.99583,0.0384420211796429,0.0434521779223052,0.352,0.4305539028297089,0.1025538376422046,0.2355,0.4244170294739052,8.0,3.0,2000.0,0.981583971216556,0.264577502433437,0.3467384510586599,,0.5615,0.737253637000286,39,0.0,True
openml_46561_EDA-Home-Mortgage-NY-Samp,real_openml_multiclass,real_openml,16.0825,6,100,8793,35172,0.0,0.0,,0.0,0.0,False,1997,0.9961157674078126,1.6735596244819817,24.1118556575466,40.35262809980743,16.088183421516757,0.6995045053073692,0.9726644714286248,0.2661200981588488,0.5789540466746024,0.3558370098049286,1.984703666164156,0.0592770305972648,0.1094379314907159,0.0586636054845853,0.1075238846453859,1.0098530716005816,1.2656384493022013,37.86116664285394,0.9171998244834312,0.1812281916589839,,,0.4828164060772823,0.3967441938971528,0.2273918378017534,0.2258513415562942,2.631787608605992,0.9691441693285544,729555.5163899934,0.9935173165356448,0.0524205628655332,0.1043843235837792,0.4832248372558838,0.428726121731018,0.1898794094694055,0.357035553329995,0.4792454252186899,100.0,6.0,1997.0,0.8832418282056709,2.18241885099214,729551.7772137825,,0.6044066099148723,2.017911456144829e-07,23,0.0,True
openml_46566_Apple_Stock_Price_Trends,real_openml_multiclass,real_openml,1.2208,3,22,504,2012,0.0,0.0,,0.0,0.0,False,2012,0.0942579724542827,0.5874638177375371,0.0370464274657906,0.0217634357125901,1.2199036918138042,3.507288481868497,0.2725540699090345,0.006860120094704,0.1784697475049401,0.0718843672355075,1.5786816870259317,0.3944631130413024,0.4105532479700284,0.3946592657578817,0.4107574017482332,1.0004972650422674,2.66878961575389,90.71519918740417,0.9911804469361216,0.0063216462801668,0.3898595813487906,0.0682544669523141,0.9928211075319971,0.0012661288089393,0.9371275546582334,0.0064776136527495,5.0685675538842965,0.2699511841677405,0.0720579866296998,0.9992319937235434,0.017402615010133,0.0059304315614497,,,,,,22.0,3.0,2012.0,0.0842088893344819,0.0688702638018035,0.055496239225239,,,0.931986338538368,45,0.23531276907895293,False
openml_46569_Corporate_Credit_Rating,real_openml_multiclass,real_openml,671.0,10,45,406,1623,0.0,0.0,,0.0,0.0,False,1623,1.044534034592164,3.532508388577415,10.982984319528512,38.79748424034868,268.0,2.280481960821385,1.4591824300894651,0.1468110396209259,0.2446958597559492,0.142832793693176,2.2959116532406125,0.0512991988463756,0.1472683820679967,0.0513308259726681,0.1473591763849314,1.000616522811345,1.0463001921797417,29.336423138624827,0.9828622403575412,0.0254692829436481,,,0.3710230999377588,0.4183626619098103,0.1487143070949373,0.2856428925981985,4.498132142225721,1.4117151922654418,0.7560839681402285,0.9989548727492086,0.0782614718362777,0.0715021675313851,0.7960566851509551,0.5564647923024842,0.1679435585315264,0.6401725200246458,0.4800975751717725,45.0,9.0,1623.0,1.354747628232264,0.6218169589330071,0.3782294043263506,,0.8416512630930376,0.5051477329526617,67,0.7329212045568271,False
openml_46570_Corporate_Credit_Ratings,real_openml_multiclass,real_openml,671.0,10,45,406,1623,0.0,0.0,,0.0,0.0,False,1623,1.044534034592164,3.532508388577415,10.982984319528512,38.79748424034868,268.0,2.280481960821385,1.4591824300894651,0.1468110396209259,0.2446958597559492,0.142832793693176,2.2959116532406125,0.0512991988463756,0.1472683820679967,0.0513308259726681,0.1473591763849314,1.000616522811345,1.0463001921797417,29.336423138624827,0.9828622403575412,0.0254692829436481,,,0.3710230999377588,0.4183626619098103,0.1487143070949373,0.2856428925981985,4.498132142225721,1.4117151922654418,0.7560839681402285,0.9989548727492086,0.0782614718362777,0.0715021675313851,0.7960566851509551,0.5564647923024842,0.1679435585315264,0.6401725200246458,0.4800975751717725,45.0,9.0,1623.0,1.354747628232264,0.6218169589330071,0.3782294043263506,,0.8416512630930376,0.5051477329526617,67,0.7329212045568271,False
openml_46593_HCV_data,real_openml_multiclass,real_openml,76.1429,5,11,123,492,0.0,0.0,,0.0,0.0,False,492,1.665707140013084,0.4655058763130522,1.9817433151288828,0.9225131585366038,71.0,2.806246756832223,0.001260845277919,0.8104375163429021,0.547513725337029,0.2066427100690463,0.8190741307568706,0.1476077113482231,0.1253639962101836,0.14790833805158,0.1256193200313856,1.0020366598778,0.6411489278011628,5.811522674670127,0.806675931734424,0.1080720551468659,0.0003441075219002,0.0005932527336978,0.3716743207086975,0.2053548588072487,0.0,0.0,3.484381210225904,0.0646836655276803,2.7711357417045464,0.8606856038072576,0.14093967736319,0.06527107270817,0.1605691056910569,0.3489486423066133,0.097171618698476,0.0934959349593495,0.2914224786855642,11.0,5.0,492.0,1.3781874645666885,1.3271887466037662,1.8245505987965704,,0.2804878048780488,0.1593957233086103,136,0.0,True
openml_46597_Estimation_of_Obesity_Lev,real_openml_multiclass,real_openml,1.2904,7,8,423,1688,0.0,0.0,,0.0,0.0,False,1688,0.0825651724653286,1.1964202901606502,8.004886111175345,9.577208163835364,1.288990825688073,2.952483163749196,0.6122815314641001,0.0013419871408794,0.3764273653236745,0.3517651405784112,2.802553972773211,0.1226814119395008,0.1069966312036472,0.1227541335826184,0.1070600554070873,1.0005927682276217,0.4571308853668854,5.511355497391431,0.806685800374969,0.2739479223700423,0.1030335184846755,0.1686382433334093,0.3138501916181468,0.3402572348814153,0.1771575095867157,0.2957070758986273,5.2465317472221376,0.6019154095932633,21.70103905691741,0.989984010354664,0.5085053893002697,0.3863326629690137,0.2790284360189573,0.309417688160627,0.174057764939166,0.1510663507109004,0.3582196646444039,8.0,7.0,1688.0,0.0737146608840656,1.4688789388178851,20.964756734894213,,0.4212085308056872,0.0247517463563047,61,1.6585434469426672,True
openml_46600_maternal_health_risk,real_openml_multiclass,real_openml,1.4926,3,6,203,811,0.0,0.0,,0.0,0.0,False,811,0.1631352444738962,0.662155986724481,0.7012259651455331,0.4643209708677669,1.4976958525345625,2.3605268353592312,0.8139365192796628,0.0198346958335682,0.4675330544803938,0.3084609632287011,1.5656836738340123,0.2903801424600897,0.2115690080350366,0.290738636463126,0.2118302043412521,1.0012345679012316,0.8708944408099427,8.615783018156707,0.8583633379267795,0.1252478160772655,0.1730709967159583,0.1913613713857819,0.8662963285076173,0.1145798222270883,0.7939715592442119,0.1477367710785282,3.744487771917418,0.7641594436093216,0.9535311202258768,0.9919981268653426,0.1817227372758257,0.1108392965238733,0.4895191122071516,,,0.1664611590628853,0.3727239463144081,6.0,3.0,811.0,0.0986211776247653,0.5323224798995118,0.8871949366799037,,0.2256473489519112,0.4969229916183327,77,1.5954243625842561,True
openml_46601_Cirrhosis_Patient_Surviva,real_openml_multiclass,real_openml,9.28,3,11,84,334,0.0,0.0,,0.0,0.0,False,334,0.6153550503576333,0.5190064318966221,0.7221858964308785,0.3748191252726537,9.25,2.4133905935587303,0.2906855572471093,0.2246352199739322,0.4601111490666505,0.1793449741934888,1.2454035498307443,0.1570033830226551,0.1012101977882052,0.1574748646533536,0.1015141323160976,1.0030030030030026,0.6197394200955162,13.284018957851304,0.9198250440557092,0.0508236777978671,0.0106788036270912,0.0166823082721073,0.6395731959285993,0.2652751730608775,0.2887941601597865,0.4532519567102829,3.565042127995467,0.2912748986338092,0.650482437150435,0.9868765463085803,0.0937520153940061,0.0650870907711444,0.5119760479041916,0.4742023514259943,0.0927417743865845,0.3832335329341317,0.4869038906725283,11.0,3.0,334.0,0.5661142036647858,0.4555691587593301,0.5255146923646582,,0.7155688622754491,0.5826980098389581,96,1.2490752604398012,False
openml_46603_regensburg_pediatric_appe,real_openml_multiclass,real_openml,483.0,5,15,157,625,0.0,0.0,,0.0,0.0,False,625,1.2268046299227926,0.7391389347374632,1.4098832731597135,1.0420996206274389,386.0,2.862655070299154,0.3113401765450396,0.426379840062108,0.2602591348494347,0.2896984343374023,1.1586605800978758,0.1880712255959271,0.2056813336756816,0.1883726217907922,0.2060109511975975,1.0016025641025634,1.0783359492836713,10.62772094216858,0.9146316817386532,0.1059807748247623,,,0.2540436939538545,0.3988913116062446,0.1036067700106011,0.2257242680296388,3.9122931622828983,0.43903450778771,0.9322318356446856,0.9917568,0.109022488114131,0.1390984154640911,0.4352,0.4736761692828889,0.0756955708036901,0.3152,0.4649676029519388,15.0,5.0,625.0,1.1857712741156383,0.5227148176629316,0.8742545324680726,,0.8016,0.5039286932445802,96,1.8958158185326635,False
openml_46614_Ecoli,real_openml_multiclass,real_openml,71.5,8,7,68,268,0.0,0.0,,0.0,0.0,False,268,1.0806217528297286,1.3904436092650676,10.902902309432294,15.15987083859148,57.0,1.8760972985523647,1.198177166692035,0.1985069924403615,0.6066966620817651,0.29676232184491,2.204186171006015,0.1839227822713188,0.1878720737950331,0.1846116316431214,0.1885757145208574,1.0037453183520586,0.6896681683818878,4.522498223230299,0.4253396556567043,0.1439945335348072,,,0.173975762743428,0.2191643243541347,0.0477094571065105,0.1456477552395104,3.592901040155982,0.94093515131395,10.198296920814863,0.963786478057474,0.4873824294023988,0.3354427710389691,0.291044776119403,0.4049943029661157,0.135645122239318,0.2164179104477611,0.4125728227356194,7.0,8.0,268.0,1.1833556660845432,3.1049731324687806,4.0802442601354825,,0.4365671641791044,0.0058419336266726,82,0.0,False
openml_46617_mice,real_openml_multiclass,real_openml,1.4286,8,77,219,876,0.0,0.0,,0.0,0.0,False,876,0.1015917600972008,0.5708674660571316,3.955871654549119,2.258278427479688,1.4285714285714286,3.1484976194173524,0.0824045497707889,0.0016544552115339,0.854391350645412,0.0876917817909108,2.9921995266478616,0.2562208394522557,0.1946925872688852,0.2565136632687726,0.1949150930829068,1.0011428571428571,2.826821358145944,9.218007113635696,0.7940601503734115,0.1384159529873883,4.1857298217181294e-14,1.7843087247523285e-13,0.2556023048839419,0.3094884569619223,0.0,0.0,5.81609341233391,0.207224594457433,63.29492461050945,0.989234742811868,0.3246037337313033,0.1996839262550868,0.091324200913242,0.2890928555785418,0.0651922830126469,0.0045662100456621,0.0674577976839052,77.0,8.0,876.0,0.1201678246613445,5.156031151965827,46.1595308626954,,0.3881278538812785,1.0733383979270894e-05,48,0.055985147813252964,False
openml_46652_news_channel,real_openml_multiclass,real_openml,3.9426,6,16,4057,16227,0.0,0.0,,0.0,0.0,False,1997,0.4413014312107101,0.4982280112584995,0.2518604063147149,0.125483909352938,3.941626794258373,3.0475768544187423,0.9631574147496436,0.043493509882141,0.3059212115107758,0.1596431124089849,2.4241717016264275,0.2121179059705588,0.2121447370687933,0.1212173794333131,0.1804451416531374,0.8006825035195078,0.9610425670756896,34.8687890793536,0.9477510825081036,0.0425147408372892,0.0508628208513724,0.0664096884915849,0.9759613318852572,0.0137016003123316,0.8959252943034046,0.0463060078338579,5.402225874999104,0.9449253600963794,0.6992044463779726,0.9990626901794856,0.0695226810460653,0.0366155822529368,0.7886830245368052,,,0.6499749624436655,0.4770969423070941,16.0,6.0,1997.0,0.475067815101843,0.5698826316196152,0.2827350209883331,,0.944416624937406,0.5328044126640891,107,1.2161218803587783,False
openml_46701_social_bias_frames,real_openml_multiclass,real_openml,29.8036,4,4,29428,117711,0.0,0.0,,0.0,0.0,False,1998,0.8168526421937645,1.1713528888352625,4.067199427883093,4.764125799319988,29.80371485943775,2.2940182416144896,1.4485796939564517,0.2500303234760008,0.3444123153078127,0.5013336332912159,1.4276678794818352,0.054480829862748,0.0619210990928858,0.0546495470898016,0.0612111099630744,1.0100387543079912,0.1584484117632584,5.522225254571212,0.7758102543264236,0.4168930462607456,0.4605698877881874,0.1234477652251325,0.8542258046955196,0.1598239807985173,0.8316705913179793,0.1611817386455576,3.4631548563131584,1.619537646625138,5.700522725877975,0.9780984688392096,0.2585312647831658,0.4619962887422393,0.2117117117117117,,,0.1441441441441441,0.3513237621083667,4.0,4.0,1998.0,0.9254147147495522,0.8585303525450074,5.692517682834329,1.062148853053417,0.0925925925925925,0.1482332740233329,80,0.0,True
openml_46720_OSMI_Mental_Health_in_Tec,real_openml_multiclass,real_openml,2.2733,3,5,287,1146,0.0,0.0,,0.0,0.0,False,1146,0.4147266679554375,0.6235593380514239,0.1734241133688823,0.1081402253344553,2.278195488721805,1.245647427284813,1.162946224943783,0.1372939870672711,0.1885121503679567,0.2294660741342819,1.468735698251574,0.0892459451970772,0.0780965718086876,0.0893238892540181,0.0781647784216211,1.0008733624454185,0.2595911835809827,55.53262411628171,0.9689622178604492,0.0295392333972824,0.6616501946690626,0.1554793026309944,0.9961000164746344,0.0006130690371259,0.9961000164746344,0.0006130690371259,2.68793496606933,1.1655845938755298,0.140991383160002,0.9997281690012152,0.0264481594670573,0.0225004952205968,0.6404886561954625,,,0.5575916230366492,0.4968889702973166,5.0,3.0,1146.0,0.3115978915960198,0.123728340851302,0.1403015756292238,1.1024372638286015,0.1771378708551483,0.8763564738777275,13,1.0041670961090696,True
openml_46745_Advanced_IoT_Dataset,real_openml_multiclass,real_openml,1.0,6,12,6000,24000,0.0,0.0,,0.0,0.0,False,1998,0.0,1.0960190881127363,27.143966261691293,29.75030514990177,1.0,3.584955995579937,4.638360521155014e-16,0.0,0.8999331877686638,0.1077353279051284,2.584962500721156,0.329522965631692,0.2690303056338781,0.3389229122351599,0.2798991791640557,1.023739742560432,1.5183020965802347,1.5721843509292934,0.3891537968840472,0.1724342365289745,0.0,0.0,0.0,0.0,0.0,0.0,4.525733131402108,0.3446901393510967,210.2097385434716,0.910326993660327,1.644185364898986,0.3446901393510967,0.0095095095095095,0.0074498629008521,0.0026837369084376,0.0,0.0,12.0,6.0,1998.0,0.0,4.095826315752648,149.42246524683873,357.1827001701334,0.009009009009009,2.25459752989938e-06,74,0.0,True
openml_46752_student_lifestyle_dataset,real_openml_multiclass,real_openml,3.4646,3,7,400,1600,0.0,0.0,,0.0,0.0,False,1600,0.4478603646785458,0.5048960552580456,3.918202050536832,1.978284759020032,3.457983193277311,3.455444291676621,0.002212134400907,0.1388992256343616,0.4771037739990272,0.4650875549637691,1.4310580705885445,0.167544063929544,0.2141348686828846,0.1676488444573296,0.2142687866745558,1.000625390869292,0.7090959255430257,6.697162247630044,0.8547157771337144,0.2111429655797346,0.0997709155910124,0.1023208893594766,0.2592441120988289,0.2524973664749715,0.0,0.0,4.672821101803698,0.3122676144658617,1.876253046427228,0.9922234375,0.2136812604614677,0.3111705927936129,0.2225,0.4008982634723647,0.0894648403598347,0.125,0.3308223120140613,7.0,3.0,1600.0,0.3292476176200944,0.6715624561104065,1.8537850583407207,,0.585625,0.3427117703561754,53,2.419671786393844,False
openml_46760_Indicators_of_Anxiety_or_,real_openml_multiclass,real_openml,1.0,3,5,3219,12873,0.0,0.0,,0.0,0.0,False,1998,0.0,0.6878876451955278,0.4375446772722873,0.3009815777166709,1.0,3.452407646534206,0.2806420529845772,0.0,0.2681578362623716,0.3422385123812081,1.584962500721156,0.4936403943176309,0.3865521367313879,0.5028736475683866,0.3915651955620898,1.023495745335183,1.3982101001845904,9.982712421556206,0.8613897286670937,0.1259438961524403,0.548345647249152,0.1840060809553516,0.975975975975976,0.018858643674295,0.9637137137137136,0.025792777467182,4.878599421044852,0.2234987013465152,0.352511379524707,0.998597446295144,0.1587707262105098,0.1395332510905707,0.6501501501501501,,,0.4904904904904905,0.5000347105224302,5.0,3.0,1998.0,0.0,0.2609444496547361,0.3518266353013587,1.0335726415269384,0.6586586586586587,0.7392336400500713,94,0.0,True
openml_46761_mental_health_detection,real_openml_multiclass,real_openml,157.0,10,15,108,432,0.0,0.0,,0.0,0.0,False,432,1.073724799532131,0.6897405805037249,2.0934574560898893,1.4439425610232914,128.0,1.762061438976424,0.3034341110718545,0.1350543694616,0.2989237303786931,0.1613017865670422,2.4348969144343715,0.551646500638199,0.3670343264766247,0.5529264229134618,0.3678859142410717,1.0023201856148498,2.56840044259496,27.603741670113997,0.9460479792162176,0.0311392276131253,,,0.2706012198703128,0.382666509885381,0.186950545368242,0.3489249627062538,4.108749409002705,0.2692672487332934,1.264692689089253,0.99210176611797,0.0882089444080903,0.0487376662280246,0.7939814814814815,0.6082556720097432,0.3189065791545598,0.7083333333333334,0.4550566625435672,15.0,10.0,432.0,1.5203508826483416,1.0123447000493797,0.4056364984695609,,0.7615740740740741,0.3239044269930499,100,0.0,True
openml_46762_air-quality-and-pollution,real_openml_multiclass,real_openml,4.0,4,9,1000,4000,0.0,0.0,,0.0,0.0,False,2000,0.4472135954999579,0.7155461246605428,6.024272439117435,4.310644797709796,4.0,3.5839147531425337,0.0011862512440773,0.0844686648501361,0.489910383719719,0.4506752075916986,1.846439344671016,0.4948342597491135,0.1448699276693271,0.4890485165865702,0.1431530081407718,0.987679132462682,1.5271773069173185,3.0142830732526926,0.4989495770013363,0.2023172503257111,0.0145031459394214,0.0215051025570922,0.5006706349206349,0.3520151287773482,0.1449444444444444,0.2284907405531316,4.817790745335,0.3279092119202568,13.721333250528444,0.95444025,0.6125633524785499,0.3271552509412435,0.1805,0.3707490844867687,0.0995372846072939,0.0995,0.2994070344633591,9.0,4.0,2000.0,0.4012247182011256,1.1262528377048482,13.481092745271177,1.1992456847854354,0.4565,0.0556297382599938,118,0.0,True
openml_46764_football-player-position,real_openml_multiclass,real_openml,4.5739,4,11,723,2888,0.0,0.0,,0.0,0.0,False,2888,0.5232928202508532,0.6749455327270656,2.2026621999808587,1.486677011983851,4.572463768115942,3.4164737643191514,0.6285603200705346,0.1183170392156607,0.7119792263714567,0.1448792462400095,1.7973831716339717,0.166494747798042,0.17180182600771,0.1665524183029945,0.1718613347801408,1.000346380325598,0.7900183713727035,6.529914949442338,0.7999603613394709,0.1326750776179392,0.0283422568942114,0.0536764479188171,0.637906365747707,0.3441017984072246,0.4348692931468036,0.4377100576600936,4.938603248033731,0.5895405038455805,4.497522997896269,0.9909515494432976,0.2752536879193917,0.1891525669706394,,,,,,11.0,4.0,2888.0,0.4180612160233093,1.5627232483356406,3.113521621218533,,,0.0857875057075419,53,1.280227712328793,True
openml_46806_product_sentiment_machine,real_openml_multiclass,real_openml,31.1031,4,3,1019,4072,0.0,0.0,,0.0,0.0,False,1999,0.9186280498173188,0.716166148440576,1.2716817051614784,0.9107353888278402,30.935897435897434,2.9261976408631827,1.1410032605646894,0.3411520288959768,0.2672941641298588,0.418542566020109,1.3354298389615744,0.0268096723570853,0.0221815449817309,0.0260699920544553,0.021286155639389,0.9788984552967438,0.0630704687332041,5.563170953420896,0.8113414518091323,0.3241752144262722,0.6134076505922234,0.327171670859382,0.8614213515465371,0.1782189736360209,0.8384615598172247,0.2024404085481955,4.021579160234579,1.5204784048761244,1.290450900181558,0.9961341351015678,0.240048319590178,0.379520607857002,0.3371685842921461,0.3599747296065813,0.2265715913174125,0.2341170585292646,0.4235516548290899,3.0,4.0,1999.0,0.8992778934089672,0.5646942696750343,1.2888549662027715,,0.3386693346673337,0.4362034052457818,85,0.0,True
openml_46807_melbourne_airbnb,real_openml_multiclass,real_openml,3.8335,10,49,3664,14652,0.0,0.0,,0.0,0.0,False,1996,0.3295381308508179,1.2213890347807752,46.65913227737892,56.98895253597635,3.832137733142037,1.487454314710118,1.269215782452446,0.0138822032740956,0.2482510624706467,0.1961092636886296,3.248491743906833,,,0.0697021503166691,0.1405230799230171,0.9974465520238042,1.1466145204909526,27.727312307021208,,,,,0.0,0.0,0.0,0.0,4.618787507224134,1.197366748590274,1.4437254766408012,0.9992901634933192,0.117158551392817,0.3801431599996247,0.8587174348697395,0.5575605400517996,0.1110479457966772,0.7695390781563126,0.4212334055257,49.0,10.0,1996.0,0.3645069611740364,0.8623280565962165,1.058622160731407,,0.9443887775551102,0.3369923107045219,91,1.3290291548058584,False
openml_46825_SOCC,real_openml_multiclass,real_openml,118.4286,4,4,209,834,0.0,0.0,,0.0,0.0,False,834,1.2808292440372824,0.7189273025454611,0.206297996419805,0.1483132620866236,110.5,1.1153815666646991,1.438310627306761,0.6760400812311846,0.0654088918635146,0.0749847080900977,0.9068344570871364,,,0.0179314593187683,0.0252004230098321,0.7509003601440604,0.5039877184849487,50.76949616428836,,,,,0.8421697418709077,0.164080869864136,0.8312349956119737,0.1684611080776946,2.004354226302583,1.40981119276917,0.0246155651299076,0.9979987233234996,0.0178617974492528,0.0306190676132647,0.4040767386091127,,,0.2865707434052758,0.4524305340564731,4.0,4.0,834.0,1.3147325159887395,0.0240803822991531,0.0233761963129341,,0.1474820143884892,0.9759480542090294,133,0.8172059855912199,False
openml_46827_QSAR_Bioconcentration_cla,real_openml_multiclass,real_openml,7.1875,3,9,156,623,0.0,0.0,,0.0,0.0,False,623,0.6233098415875875,0.3953400533984604,0.1953555359793625,0.077231868025766,7.215686274509804,2.3080176965365444,0.8719499912508102,0.2571210895571291,0.3107206700956967,0.1359704867247199,1.2716288634064865,0.2386316010626485,0.1658237093858597,0.239015253154389,0.166090306989374,1.0016077170418,0.8692134572862837,25.885063273577725,0.9658780005065832,0.037547989408423,0.0776934763921315,0.0179415156685702,0.928232862649541,0.0526476089200635,0.8079002969358157,0.1509032144595263,3.530520589109322,0.845538381116863,0.2466447454847138,0.9955994012300036,0.0491259708337088,0.035146476624083,0.5842696629213483,,,0.391653290529695,0.488512074366495,9.0,3.0,623.0,0.5120836274061064,0.2115826429095947,0.1983800849778705,1.0908890043319486,0.6099518459069021,0.7960392316963998,71,1.8897334927463256,False
openml_46828_Cervical_Cancer_Risk_Fact,real_openml_multiclass,real_openml,75.6,5,30,172,686,0.0,0.0,,0.0,0.0,False,686,1.703572162953807,0.3803405346912204,0.2080230313906491,0.079119590987208,75.5,0.6392356960411506,0.8933180365278055,0.833130928368412,0.2631503480810293,0.0906053832447326,0.7318105057045978,,,0.0797599630533171,0.16654314437895,0.9013138686131364,1.0556565401142992,71.80532742114131,,,,,0.8299074466712728,0.1047724844034523,0.4642887724909301,0.2618408020144745,1.360854611065958,0.8837672504827391,0.3365419196194475,0.9837291434691328,0.0101915906797903,0.0107859387394553,0.2798833819241982,,,0.19533527696793,0.39674786140248,30.0,5.0,686.0,1.287111031044141,0.3016204291994421,0.1708752120302185,,0.3236151603498542,0.7273771898128334,133,0.8172059855912198,True
openml_46850_hepatitis_c_virus_hcv_for,real_openml_multiclass,real_openml,1.0904,4,28,277,1108,0.0,0.0,,0.0,0.0,False,1108,0.0372558979071304,0.3590136462212808,0.0256830319542546,0.0092205589479146,1.0943396226415094,2.5914449756550537,1.0375181017218582,0.0006171487105538,0.1640757482632251,0.0260755039089626,1.998999332858041,0.0268336118774126,0.0394838850119916,0.0268578518158746,0.0395195524781271,1.0009033423667593,0.2526107875407936,153.73761406323175,0.9970607546946952,0.0026515077163916,0.3304355118203079,0.3124945234539092,0.9853347517224402,0.0057390389052842,0.9372470286314996,0.012861074176564,4.5774416393547455,1.0309828605711238,0.0845989746285491,0.998809934965919,0.0130026691583483,0.0077833483615868,0.8772563176895307,0.5245632672301662,0.0359783255340911,0.7707581227436823,0.4205349576031713,28.0,4.0,1108.0,0.0275887345531751,0.0821224173126243,0.0382025667679026,1.0391437950313056,1.0,0.9200312217745164,104,1.5266001137518668,True
openml_46863_Fetal_cardiotocography_da,real_openml_multiclass,real_openml,10.9245,10,36,426,1700,0.0,0.0,,0.0,0.0,False,1700,0.7781221295162518,2.347281065980777,113.0965400810402,265.46936716016165,11.023809523809524,1.951745921864855,1.4209880290948986,0.0764071326153257,0.9999999999999998,2.6331251014325263e-16,2.9138699232658443,,,0.1659816088045333,0.1694708346983657,0.972794454254136,1.4324449799614738,7.253291422565999,,,,,0.0,0.0,0.0,0.0,4.46388513371872,1.3864880810972255,inf,0.9211010380622836,0.401730711411979,0.2731275267357392,0.0105882352941176,0.1685380275249216,0.0869375721929577,0.0,0.0,36.0,10.0,1700.0,0.6828737680831214,8.999999999999998,inf,,0.1141176470588235,0.0,86,0.0,True
openml_46900_TESTFORDESCRIPTION-anneal,real_openml_multiclass,real_openml,85.5,5,38,180,718,0.0,0.0,,0.0,0.0,False,718,1.414596194620986,1.2091445620808543,13.36958204852954,16.165757431273303,91.16666666666669,0.4950574019235328,0.7461082258427318,0.6386093133700226,0.7503344476596869,0.1606912558827575,1.187764057925177,,,0.0625723919305641,0.1012680910364087,0.8169272553769372,0.8322831149943921,19.671355656965417,,,,,0.1077354854310385,0.1521234088707306,0.0,0.0,1.6224410733294612,0.6713569718564382,27.277456596056663,0.9729343347739388,0.0603803865192484,0.1047408304146574,0.0974930362116991,0.165703886980554,0.143763820224587,0.0278551532033426,0.1646724356662251,38.0,5.0,718.0,1.613883494296594,2.329472172530604,24.68812167454614,,0.1963788300835654,0.0061379823649776,34,0.9018170256703378,False
openml_46936_internet_firewall,real_openml_multiclass,real_openml,697.037,4,11,13107,52425,0.0,0.0,,0.0,0.0,False,1999,0.8262517356318277,0.4413031274576822,2.4570165809297184,1.084289101379666,700.2790697674419,2.5077073917301878,0.6500358447123666,0.2946460160030162,0.537579799368835,0.399440444188222,1.417111569661892,0.3053097813591732,0.3916660765942467,0.0351002780723104,0.0820945481156771,0.3986703970298108,0.5474006092767861,1.8166002632048857,0.8743132455753226,0.2065137308353457,,,0.1824557370429103,0.1843032026353802,0.0,0.0,3.144729032768049,0.6890445742316099,3.878424649881961,0.843653192278981,0.7800899286240291,0.2748294381238845,0.0340170085042521,0.0850346960039352,0.1221303135020983,0.0150075037518759,0.121612816433313,11.0,4.0,1999.0,1.2251707935022762,1.1860814589748794,3.151251141413035,,0.0435217608804402,0.138945499685856,47,0.0,True
openml_46943_MIC,real_openml_multiclass,real_openml,119.0,8,119,340,1359,0.0,0.0,,0.0,0.0,False,1359,2.167391103921394,1.1935997251755035,1.95418266784527,2.332511895282847,114.2,0.7654628623113886,0.8378875711746125,0.7894801648852782,0.567928466124133,0.2508127709542755,1.0196281527024011,0.0940195102528467,0.2003326735802245,0.0940887440601022,0.2004801939584132,1.0007363770250377,2.4157139246853383,37.29360516198232,0.9518048855536948,0.1123856601320584,,,0.5274698643356956,0.334471316113443,0.0307062690726191,0.1086296975961307,1.7577504522477685,0.8253919858384609,1403948.4689965893,0.9632937909914066,0.0273405627660215,0.0359437471700967,,,,,,119.0,8.0,1359.0,1.7233313058517126,2.635241474881344,1403945.062499688,,,7.664629980118117e-08,132,0.0,True
openml_46944_Mobile_Price,real_openml_multiclass,real_openml,1.0,4,20,400,1600,0.0,0.0,,0.0,0.0,False,1600,0.0,1.0160916198681371,8.11532368411275,8.245912387944383,1.0,2.6168017943284805,1.1186642443203805,0.0,0.4219298020601367,0.4662103017465802,2.0,0.0309889293310731,0.0803271096111802,0.031008309524526,0.0803773454520875,1.000625390869294,0.3843964150966182,27.9750304433092,0.9504791807565256,0.1872232906568575,0.3110008702469717,0.2336837779333827,0.4377083333333333,0.3993106690493839,0.39125,0.4296728406590298,4.545309468196685,1.0936422685594855,11.450626615663923,0.998889453125,0.0714923261317966,0.259723158410109,0.748125,0.506856939348774,0.051083900768694,0.5675,0.4955776914674177,20.0,4.0,1600.0,0.0,0.9687783645087932,11.39971388259163,1.0268180250979486,0.994375,0.0767014761228465,128,0.0,True
openml_46955_SDSS17,real_openml_multiclass,real_openml,3.4024,3,11,15611,62442,0.0,0.0,,0.0,0.0,False,1999,0.5881718178072836,0.2540918237416174,2.6634975949414046,0.6767729614300733,3.4024117909781157,3.492325861031308,0.3071840772467784,0.2686720694828967,0.6589858789281033,0.2348564292973508,1.3524566287001756,0.2563573511442204,0.3033120148053312,0.0831073729123482,0.1650132240581052,0.7375985867846004,0.7708743247928369,7.30116678325461,0.8916415725565677,0.1745003904717424,0.0198190138703623,0.0335906679908462,0.3263242528088456,0.4827425793932023,0.262779890156316,0.455148120958108,4.659544065675473,0.3767581502151959,2.452943784257249,0.9961478988618871,0.1852384240560105,0.2902414801969859,0.3501750875437719,0.4153632825901581,0.1025787478517335,0.1995997998999499,0.3997995492738324,11.0,3.0,1999.0,0.3826253792391892,0.9236823196355912,2.131996585796664,,0.6273136568284142,0.241709245054828,121,0.8730904213101054,False
openml_46960_students_dropout_and_acad,real_openml_multiclass,real_openml,2.7821,3,36,885,3539,0.0,0.0,,0.0,0.0,False,1998,0.3925861666326484,0.5797565975452206,0.8568734028939011,0.4967780085887631,2.7826771653543307,1.8681535914256933,1.2419923291435575,0.1122915715025858,0.5763390090105618,0.3026031119006552,1.4709755062710426,0.1019979278701841,0.1598098136347111,0.1008476390081902,0.1576875160311132,0.993978971439102,1.1242337480295133,20.7621607529176,0.9405346922781024,0.1040453370557399,0.0192430034303009,0.0160312689557781,0.988148619804782,0.0034741912462429,0.9494289517231456,0.0141675430814175,3.2682802335646954,1.2002641696635994,1.814930622096308,0.9976159843527213,0.0708488641320404,0.1103928581227757,0.5165165165165165,0.4674967698049589,0.0999230752763859,0.3713713713713714,0.4832924358906364,36.0,3.0,1998.0,0.2605975308667292,0.7559019499465132,1.6637728649479522,1.1234665881356,0.7572572572572572,0.3261128899297921,28,2.0746791513731737,False
openml_46963_website_phishing,real_openml_multiclass,real_openml,6.8155,3,9,271,1082,0.0,0.0,,0.0,0.0,False,1082,0.5640828202315699,0.7851103251742658,0.9785815808557564,0.7682945031552101,6.853658536585366,1.3045906318812062,0.3475422363355184,0.1860625493884644,0.4931797305954512,0.3692774427593194,1.3010896004181671,0.0923444692448684,0.1067307308116039,0.0924298942857978,0.1068294641426044,1.000925069380201,0.420415561436383,9.486544892892091,0.9021689630528472,0.1566115691926007,0.4166666666666667,0.1443375672974064,0.8156681000159262,0.1241231600190456,0.8022822105430801,0.1254284660059547,2.4685291815102683,0.3372096264880127,1.3769198340465008,0.9909970240637418,0.1371510507891049,0.1402602020438058,0.2754158964879852,,,0.1469500924214417,0.3542198830338744,9.0,3.0,1082.0,0.5235159221669031,0.6228183230712661,1.3200023146008162,1.1586013659988774,0.1580406654343807,0.4078218449380489,115,1.9633695570465814,False
openml_469_analcatdata_dmft,real_openml_multiclass,real_openml,1.2602,6,4,160,637,0.0,0.0,,0.0,0.0,False,637,0.0827272347017607,0.5867103844263339,0.1021966575047956,0.059959840211725,1.2653061224489797,1.9564470062672228,0.8829646680223656,0.0016725910158595,0.1588707197294546,0.0731118589126202,2.580167665496701,0.1677626818741977,0.2167423175172532,0.1680264596758864,0.2170831073246694,1.001572327044025,0.5196298197344871,56.08761912727704,0.970926090738276,0.015979589794335,0.9444444444444444,0.0813250060790444,0.9944419125766304,0.0108800612763644,0.9944419125766304,0.0108800612763644,4.490612225847266,0.8530345813067179,0.1222572251944769,0.9996032225231596,0.0460024459166584,0.0334420056728592,0.8414442700156985,,,0.8461538461538461,0.3610847496363316,4.0,6.0,637.0,0.0736418276505296,0.1169956540903963,0.0624668126728387,1.0231329033431429,0.2621664050235479,0.8872917701559361,49,1.6333172303847117,False
openml_46_splice,real_openml_multiclass,real_openml,2.1578,3,60,638,2552,0.0,0.0,,0.0,0.0,False,2552,0.3934528327918877,0.1859660855281807,1.7390665822209483,0.3234074047685019,2.1563517915309447,1.9742861643225116,0.0585054955765918,0.1237390448847981,0.6623239224322635,0.0398269834381241,1.4801702169281388,0.0244980142572207,0.0204767330990913,0.0245076175556359,0.0204847600426817,1.0003920031360256,0.2473877485768982,26.59414608256885,0.9785984328411302,0.0539770129945582,0.4166666666666667,0.1443375672974064,0.7724948428425602,0.0823653442966782,0.6973048319847969,0.12339304337481,3.398798635657596,0.1475660063963596,1.5839003526602191,0.9984783586049666,0.0556577455930542,0.0920006854487391,,,,,,60.0,3.0,2552.0,0.3078147238764248,0.8789321450618985,0.9112079997879776,1.1499238942962955,,0.3128066476809175,115,0.9806404628949217,True
openml_47155_waveform,real_openml_multiclass,real_openml,1.0581,3,21,160,640,0.0,0.0,,0.0,0.0,False,640,0.0254836037973438,0.2666691567389427,1.8174986033855456,0.4846708199390296,1.0631067961165048,2.999998658172793,6.149024747554408e-06,0.000484268420027,0.6785732960589863,0.0028893962462046,1.584492255334028,0.3068280209841361,0.2194805055063198,0.3073081900310596,0.2198239804758133,1.0015649452269169,1.73007131901003,6.759523776956019,0.7616247801891097,0.1233573388913234,0.0011226157658022,0.0008840830468357,0.7423013658762102,0.0717022988991376,0.1598933767055209,0.1384945250979459,4.350082054596413,0.1248070610984476,1.706999793277539,0.99,0.2344088589104074,0.1248061433046358,0.3546875,0.4749880218489649,0.0381500857103343,0.2640625,0.4411775349798446,21.0,3.0,640.0,0.017486042646739,0.9209317848593812,0.863025500759274,1.1022572387611524,0.9890625,0.2910893648004663,70,2.0523289894218153,False
openml_47171_Uber_Ride_Analytics,real_openml_multiclass,real_openml,10.3333,5,10,30000,120000,0.0,0.0,,0.0,0.0,False,2000,1.072846680565308,1.1606615952236767,2.117336956378872,2.457511689416746,10.333333333333334,1.725153721304277,1.5209645077663243,0.3948075155287893,0.2441128513569318,0.2029312567372615,1.6535405379439116,,,0.0143415019040521,0.0281610544519152,0.5824970723191949,0.5125516845967847,3.7287594478885753,,,,,0.2081369138959931,0.2353820772894676,0.1002,0.2326894926721015,2.9352383160442805,1.165852093587756,0.4399323288117002,0.970256,0.443455943203908,0.407753640590355,0.187,,,0.1295,0.3358364826392984,10.0,5.0,2000.0,0.7955810316087248,0.361907621673339,0.2866518835340766,,0.1035,0.6716716731368049,129,1.522430724704851,False
openml_473_cjs,real_openml_multiclass,real_openml,2.4818,6,8,560,2236,0.0,0.0,,0.0,0.0,False,2236,0.2971662314469159,1.3049757068587309,61.722312025827954,80.54611776485999,2.4840182648401825,2.7013062727100685,0.6827687723745861,0.0210390879394815,0.35153795964995,0.3787004519702319,2.520411882179175,0.2851610084853063,0.3009628572405009,0.2852885973034192,0.3010975162370274,1.00044742729306,1.1621065393387695,5.17396965114525,0.805370252043023,0.3184492237144152,0.0,0.0,0.0,0.0,0.0,0.0,4.734585053592198,0.4851557447158636,28.49731567392678,0.9883792934610424,0.4871331012970448,0.7552384395451577,,,,,,8.0,6.0,2236.0,0.2440551521998444,1.191550814664081,28.238755337713847,1.3506051586322765,,0.0268690290067112,125,0.0,True
openml_474_analcatdata_marketing,real_openml_multiclass,real_openml,101.5,6,32,73,291,0.0,0.0,,0.0,0.0,False,291,1.1933110299020138,0.8840196196290061,1.6680398716256088,1.474579972840487,81.0,1.6783000833604371,0.3108081415795601,0.3439300137816564,0.4197340077772891,0.1450173761585825,1.6455224903918466,0.1168124864348091,0.1086755346747384,0.1172152881121706,0.1090502778977548,1.003448275862069,0.9052276822054603,30.713055925248288,0.958344158241466,0.0503155104047941,0.0032788661751717,0.0081724092346959,0.5759864354596906,0.3147711259607184,0.1435646221662015,0.3028311994943642,3.270245277686505,0.3050861572902025,1.409621449037919,0.9923477521521948,0.0535772960657787,0.0346031454153626,0.6529209621993127,0.5057760706645525,0.0506221895127995,0.5051546391752577,0.500834710297468,32.0,6.0,291.0,1.409437032219525,0.965003343975606,0.8107329159126929,,0.993127147766323,0.3167232523588991,96,1.4827660634097355,False
openml_475_analcatdata_germangss,real_openml_multiclass,real_openml,1.0,4,5,80,320,0.0,0.0,,0.0,0.0,False,320,0.0,0.5959763862448509,0.2843237738223355,0.1694502552461338,1.0,1.8373693975131808,0.7704054742205111,0.0,0.1953682594378119,0.2276755544447954,2.0,0.058464664969151,0.0575806743504097,0.0586479397809665,0.0577611780317589,1.0031347962382435,0.179475613376954,31.119107950712817,0.9602032276480822,0.0824844817977958,0.3247201812481582,0.175015939341485,0.9010416666666666,0.0680552012462432,0.9010416666666666,0.0680552012462432,3.7731002030630174,0.7094859707927169,0.2737685770973058,0.997470703125,0.0642691944501638,0.1334754458344527,0.96875,0.8956867342973659,0.1444732260288337,0.975,0.1563694684339216,5.0,4.0,320.0,0.0,0.2181785865707705,0.265085204256837,1.3757608054429722,0.8,0.7836437915316273,65,1.092044442941423,False
openml_488_colleges_aaup,real_openml_multiclass,real_openml,617.0,4,14,233,928,0.0,0.0,,0.0,0.0,False,928,0.7865109722772372,0.5247441917320179,2.940930361839298,1.5432361256635134,493.0,3.166853621329516,0.0070545756744727,0.248484682466916,0.4302382043199972,0.3825496559733944,1.434708717652421,0.5629356531391564,0.3260537505796955,0.5635429192158976,0.3264054806234708,1.0010787486515642,2.4333732517116022,3.656928922176735,0.6258087517285027,0.1795862285826487,0.0005403203179487,0.0009859988033185,0.3198183684508103,0.4254085902037536,0.2146619116107507,0.3388137774024033,4.209236223767635,0.2158002683595458,2.477465330181301,0.9900973543400712,0.3923261152143014,0.2176904908501548,0.3642241379310345,0.4271801541549163,0.1050357122309543,0.2435344827586207,0.4294463545187465,14.0,4.0,928.0,1.1814481167869997,0.8480032159402119,2.301871646711917,,0.6045258620689655,0.2574135514568589,148,1.5118393666746257,False
openml_54_vehicle,real_openml_multiclass,real_openml,1.0955,4,18,170,676,0.0,0.0,,0.0,0.0,False,676,0.0352555481887958,0.5748042923458149,0.754190817425052,0.4335121191037187,1.0943396226415094,2.9330501704658314,0.1351813419666068,0.0005460721042767,0.6734036141902636,0.269115890842766,1.9990928967963064,0.4061152993244932,0.3414857873705343,0.4067169516197885,0.3419916922407127,1.0014814814814803,2.251449784310543,8.133142575804214,0.8809034388299928,0.0769648243497051,0.0211116831845342,0.0516100078785464,0.756917655402683,0.147527313579022,0.1590365644564512,0.2577039910086006,4.686347192154337,0.1984206656726634,4.5551326929492335,0.9894217639438396,0.2457958751078003,0.113622682857849,0.4437869822485207,0.443489012785315,0.104359281110247,0.3180473372781065,0.4660628196176309,18.0,4.0,676.0,0.0336441530059816,1.5052640082217197,2.371027161907548,,0.7307692307692307,0.0849424423432484,46,0.03986383549792058,False
openml_57_hypothyroid,real_openml_multiclass,real_openml,1740.5,4,29,755,3017,0.0,0.0,,0.0,0.0,False,1999,1.5553529555216226,0.546371077982954,2.944673880065629,1.6088846421597056,1392.0,0.9637812093652148,1.3390943528524604,0.8894503363007629,0.3381946656053528,0.2868116898998379,0.4688483467303989,,,0.0555399703195543,0.1153197660476949,0.9027560950739582,0.7584861834615716,20.986309336826384,,,,,0.1115716766283929,0.2180545378484457,0.0,0.0,1.410288879647675,1.3013137836280109,0.8631813892958239,0.9837827868411444,0.0223406764479389,0.0585175787384671,0.1285642821410705,0.2696271905545095,0.1686799064694852,0.0820410205102551,0.2744958730153543,29.0,4.0,1999.0,1.9427899332505256,0.5076487864581507,0.7961748879557895,,0.1875937968984492,0.5213483065730443,66,1.1383338592900327,False
openml_60_waveform-5000,real_openml_multiclass,real_openml,1.0236,3,40,1000,4000,0.0,0.0,,0.0,0.0,False,2000,0.01097724920005,0.2634670340635101,1.8010802333255482,0.4745252671846968,1.0242057488653555,3.5847208143929263,0.0001525501337769,9.071672357208184e-05,0.682603508143385,0.0090556851557693,1.5848757975004697,0.0939794669951714,0.172290983110913,0.0944767391075329,0.1734152081706658,1.0040190263953823,1.2484987603953923,12.423839688503085,0.871004872490228,0.1527397300325477,0.0001756856399885,0.0001519778733316,0.7713816352022298,0.0822198977136863,0.31350374299774,0.113544860296176,5.042029302813653,0.1465829402295109,1.746241993336402,0.9975705,0.1275673090797445,0.1466767864877558,0.3925,0.4879301790345028,0.0211722485330179,0.288,0.4529443445829131,40.0,3.0,2000.0,0.0101878661928286,0.9319771040929528,0.903784381478685,1.053819878292892,1.0,0.2850918060837459,21,1.6625311983359752,False
openml_679_rmftsa_sleepdata,real_openml_multiclass,real_openml,4.2979,4,2,205,819,0.0,0.0,,0.0,0.0,False,819,0.4349558718215351,0.6250711782798404,0.1078084737508336,0.0673879697159848,4.306666666666667,3.0698472685941898,0.1287860209463274,0.0785151476313218,0.187608091062653,0.1455150793325537,1.8492470158738317,0.4543632410243456,,0.4549186973092154,,1.0012224938875287,0.6433521915117932,12.268741457401331,0.9383457537417548,0.0207226730848707,0.7140044634306745,0.087784446525788,0.9604237669588784,0.0276340536862829,0.9447243900308632,0.0458120247019511,4.7683659459261545,0.1514176638902672,0.0993985260170275,0.9981155732071484,0.1507283385418674,0.0226316429439395,0.6385836385836385,,,0.5482295482295483,0.4979725800879781,2.0,4.0,819.0,0.4555188480150854,0.0915682299775048,0.092170294903944,,0.2564102564102564,0.9090373963647416,49,2.8522628592240453,False
openml_694_diggle_table_a2,real_openml_multiclass,real_openml,2.2778,9,8,62,248,0.0,0.0,,0.0,0.0,False,248,0.2389601998391782,1.5979314888518357,194.70562198327545,311.126244423558,2.2,2.584427810975693,0.0005413885773854,0.0076998609093705,0.532885138436721,0.4079486456299215,3.123385053117474,0.7102259787287475,0.3571347634953259,0.7131013875495116,0.3585806532260762,1.004048582995951,2.249447092785128,2.097233883169467,0.1607133187161,0.2932283648138665,0.0,0.0,0.0,0.0,0.0,0.0,4.218524960544125,0.6245736029016695,38839306.84005929,0.9522957856399584,1.489287903549043,0.6248504101634754,0.0887096774193548,0.1406019845420177,0.0898712045232355,0.0040322580645161,0.0635000635000952,8.0,9.0,248.0,0.3244732676739121,3.436687248432797,38839290.584841415,,0.1491935483870967,1.7601363672528103e-10,24,0.0,True
openml_952_prnn_fglass,real_openml_multiclass,real_openml,8.4444,6,9,43,171,0.0,0.0,,0.0,0.0,False,171,0.7657246611507086,0.6705295951011792,4.13022287936239,2.7694366749764896,8.714285714285714,2.023041060220371,0.6084278709115998,0.1372331877058992,0.5044729215432884,0.2763062521503193,2.1710541960089595,0.2395486765890616,0.1852867256398152,0.2409577864513501,0.1863766475553435,1.005882352941177,0.9091139217727536,5.66776059586832,0.7262420469334843,0.2356487885455625,,,0.2380313727649207,0.2886157886930108,0.049027269027269,0.1578261694517123,3.8110419921956287,0.5566733512312491,6.4938009972561135,0.9668615984405458,0.383053264033702,0.1583079615158877,0.4970760233918128,0.3928504393393337,0.1569029842082918,0.2631578947368421,0.441640622710913,9.0,6.0,171.0,0.6404213726292659,1.5778452227615272,5.419705948937092,,0.5672514619883041,0.064836141117632,51,0.8420008433289115,False
openml_9_autos,real_openml_multiclass,real_openml,22.3333,6,25,41,164,0.0,0.0,,0.0,0.0,False,164,0.61931531344364,0.8043534450187981,2.7663035587887403,2.2250857974794847,27.0,1.7337673127792277,0.7935765205062785,0.088630691494619,0.5824732922719947,0.2013724635431496,2.26391871224389,0.2578849245829482,0.2397406488046421,0.2594670406846842,0.241211450331051,1.0061349693251536,1.7699729218261175,8.337866277300275,0.8207004629913311,0.1062824228969054,,,0.34415876198118,0.3039846752308056,0.0,0.0,3.72616347513438,0.6895474692976459,4.212029153698258,0.9801829268292684,0.271522549888738,0.14572357177936,0.5304878048780488,0.3075684351732017,0.2359556887050183,0.2378048780487804,0.4270429767893841,25.0,6.0,164.0,1.1820353425226648,1.8585791573446315,2.411619103413668,,0.5548780487804879,0.0705830139731553,105,0.0,False
pmlb_allbp,real_pmlb_multiclass,real_pmlb,257.7857,3,29,755,3017,0.0,0.0,,0.0,0.0,False,1998,1.3235339914781814,0.9909261034296908,6.318735128843261,6.261399579828957,262.45454545454544,0.9504654157653109,1.324186551023519,0.9334812213532266,0.3482730544248963,0.3020474661316151,0.2712907509546948,,,0.0773833120584038,0.1450415583216102,0.962806954779096,0.930447514945838,25.09498272848111,,,,,0.1924894664880852,0.3244222483790143,0.1264021429767286,0.2189349338212795,1.2109456093313051,1.3087936372421989,0.4797792483817339,0.957962466971476,0.0108105573887005,0.0212714680071354,0.0645645645645645,0.2292184447571024,0.1291488070005727,0.0365365365365365,0.1876679122395273,29.0,3.0,1998.0,1.165427642437989,0.3338209126734228,0.4613017550361348,,0.1066066066066066,0.6719062143994875,127,0.0,False
pmlb_allhyper,real_pmlb_multiclass,real_pmlb,367.0,4,29,755,3016,0.0,0.0,,0.0,0.0,False,1998,1.6702839527207358,1.3827667055286434,11.414570006140169,15.78368736241651,366.875,0.946511644336464,1.3256327797602636,0.9643965442066492,0.3085045579116989,0.1495839883080856,0.1988999000686203,,,0.0746899552703106,0.1405651687080128,0.9517811547336184,0.9018939020165916,17.574491948715288,,,,,0.0518504332563016,0.0733607134691685,0.0031035061231337,0.0076020064152807,1.1340940109794222,1.3093463945876782,0.3929849746256104,0.908730552374196,0.0113175334256624,0.0200589369344188,0.0415415415415415,0.1958956467066995,0.121731476994813,0.0235235235235235,0.1515970636316872,29.0,4.0,1998.0,1.2506553623416508,0.3302759258731853,0.2448352602239731,,0.067067067067067,0.6979582495940221,146,0.0,True
pmlb_allhypo,real_pmlb_multiclass,real_pmlb,36.6421,3,29,754,3016,0.0,0.0,,0.0,0.0,False,1998,1.252149454627731,0.4027664016206344,0.4397424041689516,0.1771134657671353,36.64473684210526,0.9499834412908992,1.3233839452254943,0.8772926002429011,0.3439273146194143,0.1876893658106515,0.4577217002929548,,,0.0768428909109958,0.1466138322821619,0.8976278203885308,0.9454615358195736,34.895389346329715,,,,,0.509427075234504,0.3793832756743292,0.3492715822731609,0.187805282730078,1.3945881737303027,1.3027146128716296,0.340670882311134,0.9790406021637252,0.013116967853551,0.0265532007756436,0.1321321321321321,0.2819957792263321,0.1497393072031715,0.0795795795795795,0.2707089737080996,29.0,3.0,1998.0,0.7489090935546509,0.2717992935210478,0.293977864277858,,0.1846846846846846,0.7383356282761803,66,0.8626806483693484,True
pmlb_allrep,real_pmlb_multiclass,real_pmlb,107.2941,4,29,755,3017,0.0,0.0,,0.0,0.0,False,1997,1.6562867120242533,0.5354125215249226,6.201708414307986,3.320472339866968,108.07407407407408,0.9468250029586498,1.324831758383759,0.956611783549236,0.302461594594321,0.1881887872155765,0.2511614039620954,,,0.0768178559251477,0.14154381734908,0.9582531265763324,0.9128938183915414,20.40333484530881,,,,,0.2270312983256749,0.2773545263161514,0.0130838385555366,0.0227415276952487,1.1856765857142455,1.3120687581142445,0.4355664115589836,0.8564887892680282,0.0123098212064996,0.0243765485174255,0.0495743615423134,0.1796186504321325,0.1260067548464842,0.0330495743615423,0.1788108236863862,29.0,4.0,1997.0,1.0018502041903987,0.3452790878809572,0.3327537206666818,,0.0766149223835753,0.6795266281825527,37,0.0,False
pmlb_analcatdata_authorship,real_pmlb_multiclass,real_pmlb,5.7636,4,70,169,672,0.0,0.0,,0.0,0.0,False,672,0.5003364797518981,0.2332553051678223,4.859190263551706,1.133431907793264,5.75,2.7733126706085973,0.3344567148341882,0.0973528809915665,0.9386471991852078,0.0253321283217205,1.7873756212282004,0.147925249493768,0.115022802144581,0.1481457044110462,0.1151942221179708,1.001490312965722,1.5699667094864822,6.823592497890224,0.7508295467013536,0.1367172438890264,4.4240561228655684e-14,6.82592526288175e-14,0.2704786233001885,0.1617780880652341,0.0,0.0,4.29874773460381,0.3365918350719034,25.10411609376685,0.9184869260204082,0.2619405572329878,0.1633886274330526,0.0223214285714285,0.4352548106072249,0.0264186887911839,0.0089285714285714,0.0941384066135842,70.0,4.0,672.0,0.5781972104110091,2.644459127065321,12.034429602950404,,0.9672619047619048,0.0014194797662517,59,0.0,False
pmlb_analcatdata_dmft,real_pmlb_multiclass,real_pmlb,1.2602,6,4,160,637,0.0,0.0,,0.0,0.0,False,637,0.0827272347017607,0.5867103844263339,0.1021966575047956,0.059959840211725,1.2653061224489797,1.9564470062672228,0.8829646680223656,0.0016725910158595,0.1588707197294546,0.0731118589126202,2.580167665496701,0.1677626818741977,0.2167423175172532,0.1680264596758864,0.2170831073246694,1.001572327044025,0.5196298197344871,56.08761912727704,0.970926090738276,0.015979589794335,0.9444444444444444,0.0813250060790444,0.9944419125766304,0.0108800612763644,0.9944419125766304,0.0108800612763644,4.490612225847266,0.8530345813067179,0.1222572251944769,0.9996032225231596,0.0460024459166584,0.0334420056728592,0.8414442700156985,,,0.8461538461538461,0.3610847496363316,4.0,6.0,637.0,0.0736418276505296,0.1169956540903963,0.0624668126728387,1.0231329033431429,0.2621664050235479,0.8872917701559361,49,1.6333172303847117,False
pmlb_analcatdata_germangss,real_pmlb_multiclass,real_pmlb,1.0,4,5,80,320,0.0,0.0,,0.0,0.0,False,320,0.0,0.5959763862448509,0.2843237738223355,0.1694502552461338,1.0,1.8373693975131808,0.7704054742205111,0.0,0.1953682594378118,0.2276755544447953,2.0,0.058464664969151,0.0575806743504097,0.0586479397809665,0.0577611780317589,1.003134796238244,0.1794756133769541,31.119107950712817,0.9602032276480822,0.0824844817977958,0.3247201812481582,0.175015939341485,0.9010416666666666,0.0680552012462432,0.9010416666666666,0.0680552012462432,3.7731002030630174,0.7094859707927169,0.2737685770973056,0.997470703125,0.0642691944501638,0.1334754458344527,0.96875,0.8956867342973659,0.1444732260288337,0.975,0.1563694684339216,5.0,4.0,320.0,0.0,0.2181785865707703,0.2650852042568368,1.375760805442972,0.8,0.7836437915316276,65,1.092044442941421,True
pmlb_ann_thyroid,real_pmlb_multiclass,real_pmlb,40.1566,3,21,1440,5760,0.0,0.0,,0.0,0.0,False,1999,1.2574220480358111,0.5589041036285507,3.54840070397944,1.9832157147725469,40.097744360902254,1.1814717705690927,1.5447185077420769,0.8808017690048517,0.4126979341600944,0.3657605268517436,0.4470085762543085,,,0.0505672558262543,0.0867913626914746,0.9445476009862076,0.515905878105275,14.32366948887798,,,,,0.035617452948723,0.0387042312564436,0.0,0.0,1.5972726610693142,1.4975878786317576,0.8447577813888164,0.980038543533898,0.031207685754087,0.0658632285017113,0.1185592796398199,0.285417829792764,0.1447499959756776,0.0740370185092546,0.2618966408352653,21.0,3.0,1999.0,0.7708747094470799,0.4744199327228843,0.8204442771192432,,0.1755877938969484,0.5362776673845056,2,0.37681292870517474,True
pmlb_balance_scale,real_pmlb_multiclass,real_pmlb,5.8776,3,4,125,500,0.0,0.0,,0.0,0.0,False,500,0.5416493330559911,0.5781987954869026,0.2983683919643449,0.1725162448451482,5.923076923076923,2.320390317014861,0.0007600874409195,0.1644322702717361,0.435518252698799,0.5517097685387563,1.3170894310222006,0.0167115359047244,0.0171992201640036,0.0167450259566376,0.0172336875390818,1.0020040080160322,0.0459519698286834,9.135470591576926,0.8230013093294993,0.0187060502846893,1.0,0.0,1.0,0.0,1.0,0.0,3.4933066134602195,0.0143273102942509,2.143506561750603,0.963456,0.1441731345768417,0.0148775090326686,0.284,0.3685833345453166,0.147120212230044,0.2,0.4004006010017532,4.0,3.0,500.0,0.5409862701952389,0.6837359655687179,2.1414410958966155,1.3242087283528414,0.304,0.3176691082335754,3,3.822618954859984e-15,False
pmlb_calendarDOW,real_pmlb_multiclass,real_pmlb,2.1818,5,32,80,319,0.0,0.0,,0.0,0.0,False,319,0.2386154512098441,0.3748614757149865,0.5027671394648283,0.1884680318407879,2.2,1.3556645378659056,0.4917298610223019,0.0164864669904449,0.5675061254087559,0.1197784130037629,2.275739008834458,0.2524776605273881,0.1757109671908215,0.2532716154347069,0.1762635174021133,1.0031446540880498,1.744960285958303,22.906059471597555,0.9485620368869394,0.0329540656875752,0.0048237724139766,0.0053415937194617,0.8805622084029432,0.0765167396795833,0.18784885253334,0.1827459260312279,3.532052586241352,0.4580024726279633,2.192802377474722,0.9815548196263796,0.0993509604590116,0.0625678794215169,0.6677115987460815,,,0.3855799373040752,0.4874967108794018,32.0,5.0,319.0,0.3113059457767465,1.3312934141709345,0.9088219449462752,,0.5078369905956113,0.1857781740975426,117,0.9848002262883867,False
pmlb_car_evaluation,real_pmlb_multiclass,real_pmlb,18.6154,4,6,346,1382,0.0,0.0,,0.0,0.0,False,1382,1.0825055912446406,0.4560197530035766,1.2594651317717709,0.57434097830718,18.615384615384617,1.7923517197998375,0.2272314704240131,0.5069562793245246,0.363092213253035,0.3095976834727916,1.2051031299123935,0.0119806588751553,0.0099457422652439,0.0119893342255355,0.0099529441061311,1.0007241129616171,0.0376458092057577,10.499868137492278,0.9017311981398094,0.0846823349037397,0.0648148148148148,0.1004106793461182,0.5452977782732956,0.1596038347955506,0.1364575938491385,0.167862420808914,2.882681681694122,0.3002332385402201,1.114919139821501,0.987119906341823,0.1147731680181092,0.104737083738759,0.1548480463096961,0.3667710643588803,0.1038562666074978,0.0832127351664254,0.2763034876260852,6.0,4.0,1382.0,0.7955011554733665,0.5872093171984002,1.030526526335795,,0.3516642547033285,0.4537144424677266,4,2.0562151835143863,False
pmlb_cars,real_pmlb_multiclass,real_pmlb,3.6029,3,8,79,313,0.0,0.0,,0.0,0.0,False,313,0.6222572744352484,0.6321997462883829,1.3183321807754,0.8334492702100185,3.6296296296296298,2.4153147090031157,0.3817753080174606,0.2976567575356827,0.5123773677621714,0.3429378116197387,1.3257514675591269,0.5304473080074145,0.2791753586586569,0.5321474596356437,0.2800701514748707,1.0032051282051295,1.694269884849685,4.336474683281771,0.7513519651981424,0.141763505681158,0.0333285420953937,0.0477495561661194,0.5398713878713879,0.1695788097026334,0.218084502084502,0.0939093833690633,3.435345155597853,0.4382212328560225,1.403222987719619,0.913697189927426,0.3057210209643886,0.1900631616587793,0.2907348242811501,0.3167969388508834,0.1584882251861341,0.1597444089456869,0.3669555078211015,8.0,3.0,313.0,0.4022243982421409,0.6426674766283181,1.3246637298022028,1.3195304289010523,0.4217252396166134,0.398837375120454,44,0.7038465034872837,False
pmlb_connect_4,real_pmlb_multiclass,real_pmlb,6.8961,3,42,13512,54045,0.0,0.0,,0.0,0.0,False,1998,0.7136716776031751,0.2035633687518709,0.0215578275135262,0.0043883839916251,6.896297732118628,0.6662320405826726,0.5598825614762083,0.3647837350250702,0.2082337058738824,0.0670126135427009,1.2174401128147587,0.0843620574454249,0.100726643272131,0.085174390868934,0.1029891453338776,1.0359222626414413,0.918073897547556,193.4015323972504,0.9980046488968124,0.0023724921597373,,,0.99643126887198,0.0016583121846156,0.9906679126681078,0.003777328818121,1.8773772699095683,0.5537440054289349,0.0964683090405111,0.9990443396349302,0.0062948834878625,0.0089774691573887,0.5620620620620621,0.4764227991275966,0.1241802578344761,0.4149149149149149,0.492830691925862,42.0,3.0,1998.0,0.4971069985312749,0.0912132428977645,0.0699088732647058,,0.6631631631631631,0.9104772768904044,33,0.0,False
pmlb_dermatology,real_pmlb_multiclass,real_pmlb,5.6,6,34,74,292,0.0,0.0,,0.0,0.0,False,292,0.4518471918485108,0.5153104922292725,19.296182949537737,9.943525533872387,5.5625,1.1263491744344842,0.493276163904248,0.0496887195946887,0.9156897287752208,0.120868952917894,2.434537549231454,0.2255381526595153,0.2100513992970392,0.2263131978576577,0.2107732254114618,1.003436426116837,1.8025454504499552,5.610831977561406,0.4482194395909437,0.3070257753748887,,,0.066578831796223,0.1831748788287008,0.0,0.0,3.126987159578553,0.5699397265550162,114.83713441333066,0.8840190467254645,0.4338995640873848,0.2301912854337738,0.0787671232876712,0.3215725669066445,0.0921064296510407,0.0376712328767123,0.1907267385334367,34.0,6.0,292.0,0.5360296554849457,4.250875612040061,73.08476681281434,,0.1952054794520548,2.578968740101219e-06,43,0.04805033650014532,True
pmlb_dna,real_pmlb_multiclass,real_pmlb,2.1621,3,180,638,2548,0.0,0.0,,0.0,0.0,False,2548,0.3943483055274502,0.2412457528147258,2.310376096126558,0.5573684205951989,2.161764705882353,0.8055242544808325,0.0653964250740052,0.1242980502181073,0.8480722078419398,0.0301090502369802,1.4797016542904289,0.0322657190035419,0.0414554847841829,0.0322783871303592,0.0414717609855118,1.0003926187671814,0.7050567391765604,68.52065691762033,0.9745506542055996,0.0589789772255859,0.3333333333333333,0.5773502691896258,0.9016780513858436,0.0851497402576,0.8967800922021701,0.0897151769871947,2.2636309369648844,0.0750219107989008,5.25509606784192,0.9984269066882882,0.0215949718063768,0.0510641764533145,,,,,,180.0,3.0,2548.0,0.3078347314065436,1.4393594943339778,3.094856426697605,,,0.0772754075788259,15,0.6046973935621143,False
pmlb_ecoli,real_pmlb_multiclass,real_pmlb,7.15,5,7,66,261,0.0,0.0,,0.0,0.0,False,261,0.6578891044254798,0.4770286971447143,6.0170071734749,2.870285092673132,7.125,1.855764291192724,1.2370812111756702,0.1425252201133594,0.6829467236160307,0.2046558541316001,2.028642744537557,,,0.1607898344048915,0.200293147825525,0.8604395604395608,0.7696627315056723,4.560969841273745,,,,,0.3578755195706057,0.2707819231760019,0.1345404922338488,0.2268098885001987,3.439623839362769,0.9599806073958675,6.642553611117902,0.9626106486986392,0.4447831963675113,0.3570842895029408,0.2835249042145594,0.4023060538892004,0.1266737788024064,0.210727969348659,0.4086090932655832,7.0,5.0,261.0,0.5660222460552188,1.991316965082489,3.783310407115235,,0.425287356321839,0.0363503927243592,143,0.0,True
pmlb_fars,real_pmlb_multiclass,real_pmlb,4679.5556,8,29,20194,80774,0.0,0.0,,0.0,0.0,False,1998,1.0466506123392536,3.2899967587418515,9.02672267192258,29.69788833268688,4813.285714285715,1.069441127908818,0.8711404614094906,0.1861578284764962,0.3259209735007882,0.2943299699787021,2.1857890874938266,0.0854008734170268,0.1565520791072942,0.0860354751644328,0.1612404988710382,0.9968598557706108,0.984334807507319,16.847796068284683,0.9309677863741468,0.1119365858594578,,,0.279979172618403,0.3316249743206685,0.1337118210712133,0.310845203173169,3.125492825501037,0.8556106710472342,2.5355915920480503,0.9970368266164062,0.1297373899016079,0.2248292585935639,0.4809809809809809,,,0.3413413413413413,0.4742784125611611,29.0,8.0,1998.0,2.403958930540425,1.2633521541398929,1.2597141324774963,,0.586086086086086,0.1753957648584381,140,0.0,False
pmlb_led24,real_pmlb_multiclass,real_pmlb,1.1385,10,24,640,2560,0.0,0.0,,0.0,0.0,False,2560,0.0418534226124339,0.1572626560743266,3.936189161100797,0.6190155622856871,1.139240506329114,0.9652142729588608,0.0765893163414702,0.0002157332396802,0.5207869478089382,0.3080813721712666,3.3206551902120984,0.0269949960493361,0.0513548823376635,0.027005545090387,0.051374950677772,1.0003907776475167,0.283934726229394,28.016073350294945,0.8385879723371552,0.2564311703686794,1.0,0.0,1.0,0.0,1.0,0.0,4.167342675041418,0.2404643605628999,9.0100680043887,0.9993830871582032,0.1185267881295413,0.193377588892479,,,,,,24.0,10.0,2560.0,0.0355524974500304,3.2002844601047915,3.824038483991352,1.0447519845143325,,0.0068765189369797,90,0.0,False
pmlb_led7,real_pmlb_multiclass,real_pmlb,1.263,10,7,640,2560,0.0,0.0,,0.0,0.0,False,2560,0.0628408673505944,0.149787530277722,3.9129564417820086,0.5861120814988302,1.2638888888888888,0.878062263898409,0.1068779709608775,0.0004827630762348,0.6529848858755077,0.1972159259858523,3.318990003522703,0.1856754534414465,0.1028570237948925,0.1857480112583441,0.1028972180206801,1.0003907776475216,0.558660763774385,8.136322394896032,0.4419458815784285,0.0810801102280259,1.0,0.0,1.0,0.0,1.0,0.0,3.789129640657364,0.0245018245614487,9.033789614842188,0.9998495483398436,0.4079226267637486,0.0986934583817834,,,,,,7.0,10.0,2560.0,0.066802449494675,3.2180895570476906,3.816673379970026,,,0.0067263611352501,56,0.0,False
pmlb_mfeat_factors,real_pmlb_multiclass,real_pmlb,1.0,10,216,400,1600,0.0,0.0,,0.0,0.0,False,1600,0.0,0.5974686861746161,12.524176965842148,7.482803557200098,1.0,3.408324383187707,0.1025602239542421,0.0,0.9293093192822672,0.0481513482552751,3.321928094887362,0.2491360934514904,0.1966977656250308,0.2492919008895463,0.1968207786116632,1.0006253908692937,4.668058667473953,5.294666383997048,0.5090783422145255,0.1402478336137236,5.950697408765949e-30,3.2437570120025564e-29,0.1961805555555555,0.1751050933537752,0.0,0.0,6.102842202532916,0.1785260378783835,95.6632368267006,0.977880859375,0.6274102755421529,0.1804823182119159,,,,,,216.0,10.0,1600.0,0.0,7.791090716854241,26.198064370267403,,,2.124816428279574e-09,106,0.047727667857478416,True
pmlb_mfeat_fourier,real_pmlb_multiclass,real_pmlb,1.0,10,76,400,1600,0.0,0.0,,0.0,0.0,False,1600,0.0,1.6120346714356282,9.486740096816904,15.292953954967436,1.0,3.45942300400416,1.4217502406642166e-06,0.0,0.7254528397293565,0.2257371550938208,3.321928094887362,0.1459277093692521,0.1037383887517356,0.1460189712262685,0.1038032657928562,1.0006253908692937,1.5617485929273456,11.298631503529922,0.7628702348367932,0.180405398275301,3.621470960410554e-06,2.3236110459397663e-05,0.4403472222222222,0.2850701903310902,0.0,0.0,6.487339554763408,0.2296172342253534,32.29787662080879,0.98841328125,0.2940115441281118,0.2296172527568112,0.31,0.4424884086096158,0.0828303687392625,0.2025,0.4019884907764126,76.0,10.0,1600.0,0.0,5.1441945095613,17.329972336804904,2.1735957295447887,0.846875,4.345902989682387e-05,68,0.2774924702907211,False
pmlb_mfeat_karhunen,real_pmlb_multiclass,real_pmlb,1.0,10,64,400,1600,0.0,0.0,,0.0,0.0,False,1600,0.0,0.5940554272009015,5.621614190493716,3.339550419492395,1.0,3.459423167090097,4.475998511201681e-16,0.0,0.8119288871283854,0.114005038703677,3.321928094887362,0.1076896711290032,0.0836952412454701,0.1077570192660445,0.0837475834851484,1.0006253908692933,1.0916923799330267,11.96047432131462,0.7605600130337983,0.1512618752721653,1.1516214388232829e-08,2.6249963495542436e-08,0.4488194444444443,0.2102955181168282,0.0,0.0,6.503609091755379,0.1801238983139538,29.66751491665071,0.985725390625,0.2777421702220783,0.1801238983139538,0.085625,0.4155708851024451,0.0623488614069886,0.040625,0.1974816035478682,64.0,10.0,1600.0,0.0,6.03703385058046,10.965639023349896,1.9650171330388464,0.915,1.1277826328544407e-05,134,0.08423907100321754,False
pmlb_mfeat_morphological,real_pmlb_multiclass,real_pmlb,1.0,10,6,400,1600,0.0,0.0,,0.0,0.0,False,1600,0.0,0.8902472328295492,37.66305984942908,33.52943481084794,1.0,2.5375247355936192,1.0475622072919872,0.0,0.6100974689816863,0.3352840119875643,3.321928094887362,0.5729715177901525,0.3162185564068803,0.5733298489457436,0.3164163166047585,1.0006253908692926,1.5915120773873326,2.682673376857678,0.1793617854105658,0.1015121434569556,,,0.3843055555555555,0.2841083359553947,0.1929861111111111,0.3062211225047279,4.621162651906031,0.955688317128335,41.87797755220784,0.978082421875,1.2382901785749516,0.2831100477770145,0.42,,,0.320625,0.4668627580957926,6.0,10.0,1600.0,0.0,2.795390373419544,36.80345470530924,,0.410625,0.0015678812246505,76,1.334847776570593,False
pmlb_mfeat_pixel,real_pmlb_multiclass,real_pmlb,1.0,10,240,400,1600,0.0,0.0,,0.0,0.0,False,1600,0.0,1.5884659542868638,22.025192562672665,34.98626852241777,1.0,1.5016946202478954,0.3289826994343501,0.0,0.8545467574094291,0.0906594737192636,3.321928094887362,0.1715892983981969,0.1585244807653724,0.1716966087786838,0.1586236205282027,1.000625390869294,3.6212804742585454,10.218411169590096,0.6352638981285595,0.1357032629343589,,,0.6454166666666665,0.1710187867637247,0.0,0.0,4.498530287383534,0.3513496561790899,40.33812678054695,0.977369140625,0.3250924277517225,0.1132499342691563,,,,,,240.0,10.0,1600.0,0.0,6.638004566791158,13.728961284823605,,,1.3042898893317394e-06,110,0.5727268509787005,False
pmlb_mnist,real_pmlb_multiclass,real_pmlb,1.2477,10,784,14000,56000,0.0,0.0,,0.0,0.0,False,1996,0.0541441999456553,1.3316641809459877,3.663386155373404,4.8784001240841945,1.247920792079208,0.8822653234796451,1.017921098977335,0.0003716240157933,0.8381429656881791,0.0783694885529324,3.3197891379987734,,,0.0451947224192101,0.1281861750323698,0.9563944174231328,4.148862523234152,31.903982886357984,,,,,0.7384875768127107,0.1289622924042999,0.0,0.0,4.097998828367535,0.9237296678236638,28.62011212126466,0.990861482484006,0.1040556331108835,0.1103045907724484,,,,,,784.0,10.0,1996.0,0.0524744788544441,6.371486892281571,7.03378486183806,,,6.500716996819585e-06,52,0.0,True
pmlb_new_thyroid,real_pmlb_multiclass,real_pmlb,5.0,3,5,43,172,0.0,0.0,,0.0,0.0,False,172,0.7734087975960878,0.5132703095300563,6.000294880857543,3.079773210769363,5.0,2.3111954575311096,0.0107188858399329,0.4370001083775875,0.7671010939238274,0.1760813581827771,1.1851490029117324,0.4161863736983338,0.1561679733567537,0.4186202121410141,0.1570812363588399,1.005847953216374,0.9936044115929822,2.589115012756913,0.5145837660558671,0.134087876242107,0.0003966792935118,0.0003824334958388,0.1321321321321321,0.1186946196634935,0.0,0.0,3.038601564869511,0.2034686277558894,4.580633257614348,0.7615603028664143,0.4577428955733315,0.2119106928308876,0.1104651162790697,0.2619724864476815,0.1125923838694398,0.0523255813953488,0.2233329375152536,5.0,3.0,172.0,0.4777194975592747,1.2078928212977569,3.877272016581379,2.448007707129436,0.127906976744186,0.1203694458714453,60,0.0,False
pmlb_nursery,real_pmlb_multiclass,real_pmlb,13.1707,4,8,2592,10366,0.0,0.0,,0.0,0.0,False,1998,0.5199641184350487,1.1266713785909088,3.523244406237721,3.969538632288561,13.19083969465649,1.7072410052846767,0.3977406738099925,0.0935012234587869,0.448735675026736,0.396338105999753,1.7135356677693812,0.016760865802678,0.0113979775103451,0.0166991958279585,0.0113947748681857,0.9964018179454248,0.0579370681495632,10.350082088865484,0.8847865258326525,0.2670730480145343,0.1666666666666666,0.408248290463863,0.3288857874119152,0.4144333221806024,0.2306967984934086,0.407005848393447,3.2552189844234736,0.5177379122194772,3.596183429087517,0.9978815151487824,0.1655576886305845,0.3285999199586984,0.3733733733733734,0.394122966032334,0.1265584654521354,0.2107107107107107,0.4079154175527216,8.0,4.0,1998.0,0.8504135861674694,0.9182589066600444,3.4314840559355315,20.050629756796475,0.535035035035035,0.1934864798091632,131,0.0,True
pmlb_optdigits,real_pmlb_multiclass,real_pmlb,1.0325,10,64,1124,4496,0.0,0.0,,0.0,0.0,False,1996,0.0118196888394897,0.8869434418371578,11.161181286506748,9.899336545222772,1.0338600451467268,2.0056953999317093,1.2663889062702864,1.5004350625735796e-05,0.7965857569354027,0.1255341659310966,3.3218405697765614,,,0.1173843990793873,0.1343570502408859,0.9828118025897464,1.4585112846810842,10.562944549685882,,,,,0.5427161386415618,0.2749231486803505,0.0,0.0,5.013055423668167,1.0991791012840737,24.886242593257062,0.9772593784763915,0.3144805460401044,0.203213180914084,0.0581162324649298,0.3643081352890456,0.0679259861725045,0.0240480961923847,0.1532369066683871,64.0,10.0,1996.0,0.0096593095330995,5.837010427899264,6.736763213904806,,0.5265531062124249,2.3411203854937413e-05,98,0.0,False
pmlb_page_blocks,real_pmlb_multiclass,real_pmlb,175.4643,5,10,1095,4378,0.0,0.0,,0.0,0.0,False,1998,1.7466329791725113,0.58080356148889,2.547462934000275,1.4795755448282968,170.8695652173913,3.5163019603879517,0.1657360207990307,0.8603121729477431,0.5282248235075524,0.1513565318379488,0.6311890355422735,0.2987250173235078,0.2555313532789746,0.2847670518525008,0.2389828019063574,0.9624233831196528,1.1760658243943238,4.061391542889877,0.8271035264669946,0.1037339517571128,0.0003529001027893,0.0010693152851141,0.2818713893961264,0.320488504693539,0.1403809538373371,0.3190635621441,3.99207898286114,0.2143218259014302,1.9971796615891773,0.8957583709835962,0.1554120130690851,0.0658134203118084,0.077077077077077,,,0.0445445445445445,0.206353192919591,10.0,5.0,1998.0,1.6040597838342672,1.1848122558683754,1.1325893956914814,,0.0940940940940941,0.2218466989468736,73,1.331182985855324e-15,False
pmlb_pendigits,real_pmlb_multiclass,real_pmlb,1.0844,10,16,2199,8793,0.0,0.0,,0.0,0.0,False,1993,0.0399213566328149,1.0638405468220165,11.868343748458855,12.626025303232131,1.0841232227488151,3.236840352236515,0.343132189222928,0.0002045108144584,0.6798127340859498,0.2222199964847805,3.320732644055542,0.2734009707406783,0.2036430305310614,0.2731924434281091,0.2039566154401453,0.9980299219983784,1.361727017554566,4.551256462175903,0.4900871711260595,0.1373570812000945,0.0116072327928533,0.0398016009755328,0.3462082420909335,0.2860466558753971,0.0058902275769745,0.039512847795177,5.827943129978626,0.4531342309529206,16.763393832742587,0.9722037668719596,0.7296298663134306,0.2367153980027062,0.0526843953838434,0.2751741909144164,0.0903015038324919,0.0150526843953838,0.121793037197157,16.0,10.0,1993.0,0.0392235511380441,4.554361995530296,7.184143884806026,3.9193718253760896,0.1976919217260411,0.0004519978294199,40,6.938893903907228e-17,True
pmlb_penguins,real_pmlb_multiclass,real_pmlb,2.1471,3,7,67,266,0.0,0.0,,0.0,0.0,False,266,0.294435552619568,0.2179955714217731,6.811975583349228,1.4849805098033813,2.1666666666666665,2.0501942090034246,0.6851471896506776,0.0598602261954628,0.9066987438753028,0.0931228217005674,1.5186926606909426,0.3471046327102354,0.2565990118140413,0.3484144615129155,0.2575673099718302,1.0037735849056602,1.136671128066591,2.7713067836518066,0.5216355976334068,0.3379896152021833,0.0,0.0,0.0965280076501526,0.1028329579633803,0.0,0.0,3.020880900218216,0.467657910810078,19.87943128077716,0.91402849228334,0.5480059694761512,0.3720580668865441,0.0639097744360902,0.2006030276560525,0.1124809933314618,0.0150375939849624,0.1219317722003789,7.0,3.0,266.0,0.2226652857197921,1.652877084211579,17.466108484163623,,0.1466165413533834,0.0158652622791615,26,1.6262405709621077,False
pmlb_satimage,real_pmlb_multiclass,real_pmlb,2.4489,6,36,1287,5148,0.0,0.0,,0.0,0.0,False,1996,0.3714817474627648,0.7321589420000232,6.4420307600987785,4.716590425645527,2.447105788423153,3.5563086863442552,0.018120141738096,0.0324542687964178,0.6168697224056663,0.3832948093434064,2.482970475052242,0.4948235371779493,0.3232200175841258,0.496013678561576,0.3240894973347213,1.0024298407931,3.5542085264821464,2.762175329050407,0.3206605534732075,0.0676447225299978,1.7029758967350337e-06,4.703997178079623e-06,0.4312710045924451,0.24262475727778,0.0344595911215909,0.0993122769470446,5.140360671705313,0.1566504415032098,16.852537101514923,0.9729453897775512,0.8989184896911843,0.1486088693861437,0.1783567134268537,0.3758810459166383,0.1089843022301956,0.1067134268537074,0.3088259277882377,36.0,6.0,1996.0,0.3151060500713779,2.490300915582612,7.729218786994884,1.338181938851288,0.4934869739478958,0.0045866101008844,113,0.5058903803356886,False
pmlb_schizo,real_pmlb_multiclass,real_pmlb,3.2258,3,14,68,272,0.0,0.0,,0.0,0.0,False,272,0.5434216534382905,0.6886955951225143,0.2745638494270461,0.1890909136802879,3.2,2.0943769852205407,0.4768143327661511,0.2303882725832011,0.3184750440224418,0.1773183828861128,1.385766238622764,0.2619094420002074,0.1498619131881514,0.2628758975057432,0.1504149091777755,1.003690036900369,1.1316875182192585,23.711321713597687,0.9542140707749756,0.0297990596831667,0.6499426079604106,0.2127581350182991,0.9352960102960104,0.0525596951431866,0.803035178035178,0.0641680851348944,3.421699993416884,0.4556956567191104,0.2840740059669452,0.9925524437716264,0.0584432304264199,0.0318625422069503,0.6911764705882353,0.5059381006815228,0.0839840217941257,0.5367647058823529,0.4995656893860118,14.0,3.0,272.0,0.3495525363677794,0.2342945162395387,0.2453455067443999,,0.8970588235294118,0.7730509077848218,137,1.2984294972353265,False
pmlb_segmentation,real_pmlb_multiclass,real_pmlb,1.0,7,19,462,1848,0.0,0.0,,0.0,0.0,False,1848,0.0,1.0841477271661797,33.261167097634825,36.06001871179532,1.0,3.060827267854916,1.2464175967025388,-2.220446049250313e-16,0.7433736694502664,0.2508884028394386,2.807354922057604,,,0.2507171055517345,0.3202337585969054,0.9478813438577496,1.7843934530200871,3.245234888842219,,,,,0.1566558441558441,0.2586556454682024,0.0183080808080808,0.0760584303886182,5.003112320329315,0.974175717858304,48.946130905493575,0.9511063206274244,0.8650698695832046,0.5765330430241268,0.0670995670995671,0.184074674255695,0.1465629130935206,0.0281385281385281,0.1654132927254792,19.0,7.0,1848.0,0.0,3.6303514279883458,27.02412423413191,,0.1623376623376623,0.0001338806554458,20,0.8920392649523107,True
pmlb_shuttle,real_pmlb_multiclass,real_pmlb,4558.6,7,9,11600,46400,0.0,0.0,,0.0,0.0,False,2000,1.8738837613253072,4.035032687046143,64.56307809928931,260.5141305069453,4558.625,2.928782622978245,0.7335117316421365,0.7014268518964814,0.3110932183404286,0.3669552406263082,0.972366554869076,0.1947482463539104,0.2756936652174638,0.2083881903300539,0.287185414710551,1.1860558407089217,1.36674483050833,3.531345757102772,0.7084649922826561,0.2636517139844621,5.34852854527478e-10,1.8657792448923424e-09,0.0103692176345828,0.0462193573764937,0.0,0.0,3.625796204292322,0.6606680024240321,7.59103291258107,0.8179295,0.2753529735549985,0.2283009348917608,0.018,0.0525470739903686,0.0905557692318532,0.007,0.0833935083721707,9.0,7.0,2000.0,2.088755559216656,1.2539546860999926,7.053673352470415,,0.0265,0.0793733489640956,17,2.8465707535595205e-15,False
pmlb_sleep,real_pmlb_multiclass,real_pmlb,5.8217,5,13,21182,84726,0.0,0.0,,0.0,0.0,False,1997,0.7706898930743483,0.7335005066065442,1.746555822846212,1.2810995808743062,5.821320077326705,2.5618874039326966,0.6950035535836235,0.2086788239505216,0.5324437304625906,0.2285089527504159,1.9603886383352815,0.1997146314978927,0.1747923553263554,0.199830167679272,0.1735002067320519,1.008773409344668,0.9529145382189432,10.68093603954176,0.8013023868116245,0.1110608064698715,0.1256436888888889,0.1395386788851849,0.8596013025452731,0.1526654031249613,0.718445155410837,0.2661542950742587,4.33873513994652,0.6692990801853753,2.4505085206641875,0.9977617904071931,0.1835409023214586,0.0986889138148466,0.4927391086629945,0.4691883952273978,0.0911697487263452,0.343014521782674,0.4748351958478498,13.0,5.0,1997.0,0.5857622653147817,1.2906343288969548,1.3796297134062523,1.1655735429741931,0.7871807711567351,0.1771386148140666,53,1.8027997990718245,False
pmlb_splice,real_pmlb_multiclass,real_pmlb,2.1662,3,60,638,2550,0.0,0.0,,0.0,0.0,False,2550,0.3943206968894562,0.1555225160124127,1.6641019478376835,0.2588053218288733,2.1669394435351883,1.9750699914266951,0.0575431182688776,0.1242793990622507,0.6591924606509962,0.0372462020815357,1.4797149506045104,0.0250752471582627,0.0207788285519285,0.0250850844462807,0.0207869803089123,1.0003923107100785,0.2523231129205606,26.36058240995016,0.9780956565569088,0.0530443068774392,0.4166666666666667,0.1443375672974064,0.7726693168190417,0.0845839578349055,0.6669053146439466,0.1707106376070762,3.3986513207176663,0.1469530279877327,1.5546903138768058,0.9984222991157248,0.0561336213135401,0.092080031492929,,,,,,60.0,3.0,2550.0,0.3062461714994766,0.8704566799277291,0.886616958633045,1.148011167547346,,0.3177613857563788,115,0.9845419778773359,False
pmlb_vehicle,real_pmlb_multiclass,real_pmlb,1.0955,4,18,170,676,0.0,0.0,,0.0,0.0,False,676,0.0352555481887958,0.5533675357606317,0.8379080926802372,0.4636711364403538,1.0943396226415094,2.93350605948914,0.1340789188941857,0.0005460721042767,0.6670743692948619,0.2807544133025883,1.9990928967963055,0.4124777636365924,0.3406640458159335,0.4130888418049429,0.3411687332912165,1.0014814814814816,2.2700218644377106,8.010919159945031,0.8684055162233977,0.0837122950079354,0.026644478459435,0.0651183337814734,0.7532805587403656,0.1594743884086493,0.161460982326811,0.2566450558714332,4.6830529482827865,0.2032255766832678,4.56831367422113,0.9899688386260984,0.2495460080026601,0.1209091022284708,0.4526627218934911,0.441709906931314,0.1049518489668981,0.3032544378698225,0.4600045736273215,18.0,4.0,676.0,0.0336441530059816,1.4926107236881745,2.462243241655939,,0.7233727810650887,0.0857161507476825,46,0.2790468484854433,False
pmlb_waveform_21,real_pmlb_multiclass,real_pmlb,1.0298,3,21,1000,4000,0.0,0.0,,0.0,0.0,False,1999,0.0127328315782468,0.2518569756052727,1.8371046468302288,0.4626876202210541,1.0295902883156298,3.584794757154847,0.0001370506640424,0.0001179554199827,0.6885935256371952,0.0283974836734842,1.5848497937815835,0.2954251328337344,0.2207828688671827,0.2909872243735373,0.2168358874744037,0.986937719289934,1.661650567670981,6.503424801430948,0.7482863433689863,0.1288854406413224,0.0013999107020392,0.0013118914786792,0.7861272089503984,0.0978035911765389,0.3635357894480564,0.113616316982471,4.925949906626425,0.1295491018326622,1.8169373753819835,0.9943323337506672,0.2436946443100055,0.129611295380256,0.3176588294147073,0.4701956517708722,0.0374198620609199,0.2121060530265132,0.4089018433265556,21.0,3.0,1999.0,0.0102022076720947,0.9491285041779112,1.0089125059683584,1.0747342799434303,0.9674837418709354,0.2753179820554226,70,2.3373275546484535,False
pmlb_waveform_40,real_pmlb_multiclass,real_pmlb,1.0236,3,40,1000,4000,0.0,0.0,,0.0,0.0,False,2000,0.01097724920005,0.2634670340635101,1.8010802333255482,0.4745252671846968,1.0242057488653555,3.5847208143929263,0.0001525501337769,9.071672357208184e-05,0.682603508143385,0.0090556851557693,1.5848757975004697,0.0939794669951714,0.172290983110913,0.0944767391075329,0.1734152081706658,1.0040190263953823,1.2484987603953923,12.423839688503085,0.871004872490228,0.1527397300325477,0.0001756856399885,0.0001519778733316,0.7713816352022298,0.0822198977136863,0.31350374299774,0.113544860296176,5.042029302813653,0.1465829402295109,1.746241993336402,0.9975705,0.1275673090797445,0.1466767864877558,0.3925,0.4879301790345028,0.0211722485330179,0.288,0.4529443445829131,40.0,3.0,2000.0,0.0101878661928286,0.9319771040929528,0.903784381478685,1.053819878292892,1.0,0.2850918060837459,21,1.6625311983359754,False
pmlb_wine_quality_red,real_pmlb_multiclass,real_pmlb,68.1,6,11,320,1279,0.0,0.0,,0.0,0.0,False,1279,1.0694395764213451,0.7310652160201284,1.3058878947413173,0.9546892158671318,68.125,3.3043768757395253,0.023060107217419,0.2498989777344112,0.2457814711353364,0.2227295154869424,1.7101198592052465,0.2020777836540035,0.1878661644433174,0.2022359039855015,0.18801316457199,1.0007824726134595,0.9119548399097422,17.116831213174923,0.9327116123044932,0.0823467422531236,0.0212473618691446,0.0384355460613312,0.6125084804440432,0.2997813861858052,0.3030040429543822,0.3760595546604183,4.914588063888358,0.0753009346853953,0.7487328130107136,0.9976709227852828,0.0999086710564136,0.0645335346892942,0.6301798279906177,0.3680688523562009,0.2349442847229352,0.3682564503518373,0.4825201284929455,11.0,6.0,1279.0,1.1508105086258236,0.5004764060434437,0.6264517660857204,,0.7599687255668491,0.546013907217064,31,1.3491366656979122,False
pmlb_wine_quality_white,real_pmlb_multiclass,real_pmlb,439.6,7,11,980,3918,0.0,0.0,,0.0,0.0,False,1998,1.1278503099808852,0.949907228050688,0.7360588889092653,0.6991876588458694,439.5,3.570381202324715,0.0116670473777394,0.2393964271858538,0.197138852335667,0.1963442111980746,1.859585472380131,0.1854353972308678,0.1962063753178413,0.1843641474292574,0.1944280920009126,0.9964298867778985,0.8852473715944823,20.315403445030096,0.9400126239746848,0.0666205493949388,0.0144724539807991,0.0297549226827723,0.595929642122942,0.3912538055896127,0.3394986382134325,0.3916478352003955,5.338430935460885,0.053750838653025,0.5822420405434435,0.9988399310221132,0.0915357392439604,0.0554632148086616,0.7067067067067067,0.4062600592757296,0.2241005343967332,0.4344344344344344,0.4958066071998941,11.0,7.0,1998.0,1.7972854974615429,0.4259376089563143,0.4707459868599286,,0.8148148148148148,0.6099440858072318,31,0.9572334810420036,False
pmlb_yeast,real_pmlb_multiclass,real_pmlb,23.15,9,8,296,1183,0.0,0.0,,0.0,0.0,False,1183,1.010426257712408,0.8374514254944215,2.4430996728832826,2.04597730368106,23.125,2.3252601346276665,1.467740877708254,0.1414711015967419,0.3845192893992954,0.27946277554345,2.466884607546698,0.0887519576629135,0.1207947180169606,0.0888270439215113,0.1208969132098681,1.000846023688654,0.4193738674093502,12.687888368793814,0.7478623994797609,0.1895962488213496,,,0.6036661074408913,0.2650598911308927,0.2986282731129296,0.2780121604617287,4.597716438910437,1.3572624046506998,3.061982807680173,0.9977055911121844,0.1944283032639271,0.1562161207881653,0.6703296703296703,0.4814012637684324,0.1456781870804376,0.4852071005917159,0.4999924908576187,8.0,9.0,1183.0,0.9051727352884116,1.7295367717622545,1.0305411039455532,,0.8157227387996618,0.1046832616828609,53,2.596361243297483,False
