dataset_name,group,gen_imbalance_ratio,gen_n_classes,gen_n_features,gen_n_samples_test,gen_noise,gen_noise_scale,gen_noise_type,gen_outlier_frac,gen_overlap,gen_subsampled_to,CV,HDB,HDB_mean_f1,IR,attr_ent.mean,attr_ent.sd,c2,can_cor.mean,can_cor.sd,class_ent,cor.mean,cor.sd,eigenvalues.mean,eigenvalues.sd,eq_num_attr,f1.mean,f1.sd,f2.mean,f2.sd,f3.mean,f3.sd,f4.mean,f4.sd,joint_ent.mean,lh_trace,lsc,mut_inf.mean,mut_inf.sd,n1,n2.mean,n2.sd,n3.sd,pIR_cv,p_trace,sd_ratio,t1,w_lambda,inter_intra_ratio,minority_size,minority_frac,minority_nn_ratio,minority_isolation,macro_IR,n_minority_classes,class_imbalance_skew,lm_decision_stump,lm_naive_bayes,lm_lin_discr,lm_stump_vs_1nn,ssi_f1.max,ssi_f1.min,ssi_f2.max,ssi_f2.min,ssi_f3.max,ssi_f3.min,ssi_f4.max,ssi_f4.min,ssi_f1.q3,ssi_f3.q1,ssi_f3.q3,ssi_attr_ent.max,ssi_attr_ent.min,ssi_joint_ent.max,ssi_joint_ent.min,ssi_mut_inf.max,ssi_mut_inf.min,ssi_attr_ent.q1,ssi_attr_ent.q3,ssi_joint_ent.q3,ssi_mut_inf.q1,ssi_can_cor.min,ssi_cor.max,ssi_cor.median,ssi_cor.min,ssi_cov.max,ssi_eigenvalues.max,ssi_eigenvalues.median,ssi_eigenvalues.min,ssi_cor.q1,ssi_eigenvalues.q1,ssi_eigenvalues.q3
kaggle_fedesoriano_stellar-classification-dataset-sd,real_kaggle_multiclass,3.1351,3,17,20000,0.0,0.0,,0.0,0.0,1998,0.5548496370076311,0.2615292743638281,2.635700664211066,3.1350781198496933,3.313456665973775,0.8892454567669041,0.2408175551954419,0.68032074839588,0.2096145575236036,1.3782242084102587,,,0.7545479440534706,1.1476422084012856,9.9413685278022,,,,,0.3899090966349598,0.4089620759103692,0.2631323497201849,0.3908057203179294,4.553045614605072,2.584540418753172,0.9963461960458956,0.1386352597789623,0.2339583453092768,0.3768768768768769,0.4160713878334882,0.1139347559027209,0.4158437876778876,0.3693602804729398,0.9696109041216764,,0.6391391391391391,0.2247529745104858,,,,,,,,,,,,,,,,,,,,,,,,,,,,,,,,,,,,,,,,,,,,
kaggle_fedesoriano_stellar-classification-dataset-sdss17,real_kaggle_multiclass,3.1351,3,17,20000,0.0,0.0,,0.0,0.0,1998,0.5548496370076311,0.2615292743638281,2.635700664211066,3.1350781198496933,3.313456665973775,0.8892454567669041,0.2408175551954419,0.68032074839588,0.2096145575236036,1.3782242084102587,,,0.7545479440534706,1.1476422084012856,9.9413685278022,,,,,0.3899090966349598,0.4089620759103692,0.2631323497201849,0.3908057203179294,4.553045614605072,2.584540418753172,0.9963461960458956,0.1386352597789623,0.2339583453092768,0.3768768768768769,0.4160713878334882,0.1139347559027209,0.4158437876778876,0.3693602804729398,0.9696109041216764,,0.6391391391391391,0.2247529745104858,,,,,,,,,,,,,,,,,,,,,,,,,,,,,,,,,,,,,,,,,,,,
kaggle_uciml_glass,real_kaggle_multiclass,8.4444,6,9,43,0.0,0.0,,0.0,0.0,171,0.7657246611507086,0.7010892446851781,3.874047790435896,8.714285714285714,2.020236787207317,0.6116525388703461,0.1372331877058992,0.486389064294164,0.2857533252059148,2.1710541960089595,0.2290046708149818,0.1837347297958715,1.0058823529411764,0.8811521942056627,6.068056616138217,0.7419480748914038,0.2316904764316221,0.001884163656849,0.0058103060688155,0.2397031787482429,0.2752893252131368,0.0534228734228734,0.149205713058694,3.833506879779442,5.559608043452918,0.9684005334974864,0.3577841034368338,0.1487793387899497,0.5263157894736842,0.3972742805979277,0.1545564107771633,0.4561998849773195,0.6404213726292659,1.509491460789712,,0.5964912280701754,0.0797571683933483,,,,,,,,,,,,,,,,,,,,,,,,,,,,,,,,,,,,,,,,,,,,
kaggle_uciml_iris,real_kaggle_multiclass,1.0,3,5,30,0.0,0.0,,0.0,0.0,120,0.0,0.6029329369327482,29.720879306413,1.0,1.985218317370395,0.0152549431257306,0.0,0.7823764372179505,0.2921811860979026,1.584962500721156,0.6379496268779106,0.3105636633284482,1.008403361344539,1.5844846253842364,1.7550309546110872,0.2470995249348619,0.2480499490154999,0.0,0.0,0.0,0.0,0.0,0.0,2.667084210845452,45.1182651630314,0.7499305555555555,0.9030966072460996,0.3607506291483863,0.0333333333333333,0.1980163192208687,0.1048767569000778,0.0,0.0,1.3095956245372844,1.2391678974699352,0.0666666666666666,0.0146525847900784,,,,,,,,,,,,,,,,,,,,,,,,,,,,,,,,,,,,,,,,,,,,
openml_1044_eye_movements,real_openml_multiclass,1.485,3,27,2188,0.0,0.0,,0.0,0.0,1998,0.1588372823746425,0.6604484546134991,0.1006864209530385,1.4847560975609757,2.6775231530448576,1.1034976442009858,0.0182784437109604,0.3481891732030848,0.246564621490076,1.5661495420340503,0.0987481535439272,0.1442991653190417,1.0014243722569616,0.9370335931658252,67.47084840033365,0.9836299793869258,0.0195549718186108,0.0035964599363101,0.0023278914441806,0.980133963881842,0.0061602863371819,0.915305679785664,0.0216640259612681,4.220460454842333,0.4067628794679755,0.998987726465204,0.0232122402365746,0.0210543933192311,0.6711711711711712,0.486443313133124,0.0876234849881109,0.4992815651314179,0.1138722783313948,0.3032655132422401,,0.915915915915916,0.704986146010707,0.2920244392491659,2296.0,0.2624599908550525,0.5809233449477351,4.81773995353641,1.3101268576649898,1.0,-0.3906811227200375,0.4152237808951236,0.4185557782231129,0.468626586506346,-0.0360668002672011,0.9998288246465864,0.9359036225810956,0.0057002310338045,0.0010955440383639,0.9871099050203528,0.97544128933231,0.9389416553595658,0.896392939370683,0.9986116390778164,0.9766459933125864,0.982480301156608,3.584955995579937,0.7263106946530103,5.143607957237315,2.291680243759133,0.09666084660889,0.0007799929279279,1.8397953959095128,3.584912625507551,5.115378145775903,0.0078353837033984,0.1738416573467578,0.9992890740535524,0.0515688163190598,3.789195254226129e-05,0.9898150144164772,4.1645794056781416,0.7526961230220701,0.0006866585234766,0.023126846480853,0.342206831195594,1.3775187152689714
openml_1100_PopularKids,real_openml_multiclass,2.7444,3,10,96,0.0,0.0,,0.0,0.0,382,0.4085950552025668,0.3635935766933161,0.2297771267537148,2.736111111111111,1.605717534239026,0.7241642403828171,0.1264835913158428,0.3230809377450421,0.0267784809666587,1.4662795314659351,0.1447170615488592,0.1697930516976704,1.00262467191601,0.7027823149917833,46.80725987324039,0.9711216469515492,0.0282975939433662,0.638888888888889,0.1272937693043289,0.9930067013890014,0.0035775593641243,0.9930067013890014,0.0035775593641243,3.0406711659313617,0.2344048201387439,0.9956689783723034,0.0313258997735991,0.026036099106412,0.675392670157068,,,0.4991094293626746,0.2548757100175035,0.2094796717113132,,0.4790575916230366,0.8013410605592525,0.2939508526209796,72.0,0.1884816753926701,0.4027777777777778,0.7568083497401515,2.016306129137988,2.0,0.3923317192832172,0.536622375328084,0.4974778543307086,0.5366428805774278,0.0680774278215222,0.998354874424504,0.9247007995808968,0.75,0.5,0.9962825278810408,0.9891891891891892,0.9962825278810408,0.9891891891891892,0.9940585268588344,0.9913687881429816,0.9949154574889076,2.778147783703423,0.0,4.208709250185879,1.46627953938639,0.073431551730152,-7.920454958565415e-09,1.5064021726527723,1.9048804780523592,3.331080953243811,0.0105652732902805,0.3041456922636428,0.8502614438722961,0.083147123028137,0.001319493207549,0.8524931012052918,2.171208620113427,0.9897880854644052,-2.22044607118983e-16,0.0262639119261264,0.6011377800891715,1.27146265803486
"openml_119_BNG(cmc,nominal,55296)",real_openml_multiclass,1.8841,3,9,11060,0.0,0.0,,0.0,0.0,1999,0.2471314008139817,0.6406673123860864,0.1754537786073485,1.8841099163679809,1.1914525237013214,0.5588285328728431,0.043580036896184,0.2891712482531235,0.081443936539625,1.539461108302692,0.1089952644891661,0.1417025925344236,1.0087234811473782,0.5397091664475755,59.54458439393534,0.970561367809937,0.0217990478271278,1.0,0.0,1.0,0.0,1.0,0.0,2.705059708864372,0.1933468443222784,0.9996786787590894,0.0258539231396413,0.0184936099030353,0.6503251625812907,,,0.4904647931218728,0.1704972374889186,0.1738731364316096,1.02692536007532,0.2311155577788894,0.832575508199044,0.290616727835456,10044.0,0.2270548874220092,0.3569693349263241,0.3421214535518263,1.5478921650510176,1.0,-0.2121954172434108,0.4405918503674015,0.4799732798931195,0.4946613226452905,0.0060093520374082,0.9969084829576288,0.92628903227938,1.0,1.0,1.0,1.0,1.0,1.0,0.9845961074382804,1.0,1.0,1.861446525883848,0.4040800105486802,3.3425517097717146,1.932082850133754,0.0583559244148252,0.0022642222883901,0.6922434247826655,1.6805172245574596,3.190165049673678,0.0114582687176181,0.2315816884394277,0.6169116353431614,0.0439034357553457,0.0003827230826848,0.6303884998996455,2.223899018821124,0.9645609025372164,0.3521982071303552,0.0123469278215062,0.68204236344585,1.0111824965373908
openml_11_balance-scale,real_openml_multiclass,5.8776,3,4,125,0.0,0.0,,0.0,0.0,500,0.5416493330559911,0.5781987954869026,0.2983683919643449,5.923076923076923,2.320390317014861,0.0007600874409195,0.1644322702717361,0.435518252698799,0.5517097685387563,1.3170894310222006,0.0167115359047244,0.0171992201640036,1.0020040080160322,0.0459519698286834,9.135470591576926,0.8230013093294993,0.0187060502846893,1.0,0.0,1.0,0.0,1.0,0.0,3.4933066134602195,2.143506561750603,0.963456,0.1441731345768417,0.0148775090326686,0.284,0.3685833345453166,0.147120212230044,0.4004006010017532,0.5409862701952389,0.6837359655687179,1.3242087283528414,0.304,0.3176691082335754,0.6650679727127523,39.0,0.078,0.2153846153846154,0.5,4.274953548866592,1.0,-0.7070417070161616,0.6259769617391723,0.8779429093619989,0.8759709496669311,-0.1439410335954597,0.8416487621149205,0.8006650326926753,1.0,1.0,1.0,1.0,1.0,1.0,0.8364769433187447,1.0,1.0,2.3214966449870493,2.319779909871128,3.505265324942962,3.475009859118538,0.1635762168907115,0.1318837839150175,2.319989735844616,2.3205429377708784,3.504432648877657,0.132840478127604,0.0454005341181838,0.0443817698746557,0.0078379086518126,0.0040744274062453,0.0444707112972501,1.0539057524392508,1.0052848002151815,0.9435406791945148,0.00473885032248,0.9823212297597887,1.024967578471425
openml_1222_letter-challenge-unlabele,real_openml_multiclass,3.6232,3,16,4000,0.0,0.0,,0.0,0.0,2000,0.4475086591340999,0.7186979024395304,0.1842643273312271,3.6231884057971016,2.783424908210661,0.2219067277700661,0.1316886375788909,0.2496360784904612,0.2366732432390936,1.424971556171536,0.1877530569826538,0.2111426600246826,0.981787014432545,1.1193890808401132,56.81102071091479,0.984040835979592,0.0170824342648067,0.0836588242820064,0.1269950146739505,0.9256268137814662,0.062569074278806,0.8275584931643016,0.1439367622052251,4.1833138036882,0.2172946643302697,0.999015,0.0250826606939974,0.019304706181845,0.697,,,0.500034766175005,0.3606866299647377,0.1806505674335026,1.1182924690483242,0.809,0.8205266813809021,0.2959352514729319,2208.0,0.138,0.5763586956521739,1.610272363898547,2.542530760402488,1.0,-0.281165313491466,0.5,0.4613333333333333,0.4653333333333333,0.0286666666666666,0.9995345085309868,0.9376380761836132,0.2302873615536338,0.0086748864501723,0.9976798143851509,0.885,0.9912993039443156,0.721,0.998018781687319,0.8896003134796238,0.9459402206721992,3.272861582922068,2.408014027150128,4.694387939921684,3.8129258408204767,0.0651213840937927,0.0034451991719191,2.6793302933958856,2.8724671942795803,4.276888443911621,0.0087423904475762,0.082282823270685,0.8596717647878723,0.0982800735814375,0.0017534250254727,0.8969128530893484,4.324835174000285,0.594733216442103,0.076026348979915,0.0433614222999122,0.2524646601384418,1.088375153211118
openml_12_mfeat-factors,real_openml_multiclass,1.0,10,216,400,0.0,0.0,,0.0,0.0,1600,0.0,0.6428573663898313,12.380303897207812,1.0,3.407915465114128,0.1014764062656962,0.0,0.9297578522844826,0.0474367450427904,3.321928094887362,0.2501939639863951,0.1971975589524465,1.0006253908692933,4.684825065576973,5.279373105114785,0.5090364252349903,0.1404715114492759,9.398379841927972e-30,5.657045689127825e-29,0.2027777777777777,0.1842379862419662,0.0,0.0,6.100615803458012,94.48802265871396,0.978746875,0.6292277565434801,0.1802223917631999,,,,,0.0,7.798048933203923,,,2.1494773892863446e-09,1.480525907677397,160.0,0.1,0.9825,7.046263703832061e-08,1.0,0.0,,0.186,0.9166666666666666,0.9766666666666666,-0.7646666666666666,0.9122103793641396,0.1703682917148393,3.7905831789805434e-28,0.0,0.6375,0.0,0.0,0.0,0.5970119999901917,0.053125,0.33125,3.459373587794011,2.757621981219495,6.524182358533868,5.50069921892264,1.2804906450021187,0.1696051768055086,3.417988693673117,3.459049605228568,6.235972847753526,0.5026842599921906,0.8321882297894797,1.0,0.2053115209031982,1.7528680196413665e-05,1.0006253908692977,48.75870316292738,0.0216662557688844,-6.481080989785554e-16,0.0946876322089002,0.004615200449469,0.1408515117930551
"openml_133_BNG(glass,nominal,137781)",real_openml_multiclass,157.2541,7,9,27557,0.0,0.0,,0.0,0.0,1996,0.9039245074577016,0.7472106458934096,1.4586254665952132,156.9959349593496,0.9329296182142436,0.357936480520999,0.1557483604668105,0.3353566568742712,0.2511937055238125,2.203344661706378,0.1030948963452889,0.1230121611875218,1.0354791305027844,0.4957587753806979,15.63319005328888,0.8491820147972705,0.1510621887521431,0.7142857142857143,0.4629100498862757,0.7311053229069215,0.4361078553361427,0.7142857142857143,0.4629100498862757,2.9953340972582323,2.199160280335052,0.9988092417299528,0.140940182662389,0.1212039887600519,0.5075150300601202,,,0.4820336525676643,1.8462956541131936,0.9902759123332454,,0.0831663326653306,0.2464622425232417,1.0304517532162127,246.0,0.0022318188416315,0.3487804878048781,3.808765730516845,23.78241145262309,5.0,0.7019011099476324,0.4161656646626586,0.501002004008016,0.6065464261857048,-0.1115564462257849,0.9783537867847806,0.5318876750647503,1.0,0.0,1.0,0.025735294117647,1.0,0.0,0.9379035622421904,0.1178977272727272,1.0,1.320660540110309,0.2607321213199268,3.336975192915249,2.4269964371151507,0.3870596237585286,0.0370803459111543,0.711092275290607,1.2067322029104424,3.2351316193393678,0.0613476400713381,0.1188911683637244,0.540515325754829,0.0531494652845735,0.0048989894361174,0.5663657932333018,2.0369786577027824,0.9695918943275196,0.4268995386239341,0.0200285359700896,0.8088042156829777,1.0555849183538075
openml_1459_artificial-characters,real_openml_multiclass,2.36,10,7,2044,0.0,0.0,,0.0,0.0,1996,0.2232286431656817,0.6453435726536142,0.6631953370668798,2.3604166666666666,3.102565669003206,0.5355056278233273,0.0061377685974903,0.3006392780231665,0.2141576602643156,3.284565119662856,0.2562114167181556,0.164991712114098,1.003363293293879,0.8085448783144509,14.253493244510986,0.8584502360898121,0.0901646650848818,0.0829984395780986,0.1225348902885243,0.7577422121055547,0.104538375648598,0.4621763362028777,0.2552716843759829,6.1566914806790365,1.326794088401626,0.9979628595869092,0.2304393079870255,0.095840767051888,0.6142284569138277,,,0.4814748404734459,0.2241117529374661,0.9078688491313522,,0.6072144288577155,0.3383059115610994,0.6084601758692872,480.0,0.0587227795448984,0.6862499999999999,0.9658288203895904,1.367075569374916,6.0,-0.157294703163593,0.1941097724230254,0.2724230254350736,0.3333333333333333,-0.3969210174029453,0.978792372704648,0.7357998144657271,0.5676340239833975,0.0,0.9320113314447592,0.5384615384615384,0.8941176470588236,0.0,0.9187870862153008,0.6752336448598131,0.8316326530612245,3.584787695731882,2.1859706277927216,6.726804233638657,5.208875524287853,0.3373054152115644,0.0964180958635871,2.854172530293229,3.572072677996973,6.553939045129362,0.1550798728425002,0.0586078138479845,0.6334637658328532,0.2313328844970834,0.0175921156869941,0.6478455079189981,2.3480805212113944,0.684623750435042,0.1614940460300523,0.104748022491911,0.4275349878530611,1.4871373798372702
openml_1466_cardiotocography,real_openml_multiclass,10.9245,10,35,426,0.0,0.0,,0.0,0.0,1700,0.7781221295162518,0.7550598524176259,4.962068585992891,11.023809523809524,2.0762542848234324,1.4081457992312818,0.0764071326153257,1.0,1.7554167342883506e-16,2.9138699232658443,0.1674202334386729,0.167312139756408,1.000588581518539,1.4005217915644936,7.319814874818117,0.5005434352542403,0.3648951252009878,,,0.0,0.0,0.0,0.0,4.592044478875053,inf,0.9379948096885812,0.3980797292142239,0.2545834218412979,0.0117647058823529,0.1776509385962842,0.0956613563578341,0.0242535625036332,0.6828737680831214,8.999999999999998,,0.1488235294117647,0.0,1.1983627533209338,42.0,0.0247058823529411,0.980952380952381,6.807026117507733,3.369421142049864,6.0,0.9434266940582174,0.4535121112372,1.0,1.0,-0.5237422636437532,0.9736659123798576,1.0760601101279304e-31,,,0.0,0.0,0.0,0.0,0.8502359985206314,0.0,0.0,3.458482142518752,0.0338347151938456,6.2028133298112,2.913872813651357,0.962190302747322,0.012060959733287,0.5743170519873636,3.4406786656342465,5.906054740387361,0.2130083763564103,0.9999999999999996,0.9999999999999998,0.1136051099144134,0.0006675542735833,1.0005885815185436,7.158856839851937,0.6500485000378348,-1.3377513714063122e-16,0.0542058457631594,0.1804698267650502,1.128675007882607
openml_1475_first-order-theorem-provi,real_openml_multiclass,5.2551,6,51,1224,0.0,0.0,,0.0,0.0,1995,0.6975912783901765,0.5141562059649978,0.1519373526767151,5.251928020565552,2.9128295041909915,0.804665781331692,0.1338803032211736,0.3010065617517418,0.1027630019393297,2.298753416545845,0.2528141299899179,0.2248225724260495,0.983541068761718,2.4943521719391883,23.928662947443417,0.9795426390839322,0.014899688523757,1.567485215723579e-05,5.537452510117848e-05,0.9469262454270309,0.03324772455209,0.5099272654764351,0.1871737921371338,5.115515981200985,0.5766695740857262,0.998376894617496,0.0960669395358526,0.0345928064849443,0.6781954887218045,,,0.5000795556651495,0.5655125840984244,0.4952656893583564,,0.6952380952380952,0.586609035658595,0.410973619742591,389.0,0.0794850837760523,0.4287917737789203,8.771948437606493,2.263798380451736,4.0,1.5343244653671857,0.4181696726786907,0.2164328657314629,0.458249832999332,-0.0327321309285236,0.9983419152114336,0.9343435257285848,0.0002152422000521,4.052716638591078e-16,0.9801980198019802,0.841225626740947,0.7346938775510204,0.1412742382271468,0.9896809597065092,0.943295804639362,0.963741923101529,3.584957612081234,0.6766865497356729,5.802072035054311,2.956823746868532,0.1640475567113046,0.0076726002073899,2.550798609035389,3.580648212602333,5.752976369702897,0.0760950707428111,0.1902988880866159,1.0,0.1888670523877604,0.0002930595076914,1.305607667365219,16.55765871352213,0.1684017613380837,4.094865579264956e-16,0.0670890517370986,0.0325517274025563,0.7966538190130967
openml_1476_gas-drift,real_openml_multiclass,1.8336,6,128,2782,0.0,0.0,,0.0,0.0,1996,0.2327891757888816,0.3598960092422846,1.7682457176230293,1.8332063975628328,3.5849567106471905,1.3375024930542705e-15,0.0129788720992598,0.8899362743519621,0.0855872763274237,2.545537231275559,0.5346444327207761,0.2493480412079523,1.040712478456476,6.677007129209352,6.214603883462528,0.7613730768602982,0.1202486493062722,3.386436395395786e-25,8.943536593379693e-25,0.6476348981583387,0.0983852946616074,0.0,0.0,5.720888232691721,29.013301539072547,0.9790005863430268,0.4096057092310263,0.182652736380719,,,,,0.1855590255859361,3.989233589513841,,,0.0001405859292799,1.0804332077585896,1313.0,0.1179906542056074,0.9847677075399848,6.038952038228674,1.393486561579491,3.0,0.093222545817036,0.382359095701443,0.5341124015098471,0.9471996201237816,-0.5681738309282556,0.9955332308268332,0.4462961473168836,2.631768865500011e-24,1.3720255723135948e-76,0.7969543147208121,0.491283676703645,0.0,0.0,0.8334019351253686,0.5861583871301825,0.7281954225352112,3.584956710647189,3.584956710647189,6.016439011562742,5.226291257025581,0.9042026848971672,0.1140549303600062,3.584956710647189,3.584956710647189,5.843996970869741,0.2864969710530076,0.7439075676071873,0.9992106842926834,0.5443355347929579,2.024192377498789e-05,4.390273331490136,71.16256859144212,0.0033512064997925,4.931829524610203e-08,0.3526992105201417,0.0003401542816693,0.0281348050960264
openml_1477_gas-drift-different-conce,real_openml_multiclass,1.8336,6,129,2782,0.0,0.0,,0.0,0.0,1996,0.2327891757888816,0.334053261505458,1.790883978916343,1.8332063975628328,3.580440109482192,0.0512987281011194,0.0129788720992598,0.8993395993502084,0.0694805384600081,2.545537231275559,0.5339202183843536,0.2483285813988723,1.0401706487565436,6.688562830827679,6.2198328401148615,0.7613600247216248,0.1197780987315211,9.672603588203659e-26,2.5583740936075738e-25,0.6476348981583387,0.0983852946616074,0.0,0.0,5.716715983304845,30.462387396670533,0.9786772944686968,0.4092613574529039,0.1819798832031333,,,,,0.1855590255859361,4.063368755695736,,,0.0001083352336363,1.082081603265777,1313.0,0.1179906542056074,0.9870525514089872,6.1971420596223314,1.393486561579491,3.0,0.093222545817036,0.382359095701443,0.5434724871429606,0.9518769801986838,-0.5721872124436289,0.9955332308268332,0.4462961473168836,7.709221929242457e-25,4.981895859402451e-77,0.7969543147208121,0.491283676703645,0.0,0.0,0.8333618020312461,0.5861583871301825,0.7281954225352112,3.584956710647189,3.002315160362416,6.016439011562742,5.182668061784734,0.9042026848971672,0.1140549303600062,3.584956710647189,3.584956710647189,5.843844201171655,0.286649740751093,0.7843646628034031,0.9992106842926834,0.5432487971262374,2.024192377498789e-05,4.390273331490136,71.59797400156785,0.0033718893709522,4.8623826915942284e-08,0.3529157611079178,0.000343040118287,0.0303902736699384
openml_1497_wall-robot-navigation,real_openml_multiclass,6.7226,4,24,1092,0.0,0.0,,0.0,0.0,1998,0.5919757743139804,0.6961099186438079,1.0882751587438872,6.732824427480916,3.359581015586852,0.2536186800993044,0.1371941025875348,0.523124783395408,0.1182850952270657,1.7141350713126915,0.1699458768523708,0.1223834267772951,0.9988999106215544,1.0260555366363695,5.186462261341061,0.9249606424003888,0.0598307132873477,0.0984145111238958,0.2011094034561576,0.3890120025404123,0.2537084632502533,0.0,0.0,4.743214294938279,1.261157399266558,0.9939175912649386,0.3305017919612642,0.1392765310167515,0.1916916916916917,0.2796655287466488,0.1733607805333642,0.2927274241133769,0.5839486511270667,0.8489613445132298,1.622469010363614,0.3118118118118118,0.3585845447053082,0.8881598082522935,262.0,0.0600366636113657,0.8969465648854962,6.327660671322103,3.652352628196296,2.0,-0.1328714917623834,0.69712625250501,0.5443540414161657,0.6457635270541082,-0.0967401469605878,0.9931392888135306,0.7071984458659805,0.5085113419192632,0.0002916285589446,0.7252252252252253,0.0473933649289099,0.0,0.0,0.9617253886298868,0.241437558247903,0.5721600882394801,3.584938648302024,2.628203825340384,5.09089190156635,4.167364686818299,0.6905269357768837,0.1749742098347759,3.1883180098323,3.58476638227332,4.946178479391353,0.2165633371080895,0.3943857310812048,0.647302655678775,0.1518806893802589,0.0030838764356498,0.6524228246510393,4.562859424701713,0.6231276876733649,0.2817759572096647,0.0743368684549904,0.4382108163065457,1.069219439801223
openml_1499_seeds,real_openml_multiclass,1.0,3,7,42,0.0,0.0,,0.0,0.0,168,0.0,0.5976003404727875,8.998902473645623,1.0,2.321481364952841,0.0004035281343458,0.0,0.901444435658842,0.0419239590551554,1.584962500721156,0.6184995198044734,0.3270139683461771,1.005988023952096,1.8524150208307983,1.9854343918943247,0.3098993704826412,0.2116268890872769,0.0006517783731111,0.0006762995219203,0.1547619047619047,0.1478840267714862,0.0,0.0,3.10814878869141,9.681942922759813,0.8748937074829932,0.7982950769825872,0.3536853603338263,0.125,0.2884151073701189,0.126229362977292,0.2373097965729027,0.0,1.6269617595034342,,0.2202380952380952,0.0319328936088002,2.4947396185476154,56.0,0.3333333333333333,0.8892857142857142,2.3149346316248794e-09,1.0,0.0,,0.6369047619047619,0.9107142857142856,0.9821428571428572,-0.2797619047619047,0.6433673261889921,0.150232052645784,0.0013501856902431,0.0,0.2946428571428571,0.0,0.0,0.0,0.4092524865449672,0.0848214285714285,0.2321428571428571,2.321774436557376,2.320748685941503,3.608543381323583,2.711312129274417,1.1949119326961792,0.2981935559549495,2.32126156124944,2.321774436557376,3.363260049543172,0.5429640124274235,0.8717997199167543,0.9945234479291628,0.7513513716481548,0.0296582467706881,1.0004786781562836,5.0769660333910895,0.0677187424989239,0.0008059588334703,0.2873477364966259,0.0119141478155043,0.93629856865509
openml_14_mfeat-fourier,real_openml_multiclass,1.0,10,76,400,0.0,0.0,,0.0,0.0,1600,0.0,1.7028904713405135,9.236428201816976,1.0,3.459423167090097,9.014026471991538e-16,0.0,0.7182657617940349,0.227829065860933,3.321928094887362,0.1456769254977959,0.1034545905472366,1.0006253908692937,1.5585316668185702,11.434379615012489,0.7662356888971658,0.1792398335718705,3.841615860856883e-06,2.4805905344265706e-05,0.4498611111111111,0.2829650639753175,0.0,0.0,6.490830201217336,29.95547464300936,0.988712890625,0.2905210607601236,0.2275359675577865,0.323125,0.4440532231258163,0.0808155849928674,0.4109507882264797,0.0,5.058400007098612,2.165541444925469,0.84875,5.9888187224566925e-05,0.7743762301129858,160.0,0.1,0.995,4.43218919334953e-08,1.0,0.0,,0.1913333333333333,0.746,0.7826666666666666,-0.5626666666666666,0.933579528744332,0.2912144643338034,0.000166524919178,0.0,0.9625,0.0,0.0,0.0,0.8940795998490754,0.28125,0.6875,3.459423167090096,3.459423167090096,6.685536348548556,5.765547443406643,1.0158038185708156,0.0958149134289021,3.459423167090096,3.459423167090096,6.642668267696118,0.1386829942813401,0.2313608441672754,0.6742218492922373,0.1267625140255973,0.0002846951648242,0.6746435014806624,11.925883903377333,0.548362024654679,0.0994921010272169,0.0653479886712507,0.3184470317794551,1.0525724274231556
openml_1500_seismic-bumps,real_openml_multiclass,1.0,3,7,42,0.0,0.0,,0.0,0.0,168,0.0,0.5976003404727875,8.998902473645623,1.0,2.321481364952841,0.0004035281343458,0.0,0.901444435658842,0.0419239590551554,1.584962500721156,0.6184995198044734,0.3270139683461771,1.005988023952096,1.8524150208307983,1.9854343918943247,0.3098993704826412,0.2116268890872769,0.0006517783731111,0.0006762995219203,0.1547619047619047,0.1478840267714862,0.0,0.0,3.10814878869141,9.681942922759813,0.8748937074829932,0.7982950769825872,0.3536853603338263,0.125,0.2884151073701189,0.126229362977292,0.2373097965729027,0.0,1.6269617595034342,,0.2202380952380952,0.0319328936088002,2.4947396185476154,56.0,0.3333333333333333,0.8892857142857142,2.3149346316248794e-09,1.0,0.0,,0.6369047619047619,0.9107142857142856,0.9821428571428572,-0.2797619047619047,0.6433673261889921,0.150232052645784,0.0013501856902431,0.0,0.2946428571428571,0.0,0.0,0.0,0.4092524865449672,0.0848214285714285,0.2321428571428571,2.321774436557376,2.320748685941503,3.608543381323583,2.711312129274417,1.1949119326961792,0.2981935559549495,2.32126156124944,2.321774436557376,3.363260049543172,0.5429640124274235,0.8717997199167543,0.9945234479291628,0.7513513716481548,0.0296582467706881,1.0004786781562836,5.0769660333910895,0.0677187424989239,0.0008059588334703,0.2873477364966259,0.0119141478155043,0.93629856865509
openml_1501_semeion,real_openml_multiclass,1.0452,10,256,319,0.0,0.0,,0.0,0.0,1274,0.0136857109687305,1.5770112971741987,6.85504943919689,1.0483870967741935,0.8741919850207243,0.1178563986931942,2.311284930789359e-05,0.8068359123711201,0.1166172706317782,3.3217928021207856,0.0969972589468471,0.1062474204900332,1.0007855459544386,2.3036202934323247,22.26671876074174,0.8109620378889687,0.1025202809772395,,,0.7200062316364387,0.1014367825114544,0.0932376907771657,0.2560511319187414,4.046802824688317,26.719127595083613,0.9893510839911378,0.1491819624531931,0.0776540867388013,,,,,0.0117311308559844,5.967654407902483,,,1.596561156341879e-05,0.6973295389925374,124.0,0.097331240188383,0.6741935483870968,11.16426454067496,1.016978134255682,6.0,-0.2852603532995899,0.1907343692193858,0.7762930077691453,0.8610580836108029,-0.6428745837957826,0.958601946519264,0.432619330786565,,,0.984189723320158,0.53515625,0.9723320158102768,0.0,0.8804653409305262,0.6627450980392157,0.7795275590551181,0.9994861751717058,0.2388265411067384,4.276291719588825,3.5009958218978534,0.4906692374748038,0.0296953759272975,0.826754315171601,0.9617669660181536,4.13632055657927,0.0992643509571964,0.5832691187929864,0.8159250506004544,0.0672271376289262,3.938938831480199e-17,0.8165659972230722,19.641880476162548,0.269066889694317,0.0608686665359458,0.0308883366117228,0.1500670893954045,0.7160151260952116
openml_1508_user-knowledge,real_openml_multiclass,5.375,5,5,81,0.0,0.0,,0.0,0.0,322,0.572945596351868,1.0411776344898978,12.366443065593176,5.421052631578948,2.582116559840427,0.002455206314802,0.0912865374165056,0.355269963633551,0.4143267950687285,2.0477813097776982,0.1226217502525331,0.0722806574358232,1.003115264797508,0.3151294046724969,5.532048125661633,0.7649685475942349,0.3493750018873359,0.0819700876141466,0.1053778003300757,0.2786131509117964,0.3115279271853229,0.0805549042952651,0.1331661724554435,4.259730932660616,14.448821991424726,0.9850507310674742,0.3701669369575094,0.4934521605549828,0.3416149068322981,0.4141415496062846,0.1108578215179022,0.4152269975469838,0.5437230902009992,1.0198670675765114,1.2459329913771922,0.6459627329192547,0.0596761417705929,1.0272981990450565,19.0,0.0590062111801242,0.431578947368421,0.6523441140713742,3.2876819909971062,2.0,-0.3094038313458691,0.5466135917849314,0.8663897542402216,0.9130321910695742,-0.1925406715126341,0.9550229263413236,0.141996902439776,0.315645929410403,0.0,0.775,0.0,0.3463687150837989,0.0,0.9401884803420244,0.0,0.5081451612903226,2.58349343743153,2.577740821119028,4.531109253084982,3.382599958515482,1.248402253037539,0.100165494124246,2.5828978400205678,2.583229798855686,4.510640489333095,0.1148816415636311,0.0661533263906096,0.2342125991565271,0.124234036173032,0.0394184283157051,0.2349422334218121,1.460477772450148,1.0284103198655723,0.6214832416841855,0.0545982078612553,0.817214565975546,1.0879904240120883
openml_1512_heart-long-beach,real_openml_multiclass,5.6,5,13,40,0.0,0.0,,0.0,0.0,160,0.4021426985536353,0.5424554059952428,0.2564844656254724,5.625,1.3945459001073337,0.8297947044048616,0.0444585031284511,0.345529555741333,0.0961779623465429,2.1736591361258952,0.1326889484674306,0.1455098323069183,1.0062893081761013,0.7119838107827072,34.09786164505236,0.9567550940618706,0.0219768840931713,,,0.8502383282742662,0.1041476270730944,0.6099095052973291,0.2852305980657863,3.504457369040693,0.6000540231045443,0.9906640625,0.0637476671925348,0.0406679133929222,0.825,0.548102107918245,0.1233462177788651,0.4784671541600979,0.6770313878454166,0.5053132968866109,,0.925,0.5772063306718529,0.4187061467563963,8.0,0.05,0.25,1.5429583673326093,2.6309682187730967,1.0,-1.022601891162083,0.3438155136268344,0.144304682040531,0.3815513626834382,-0.0062893081761006,0.9874053121046736,0.9255214064809708,,,0.9651162790697676,0.660377358490566,0.9186046511627908,0.1632653061224489,0.9784131856565832,0.7865853658536586,0.9167532917532918,2.2927560513007377,0.0,4.364394487615993,2.173659190705612,0.1290647747420727,-5.4579716746161466e-08,0.9224062617590724,2.232076507107005,4.295331921362866,0.041423241461783,0.2436296171545824,0.6186060126476857,0.0894050161114194,4.163336342344336e-18,0.6224966165008159,3.025621440725401,0.7996321352024773,0.2041070747271324,0.031516218950181,0.5684494037334376,1.1911016043733187
openml_1523_vertebra-column,real_openml_multiclass,2.5,3,6,62,0.0,0.0,,0.0,0.0,248,0.3563019682963632,0.4886743752865143,1.453154501938555,2.5,2.5846559031443324,0.0005217879875641,0.0929378734432365,0.6230523788447486,0.1921633837581522,1.4918603462795097,0.3970857373511073,0.2658300529685548,1.0040485829959518,1.163046276668113,3.859112807596972,0.682241423863796,0.1501998086138156,0.0113601995351676,0.0167025849586392,0.4468303571428571,0.3068034455367798,0.235625,0.2811715168273628,3.689935078916812,1.669565379888795,0.967514308012487,0.3865811705070303,0.2466370076480815,0.3911290322580645,0.4247862785684308,0.1172587757407018,0.4315304078304678,0.2315884668827003,0.8133152996255831,,0.5483870967741935,0.3233856267769724,1.3214512342570768,48.0,0.1935483870967742,0.625,0.9621512651602164,1.888888888888889,2.0,0.1350615227847403,0.7740718973454795,0.810265452052111,0.8304927025173866,-0.0162601626016261,0.8956776660826703,0.5626868304926812,0.0305593432022078,0.0001728600423761,0.7890625,0.1964285714285714,0.546875,0.0,0.7958010208278797,0.2757142857142857,0.57203125,2.58486892219824,2.5835908078747942,3.934863167178398,3.250648289938128,0.8260809785396219,0.1418661012993518,2.58486892219824,2.58486892219824,3.862840284832027,0.2138889836457226,0.4871723470936063,0.8131138612128533,0.4646659921172513,0.012488797305145,0.8164058201651324,3.213208826171745,0.6152207956290874,1.559343657595454e-16,0.1451011372736892,0.3598363416928977,1.1332548665309887
openml_1527_volcanoes-a1,real_openml_multiclass,50.8966,5,3,651,0.0,0.0,,0.0,0.0,2601,1.7694001102119945,1.1292536042907293,1.2680906653333532,50.234042553191486,3.700388527696298,3.842218386531472e-05,0.8741443344731633,0.2450802097326808,0.344924793761394,0.6267410829913024,0.0484716995464458,0.0488347618963205,1.0003846153846148,0.1087532876258211,5.960482263158448,0.8575722755658122,0.2314737056487047,0.6619803955430124,0.103294386096929,0.717412927961348,0.2806713163134355,0.6393317565873945,0.2720090127516409,4.221980219192022,0.7047058100640281,0.9541849532630294,0.105149391495579,0.1185717512352372,,,,,1.1610301303350552,0.418139154310525,,,0.5848551447770964,0.9928390254164196,47.0,0.0180699730872741,0.4382978723404254,0.4657744776532991,16.95971773147536,4.0,1.4996581269786464,0.91187708750835,0.9112104208416836,0.9112090848363392,-0.0080160320641281,0.9911331946363292,0.5743313910705522,0.7866563676604198,0.4178647310557944,0.925531914893617,0.1318206374932469,0.8441558441558441,0.1069692058346839,0.9909690654486872,0.4649357601713062,0.9039643841424634,3.584934324506184,3.584843228884268,4.175700810678198,3.966607197103936,0.2414869606061711,0.0323803229240136,3.584882264641278,3.584927812452237,4.1724041044586615,0.0356379933865396,0.0156219582728147,0.0757061416237457,0.0353260819857545,0.0041133816831526,0.0755162113235017,1.0806908823655397,1.0182501669087969,0.9122023873772728,0.0197197318344536,0.9652262771430348,1.0494705246371685
openml_1528_volcanoes-a2,real_openml_multiclass,50.7241,5,3,325,0.0,0.0,,0.0,0.0,1298,1.767035438038081,1.1303226849658277,1.2488335541916271,51.17391304347826,3.321861359852796,5.985281788466856e-05,0.8727448190819558,0.2483138788940795,0.3487687341862301,0.6316314229118345,0.0532291832414159,0.0534093970991204,1.00077101002313,0.1192773169405839,6.679947650723904,0.8546936532142207,0.239845502137258,0.6251720242036771,0.1116226561696318,0.7256983645980059,0.2998043615729944,0.6350439260552785,0.2815578991796529,3.858936439520925,0.7371442235251188,0.9521451753438382,0.0945563432437056,0.1134560025992956,0.1517719568567026,0.2575753937901273,0.1870407342517906,0.3234938572551589,1.1629808109277788,0.4282586072460013,,0.1825885978428351,0.5742271185938008,0.910955473530901,23.0,0.0177195685670261,0.2869565217391304,0.4381100043210638,16.82276397515528,4.0,1.4996334224892822,0.9067801442705216,0.9044706754483506,0.9075446212186012,0.0238912411256522,0.9937407666074431,0.5777447121302769,0.7866984699643167,0.4526959661623888,0.9428571428571428,0.1558333333333333,0.8714285714285714,0.1283333333333333,0.9931681237561928,0.6441831683168316,0.9189244663382594,3.32192123390916,3.321801528296024,3.9293388853135567,3.728117043039685,0.2254356137813098,0.0240940658943014,3.321831422824613,3.3218912756311814,3.924346137761544,0.0291167079749035,0.0213863375296221,0.1110060076945232,0.0430207767851414,0.0056607652445832,0.1110915944390833,1.118096129227176,1.004583970741964,0.8796329301002501,0.0243407710148623,0.942108450421107,1.06134004998457
openml_1529_volcanoes-a3,real_openml_multiclass,47.2069,5,3,305,0.0,0.0,,0.0,0.0,1216,1.7513327495817628,1.1619010710118922,1.245327728761006,47.60869565217392,3.3218545462340434,4.617225867556308e-05,0.8634134553724921,0.2445234913822162,0.3574961179172973,0.6643742501557415,0.0511150444797372,0.0463453246577663,1.0008230452674896,0.1102451970356099,6.514808010229767,0.8520876950144776,0.2442396053580464,0.5892753238600383,0.1002289090238787,0.6823255035671456,0.2822525541456155,0.5887549847449115,0.2655628699850786,3.884249697525702,0.7605995276364572,0.9519205278306788,0.101979098864083,0.1218974042547447,0.1603618421052631,0.259145018863668,0.1858528085579244,0.3251721857734654,1.156249043486005,0.4349821621651226,,0.1800986842105263,0.5669124021475552,0.9377052022300028,23.0,0.0189144736842105,0.2782608695652175,0.4926155089730039,15.704813664596273,4.0,1.4995747615460722,0.9021366741673256,0.8988485475075514,0.898852601917736,0.0295992215532443,0.994751413307964,0.5700705671908243,0.6946269287431085,0.4248621338919588,0.9206349206349206,0.1610017889087656,0.8142857142857143,0.1305903398926654,0.9930962589263044,0.4962389380530974,0.8799719887955182,3.3219066553526773,3.321818726569114,3.9584889841854696,3.743620139214754,0.2426607662936648,0.027703992539386,3.3218284916747267,3.3218724560665085,3.954564476681176,0.0316382651492921,0.0121849147248921,0.1022846203890743,0.0391002599730309,0.0119602530771065,0.1023688052618225,1.1068881843724423,1.0087547535292032,0.8868261979008232,0.0255302565250687,0.9477904757150132,1.0578214689508227
openml_1530_volcanoes-a4,real_openml_multiclass,47.069,5,3,303,0.0,0.0,,0.0,0.0,1212,1.752597607184421,1.0761183233165588,1.046091601934876,47.47826086956522,3.321857830883054,9.160486087093328e-05,0.8641542857210364,0.2406706719175445,0.3240431193004527,0.6613370517976574,0.034357169123875,0.0530604487990688,1.0008257638315443,0.0958499965671132,6.499471325887801,0.8684041207962201,0.208166841450516,0.649149692358131,0.1616235505704289,0.8398186255608749,0.201473134865803,0.7357947122833717,0.2173133156493759,3.881442444884192,0.6115298877326957,0.9566954220174492,0.101752437796519,0.1057429418185111,0.1740924092409241,0.2701430037405283,0.1915267669620053,0.3439509432530903,1.1588955893740298,0.3837750032956619,,0.2021452145214521,0.6188813152026863,0.8448790460577493,23.0,0.0189768976897689,0.2173913043478261,0.3101587734036277,15.898832616658703,4.0,1.499476250403036,0.900990099009901,0.9034653465346536,0.9018151815181518,0.0272277227722772,0.9929319020845064,0.6280867054887138,0.8201554564069437,0.3782497599749335,0.971830985915493,0.2790697674418604,0.9154929577464788,0.1681574239713774,0.9885628284499732,0.8691635398554041,0.9173381494859684,3.32192025076078,3.3217526664332824,3.946382085516374,3.759492520085967,0.22376478247247,0.0367076327145658,3.321826620944191,3.3219104131079398,3.9424174072833047,0.0407462654585435,0.0297670606783889,0.0955380820477387,0.0066098002635763,0.00092362506031,0.0956169739404289,1.0966120537308677,1.0009530503918946,0.9049121873718712,0.0037667126619432,0.9529326188818829,1.0487825520613812
openml_1531_volcanoes-b1,real_openml_multiclass,376.5769,5,3,2036,0.0,0.0,,0.0,0.0,1998,1.905647921935876,1.1234860160125717,0.6422326937550709,372.95238095238096,3.584919953412168,3.463849783106182e-05,0.9519924517416268,0.1811526510873129,0.2451667036625902,0.2894111862834335,0.0156154140408793,0.0092944901457363,1.0159782456246516,0.0401389420878101,7.463969541757709,0.9272632819084956,0.1225458583019339,0.3791083896668057,0.1846060888558638,0.6525272129818414,0.1084994433974075,0.3817392510031584,0.1939260975401073,3.8355567067796703,0.2776407100809233,0.9628662696730764,0.0387744329159306,0.0337963876378333,0.076076076076076,0.2101388070836409,0.1486164971990064,0.2181028444877736,1.597166134634859,0.2186622741574458,,0.087087087087087,0.7820979595294428,0.7295611247311746,21.0,0.0025798525798525,0.2285714285714286,0.7650910705268168,70.51825818683707,4.0,1.4990496420864323,0.9639278557114228,0.9599198396793588,0.9599198396793588,0.0200400801603205,0.9984144377044474,0.7857602658340357,0.760269133098539,0.1678119209483226,0.8727272727272727,0.4535603715170279,0.7636363636363637,0.1026438569206843,0.9980147899457256,0.6034024029518494,0.6828007518796992,3.584955995579937,3.584886914101395,3.8566515897327047,3.7966139326693695,0.077753249194,0.0176465106521237,3.584901932328284,3.5849364730675544,3.8550280938348207,0.0192850247768958,0.0264737863596062,0.0259390951802929,0.0129939972287331,0.007913149713612,0.0265053529142976,1.0605468255605972,1.0047105764542985,0.9826773348590606,0.0104535734711726,0.9936939556566796,1.0326287010074475
openml_1532_volcanoes-b2,real_openml_multiclass,395.5769,5,3,2134,0.0,0.0,,0.0,0.0,1997,1.910579946885396,1.1608973955575237,0.7343080219891395,391.8095238095238,3.5849012689872803,8.406342925705526e-05,0.9553205362269108,0.1931060679298404,0.280860553085663,0.272385387870281,0.0278659981538955,0.0155024064442168,0.9832747097315554,0.0611246390633362,6.141282076257411,0.90984222596204,0.1522262491816183,0.3251727510754254,0.216970454705868,0.6219396133953211,0.2290870359837283,0.3834765546665627,0.2830833185888958,3.812933477099976,0.3672463474915051,0.9610670387153089,0.0443531797575852,0.0440893670599203,0.0645968953430145,0.2036157481287427,0.138905593647048,0.2041770896278506,1.5934818970625089,0.2696351609731415,,0.0711066599899849,0.7309611105580656,0.9241379355352952,21.0,0.002460745254277,0.2285714285714286,0.8777976424116442,74.46190670514278,4.0,1.4991345926833055,0.9679585838343352,0.9592852371409486,0.9572825651302604,0.0200253841015365,0.9981570298809296,0.7340671865200746,0.6735118104430255,0.0466704602459418,0.8653846153846154,0.2941176470588235,0.75,0.0,0.9977297456830224,0.4082018379401651,0.8221496030659732,3.58495617205541,3.5848044928546163,3.838544535810712,3.762078535256829,0.0952630246688617,0.0187839941113829,3.5848738174532158,3.5849496570536123,3.8383609480215495,0.0188982573019469,0.0189916959221522,0.0441293324331333,0.02621141169565,0.0132572503329031,0.0427235253222044,1.0222840630977164,1.014710432174204,0.9128296339227454,0.0197343310142765,0.9637700330484746,1.0184972476359602
openml_1533_volcanoes-b3,real_openml_multiclass,400.24,5,3,2078,0.0,0.0,,0.0,0.0,1996,1.908746137183279,1.1332860020414903,0.7123500415332076,400.2,3.584901572909899,5.916874254398802e-05,0.9546276881552338,0.1797610409606072,0.243032369440278,0.2760822075583171,0.0206971222456469,0.0232840931140416,1.0031140625242394,0.0531090496719709,7.100476081503424,0.9281568985093815,0.121023942993057,0.3001536466558273,0.2038589020128753,0.5787827620692162,0.2205771011183068,0.3426516840685913,0.2743467464339219,3.82210156969963,0.2718876075968744,0.9551964650744376,0.0388822107685856,0.0332561852383775,0.0711422845691382,0.2023058793659075,0.1485444001645142,0.210818709212566,1.623319072363869,0.2150715607332349,,0.0896793587174348,0.7856589643912878,0.8542817797628185,20.0,0.0024073182474723,0.25,0.6750987893634313,74.06800858606842,4.0,1.4991224661916176,0.9672678690714762,0.9639278557114228,0.9645958583834334,0.0180360721442885,0.9982132804441955,0.788410646586668,0.6337556352638577,0.041253729266025,0.8888888888888888,0.2321243523316062,0.7407407407407407,0.0,0.9980300244707384,0.3905038759689923,0.7163474522556288,3.584956710647189,3.584839063913333,3.8414209638247887,3.783755988904584,0.0772829293009218,0.0195701879027025,3.5848740040412537,3.5849328274081818,3.841274360097153,0.0196818515024175,0.0273004400264483,0.0475107045191576,0.0089999645168514,0.0055806977009315,0.0481914220219079,1.062672180846966,0.9859917827104034,0.9606782240153492,0.0072903311088915,0.9733350033628764,1.024331981778685
openml_1534_volcanoes-b4,real_openml_multiclass,377.1154,5,3,2038,0.0,0.0,,0.0,0.0,1998,1.9057864765483568,1.1036547709766846,0.6808520553512196,373.5238095238095,3.584938595679328,2.3037800874486764e-05,0.9519924517416268,0.168681242407044,0.2449368122919281,0.2894111862834335,0.0083419345989347,0.0030630938218013,0.988206918725203,0.0211662882664685,7.859213915481987,0.9316399963037018,0.1157611080775335,0.348958598722,0.2430294455065669,0.6133422995066276,0.1907952020672221,0.4175837908457774,0.2272500143972137,3.837525337508677,0.2571358001973821,0.9636440745049354,0.0368244444540843,0.0319564795020023,0.0735735735735735,0.2145403242967536,0.1497498058761852,0.2181028444877736,1.5971002181349154,0.2053481686514143,,0.0960960960960961,0.7951014147506708,0.709889549798378,21.0,0.002576054955839,0.2571428571428572,1.0767170946835067,70.63443325463219,4.0,1.499052413295734,0.9626172344689378,0.9612758851035405,0.953938543754175,0.0153587174348696,0.9984890493996142,0.7979705835097463,0.7983574425606382,0.0654529888292377,0.8909090909090909,0.3421461897356143,0.7636363636363637,0.1578947368421052,0.9984747027006794,0.4902745995423341,0.7936849410131852,3.584955995579937,3.5849124695170644,3.858088907397697,3.80072590368138,0.0736412781819901,0.0162696008267175,3.5849298957290228,3.584951658760459,3.855925054422325,0.0184160275901315,0.0092114419092731,0.0105388899734307,0.0096439951998656,0.0048429186235079,0.0104967660089042,1.0083713443893778,0.9900854212648952,0.9661639905213364,0.0072434569116867,0.9781247058931156,0.9992283828271364
openml_1535_volcanoes-b5,real_openml_multiclass,369.1923,5,3,1998,0.0,0.0,,0.0,0.0,1998,1.9026483638312608,1.1256529771587596,0.6387101509410371,365.6666666666667,3.584902571387813,5.021714225523952e-05,0.949974310236426,0.1829057059434717,0.2425847152500048,0.2992389684226096,0.027463648319892,0.0036767919580931,0.9770365410033928,0.0472113464086092,7.081343271502139,0.927831045563428,0.1202806199664392,0.2612923166435874,0.1618473594291851,0.6096580347448279,0.2482610773086043,0.3492414262428415,0.281626933198996,3.841884166180923,0.2763389370950541,0.9697430162895628,0.0422573736294996,0.0350472453244757,0.083083083083083,0.2236158647103471,0.1517986519926402,0.2320096775642622,1.6034362033156266,0.2180581799458911,,0.0960960960960961,0.7828106776009148,1.0174692865916068,21.0,0.0026279564510073,0.2476190476190476,0.8332639228222833,68.70969089390144,4.0,1.498986794147006,0.9619492317969272,0.9532718770875084,0.9519358717434868,0.0313640614562457,0.9985621049967104,0.7889509494172496,0.4988375478470573,0.0518493906205921,0.9214876033057852,0.1137071651090342,0.7944214876033058,0.0218068535825545,0.9972710936365172,0.4829028925619835,0.7791913558731265,3.584955995579937,3.584856336147839,3.866753527561469,3.801862420924016,0.0823325430785311,0.0173417770089803,3.584875859291751,3.5849256890078,3.8618950388093767,0.0222197889049839,0.0299695464704393,0.030166354666219,0.0289478432255382,0.0232767470679188,0.0294698270866955,1.011338873767374,0.9965790212775394,0.9231917279652636,0.0261122951467285,0.9598853746214016,1.0039589475224568
openml_1536_volcanoes-b6,real_openml_multiclass,374.8462,5,3,2026,0.0,0.0,,0.0,0.0,1998,1.9055391064369327,1.121896383255964,0.8284575858186806,371.2857142857143,3.584925614989153,2.8449823686813727e-05,0.9519924517416268,0.1826025235875471,0.2621995349619268,0.2894111862834335,0.0218962581894062,0.0081111603161507,1.0155602234436705,0.0450255331049579,7.484404086265954,0.9210086275676777,0.1337943986186067,0.4147051500650575,0.1410548092003048,0.7135305056074216,0.1251029666070395,0.4394802630209952,0.2069229344863256,3.835668233548604,0.3092391660673204,0.967752787822858,0.0386685677239834,0.0349475307745933,0.0705705705705705,0.2199839548849965,0.14833780941343,0.2201569895471549,1.5934736219901509,0.2375282371301234,,0.0915915915915916,0.7632261874886141,0.8809342892841215,21.0,0.0025913129318854,0.2476190476190476,0.7879956551385726,70.44198746973777,4.0,1.4990382557130877,0.969939879759519,0.9625918503674016,0.96125584502338,0.0253841015364061,0.9995908728106698,0.7665239107182807,0.6113554904761155,0.1730738470660109,0.8928571428571429,0.5263157894736842,0.6909090909090909,0.0927941938828408,0.9982509859923762,0.6284439194456646,0.8314405666572848,3.584955995579937,3.584899600773698,3.8574919112035295,3.795391016676535,0.0789761651868357,0.0168405236937294,3.584910424693762,3.5849386220968817,3.8558068419846383,0.0185147689925573,0.0075146170838742,0.0287957902506282,0.0239317692417168,0.0129612150758735,0.0289490525603843,1.0529618609021378,1.028134582858688,0.9655842265701848,0.0184464921587951,0.9968594047144363,1.040548221880413
openml_1537_volcanoes-c1,real_openml_multiclass,392.8873,5,3,5726,0.0,0.0,,0.0,0.0,1997,1.936208249527419,1.1895433232497763,0.7972994084418243,391.49122807017545,3.584867864090292,8.500225976541476e-05,0.9685770579344168,0.1529794597219415,0.1864688737701614,0.208490451345444,0.017803532220478,0.0060578650814784,1.0100395436259897,0.0349789704360412,6.593743924851299,0.9534406028957952,0.0761200688245945,0.2928061258694759,0.1312907267051318,0.5727673059085753,0.2229237559896942,0.2828096070104428,0.2660344063017867,3.761738881359799,0.1607138168692689,0.9569063159085148,0.0316194340759367,0.0175509930694302,0.0545818728092138,0.200088737684538,0.1372662542089175,0.1949703387059528,1.455276857932979,0.1397494270606762,,0.0671006509764647,0.8609427750030993,1.1504218919629152,57.0,0.0024890829694323,0.2491228070175438,0.8136435236148295,85.82468719101598,4.0,1.4997183137351964,0.9772879091516364,0.9686038744154976,0.969939879759519,0.0160320641282565,0.9992073961894536,0.86557016637506,0.557493522601169,0.1063698751431087,0.8707551951343132,0.0414959016393442,0.7627977698935631,0.0,0.997375821156163,0.5289689870681183,0.7166666666666667,3.58495617205541,3.5847866067165435,3.7742473761604662,3.741765134670822,0.0516814887300318,0.0191038886838987,3.5848237101077327,3.5849084927771657,3.771725754704288,0.0215884067488891,0.0249239584121784,0.0238031246023064,0.0179184427227093,0.0116890293364182,0.0242217401499355,1.0500465232101963,0.9948432943289292,0.985228813338845,0.0148037360295637,0.9900360538338872,1.0224449087695628
openml_1538_volcanoes-d1,real_openml_multiclass,147.5893,5,3,1751,0.0,0.0,,0.0,0.0,1997,1.8607317910465777,0.9706305404475212,0.5023104414877221,146.9111111111111,3.584906951713088,4.283984787176092e-05,0.9280645773721812,0.1441342818468187,0.1735577062661865,0.4026273835965565,0.012823081730751,0.0094708756846654,1.0199623531973587,0.0273342747420942,11.082791761093247,0.959274476028499,0.0661325734710439,0.4174278380211356,0.1303080678072768,0.7324163989008295,0.1250012349912476,0.5382875279496361,0.1959831365635665,3.9512052774083664,0.1384364033736903,0.980660023585704,0.0363290579012773,0.0340748667739503,0.1306960440660991,0.2662879787413264,0.164801737046095,0.2842843984716585,1.34491055218405,0.1225686284192543,,0.1657486229344016,0.8779460230253259,0.7313499203241162,45.0,0.0064267352185089,0.2844444444444444,0.3638419499743607,36.95226486878661,4.0,1.4986575070851316,0.9458917835671342,0.937875751503006,0.9365397461589848,0.0387441549766198,0.9985672699699922,0.8829220429407166,0.6627996454622799,0.2260699770519808,0.951571354971664,0.5538461538461539,0.910355486862442,0.3409090909090909,0.99745069257239,0.6824162679425837,0.8234605575995856,3.58495617205541,3.5848780670838405,3.974526828035818,3.9121536638912593,0.0754298917607072,0.0129786226445789,3.584882341541926,3.584921394027712,3.97073108416692,0.0167786409715624,0.0299602141224472,0.0237589163828728,0.007411080238553,0.0072992485708271,0.0242604596571707,1.0496898119836011,1.014284004648845,0.99591324295963,0.0073551644046901,1.0050986238042376,1.031986908316223
openml_1539_volcanoes-d2,real_openml_multiclass,154.8214,5,3,1835,0.0,0.0,,0.0,0.0,1998,1.8633252595515064,0.9685768684156048,0.4684062766534579,154.11111111111111,3.584940106828791,1.3924863734859324e-05,0.9287953596129572,0.1434557139497128,0.183757861328488,0.4001107757169783,0.0302770384695046,0.0296021933677837,1.0177925651384527,0.074361856631802,9.367406122505246,0.9569472746418228,0.0708948675404867,0.4852738177054972,0.1613192737967039,0.7564740728814916,0.0956324872931473,0.6042181097576067,0.1435718253976707,3.942337801626207,0.1475826038874967,0.9817372427482538,0.0427130809195632,0.038578541865464,0.1226226226226226,0.2708856815245563,0.1634147918944121,0.2849436090906646,1.356691295773378,0.1292725287945051,,0.1561561561561561,0.8710853360553868,0.7421496406342062,45.0,0.0061332969878697,0.2711111111111111,0.335874675705358,37.443963338408025,4.0,1.498789110181492,0.9459278557114228,0.9359185036740147,0.9365865063460254,0.0440507682030727,0.9983603367870868,0.8750868315406252,0.7908015198669235,0.250381194159996,0.8722966014418125,0.5950759559979046,0.7986611740473738,0.3328075709779179,0.9978774961924216,0.690690274151436,0.8277848911651728,3.584955995579937,3.584930026447529,3.964643805736277,3.89780705468726,0.0872597166096551,0.0203969964282308,3.584932162453218,3.584945147019422,3.96460317509568,0.0204397630745172,0.0340568036900969,0.0641664703636146,0.0171949196544988,0.0094697253904003,0.0644876010655579,1.0819767790534278,1.035096568704125,0.9363043476578056,0.0133323225224495,0.9857004581809652,1.0585366738787765
openml_1540_volcanoes-d3,real_openml_multiclass,151.2241,5,3,1857,0.0,0.0,,0.0,0.0,1997,1.8619662499710763,1.1068632433939116,0.4881483900740311,152.54347826086956,3.5849315449291344,2.3930889461683112e-05,0.9287578286598712,0.132722716147551,0.1903625779399633,0.4009726452962781,0.0526705781813439,0.0040759808388171,0.9927443291168276,0.0924827536224835,10.321313913752558,0.9577406399329322,0.0705809764347989,0.652742906466341,0.1408883281605669,0.8116054064900207,0.0760936964397873,0.6449910428042431,0.1890885563579684,3.947055197873576,0.1428946900257464,0.983800437762302,0.0388489923518366,0.0353364388636886,0.1352028042063094,0.275905088247339,0.1698924692859291,0.2969103918109577,1.3567774143495352,0.1253217803046474,,0.1637456184276414,0.8748345175068308,0.7155710361146557,46.0,0.0061927840603123,0.2652173913043477,0.2794454522550568,36.76006405351682,4.0,1.4988202474912915,0.9459278557114228,0.9379185036740147,0.941257181028724,0.0333760855043419,0.999154165873369,0.8762443701677478,0.910684806025204,0.497459647788046,0.9210526315789472,0.71875,0.868421052631579,0.25,0.9984887748155244,0.7432345549126191,0.8717407814368355,3.58495617205541,3.584908377059985,3.968679354939875,3.906301812841817,0.0796270045098714,0.0172233760284115,3.5849192313659968,3.584943128863709,3.967431890389456,0.0184599862728191,0.0128911597118369,0.0563123246406074,0.053431735517611,0.0482676743858134,0.0560601843385043,1.0993302041929016,0.94516524695828,0.9337375361993018,0.0508497049517122,0.9394513915787908,1.0222477255755908
openml_1541_volcanoes-d4,real_openml_multiclass,145.7679,5,3,1731,0.0,0.0,,0.0,0.0,1998,1.858421035024688,1.0051127356134444,0.5232886935444996,145.11111111111111,3.5849010417247658,5.646587319173229e-05,0.9260197351074914,0.1474100075487274,0.1780635510891576,0.4120022157839146,0.0193399986043533,0.0159631413908952,1.010259998528113,0.0536782560250199,10.109927371921597,0.95724267789793,0.0690052409725149,0.4854874873050929,0.1839745038504473,0.7785179972363789,0.0932096089636235,0.6273656927211344,0.148138042428623,3.9561510146262857,0.1463029828123602,0.9813239165091016,0.0407522428823942,0.0351534236166135,0.1351351351351351,0.2708133873982894,0.1686973477184109,0.2934196800300029,1.3449507884555387,0.1286023874295097,,0.1586586586586586,0.8719170078178666,0.70928849400315,45.0,0.0065000722230247,0.2577777777777777,0.3090337345788613,36.20840341082717,4.0,1.4986377186288529,0.9451875638827856,0.9378328276365316,0.937166166335348,0.0414429930812091,0.9971848141991514,0.8775623760188094,0.8738549861380451,0.2767384636674637,0.9375,0.669826224328594,0.8625,0.46875,0.9970828288374904,0.7204171025104602,0.8160270442027961,3.584955995579937,3.584843176473984,3.976919447200802,3.9156179427947504,0.0813402685691011,0.0199867217034879,3.58487356479718,3.5849299743501564,3.976417550542053,0.0204582300390407,0.0361577681727701,0.0340955585267025,0.021529191602228,0.0023952456841293,0.03483003914979,1.0684485406277218,0.9996569509675522,0.9626745039890656,0.0119622186431786,0.981165727478309,1.034052745797637
openml_1542_volcanoes-e1,real_openml_multiclass,120.3333,5,3,237,0.0,0.0,,0.0,0.0,946,1.7894392167316795,0.9125982825679672,0.5981908000684413,123.71428571428572,3.169874994549026,3.842966279013685e-05,0.8854477613230232,0.1828430537400935,0.2238291543680934,0.5671158114515662,0.018360878885019,0.0115197241375201,1.0010582010582014,0.0357697820093603,8.900630578609961,0.9341600609391724,0.1008471967058952,0.4680377028531545,0.2090540280729762,0.7315446362304431,0.1623069936505062,0.5406535418948483,0.2229000565267042,3.673274442711179,0.247335517555063,0.9655196688851244,0.0637163632894125,0.0448062837369578,0.1712473572938689,0.2876563990699163,0.1837480845681944,0.3281758118955706,1.4224487812074549,0.2004937275932798,,0.2019027484143763,0.8007294201565464,0.7327448979734446,7.0,0.007399577167019,0.1999999999999999,0.312630441875002,26.38185735832795,4.0,1.4964393167631196,0.915434331257116,0.9027526622463332,0.9027493135088072,0.045455763177282,0.9955802529071992,0.8177713381139472,0.6960206499488774,0.1910297890371949,0.9107142857142856,0.4192439862542955,0.8214285714285714,0.2371134020618556,0.9923544223517848,0.6543035107587769,0.8681531176006314,3.169904044392536,3.169831419344549,3.701359838911654,3.621630008300671,0.1153898475434314,0.0356454924499032,3.1698604696272703,3.169896782151264,3.6990966599164334,0.037879621162403,0.0388198382507767,0.0279353970850399,0.0215705251322455,0.0055767144377717,0.0279649583517966,1.0392178826606564,0.9956661771024972,0.9682905434114504,0.0135736197850086,0.9819783602569736,1.0174420298815767
openml_1543_volcanoes-e2,real_openml_multiclass,123.0,5,3,216,0.0,0.0,,0.0,0.0,864,1.7784889588300468,1.0969412180848688,0.8158517231961122,131.16666666666666,3.169884414375216,5.591577667702775e-05,0.878792881709902,0.1774408175965115,0.2319961833621458,0.5841824932093994,0.0245594172145566,0.0022426982187244,1.0011587485515638,0.0427056620053677,8.47485259910327,0.9333668492204816,0.1091516591650432,0.3856122361419313,0.2410295325359679,0.5983960150380425,0.2409214052416907,0.4332977516471287,0.2300664064656023,3.685135621007287,0.251027260776708,0.9678605109739368,0.0689312865773278,0.0572070232124411,0.1736111111111111,0.2966082371673527,0.170281117347257,0.3309104684394668,1.446782939023,0.2021001894371601,,0.2129629629629629,0.7987022087166004,0.8008573247363537,6.0,0.0069444444444444,0.1999999999999999,0.2535645548676825,27.359512195121955,4.0,1.4946190175349678,0.9108796296296297,0.8969907407407408,0.8969907407407408,0.0381944444444445,0.997048188978165,0.8073317000794153,0.7106731583269619,0.0798877667675887,0.875,0.1689785624211853,0.75,0.0479192938209331,0.9963844237910146,0.4954407294832826,0.7950955943474647,3.1699250014423126,3.169820634158996,3.724771041011638,3.619590217872075,0.1345172767796367,0.0293190597220998,3.169864120841668,3.1699163044833254,3.7179083225748935,0.0361382914761734,0.0329331712767101,0.0270634988969665,0.0238791075130796,0.0227356452336238,0.0270948586871136,1.0283455741547698,1.0231944102893358,0.9519362612105856,0.0233073763733517,0.9875653357499606,1.025769992222053
openml_1544_volcanoes-e3,real_openml_multiclass,130.0,5,3,256,0.0,0.0,,0.0,0.0,1021,1.7927494854537174,0.9289747661915828,0.61206077443879,133.71428571428572,3.321884940047392,4.232421203415146e-05,0.8873616462256776,0.1779694795300473,0.2352929914624763,0.558952572231512,0.0352195310849504,0.0189392526628703,1.0009803921568627,0.0666884110462023,8.761475138281162,0.9320069290830446,0.1088584546125863,0.5244631197127866,0.176726706382883,0.7526742533918964,0.1235874751986529,0.5792289347677023,0.1602235051091316,3.817040884038837,0.256332922503053,0.9684557687197644,0.0637966282400668,0.0520001038814569,0.1714005876591577,0.2869698023502358,0.1772451768496366,0.3222107765500333,1.452039480352562,0.2057449905953097,,0.2017629774730656,0.795208600310772,0.6962963946611722,7.0,0.0068560235063663,0.1999999999999999,0.2938138664125317,27.726360017691285,4.0,1.4963500757176578,0.9167500431257546,0.9059743545512046,0.9049939623943418,0.0401558277269851,0.9955481946245414,0.8063105606448059,0.7468317159177063,0.2540319305499164,0.918032786885246,0.5320041972717734,0.8524590163934426,0.3672612801678909,0.994855113302164,0.6950998898851659,0.8320680628272251,3.3219218832679056,3.321838760355861,3.850276639513305,3.757151640935864,0.1237228145635542,0.0305701092366166,3.3218664684371357,3.3219080298931574,3.846985505590325,0.0338335350783232,0.0195865594312387,0.048101191575306,0.0440836807053735,0.0134737209741717,0.0481483496062621,1.0733621171251255,0.9875493316453166,0.942029727700146,0.0287787008397726,0.9647895296727312,1.030455724385221
openml_1545_volcanoes-e4,real_openml_multiclass,127.1111,5,3,251,0.0,0.0,,0.0,0.0,1001,1.7861215941451207,1.0235458760971927,0.8587638238469857,130.71428571428572,3.32189280735056,2.496366392951953e-05,0.8834828267764936,0.1933400834896407,0.2458413734844694,0.5732925447057874,0.0288976411269975,0.0243470965662092,1.001,0.0608125683368752,7.584848162327606,0.9233931787375894,0.1210949337965874,0.5141193844793438,0.2754160832592954,0.6521332208345032,0.2016427543100617,0.4759377531664435,0.2417894246528915,3.819601433639468,0.299274243170491,0.9678403514567352,0.0755839184168793,0.0628046226940508,0.1798201798201798,0.2929864343491432,0.1827035443313044,0.3459744234741951,1.4585660146743022,0.2330171254848045,,0.2137862137862138,0.7684963538065425,0.8351231415440954,7.0,0.0069930069930069,0.2285714285714285,0.3616082261340829,26.837635756056805,4.0,1.4962186838539977,0.906103708498918,0.8991086895278512,0.9021146895398392,0.0449461437485388,0.9951546956277736,0.7835812098145338,0.817022060347766,0.1626978857261613,0.918032786885246,0.2852494577006507,0.8333333333333334,0.0704989154013015,0.9932991631991172,0.5759413923449259,0.8286486486486486,3.321921632906739,3.32187839457247,3.862367813266387,3.74752720695304,0.1476869706594863,0.0328031260118706,3.32187839457247,3.3219000137396044,3.8556385469826817,0.0395323922955759,0.0272695165567963,0.0472404899577692,0.038177125463836,0.0012753079593873,0.047287730447727,1.0624270281780466,0.9997518660143668,0.940821105807587,0.0197262167116116,0.9702864859109768,1.0310894470962066
openml_1546_volcanoes-e5,real_openml_multiclass,112.2222,5,3,223,0.0,0.0,,0.0,0.0,889,1.7706137252442948,0.9925384964778694,0.4191498942049952,115.28571428571428,3.169879302698478,3.2868656648131124e-05,0.8742050984727346,0.1637647273025975,0.2202618490702152,0.6032943341643756,0.0424226450196356,0.0127159610306701,1.001126126126127,0.0757319574720084,9.442944076966924,0.9422347357068218,0.0934947711673417,0.5308245410614335,0.1900185174759942,0.7810591658686519,0.1356448909894144,0.5944013049030235,0.2113491846926668,3.709285263782691,0.2143547206973973,0.9718013313577648,0.0638883730801627,0.0447650418682258,0.1946006749156355,0.3039852202521746,0.1860673215610821,0.3512691014844576,1.4071639248624572,0.1774872220371429,,0.2170978627671541,0.8230447487121463,0.5876713224400206,7.0,0.0078740157480314,0.2571428571428571,0.3158252193800357,24.9280462184874,4.0,1.4949263560445094,0.9077638244304912,0.8987623987623987,0.9010184426851092,0.0461067127733794,0.9985522944731868,0.8343105398414233,0.7338631641573886,0.2417453715897302,0.913793103448276,0.558968058968059,0.8135593220338984,0.3043478260869565,0.996196833639521,0.6938775510204082,0.8778777171003319,3.169912199199005,3.169846461956651,3.736686132143269,3.6576598137788254,0.1155467195845543,0.0364874489608859,3.1698628544482146,3.169895723069392,3.735097988784624,0.0380591998279669,0.0239259277768792,0.0570646477499265,0.0360526862235356,0.0341506010854446,0.0571289097406359,1.0583060019762045,1.0298351910795802,0.9152371853225968,0.0351016436544901,0.9725361882010884,1.0440705965278922
openml_1548_autoUniv-au4-2500,real_openml_multiclass,5.9847,3,100,500,0.0,0.0,,0.0,0.0,2000,0.5409607194612193,0.1889943516309412,0.0379082864268038,5.974522292993631,2.42813644537423,0.9496914712692156,0.1643036816705716,0.243443920213046,0.0298025170736535,1.318158540262701,0.018957883123984,0.0159739200908543,1.000500250125063,0.2480183227104781,242.89195385614312,0.9987631517450004,0.0021452034601372,0.8502580126127963,0.0900987040560723,0.979357243108476,0.0133124018210162,0.8786583234473273,0.0864879923954283,3.740868051894023,0.1272544898092934,0.9990685,0.0054269337429077,0.0068971031953672,0.7015,0.5018879926565413,0.0144584650230672,0.4980954221078149,0.5353829808186086,0.1194180746013172,1.1376737650145703,1.0,0.8840418174730356,0.0836567511544924,157.0,0.0785,0.2611464968152866,6.95965091153577,4.258439197194168,1.0,-0.7026689321696086,0.5620774883099533,0.4813199732798931,0.4465905143620574,0.1128149632598531,0.999996414900021,0.9844743139087352,0.954227091733802,0.7950177991387609,0.9945740640260444,0.96986301369863,0.978296256104178,0.8229755178907722,0.9997268760870052,0.9717488326496916,0.9841043578133988,3.584956726082241,0.993061046460056,4.898527852153645,2.310674685643589,0.056340555334402,7.790841666333037e-05,1.584164097958732,3.5701574084160344,4.875552057527404,0.0013242416804704,0.2223703582938377,0.4003229833611567,0.0155355365221556,9.28222676042984e-06,0.4005232449836509,1.5929853024508156,0.9764410706892258,0.5355432609363514,0.0076638525113219,0.8001542215634938,1.187597458431728
openml_1549_autoUniv-au6-750,real_openml_multiclass,2.8947,8,40,150,0.0,0.0,,0.0,0.0,600,0.4013311184877976,0.3377703846114127,0.0938260231631257,2.869565217391304,2.854314936359134,0.4854618760212965,0.0273003541306785,0.25718847443438,0.0679003048661126,2.894262944229949,0.0344536467292304,0.0263956511505501,1.0016694490818034,0.2748951041612711,49.543847078679285,0.9878593773871642,0.0068018066129151,0.2495889258626662,0.0969392495836964,0.9094873264260332,0.0325735351886327,0.0315784481123126,0.1253931165943058,5.690159668946502,0.5376947435532868,0.997925,0.0584182116425808,0.0229785909454313,0.895,0.5224961682855508,0.0268137200805729,0.3978098079414075,0.3362554312423984,0.4906840880786523,1.3787428320669743,1.0,0.5984861046239871,0.1755915894392992,46.0,0.0766666666666666,0.2695652173913043,4.345558529480468,1.6259905926682166,6.0,1.0254781461787936,0.2166666666666666,0.1949999999999999,0.1983333333333333,0.0633333333333333,0.9963584142165332,0.9703439243274028,0.5237110075517276,0.0982835444123228,0.9641434262948207,0.8165137614678899,0.6175298804780877,0.0,0.9925775471672632,0.8931865047542674,0.9305691554467564,3.0,0.9976824317031896,5.857437888671721,3.8821859318013594,0.1380990891762268,0.0026299613730897,2.9873948835769326,2.9995981352011523,5.841183057431664,0.0485302401041853,0.1767844189119244,0.1757251371126124,0.0299201236228325,3.0403639550927703e-05,0.1760185012814151,1.5987096937405756,0.9665802689064512,0.5645983385427293,0.0138869174201312,0.7911466623728136,1.1928230759066305
openml_1551_autoUniv-au6-400,real_openml_multiclass,4.44,8,40,80,0.0,0.0,,0.0,0.0,320,0.6075051440111434,0.4563102307811572,0.2473737042132062,4.45,2.4758726920039544,0.3788642226542059,0.0632290029959075,0.3554944769171412,0.0888330701667722,2.7668924249578315,0.0431679000156517,0.0339880550081052,1.0031347962382442,0.3484893438157805,32.19385223444908,0.9770806461833412,0.0110005800006236,0.0493864962577323,0.0469203579003126,0.803657230105963,0.060031406219553,0.0,0.0,5.156820371834419,1.112920819531602,0.995908203125,0.0859447451273666,0.0347642351753241,0.890625,0.5206559208888085,0.0270191147722,0.4222922222858654,0.4903952072575165,0.9319821479616714,,1.0,0.3619254584248802,0.2600263573012663,20.0,0.0625,0.22,4.5537204088545575,2.113971766887908,6.0,1.1194644967357703,0.2875154293775348,0.2126021277846352,0.184447187444895,0.121847998589314,0.993747287749654,0.9507906085815776,0.1852272390209093,0.0086493835212638,0.9316770186335404,0.6716417910447762,0.0,0.0,0.9859494414075176,0.7694823139277819,0.8297805642633229,2.584906261759072,0.9952327259120533,5.298473736085686,3.7357567516458863,0.2385969490318427,0.0146297284010854,2.5770779018477423,2.584737698076209,5.27129199541328,0.067754092271693,0.2218298449733433,0.1992553899003369,0.0357391640156889,2.809651698928368e-05,0.1998800149470464,1.8042384526360504,0.9587135322986238,0.4753800125757901,0.0162562318143851,0.707678329830489,1.2420061200493642
openml_1552_autoUniv-au7-1100,real_openml_multiclass,1.9935,5,12,220,0.0,0.0,,0.0,0.0,880,0.2412465475280732,0.4400760345061221,0.2134501887288707,2.0,2.0928931505054487,0.970284746519984,0.0183599060498655,0.2524751148792628,0.1088756248577343,2.280389307195377,0.0422621609248571,0.0438835108980853,1.00113765642776,0.210458315808664,52.40197742878161,0.9732405935834468,0.0283401005339346,0.9583262272342712,0.0171179054659142,0.983777869766372,0.0062225316407438,0.9622081713556392,0.0119007076908609,4.329765220010806,0.3247467857417321,0.9983729338842976,0.0435172376900204,0.0312309895382495,0.8511363636363637,0.5461140807910457,0.0968911735175247,0.4599918047537187,0.1813604256758968,0.2905364395976741,1.0567334176287355,0.969318181818182,0.7357192513521107,0.2829147116960337,122.0,0.1386363636363636,0.3688524590163935,1.2943499344189155,1.4264715271167172,3.0,0.348638365467902,0.3113889469325842,0.3545773258108704,0.3602539992106057,0.0227647372942351,0.9988233466609756,0.9109267784656644,0.9790549705123328,0.9299215090170432,0.9954648526077098,0.9742268041237112,0.9863945578231292,0.946372239747634,0.9918775567755068,0.9809238765061798,0.987217232906888,3.169911935743597,0.9593160320543777,5.427126903060402,3.188706148506386,0.0911164153450085,0.0090576961560735,1.4095937703088777,3.1645012126997374,5.383468298086979,0.0160857567437713,0.1240004896298275,0.2948897868758093,0.0333527874221086,0.0010096840482046,0.2952252701373315,1.4786290127119746,0.990581598464561,0.6747950521280243,0.0131786377881232,0.8670530935290813,1.0987844173517864
openml_1553_autoUniv-au7-700,real_openml_multiclass,1.1449,3,12,140,0.0,0.0,,0.0,0.0,560,0.0597080482046446,0.7247029086236275,0.1105413699104238,1.1461988304093569,1.9719006079247683,0.9403492564741376,0.0026169907168392,0.2239916730424749,0.1859883745833639,1.5823542353649505,0.0566941869720657,0.1152498347572363,1.0017889087656533,0.4429969666254004,65.97217292208343,0.9866884306817496,0.0224475065479207,0.8627661622617483,0.0834170247333211,0.90897265400463,0.087458870585027,0.8865357655310234,0.0959178767369044,3.5302696664298665,0.1532936742983647,0.9970982142857144,0.0239851768598526,0.0383469790090983,0.7946428571428571,0.5298903483327309,0.0989514062966563,0.484090749571398,0.0527907153792558,0.1349362146648957,1.0313937668685929,0.9357142857142856,0.8661446451064423,0.1726448089830472,171.0,0.3053571428571429,0.4713450292397661,0.976232888870761,1.096799280873456,1.0,-0.6688778044849124,0.421434458436356,0.3893393134379851,0.3946294060146053,0.0482625112606137,0.9998438333512926,0.9273692263464948,0.9574827195049714,0.8002427804966383,0.9845758354755784,0.8131868131868132,0.9665809768637532,0.7802197802197802,0.9982840211888688,0.8711710632691558,0.9568655744135384,2.9999263906063187,0.7110835428577132,4.5688111264648965,2.29140449357614,0.13759674590196,0.0008457798805436,1.397216717451888,2.996042115872475,4.500347725192519,0.0024200149662629,0.0924780321527146,0.8602179224927711,0.0290817125393695,0.0006732962094689,0.8617567738746883,1.9312516893732037,0.9679436583090032,0.1341350243330734,0.0120821404200083,0.8046043975632626,1.220383890741243
openml_1554_autoUniv-au7-500,real_openml_multiclass,4.4651,5,12,100,0.0,0.0,,0.0,0.0,400,0.5097180593229947,0.4800509364045188,0.1583765660027925,4.529411764705882,1.90742541420552,0.8246434679572402,0.0861689607281941,0.2383131822165916,0.0894086879294643,2.146313309722777,0.0448953855040957,0.037703135716959,1.0025062656641612,0.2029598771689481,47.88167992645398,0.978229412358297,0.0244355193628745,0.8907438157398678,0.04022281426971,0.9631552420038408,0.0108511527026173,0.903575014275544,0.0247018759804511,4.00891336873985,0.2769872882794876,0.995975,0.0448253551884458,0.0350532896510381,0.795,0.5327706385429054,0.1092329278754433,0.4806011273488885,0.4313352479479747,0.2511544317045987,1.1352510361502113,0.925,0.7683290734416915,0.2113875494432083,34.0,0.085,0.3058823529411765,1.261291201328911,2.1499991103519447,3.0,0.8681871537862552,0.4150114091198144,0.3899487524782104,0.3999551116597463,0.1223955410915348,0.9991823996780343,0.9198339152053364,0.9557274483814286,0.824984696207609,0.979253112033195,0.9411764705882352,0.946058091286307,0.8677685950413223,0.9953687731062364,0.9599171752397558,0.968063829787234,2.80720142468115,0.7857664475740261,4.916926382104192,2.9293795450622184,0.1140862921281202,0.0027002122345844,1.3383166710278622,2.8036322327211867,4.885177112892218,0.0210846892237269,0.1598646151475064,0.1833046442418,0.0348642632792674,0.0013750220823637,0.1837640543777445,1.3341061659941778,0.95168167551627,0.7291927012049529,0.0182197779220795,0.8728156845662464,1.119788140987005
openml_1555_autoUniv-au6-1000,real_openml_multiclass,2.6966,8,40,200,0.0,0.0,,0.0,0.0,800,0.3597568623389969,0.6157199032100799,0.1042130806449813,2.704225352112676,3.008309614379161,0.530075423696018,0.0230694155747063,0.2349163781113746,0.0636711011255128,2.921390245036667,0.029342758035395,0.0232181450259185,1.0012515644555695,0.2368876204863995,55.23761450702498,0.9895727486766166,0.0072602451401792,0.4151125931723302,0.0556248188245407,0.9457378067714454,0.016660645045903,0.1851736891091306,0.2392692959544908,5.876812161945383,0.4435703247765724,0.998540625,0.0528876974704461,0.0286680924802586,0.925,0.5238837339313875,0.0230116781570257,0.3472041018773404,0.3448135178617085,0.4106239876459759,1.2217639284557802,1.0,0.6527282367944268,0.1636918406363221,71.0,0.08875,0.3239436619718309,4.254871904675659,1.436246230979073,7.0,1.966107991902848,0.2825087062224851,0.1924755709498465,0.181267776182028,0.1225301080416397,0.9971250769464568,0.9563702896839168,0.5095970684245738,0.3210781873997704,0.972027972027972,0.8895705521472392,0.6608391608391608,0.0,0.994059324217878,0.9372014331210192,0.9563179347826088,3.169915958164528,0.9992379424945776,6.056286673742262,3.914426104591028,0.1754881400774692,0.0031614033041345,3.1575777981608013,3.169074609734575,6.039075607679053,0.0433543244774679,0.1580175397822492,0.1818442998778703,0.0245291438870994,3.620601929448251e-06,0.182071889740046,1.54183035476022,0.962332254800882,0.6266191270852187,0.0108249292891,0.8198986959366141,1.1791021832663549
openml_1557_abalone,real_openml_multiclass,1.0937,3,8,836,0.0,0.0,,0.0,0.0,1999,0.0371267033902081,0.6500413273208578,1.1222717534479292,1.0935727788279772,3.326569945125253,0.7052184385583976,0.0010208204816145,0.5068297095994027,0.2680203920245854,1.5839665058945394,0.6658018449999578,0.3827481000893359,1.0279533606343108,2.2250920275186634,4.543627745517663,0.6787205269324468,0.1400165287652902,0.0417744505739921,0.0510591620510895,0.8917372013113011,0.0881464216487324,0.8389778128536115,0.1080397537692144,4.561923713663141,1.0533352980372026,0.9958886396675076,0.3486127373566506,0.0670065341923398,0.5702851425712856,0.4655257983553695,0.1391677970511388,0.4962925914733755,0.0254460258252134,0.585587639606242,1.2748498569723306,0.7413706853426714,0.4632351911377027,1.350304656728462,1058.0,0.3166716551930559,0.5495274102079395,0.3109676118084864,1.061792024676518,1.0,-0.4208942137986213,0.5663941215764864,0.5777274549098196,0.6391022044088176,0.0073333333333334,0.998693958297163,0.5701636437140948,0.0995612965825026,0.0027544116171616,0.9849056603773584,0.8096632503660323,0.9494339622641508,0.7335285505124451,0.7061452798869117,0.8451529717782724,0.9327741767839356,3.584943189563619,1.5818538563653,4.876968391733381,2.9512264263343364,0.4344759567383551,0.2145939359255027,3.5678114874586813,3.584910633422997,4.808970911011444,0.336986490759162,0.3173106729025411,0.988274070455,0.8944005136651474,0.0029182398222061,1.01270497902328,6.475180691597925,0.1406338763309359,0.0066372518738828,0.5571848468079454,0.0502924207989971,0.5443973289537988
openml_1565_heart-h,real_openml_multiclass,12.5333,5,13,59,0.0,0.0,,0.0,0.0,235,1.1024479941931082,0.8828018593983726,0.7874775097859265,12.5,1.3418162337585786,0.8789255423495754,0.4229729421952517,0.3822116522608488,0.2231963626698994,1.642920210651527,0.1207578202716759,0.1422713713067792,1.0042735042735038,0.6731878357615851,13.928609927220432,0.8916610349191039,0.1127914519222952,,,0.7965296696896044,0.1224553062924607,0.377733115837371,0.2358983344953703,2.8667835245397035,1.236954636239463,0.9630239927569036,0.1179529198704027,0.1039273828384466,0.5234042553191489,0.441799910697267,0.1917967711138153,0.4961022837124516,0.8548808802785408,0.733792837423092,,0.5829787234042553,0.3938552457325887,0.5460866357623878,12.0,0.051063829787234,0.35,1.8555346217389224,4.138419913419914,4.0,1.4545550047519675,0.6255003786649357,0.1696959861516823,0.6298279779292438,0.0509574813372282,0.9956260720411664,0.6707565457037069,,,0.9055555555555556,0.4753086419753086,0.8,0.0,0.974874667203466,0.7858242134062927,0.8574700493305144,2.5844211210926167,0.0707494073971389,4.175934184129858,1.7067168005264572,0.2723744235329386,0.0069528175222086,0.7904208493837215,2.1501698599819328,3.7253362864275066,0.0304881199760207,0.1845802446531554,0.8251448860231921,0.0770675829922672,3.195455673920118e-05,0.8286711462198714,2.8696909632203704,0.9701293219892444,0.1587666863128216,0.02678063365052,0.6010164586676687,1.1294143998704969
openml_16_mfeat-karhunen,real_openml_multiclass,1.0,10,64,400,0.0,0.0,,0.0,0.0,1600,0.0,0.6224369531001823,5.782161149941244,1.0,3.459422779760996,2.173605315365959e-06,0.0,0.8115559669984502,0.1152650695237895,3.321928094887362,0.1076040300734579,0.083836964996226,1.0006253908692928,1.0918477286458157,11.940581057021744,0.7603499777126722,0.1524957571389477,9.584416540972286e-09,3.1989351585220025e-08,0.4160416666666667,0.1985438378287594,0.0,0.0,6.503145980010178,30.27326688495071,0.986078125,0.2782048946381782,0.1805856690683925,0.095625,0.4168193084939669,0.0611979357028331,0.2032019716336369,0.0,6.0338960781557,1.9728719770958392,0.9125,1.0769508598814104e-05,0.8267771635560611,160.0,0.1,0.98125,3.4132393174143886e-08,1.0,0.0,,0.188,0.9233333333333332,0.9473333333333332,-0.7493333333333334,0.9607115432550504,0.2804167529819365,2.109263490666029e-07,1.192390802405468e-12,0.765625,0.040625,0.0,0.0,0.8703592524758259,0.234375,0.575,3.459423167090096,3.459410772558852,6.713000049306798,5.797171850308323,0.9841794116691354,0.0683512126706604,3.459423167090096,3.459423167090096,6.62618399845132,0.1551672635261383,0.5981046032331914,0.5878390118563139,0.0882318970634448,0.0001214974974715,0.5882066410069428,5.923698261636288,0.6722241438530467,0.0056166050069997,0.0413822774301286,0.3832874108689847,1.1342662076955392
openml_180_covertype,real_openml_multiclass,38.5975,7,54,22079,0.0,0.0,,0.0,0.0,1996,1.208583728884588,0.9324765402106256,1.4975897523062007,38.60504201680672,0.8139706030846936,1.3465799067505444,0.2775014632245615,0.4268572605660829,0.2362983132720547,1.8658426622826385,0.0440075730497399,0.0872290945548799,1.0465360983813683,0.8400010447261811,52.84784890988528,0.9247499069276752,0.1413376558712602,,,0.7618479831170196,0.1886437940181401,0.3179144171517495,0.2763678782764713,2.6445073314311327,2.905745032611139,0.9984565825036849,0.035305933936199,0.0761266752451897,0.5831663326653307,0.4638525596393909,0.1579918778589102,0.4870163201659729,1.109916812984766,1.3724271896639757,,0.7414829659318637,0.1495594233295888,0.4779605581843016,1071.0,0.0121271825531625,0.3964519140989729,5.193406547782046,8.730815043432786,5.0,1.0264968648063215,0.6032064128256514,0.085504342017368,0.6386105544422178,0.0367401469605879,0.9994323415376049,0.4624071547673185,,,0.9786585365853658,0.2523364485981308,0.945121951219512,0.0,0.9943611408840614,0.6711051930758988,0.8947885939036382,3.584948002243835,0.0,5.418366484173926,1.865842838554419,0.5267753322519662,-1.7627178072743277e-07,0.0346607388688255,0.4711909171479898,2.310136330326224,0.0039395296070126,0.1871968347567409,0.9999999999999998,0.0168619286129338,1.4090618480861245e-18,0.792492646482587,3.5704273647524,0.9323197992174616,-1.3590400361486806e-15,0.0046291749722539,0.4701268428368013,1.266448295465891
openml_181_yeast,real_openml_multiclass,92.6,10,8,297,0.0,0.0,,0.0,0.0,1187,1.1092869294588157,2.767902505360366,12.029986213063443,92.5,2.330089153374141,1.4536025817619336,0.1504607260707983,0.4523584363976421,0.2387197691784392,2.49110189850608,0.0852352776554038,0.117112879037352,1.0008431703204042,0.4052180756623049,12.240712371967936,0.7065758199892693,0.1558749642774957,,,0.4707776089960013,0.3358290634040724,0.2280299336986049,0.271910833832906,4.617681499265385,3.475821744894083,0.9977983901704012,0.2035095526148357,0.1535005982662909,0.6596461668070767,0.4790523735758268,0.1447899375186614,0.4998511621926105,1.6280255412612994,2.035935137217208,,0.8087615838247684,0.0731956570755024,2.068101474225727,4.0,0.0033698399326032,0.8,3.485079263201525,11.644421333571238,6.0,0.979358292441108,0.39848058645527,0.2257341345948941,0.5930933810680646,-0.1019392234582107,0.9672351234677432,0.5405771462577456,,,0.976157082748948,0.0,0.9200561009817672,0.0,0.7917350009958857,0.1111111111111111,0.773841961852861,3.3162712796617884,0.0815183108675349,5.682275217203883,2.531209422440912,0.455900475364734,0.0268916641359733,1.5298337053104134,3.296963476098068,5.531838386696475,0.0802189342858157,0.0947499999073946,0.5858862215730073,0.0440189548672472,0.0010436579583238,0.5863802234461722,1.8072874004089123,0.9716286743448056,0.4027674862835735,0.0197015687656995,0.8065211402237055,1.0760011212313965
openml_182_satimage,real_openml_multiclass,2.4496,6,36,1286,0.0,0.0,,0.0,0.0,1997,0.3714122132633246,0.7255479265888183,6.144758604308395,2.45,3.5600636543605577,0.0147710458370591,0.032343714851486,0.610006329217809,0.381338090423183,2.483322107993965,0.4912714679009486,0.3210659244237678,1.009473532266279,3.554251879453173,2.847860838377238,0.3441934974403737,0.0758636302789128,6.468049598817356e-06,2.03580802036838e-05,0.4295791472691421,0.2414174936385403,0.0354050712712565,0.1048193716267749,5.171390166737918,16.129182546311768,0.9711943980066244,0.8719955956166054,0.1532693603134922,0.1847771657486229,0.3701583752959581,0.1150552976651409,0.3174901535348423,0.3149703636449928,2.442213565259328,1.3355021597116152,0.4556835252879319,0.0053727782030194,2.3025662402368865,500.0,0.0972006220839813,0.7396,2.4248985014178737,1.7346444590618362,3.0,0.0401343671820599,0.4181696726786907,0.7929191716766867,0.8229792919171678,-0.4502338009352037,0.4926359069865648,0.2239703488537524,7.938114197724461e-05,2.2314790324123745e-11,0.809593023255814,0.028169014084507,0.391238670694864,0.0,0.392876771606609,0.2860431344957094,0.6227305501478118,3.577345204117474,3.518205412785077,5.46793865408669,4.921306703244948,1.117339801317904,0.5852236496725141,3.552784724153476,3.571053995605894,5.227338398726523,0.8182332570774329,0.1521179385513468,0.9628729946926444,0.3318312140286343,0.0894774300330909,0.9802383835623844,15.949451822795632,0.0328300299098942,0.0079762570901039,0.1796572970248722,0.0177928771301102,0.1336536575329971
openml_185_baseball,real_openml_multiclass,21.3158,3,16,268,0.0,0.0,,0.0,0.0,1072,1.216363541500833,0.5389109769029045,2.320937280050402,21.13043478260869,3.248124716585002,0.2369209191649776,0.8472175177114332,0.5322108319744969,0.2542196627049341,0.5401885107933424,0.5058545200125554,0.2840108151054415,1.0009337068160602,2.3203664240771804,4.10206939502188,0.7903049545105785,0.1043961796578561,0.0002680894094141,0.000225010421958,0.4591029436357393,0.2754138925830841,0.0597790773229369,0.1035403991529153,3.656626398421015,1.169839905398928,0.763851567721096,0.1316868289573295,0.062786324029816,0.126865671641791,0.2852334089544814,0.1376643866383002,0.2802301268732787,0.6522942536792554,0.631124376247783,1.1695022445277146,0.2182835820895522,0.4318437727472367,1.4522396740389345,46.0,0.042910447761194,0.5652173913043478,3.1570915724108883,13.43478260869565,2.0,0.7069271250020015,0.9067284269387456,0.8404952297492554,0.9291034849694068,-0.0065229071144287,0.9988259438324004,0.6386651513657674,0.0005270552343033,0.0001203796995453,0.75,0.2023575638506876,0.1793372319688109,0.0,0.8180715002861236,0.3136544154536089,0.5874756335282652,3.32191807028362,2.386070605854393,3.835188900191177,2.919687074937724,0.2138447276579071,0.0065720417100108,3.31947749277637,3.3218614979624475,3.7293643028659886,0.1170986730280508,0.3524503845648812,0.9836925654707336,0.5521556911661194,0.0096132229374742,0.98461104592402,9.414126313042168,0.1918247706180316,0.0029531288853299,0.2429367123117905,0.0425662972098922,0.6921407788063408
openml_186_braziltourism,real_openml_multiclass,318.0,7,8,83,0.0,0.0,,0.0,0.0,329,1.845237660624444,1.4587152776639485,16.826640892011635,255.0,1.8749293893152663,0.7148077365499522,0.6850883598839441,0.2132075192464329,0.1723389297868268,1.055095013860084,0.1255039050665665,0.1835759570652793,1.0030487804878054,0.6231688589118687,14.785507433933748,0.9352524613065996,0.0848902417991559,,,0.1491540044138096,0.2679467801994967,0.049530666417325,0.2042324583442922,2.85866432178656,0.5425703825938918,0.9809591559575392,0.0713600813887908,0.046167835665079,0.4437689969604863,0.4219931063715799,0.1914265882550551,0.4668569063889621,1.663397798867034,0.4212482111796526,,0.4772036474164133,0.6216427991393879,1.4607151422872715,1.0,0.0030395136778115,,,51.222486772486775,5.0,1.881303999766742,,,,,0.9857352977318627,0.740382030796796,,,0.9805825242718448,0.0,0.9352750809061487,0.0,0.9829359684889538,0.0,0.2584269662921348,2.578712951256935,0.6511973452396773,3.547068098220019,1.6887838135392623,0.1490956439007273,0.017508545560499,1.5938984013741602,2.4995556039401454,3.4950166270121343,0.0491125052330684,0.058181393118807,0.8628414851854002,0.0737917361135222,0.0047374458427171,0.8654720994695017,1.9637450738895323,0.9514455494193464,0.1347184514133926,0.0437814778596178,0.6843485536465661,1.2673228629311957
openml_188_eucalyptus,real_openml_multiclass,2.0381,5,19,148,0.0,0.0,,0.0,0.0,588,0.2927245743546596,0.792127568468342,1.6056949462770458,2.0357142857142856,2.4045877062491137,0.5401422788241774,0.0271806125921955,0.4615932697784756,0.3048027113586404,2.261712133909535,0.1433346223882619,0.1738501062891198,1.0017035775127747,0.9821020794461736,11.20630173346857,0.897990215367952,0.1235186080123578,0.0165388606564164,0.0236881612320767,0.7439140070332232,0.1614325646686998,0.3820371686039202,0.3508337519091584,4.464474814588014,4.379716547679249,0.9893765329260956,0.2018250255706341,0.1298599441818353,0.5884353741496599,0.4457731975146915,0.1823651887340392,0.4931356737331265,0.2234544780080448,1.130987465373874,,0.7295918367346939,0.1399968021748042,0.9256214976989244,84.0,0.1428571428571428,0.5452380952380953,40.46717064132879,1.5145757918552034,3.0,0.4685877857107507,0.4387755102040816,0.5340136054421768,0.6581632653061225,-0.0935374149659862,0.9895660330661584,0.4776457504730779,0.0628040179746242,5.943107623372828e-08,0.9568627450980391,0.4319526627218935,0.8274509803921568,0.0,0.9735002493638932,0.6939505234718,0.8312096974206349,2.9999666179330755,0.9755259511264972,5.10374365563422,3.206777318934108,0.6565295830113209,0.0274153616234902,2.1782733471049083,2.8994494274823195,4.951803410540744,0.1541572147090097,0.1952492840605763,0.9790177113086936,0.0798719646862605,0.0002600920910728,0.980685543866288,3.844797816344906,0.8716776150869269,0.003651652103924,0.0309271923241023,0.2733740880948386,1.2416254347182094
openml_18_mfeat-morphological,real_openml_multiclass,1.0,10,6,400,0.0,0.0,,0.0,0.0,1600,0.0,0.8528787074559661,32.584028320357675,1.0,2.5375306172628007,1.0473784465762892,0.0,0.5999273310376952,0.3367699047872634,3.321928094887362,0.5712568604561582,0.3218782816348531,1.0006253908692953,1.5941686378475193,2.717347281813036,0.1889906100967404,0.1108022355034781,,,0.3819444444444445,0.2813682586673198,0.1965277777777777,0.2973801191915896,4.636969368546299,36.94167191518091,0.978472265625,1.2224893436038642,0.2822905394011052,0.431875,0.3946251003858695,0.290462203381158,0.4742773707338816,0.0,2.7265466590081866,,0.415,0.0020179059123287,3.679898719942572,160.0,0.1,0.985,1.984993787387829e-09,1.0,0.0,,0.198,0.6026666666666666,0.7360000000000001,-0.4773333333333331,0.369327197715011,0.0316203076786467,,,0.98125,0.0,0.975,0.0,0.2190523170398388,0.121875,0.515625,3.459423167090096,1.2829547171553994,5.664425182887441,3.4174183800286726,1.6165838222402875,0.7877213521292306,1.6162613330414772,3.4594169485276938,5.476721320879819,1.134556003399234,0.0655619015372698,0.9721564390987628,0.6646374695095854,0.0007518850363649,0.9727644168592992,4.122082608974722,0.3584716622322997,0.0068416892103572,0.3379146750810367,0.0317591704341471,1.0158902026065726
openml_20_mfeat-pixel,real_openml_multiclass,1.0,10,240,400,0.0,0.0,,0.0,0.0,1600,0.0,2.219137892946337,25.1001900518522,1.0,1.4987094632438012,0.3187781322827497,0.0,0.8539827199753435,0.0915197204655278,3.321928094887362,0.1728300127853757,0.1587499432634628,1.0006253908692944,3.6377943519493554,10.184244943764725,0.6342546325206005,0.1364063917778799,,,0.6363194444444444,0.1761141593612656,0.018125,0.1215861962765511,4.494454506443939,40.86415831460138,0.97755390625,0.3261830516872243,0.1132774137508765,,,,,0.0,6.63058524802108,,,1.284980432440472e-06,0.9796340082705532,160.0,0.1,0.86625,1.1026504903344236e-07,1.0,0.0,,0.1986666666666666,0.9093333333333334,0.9433333333333334,-0.7033333333333334,0.9805242044438904,0.2785205659415624,,,0.975,0.0,0.815625,0.0,0.7302282246433955,0.53125,0.740625,2.334082272790989,0.3820421652832067,5.455163736094795,3.678768545631496,0.6448105711908032,0.0252017145390737,1.2824161687949804,1.6415750568992524,4.660129619023901,0.2445259360442628,0.684121213290277,0.9377797620604906,0.1304264827216176,8.726723231788965e-07,0.9383662409611015,39.13266654113745,0.1224912050491422,0.0159064511815988,0.0602228407466851,0.0553135148339718,0.3661644563797546
openml_22_mfeat-zernike,real_openml_multiclass,1.0,10,47,400,0.0,0.0,,0.0,0.0,1600,0.0,0.5977541346398825,4.764797849420881,1.0,3.459423167090098,1.795561255245292e-15,0.0,0.7180626185459952,0.2520694629194135,3.321928094887362,0.2569285682045014,0.2131439093621502,1.0006253908692928,2.289624120026367,8.2776362823172,0.6231794021257104,0.1667548404604792,0.0011227363308674,0.0074650494869056,0.4834722222222222,0.2513984521417498,0.0099305555555555,0.0666161918296812,6.380037652440917,20.63796794240698,0.99239453125,0.4013136095365425,0.1739859932647945,0.305625,0.4688627376899106,0.1785646669647678,0.4109507882264797,0.0,5.148837430470037,,0.683125,0.000112860487218,1.1635487263106497,160.0,0.1,0.9600000000000002,2.6645851110883496e-08,1.0,0.0,,0.19,0.7366666666666667,0.8180000000000001,-0.5979999999999999,0.9299844330943908,0.3758766546484097,0.0500862279465695,1.4670231726981725e-15,0.978125,0.040625,0.446875,0.0,0.7614502783945244,0.346875,0.671875,3.459423167090096,3.459423167090096,6.67565253178958,6.013337755408021,0.7680135065694369,0.1056987301878784,3.459423167090096,3.459423167090096,6.51235615475662,0.2689951072208374,0.0892776333232805,0.9978352531308644,0.2084969086838644,0.0002395657890023,0.9984592901872325,12.226394518131425,0.0877856405637958,6.113854375959623e-06,0.1103363909804593,0.0028665555288901,0.7637902473628272
openml_23_cmc,real_openml_multiclass,1.8889,3,9,295,0.0,0.0,,0.0,0.0,1178,0.2481537872846507,0.5994558695607003,0.1932477622172722,1.8909774436090223,1.5425596348750763,0.946481844636424,0.0438011792949926,0.3270767551573597,0.0913500642767397,1.538879262719534,0.1746895490632427,0.1502703604950693,1.00084961767205,0.687776169413322,43.41433649522621,0.9668855394417106,0.0233036944403633,0.765928515928516,0.048618072376628,0.964410844695904,0.0559053800862705,0.9579331317263924,0.0528566959491812,3.0459925591969537,0.2551990985829858,0.9984557002891148,0.0354463383976569,0.0237330105433164,0.7249575551782682,,,0.4961405486070596,0.1739611338917678,0.2223032417718993,1.0476130192346036,0.6960950764006791,0.7882659936078746,0.3171461265444987,266.0,0.2258064516129032,0.4834586466165414,0.5507227865030035,1.552800093142391,1.0,-0.2467226811558952,0.4244517145280504,0.4685958352806771,0.5084882553530318,-0.0195275311142268,0.9957233586573004,0.9123828940328124,0.8205128205128204,0.7272727272727274,0.9978070175438596,0.8998699609882965,0.994074074074074,0.8972691807542262,0.9782316091177335,0.947712758271926,0.9966812865497076,3.300051467306405,0.373919120934793,4.774309017802946,1.896541352621923,0.0661595629396658,0.0031391920456669,0.8092536759998264,1.6741973308225435,3.1815629666891434,0.0162570310324039,0.2624825052454501,0.6249243207482409,0.1192180293172836,0.0086655731957501,0.6254552674948477,2.5086534944114254,0.8680213894451763,0.3555230270696056,0.0631304568290016,0.5887556892560573,1.067494028151213
openml_255_BNG(cmc),real_openml_multiclass,1.8934,3,9,11060,0.0,0.0,,0.0,0.0,1999,0.2484198176406688,0.6491941253215443,0.1845541632519504,1.8932516569592288,1.671953045381137,1.0618640259529937,0.0437622774145497,0.3401826395929379,0.0568175789846746,1.5386748227524456,0.1068748874064567,0.1426962502126994,1.0050106804236378,0.5319789776436687,42.15062196964955,0.9647477308211008,0.0279099096599207,0.8398569428165427,0.0418486648095286,0.9929284078162648,0.0007089164758258,0.988333947141919,0.0011171008421541,3.1741236660399483,0.2680490196352319,0.9990320322742662,0.0365042020936337,0.0260095395675768,0.7238619309654828,0.5235007448814328,0.2117852062585969,0.4981607392208769,0.1762067017164874,0.2346766938425171,1.027842012286278,0.7233616808404202,0.7783444232794395,0.3353456945353175,9958.0,0.2251107695089972,0.4964852379995983,0.6625672708747211,1.5548313700904144,1.0,-0.2719332621392988,0.4369659318637275,0.4683340013360053,0.4896419505678023,-0.0059853039412157,0.9936351083501812,0.900729170782643,0.8727619849392908,0.7927571641532981,0.9935442220787604,0.992153443766347,0.989247311827957,0.987088444157521,0.9834880074818344,0.9926205006850168,0.9933158898412237,3.5849561804964467,0.3753180103094602,5.067975243024167,1.903654412233185,0.0818290731061361,0.0046811470678775,0.8161961059961579,1.8785086806953264,3.335354430341636,0.0110499238795367,0.3000065442022722,0.5830182404066762,0.0392837905297078,0.0008932964777863,0.5783580019055174,2.115184474409088,0.9548540082228024,0.3687562229624163,0.0183525728663844,0.6627930993008857,1.0462038280255803
openml_265_BNG(glass),real_openml_multiclass,155.8275,7,9,27557,0.0,0.0,,0.0,0.0,1996,0.907525947810638,0.6692717911859705,0.6664536769266626,156.076,3.105482961152184,0.9642526654372098,0.1570603617505649,0.2657625897442752,0.2669197394342786,2.199896145353281,0.1233675544757531,0.1038323070311823,1.0014633436472735,0.4860087489032114,11.596912564740428,0.8583384941125449,0.1468550382405975,0.1044237119385741,0.0910779920808722,0.6972289872618574,0.4018620885553617,0.5898154937582626,0.389997485366461,5.115682397741625,1.735204312012083,0.9972625611945334,0.1896967087638399,0.0926092595303011,0.6012024048096193,0.4864433539997259,0.1023362670449039,0.4973495933424501,1.8456935091322333,0.7800092611438199,,0.7985971943887775,0.3281039216812183,0.7264045818202488,250.0,0.0022681085788938,0.2112,2.2567892658605047,23.451922772975305,5.0,0.7106450855809856,0.458558348289618,0.5267281551053915,0.5287335044922509,-0.0935767116562442,0.9829400665787796,0.6025625415795268,0.2480545809064135,6.686118091103183e-07,0.9911439114391144,0.040590405904059,0.9527675276752768,0.0,0.9678977223911708,0.1272727272727272,0.9575971731448764,3.584956710647189,1.113807076582659,5.71600942780533,2.9781268905165583,0.3355763314193818,0.0653980923771349,3.584952356445512,3.584956710647189,5.610995795548175,0.125652089988276,0.0643094774004579,0.463138424767278,0.0925017628171833,0.0013452626917307,0.4769837348815994,1.8511675258371376,0.8679904223948997,0.5215490002191929,0.0502361745830111,0.6332323341068772,1.012616182596378
openml_26_nursery,real_openml_multiclass,2160.0,5,8,2592,0.0,0.0,,0.0,0.0,2000,0.7663817354250111,1.116098228467788,2.8600375200587926,1728.0,1.7070768024804697,0.3978171622090461,0.1494826666265185,0.3324181096752951,0.3919238674723855,1.7232298898390728,0.0148060257216195,0.0121062261515746,1.006409952096773,0.055864158970543,10.38522630638798,0.8867961891462651,0.2670754839666434,,,0.2657547302295219,0.3333489084104553,0.1377118644067796,0.3253328032303776,3.264375797893187,3.588051050418821,0.9979175,0.1659308944263554,0.3268146061464796,0.3705,0.3937370833025249,0.1297876976954472,0.4048947021880256,1.4579420915580377,0.9028201522439226,,0.5555,0.1964621707672098,0.8548582614153374,2.0,0.0001929012345679,0.2,1.171389430070742,522.470082286811,2.0,-0.4098574917968328,0.6619999999999999,0.6666666666666667,0.7653333333333334,0.0179999999999999,0.9991210077138752,0.2295512336055715,,,1.0,0.0,1.0,0.0,0.9957162370982028,0.0,0.3604627938826751,2.321540784325804,0.9999127151897328,3.831768985745681,2.350756502900935,0.9568633102879792,0.0072169010377938,1.58435930548853,1.9985640970128085,3.704690993291664,0.0171029935602168,0.020384733201756,0.0410834557064597,0.0117419537045565,5.2959381042837615e-05,0.0415335574976242,1.081275523353789,1.0164507020930629,0.9213696229624252,0.0047296508376842,0.9649588011949022,1.046320667733318
openml_28_optdigits,real_openml_multiclass,1.0325,10,64,1124,0.0,0.0,,0.0,0.0,1996,0.0118196888394897,0.8869434418371578,11.161181286506748,1.0338600451467268,2.0056953999317093,1.2663889062702864,1.5004350625735796e-05,0.7965857569354027,0.1255341659310966,3.3218405697765614,,,0.9828118025897464,1.4585112846810842,10.562944549685882,,,,,0.5427161386415618,0.2749231486803505,0.0,0.0,5.013055423668167,24.886242593257062,0.9772593784763915,0.3144805460401044,0.203213180914084,0.0581162324649298,0.3643081352890456,0.0679259861725045,0.1532369066683871,0.0096593095330995,5.837010427899264,,0.5265531062124249,2.3411203854937413e-05,0.8268880815905911,443.0,0.0985320284697508,0.9909706546275396,4.71348880026562,1.014867783069781,5.0,0.2715513017597205,0.1961178045515395,0.7757697456492637,0.9384203480589024,-0.71285140562249,,,,,0.9,0.0,0.0,0.0,0.8583852652155891,0.385,0.7506234413965087,3.296116363103486,0.0,6.226159665475937,3.321840757708601,0.6881870728124877,-1.8793203970801642e-07,0.5975725259845358,3.091588633212417,5.974880266561517,0.1012821159551335,0.5756036664289941,,,,0.9215679937447702,7.291258318532171,0.3874587237392141,-2.3703630319863238e-17,0.0281505477864024,0.1642295250502017,1.1673400832736087
openml_2_anneal,real_openml_multiclass,85.5,5,38,180,0.0,0.0,,0.0,0.0,718,1.414596194620986,1.1176871172797462,14.722316284999527,91.16666666666669,0.4958094272760189,0.7505295649793104,0.6386093133700226,0.7228300428516616,0.1921369571581284,1.187764057925177,,,0.8169272553769354,0.8371129520397781,19.284343169938246,,,,,0.1059938583848623,0.1505329457585388,0.0,0.0,1.6219813403478132,22.53660010173377,0.9723388241866529,0.0615921448533826,0.105890340591479,0.0891364902506963,0.1646632210365993,0.1389582518290329,0.1229091597014693,1.613883494296594,2.200682914313693,,0.192200557103064,0.0089102641234819,1.0170814950856597,6.0,0.0083565459610027,0.3333333333333333,6.319229117216795,15.843330989217066,4.0,1.4473861907820895,0.8370467224546722,0.636523709902371,0.9192294281729428,-0.0933170618317063,,,,,0.3801916932907348,0.0,0.0,0.0,0.979089105004474,0.0,0.2085682374215509,2.930868432563512,0.0,3.806836611434626,1.1877641727921369,0.4108068203955093,-1.1486695994378239e-07,0.0,0.6534668506987331,1.8207061581567496,-1.1486695994378239e-07,0.5106667224343954,,,,0.8381006239800747,3.846229136524976,0.732255600484121,-5.948420735511879e-16,0.0250274164329699,0.1337687682389179,1.0731291134726182
openml_30_page-blocks,real_openml_multiclass,175.4643,5,10,1095,0.0,0.0,,0.0,0.0,1998,1.7466329791725113,0.58080356148889,2.547462934000275,170.8695652173913,3.516301960387952,0.1657360207990307,0.8603121729477431,0.5282248235075523,0.1513565318379489,0.6311890355422735,0.2987250173235078,0.2555313532789746,0.962423383119653,1.1760658243943245,4.061391542889877,0.8271035264669946,0.1037339517571128,0.0003529001027893,0.0010693152851141,0.2818713893961264,0.320488504693539,0.1403809538373371,0.3190635621441,3.99207898286114,1.9971796615891777,0.8957583709835962,0.1554120130690851,0.0658134203118084,0.077077077077077,,,0.206353192919591,1.6040597838342672,1.1848122558683754,,0.0940940940940941,0.2218466989468735,1.0843647584363725,23.0,0.0052535404294198,0.7304347826086959,54.18275832110941,31.108116453723163,4.0,1.4896136174554808,0.93186372745491,0.9418837675350704,0.9405477621910489,-0.0180360721442884,0.9748996299789574,0.6597563511837845,0.0033954952014259,0.0,0.987467362924282,0.0,0.9660574412532638,0.0,0.8895478927499003,0.0359098657575111,0.2781638293088065,3.5848561264952874,3.0670320767881165,4.145612835431901,3.4194886770972,0.2787324352331901,0.0702824603170242,3.5820252141501183,3.58479914376611,4.109831287605761,0.1062072706241961,0.3791686074605984,0.9584721081524676,0.1945060611784753,0.0312311837109861,0.8452368844018457,3.885670061099373,0.467585488194668,0.0124116339695062,0.0824601179798311,0.2697254229144567,1.4093808164415926
openml_32_pendigits,real_openml_multiclass,1.0844,10,16,2199,0.0,0.0,,0.0,0.0,1993,0.0399213566328149,1.0638405468220165,11.868343748458855,1.0841232227488151,3.236840352236515,0.343132189222928,0.0002045108144584,0.6798127340859498,0.2222199964847805,3.320732644055542,0.2734009707406783,0.2036430305310614,0.9980299219983784,1.361727017554566,4.551256462175903,0.4900871711260595,0.1373570812000945,0.0116072327928533,0.0398016009755328,0.3462082420909335,0.2860466558753971,0.0058902275769745,0.039512847795177,5.827943129978626,16.763393832742587,0.9722037668719596,0.7296298663134306,0.2367153980027062,0.0526843953838434,0.2751741909144164,0.0903015038324919,0.121793037197157,0.0392235511380441,4.554361995530296,3.9193718253760896,0.1976919217260411,0.0004519978294199,1.575577005027483,844.0,0.0959854429659956,0.9926540284360188,1.6372114863791911,1.0464489160219288,5.0,9.904267663997332e-05,0.1996018951729116,0.8566539801055327,0.866035570854848,-0.7742761791633335,0.7761529249013167,0.2749809069921715,0.1826579420689655,0.0,0.8894472361809045,0.0,0.2650602409638554,0.0,0.5548131675821512,0.050125313283208,0.6031331592689295,3.5811896241182133,2.4959571992455305,6.532261416677196,4.968433660372695,1.186774743767682,0.3696608514965591,3.1060934229845003,3.445682255373116,6.143762666162932,0.6301334978285935,0.2101982683535361,0.8571005529064426,0.2158569101519009,0.0001938680015741,0.8546904203541651,4.728939494389029,0.4751406825009805,0.0263394205042168,0.1143016109547457,0.100942601032739,1.1112656302176498
openml_35_dermatology,real_openml_multiclass,5.6,6,34,74,0.0,0.0,,0.0,0.0,292,0.4518471918485108,0.5153104922292725,19.296182949537737,5.5625,1.125783969693812,0.4915635427793571,0.0496887195946887,0.915640187298926,0.1208166911697281,2.434537549231454,0.2289211900482101,0.2087793449077943,1.0034364261168374,1.812069761275778,5.590717258055117,0.4437704403838178,0.3003531571184611,,,0.066578831796223,0.1831748788287008,0.0,0.0,3.124860837073798,114.80365458269428,0.883233252017264,0.4354606818514684,0.2284315098870612,0.0753424657534246,0.3169207372315508,0.0917994964669266,0.182174100544489,0.5360296554849457,4.250371454444868,,0.1952054794520548,2.6035501388427827e-06,1.762172887173129,16.0,0.0547945205479452,0.9875,8.405214870063329,2.167385037685789,3.0,0.4723126334235958,0.4965986394557823,0.8904200855599972,0.9622694438600182,-0.4144400028052459,0.9266941923132468,0.0577763410175235,,,0.6363636363636364,0.0,0.0,0.0,0.7135902886589073,0.0,0.0,2.5646498715943515,0.306424729870515,4.788857675230626,2.4345392225741773,0.821921549812969,0.088809888606832,0.8539639406276696,1.4024449625842044,3.6002130804744565,0.2656329931640534,0.7018172307995659,0.9464529272258722,0.1715737914700632,0.0001490326206697,0.9497053427833476,9.261199485607698,0.4429500112494925,0.0363190982106634,0.0837974586821882,0.1378909876730334,0.8879861095563231
openml_36_segment,real_openml_multiclass,1.0,7,19,462,0.0,0.0,,0.0,0.0,1848,0.0,1.2253027700701151,46.43435759856774,1.0,3.0599499022552856,1.2462819541743486,-2.220446049250313e-16,0.7524652145764299,0.2574946442700306,2.807354922057604,,,0.9478813438577466,1.770982930110834,3.229564533058252,,,,,0.1612554112554112,0.2663785769194609,0.0185786435786435,0.082151177388149,4.998037499470439,54.80808272117982,0.950618487753228,0.8692673248424503,0.5785186952754593,0.0698051948051948,0.1787455122587014,0.1429406980473004,0.1638606583616315,0.0,3.728740854024064,,0.1558441558441558,8.86191780371992e-05,1.0735487000694524,264.0,0.1428571428571428,0.9787878787878788,1.110769691901848e-08,1.0,0.0,,0.2850474281897128,0.7943927855711422,0.9138931195724784,-0.6368523714094858,,,,,0.8712121212121212,0.0,0.3768939393939394,0.0,0.897425248327548,0.0,0.3579545454545454,3.5849574313405004,0.0,6.236092830224886,2.807355017583792,1.521433873387819,-9.552618784880452e-08,3.5814091641728982,3.584797800362093,5.609262688797257,0.3718558481554694,0.3474232823037582,,,,0.9991638355233272,7.616899113077739,0.4086836460850809,-1.7697432064341464e-17,0.0216345680055011,0.0001614201489452,0.9282012439584768
openml_375_JapaneseVowels,real_openml_multiclass,2.0639,9,14,1993,0.0,0.0,,0.0,0.0,1996,0.234170402908534,0.6540099834803165,4.106384426823641,2.0656,3.578679962015028,0.0206967384332286,0.0079082227678497,0.6572610954030028,0.2536305611454776,3.1317535440813176,0.2352342613540552,0.1626032114693228,1.0065362595553795,1.0736378992841316,8.191032363240701,0.6903342775127067,0.1887778208162752,0.0046729865770995,0.0048171270290798,0.5186776150137605,0.2427939423237222,0.0417292152433929,0.0915785242529784,6.328094210486205,14.661824070444366,0.99043377335834,0.3823392956101409,0.2105383700767397,0.1402805611222445,0.3570949275522413,0.0933747476344153,0.2368393707335097,0.1951334359167562,3.90623641107163,,0.5345691382765531,0.0012296109994223,0.99539367883113,625.0,0.0784387550200803,0.98368,2.412041994300891,1.3438058782433435,6.0,0.7977640345625031,0.2500046947978956,0.8308866729442821,0.9117713338323232,-0.6671146845229952,0.946209788765036,0.3387494198589413,0.0165820446335344,2.78305027644238e-05,0.8895582329317269,0.0234192037470726,0.3573333333333333,0.0,0.8134311162871877,0.3639525368248772,0.7360520506134061,3.584956710647189,3.507409140774324,6.577089575298245,5.926035592288931,0.7906746624395753,0.0881388974982186,3.584956710647189,3.584956710647189,6.469083773496828,0.2450458420377457,0.1588604297506219,0.6821741243474256,0.2032708874055846,0.0008845961477147,0.682739467908863,3.992221834088727,0.6608330645092602,0.0529941406588546,0.1076508191682499,0.2977014361298356,1.3257651994571344
openml_377_synthetic_control,real_openml_multiclass,1.0,6,60,120,0.0,0.0,,0.0,0.0,480,0.0,0.7238279983972159,11.137674164866768,1.0,2.8073173254296764,8.956737291214457e-16,0.0,0.6971273360697612,0.3422942514335964,2.584962500721156,0.4570227389213381,0.2716199887643938,1.0020876826722338,4.126403274315605,3.163523481745648,0.4017098717781208,0.2136714051243692,1.7054036460873353e-13,4.850652001164305e-13,0.1045833333333333,0.1739199237607709,0.0,0.0,4.575164822694381,34.10760606416227,0.9375347222222222,0.8171150034564502,0.3179255345704867,0.0625,0.4199275842827306,0.0499867520159872,0.1200027545496888,0.0,2.8985940317365526,1.571011507096463,0.81875,0.0006378878465666,1.7162657515305106,80.0,0.1666666666666666,1.0,5.233865280311367e-08,1.0,0.0,,0.31875,0.9395833333333332,0.9729166666666668,-0.6541666666666668,0.9864296924867988,0.1433067157813358,1.7577718175937024e-12,0.0,0.54375,0.0,0.0,0.0,0.5545068069346055,0.0,0.090625,2.8073173254296773,2.8073173254296773,5.3341482825122855,4.119744159882599,1.2725356662682348,0.0581315436385478,2.8073173254296773,2.8073173254296773,4.774930976867273,0.6173488492835608,0.2543469939083614,0.9424319203054546,0.4437684156731204,0.0007907120974019,0.9443994190952364,31.567019543470774,0.1894865359730073,0.0360501763940302,0.2256809476749967,0.0712901055037096,0.4256803360251079
openml_378_ipums_la_99-small,real_openml_multiclass,29.4569,7,60,1769,0.0,0.0,,0.0,0.0,1997,1.477764262905758,1.11159533413192,2.616693325697004,29.37974683544304,1.4327346747433642,0.8663198196618062,0.4893583664348894,0.3978456203537432,0.2917135225215456,1.7547971513148075,,,0.996289227978072,2.1343547986103006,14.029227843592905,,,,,0.604873940824153,0.3886448993549332,0.2727323683420495,0.337575247886502,3.0624503054728307,4.791218767902088,0.9394986320241504,0.1250815205853412,0.1221113990349998,0.3485227841762644,0.3657215456093611,0.1834531266296251,0.4440213405492674,1.2326503441414212,1.3751707219175704,,0.5653480220330496,0.102727632710307,0.4595760904108834,158.0,0.0223321554770318,0.4430379746835444,4.994838812933917,5.891962334648479,6.0,1.9784580954530455,0.6998723014972382,0.73929384874166,0.7700514818123528,-0.0274001818898841,,,,,0.961904761904762,0.0324483775811209,0.8016528925619835,0.0,0.9609519914011012,0.1339933993399339,0.935483870967742,3.583914809992512,0.0,5.30723707167184,1.7547973155788523,0.8137741688653013,-1.6426404481073578e-07,0.9724448864742904,1.767700720906179,3.279787021903749,0.0489239731216878,0.1444068043106778,,,,0.956700147818286,15.396340091590709,0.4140500568510338,0.0,0.0474829462837601,0.1206692188169407,0.9898517245268512
openml_381_ipums_la_98-small,real_openml_multiclass,67.6338,7,60,1497,0.0,0.0,,0.0,0.0,1997,1.444355826937621,0.789105853619833,0.9480825802557854,67.3859649122807,1.413817735002339,0.8756959883923676,0.4656882817496753,0.3781469816513,0.2916786079075746,1.7606295067544293,,,1.000646407127806,2.174454226924652,14.36118979360757,,,,,0.5550436128007528,0.3484441736215253,0.2094088047289249,0.2798995744071738,3.0518508878294552,5.863783801006924,0.939223055915872,0.122596353927313,0.1292866535351271,0.3625438157235854,0.3626794924168202,0.1844224514087839,0.454996654690296,1.6112162691584897,1.283352889946435,,0.5202804206309464,0.0971751230753244,0.4680640123845846,57.0,0.0095190380761523,0.2807017543859649,4.1231351414938615,8.750037400783652,6.0,1.928218722459481,0.6940547762191049,0.7261189044756179,0.7575150300601202,-0.0187040748162993,,,,,0.9905437352245864,0.0146041506533435,0.8770685579196218,0.0,0.9689086727109564,0.1515552614162806,0.8253968253968254,3.584487437583162,0.0,5.310567381485317,1.760629679805002,0.87733322520709,-1.730505727604026e-07,0.912004917004264,1.7575902051921406,3.294652727523188,0.0386219278344419,0.1616482834909112,,,,0.9597448606035603,15.493323190201105,0.3835113899640423,-9.56196755118945e-16,0.0366260849024644,0.1271681281112707,0.9268397722769188
openml_382_ipums_la_97-small,real_openml_multiclass,7.5116,8,60,1404,0.0,0.0,,0.0,0.0,1996,0.5824048994633608,1.1720405798286213,0.6824034207951394,7.48792270531401,1.4206824272655472,0.8989253334456926,0.0568736477100043,0.311833202953835,0.1865238026187701,2.7574752701469656,,,0.982624566407475,2.254889380037524,39.17638499309344,,,,,0.8479346224338427,0.1150052196032573,0.6064062879285358,0.2704935693745269,4.107771538234399,1.3577170700766932,0.9992570310962606,0.0703861591781143,0.0906125893090587,0.8396793587174348,0.5469342640320013,0.105219693428964,0.4536807123057896,0.5896491582357524,0.8894263989113291,,0.937875751503006,0.3401407638740152,0.4133836363309882,207.0,0.0368655387355298,0.3227053140096619,2.572236229501802,2.6216635166057585,4.0,0.7253812002314507,0.3643042443655718,0.1049448294178718,0.3656322014846292,0.0574696917261564,,,,,0.9937421777221528,0.5453125,0.9474342928660826,0.0,0.9809836296971431,0.787853063744405,0.927674450883098,3.5831314725849306,0.0,6.291925157063117,2.757475416615131,0.6595635139788385,-1.4646816559604758e-07,0.9624475427418252,1.768629924952542,4.3922393594282685,0.0306120033662884,0.1404981569902763,,,,0.9896703265595392,16.28664450417424,0.3682989702319349,0.0,0.0377162236563467,0.1175170088990623,0.976629425927269
openml_39_ecoli,real_openml_multiclass,71.5,8,7,68,0.0,0.0,,0.0,0.0,268,1.0806217528297286,1.3904436092650676,10.902902309432294,57.0,1.8760972985523647,1.198177166692035,0.1985069924403615,0.6066966620817651,0.29676232184491,2.204186171006015,0.1839227822713188,0.1878720737950331,1.0037453183520586,0.6896681683818878,4.522498223230299,0.4253396556567043,0.1439945335348072,,,0.173975762743428,0.2191643243541347,0.0477094571065105,0.1456477552395104,3.592901040155982,10.198296920814863,0.963786478057474,0.4873824294023988,0.3354427710389691,0.291044776119403,0.4049943029661157,0.135645122239318,0.4125728227356194,1.1833556660845432,3.1049731324687806,,0.4365671641791044,0.0058419336266726,2.403453069100236,2.0,0.0074626865671641,0.2,11.519494483871146,12.825051102008176,5.0,1.1834890669863247,0.6417910447761194,0.7313432835820896,0.8694029850746269,-0.1455223880597015,0.670834060692284,0.2174068788162855,,,0.7843137254901961,0.0,0.5617977528089888,0.0,0.4868694368649088,0.0258620689655172,0.1813936063936064,2.583186782530756,0.0354704823959182,4.412225878164227,2.211651014672987,0.9888698225009014,0.0280056387289464,1.387617548523033,2.580867081493901,4.20621472011954,0.2567661082613117,0.0483258886002923,0.7982106520738894,0.1281900336164605,0.0088063134330633,0.8012002050779126,2.1774858877597145,0.8582503489597305,0.1369921632354032,0.0553850837833116,0.5640015222437099,1.3627428920110711
openml_40474_thyroid-allbp,real_openml_multiclass,52.6452,5,26,560,0.0,0.0,,0.0,0.0,2240,1.0632819001726184,0.6457669138763784,0.9994271676681802,52.2,1.045264385546558,1.4427238209228137,0.3522533463938434,0.4654170280861723,0.1672392359025685,1.5286413272552644,0.0621065829591247,0.1225953512656713,1.000446627958915,0.7002094953302147,31.26972186104372,0.9416648444518212,0.073958363879055,,,0.7760097735489775,0.1583157349061192,0.4476465798379143,0.3453288206806046,2.52502004205463,1.3964402020439155,0.9957382015306122,0.0488856707471923,0.054211540938205,,,,,1.1539244347566595,0.9503589262060848,,,0.3193655975126832,0.7225966867619177,25.0,0.0111607142857142,0.256,1.527702822923264,12.879390232333773,3.0,0.9140215989303287,0.6219104876419504,0.1877087508350033,0.6887107548430195,0.0260521042084167,0.9986816588519142,0.6591534075556078,,,0.9807580174927114,0.551219512195122,0.9346938775510204,0.0,0.9943295392160938,0.6261511828183768,0.8545190457237264,3.5818488691316808,0.0,5.0374865796863295,1.5270657364840168,0.2371857518449234,-1.0222316837449341e-07,0.1169468998391846,0.8506275948103561,2.323351805152428,0.0060004256768073,0.2269903617176449,0.9946021780429178,0.02717401897501,0.0003337543313979,0.9949107911743984,3.339924329846142,0.9015598288997552,0.0053164686727053,0.0110296153015024,0.7215538332981286,1.1532114625253993
openml_40475_thyroid-allhyper,real_openml_multiclass,52.6452,5,26,560,0.0,0.0,,0.0,0.0,2240,1.0632819001726184,0.6457669138763784,0.9994271676681802,52.2,1.045264385546558,1.4427238209228137,0.3522533463938434,0.4654170280861723,0.1672392359025685,1.5286413272552644,0.0621065829591247,0.1225953512656713,1.000446627958915,0.7002094953302147,31.26972186104372,0.9416648444518212,0.073958363879055,,,0.7760097735489775,0.1583157349061192,0.4476465798379143,0.3453288206806046,2.52502004205463,1.3964402020439155,0.9957382015306122,0.0488856707471923,0.054211540938205,,,,,1.1539244347566595,0.9503589262060848,,,0.3193655975126832,0.7225966867619177,25.0,0.0111607142857142,0.256,1.527702822923264,12.879390232333773,3.0,0.9140215989303287,0.6219104876419504,0.1877087508350033,0.6887107548430195,0.0260521042084167,0.9986816588519142,0.6591534075556078,,,0.9807580174927114,0.551219512195122,0.9346938775510204,0.0,0.9943295392160938,0.6261511828183768,0.8545190457237264,3.5818488691316808,0.0,5.0374865796863295,1.5270657364840168,0.2371857518449234,-1.0222316837449341e-07,0.1169468998391846,0.8506275948103561,2.323351805152428,0.0060004256768073,0.2269903617176449,0.9946021780429178,0.02717401897501,0.0003337543313979,0.9949107911743984,3.339924329846142,0.9015598288997552,0.0053164686727053,0.0110296153015024,0.7215538332981286,1.1532114625253993
openml_40476_thyroid-allhypo,real_openml_multiclass,52.6452,5,26,560,0.0,0.0,,0.0,0.0,2240,1.0632819001726184,0.6457669138763784,0.9994271676681802,52.2,1.045264385546558,1.4427238209228137,0.3522533463938434,0.4654170280861723,0.1672392359025685,1.5286413272552644,0.0621065829591247,0.1225953512656713,1.000446627958915,0.7002094953302147,31.26972186104372,0.9416648444518212,0.073958363879055,,,0.7760097735489775,0.1583157349061192,0.4476465798379143,0.3453288206806046,2.52502004205463,1.3964402020439155,0.9957382015306122,0.0488856707471923,0.054211540938205,,,,,1.1539244347566595,0.9503589262060848,,,0.3193655975126832,0.7225966867619177,25.0,0.0111607142857142,0.256,1.527702822923264,12.879390232333773,3.0,0.9140215989303287,0.6219104876419504,0.1877087508350033,0.6887107548430195,0.0260521042084167,0.9986816588519142,0.6591534075556078,,,0.9807580174927114,0.551219512195122,0.9346938775510204,0.0,0.9943295392160938,0.6261511828183768,0.8545190457237264,3.5818488691316808,0.0,5.0374865796863295,1.5270657364840168,0.2371857518449234,-1.0222316837449341e-07,0.1169468998391846,0.8506275948103561,2.323351805152428,0.0060004256768073,0.2269903617176449,0.9946021780429178,0.02717401897501,0.0003337543313979,0.9949107911743984,3.339924329846142,0.9015598288997552,0.0053164686727053,0.0110296153015024,0.7215538332981286,1.1532114625253993
openml_40477_thyroid-allrep,real_openml_multiclass,52.6452,5,26,560,0.0,0.0,,0.0,0.0,2240,1.0632819001726184,0.6457669138763784,0.9994271676681802,52.2,1.045264385546558,1.4427238209228137,0.3522533463938434,0.4654170280861723,0.1672392359025685,1.5286413272552644,0.0621065829591247,0.1225953512656713,1.000446627958915,0.7002094953302147,31.26972186104372,0.9416648444518212,0.073958363879055,,,0.7760097735489775,0.1583157349061192,0.4476465798379143,0.3453288206806046,2.52502004205463,1.3964402020439155,0.9957382015306122,0.0488856707471923,0.054211540938205,,,,,1.1539244347566595,0.9503589262060848,,,0.3193655975126832,0.7225966867619177,25.0,0.0111607142857142,0.256,1.527702822923264,12.879390232333773,3.0,0.9140215989303287,0.6219104876419504,0.1877087508350033,0.6887107548430195,0.0260521042084167,0.9986816588519142,0.6591534075556078,,,0.9807580174927114,0.551219512195122,0.9346938775510204,0.0,0.9943295392160938,0.6261511828183768,0.8545190457237264,3.5818488691316808,0.0,5.0374865796863295,1.5270657364840168,0.2371857518449234,-1.0222316837449341e-07,0.1169468998391846,0.8506275948103561,2.323351805152428,0.0060004256768073,0.2269903617176449,0.9946021780429178,0.02717401897501,0.0003337543313979,0.9949107911743984,3.339924329846142,0.9015598288997552,0.0053164686727053,0.0110296153015024,0.7215538332981286,1.1532114625253993
openml_40478_thyroid-dis,real_openml_multiclass,52.6452,5,26,560,0.0,0.0,,0.0,0.0,2240,1.0632819001726184,0.6457669138763784,0.9994271676681802,52.2,1.045264385546558,1.4427238209228137,0.3522533463938434,0.4654170280861723,0.1672392359025685,1.5286413272552644,0.0621065829591247,0.1225953512656713,1.000446627958915,0.7002094953302147,31.26972186104372,0.9416648444518212,0.073958363879055,,,0.7760097735489775,0.1583157349061192,0.4476465798379143,0.3453288206806046,2.52502004205463,1.3964402020439155,0.9957382015306122,0.0488856707471923,0.054211540938205,,,,,1.1539244347566595,0.9503589262060848,,,0.3193655975126832,0.7225966867619177,25.0,0.0111607142857142,0.256,1.527702822923264,12.879390232333773,3.0,0.9140215989303287,0.6219104876419504,0.1877087508350033,0.6887107548430195,0.0260521042084167,0.9986816588519142,0.6591534075556078,,,0.9807580174927114,0.551219512195122,0.9346938775510204,0.0,0.9943295392160938,0.6261511828183768,0.8545190457237264,3.5818488691316808,0.0,5.0374865796863295,1.5270657364840168,0.2371857518449234,-1.0222316837449341e-07,0.1169468998391846,0.8506275948103561,2.323351805152428,0.0060004256768073,0.2269903617176449,0.9946021780429178,0.02717401897501,0.0003337543313979,0.9949107911743984,3.339924329846142,0.9015598288997552,0.0053164686727053,0.0110296153015024,0.7215538332981286,1.1532114625253993
openml_40496_LED-display-domain-7digit,real_openml_multiclass,1.5405,10,7,100,0.0,0.0,,0.0,0.0,400,0.1204159457879229,0.4936159650284896,6.979325845288109,1.5862068965517242,0.8840852170456692,0.10110746281892,0.001767315419037,0.6698467341084269,0.1963993263752771,3.3110098462966446,0.1635853782281568,0.1173904717012788,1.00250626566416,0.5297099143510237,7.569604794348561,0.4206647810389928,0.0833200060102237,0.8,0.4045199174779452,0.9176149177159948,0.1886995427983897,0.8520447815095703,0.3473446109213216,3.7576865147786376,10.16808625402743,0.99403125,0.4374085485636756,0.1059977074965173,0.6425,,,0.4813241447619545,0.128996408907404,3.3722987027740547,,0.065,0.0045842422529635,1.9267930582578907,29.0,0.0725,0.710344827586207,1.0310170667797127,1.1707164542460309,4.0,-0.864460490718888,0.2000336662551902,0.4601241910747016,0.7549283656903453,-0.4599745632738562,0.5325583609105279,0.328162581836898,1.0,0.0,1.0,0.4366197183098591,1.0,0.0,0.4860040911865111,1.0,1.0,0.9814538950336535,0.6855156779344391,3.834201053389029,3.713780290655553,0.5636318950606483,0.2705036341261793,0.8534672668183841,0.949883019967548,3.769255735175932,0.3661470600807803,0.3796557316203814,0.3999920823636002,0.1513733419518868,0.0097195171468591,0.4009945687855645,1.9834821725394407,0.937299480340682,0.3983493047370585,0.0749833450320264,0.6883150882174567,1.160891362798513
openml_40497_thyroid-ann,real_openml_multiclass,37.5054,3,21,755,0.0,0.0,,0.0,0.0,1999,1.2550145870158973,0.4951260287788659,3.7204535867737416,37.7027027027027,1.161114167653557,1.526671235320337,0.8790811013147753,0.3924847352530107,0.346375914159891,0.4528430443844803,0.0527526681936001,0.0933681957149461,0.9461833436203372,0.5367892161774893,14.334193300491616,0.9422211501525444,0.1286932083333783,,,0.0334340241189556,0.0349606011360459,0.0,0.0,1.5823654067029616,0.7065850459761418,0.9786796850150938,0.0315918053350759,0.0693902690930538,0.1170585292646323,0.2781377605027986,0.1515180653019897,0.2618966408352653,0.7534841307340704,0.428064808723352,,0.1715857928964482,0.5807817469521719,1.7884831729263746,74.0,0.0245276764998342,0.7783783783783784,37.61004742669971,19.335188129305774,2.0,0.7050295894037735,0.954631930527722,0.1260721442885771,0.9359599198396794,-0.0106786907147629,0.9996907114397215,0.5031787764153959,,,0.0697435897435897,0.0,0.0,0.0,0.999184591955868,0.0152792413066385,0.0501510361784334,3.5817094018634044,0.0,4.020100075192406,0.4528430988009987,0.2848963678308718,-5.4416518457944825e-08,0.1001226954043325,3.342959378184085,3.684900025300691,0.0008485142048486,0.1475599775108623,0.7765857786310549,0.0214853415577805,5.3673530071529965e-18,0.7553440584788218,2.577630126288251,0.9109425808842356,-3.331217007040449e-16,0.0091930407572863,0.7427542360174847,1.1073119549864376
openml_40498_wine-quality-white,real_openml_multiclass,439.6,7,11,980,0.0,0.0,,0.0,0.0,1998,1.1278503099808852,0.9499072282407192,0.7360588893364295,439.5,3.570381202324715,0.0116670473777394,0.2393964271858538,0.1971388523418427,0.1963442111772478,1.859585472380131,0.1854353972117626,0.1962063752672064,0.9964298867913154,0.8852473714519398,20.315403445030096,0.9400126239840476,0.0666205493692768,0.0144724539807991,0.0297549226827723,0.595929642122942,0.3912538055896127,0.3394986382134325,0.3916478352003955,5.338430935460885,0.5822420405007281,0.9988399310221132,0.0915357392439604,0.0554632148086616,0.7067067067067067,0.4062600603367687,0.2241005333293969,0.4958066071998941,1.7972854974615429,0.4259376089300318,,0.8148148148148148,0.609944085827398,0.6971951815987336,4.0,0.0010209290454313,0.2,1.2870877027157506,61.080239470771815,4.0,0.8295620136235474,0.4492656875834446,0.4472630173564753,0.5060080106809078,-0.0126835781041388,0.9943144869471556,0.7740185699004467,0.1296529997934969,0.0,0.9939678284182306,0.0,0.9470509383378016,0.0,0.9816372105296536,0.0588235294117647,0.9276859504132232,3.584381351457653,3.543037920703934,5.397358786957382,5.205031331775787,0.2225842921404126,0.0393762311370586,3.5658661696975447,3.57848545582689,5.366996988113162,0.0547674464177792,0.0422830683951227,0.8365971664854084,0.1083923734093932,0.0009211407074174,0.8203671268200357,3.301445102144192,0.8682156070537128,0.0155942721639541,0.060401825739491,0.5059246939237065,1.1259183063126303
openml_40663_calendarDOW,real_openml_multiclass,2.1818,5,32,80,0.0,0.0,,0.0,0.0,319,0.2386154512098441,0.3748614757149865,0.5027671394648283,2.2,1.3556645378659056,0.4917298610223019,0.0164864669904449,0.5675061254087559,0.1197784130037629,2.275739008834458,0.2524776605273881,0.1757109671908215,1.0031446540880498,1.744960285958303,22.906059471597555,0.9485620368869394,0.0329540656875752,0.0048237724139766,0.0053415937194617,0.8805622084029432,0.0765167396795833,0.18784885253334,0.1827459260312279,3.532052586241352,2.192802377474722,0.9815548196263796,0.0993509604590116,0.0625678794215169,0.6677115987460815,,,0.4874967108794018,0.3113059457767465,1.3312934141709345,,0.5078369905956113,0.1857781740975426,0.3820021788837581,35.0,0.109717868338558,0.3485714285714285,4.301910324172924,1.4814856196435142,1.0,-1.1200880902387738,0.3009463351554693,0.3387997413742432,0.5392934814553576,-0.2854287897490155,0.9930350600863086,0.8569054151564173,0.0127452237174561,0.0,0.9507042253521126,0.7128712871287128,0.5294117647058824,0.0,0.9730738861366572,0.8809821428571428,0.9267122341894504,2.275152098075787,0.0,4.434865779133763,2.275739055462745,0.2569083643605978,-4.6628287009298226e-08,1.1870318416819083,1.7183416400820204,3.885933000375432,0.0566551694520185,0.453698121896784,0.9702118602289732,0.2188278616525812,0.0005247940419744,0.9732628409215128,8.94735362866746,0.413126740007406,0.0202147049549533,0.119733290207651,0.2000428463225835,0.8981158706668289
openml_40664_car-evaluation,real_openml_multiclass,18.6154,4,21,346,0.0,0.0,,0.0,0.0,1382,1.0825055912446406,0.7313110831082613,1.3472395342801196,18.615384615384617,0.8570710925512257,0.0547355001332109,0.5069562793245246,0.4382476667377787,0.2804377615524126,1.205103129912393,0.0598165145369061,0.1300374704270846,1.0007241129616251,0.6551128391800342,26.768548016919546,0.9496014684417684,0.0643944596967507,,,0.5839923631035727,0.1726502531813998,0.135129731707187,0.1695044072312239,2.017154853869152,1.5366711367091013,0.9954139536442288,0.0450193685944671,0.0635288312786741,0.2988422575976845,0.4544138925691848,0.0784677458799868,0.4104024146636686,0.7955011554733668,0.7334737284123773,,0.5397973950795948,0.3590534940790803,0.5010744917908763,52.0,0.0376266280752532,0.4423076923076923,1.6620462859844776,8.651972620213662,3.0,0.9144784853389144,0.7004338394793926,0.8089864503756798,0.8842277342890377,-0.0115800559590052,0.9991848942945069,0.7831254449922025,,,0.7596685082872928,0.2647058823529412,0.3898039215686275,0.0,0.9866265074392956,0.5609014940491264,0.6775151181968114,0.9221067243349336,0.7918005271617937,2.1211093823009324,1.9039649897972069,0.2217433225195426,0.0006123435605296,0.8095532957189372,0.917085128482334,2.077257632229374,0.0088595578745898,0.2450650228930061,0.502979996785415,0.0120149926706207,0.0002288388952071,0.5033442111205235,1.5804042804094565,1.3138736723261502,-2.1606598851049484e-15,0.0053608013672076,5.638262446051354e-16,1.4633762360781044
openml_40668_connect-4,real_openml_multiclass,6.8961,3,42,13512,0.0,0.0,,0.0,0.0,1998,0.7136716776031751,0.2035633687518709,0.0215578275135262,6.896297732118628,0.6662320405826726,0.5598825614762083,0.3647837350250702,0.2082337058738824,0.0670126135427009,1.2174401128147587,0.0843620574454249,0.100726643272131,1.0359222626414413,0.918073897547556,193.4015323972504,0.9980046488968124,0.0023724921597373,,,0.99643126887198,0.0016583121846156,0.9906679126681078,0.003777328818121,1.8773772699095683,0.0964683090405111,0.9990443396349302,0.0062948834878625,0.0089774691573887,0.5620620620620621,0.4764227991275966,0.1241802578344761,0.492830691925862,0.4971069985312749,0.0912132428977645,,0.6631631631631631,0.9104772768904044,0.0975775246984872,5159.0,0.0954574891294291,0.3779026943206048,2.5974255662640737,4.049765644082159,2.0,0.500092772765855,0.6584395457581831,0.2588350033400133,0.637752839011356,0.1160774883099532,0.999955952933684,0.9900137412433926,,,0.9983407079646016,0.99535192563081,0.9950221238938052,0.9882697947214076,0.999436798758656,0.995476549325669,0.9969709404925648,1.5745505772709216,0.0114177313293692,2.776920781096144,1.2282551028101776,0.0324593648919426,5.997570115168216e-05,0.1559384982646466,1.179443308098095,2.3723537204724483,0.0007668009660076,0.1608486324128047,0.5849950227173174,0.0567003347113362,0.0002694281815303,0.6475315725586431,3.3647680410246643,0.6471535135601746,3.0531118084450583e-16,0.0268779230750284,0.4180418754515467,1.2674656420571726
openml_40670_dna,real_openml_multiclass,2.1621,3,180,638,0.0,0.0,,0.0,0.0,2548,0.3943483055274502,0.2412457528147258,2.310376096126558,2.161764705882353,0.8055242544808325,0.0653964250740052,0.1242980502181073,0.8480722078419398,0.0301090502369802,1.4797016542904289,0.0322657190035419,0.0414554847841829,1.0003926187671814,0.7050567391765604,68.52065691762033,0.9745506542055996,0.0589789772255859,0.3333333333333333,0.5773502691896258,0.9016780513858436,0.0851497402576,0.8967800922021701,0.0897151769871947,2.2636309369648844,5.25509606784192,0.9984269066882882,0.0215949718063768,0.0510641764533145,,,,,0.3078347314065436,1.4393594943339778,,,0.0772754075788259,0.2976256059709843,612.0,0.2401883830455259,0.8715686274509805,11.832222143781031,1.7738789552435077,2.0,0.7071020537065416,0.61950167000668,0.912565130260521,0.9265838343353372,0.0240454241816966,0.999934915473628,0.5688436337131806,1.0,0.0,1.0,0.8491155046826223,1.0,0.8345473465140478,0.9969054870072054,0.8491792138291321,0.924621461487821,0.999934832254574,0.5738479835867765,2.3603673176745392,1.94980748438118,0.3736326731028963,4.677038589617766e-05,0.7662577196234921,0.8475140911978756,2.3172303830395444,0.0022018539348453,0.8266580628081716,0.4783499887408439,0.024876628957765,2.796840667684073e-06,0.4800619284767292,4.974464516058706,0.9443448057677276,0.1593364579426452,0.0117413749283182,0.3129781119885383,1.417988680320056
openml_40672_fars,real_openml_multiclass,4679.5556,8,29,20194,0.0,0.0,,0.0,0.0,1998,1.0466506123392536,3.2899967587418515,9.02672267192258,4813.285714285715,1.069441127908818,0.8711404614094906,0.1861578284764962,0.3259209735007882,0.2943299699787021,2.1857890874938266,0.0854008734170268,0.1565520791072942,0.9968598557706108,0.984334807507319,16.847796068284683,0.9309677863741468,0.1119365858594578,,,0.279979172618403,0.3316249743206685,0.1337118210712133,0.310845203173169,3.125492825501037,2.5355915920480503,0.9970368266164062,0.1297373899016079,0.2248292585935639,0.4809809809809809,,,0.4742784125611611,2.403958930540425,1.2633521541398929,,0.586086086086086,0.1753957648584381,0.499413603128847,7.0,8.666154950850522e-05,0.1999999999999999,3.032329795815891,428.85910607326826,4.0,1.113392111922819,0.5794392523364486,0.6034712950600801,0.6982643524699599,-0.0060080106809079,0.9977857425440952,0.5214341397547302,,,0.9910313901345292,0.0,0.9738219895287958,0.0,0.9916546323061548,0.028029231494578,0.4671907142430355,3.581650001354478,0.0062095469537731,5.689853633342784,2.1913697550259283,0.9769066882677206,0.0006288794216713,0.5076429545178032,1.5044860778267737,3.538774210888114,0.0069540680228228,0.0730274577417561,0.9810178845090904,0.036426100365873,4.960097269439403e-05,1.0193763151807225,4.961621896709309,0.8241602911806077,0.0188354560651898,0.0164819738625996,0.4880188024350087,1.191059960498512
openml_40677_led24,real_openml_multiclass,1.1385,10,24,640,0.0,0.0,,0.0,0.0,2560,0.0418534226124339,0.1572626560743266,3.936189161100797,1.139240506329114,0.9652142729588608,0.0765893163414702,0.0002157332396802,0.5207869478089382,0.3080813721712666,3.3206551902120984,0.0269949960493361,0.0513548823376635,1.0003907776475167,0.283934726229394,28.016073350294945,0.8385879723371552,0.2564311703686794,1.0,0.0,1.0,0.0,1.0,0.0,4.167342675041418,9.0100680043887,0.9993830871582032,0.1185267881295413,0.193377588892479,,,,,0.0355524974500304,3.2002844601047915,1.0447519845143325,,0.0068765189369797,0.7495574800131414,237.0,0.092578125,0.589029535864979,2.4890706884127245,1.0543884817116431,4.0,-0.4868206137809218,0.1843687374749499,0.7107548430193722,0.7247828991315964,-0.2571810287241149,0.9988470218618102,0.3533995795059477,1.0,1.0,1.0,1.0,1.0,1.0,0.9971684190634692,1.0,1.0,1.0,0.6938215528117525,4.319870443673068,3.7692699283363376,0.5302439539496167,0.0008316881777163,0.9837380318214312,0.9998716242425536,4.318320791546183,0.0020437919399021,0.0671988906468603,0.3985710384407779,0.0168194023521935,3.91582179305084e-17,0.3959261302097185,2.068773516002405,0.9748968984547436,0.5090987055547018,0.0079248387559775,0.8944125986691093,1.076642095390661
openml_40678_led7,real_openml_multiclass,1.263,10,7,640,0.0,0.0,,0.0,0.0,2560,0.0628408673505944,0.149787530277722,3.9129564417820086,1.2638888888888888,0.878062263898409,0.1068779709608775,0.0004827630762348,0.6529848858755077,0.1972159259858523,3.318990003522703,0.1856754534414465,0.1028570237948925,1.0003907776475216,0.558660763774385,8.136322394896032,0.4419458815784285,0.0810801102280259,1.0,0.0,1.0,0.0,1.0,0.0,3.789129640657364,9.033789614842188,0.9998495483398436,0.4079226267637486,0.0986934583817834,,,,,0.066802449494675,3.2180895570476906,,,0.0067263611352501,1.707656879305426,216.0,0.084375,0.5287037037037037,0.2865717358176466,1.079372845607556,4.0,-1.3592790848184677,0.1899635951957462,0.7237567504486885,0.7484969939879761,-0.2287372603305673,0.6341125827886488,0.3873277849408557,1.0,1.0,1.0,1.0,1.0,1.0,0.4323968304531458,1.0,1.0,0.9862498374158332,0.6961459811288004,3.81252058240153,3.73849930871444,0.494316225192644,0.2025311714602522,0.8256899169428056,0.9519036120019388,3.807289160178401,0.3881380129507998,0.3722836853902639,0.4565887163033821,0.1782675654723961,0.0493354694003478,0.4576770315255837,2.1215360978465445,0.8882397139011562,0.4807596464346522,0.1103657750310332,0.6467915506128605,1.1231844342801225
openml_40682_thyroid-new,real_openml_multiclass,5.0,3,5,43,0.0,0.0,,0.0,0.0,172,0.7734087975960878,0.5132703095300563,6.000294880857543,5.0,2.3111954575311096,0.0107188858399329,0.4370001083775875,0.7671010939238274,0.1760813581827771,1.1851490029117324,0.4161863736983338,0.1561679733567537,1.005847953216374,0.9936044115929822,2.589115012756913,0.5145837660558671,0.134087876242107,0.0003966792935118,0.0003824334958388,0.1321321321321321,0.1186946196634935,0.0,0.0,3.038601564869511,4.580633257614348,0.7615603028664143,0.4577428955733315,0.2119106928308876,0.1104651162790697,0.2619724864476815,0.1125923838694398,0.2233329375152536,0.4777194975592747,1.2078928212977569,2.448007707129436,0.127906976744186,0.1203694458714453,2.225433246644758,24.0,0.1395348837209302,0.85,16.93260896989408,3.484126984126984,2.0,0.7027936955484725,0.7732405726961081,0.9651139342609396,0.91318814277072,-0.1629360758217382,0.6359619363951488,0.2848292803364769,0.0007630651610338,0.0,0.2297297297297297,0.0,0.0,0.0,0.5658624280514404,0.0833333333333333,0.1981981981981982,2.320308291703556,2.2966437385632283,3.194460560954413,2.795314008644367,0.7101432859709216,0.2873321805205484,2.303150014008393,2.3200752683460064,3.1841339511839384,0.3041650657361869,0.6425927715122484,0.6842978177933918,0.4243450794169072,0.214397341311174,0.6882995594179145,2.708942567172106,0.540880728543342,0.2623848681927701,0.2894205952775501,0.4781683585301866,1.0388632436434655
openml_40685_shuttle,real_openml_multiclass,4558.6,7,9,11600,0.0,0.0,,0.0,0.0,2000,1.8738837613253072,4.035032687046143,64.56307809928931,4558.625,2.928782622978245,0.7335117316421365,0.7014268518964814,0.3110932183404286,0.3669552406263082,0.972366554869076,0.1947482463539104,0.2756936652174638,1.1860558407089217,1.36674483050833,3.531345757102772,0.7084649922826561,0.2636517139844621,5.34852854527478e-10,1.8657792448923424e-09,0.0103692176345828,0.0462193573764937,0.0,0.0,3.625796204292322,7.59103291258107,0.8179295,0.2753529735549985,0.2283009348917608,0.018,0.0525470739903686,0.0905557692318532,0.0833935083721707,2.088755559216656,1.2539546860999926,,0.0265,0.0793733489640956,1.9118103062406555,8.0,0.0001724137931034,0.7,21.27630600542848,569.2766362584127,5.0,1.8909774077259407,0.8761651131824235,0.9494007989347536,0.9394141145139814,-0.1091877496671104,0.997071213777042,0.2832051115452311,8.12116578224901e-09,0.0,0.2120404901438465,0.0,0.0,0.0,0.9798396774542462,0.0,0.0,3.568728350197925,1.7189349646092886,4.314819500518212,2.674444481092728,0.6358917198241523,0.0167184352775864,2.47172479889606,3.548469446833266,4.098493629163155,0.0417329262470902,0.0380599851308027,0.9143970699696136,0.049145560962728,0.0006964721000017,0.9568667651744605,3.7206339434345095,1.155120132456341,0.0003629282272236,0.0145244544529576,0.0006955350733242,1.5851669809049864
openml_40686_solar-flare,real_openml_multiclass,4.1905,5,12,63,0.0,0.0,,0.0,0.0,252,0.3568340816883547,0.7717776050487208,4.549718598823448,4.117647058823529,0.6970069169957097,0.5662763904128412,0.0357375250788722,0.5319163747747058,0.3052198632687325,2.210782353002245,0.1552766806266268,0.1117506157388837,1.0039840637450206,0.6636311803086616,11.760054239058135,0.8248870687462664,0.1966742284679991,,,0.2649894371663258,0.4268888902489976,0.2418122852842516,0.392291904602052,2.719798440358779,3.814313556752909,0.9805209120685312,0.1879908296391758,0.3045169158914497,0.7103174603174603,,,0.4664145455488072,0.544705666340396,1.4112176138152124,,0.3293650793650793,0.111590702243468,0.898653390663823,17.0,0.0674603174603174,0.3411764705882353,1.6934766290709435,2.10095319338328,1.0,-0.9809701402036264,0.48015873015873,0.4841269841269841,0.6349206349206349,-0.1428571428571429,0.98595331829869,0.370604854125179,,,0.916030534351145,0.0,0.9083969465648856,0.0,0.9556056304191164,0.0,0.646551724137931,1.8795052707192808,0.0,3.274604300801828,2.210782404247861,0.8285490102632718,-5.124561575087228e-08,0.329892694633442,0.958737922863146,2.929092667067676,0.0254017045703527,0.2603928963446016,0.5471123595441968,0.1296707251638955,0.0034178868547646,0.5492920900603079,2.7662994499640936,0.8480274206402563,0.3805566391186152,0.0710126372672823,0.5483209321841113,1.255237186861576
openml_40691_wine-quality-red,real_openml_multiclass,68.1,6,11,320,0.0,0.0,,0.0,0.0,1279,1.0694395764213451,0.7310652160201354,1.3058878947413093,68.125,3.3043768757395253,0.023060107217419,0.2498989777344112,0.2457814711353357,0.2227295154869449,1.7101198592052465,0.2020777836540022,0.1878661644433175,1.000782472613459,0.9119548399097394,17.116831213174923,0.9327116123044942,0.0823467422531208,0.0212473618691446,0.0384355460613312,0.6125084804440432,0.2997813861858052,0.3030040429543822,0.3760595546604183,4.914588063888358,0.7487328130107239,0.9976709227852828,0.0999086710564136,0.0645335346892942,0.6301798279906177,0.3680688523562009,0.2349442847229352,0.4825201284929455,1.1508105086258236,0.5004764060434462,,0.7599687255668491,0.5460139072170609,0.6414849174546347,8.0,0.0062548866301798,0.225,1.7813188304639989,18.614462854324124,4.0,0.5782000011093965,0.552772005438826,0.541049576145397,0.5918736462490791,-0.0343994751752775,0.9947580431393028,0.723782769937919,0.1402027373740894,0.0,0.9867298578199052,0.1304347826086956,0.9478672985781992,0.0,0.9838623110026214,0.3476033834586466,0.8967221563834777,3.319887266590459,3.2579175578400763,4.9866444734852085,4.716408737595562,0.2527719798959635,0.0363186712101013,3.308687559074249,3.317565419229688,4.9607567881152175,0.0492657411135,0.0764891036276754,0.674780275039181,0.1480249442902969,0.0028255189964254,0.6753082721245027,3.121897371559076,0.6477514302575487,0.0584574319847317,0.0582543915548874,0.3863313017031716,1.3916932069275765
openml_40700_cars1,real_openml_multiclass,3.6029,3,7,79,0.0,0.0,,0.0,0.0,313,0.6222572744352484,0.6321997462883829,1.3183321807754,3.6296296296296298,2.405499882127076,0.4112728563846671,0.2976567575356827,0.4794855935635183,0.3386837770070268,1.3257514675591269,0.6324889594055548,0.2334869104913144,1.0032051282051289,1.7843905871576586,5.07661561849199,0.7416582064680731,0.1546704534592491,0.0533537948441711,0.072999076265325,0.5740594220594221,0.2286504139815729,0.3958702878702879,0.1309418247215945,3.470102669701457,1.131169211333733,0.9171268462472824,0.2611486799847458,0.1536300737895026,0.3929712460063898,0.346277392794485,0.2037060701081494,0.4368913922677659,0.4022243982421409,0.5745195696776644,,0.4408945686900958,0.4552549971309749,0.9811859471383516,54.0,0.1725239616613418,0.5222222222222223,0.6428265452157719,2.635802469135802,2.0,0.696928727373031,0.7155372405372405,0.6805555555555557,0.7507936507936508,-0.0383394383394383,0.9699037689356172,0.577662702089885,0.1374030987034324,0.0057928060235163,0.8376068376068376,0.4285714285714285,0.5470085470085471,0.3166023166023166,0.8493188823954851,0.4422857142857143,0.6468034188034189,2.584661579276251,1.4764509622144004,3.867041931859111,2.4718149823252102,0.4853890676578891,0.0321269570278914,2.5259644919711444,2.576588162331169,3.683581290437175,0.1681346690930965,0.2399999981639771,0.9391133584130504,0.6691919905953713,0.2801854491362431,0.9421233371259126,4.976773874160944,0.1941589232696797,0.03267957625031,0.4224058679846296,0.100076463612528,0.8093352982649558
openml_40707_allbp,real_openml_multiclass,257.7857,3,29,755,0.0,0.0,,0.0,0.0,1998,1.3235339914781814,0.9909261034296908,6.318735128843261,262.45454545454544,0.9504654157653109,1.324186551023519,0.9334812213532266,0.3482730544248963,0.3020474661316151,0.2712907509546948,,,0.962806954779096,0.930447514945838,25.09498272848111,,,,,0.1924894664880852,0.3244222483790143,0.1264021429767286,0.2189349338212795,1.2109456093313051,0.4797792483817339,0.957962466971476,0.0108105573887005,0.0212714680071354,0.0645645645645645,0.2292184447571024,0.1291488070005727,0.1876679122395273,1.165427642437989,0.3338209126734228,,0.1066066066066066,0.6719062143994875,0.8344304819261924,11.0,0.0036460059661915,0.4,1.325010576839716,99.17774382480265,2.0,0.7036168504263589,0.9553052772211088,0.2147882431529726,0.9593052772211088,0.0053426853707413,,,,,0.5670517327975891,0.0,0.3792064289301858,0.0,0.9995215429834534,0.0052083333333333,0.2887341997321279,3.580732396245698,0.0,3.8232655000572286,0.271290836660264,0.0838258349805198,-8.570556919718086e-08,0.1001633512714424,0.8846900876114727,1.1470440588172668,0.0003248107521471,0.1346932428830172,,,,1.0223231128474657,4.967001071738611,0.8937946355280652,0.0,0.0147715062919364,0.5180253383335391,1.1137711542848223
openml_40708_allrep,real_openml_multiclass,107.2941,4,29,755,0.0,0.0,,0.0,0.0,1997,1.6562867120242533,0.5354125215249226,6.201708414307986,108.07407407407408,0.9468250029586498,1.324831758383759,0.956611783549236,0.302461594594321,0.1881887872155765,0.2511614039620954,,,0.9582531265763324,0.9128938183915414,20.40333484530881,,,,,0.2270312983256749,0.2773545263161514,0.0130838385555366,0.0227415276952487,1.1856765857142455,0.4355664115589836,0.8564887892680282,0.0123098212064996,0.0243765485174255,0.0495743615423134,0.1796186504321325,0.1260067548464842,0.1788108236863862,1.0018502041903987,0.3452790878809572,,0.0766149223835753,0.6795266281825527,0.7610637238345818,27.0,0.0089492873715611,0.3851851851851852,1.1726025663269368,46.4805996472663,3.0,1.1546306815363845,0.9686038744154976,0.5871743486973948,0.9198396793587176,0.0066800267201069,,,,,0.7222222222222222,0.0,0.0555555555555555,0.0,0.9991869600204214,0.0639162423565789,0.3153974085577859,3.582035795082532,0.0,3.820304559012605,0.2511615447225176,0.1029478608765676,-1.40760422151498e-07,0.0938926034405229,0.888453543051673,1.1376905435699405,0.0008798784157164,0.1248267212611316,,,,0.9568235189897146,4.887826937297364,0.9042551675470896,0.0,0.0152687527632086,0.5064589115887247,1.1596311794846184
openml_40711_cleveland-nominal,real_openml_multiclass,12.6154,5,7,61,0.0,0.0,,0.0,0.0,242,0.8818805309969359,0.9066939687957198,0.514683496992159,13.1,1.0366678818378146,0.2944723894199268,0.270071802189065,0.2912127606870718,0.2626212826439426,1.8432431048504907,0.1448058220816279,0.1295946058901367,1.0041493775933623,0.5107816440572936,14.96996319534345,0.8575441047977741,0.0957814609225196,0.7444444444444445,0.1892154040658488,0.9787123022143206,0.0253285026994672,0.9769579162494082,0.025645972197486,2.756781552046552,0.9519221635107776,0.981404958677686,0.1231294346417531,0.0852131461571055,0.5950413223140496,,,0.5001971423015396,0.8328753022180443,0.5461293022405919,,0.2231404958677686,0.4928355473102596,0.5364063174670298,10.0,0.0413223140495867,0.26,0.5703745539853926,3.94974697716077,4.0,1.2629895914557696,0.5246913580246914,0.36440329218107,0.5455246913580246,0.074074074074074,0.9725411929825072,0.7023415904488377,1.0,0.4444444444444445,1.0,0.9182389937106918,1.0,0.9182389937106918,0.9324124893907292,0.9738529014844804,0.9984375,1.5190505063944957,0.6067293172263869,3.167128566839821,2.431950135490016,0.2448085689108019,0.018022286586862,0.9068237801883884,1.1586485292170798,2.898308013154079,0.0518954750468407,0.1177736007170178,0.3738478501083703,0.08543231456793,0.0052763785933681,0.3753990860009372,2.040361901569669,0.890034416084803,0.4969073559690375,0.0404813936555721,0.7028887911753503,1.0979821935896628
openml_40966_MiceProtein,real_openml_multiclass,1.4286,8,77,216,0.0,0.0,,0.0,0.0,864,0.0962250448649376,0.5983625726872343,4.004048315065595,1.4285714285714286,3.1500258172639546,0.0766931206779962,0.0014866204162535,0.8528965345818748,0.0907972602410746,2.993026787316555,0.2604495309214324,0.1975791689564479,1.0011587485515645,2.87178632977815,9.192650342145424,0.7926582449145352,0.1384024581162455,1.814067166118653e-13,6.867238441552163e-13,0.2500651777523875,0.3130598341675624,0.0,0.0,5.817463500685797,62.78039809238544,0.989070269633059,0.3255891038947129,0.2017807551615794,0.0925925925925925,0.2908752259834476,0.0613721708069218,0.0588572455801391,0.1175992233062495,5.14149234571611,,0.412037037037037,1.0906801381295372e-05,0.7678813803076925,84.0,0.0972222222222222,0.9690476190476192,6.28916732713671,1.1213151927437643,1.0,-1.1547005383792517,0.2708333333333333,0.7743055555555555,0.9745370370370372,-0.7094907407407407,0.9739751900943292,0.331628338486967,3.375596676499878e-12,0.0,0.8421052631578947,0.0,0.0,0.0,0.899456966751255,0.0,0.6080043859649122,3.1699250014423126,2.816186058346307,6.051336652796424,5.101098652822916,1.0618531359359515,0.1116151359624435,3.1699250014423126,3.1699250014423126,5.968788694370369,0.1855616296406186,0.734768876420845,1.0,0.2208158643521457,7.734320217345014e-05,1.0011587485515632,19.23866261304834,0.1470061142837677,1.1553092656538361e-16,0.101889173156526,0.0524528350191973,0.4666065973901045
openml_40975_car,real_openml_multiclass,18.6154,4,6,346,0.0,0.0,,0.0,0.0,1382,1.0825055912446406,0.7746541433056934,0.8636358279118682,18.615384615384617,1.79193894075254,0.2270908284705796,0.5069562793245246,0.2284483751404341,0.2248814901324503,1.205103129912393,0.0095032726783674,0.0077403549873999,1.0007241129616236,0.029642159120893,10.517585338143691,0.9574221421522348,0.0562258264785585,0.1111111111111111,0.1956312984628779,0.5436546427116093,0.1592191462560657,0.21024352386595,0.2394393887716822,2.8824622416292804,0.3167325559662849,0.9929117598396584,0.1145798290356528,0.1034064629456004,0.2698986975397974,0.3983489984926278,0.0993752043554683,0.3745304341789997,0.7955011554733668,0.2577093495212963,,0.447178002894356,0.7520470187790951,0.4022590196878345,52.0,0.0376266280752532,0.5884615384615385,0.5459042566032297,8.651972620213662,3.0,0.9144784853389144,0.7004354113615644,0.6396538715457889,0.68378917916313,-0.0275047942406236,0.9967088416637916,0.8522929612572158,0.5000000000000001,0.0,0.719626168224299,0.2754901960784314,0.6431372549019608,0.0,0.995142655227388,0.4805136457576029,0.6301429964250894,1.9995716278761573,1.584366608308958,3.202153349908545,2.527572089625629,0.2621605364475621,0.0025214078800059,1.584698934472938,1.9991067701593663,3.1243895359043106,0.0420964780831617,0.0109278208939747,0.0251950945704501,0.0083043244230729,0.0008571727404308,0.0252133386649978,1.0326881574117677,1.007429858366082,0.9573427974042028,0.0030310900139257,0.9807539402874852,1.0225514935617614
openml_40982_steel-plates-fault,real_openml_multiclass,12.2364,7,27,389,0.0,0.0,,0.0,0.0,1552,0.7443151048377402,3.0424368536663824,10.680188819790796,12.227272727272728,3.081937638433922,0.8090315957919932,0.1086587036925381,0.5632883611994121,0.2077750104318268,2.411248759162973,0.2738740731100771,0.2480539604554968,1.0006447453255998,1.9200354046579504,5.789038196762869,0.7230466704240794,0.157508269728367,,,0.506170594712029,0.301482594747042,0.0983631405619225,0.1938942256392883,5.076666644710948,5.3582955145349445,0.988564389812945,0.4165197528859461,0.1693506860931875,0.4271907216494845,0.3921312290853247,0.1606027229918628,0.4463979972039693,0.736863840690087,2.119614941976044,,0.5818298969072165,0.0441738785436161,1.554588269590884,44.0,0.0283505154639175,0.7818181818181817,1.6189829217565246,3.900552928723777,4.0,0.7045073492248539,0.4986666773976333,0.5902299914420541,0.680470713850727,-0.206556352329827,0.9685441048214268,0.4253900188943565,,,0.9336437718277066,0.0784313725490196,0.7077997671711292,0.0,0.8302451704569375,0.1741424802110818,0.7970401691331924,3.459428629653646,0.969885461946324,5.717550470727666,3.070438512014303,0.7040038732412457,0.1297919801964817,3.406065898776084,3.459182826034451,5.494922178712092,0.2749588621704522,0.2960205450918661,1.0,0.2017532375041635,0.0008151075253838,1.0006447453256233,9.4706931262873,0.2594068642896825,-1.5458183864907107e-16,0.0782315746199446,0.0300312111276465,1.1312773224951134
openml_40997_jungle_chess_2pcs_endgame,real_openml_multiclass,17.4,3,46,941,0.0,0.0,,0.0,0.0,1998,0.6540843913862174,0.9219646007611207,2.152801704710187,17.396551724137932,1.5858761015851994,1.1910320040721618,0.2318010699283094,0.6770879900817218,0.3545633588947621,1.158513135687612,,,0.9392810199214078,1.760797599159826,11.524142257548206,,,,,0.7265182387233665,0.1616671579922174,0.527039269761868,0.2303132187816239,2.643860008303186,6.406963335761893,0.9382072262452644,0.1005292289696264,0.1104795029582446,0.019019019019019,0.1741138091591528,0.0828213520425774,0.0631662009099017,0.6391689450586611,1.0426114680965477,,0.0965965965965966,0.1138804219391409,0.5378399915206364,116.0,0.0308264682434228,0.8724137931034484,2.1900966179458963,10.892817326757124,1.0,-0.5897637796253299,0.8919265197060788,0.3915978623914495,0.942622578490314,-0.0853867735470941,,,,,0.8688693856479092,0.550755939524838,0.7867836861125451,0.3477321814254859,0.991610877726994,0.6553426652610951,0.8143993883226306,3.221178007164388,0.0,4.316707574003631,1.1585131638031556,0.5817470758888859,-2.8115543670992338e-08,0.8098218279788822,3.028586758806445,4.001927718653613,0.0273750909003422,0.4263738346469563,,,,1.0005616601072906,8.59768623312775,0.33601233869005,-4.271953137733844e-16,0.0129335569214255,0.022375832412894,0.9349749258036284
openml_41000_jungle_chess_2pcs_endgame,real_openml_multiclass,12.7949,3,46,941,0.0,0.0,,0.0,0.0,1998,0.6317171557056939,0.1762810887326348,1.32876877515987,12.794871794871796,1.6146550836369309,1.2298135424811465,0.2197349352131202,0.596306967646554,0.3364169688719128,1.1981474407875834,,,0.9157680803355516,1.8761795764469784,15.968945727669055,,,,,0.6339897081277498,0.2673996709043837,0.3105427974947808,0.5378759031855334,2.73777268455778,2.435498650819087,0.9684349013678344,0.0750298398667345,0.0790498207900592,0.024024024024024,0.2019416059143139,0.085889977462022,0.0499748934837465,0.6119282031417377,0.8243403762726224,,0.1571571571571571,0.2650569228581036,0.4824924067808461,156.0,0.0414562848790858,0.8653846153846154,1.947473555831152,8.120258956851137,1.0,-0.5839807655286897,0.7718543754175017,0.5630674682698732,0.8859211756847026,-0.1887935871743487,,,,,0.9389352818371608,0.4395796847635727,0.9316283924843424,0.0,0.9929619571359658,0.4815169212730443,0.7311947198098384,3.272991741680797,0.0,4.459164095832575,1.1981474649482808,0.2698719775781488,-2.4160697442709992e-08,0.8240568251428696,3.087746504528149,4.225316530743947,0.0074767879099067,0.3584242476510001,,,,1.0134846530294197,9.836706825553051,0.239093178188527,-1.4347069096023129e-15,0.0143933671366119,2.7830379104589493e-16,0.9600344264833544
openml_41001_jungle_chess_2pcs_endgame,real_openml_multiclass,5.32,3,46,8964,0.0,0.0,,0.0,0.0,1999,0.5250460116302443,0.2534801489294083,1.7792776696584116,5.319780853517877,1.685026910994401,1.1667632484798718,0.1682993989122323,0.6255120994383722,0.2960747266532602,1.3486789806468669,0.1456059886201544,0.2040039948313421,1.023082630519468,1.7001086298685448,13.842982746091872,0.9031765682026982,0.1144460261759929,,,0.8038718968497531,0.1184813723797464,0.7804193631608864,0.132878969500353,2.936278985505188,2.5098509997631324,0.9740991055808044,0.0974269061360799,0.0973920040368836,0.2116058029014507,0.3191184528135808,0.1481768088545454,0.3353552422076401,0.4682415764170886,0.8701910168504028,,0.3491745872936468,0.2505202462806282,0.5724720425465464,3468.0,0.0967229117277925,0.761361014994233,2.238170472790097,3.55415319251197,1.0,-0.4430914471738443,0.781187708750835,0.5563954575818304,0.8398944555778223,-0.030002672010688,0.9998709618547538,0.5163903724608504,,,0.937984496124031,0.7134020618556701,0.9318936877076412,0.6835051546391753,0.989687436400121,0.7368155972126141,0.8491068143467946,3.2494390774373154,0.0,4.499988926736807,1.348678994305346,0.3865928247269234,-1.3658479236511312e-08,0.7731116293788738,3.0739177809448446,4.268104705612627,0.0220281642272813,0.4161556524838986,0.9796256473015238,0.0465418423938339,7.971620297228104e-05,0.984021598878398,9.067564199446924,0.5013799514584664,-6.988128486472935e-16,0.0161972013537467,0.1050707570072003,1.2062081132534352
openml_41002_jungle_chess_2pcs_endgame,real_openml_multiclass,1.9544,3,46,1176,0.0,0.0,,0.0,0.0,1998,0.2663486027030684,0.9326525845616952,6.897644090165287,1.955140186915888,1.6566425319981544,1.1869231494771275,0.0526586674891872,0.7907685785323577,0.1900398758916884,1.533065996101731,,,0.9613173361759018,1.8985611201446244,9.409043839628891,,,,,0.919789985250078,0.0201393740985174,0.8510190197199664,0.0363556785707397,3.026773162696997,6.696484824884173,0.9691445699954208,0.1629353654028885,0.1598266937610971,0.0375375375375375,0.2144825188456787,0.0925085179309706,0.0970762347471753,0.1669304818040923,1.286745044017099,,0.1531531531531531,0.0820164664626319,0.702866333854594,1070.0,0.2274659863945578,0.9715887850467289,2.4224757489590947,1.58431377302609,2.0,0.0931417802244081,0.7538343353373413,0.8091930527722111,0.9599639278557114,-0.2114736138944555,,,,,0.935880829015544,0.8972046889089269,0.8830975428145942,0.8115284974093264,0.9742253081645962,0.9117445633673452,0.9310826334206536,3.2599520953755574,0.0,4.619594442800426,1.5330660019717133,0.6121785696747146,-5.869982278028374e-09,0.8137537381255617,3.0707970108942737,4.46249100362946,0.0246690904787884,0.6563900935934963,,,,1.0291396624310396,9.91729898021807,0.2854429827023986,-2.565759455552486e-15,0.0226994571775337,0.0008853504320553,1.010738016781833
openml_41003_jungle_chess_2pcs_endgame,real_openml_multiclass,3.7785,3,46,1176,0.0,0.0,,0.0,0.0,1998,0.4542485051283674,0.0736424501840002,1.6800953426571497,3.775080906148868,1.6567053920099262,1.1866023479224963,0.1327504170108613,0.6989897671838652,0.2171380184782668,1.4167731096342515,,,0.9575410714297672,1.8810053142786327,13.132045203426298,,,,,0.8241466372367912,0.0919654976353875,0.7151903791089742,0.0428201850960689,2.965591794913638,3.083929955344103,0.9769529289048808,0.1078867067305403,0.0977438689193,0.1046046046046046,0.2519196503525714,0.1219660399398227,0.1813620167359048,0.3802692456409783,1.024322308324176,,0.2642642642642642,0.1919140704624019,0.5690967376231482,618.0,0.1313775510204081,0.9352750809061487,2.308057796271551,2.64750395530916,1.0,-0.3720814967091142,0.7269779559118237,0.6628684034736139,0.8891970607882431,-0.2162752171008684,,,,,0.9302995391705068,0.7685554668794893,0.7557100297914597,0.6703910614525139,0.9921887492893362,0.7710701862699334,0.8519422224154422,3.25794249191503,0.0,4.592983804826651,1.4167731200110167,0.3134615809871501,-1.0376765224862083e-08,0.8118247720671827,3.0714337299653387,4.367178184472329,0.0185766320967937,0.5454500018644737,,,,1.0143310851900342,9.637559494448476,0.281440650103634,-1.2266220422322624e-15,0.0203950201937585,0.0010341569106138,0.9827323820651296
openml_41004_jungle_chess_2pcs_endgame,real_openml_multiclass,1.7097,3,46,941,0.0,0.0,,0.0,0.0,1998,0.235767559738724,0.5272171681663974,7.081332998049574,1.709146968139774,1.5872100807573208,1.1934011002728608,0.0434646853946268,0.890395663594464,0.0660910218163044,1.5461838780342188,,,0.96817004627677,1.7561462963127246,8.282458687643945,,,,,0.7102768464613266,0.1735064628148978,0.4541931127616475,0.4061750051825903,2.946712209283888,9.680318743593975,0.9670754337921506,0.1866817495076514,0.1753459190022895,0.0465465465465465,0.2048493073231943,0.0953763074322341,0.1089663542355572,0.1559457385464685,1.589976898660375,,0.1421421421421421,0.0351037596096853,0.8208631669526258,973.0,0.2585702896625033,0.9778006166495374,2.5468609641677267,1.447673094887001,2.0,0.5660326453861548,0.7082792251169004,0.9212264529058116,0.9639532398129592,-0.2443273213092851,,,,,0.9027683997299122,0.5659192825112107,0.7825793382849426,0.0,0.9947451661671328,0.6140310698270339,0.7824556284363846,3.224700541584293,0.0,4.5993614674060845,1.546183883440675,0.560241825960639,-5.406456171641594e-09,0.8259203617108586,3.041029359148935,4.27301730828281,0.0080403802623194,0.8436622538926076,,,,1.000343077261177,8.684963445430583,0.3761790237208151,-2.231242092496632e-15,0.0153750759994261,0.030226910643811,0.9637247127780914
openml_41006_jungle_chess_2pcs_endgame,real_openml_multiclass,8.1,3,46,1176,0.0,0.0,,0.0,0.0,1998,0.5861141720205569,0.8873321440462195,2.2738686857070536,8.098684210526315,1.6245341427000657,1.145595153133978,0.1970820439087053,0.7021269327254986,0.3067866923761782,1.2711105098990758,0.1588300742279624,0.2018367994730528,0.9946056433368304,1.7468486439511792,12.063789466927217,0.8935100059889937,0.1263431662962339,,,0.8160184323948722,0.0809728556947256,0.6480482614593371,0.1472311031528649,2.790278878985153,5.745697633697701,0.9638868097326556,0.1053657736139888,0.1047683444087545,0.071071071071071,0.2223253637550136,0.1160641832419419,0.1747929793647604,0.5524574512450765,1.0800825339361495,,0.1601601601601601,0.1187649595385371,0.507193718564083,304.0,0.064625850340136,0.7710526315789473,2.695785893390726,5.2480220158238735,1.0,-0.538643562728419,0.865819639278557,0.3217995991983968,0.9205611222444888,-0.0680868403473615,0.9999969010510515,0.3242544174675826,,,0.9015516318887106,0.740546218487395,0.8159443552701979,0.5409663865546218,0.9880407541483855,0.7732518326479528,0.8537545393486106,3.259957449629148,0.0,4.451824709494815,1.271110528282019,0.5703097815792315,-1.8382943167694066e-08,0.7678061429013842,2.865980181871932,4.050394820320006,0.039906925568246,0.4851959821685107,1.0,0.0700854129099644,4.873712124831179e-05,1.0001239124353685,8.420712187385124,0.3647986646944224,-2.0642206292701224e-15,0.0213411343857744,0.0502868212240581,1.0032783742346056
openml_41027_jungle_chess_2pcs_raw_end,real_openml_multiclass,5.32,3,6,8964,0.0,0.0,,0.0,0.0,1999,0.5250460116302443,0.2917346137359813,0.6491400394351715,5.319780853517877,2.6995363677584208,0.4326540129287133,0.1682993989122323,0.4334941569406429,0.1648578613698196,1.3486789806468669,0.0213950041791014,0.015600723919348,0.9897621756047652,0.0652384785821395,17.113864937608017,0.9328721650315484,0.0882440610502944,1.0,0.0,1.0,0.0,1.0,0.0,3.969409129847192,0.5454956867153576,0.9966944452716604,0.0788062185580956,0.0688406546345067,0.4062031015507754,0.4059711837641245,0.1559977751018963,0.4443991867797433,0.4682415764170886,0.4030124826587883,,0.5167583791895948,0.6273778131605964,0.5778269800631645,3468.0,0.0967229117277925,0.5296424452133796,0.4464913628426373,3.55415319251197,1.0,-0.4430914471738443,0.5984074816299265,0.7024689378757515,0.6704462257849032,-0.0947107548430193,0.9997949830429168,0.8123167310272285,1.0,1.0,1.0,1.0,1.0,1.0,0.993042377209996,1.0,1.0,3.13451895017686,2.1690051410762274,4.312327114368266,3.4866353437010567,0.1772021498767291,0.0243258393945091,2.333678237654923,3.0400830433697767,4.258541984645814,0.0341228080823883,0.316922045234132,0.0586208310951873,0.0178685567430993,0.0003139908048443,0.0575394401911181,1.0735147218194014,0.9967812122392288,0.9080561125218012,0.0105148801946755,0.9376726338275864,1.033297818398728
openml_41082_USPS,real_openml_multiclass,2.1935,10,256,1860,0.0,0.0,,0.0,0.0,1995,0.2752138734869086,0.6062122872611335,5.9252166801370585,2.1943462897526502,3.375432588619609,0.3557683586082598,0.009687186263341,0.8175492833273453,0.1152275733525693,3.273060249767356,0.2083032517149472,0.1906251772775133,1.008028733853485,4.54918669100008,5.471349306626017,0.6513487612078452,0.1436376715638936,2.283286799929795e-17,1.5111238632922278e-16,0.3239134309842661,0.2421825985623541,0.0,0.0,6.050274726850282,32.36539439244491,0.9814556441228384,0.5982181115366829,0.1672895719444334,,,,,0.2540961065514176,6.121700625307278,,,7.325317782676335e-06,0.8237333192370404,566.0,0.0760957246571659,0.7197879858657245,260.611193661215,1.3438224462204866,8.0,1.5122805957887282,0.2744310575635877,0.7730923694779118,0.8781793842034805,-0.4377510040160642,0.9624782301617306,0.3059977428857716,1.013954828548339e-15,0.0,0.797583081570997,0.0,0.0,0.0,0.7494665020935913,0.1117478510028653,0.5524079320113314,3.584957612081234,1.9269893968676568,6.703392109717115,4.696597359001772,0.9455512283883928,0.1546257521314737,3.2770558818944218,3.584957612081234,6.353679624963319,0.4610739797390006,0.6274314794266206,0.9551977422853484,0.1531403409478356,1.2349923951201926e-05,1.0882845571278568,56.46122338063866,0.0085409408557093,8.213224368824974e-06,0.0660034713362372,0.0009172178862887,0.1673203334909093
openml_41166_volkert,real_openml_multiclass,9.4093,10,180,11662,0.0,0.0,,0.0,0.0,1996,0.6979686337470398,0.8843169913639259,1.3581587149980203,9.40771349862259,2.488182747652444,1.4457322806506148,0.0594723402672215,0.4781729294877503,0.1902316825079992,2.958868963003276,,,0.8322998133346539,3.29079210773666,13.580527041208954,,,,,0.722196554268983,0.1966897225633053,0.0,0.0,5.229175853995308,5.551013109945253,0.9971568889281568,0.2178758566604108,0.1666165885668556,,,,,0.6719523259271717,2.3473488986926667,,,0.0365139665498193,0.5703122550178068,1089.0,0.0233450523066369,0.4664830119375574,25.732744818354533,3.456166401810067,5.0,0.4407356848081035,0.3787575150300601,0.3112892451569806,0.4822979291917168,-0.0253841015364061,,,,,0.9753086419753086,0.2295719844357976,0.0,0.0,0.9652508170151092,0.5625,0.8725361366622865,3.584956710647189,0.0,6.464893488518418,2.958869194384847,0.6141097207860886,-2.313815712362555e-07,1.072924966040519,3.580548243196481,6.219102562916623,0.0728087468930741,0.2632269600378739,,,,1.151995119096921,36.37700319598322,0.1321330949715699,-5.137506023174744e-15,0.0440755674556177,7.260698745232161e-05,0.3890919714842573
openml_41168_jannis,real_openml_multiclass,22.8346,4,54,16747,0.0,0.0,,0.0,0.0,1998,0.6670449606453042,0.7151023704008102,0.4149992764808987,22.827407407407406,3.56535468009069,0.1043431801141049,0.1723585150567665,0.3772216606367376,0.2385046429417218,1.5984999942142126,0.065718964877271,0.1455704441872534,1.016776341652647,1.2363595230295437,29.88613618361684,0.9596574154496268,0.0655629646088291,1.0833297476479023e-05,2.467979267174839e-05,0.8128647679551534,0.1903055142169505,0.3330466457121059,0.3744476854159446,5.110368335877171,0.8393937467576594,0.9980478476474473,0.0534863384277318,0.058899646618679,0.6001001001001001,0.4968127210359372,0.0310075644162369,0.4997037974210973,0.90443184432327,0.5406574731701306,,0.998998998998999,0.5144090088661156,0.3334001088906977,1350.0,0.020153464903114,0.2574814814814815,5.322723947988982,9.087629154349097,2.0,-0.1323200914410633,0.497995991983968,0.5039866399465598,0.5954482297929191,-0.0260360721442885,0.9999533894248684,0.7563771450800879,6.112064841958087e-05,1.115386132829577e-16,0.9682080924855492,0.4729166666666666,0.7828251400124455,0.0,0.9986305353238228,0.750049251205775,0.946704205685492,3.584955995579937,2.9181614856485165,5.1763877382856425,4.509150026676684,0.2265901198060298,0.0070682515085067,3.584955995579937,3.584955995579937,5.171484260885417,0.0115509427341291,0.1772479230881475,0.9812967700853577,0.0194932580832125,4.310381408219058e-06,1.1822743628367298,8.085130127358417,0.911535206278143,0.002578274380208,0.0090819249183275,0.45043121273508,1.0999539477604563
openml_41440_okcupid-stem,real_openml_multiclass,7.4457,3,19,10158,0.0,0.0,,0.0,0.0,1999,0.8189352580961072,0.5626665965015791,0.7664971687867469,7.444956477214542,1.9778303465799336,1.0173998945171436,0.4750269264818875,0.3537899851733908,0.0867708403327158,1.123273664976186,0.0489678059264289,0.0632724014304448,0.9957930481221494,0.3500612037922165,50.36122738403055,0.9827187307642908,0.0316921271745784,0.3730954513553361,0.142584798143104,0.9697150593049532,0.0209560565557738,0.9528098940793176,0.0304798929345914,3.078799676985188,0.3017495630049525,0.9979929934952468,0.0223043345709317,0.0320781546491185,0.5352676338169085,0.4824520571440133,0.0828301535831763,0.4889078920153047,0.5179309892000499,0.2578638859500218,,0.8294147073536768,0.7568747452158112,0.2823668639086625,3906.0,0.0961334941300977,0.4226830517153098,2.4714929888939974,4.401998356628201,2.0,0.6473166964795856,0.7158102872411489,0.6477755511022044,0.703811623246493,0.1174028056112224,0.9999897739577904,0.8805140683088769,0.5375620537444825,0.2842684269759813,0.993912562257886,0.9574861367837338,0.987825124515772,0.9322242760320394,0.9991139533325883,0.9576163078284866,0.9758295205655628,3.547706547510971,0.0,4.5711143978588655,1.1232736844236229,0.1150251662549908,-1.9447436772068727e-08,1.2158672531676602,2.7144316734954304,3.819372620638461,0.0045759523319897,0.2924337355648726,0.6572485324234062,0.0339631744474745,4.6669888817186426e-05,0.6642942953718817,1.8352286560222228,0.9381095594867772,0.3117212671152654,0.0191412902839727,0.8136517602981808,1.150177642499823
openml_41671_microaggregation2,real_openml_multiclass,15.0229,5,20,4000,0.0,0.0,,0.0,0.0,1998,0.948299197082598,0.4823790181688414,0.1051447497254872,15.033670033670033,2.3258171663224574,1.312136208521231,0.3022136072135956,0.2212532125032761,0.1071971123518112,1.7513523230563257,0.1802904310779257,0.2375875849912153,0.9963718599449946,1.299909898152471,48.379912512384855,0.9822050250500854,0.0090834162320759,0.0054832457721596,0.0062099615345881,0.9545184893474696,0.0220575763458619,0.7896863806084895,0.0578764260828395,4.040969499918115,0.2521118915551288,0.9985588691794898,0.036199989460667,0.0198836962713763,0.6741741741741741,0.5120462966608251,0.1655913425338704,0.4997241097629943,0.819347293469404,0.2302855988617801,,0.7767767767767768,0.7859753827792699,0.3831586354049193,594.0,0.037125,0.2888888888888888,1.9677904719158703,4.760242151130387,3.0,1.138745433088148,0.5587454909819639,0.3030714762859051,0.5534148296593187,0.1148203072812291,0.9946516199777838,0.970104950339754,0.0178319062998893,1.291272136814436e-05,0.9722222222222222,0.9076558800315706,0.913682864450128,0.7067226890756303,0.9912270386386896,0.946896551724138,0.9713615830305412,3.584955995579937,0.5092352201320955,5.313824469371173,2.251208822724824,0.0722076456911997,0.0077346914240972,1.0522513371754167,3.584955995579937,5.287385450805088,0.0244876263328642,0.0986270149189598,0.99628118392051,0.090261844968685,0.0004017969399177,1.0628276950076978,4.921845781281183,0.8986942282797915,-3.081457877026702e-16,0.0282255599707614,0.0069604808761586,1.3257337386791368
openml_41701_CPMP-2015-classification,real_openml_multiclass,2.6667,4,25,106,0.0,0.0,,0.0,0.0,421,0.4101705184551965,0.7600556402872514,0.7842470006873695,2.677419354838709,1.991646965402337,0.8203558134745453,0.0741168465377928,0.4735283773281745,0.1758227220935738,1.8792394563936263,,,0.922190476190476,1.86937659315221,9.835892337651975,,,,,0.7680657113592781,0.1037982057868727,0.418638395318848,0.1007232575056454,3.679827045393493,1.1314389481626692,0.993844539356018,0.1910593764024707,0.1084498782271974,0.6888361045130641,0.5119184442855574,0.1215705592592523,0.4986578525254637,0.299529524204599,0.7345146316139503,,0.838479809976247,0.406838551564417,0.6740710717550492,62.0,0.1472684085510688,0.4161290322580644,2.3686595470368648,1.91099864222156,2.0,0.2991436582717545,0.5272374197906112,0.5463525835866261,0.5891421816953731,0.0450861195542046,,,,,0.8992248062015504,0.6382978723404256,0.541095890410959,0.2712765957446808,0.9533465471268494,0.6826691035559657,0.8187542353738424,2.807273482351277,0.0,4.637685068368421,1.879239483666832,0.3566260596105923,-2.727320547180057e-08,1.642286404987203,2.767604798364114,4.34162622631068,0.086580663908764,0.3099674964533725,,,,0.9868286050586628,8.763128121640001,0.1297260430841725,0.0,0.0971411069601323,0.0302232718266903,0.8810197217478593
openml_41703_MIP-2016-classification,real_openml_multiclass,84.0,5,146,44,0.0,0.0,,0.0,0.0,174,0.750302708982418,2.131318374156131,3.4700915775004475,63.0,1.3922339508675292,0.9676674495518794,0.1524692273598989,0.6860336558835265,0.2557432923014882,1.804507628694553,,,0.7440019003879962,1.7669973423648606,27.57319459957901,,,,,0.3530881699784427,0.3795932351422882,0.0,0.0,3.131297308236259,6.299934037153936,0.98880301228696,0.0654442713258225,0.0496967377845399,,,,,1.2275759865950044,2.0787826026912803,,,0.0332153696735231,0.6207544375981654,1.0,0.0057471264367816,,,19.55380116959065,2.0,-0.122505565038392,,,,,,,,,0.9365079365079364,0.0,0.0,0.0,0.9914737256364272,0.0181290064102564,0.7014430166420897,2.321832237372827,0.0,4.069145693836934,1.8045077249828372,0.1739707637467469,-9.62882844568469e-08,0.0,2.3213514109638216,3.996420505180742,-9.62882844568469e-08,0.3074239658654594,,,,1.005780346820811,11.688724794181988,0.001921635354902,-7.631070946137892e-16,0.0145033713605804,1.801275300377975e-17,0.5577015990299878
openml_41919_CPMP-2015-runtime-classif,real_openml_multiclass,2.6667,4,22,106,0.0,0.0,,0.0,0.0,421,0.4101705184551965,0.7600556402872514,0.7842470006873695,2.677419354838709,2.135662760987827,0.5813720561264378,0.0741168465377928,0.4665229279764096,0.1692919623797955,1.8792394563936263,0.3205003673608485,0.2675871408440525,1.0023809523809524,1.961261418219325,9.327769946271191,0.838930525617675,0.1119191545866002,0.0618545912511676,0.0210584244030372,0.9274424514525748,0.0204329274600994,0.644337337546999,0.0628368390689287,3.8134350427814994,1.0667958778878703,0.993714772541342,0.2014671745999545,0.0934595572262042,0.7030878859857482,0.5093972675909602,0.1257565454565974,0.4986578525254637,0.299529524204599,0.7102504640358509,,0.8194774346793349,0.4231219351752617,0.5683221048849365,62.0,0.1472684085510688,0.3806451612903225,2.148998342356652,1.91099864222156,2.0,0.2991436582717545,0.5415231340763255,0.5630192502532928,0.5772543059777102,0.0758865248226948,0.9840688860967952,0.6611514459448447,0.0759629867738242,0.0197123009087219,0.944206008583691,0.8992248062015504,0.6952789699570815,0.5271317829457365,0.9556486415907156,0.91124281354248,0.9426091825307952,2.807273482351277,0.9993120829176144,4.637685068368421,2.6249431323079206,0.3566260596105923,0.0483746223989651,1.7102795957105208,2.7473130646370625,4.4187823802906205,0.1125282340855525,0.3088460210482592,0.9844845941202792,0.2381634118611242,0.0025183276629509,0.9868286050586628,8.723663301726432,0.1941295003612193,0.0086883436026393,0.09702988967097,0.0416117531892612,0.8659802891249431
openml_41939_MIP-2016-PAR10-classifica,real_openml_multiclass,84.0,5,143,44,0.0,0.0,,0.0,0.0,174,0.750302708982418,2.131318374156131,3.4700915775004475,63.0,1.4052050670579472,0.9605247209694098,0.1524692273598989,0.6818931674439686,0.2534353764778683,1.804507628694553,,,0.7525769028659204,1.779001874887709,27.242483169589967,,,,,0.3530881699784427,0.3795932351422882,0.0,0.0,3.143473960558607,6.012504272478184,0.98880301228696,0.0662387351938928,0.0495871144605616,,,,,1.2275759865950044,2.052601637378509,,,0.0361650303857041,0.620754437598168,1.0,0.0057471264367816,,,19.55380116959065,2.0,-0.122505565038392,,,,,,,,,0.9365079365079364,0.0,0.0,0.0,0.9915927079095916,0.0181290064102564,0.7014430166420897,2.321832237372827,0.0,4.069145693836934,1.8045077249828372,0.1739707637467469,-9.62882844568469e-08,0.0628290250862837,2.3213514109638216,3.996111065359016,0.0036890358729175,0.3062927585404804,,,,1.005780346820811,11.686729436462652,0.0024969294926646,-1.3163670654093601e-15,0.0143274199356227,8.111668601776993e-17,0.5586073163956489
openml_41972_Indian_pines,real_openml_multiclass,202.5,8,220,1829,0.0,0.0,,0.0,0.0,1995,1.1757799862508114,1.0259958388930075,21.208600043893,202.5,3.5583468886980323,0.1146783138104208,0.2317230699931067,0.711814977647945,0.2452107100431715,2.0766995693428565,0.5966794045981386,0.3333537919501671,0.9941689896184148,10.04283763063124,3.003491239268626,0.3820106247643251,0.2676019645732022,1.5386681897383148e-20,8.141866760587053e-20,0.0919438845858289,0.195483453538266,0.0,0.0,4.943617915752698,35.59101529398267,0.992972405952224,0.6914285422881903,0.2791611826224976,,,,,1.740657307245138,3.907533690746869,,,0.0002090006414003,2.3455754150800003,16.0,0.0021872863978127,0.525,7.559732312089629,25.194166552335982,5.0,1.187148609274939,0.5768726207434951,0.6403825053051216,0.8389027050084104,-0.1457372576478257,0.997874506512105,0.1270487255374259,4.308270931267281e-19,0.0,0.9574022346368716,0.0,0.0,0.0,0.5017897530451219,0.0,0.0654516089463139,3.584953255697,2.7034093362089906,5.576737646058012,4.673195213631264,0.9883045655086952,0.0298768838622986,3.583067990850988,3.584883669601445,5.058007835489688,0.572703878355435,0.36077518266453,0.9997441444707976,0.5772575959962687,5.422846197660292e-05,1.025414888042326,141.17752968698449,0.0031731733448976,0.0001704517319713,0.3430817319538516,0.0010235521051406,0.0211470758579415
openml_41_glass,real_openml_multiclass,8.4444,6,9,43,0.0,0.0,,0.0,0.0,171,0.7657246611507086,0.7605338045565668,4.038296301484917,8.714285714285714,2.0133231257717834,0.6255367816647759,0.1372331877058992,0.4952402596816022,0.2793125677497545,2.1710541960089595,0.2258034229398582,0.1858452032418385,1.0058823529411762,0.8775399847475475,6.237392686621452,0.7418372916022503,0.220974435597725,0.0005803555281076,0.0014870376751154,0.2423777527884163,0.2896679290052132,0.0509401709401709,0.1510175457156929,3.8363065324162,5.338017573345689,0.9700420642248896,0.3480707893645435,0.1466219804361467,0.52046783625731,0.4050944338153044,0.1483825385792231,0.4588314677411235,0.6404213726292659,1.538376616059349,,0.6023391812865497,0.0791696837652699,1.2028528265184684,7.0,0.0409356725146198,0.7999999999999999,2.0287666010079124,3.666987577639752,4.0,0.5715233282160512,0.4678362573099415,0.4093567251461987,0.5730994152046783,-0.2163742690058478,0.96636826858074,0.4065372368280863,0.0057062857339994,0.0,0.8974358974358975,0.0,0.5641025641025641,0.0,0.9408935604481052,0.0,0.3648484848484848,2.3218299885518627,0.6699960320994333,4.329481395113791,2.5486358006992877,0.5273610171511001,0.0972850156010647,2.32061707856454,2.3218299885518627,4.135630896716287,0.2924144274091054,0.2347232865960924,0.7849957987270404,0.2073682582441592,0.0250656701887346,0.7896134210724937,2.4702111747270585,0.9262145485496204,0.0012442123571859,0.0627188574849214,0.3422783861179787,1.3757773291100617
openml_42167_stress,real_openml_multiclass,53.0,3,12,41,0.0,0.0,,0.0,0.0,161,0.9928178486425951,0.9801047565941804,8.59048277981607,63.5,1.6848646605966204,0.9211888354377726,0.6246184950376095,0.5940048923253304,0.2478400924113175,0.8118923115303618,0.2368506246265645,0.1751299983298905,1.0062500000000008,1.0240285242124398,7.31919453218728,0.8821943956473347,0.1466129430563157,0.0518880724218866,0.089872777741521,0.3244198952068761,0.4707290732220314,0.0712788259958071,0.1234585481285992,2.3858305159493334,1.6621372884129524,0.8498900505381737,0.1109264561776491,0.1358587229090329,0.2670807453416149,0.3194250049265069,0.1730580644812757,0.3905920017118146,0.9237425518088452,0.7671083356193051,,0.3478260869565217,0.3366590510633173,1.4603436412478965,2.0,0.0124223602484472,0.4,1.8210862059325303,27.822916666666668,2.0,0.5427269390116097,0.919212962962963,0.8443672839506173,0.8941358024691357,0.124537037037037,0.9993945256175047,0.5579426612869401,0.1556642172656598,0.0,0.8679245283018868,0.0465116279069767,0.2138364779874214,0.0,0.9878151486725096,0.0526675786593707,0.4633740288568257,2.321817462345493,0.0,3.0347456574078704,0.8118923582901637,0.4451963712909079,-4.6759801919371575e-08,1.038893181176647,2.2845597229658976,2.9685831018410767,0.0252102480911358,0.4187554823313872,0.685257837845677,0.180371458547946,0.0132551199064642,0.6895406993322127,3.5260551496793675,0.6426102064106387,0.1973764915404952,0.1069113259217184,0.3744066100826989,1.0535434399306114
openml_42169_epiparo_extract,real_openml_multiclass,123.0,6,18,45,0.0,0.0,,0.0,0.0,179,1.0898437655123687,0.8812100317550242,7.536901818922055,96.0,1.5994435926594854,0.6213898243960903,0.300135088894893,0.4989462595368025,0.2072109947394278,1.7552355461214402,0.1518833535711197,0.1228229051710788,1.0056179775280905,0.8322955035932048,11.501047079713535,0.8433252988976357,0.1331250002669909,,,0.3144057224304729,0.376398812117277,0.0655328693404567,0.1653012129159882,3.202063856541323,2.96753156593521,0.9457257888330576,0.1526152822396027,0.1118990536400109,0.5027932960893855,0.4526451463231429,0.157844314735833,0.486720265305795,1.2321102935791384,1.4164824348924443,,0.6424581005586593,0.1423494875078618,0.944297941292906,1.0,0.0055865921787709,,,24.911385671385677,3.0,1.1547196076645545,,,,,0.9669124457909084,0.5409611529986483,,,0.8656716417910447,0.0,0.4776119402985074,0.0,0.9295662712597096,0.0103092783505154,0.7136363636363636,2.318884678331877,0.0,3.916760805236738,1.7552357035020425,0.4130485615663892,-1.5738060232806109e-07,1.1713706685167466,2.1311232427680897,3.685616642211452,0.0803518724908138,0.2589605355760868,0.5740933652431274,0.1152472096993308,0.0042056276550632,0.5773186088680899,3.767002016386373,0.7766442736044693,0.1936313285684912,0.0517271558184653,0.5355395768966171,1.1063203030032551
openml_42345_Traffic_violations,real_openml_multiclass,9.8066,3,20,14068,0.0,0.0,,0.0,0.0,1998,0.6023043760031939,0.715843181826346,2.519954742119479,9.806060606060608,1.4576382759585504,1.4498096121889397,0.1961048686748645,0.3870446051965698,0.1837952299595544,1.2343556480042084,0.0472883831367656,0.0850094159166389,0.9522722204857326,0.502836375231862,34.76786392662054,0.981751808583019,0.0417774616744867,0.2301250393600034,0.3985882602653137,0.3319290854835878,0.5749180405674473,0.3294716517465332,0.5706616404786348,2.656491149026416,0.4355771115072181,0.9987823158493828,0.035502774936343,0.0902280264247744,0.6216216216216216,0.482918788506112,0.0972946279394594,0.4947553333977856,0.596346594211942,0.3333877393794227,,0.8503503503503503,0.6842781748713433,0.439916990348398,2805.0,0.0498471708842763,0.7214260249554367,1.2179837106978406,6.706943806175006,1.0,-0.6972015596665556,0.5383593854375418,0.5583567134268538,0.5850501002004008,0.0080213760855043,0.9999306227700756,0.8410437039215323,0.6903751180800104,0.0,0.9957872564507636,0.0,0.9884149552395998,0.0,0.9993230897049704,0.0,0.4978936282253818,3.556714681535178,0.0415939491180952,4.776716585615072,1.2753095710451483,0.3356641199963386,0.0001550008791857,0.180542990645965,3.030002748750672,4.180489210781696,0.003280529096172,0.2570817517424281,0.7881973406914318,0.0265718129295337,0.0003644105862807,0.8336664444989719,2.421173752074501,0.921976258954584,0.0067765256932259,0.0106795527222233,0.7115531203693952,1.1524574230378564
openml_42530_Midwest_Survey,real_openml_multiclass,8.0638,10,26,556,0.0,0.0,,0.0,0.0,2222,0.6509455674548038,1.3006065996058227,9.482146246257503,8.08,1.1549881205078754,0.7358401219371975,0.0568408397737197,0.3348785813304913,0.2796642070550271,3.0627173090519912,0.1241397168052021,0.1390778067799836,1.0004502476361987,0.9501847187262134,16.199394481505347,0.8886153630544048,0.1375328219190222,0.333215148372371,0.3088375323336171,0.6490870343365561,0.281240640624244,0.4036166237522919,0.4299842475343606,4.02864173878126,3.6735588390076894,0.9989064838076968,0.1890636907786065,0.4125124327129266,,,,,0.6305536249541897,1.6349895277670392,,,0.0964991145537407,0.5737346696445341,75.0,0.0337533753375337,0.3653333333333333,2.62756742681104,2.367500390403541,6.0,1.643078941786246,0.3810190662449397,0.2439457227708429,0.5915297797737376,-0.078868580534563,0.9909869026403862,0.4909107837421251,0.9134097231679084,0.0,0.9953703703703703,0.0082644628099173,0.9953703703703703,0.0,0.9676595867218244,0.3195402298850575,0.9267563527653214,3.5566504541405304,0.2403593075197075,5.158466467024925,3.2923408997864296,2.181415774174006,0.0097516567100144,0.7441646594422325,0.9986551954751997,4.025144306649338,0.0276773542246976,0.0911273689094775,0.8320914421391139,0.0623411362641205,0.0006269699096829,0.8361259332304206,4.200202501993674,0.6649134795881138,0.1611496799059563,0.0277171214259217,0.4731729866712042,1.0399522933156191
openml_42532_Midwest_Survey_nominal,real_openml_multiclass,8.0638,10,27,556,0.0,0.0,,0.0,0.0,2222,0.6509455674548038,1.5742030737220851,10.703529427092802,8.08,1.2403500806966103,0.8469912186646147,0.0568408397737197,0.3509635285179439,0.3033097776294742,3.0627173090519912,0.1195757105906931,0.1367728513281622,1.000450247636199,0.9436640176600352,15.625954801103662,0.8821642290508512,0.1726792265133323,0.376767937522986,0.3106379658973752,0.6299122101199868,0.281687389457512,0.4322590943868772,0.400372877346445,4.107065459112294,6.46140568247474,0.9985963942928946,0.1960019306363072,0.3950996906218666,,,,,0.6305536249541897,1.844553154793019,,,0.0464395100580113,0.4487694483064685,75.0,0.0337533753375337,0.2826666666666667,2.218100443019085,2.367500390403541,6.0,1.643078941786246,0.3723269832838367,0.3161624453726731,0.6022674532465198,-0.0187054161871265,0.9909869026403862,0.2103467382335314,0.8670407979657037,0.0,0.9926578560939796,0.0113314447592068,0.986284289276808,0.0,0.973647327580301,0.425531914893617,0.9002624671916011,3.418115446259108,0.2403593075197075,6.025262783771492,3.2923408997864296,1.8970153524469653,0.0097516567100144,0.7839741660722515,1.1815146746682956,4.039028631062079,0.0296292556480197,0.0971715301205955,0.8320914421391139,0.0607097988206414,0.0003695115713889,0.8361259332304206,4.202155277109349,0.6581735381435297,0.1609677538729839,0.0241306973859621,0.4759970969367801,1.0127493732908452
openml_42544_Touch2,real_openml_multiclass,1.7407,8,10,53,0.0,0.0,,0.0,0.0,212,0.224837269581377,0.98889766681805,4.478890257552417,1.7272727272727273,2.08415818339505,0.7173328099799745,0.0084847513537706,0.5299490003727977,0.2830717074566153,2.965839814882638,0.2890523369408887,0.2498406582733023,1.0047393364928914,1.2081316388347263,5.162500537403616,0.6891471403439156,0.2213282158296002,,,0.2806567693944585,0.2437457759518798,0.0,0.0,4.475501241639237,8.432230812445269,0.9759255962976148,0.5744967566384511,0.2842324182207186,0.4056603773584906,0.3831941308355439,0.1323049813248481,0.3921796557839304,0.2027883636735127,2.4466991503473143,,0.5849056603773585,0.0175382384351694,1.2345426625838458,22.0,0.1037735849056603,0.5727272727272728,1.4804863355083553,1.2955472710519296,6.0,1.065523935921782,0.2878604963112005,0.6227364185110664,0.6788061703554661,-0.4150234741784037,0.978298827637815,0.3612394365303833,,,0.7,0.0,0.0,0.0,0.8587722566271235,0.0326086956521739,0.471360153256705,2.321831944306104,0.0432415450480291,4.903748408646374,2.9973110683207262,0.9769684013127912,0.0117702916099409,2.302961362711499,2.321831944306104,4.78991692635676,0.4446732383714109,0.148883158994186,0.935315008623228,0.2153293317982546,0.0036161725233431,0.939747781175945,3.655624987968735,0.4894900216138436,0.0484759194584436,0.0777333827849363,0.2421226971718547,1.1971454421086232
openml_42585_penguins,real_openml_multiclass,2.2353,3,6,69,0.0,0.0,,0.0,0.0,275,0.3080839211632746,0.224798312805462,6.774480199225167,2.259259259259259,2.163593763824106,0.6519313317391315,0.0649716960805436,0.9023248811109508,0.0929789404196007,1.5119416786397282,0.4275204970935538,0.2325275823653286,1.0036496350364958,1.1872922703588908,2.380435084748164,0.4484262241764318,0.2873809772197678,0.0,0.0,0.1210407239819004,0.1251879690695655,0.0,0.0,3.04038194118712,17.245586566802697,0.8367338842975207,0.6351535012767142,0.3103042953025539,0.029090909090909,0.1779085682943055,0.0972018737568921,0.0603022689155527,0.237339551685574,1.637025465505335,,0.08,0.0188601440249564,1.944227273539272,54.0,0.1963636363636363,0.9851851851851852,0.91519886940038,1.774971941638608,1.0,-0.3719951996444556,0.7709030100334449,0.8474677496416626,0.9817247969421882,-0.2218107978977542,0.9961859065126932,0.2198638266742325,0.0,0.0,0.25,0.0,0.0,0.0,0.4822374880991921,0.0565610859728506,0.1815610859728506,2.5845698717944963,1.2021332083391096,3.442388731545636,2.21187251403,0.8245170864185787,0.0130580393244432,1.7342370094175,2.5836480775336623,3.32173191554596,0.6792250840611312,0.8365788418327111,0.8655754206049976,0.483413155521063,0.0578857467018725,0.8687344549867682,3.27868461774083,0.5239903705454921,0.1074627285741271,0.233058169880582,0.3279111273319677,1.124911350050554
openml_42768_Midwest_survey,real_openml_multiclass,8.0638,10,24,556,0.0,0.0,,0.0,0.0,2222,0.6509455674548038,1.6436458375053216,10.564863936133698,8.08,1.0927888494148317,0.7103240980427872,0.0568408397737197,0.3262322287789712,0.2860945007809445,3.0627173090519912,0.1375960630538187,0.1429671245540744,1.0004502476361976,0.9716000977478104,18.338690138145733,0.898084038201981,0.1643136157972181,,,0.6047389358265226,0.2851480260813503,0.3977667029619433,0.3985745042833134,3.9884976488088006,5.393511124182959,0.9990190963290748,0.1670085096580223,0.4086795678588434,,,,,0.6305536249541897,1.6126477108636377,1.7735395581056876,,0.0739666275947129,0.4112506106486824,75.0,0.0337533753375337,0.2453333333333333,1.9147918058379876,2.367500390403541,6.0,1.643078941786246,0.3716576392409987,0.3435666513750392,0.6102942162772668,0.0146880105592711,0.9876033105823602,0.2112906025405951,,,0.9935691318327974,0.0169971671388102,0.9935691318327974,0.0,0.9682460493937998,0.4147058823529412,0.8866995073891626,3.4181198004607847,0.2607321213199268,4.857060779862417,3.302473686624567,1.9145822014975729,0.0116496449060203,0.7069509318260292,0.995997026463284,4.008700147142727,0.0295350389764669,0.0804240855334175,0.8381020920442012,0.0806122968007858,0.0001611367824241,0.8379680719421174,4.19079300648605,0.6472453674020116,0.1550011616166684,0.0323814498841855,0.4646659391335635,1.0180293577738242
openml_43028_dgf_96f4164d-956d-4c1c-b1,real_openml_multiclass,39.8,6,53,142,0.0,0.0,,0.0,0.0,567,1.2595667521361804,1.6794813819052288,31.667475446714327,39.75,1.1424773577481886,0.9962844198850191,0.3649545920135547,0.8238581485572082,0.1570919590802608,1.508276517572216,,,0.982865524368291,1.8222204216906912,8.974261148096522,,,,,0.2574291077032328,0.2973933353863169,0.0181102362204724,0.0701406432777721,2.482686945610862,4537293.668368202,0.9342621364961166,0.1680669297095424,0.1278228728508241,0.2257495590828924,0.1763222320932801,0.2189389932197298,0.3188664244021539,0.9936493439150204,3.492422779151253,,0.2204585537918871,2.6068320997754747e-09,1.7110081682308729,8.0,0.0141093474426807,0.475,10.557426518907633,14.372472193555785,4.0,0.9778668088783592,0.6772486772486772,0.6984126984126985,0.6984126984126983,-0.1922398589065256,,,,,0.7471590909090909,0.0,0.2716535433070866,0.0,0.8917681769384409,0.0,0.5418855042016807,2.9999842378523263,0.0,4.425789370794362,1.5082766784415282,0.536639334349085,-1.6086931231562573e-07,0.147927238001402,1.8114702413054304,3.042894290776837,0.0841441213377049,0.5964190221046712,,,,1.0017667844523035,9.940868233862528,0.3535507397644941,-1.2583773974265837e-15,0.0511042820683618,0.0765709009170673,0.9754152947396132
openml_43044_drug-directory,real_openml_multiclass,9857.2857,7,3,24043,0.0,0.0,,0.0,0.0,1999,1.5537377438377218,1.2312788977166902,2.238566870434461,9200.166666666666,2.4643576492926256,1.5098688449418678,0.426636759755083,0.3039770609328967,0.2300425498023158,1.165971928852544,0.0644215468126585,0.0913818461967797,0.739734813682167,0.653156423790984,12.40969465838917,0.8695921678324985,0.1322983431610146,,,0.1967161442815606,0.255522004550049,0.1045781953674507,0.2206333135027537,3.536373041667108,0.4984658816028423,0.9973826332876292,0.0939565364780612,0.0784791111879111,0.5822911455727864,,,0.4783828600777246,2.615624668785377,0.3830453101593079,,0.4787393696848424,0.6472267274318244,2.1475104076549263,6.0,6.238822110385559e-05,0.4666666666666667,292866.16162887326,875.7579669167551,5.0,1.0909982951547337,0.5733333333333334,0.4173333333333333,0.59,-0.0746666666666666,0.9874416030226502,0.7264861900177558,,,0.988665636269964,0.0,0.9845440494590416,0.0,0.9411451567398696,0.0,0.3379669852302345,3.584938841896512,0.7473789913193738,4.588075687104829,1.9048315023103644,0.1628350836442269,0.0085194178615533,1.9040670529906825,3.322846978279252,4.35214381134548,0.0595172628949783,0.064308871624565,0.1697227941040425,0.0176341393058277,0.0059077070281052,0.1868501050073149,1.288309490091102,0.913680319255966,0.0172146316994336,0.0117709231669665,0.4654474754776997,1.100994904673534
openml_4340_Engine1,real_openml_multiclass,257.0,3,5,77,0.0,0.0,,0.0,0.0,306,0.8423388832945329,0.266946716167259,1.6188558866770013,211.0,2.583616330815381,0.002958716676766,0.437723690353053,0.3613390144204621,0.4078677367518684,0.9198607810099264,0.1999707765877267,0.2542651123065937,1.0032786885245903,0.7029182145612883,4.458452326928121,0.85663491992288,0.1704525073511208,0.0581230563967198,0.10067208677031,0.2859554159137404,0.4820969771798776,0.2185792349726776,0.3785903404522135,3.2971587049974125,0.73595639748672,0.9315007048571062,0.2063184068278939,0.1693548929186946,0.1045751633986928,0.2788810307012098,0.1414584682676777,0.2162626354299891,0.8341703555614554,0.4274878573677932,,0.238562091503268,0.5747577498225973,0.886582237454666,1.0,0.0032679738562091,,,102.41489361702128,2.0,0.1388598837773298,,,,,0.9970363304235376,0.6374607203341275,0.1743691691901595,0.0,0.8426229508196721,0.0047169811320754,0.6557377049180327,0.0,0.994219815593555,0.0076216484607745,0.4265746333045729,2.584962500721156,2.5783241020124748,3.484933867919448,3.1414692467112464,0.3633540350198361,0.0198894138116347,2.5848700499009585,2.584962500721156,3.475865491365875,0.02886533954501,0.0729329719360063,0.6746335719247254,0.0717465983356716,0.0109658944109609,0.6768454852752985,2.0950756263513552,0.9105199783888424,0.17625387466495,0.046788444986604,0.7210743979264904,1.1134695652913134
openml_43921_car_evaluation,real_openml_multiclass,18.6154,4,6,346,0.0,0.0,,0.0,0.0,1382,1.0825055912446406,0.7746541433056934,0.8636358279118682,18.615384615384617,1.79193894075254,0.2270908284705796,0.5069562793245246,0.2284483751404341,0.2248814901324503,1.205103129912393,0.0095032726783674,0.0077403549873999,1.0007241129616236,0.029642159120893,10.517585338143691,0.9574221421522348,0.0562258264785585,0.1111111111111111,0.1956312984628779,0.5436546427116093,0.1592191462560657,0.21024352386595,0.2394393887716822,2.8824622416292804,0.3167325559662849,0.9929117598396584,0.1145798290356528,0.1034064629456004,0.2698986975397974,0.3983489984926278,0.0993752043554683,0.3745304341789997,0.7955011554733668,0.2577093495212963,,0.447178002894356,0.7520470187790951,0.4022590196878345,52.0,0.0376266280752532,0.5884615384615385,0.5459042566032297,8.651972620213662,3.0,0.9144784853389144,0.7004354113615644,0.6396538715457889,0.68378917916313,-0.0275047942406236,0.9967088416637916,0.8522929612572158,0.5000000000000001,0.0,0.719626168224299,0.2754901960784314,0.6431372549019608,0.0,0.995142655227388,0.4805136457576029,0.6301429964250894,1.9995716278761573,1.584366608308958,3.202153349908545,2.527572089625629,0.2621605364475621,0.0025214078800059,1.584698934472938,1.9991067701593663,3.1243895359043106,0.0420964780831617,0.0109278208939747,0.0251950945704501,0.0083043244230729,0.0008571727404308,0.0252133386649978,1.0326881574117677,1.007429858366082,0.9573427974042028,0.0030310900139257,0.9807539402874852,1.0225514935617614
openml_43923_mushroom,real_openml_multiclass,2160.0,5,8,2592,0.0,0.0,,0.0,0.0,2000,0.7663817354250111,1.116098228467788,2.8600375200587926,1728.0,1.7070768024804697,0.3978171622090461,0.1494826666265185,0.3324181096752951,0.3919238674723855,1.7232298898390728,0.0148060257216195,0.0121062261515746,1.006409952096773,0.055864158970543,10.38522630638798,0.8867961891462651,0.2670754839666434,,,0.2657547302295219,0.3333489084104553,0.1377118644067796,0.3253328032303776,3.264375797893187,3.588051050418821,0.9979175,0.1659308944263554,0.3268146061464796,0.3705,0.3937370833025249,0.1297876976954472,0.4048947021880256,1.4579420915580377,0.9028201522439226,,0.5555,0.1964621707672098,0.8548582614153374,2.0,0.0001929012345679,0.2,1.171389430070742,522.470082286811,2.0,-0.4098574917968328,0.6619999999999999,0.6666666666666667,0.7653333333333334,0.0179999999999999,0.9991210077138752,0.2295512336055715,,,1.0,0.0,1.0,0.0,0.9957162370982028,0.0,0.3604627938826751,2.321540784325804,0.9999127151897328,3.831768985745681,2.350756502900935,0.9568633102879792,0.0072169010377938,1.58435930548853,1.9985640970128085,3.704690993291664,0.0171029935602168,0.020384733201756,0.0410834557064597,0.0117419537045565,5.2959381042837615e-05,0.0415335574976242,1.081275523353789,1.0164507020930629,0.9213696229624252,0.0047296508376842,0.9649588011949022,1.046320667733318
openml_44153_vehicle_reproduced,real_openml_multiclass,1.0955,4,18,170,0.0,0.0,,0.0,0.0,676,0.0352555481887958,0.5748042923458149,0.754190817425052,1.0943396226415094,2.9330501704658314,0.1351813419666068,0.0005460721042767,0.6734036141902636,0.269115890842766,1.9990928967963064,0.4061152993244932,0.3414857873705343,1.0014814814814803,2.251449784310543,8.133142575804214,0.8809034388299928,0.0769648243497051,0.0211116831845342,0.0516100078785464,0.756917655402683,0.147527313579022,0.1590365644564512,0.2577039910086006,4.686347192154337,4.5551326929492335,0.9894217639438396,0.2457958751078003,0.113622682857849,0.4437869822485207,0.443489012785315,0.104359281110247,0.4660628196176309,0.0336441530059816,1.5052640082217197,,0.7307692307692307,0.0849424423432484,0.5971558648417534,159.0,0.2352071005917159,0.8616352201257862,1.7381919305870068,1.049754857408845,1.0,-0.957375915803265,0.3920353982300885,0.4512291052114061,0.7781055391674861,-0.3046935431006227,0.9864906099358433,0.7537852957198159,0.1264601233230581,5.295229263164383e-06,0.9416909620991254,0.5855855855855856,0.6763848396501457,0.0,0.9501013139270889,0.6428800307613433,0.8629657864754373,2.999848895624825,2.4729205231344404,4.878408041388578,4.074296342329664,0.412921505586179,0.0795912521368764,2.939655375345195,2.995356036419206,4.821888885130889,0.152217710293238,0.3628696046184279,0.9964429814932656,0.2269857517027336,0.0001694525830503,0.9979191933177008,9.417739199242302,0.1243983330356188,0.000370682704726,0.1077211307903199,0.0243644998969428,0.7973163647812872
openml_44468_yeast_seed_0_nrows_2000_n,real_openml_multiclass,92.6,10,8,297,0.0,0.0,,0.0,0.0,1187,1.1092869294588157,2.767902505360366,12.029986213063443,92.5,2.330089153374141,1.4536025817619336,0.1504607260707983,0.4523584363976421,0.2387197691784392,2.49110189850608,0.0852352776554038,0.117112879037352,1.0008431703204042,0.4052180756623049,12.240712371967936,0.7065758199892693,0.1558749642774957,,,0.4707776089960013,0.3358290634040724,0.2280299336986049,0.271910833832906,4.617681499265385,3.475821744894083,0.9977983901704012,0.2035095526148357,0.1535005982662909,0.6596461668070767,0.4790523735758268,0.1447899375186614,0.4998511621926105,1.6280255412612994,2.035935137217208,,0.8087615838247684,0.0731956570755024,2.068101474225727,4.0,0.0033698399326032,0.8,3.485079263201525,11.644421333571238,6.0,0.979358292441108,0.39848058645527,0.2257341345948941,0.5930933810680646,-0.1019392234582107,0.9672351234677432,0.5405771462577456,,,0.976157082748948,0.0,0.9200561009817672,0.0,0.7917350009958857,0.1111111111111111,0.773841961852861,3.3162712796617884,0.0815183108675349,5.682275217203883,2.531209422440912,0.455900475364734,0.0268916641359733,1.5298337053104134,3.296963476098068,5.531838386696475,0.0802189342858157,0.0947499999073946,0.5858862215730073,0.0440189548672472,0.0010436579583238,0.5863802234461722,1.8072874004089123,0.9716286743448056,0.4027674862835735,0.0197015687656995,0.8065211402237055,1.0760011212313965
openml_44469_yeast_seed_1_nrows_2000_n,real_openml_multiclass,92.6,10,8,297,0.0,0.0,,0.0,0.0,1187,1.1092869294588157,2.767902505360366,12.029986213063443,92.5,2.330089153374141,1.4536025817619336,0.1504607260707983,0.4523584363976421,0.2387197691784392,2.49110189850608,0.0852352776554038,0.117112879037352,1.0008431703204042,0.4052180756623049,12.240712371967936,0.7065758199892693,0.1558749642774957,,,0.4707776089960013,0.3358290634040724,0.2280299336986049,0.271910833832906,4.617681499265385,3.475821744894083,0.9977983901704012,0.2035095526148357,0.1535005982662909,0.6596461668070767,0.4790523735758268,0.1447899375186614,0.4998511621926105,1.6280255412612994,2.035935137217208,,0.8087615838247684,0.0731956570755024,2.068101474225727,4.0,0.0033698399326032,0.8,3.485079263201525,11.644421333571238,6.0,0.979358292441108,0.39848058645527,0.2257341345948941,0.5930933810680646,-0.1019392234582107,0.9672351234677432,0.5405771462577456,,,0.976157082748948,0.0,0.9200561009817672,0.0,0.7917350009958857,0.1111111111111111,0.773841961852861,3.3162712796617884,0.0815183108675349,5.682275217203883,2.531209422440912,0.455900475364734,0.0268916641359733,1.5298337053104134,3.296963476098068,5.531838386696475,0.0802189342858157,0.0947499999073946,0.5858862215730073,0.0440189548672472,0.0010436579583238,0.5863802234461722,1.8072874004089123,0.9716286743448056,0.4027674862835735,0.0197015687656995,0.8065211402237055,1.0760011212313965
openml_44470_yeast_seed_2_nrows_2000_n,real_openml_multiclass,92.6,10,8,297,0.0,0.0,,0.0,0.0,1187,1.1092869294588157,2.767902505360366,12.029986213063443,92.5,2.330089153374141,1.4536025817619336,0.1504607260707983,0.4523584363976421,0.2387197691784392,2.49110189850608,0.0852352776554038,0.117112879037352,1.0008431703204042,0.4052180756623049,12.240712371967936,0.7065758199892693,0.1558749642774957,,,0.4707776089960013,0.3358290634040724,0.2280299336986049,0.271910833832906,4.617681499265385,3.475821744894083,0.9977983901704012,0.2035095526148357,0.1535005982662909,0.6596461668070767,0.4790523735758268,0.1447899375186614,0.4998511621926105,1.6280255412612994,2.035935137217208,,0.8087615838247684,0.0731956570755024,2.068101474225727,4.0,0.0033698399326032,0.8,3.485079263201525,11.644421333571238,6.0,0.979358292441108,0.39848058645527,0.2257341345948941,0.5930933810680646,-0.1019392234582107,0.9672351234677432,0.5405771462577456,,,0.976157082748948,0.0,0.9200561009817672,0.0,0.7917350009958857,0.1111111111111111,0.773841961852861,3.3162712796617884,0.0815183108675349,5.682275217203883,2.531209422440912,0.455900475364734,0.0268916641359733,1.5298337053104134,3.296963476098068,5.531838386696475,0.0802189342858157,0.0947499999073946,0.5858862215730073,0.0440189548672472,0.0010436579583238,0.5863802234461722,1.8072874004089123,0.9716286743448056,0.4027674862835735,0.0197015687656995,0.8065211402237055,1.0760011212313965
openml_44471_yeast_seed_3_nrows_2000_n,real_openml_multiclass,92.6,10,8,297,0.0,0.0,,0.0,0.0,1187,1.1092869294588157,2.767902505360366,12.029986213063443,92.5,2.330089153374141,1.4536025817619336,0.1504607260707983,0.4523584363976421,0.2387197691784392,2.49110189850608,0.0852352776554038,0.117112879037352,1.0008431703204042,0.4052180756623049,12.240712371967936,0.7065758199892693,0.1558749642774957,,,0.4707776089960013,0.3358290634040724,0.2280299336986049,0.271910833832906,4.617681499265385,3.475821744894083,0.9977983901704012,0.2035095526148357,0.1535005982662909,0.6596461668070767,0.4790523735758268,0.1447899375186614,0.4998511621926105,1.6280255412612994,2.035935137217208,,0.8087615838247684,0.0731956570755024,2.068101474225727,4.0,0.0033698399326032,0.8,3.485079263201525,11.644421333571238,6.0,0.979358292441108,0.39848058645527,0.2257341345948941,0.5930933810680646,-0.1019392234582107,0.9672351234677432,0.5405771462577456,,,0.976157082748948,0.0,0.9200561009817672,0.0,0.7917350009958857,0.1111111111111111,0.773841961852861,3.3162712796617884,0.0815183108675349,5.682275217203883,2.531209422440912,0.455900475364734,0.0268916641359733,1.5298337053104134,3.296963476098068,5.531838386696475,0.0802189342858157,0.0947499999073946,0.5858862215730073,0.0440189548672472,0.0010436579583238,0.5863802234461722,1.8072874004089123,0.9716286743448056,0.4027674862835735,0.0197015687656995,0.8065211402237055,1.0760011212313965
openml_44472_yeast_seed_4_nrows_2000_n,real_openml_multiclass,92.6,10,8,297,0.0,0.0,,0.0,0.0,1187,1.1092869294588157,2.767902505360366,12.029986213063443,92.5,2.330089153374141,1.4536025817619336,0.1504607260707983,0.4523584363976421,0.2387197691784392,2.49110189850608,0.0852352776554038,0.117112879037352,1.0008431703204042,0.4052180756623049,12.240712371967936,0.7065758199892693,0.1558749642774957,,,0.4707776089960013,0.3358290634040724,0.2280299336986049,0.271910833832906,4.617681499265385,3.475821744894083,0.9977983901704012,0.2035095526148357,0.1535005982662909,0.6596461668070767,0.4790523735758268,0.1447899375186614,0.4998511621926105,1.6280255412612994,2.035935137217208,,0.8087615838247684,0.0731956570755024,2.068101474225727,4.0,0.0033698399326032,0.8,3.485079263201525,11.644421333571238,6.0,0.979358292441108,0.39848058645527,0.2257341345948941,0.5930933810680646,-0.1019392234582107,0.9672351234677432,0.5405771462577456,,,0.976157082748948,0.0,0.9200561009817672,0.0,0.7917350009958857,0.1111111111111111,0.773841961852861,3.3162712796617884,0.0815183108675349,5.682275217203883,2.531209422440912,0.455900475364734,0.0268916641359733,1.5298337053104134,3.296963476098068,5.531838386696475,0.0802189342858157,0.0947499999073946,0.5858862215730073,0.0440189548672472,0.0010436579583238,0.5863802234461722,1.8072874004089123,0.9716286743448056,0.4027674862835735,0.0197015687656995,0.8065211402237055,1.0760011212313965
openml_44503_steel-plates-fault_seed_0,real_openml_multiclass,12.2364,7,27,389,0.0,0.0,,0.0,0.0,1552,0.7443151048377402,3.0424368536663824,10.680188819790796,12.227272727272728,3.081937638433922,0.8090315957919932,0.1086587036925381,0.5632883611994121,0.2077750104318268,2.411248759162973,0.2738740731100771,0.2480539604554968,1.0006447453255998,1.9200354046579504,5.789038196762869,0.7230466704240794,0.157508269728367,,,0.506170594712029,0.301482594747042,0.0983631405619225,0.1938942256392883,5.076666644710948,5.3582955145349445,0.988564389812945,0.4165197528859461,0.1693506860931875,0.4271907216494845,0.3921312290853247,0.1606027229918628,0.4463979972039693,0.736863840690087,2.119614941976044,,0.5818298969072165,0.0441738785436161,1.554588269590884,44.0,0.0283505154639175,0.7818181818181817,1.6189829217565246,3.900552928723777,4.0,0.7045073492248539,0.4986666773976333,0.5902299914420541,0.680470713850727,-0.206556352329827,0.9685441048214268,0.4253900188943565,,,0.9336437718277066,0.0784313725490196,0.7077997671711292,0.0,0.8302451704569375,0.1741424802110818,0.7970401691331924,3.459428629653646,0.969885461946324,5.717550470727666,3.070438512014303,0.7040038732412457,0.1297919801964817,3.406065898776084,3.459182826034451,5.494922178712092,0.2749588621704522,0.2960205450918661,1.0,0.2017532375041635,0.0008151075253838,1.0006447453256233,9.4706931262873,0.2594068642896825,-1.5458183864907107e-16,0.0782315746199446,0.0300312111276465,1.1312773224951134
openml_44504_steel-plates-fault_seed_1,real_openml_multiclass,12.2364,7,27,389,0.0,0.0,,0.0,0.0,1552,0.7443151048377402,3.0424368536663824,10.680188819790796,12.227272727272728,3.081937638433922,0.8090315957919932,0.1086587036925381,0.5632883611994121,0.2077750104318268,2.411248759162973,0.2738740731100771,0.2480539604554968,1.0006447453255998,1.9200354046579504,5.789038196762869,0.7230466704240794,0.157508269728367,,,0.506170594712029,0.301482594747042,0.0983631405619225,0.1938942256392883,5.076666644710948,5.3582955145349445,0.988564389812945,0.4165197528859461,0.1693506860931875,0.4271907216494845,0.3921312290853247,0.1606027229918628,0.4463979972039693,0.736863840690087,2.119614941976044,,0.5818298969072165,0.0441738785436161,1.554588269590884,44.0,0.0283505154639175,0.7818181818181817,1.6189829217565246,3.900552928723777,4.0,0.7045073492248539,0.4986666773976333,0.5902299914420541,0.680470713850727,-0.206556352329827,0.9685441048214268,0.4253900188943565,,,0.9336437718277066,0.0784313725490196,0.7077997671711292,0.0,0.8302451704569375,0.1741424802110818,0.7970401691331924,3.459428629653646,0.969885461946324,5.717550470727666,3.070438512014303,0.7040038732412457,0.1297919801964817,3.406065898776084,3.459182826034451,5.494922178712092,0.2749588621704522,0.2960205450918661,1.0,0.2017532375041635,0.0008151075253838,1.0006447453256233,9.4706931262873,0.2594068642896825,-1.5458183864907107e-16,0.0782315746199446,0.0300312111276465,1.1312773224951134
openml_44505_steel-plates-fault_seed_2,real_openml_multiclass,12.2364,7,27,389,0.0,0.0,,0.0,0.0,1552,0.7443151048377402,3.0424368536663824,10.680188819790796,12.227272727272728,3.081937638433922,0.8090315957919932,0.1086587036925381,0.5632883611994121,0.2077750104318268,2.411248759162973,0.2738740731100771,0.2480539604554968,1.0006447453255998,1.9200354046579504,5.789038196762869,0.7230466704240794,0.157508269728367,,,0.506170594712029,0.301482594747042,0.0983631405619225,0.1938942256392883,5.076666644710948,5.3582955145349445,0.988564389812945,0.4165197528859461,0.1693506860931875,0.4271907216494845,0.3921312290853247,0.1606027229918628,0.4463979972039693,0.736863840690087,2.119614941976044,,0.5818298969072165,0.0441738785436161,1.554588269590884,44.0,0.0283505154639175,0.7818181818181817,1.6189829217565246,3.900552928723777,4.0,0.7045073492248539,0.4986666773976333,0.5902299914420541,0.680470713850727,-0.206556352329827,0.9685441048214268,0.4253900188943565,,,0.9336437718277066,0.0784313725490196,0.7077997671711292,0.0,0.8302451704569375,0.1741424802110818,0.7970401691331924,3.459428629653646,0.969885461946324,5.717550470727666,3.070438512014303,0.7040038732412457,0.1297919801964817,3.406065898776084,3.459182826034451,5.494922178712092,0.2749588621704522,0.2960205450918661,1.0,0.2017532375041635,0.0008151075253838,1.0006447453256233,9.4706931262873,0.2594068642896825,-1.5458183864907107e-16,0.0782315746199446,0.0300312111276465,1.1312773224951134
openml_44506_steel-plates-fault_seed_3,real_openml_multiclass,12.2364,7,27,389,0.0,0.0,,0.0,0.0,1552,0.7443151048377402,3.0424368536663824,10.680188819790796,12.227272727272728,3.081937638433922,0.8090315957919932,0.1086587036925381,0.5632883611994121,0.2077750104318268,2.411248759162973,0.2738740731100771,0.2480539604554968,1.0006447453255998,1.9200354046579504,5.789038196762869,0.7230466704240794,0.157508269728367,,,0.506170594712029,0.301482594747042,0.0983631405619225,0.1938942256392883,5.076666644710948,5.3582955145349445,0.988564389812945,0.4165197528859461,0.1693506860931875,0.4271907216494845,0.3921312290853247,0.1606027229918628,0.4463979972039693,0.736863840690087,2.119614941976044,,0.5818298969072165,0.0441738785436161,1.554588269590884,44.0,0.0283505154639175,0.7818181818181817,1.6189829217565246,3.900552928723777,4.0,0.7045073492248539,0.4986666773976333,0.5902299914420541,0.680470713850727,-0.206556352329827,0.9685441048214268,0.4253900188943565,,,0.9336437718277066,0.0784313725490196,0.7077997671711292,0.0,0.8302451704569375,0.1741424802110818,0.7970401691331924,3.459428629653646,0.969885461946324,5.717550470727666,3.070438512014303,0.7040038732412457,0.1297919801964817,3.406065898776084,3.459182826034451,5.494922178712092,0.2749588621704522,0.2960205450918661,1.0,0.2017532375041635,0.0008151075253838,1.0006447453256233,9.4706931262873,0.2594068642896825,-1.5458183864907107e-16,0.0782315746199446,0.0300312111276465,1.1312773224951134
openml_44507_steel-plates-fault_seed_4,real_openml_multiclass,12.2364,7,27,389,0.0,0.0,,0.0,0.0,1552,0.7443151048377402,3.0424368536663824,10.680188819790796,12.227272727272728,3.081937638433922,0.8090315957919932,0.1086587036925381,0.5632883611994121,0.2077750104318268,2.411248759162973,0.2738740731100771,0.2480539604554968,1.0006447453255998,1.9200354046579504,5.789038196762869,0.7230466704240794,0.157508269728367,,,0.506170594712029,0.301482594747042,0.0983631405619225,0.1938942256392883,5.076666644710948,5.3582955145349445,0.988564389812945,0.4165197528859461,0.1693506860931875,0.4271907216494845,0.3921312290853247,0.1606027229918628,0.4463979972039693,0.736863840690087,2.119614941976044,,0.5818298969072165,0.0441738785436161,1.554588269590884,44.0,0.0283505154639175,0.7818181818181817,1.6189829217565246,3.900552928723777,4.0,0.7045073492248539,0.4986666773976333,0.5902299914420541,0.680470713850727,-0.206556352329827,0.9685441048214268,0.4253900188943565,,,0.9336437718277066,0.0784313725490196,0.7077997671711292,0.0,0.8302451704569375,0.1741424802110818,0.7970401691331924,3.459428629653646,0.969885461946324,5.717550470727666,3.070438512014303,0.7040038732412457,0.1297919801964817,3.406065898776084,3.459182826034451,5.494922178712092,0.2749588621704522,0.2960205450918661,1.0,0.2017532375041635,0.0008151075253838,1.0006447453256233,9.4706931262873,0.2594068642896825,-1.5458183864907107e-16,0.0782315746199446,0.0300312111276465,1.1312773224951134
openml_44513_dilbert_seed_0_nrows_2000,real_openml_multiclass,1.0733,5,100,400,0.0,0.0,,0.0,0.0,1600,0.0247645159451986,0.4147155284029025,0.7528312891014705,1.0718954248366013,3.459423167090097,4.463264492478967e-16,0.0001907265212294,0.713084645785237,0.1443956003194043,2.3214828182352,0.3126124954389276,0.2701751056438699,1.0006253908692933,4.134247172863877,16.522155386827567,0.8899820029142573,0.0653468887221405,4.198552993910057e-12,5.954730106663371e-12,0.879360375310602,0.041716858817533,0.0,0.0,5.640398723174377,6.464672311806271,0.997299609375,0.140507262150919,0.0590212339522915,0.383125,0.4553208938840661,0.0572200681613044,0.4024505726354904,0.0213406399778005,2.0965091163934315,1.6558654520076943,0.9325,0.034893733787727,0.5098207049016464,306.0,0.19125,0.6490196078431373,7.827129244267608,1.0341497106214883,2.0,-0.7619541925773331,0.2959251837007348,0.533066132264529,0.794255177020708,-0.4034736138944554,0.9991041429997908,0.7298736004797146,1.3616430855161046e-11,6.301611406330149e-26,0.9423076923076924,0.7923664122137405,0.0,0.0,0.9340821218410807,0.8590341415943556,0.9051485588115296,3.459423167090096,3.459423167090096,5.768501864714597,5.524309194698353,0.2565967906269426,0.0124041206106984,3.459423167090096,3.459423167090096,5.673946952181187,0.1069590331441083,0.5457430952738004,0.9991304993763755,0.2718677275412611,2.681500108033172e-05,0.9997553464679174,40.744681985581565,0.2254388925820982,0.0005452461830528,0.0502101760590492,0.0490339900067758,0.9070956174831564
openml_44514_dilbert_seed_1_nrows_2000,real_openml_multiclass,1.0705,5,100,400,0.0,0.0,,0.0,0.0,1600,0.0247645159451986,0.555730508817454,0.760618175337161,1.0718954248366013,3.459422919199472,1.743976164371253e-06,0.0001907265212294,0.7064393696687059,0.1380407544885941,2.3214828182352,0.2719419644359495,0.2644412650748264,1.0006253908692928,3.795358885307808,14.548763533786875,0.8864824094467992,0.0685906201849192,3.748880998810973e-12,6.662121637352955e-12,0.8007335882378026,0.1792762691028853,0.0,0.0,5.621340093739661,6.060597431581943,0.997269921875,0.1595656436950105,0.0828378735557865,0.375625,0.4592502919131692,0.0516089814936826,0.4029111544422464,0.0213406399778005,2.0533920817710154,1.6048058520393798,0.951875,0.0394496173470699,0.5049670853184814,306.0,0.19125,0.6411764705882352,8.60215321103398,1.0341497106214883,2.0,-0.7619541925773331,0.3600534402137608,0.5263861055444222,0.7722110888443554,-0.3360053440213762,0.9991317020091406,0.7218109057275538,1.8083322633885256e-11,1.461525196651503e-26,0.94679186228482,0.3927444794952681,0.0,0.0,0.9455870223315336,0.7135990354295964,0.9026647286821704,3.459423167090096,3.459410772558852,5.769291453526407,5.382219683668022,0.3986863016572739,0.0116145317988891,3.459423167090096,3.459423167090096,5.667822556491067,0.1130834288342292,0.5602369580637082,0.9999601835701736,0.2118164748862546,8.176351615247781e-06,1.0005855495386358,36.90602029809621,0.2469454252965103,2.328401075377982e-05,0.0306103717451259,0.0594288939764938,0.8994933283711193
openml_44515_dilbert_seed_2_nrows_2000,real_openml_multiclass,1.0733,5,100,400,0.0,0.0,,0.0,0.0,1600,0.0247645159451986,0.5796409506753978,0.8928847165457994,1.0718954248366013,3.459423167090097,4.463264492478967e-16,0.0001907265212294,0.7154563164005867,0.1346072957942992,2.3214828182352,0.2631813733694987,0.265974149134991,1.0006253908692937,3.743895653110853,16.97488256202272,0.8944676115822788,0.0762598044411851,1.0457795298337316e-10,3.085303282573435e-10,0.8287827457975411,0.0960458556074973,0.0,0.0,5.644146110271493,6.717733228388731,0.996750390625,0.1367598750538025,0.0752919925713047,0.3325,0.4528765134800633,0.0525116431370275,0.3773897173337109,0.0213406399778005,2.101868334953148,1.6237589439841524,0.9375,0.0337832322453611,0.4745697505370297,306.0,0.19125,0.6196078431372549,8.342843942671863,1.0341497106214883,2.0,-0.7619541925773331,0.3480293921175685,0.5744822979291918,0.8022712090848363,-0.3413493653974617,0.9997934670426064,0.6420701989532006,9.817022724414747e-10,5.27121387407681e-24,0.9314194577352471,0.6519083969465649,0.0,0.0,0.9620928198829723,0.752416956319203,0.9041145018257696,3.459423167090096,3.459423167090096,5.769383202920723,5.418820336683277,0.3620856486420187,0.0115227824045724,3.459423167090096,3.459423167090096,5.679628042455688,0.1012779428696075,0.6088744896326297,0.998629381087176,0.188253949952567,3.001790248649477e-06,0.999253914783916,36.46339631130466,0.2441690779711347,0.0003572155353944,0.0275900719237208,0.0518706744994302,0.9415476291934876
openml_44516_dilbert_seed_3_nrows_2000,real_openml_multiclass,1.0733,5,100,400,0.0,0.0,,0.0,0.0,1600,0.0247645159451986,0.4929702437289875,0.8185544897985562,1.0718954248366013,3.459423043144784,1.23945312440199e-06,0.0001907265212294,0.7007825826755065,0.1304643494797877,2.3214828182352,0.265702011540403,0.25354454606382,1.0006253908692933,3.674753786074306,15.597878741859384,0.8873705250162227,0.0671187980672017,3.3937745409005003e-11,8.247827340191951e-11,0.830998392532004,0.1048835855797179,0.0,0.0,5.632072622152067,5.698505576799653,0.996544921875,0.148833239227917,0.0743606457775529,0.31125,0.4486173321000644,0.0560897888233823,0.3626127954163018,0.0213406399778005,2.015447752180965,1.619848437553667,0.921875,0.0440401259857333,0.4949234783190034,306.0,0.19125,0.669281045751634,8.738770068087668,1.0341497106214883,2.0,-0.7619541925773331,0.3613894455577822,0.5691382765531062,0.7895791583166333,-0.3547094188376755,0.9990402992868428,0.7724412027208418,2.65581478967539e-10,2.8595062651796348e-27,0.9278846153846154,0.5938931297709924,0.0,0.0,0.9409136268019752,0.7763371525521097,0.9103926259499014,3.459423167090096,3.459410772558852,5.768103101153809,5.424685221449058,0.3562207638762373,0.0128028841714868,3.459423167090096,3.459423167090096,5.672158144698178,0.1087478406271176,0.6031251201106428,0.9975433922184372,0.2008503419240983,5.014768147773574e-06,0.9981672467476532,35.52934542348872,0.2428546329130471,0.0021151799086593,0.0341105484298072,0.0499182175119723,0.922924019701838
openml_44517_dilbert_seed_4_nrows_2000,real_openml_multiclass,1.0733,5,100,400,0.0,0.0,,0.0,0.0,1600,0.0247645159451986,0.6227415272287521,0.6751822933994764,1.0718954248366013,3.459423167090097,4.463264492478967e-16,0.0001907265212294,0.6868802886812477,0.1297159735530756,2.3214828182352,0.2018092444380488,0.2408512699477078,1.0006253908692933,3.1440118931218657,19.55066018473909,0.9215415420501184,0.0637425737139353,2.9264330569108614e-11,7.993580773493187e-11,0.8587346487410377,0.1009271413631694,0.0,0.0,5.662164070919391,4.963100881619919,0.997398828125,0.1187419144059037,0.0733281272115715,0.39,0.4684552566833965,0.0409601672533274,0.4126744329580654,0.0213406399778005,1.9376968252998032,1.5272156025503578,0.98125,0.0547130811887253,0.4177263147888857,306.0,0.19125,0.5875816993464051,9.068061064449104,1.0341497106214883,2.0,-0.7619541925773331,0.3152972611890448,0.5217100868403474,0.7394789579158316,-0.303941215764863,0.9998065001418754,0.658258447250453,2.5518011491913207e-10,1.0195371708269552e-20,0.937799043062201,0.6244274809160305,0.0,0.0,0.9894381191655184,0.8643690499662867,0.9199152079860284,3.459423167090096,3.459423167090096,5.771961630737893,5.477827708779134,0.3030782765461621,0.0089443545874026,3.459423167090096,3.459423167090096,5.739176997967255,0.0417289873580408,0.5561557622377128,0.9987284507506492,0.0609598826724427,2.115253966008977e-05,0.9993530464046528,30.48269581822669,0.3935688719271243,0.0002910942290008,0.0170723817522693,0.0968320339296027,0.9967628848436608
openml_44518_fabert_seed_0_nrows_2000_,real_openml_multiclass,3.8361,7,100,400,0.0,0.0,,0.0,0.0,1600,0.3732574095044866,0.3284206792367264,0.07479498535725,3.826530612244898,0.104147857877277,0.066726422094943,0.0269839400158575,0.3641793980183067,0.0849179360532699,2.7047180848369354,,,0.9806128830519067,0.2815690437955456,440.9730287124455,,,,,0.9612728152060948,0.0134538617318444,0.5215779046252307,0.0758361205940191,2.802732420007088,0.9948506322827,0.999057421875,0.0061335227071237,0.0065037151769079,0.818125,,,0.4181239369393374,0.3867878403496132,0.8318150829635941,,0.59375,0.4033584032668778,0.1989539167904407,98.0,0.06125,0.236734693877551,4.2625934336757165,1.784305549062363,4.0,0.2440289901046795,0.2446539665676735,0.1771333832323281,0.2854249328643901,0.0280775741576861,,,,,0.9829059829059827,0.9387755102040816,0.6623931623931624,0.3620071684587813,0.997437981368834,0.950413223140496,0.9734513274336284,0.3072683598607598,0.0,3.0103936724881155,2.704718188144876,0.0333176777633736,-1.0330794042445747e-07,0.0547506580735341,0.1379168235091383,2.840276995174432,0.0021285467692379,0.2622656807378872,,,,0.7449529864549408,1.7808563665694923,0.9976876847045189,-7.621399171486853e-16,0.0042447968914739,0.8365595981244582,1.1272204784804218
openml_44519_fabert_seed_1_nrows_2000_,real_openml_multiclass,3.8361,7,100,400,0.0,0.0,,0.0,0.0,1600,0.3732574095044866,0.4980619604737589,0.0769767507066209,3.826530612244898,0.1118787585478166,0.075608923096752,0.0269839400158575,0.3746156290500009,0.1135648911492362,2.7047180848369354,,,0.9806128830519082,0.3262431419412284,393.19281440187206,,,,,0.9592751067780318,0.0197865629029279,0.4960097982243456,0.0990158644480874,2.8097179839911712,1.1323957543717618,0.999209765625,0.0068788593935811,0.0079246134874218,0.81,,,0.452148992805258,0.3867878403496132,0.9065061396798572,,0.614375,0.3643393721590096,0.2205832205643743,98.0,0.06125,0.3918367346938776,5.880586126008815,1.784305549062363,4.0,0.2440289901046795,0.2466579745837055,0.2078963817863303,0.306813090706178,0.0046679704791108,,,,,0.9863013698630136,0.9158163265306124,0.664624808575804,0.3333333333333333,0.9969941368065792,0.946808510638298,0.974025974025974,0.3728821453025538,0.0,3.071766700777768,2.704718188144876,0.0394562527493125,-1.0330794042445747e-07,0.0592772739873452,0.1484025626745489,2.840901350244553,0.0022820137670542,0.2287134025216919,,,,0.8389624958907596,2.264617559726809,0.9937305222360168,2.220446049250313e-16,0.0046930324483264,0.7949857177404797,1.1592196724994732
openml_44520_fabert_seed_2_nrows_2000_,real_openml_multiclass,3.8361,7,100,400,0.0,0.0,,0.0,0.0,1600,0.3732574095044866,0.3930947536526618,0.0586292147939347,3.826530612244898,0.0984652693143035,0.0620569505851807,0.0269839400158575,0.3494212222337696,0.1068538638407951,2.7047180848369354,,,0.990619136960599,0.3356774598672397,411.9601490300362,,,,,0.9620805414254217,0.0180137840621836,0.5564229392007054,0.0772613699151313,2.796617869379945,0.965282415840778,0.999210546875,0.0065654847712945,0.0077826349090487,0.800625,,,0.4391128806482674,0.3867878403496132,0.7896598843725842,,0.531875,0.4188720819751821,0.2068908712746948,98.0,0.06125,0.1877551020408163,3.41743805006582,1.784305549062363,4.0,0.2440289901046795,0.2613687884470413,0.1891654795534844,0.292113007809461,0.0113855555823829,,,,,0.9850427350427352,0.9256198347107438,0.6928104575163399,0.4101479915433403,0.996866814766888,0.9494736842105264,0.9757412398921832,0.3421545624295361,0.0,3.0380123806774995,2.704718188144876,0.0506494884557451,-1.0330794042445747e-07,0.0501331557374261,0.1343634381489317,2.830082013984888,0.0023151019493025,0.2465148728102918,,,,0.5759194683411814,2.0725972437565536,0.991785380728907,1.1102230246251563e-16,0.0042625673046792,0.7850888656034877,1.1810307918702818
openml_44521_fabert_seed_3_nrows_2000_,real_openml_multiclass,3.8361,7,100,400,0.0,0.0,,0.0,0.0,1600,0.3732574095044866,0.3686273606735981,0.0490004034077301,3.826530612244898,0.0970152156843783,0.067727172474747,0.0269839400158575,0.3529030783025603,0.1012001494417649,2.7047180848369354,,,0.9906191369606024,0.3178214772541281,451.5029845061809,,,,,0.9665269954988572,0.0190584516730335,0.5491155511093128,0.0903471871405785,2.795742823874088,0.9697059418532212,0.9992828125,0.0059904766472255,0.00610600282646,0.821875,,,0.4272166561530098,0.3867878403496132,0.7984508472877161,,0.56125,0.4159010221521399,0.2064236931766963,98.0,0.06125,0.3387755102040816,4.859225029140743,1.784305549062363,4.0,0.2440289901046795,0.2586900709048619,0.1757960365174794,0.2813900894157793,0.014724227571609,,,,,0.9862174578866768,0.9178947368421052,0.7243491577335375,0.4030612244897959,0.9966333980799184,0.9574468085106383,0.9785330948121646,0.3299209557444451,0.0,3.030580835882802,2.704718188144876,0.0430038338145339,-1.0330794042445747e-07,0.0454146923337941,0.1271637226696357,2.8294739284321,0.0022623218763188,0.2362050994096657,,,,0.7914632216582964,1.886861901129928,0.9947783293369844,-2.220446049250313e-16,0.0041173601060922,0.8051135442752515,1.1611369172303685
openml_44522_fabert_seed_4_nrows_2000_,real_openml_multiclass,3.8361,7,100,400,0.0,0.0,,0.0,0.0,1600,0.3732574095044866,0.2225300676370971,0.0471963727298297,3.826530612244898,0.098180142186694,0.0673668432115096,0.0269839400158575,0.3485206033924971,0.0849905511159687,2.7047180848369354,,,0.9806128830519072,0.3172237289578776,445.5035862844098,,,,,0.9674976545390336,0.0131393193451765,0.5414046692691737,0.0790817242076929,2.796827079297536,0.906845747014609,0.99935234375,0.0060711477260931,0.0053376323435199,0.841875,,,0.4434482398921148,0.3867878403496132,0.764916634829402,,0.545,0.4355385714611574,0.1990361053077367,98.0,0.06125,0.3612244897959184,3.7061371102073046,1.784305549062363,4.0,0.2440289901046795,0.2379658916226026,0.1905014848975058,0.2961290720664891,0.0060160481605781,,,,,0.98468606431853,0.9408033826638478,0.6924460431654677,0.4078014184397163,0.9967642607237172,0.9581464872944694,0.9789473684210528,0.3493806996886519,0.0,3.0493065276569244,2.704718188144876,0.0288156558177963,-1.0330794042445747e-07,0.0535962824895071,0.1244273645169108,2.824746527880659,0.0025588693564166,0.2344219937278241,,,,0.4712802897328669,1.8159879289036307,0.9834957011127394,-6.661338147750939e-16,0.0043638746060822,0.781474410761959,1.1611578344140645
openml_44553_vehicle_seed_0_nrows_2000,real_openml_multiclass,1.0955,4,18,170,0.0,0.0,,0.0,0.0,676,0.0352555481887958,0.5748042923458149,0.754190817425052,1.0943396226415094,2.9330501704658314,0.1351813419666068,0.0005460721042767,0.6734036141902636,0.269115890842766,1.9990928967963064,0.4061152993244932,0.3414857873705343,1.0014814814814803,2.251449784310543,8.133142575804214,0.8809034388299928,0.0769648243497051,0.0211116831845342,0.0516100078785464,0.756917655402683,0.147527313579022,0.1590365644564512,0.2577039910086006,4.686347192154337,4.5551326929492335,0.9894217639438396,0.2457958751078003,0.113622682857849,0.4437869822485207,0.443489012785315,0.104359281110247,0.4660628196176309,0.0336441530059816,1.5052640082217197,,0.7307692307692307,0.0849424423432484,0.5971558648417534,159.0,0.2352071005917159,0.8616352201257862,1.7381919305870068,1.049754857408845,1.0,-0.957375915803265,0.3920353982300885,0.4512291052114061,0.7781055391674861,-0.3046935431006227,0.9864906099358433,0.7537852957198159,0.1264601233230581,5.295229263164383e-06,0.9416909620991254,0.5855855855855856,0.6763848396501457,0.0,0.9501013139270889,0.6428800307613433,0.8629657864754373,2.999848895624825,2.4729205231344404,4.878408041388578,4.074296342329664,0.412921505586179,0.0795912521368764,2.939655375345195,2.995356036419206,4.821888885130889,0.152217710293238,0.3628696046184279,0.9964429814932656,0.2269857517027336,0.0001694525830503,0.9979191933177008,9.417739199242302,0.1243983330356188,0.000370682704726,0.1077211307903199,0.0243644998969428,0.7973163647812872
openml_44554_vehicle_seed_1_nrows_2000,real_openml_multiclass,1.0955,4,18,170,0.0,0.0,,0.0,0.0,676,0.0352555481887958,0.5748042923458149,0.754190817425052,1.0943396226415094,2.9330501704658314,0.1351813419666068,0.0005460721042767,0.6734036141902636,0.269115890842766,1.9990928967963064,0.4061152993244932,0.3414857873705343,1.0014814814814803,2.251449784310543,8.133142575804214,0.8809034388299928,0.0769648243497051,0.0211116831845342,0.0516100078785464,0.756917655402683,0.147527313579022,0.1590365644564512,0.2577039910086006,4.686347192154337,4.5551326929492335,0.9894217639438396,0.2457958751078003,0.113622682857849,0.4437869822485207,0.443489012785315,0.104359281110247,0.4660628196176309,0.0336441530059816,1.5052640082217197,,0.7307692307692307,0.0849424423432484,0.5971558648417534,159.0,0.2352071005917159,0.8616352201257862,1.7381919305870068,1.049754857408845,1.0,-0.957375915803265,0.3920353982300885,0.4512291052114061,0.7781055391674861,-0.3046935431006227,0.9864906099358433,0.7537852957198159,0.1264601233230581,5.295229263164383e-06,0.9416909620991254,0.5855855855855856,0.6763848396501457,0.0,0.9501013139270889,0.6428800307613433,0.8629657864754373,2.999848895624825,2.4729205231344404,4.878408041388578,4.074296342329664,0.412921505586179,0.0795912521368764,2.939655375345195,2.995356036419206,4.821888885130889,0.152217710293238,0.3628696046184279,0.9964429814932656,0.2269857517027336,0.0001694525830503,0.9979191933177008,9.417739199242302,0.1243983330356188,0.000370682704726,0.1077211307903199,0.0243644998969428,0.7973163647812872
openml_44555_vehicle_seed_2_nrows_2000,real_openml_multiclass,1.0955,4,18,170,0.0,0.0,,0.0,0.0,676,0.0352555481887958,0.5748042923458149,0.754190817425052,1.0943396226415094,2.9330501704658314,0.1351813419666068,0.0005460721042767,0.6734036141902636,0.269115890842766,1.9990928967963064,0.4061152993244932,0.3414857873705343,1.0014814814814803,2.251449784310543,8.133142575804214,0.8809034388299928,0.0769648243497051,0.0211116831845342,0.0516100078785464,0.756917655402683,0.147527313579022,0.1590365644564512,0.2577039910086006,4.686347192154337,4.5551326929492335,0.9894217639438396,0.2457958751078003,0.113622682857849,0.4437869822485207,0.443489012785315,0.104359281110247,0.4660628196176309,0.0336441530059816,1.5052640082217197,,0.7307692307692307,0.0849424423432484,0.5971558648417534,159.0,0.2352071005917159,0.8616352201257862,1.7381919305870068,1.049754857408845,1.0,-0.957375915803265,0.3920353982300885,0.4512291052114061,0.7781055391674861,-0.3046935431006227,0.9864906099358433,0.7537852957198159,0.1264601233230581,5.295229263164383e-06,0.9416909620991254,0.5855855855855856,0.6763848396501457,0.0,0.9501013139270889,0.6428800307613433,0.8629657864754373,2.999848895624825,2.4729205231344404,4.878408041388578,4.074296342329664,0.412921505586179,0.0795912521368764,2.939655375345195,2.995356036419206,4.821888885130889,0.152217710293238,0.3628696046184279,0.9964429814932656,0.2269857517027336,0.0001694525830503,0.9979191933177008,9.417739199242302,0.1243983330356188,0.000370682704726,0.1077211307903199,0.0243644998969428,0.7973163647812872
openml_44556_vehicle_seed_3_nrows_2000,real_openml_multiclass,1.0955,4,18,170,0.0,0.0,,0.0,0.0,676,0.0352555481887958,0.5748042923458149,0.754190817425052,1.0943396226415094,2.9330501704658314,0.1351813419666068,0.0005460721042767,0.6734036141902636,0.269115890842766,1.9990928967963064,0.4061152993244932,0.3414857873705343,1.0014814814814803,2.251449784310543,8.133142575804214,0.8809034388299928,0.0769648243497051,0.0211116831845342,0.0516100078785464,0.756917655402683,0.147527313579022,0.1590365644564512,0.2577039910086006,4.686347192154337,4.5551326929492335,0.9894217639438396,0.2457958751078003,0.113622682857849,0.4437869822485207,0.443489012785315,0.104359281110247,0.4660628196176309,0.0336441530059816,1.5052640082217197,,0.7307692307692307,0.0849424423432484,0.5971558648417534,159.0,0.2352071005917159,0.8616352201257862,1.7381919305870068,1.049754857408845,1.0,-0.957375915803265,0.3920353982300885,0.4512291052114061,0.7781055391674861,-0.3046935431006227,0.9864906099358433,0.7537852957198159,0.1264601233230581,5.295229263164383e-06,0.9416909620991254,0.5855855855855856,0.6763848396501457,0.0,0.9501013139270889,0.6428800307613433,0.8629657864754373,2.999848895624825,2.4729205231344404,4.878408041388578,4.074296342329664,0.412921505586179,0.0795912521368764,2.939655375345195,2.995356036419206,4.821888885130889,0.152217710293238,0.3628696046184279,0.9964429814932656,0.2269857517027336,0.0001694525830503,0.9979191933177008,9.417739199242302,0.1243983330356188,0.000370682704726,0.1077211307903199,0.0243644998969428,0.7973163647812872
openml_44557_vehicle_seed_4_nrows_2000,real_openml_multiclass,1.0955,4,18,170,0.0,0.0,,0.0,0.0,676,0.0352555481887958,0.5748042923458149,0.754190817425052,1.0943396226415094,2.9330501704658314,0.1351813419666068,0.0005460721042767,0.6734036141902636,0.269115890842766,1.9990928967963064,0.4061152993244932,0.3414857873705343,1.0014814814814803,2.251449784310543,8.133142575804214,0.8809034388299928,0.0769648243497051,0.0211116831845342,0.0516100078785464,0.756917655402683,0.147527313579022,0.1590365644564512,0.2577039910086006,4.686347192154337,4.5551326929492335,0.9894217639438396,0.2457958751078003,0.113622682857849,0.4437869822485207,0.443489012785315,0.104359281110247,0.4660628196176309,0.0336441530059816,1.5052640082217197,,0.7307692307692307,0.0849424423432484,0.5971558648417534,159.0,0.2352071005917159,0.8616352201257862,1.7381919305870068,1.049754857408845,1.0,-0.957375915803265,0.3920353982300885,0.4512291052114061,0.7781055391674861,-0.3046935431006227,0.9864906099358433,0.7537852957198159,0.1264601233230581,5.295229263164383e-06,0.9416909620991254,0.5855855855855856,0.6763848396501457,0.0,0.9501013139270889,0.6428800307613433,0.8629657864754373,2.999848895624825,2.4729205231344404,4.878408041388578,4.074296342329664,0.412921505586179,0.0795912521368764,2.939655375345195,2.995356036419206,4.821888885130889,0.152217710293238,0.3628696046184279,0.9964429814932656,0.2269857517027336,0.0001694525830503,0.9979191933177008,9.417739199242302,0.1243983330356188,0.000370682704726,0.1077211307903199,0.0243644998969428,0.7973163647812872
openml_44578_Diabetes130US_seed_0_nrow,real_openml_multiclass,4.8341,3,49,400,0.0,0.0,,0.0,0.0,1600,0.5254469823397979,0.6521576929727804,0.1046616707223636,4.848314606741573,1.1173754400421476,1.2194727786746111,0.1817242333138373,0.2741842355616239,0.0883429512237927,1.3628971862917243,,,0.8372579801151212,0.5555395654673891,237.29917256216612,,,,,0.9911855136560596,0.0015310022286121,0.9415147853681484,0.0244098559942977,2.4745292553327163,0.1747485022180681,0.998726171875,0.0057433710011554,0.0087238931282771,0.6875,0.5065796209799251,0.0621425949048257,0.4986030359837198,0.4246396925968098,0.1581584670919536,,0.95875,0.8469216238243257,0.1655914508532419,178.0,0.11125,0.3157303370786517,3.774896737690776,3.177530769900772,1.0,-0.1366147421797787,0.5663874415497662,0.1260828323313293,0.5637167668670675,0.0907227788911155,,,,,0.9922644163150492,0.989433237271854,0.9676511954992968,0.9193083573487032,0.9993194108867544,0.9906460623265648,0.9920616518481624,3.459423167090096,0.0,4.806713324873966,1.3628971987700114,0.0490279147434198,-1.2478286848249809e-08,0.0252118658929347,1.830431282298794,3.1876182914481705,0.0004135694528657,0.2117163356812477,,,,0.5394338514196263,2.521003211469946,0.892752892508012,-1.9309883816984342e-16,0.0101174953604857,0.5558057938748213,1.064585015350238
openml_44579_Diabetes130US_seed_1_nrow,real_openml_multiclass,4.8341,3,49,400,0.0,0.0,,0.0,0.0,1600,0.5254469823397979,0.5588272853089719,0.0886471805665311,4.848314606741573,1.1120929193725728,1.2202879103969797,0.1817242333138373,0.2557008900644612,0.1341848325508299,1.3628971862917243,,,0.7964161274265754,0.5842634106537841,206.70017530680943,,,,,0.9905781822322672,0.0039810473356273,0.9317332551637988,0.0307411849432037,2.468396510935756,0.1666816526886257,0.998747265625,0.0065935947285421,0.0098590650918942,0.7025,0.5034454031130742,0.0598116811431005,0.4990986246707334,0.4246396925968098,0.1487714596462096,,0.96875,0.8544072628559017,0.1727542785603928,178.0,0.11125,0.3112359550561798,3.913909368088136,3.177530769900772,1.0,-0.1366147421797787,0.5610554442217769,0.1927481629926519,0.5777261189044757,0.0667027388109552,,,,,0.9950773558368496,0.9875120076849184,0.9641350210970464,0.9029779058597502,0.9993879322162844,0.988328595429976,0.9921112695059418,3.459423167090096,0.0,4.806560748343446,1.3628971987700114,0.0470434280201641,-1.2478286848249809e-08,0.0075538126840678,1.8148846196573865,3.17552279888699,5.426339848213502e-05,0.160817885035388,,,,0.5206011018977974,2.5667606808238026,0.8237266456776619,-4.982416286730881e-16,0.0121152954555485,0.4333092771240198,1.0691572539385272
openml_44580_Diabetes130US_seed_2_nrow,real_openml_multiclass,4.8341,3,49,400,0.0,0.0,,0.0,0.0,1600,0.5254469823397979,0.4910921796123369,0.0623421656822296,4.848314606741573,1.1173775888370838,1.228763291334639,0.1817242333138373,0.2272847312960772,0.0782614996939399,1.3628971862917243,,,0.8168370537708493,0.5650371278418338,242.3615710753085,,,,,0.9861412497684862,0.0054703674839433,0.938414484702851,0.0183034911525617,2.47465137047664,0.1172763894835955,0.998817578125,0.0056234046521683,0.0083740015248802,0.7025,0.5090893646430967,0.0620660395681137,0.4957464476299462,0.4246396925968098,0.1094415604950046,,0.965,0.8929200027428178,0.1332597608461381,178.0,0.11125,0.3033707865168539,3.7372249154725594,3.177530769900772,1.0,-0.1366147421797787,0.5557194388777555,0.1834134936539746,0.5310233800935203,0.1054362057448229,,,,,0.989451476793249,0.9798270893371758,0.9507735583684952,0.9173871277617676,0.9994659176469648,0.9844861362561048,0.9892983299841416,3.459423167090096,0.0,4.8035401786420975,1.3628971987700114,0.038387023709435,-1.2478286848249809e-08,0.0075538126840678,1.7897462477981718,3.148465655594638,0.0002665368710403,0.1719454941566633,,,,0.5148680635104864,2.4858976614780457,0.8653993798527453,-1.639363574230633e-16,0.0098198654463159,0.4765336057394964,1.0703030528889057
openml_44581_Diabetes130US_seed_3_nrow,real_openml_multiclass,4.8341,3,49,400,0.0,0.0,,0.0,0.0,1600,0.5254469823397979,0.6262693277196318,0.0893312141862216,4.848314606741573,1.117306516243004,1.229463706363734,0.1817242333138373,0.2396145142324951,0.099913692110062,1.3628971862917243,,,0.7964161274265767,0.5772004746411793,238.6406184815848,,,,,0.991231799454938,0.0032238214992461,0.9370547700425506,0.0285176196713599,2.474492616153192,0.1359057814143076,0.998796484375,0.0057110863815369,0.0084086345061227,0.698125,0.5081484224399692,0.061300113817175,0.4975860270183714,0.4246396925968098,0.1248129767328135,,0.970625,0.8779352720444045,0.1485681144533994,178.0,0.11125,0.2853932584269663,3.635391129474316,3.177530769900772,1.0,-0.1366147421797787,0.5610394121576486,0.1140774883099532,0.5490193720774883,0.1154001336005344,,,,,0.9932157394843962,0.9875120076849184,0.969760900140647,0.9173871277617676,0.9994903223526788,0.9902398294402088,0.9930916953399478,3.459423167090096,0.0,4.805309012768673,1.3628971987700114,0.0415487935489289,-1.2478286848249809e-08,0.0252118658929347,1.8294972518349013,3.1833998158930124,0.0001709469639845,0.1689648650080854,,,,0.5210324830290843,2.637714486368944,0.856203906787433,-2.585868579689239e-17,0.0115894199300452,0.4287488576300921,1.0715072918859914
openml_44582_Diabetes130US_seed_4_nrow,real_openml_multiclass,4.8341,3,49,400,0.0,0.0,,0.0,0.0,1600,0.5254469823397979,0.3625898065602388,0.0749567114342488,4.848314606741573,1.1115875462416644,1.2272099333956412,0.1817242333138373,0.2456873309456519,0.0635590832357909,1.3628971862917243,,,0.7964161274265785,0.5785668775781893,225.2721589651304,,,,,0.9803213997073432,0.0131553230817308,0.9035902401132212,0.0543381707810381,2.4684347297609524,0.1342491565664728,0.998779296875,0.0060500027724361,0.0081305192529788,0.684375,0.5083089119172964,0.062070146294531,0.4971211682376276,0.4246396925968098,0.1247642862361707,,0.971875,0.8786395477745729,0.1589707171004956,178.0,0.11125,0.2865168539325843,3.788868699197589,3.177530769900772,1.0,-0.1366147421797787,0.5390180360721443,0.1360774883099532,0.5476993987975951,0.0867267869071475,,,,,0.9943741209563994,0.968299711815562,0.9662447257383966,0.8693563880883766,0.9994261434993684,0.9732950390828148,0.9863322436532336,3.459423167090096,0.0,4.801085803179124,1.3628971987700114,0.0326535999911152,-1.2478286848249809e-08,0.0196879412947859,1.8204792393201377,3.1771986327365243,9.955271008732502e-05,0.2007442721836239,,,,0.5191739448276002,2.549161655178344,0.8355603861058813,-6.17009216318512e-17,0.0107683323032374,0.4445876147752148,1.057400025065506
openml_44588_eucalyptus_seed_0_nrows_2,real_openml_multiclass,2.0381,5,19,148,0.0,0.0,,0.0,0.0,588,0.2927245743546596,0.792127568468342,1.6056949462770458,2.0357142857142856,2.4045877062491137,0.5401422788241774,0.0271806125921955,0.4615932697784756,0.3048027113586404,2.261712133909535,0.1433346223882619,0.1738501062891198,1.0017035775127747,0.9821020794461736,11.20630173346857,0.897990215367952,0.1235186080123578,0.0165388606564164,0.0236881612320767,0.7439140070332232,0.1614325646686998,0.3820371686039202,0.3508337519091584,4.464474814588014,4.379716547679249,0.9893765329260956,0.2018250255706341,0.1298599441818353,0.5884353741496599,0.4457731975146915,0.1823651887340392,0.4931356737331265,0.2234544780080448,1.130987465373874,,0.7295918367346939,0.1399968021748042,0.9256214976989244,84.0,0.1428571428571428,0.5452380952380953,40.46717064132879,1.5145757918552034,3.0,0.4685877857107507,0.4387755102040816,0.5340136054421768,0.6581632653061225,-0.0935374149659862,0.9895660330661584,0.4776457504730779,0.0628040179746242,5.943107623372828e-08,0.9568627450980391,0.4319526627218935,0.8274509803921568,0.0,0.9735002493638932,0.6939505234718,0.8312096974206349,2.9999666179330755,0.9755259511264972,5.10374365563422,3.206777318934108,0.6565295830113209,0.0274153616234902,2.1782733471049083,2.8994494274823195,4.951803410540744,0.1541572147090097,0.1952492840605763,0.9790177113086936,0.0798719646862605,0.0002600920910728,0.980685543866288,3.844797816344906,0.8716776150869269,0.003651652103924,0.0309271923241023,0.2733740880948386,1.2416254347182094
openml_44589_eucalyptus_seed_1_nrows_2,real_openml_multiclass,2.0381,5,19,148,0.0,0.0,,0.0,0.0,588,0.2927245743546596,0.792127568468342,1.6056949462770458,2.0357142857142856,2.4045877062491137,0.5401422788241774,0.0271806125921955,0.4615932697784756,0.3048027113586404,2.261712133909535,0.1433346223882619,0.1738501062891198,1.0017035775127747,0.9821020794461736,11.20630173346857,0.897990215367952,0.1235186080123578,0.0165388606564164,0.0236881612320767,0.7439140070332232,0.1614325646686998,0.3820371686039202,0.3508337519091584,4.464474814588014,4.379716547679249,0.9893765329260956,0.2018250255706341,0.1298599441818353,0.5884353741496599,0.4457731975146915,0.1823651887340392,0.4931356737331265,0.2234544780080448,1.130987465373874,,0.7295918367346939,0.1399968021748042,0.9256214976989244,84.0,0.1428571428571428,0.5452380952380953,40.46717064132879,1.5145757918552034,3.0,0.4685877857107507,0.4387755102040816,0.5340136054421768,0.6581632653061225,-0.0935374149659862,0.9895660330661584,0.4776457504730779,0.0628040179746242,5.943107623372828e-08,0.9568627450980391,0.4319526627218935,0.8274509803921568,0.0,0.9735002493638932,0.6939505234718,0.8312096974206349,2.9999666179330755,0.9755259511264972,5.10374365563422,3.206777318934108,0.6565295830113209,0.0274153616234902,2.1782733471049083,2.8994494274823195,4.951803410540744,0.1541572147090097,0.1952492840605763,0.9790177113086936,0.0798719646862605,0.0002600920910728,0.980685543866288,3.844797816344906,0.8716776150869269,0.003651652103924,0.0309271923241023,0.2733740880948386,1.2416254347182094
openml_44590_eucalyptus_seed_2_nrows_2,real_openml_multiclass,2.0381,5,19,148,0.0,0.0,,0.0,0.0,588,0.2927245743546596,0.792127568468342,1.6056949462770458,2.0357142857142856,2.4045877062491137,0.5401422788241774,0.0271806125921955,0.4615932697784756,0.3048027113586404,2.261712133909535,0.1433346223882619,0.1738501062891198,1.0017035775127747,0.9821020794461736,11.20630173346857,0.897990215367952,0.1235186080123578,0.0165388606564164,0.0236881612320767,0.7439140070332232,0.1614325646686998,0.3820371686039202,0.3508337519091584,4.464474814588014,4.379716547679249,0.9893765329260956,0.2018250255706341,0.1298599441818353,0.5884353741496599,0.4457731975146915,0.1823651887340392,0.4931356737331265,0.2234544780080448,1.130987465373874,,0.7295918367346939,0.1399968021748042,0.9256214976989244,84.0,0.1428571428571428,0.5452380952380953,40.46717064132879,1.5145757918552034,3.0,0.4685877857107507,0.4387755102040816,0.5340136054421768,0.6581632653061225,-0.0935374149659862,0.9895660330661584,0.4776457504730779,0.0628040179746242,5.943107623372828e-08,0.9568627450980391,0.4319526627218935,0.8274509803921568,0.0,0.9735002493638932,0.6939505234718,0.8312096974206349,2.9999666179330755,0.9755259511264972,5.10374365563422,3.206777318934108,0.6565295830113209,0.0274153616234902,2.1782733471049083,2.8994494274823195,4.951803410540744,0.1541572147090097,0.1952492840605763,0.9790177113086936,0.0798719646862605,0.0002600920910728,0.980685543866288,3.844797816344906,0.8716776150869269,0.003651652103924,0.0309271923241023,0.2733740880948386,1.2416254347182094
openml_44591_eucalyptus_seed_3_nrows_2,real_openml_multiclass,2.0381,5,19,148,0.0,0.0,,0.0,0.0,588,0.2927245743546596,0.792127568468342,1.6056949462770458,2.0357142857142856,2.4045877062491137,0.5401422788241774,0.0271806125921955,0.4615932697784756,0.3048027113586404,2.261712133909535,0.1433346223882619,0.1738501062891198,1.0017035775127747,0.9821020794461736,11.20630173346857,0.897990215367952,0.1235186080123578,0.0165388606564164,0.0236881612320767,0.7439140070332232,0.1614325646686998,0.3820371686039202,0.3508337519091584,4.464474814588014,4.379716547679249,0.9893765329260956,0.2018250255706341,0.1298599441818353,0.5884353741496599,0.4457731975146915,0.1823651887340392,0.4931356737331265,0.2234544780080448,1.130987465373874,,0.7295918367346939,0.1399968021748042,0.9256214976989244,84.0,0.1428571428571428,0.5452380952380953,40.46717064132879,1.5145757918552034,3.0,0.4685877857107507,0.4387755102040816,0.5340136054421768,0.6581632653061225,-0.0935374149659862,0.9895660330661584,0.4776457504730779,0.0628040179746242,5.943107623372828e-08,0.9568627450980391,0.4319526627218935,0.8274509803921568,0.0,0.9735002493638932,0.6939505234718,0.8312096974206349,2.9999666179330755,0.9755259511264972,5.10374365563422,3.206777318934108,0.6565295830113209,0.0274153616234902,2.1782733471049083,2.8994494274823195,4.951803410540744,0.1541572147090097,0.1952492840605763,0.9790177113086936,0.0798719646862605,0.0002600920910728,0.980685543866288,3.844797816344906,0.8716776150869269,0.003651652103924,0.0309271923241023,0.2733740880948386,1.2416254347182094
openml_44592_eucalyptus_seed_4_nrows_2,real_openml_multiclass,2.0381,5,19,148,0.0,0.0,,0.0,0.0,588,0.2927245743546596,0.792127568468342,1.6056949462770458,2.0357142857142856,2.4045877062491137,0.5401422788241774,0.0271806125921955,0.4615932697784756,0.3048027113586404,2.261712133909535,0.1433346223882619,0.1738501062891198,1.0017035775127747,0.9821020794461736,11.20630173346857,0.897990215367952,0.1235186080123578,0.0165388606564164,0.0236881612320767,0.7439140070332232,0.1614325646686998,0.3820371686039202,0.3508337519091584,4.464474814588014,4.379716547679249,0.9893765329260956,0.2018250255706341,0.1298599441818353,0.5884353741496599,0.4457731975146915,0.1823651887340392,0.4931356737331265,0.2234544780080448,1.130987465373874,,0.7295918367346939,0.1399968021748042,0.9256214976989244,84.0,0.1428571428571428,0.5452380952380953,40.46717064132879,1.5145757918552034,3.0,0.4685877857107507,0.4387755102040816,0.5340136054421768,0.6581632653061225,-0.0935374149659862,0.9895660330661584,0.4776457504730779,0.0628040179746242,5.943107623372828e-08,0.9568627450980391,0.4319526627218935,0.8274509803921568,0.0,0.9735002493638932,0.6939505234718,0.8312096974206349,2.9999666179330755,0.9755259511264972,5.10374365563422,3.206777318934108,0.6565295830113209,0.0274153616234902,2.1782733471049083,2.8994494274823195,4.951803410540744,0.1541572147090097,0.1952492840605763,0.9790177113086936,0.0798719646862605,0.0002600920910728,0.980685543866288,3.844797816344906,0.8716776150869269,0.003651652103924,0.0309271923241023,0.2733740880948386,1.2416254347182094
openml_44603_cnae-9_seed_0_nrows_2000_,real_openml_multiclass,1.0,9,100,216,0.0,0.0,,0.0,0.0,864,0.0,0.6604120551676219,0.5077878997875,1.0,0.0459482273953886,0.0752038044315088,0.0,0.5746897130305362,0.1729135730359617,3.1699250014423126,,,0.9110544611819202,0.5739158013423487,200.58875382763247,,,,,0.8478009259259258,0.0845897757991655,0.599826388888889,0.153247440519552,3.200070124521264,6.257574642799797,0.9950234160665294,0.0158031043164376,0.0325588685929267,0.7743055555555556,,,0.494594129640633,0.0,2.8514398562854004,,0.099537037037037,0.0182904431479296,0.4905926151759157,96.0,0.1111111111111111,0.2125,0.0,1.0,0.0,,0.1701388888888888,0.3715277777777777,0.4409722222222222,-0.2453703703703704,,,,,0.9791666666666666,0.734375,0.8333333333333334,0.2916666666666667,0.9907300115874856,0.796875,0.8984375,0.4856488087699634,0.0,3.652479377654199,3.169925156893003,0.2127732684873104,-1.554506905421249e-07,0.0129591982960633,0.042565915766552,3.201723948752136,0.0036742903928694,0.3566014663596388,,,,1.001158748551564,3.004691785698893,1.0023188398013296,-9.204960850671528e-16,0.0011587485515643,0.594022915932983,1.0688862898886544
openml_44604_cnae-9_seed_1_nrows_2000_,real_openml_multiclass,1.0,9,100,216,0.0,0.0,,0.0,0.0,864,0.0,0.7458049684984328,0.808390254836618,1.0,0.0507860856816163,0.0781424836359294,0.0,0.5819102774889855,0.1898763931229386,3.1699250014423126,,,0.9210660486674338,0.6455999869203626,163.72382972747445,,,,,0.8084490740740741,0.1068124636546471,0.566695601851852,0.1601730691635218,3.2013496721929515,6.772016829050672,0.9915297603737996,0.0193614149309773,0.0443798686124059,0.7731481481481481,,,0.4960684015958312,0.0,2.9613278810361026,,0.0856481481481481,0.0144280951316796,0.529048881989139,96.0,0.1111111111111111,0.5916666666666667,4.239645553595194e-09,1.0,0.0,,0.1817129629629629,0.4212962962962963,0.4363425925925925,-0.2175925925925926,,,,,0.9739583333333334,0.6822916666666666,0.8489583333333334,0.2552083333333333,0.9907300115874856,0.7291666666666666,0.921875,0.3681656408929366,0.0,3.416611286651655,3.169925156893003,0.2630053153831935,-1.554506905421249e-07,0.0129591982960633,0.0513395365009952,3.206995052732728,0.0036742903928694,0.3320493569039697,,,,1.001158748551564,3.608261472467893,1.0023188398013292,-1.364106489166843e-15,0.0016396681739202,0.4762716597289613,1.061885455356398
openml_44605_cnae-9_seed_2_nrows_2000_,real_openml_multiclass,1.0,9,100,216,0.0,0.0,,0.0,0.0,864,0.0,0.9176475463742906,0.645997975750777,1.0,0.0553832903760326,0.0851575130152495,0.0,0.5568446556531756,0.2127569408790769,3.1699250014423126,,,0.9010428736964046,0.6251609680116219,170.82954321288466,,,,,0.8328993055555556,0.1171610419867653,0.591724537037037,0.1822354410644051,3.2067522215870268,8.872912892029955,0.9947983646262004,0.0185560702313183,0.0421738953153254,0.8113425925925926,,,0.4893121901884069,0.0,2.797466375481592,,0.1192129629629629,0.0117868311590125,0.4985371305881082,96.0,0.1111111111111111,0.8604166666666667,1.7472937469514055e-08,1.0,0.0,,0.1747685185185185,0.4085648148148148,0.4189814814814814,-0.2222222222222222,,,,,0.9791666666666666,0.65625,0.8645833333333334,0.1041666666666666,0.9907300115874856,0.734375,0.9166666666666666,0.4856488087699634,0.0,3.652479377654199,3.169925156893003,0.2717143769812598,-1.554506905421249e-07,0.0129591982960633,0.053448400723634,3.2074040151989243,0.0036742903928694,0.2937278054234098,,,,1.001158748551564,3.474493815547888,1.0023188398013292,-9.527711152277578e-16,0.0018940582926585,0.5131076190795831,1.046244872193627
openml_44606_cnae-9_seed_3_nrows_2000_,real_openml_multiclass,1.0,9,100,216,0.0,0.0,,0.0,0.0,864,0.0,1.3502455793172805,1.1108438050770255,1.0,0.0406422041032673,0.063380063429656,0.0,0.5478789901052482,0.206219957012986,3.1699250014423126,,,0.9210660486674368,0.6146626893154983,195.3577521038782,,,,,0.8230613425925927,0.1411530326264862,0.6100983796296297,0.1611491508655268,3.194340949012096,7.181897984692368,0.9968894675925926,0.016226256533484,0.0441338063770826,0.7951388888888888,,,0.4883025060016535,0.0,2.699057797083038,,0.0868055555555555,0.0185650354811731,0.490028608881322,96.0,0.1111111111111111,0.3395833333333333,0.0,1.0,0.0,,0.2083333333333333,0.3969907407407407,0.4166666666666667,-0.1724537037037037,,,,,0.9791666666666666,0.5625,0.9010416666666666,0.2604166666666667,0.9907300115874856,0.7916666666666666,0.9166666666666666,0.4638379950549675,0.0,3.300815790231604,3.169925156893003,0.3941572544628768,-1.554506905421249e-07,0.0129591982960633,0.042565915766552,3.2015010806896536,0.0036742903928694,0.2234909600620532,,,,1.001158748551564,3.0068138410630536,1.002318839801331,-1.804513586205585e-15,0.0016396681739202,0.5416179086519284,1.0751463153838272
openml_44607_cnae-9_seed_4_nrows_2000_,real_openml_multiclass,1.0,9,100,216,0.0,0.0,,0.0,0.0,864,0.0,0.663863403125823,0.4013562420001517,1.0,0.0433409749698497,0.0800174800297738,0.0,0.502761373563417,0.1640502405105483,3.1699250014423126,,,0.8710081112398578,0.5739794726667647,243.4806716519731,,,,,0.8794849537037037,0.0753130122670964,0.6707175925925927,0.1356117591412047,3.200246770493537,3.74172041328274,0.9980575917352538,0.0130192059186256,0.0276940045001625,0.8287037037037037,,,0.4669782637000283,0.0,2.210539359859972,,0.0983796296296296,0.0601377205819555,0.4487189352724247,96.0,0.1111111111111111,0.2791666666666667,0.0,1.0,0.0,,0.15625,0.3043981481481481,0.3611111111111111,-0.1585648148148148,,,,,0.984375,0.7708333333333334,0.9010416666666666,0.4375,0.9907300115874856,0.796875,0.9375,0.5782667935187458,0.0,3.743495681949111,3.169925156893003,0.2008063083648412,-1.554506905421249e-07,0.0129591982960633,0.033368446039804,3.1954424114746818,0.0036742903928694,0.239286390015521,,,,1.001158748551564,2.507884440943214,1.00231883980133,-1.1168585047102905e-15,0.0016396681739202,0.4847645602212561,1.0782498220489574
openml_44613_cmc_seed_0_nrows_2000_ncl,real_openml_multiclass,1.8889,3,9,295,0.0,0.0,,0.0,0.0,1178,0.2481537872846507,0.5994558695607003,0.1932477622172722,1.8909774436090223,1.5425596348750763,0.946481844636424,0.0438011792949926,0.3270767551573597,0.0913500642767397,1.538879262719534,0.1746895490632427,0.1502703604950693,1.00084961767205,0.687776169413322,43.41433649522621,0.9668855394417106,0.0233036944403633,0.765928515928516,0.048618072376628,0.964410844695904,0.0559053800862705,0.9579331317263924,0.0528566959491812,3.0459925591969537,0.2551990985829858,0.9984557002891148,0.0354463383976569,0.0237330105433164,0.7249575551782682,,,0.4961405486070596,0.1739611338917678,0.2223032417718993,1.0476130192346036,0.6960950764006791,0.7882659936078746,0.3171461265444987,266.0,0.2258064516129032,0.4834586466165414,0.5507227865030035,1.552800093142391,1.0,-0.2467226811558952,0.4244517145280504,0.4685958352806771,0.5084882553530318,-0.0195275311142268,0.9957233586573004,0.9123828940328124,0.8205128205128204,0.7272727272727274,0.9978070175438596,0.8998699609882965,0.994074074074074,0.8972691807542262,0.9782316091177335,0.947712758271926,0.9966812865497076,3.300051467306405,0.373919120934793,4.774309017802946,1.896541352621923,0.0661595629396658,0.0031391920456669,0.8092536759998264,1.6741973308225435,3.1815629666891434,0.0162570310324039,0.2624825052454501,0.6249243207482409,0.1192180293172836,0.0086655731957501,0.6254552674948477,2.5086534944114254,0.8680213894451763,0.3555230270696056,0.0631304568290016,0.5887556892560573,1.067494028151213
openml_44614_cmc_seed_1_nrows_2000_ncl,real_openml_multiclass,1.8889,3,9,295,0.0,0.0,,0.0,0.0,1178,0.2481537872846507,0.5994558695607003,0.1932477622172722,1.8909774436090223,1.5425596348750763,0.946481844636424,0.0438011792949926,0.3270767551573597,0.0913500642767397,1.538879262719534,0.1746895490632427,0.1502703604950693,1.00084961767205,0.687776169413322,43.41433649522621,0.9668855394417106,0.0233036944403633,0.765928515928516,0.048618072376628,0.964410844695904,0.0559053800862705,0.9579331317263924,0.0528566959491812,3.0459925591969537,0.2551990985829858,0.9984557002891148,0.0354463383976569,0.0237330105433164,0.7249575551782682,,,0.4961405486070596,0.1739611338917678,0.2223032417718993,1.0476130192346036,0.6960950764006791,0.7882659936078746,0.3171461265444987,266.0,0.2258064516129032,0.4834586466165414,0.5507227865030035,1.552800093142391,1.0,-0.2467226811558952,0.4244517145280504,0.4685958352806771,0.5084882553530318,-0.0195275311142268,0.9957233586573004,0.9123828940328124,0.8205128205128204,0.7272727272727274,0.9978070175438596,0.8998699609882965,0.994074074074074,0.8972691807542262,0.9782316091177335,0.947712758271926,0.9966812865497076,3.300051467306405,0.373919120934793,4.774309017802946,1.896541352621923,0.0661595629396658,0.0031391920456669,0.8092536759998264,1.6741973308225435,3.1815629666891434,0.0162570310324039,0.2624825052454501,0.6249243207482409,0.1192180293172836,0.0086655731957501,0.6254552674948477,2.5086534944114254,0.8680213894451763,0.3555230270696056,0.0631304568290016,0.5887556892560573,1.067494028151213
openml_44615_cmc_seed_2_nrows_2000_ncl,real_openml_multiclass,1.8889,3,9,295,0.0,0.0,,0.0,0.0,1178,0.2481537872846507,0.5994558695607003,0.1932477622172722,1.8909774436090223,1.5425596348750763,0.946481844636424,0.0438011792949926,0.3270767551573597,0.0913500642767397,1.538879262719534,0.1746895490632427,0.1502703604950693,1.00084961767205,0.687776169413322,43.41433649522621,0.9668855394417106,0.0233036944403633,0.765928515928516,0.048618072376628,0.964410844695904,0.0559053800862705,0.9579331317263924,0.0528566959491812,3.0459925591969537,0.2551990985829858,0.9984557002891148,0.0354463383976569,0.0237330105433164,0.7249575551782682,,,0.4961405486070596,0.1739611338917678,0.2223032417718993,1.0476130192346036,0.6960950764006791,0.7882659936078746,0.3171461265444987,266.0,0.2258064516129032,0.4834586466165414,0.5507227865030035,1.552800093142391,1.0,-0.2467226811558952,0.4244517145280504,0.4685958352806771,0.5084882553530318,-0.0195275311142268,0.9957233586573004,0.9123828940328124,0.8205128205128204,0.7272727272727274,0.9978070175438596,0.8998699609882965,0.994074074074074,0.8972691807542262,0.9782316091177335,0.947712758271926,0.9966812865497076,3.300051467306405,0.373919120934793,4.774309017802946,1.896541352621923,0.0661595629396658,0.0031391920456669,0.8092536759998264,1.6741973308225435,3.1815629666891434,0.0162570310324039,0.2624825052454501,0.6249243207482409,0.1192180293172836,0.0086655731957501,0.6254552674948477,2.5086534944114254,0.8680213894451763,0.3555230270696056,0.0631304568290016,0.5887556892560573,1.067494028151213
openml_44616_cmc_seed_3_nrows_2000_ncl,real_openml_multiclass,1.8889,3,9,295,0.0,0.0,,0.0,0.0,1178,0.2481537872846507,0.5994558695607003,0.1932477622172722,1.8909774436090223,1.5425596348750763,0.946481844636424,0.0438011792949926,0.3270767551573597,0.0913500642767397,1.538879262719534,0.1746895490632427,0.1502703604950693,1.00084961767205,0.687776169413322,43.41433649522621,0.9668855394417106,0.0233036944403633,0.765928515928516,0.048618072376628,0.964410844695904,0.0559053800862705,0.9579331317263924,0.0528566959491812,3.0459925591969537,0.2551990985829858,0.9984557002891148,0.0354463383976569,0.0237330105433164,0.7249575551782682,,,0.4961405486070596,0.1739611338917678,0.2223032417718993,1.0476130192346036,0.6960950764006791,0.7882659936078746,0.3171461265444987,266.0,0.2258064516129032,0.4834586466165414,0.5507227865030035,1.552800093142391,1.0,-0.2467226811558952,0.4244517145280504,0.4685958352806771,0.5084882553530318,-0.0195275311142268,0.9957233586573004,0.9123828940328124,0.8205128205128204,0.7272727272727274,0.9978070175438596,0.8998699609882965,0.994074074074074,0.8972691807542262,0.9782316091177335,0.947712758271926,0.9966812865497076,3.300051467306405,0.373919120934793,4.774309017802946,1.896541352621923,0.0661595629396658,0.0031391920456669,0.8092536759998264,1.6741973308225435,3.1815629666891434,0.0162570310324039,0.2624825052454501,0.6249243207482409,0.1192180293172836,0.0086655731957501,0.6254552674948477,2.5086534944114254,0.8680213894451763,0.3555230270696056,0.0631304568290016,0.5887556892560573,1.067494028151213
openml_44617_cmc_seed_4_nrows_2000_ncl,real_openml_multiclass,1.8889,3,9,295,0.0,0.0,,0.0,0.0,1178,0.2481537872846507,0.5994558695607003,0.1932477622172722,1.8909774436090223,1.5425596348750763,0.946481844636424,0.0438011792949926,0.3270767551573597,0.0913500642767397,1.538879262719534,0.1746895490632427,0.1502703604950693,1.00084961767205,0.687776169413322,43.41433649522621,0.9668855394417106,0.0233036944403633,0.765928515928516,0.048618072376628,0.964410844695904,0.0559053800862705,0.9579331317263924,0.0528566959491812,3.0459925591969537,0.2551990985829858,0.9984557002891148,0.0354463383976569,0.0237330105433164,0.7249575551782682,,,0.4961405486070596,0.1739611338917678,0.2223032417718993,1.0476130192346036,0.6960950764006791,0.7882659936078746,0.3171461265444987,266.0,0.2258064516129032,0.4834586466165414,0.5507227865030035,1.552800093142391,1.0,-0.2467226811558952,0.4244517145280504,0.4685958352806771,0.5084882553530318,-0.0195275311142268,0.9957233586573004,0.9123828940328124,0.8205128205128204,0.7272727272727274,0.9978070175438596,0.8998699609882965,0.994074074074074,0.8972691807542262,0.9782316091177335,0.947712758271926,0.9966812865497076,3.300051467306405,0.373919120934793,4.774309017802946,1.896541352621923,0.0661595629396658,0.0031391920456669,0.8092536759998264,1.6741973308225435,3.1815629666891434,0.0162570310324039,0.2624825052454501,0.6249243207482409,0.1192180293172836,0.0086655731957501,0.6254552674948477,2.5086534944114254,0.8680213894451763,0.3555230270696056,0.0631304568290016,0.5887556892560573,1.067494028151213
openml_44618_car_seed_0_nrows_2000_ncl,real_openml_multiclass,18.6154,4,6,346,0.0,0.0,,0.0,0.0,1382,1.0825055912446406,0.7746541433056934,0.8636358279118682,18.615384615384617,1.79193894075254,0.2270908284705796,0.5069562793245246,0.2284483751404341,0.2248814901324503,1.205103129912393,0.0095032726783674,0.0077403549873999,1.0007241129616236,0.029642159120893,10.517585338143691,0.9574221421522348,0.0562258264785585,0.1111111111111111,0.1956312984628779,0.5436546427116093,0.1592191462560657,0.21024352386595,0.2394393887716822,2.8824622416292804,0.3167325559662849,0.9929117598396584,0.1145798290356528,0.1034064629456004,0.2698986975397974,0.3983489984926278,0.0993752043554683,0.3745304341789997,0.7955011554733668,0.2577093495212963,,0.447178002894356,0.7520470187790951,0.4022590196878345,52.0,0.0376266280752532,0.5884615384615385,0.5459042566032297,8.651972620213662,3.0,0.9144784853389144,0.7004354113615644,0.6396538715457889,0.68378917916313,-0.0275047942406236,0.9967088416637916,0.8522929612572158,0.5000000000000001,0.0,0.719626168224299,0.2754901960784314,0.6431372549019608,0.0,0.995142655227388,0.4805136457576029,0.6301429964250894,1.9995716278761573,1.584366608308958,3.202153349908545,2.527572089625629,0.2621605364475621,0.0025214078800059,1.584698934472938,1.9991067701593663,3.1243895359043106,0.0420964780831617,0.0109278208939747,0.0251950945704501,0.0083043244230729,0.0008571727404308,0.0252133386649978,1.0326881574117677,1.007429858366082,0.9573427974042028,0.0030310900139257,0.9807539402874852,1.0225514935617614
openml_44619_car_seed_1_nrows_2000_ncl,real_openml_multiclass,18.6154,4,6,346,0.0,0.0,,0.0,0.0,1382,1.0825055912446406,0.7746541433056934,0.8636358279118682,18.615384615384617,1.79193894075254,0.2270908284705796,0.5069562793245246,0.2284483751404341,0.2248814901324503,1.205103129912393,0.0095032726783674,0.0077403549873999,1.0007241129616236,0.029642159120893,10.517585338143691,0.9574221421522348,0.0562258264785585,0.1111111111111111,0.1956312984628779,0.5436546427116093,0.1592191462560657,0.21024352386595,0.2394393887716822,2.8824622416292804,0.3167325559662849,0.9929117598396584,0.1145798290356528,0.1034064629456004,0.2698986975397974,0.3983489984926278,0.0993752043554683,0.3745304341789997,0.7955011554733668,0.2577093495212963,,0.447178002894356,0.7520470187790951,0.4022590196878345,52.0,0.0376266280752532,0.5884615384615385,0.5459042566032297,8.651972620213662,3.0,0.9144784853389144,0.7004354113615644,0.6396538715457889,0.68378917916313,-0.0275047942406236,0.9967088416637916,0.8522929612572158,0.5000000000000001,0.0,0.719626168224299,0.2754901960784314,0.6431372549019608,0.0,0.995142655227388,0.4805136457576029,0.6301429964250894,1.9995716278761573,1.584366608308958,3.202153349908545,2.527572089625629,0.2621605364475621,0.0025214078800059,1.584698934472938,1.9991067701593663,3.1243895359043106,0.0420964780831617,0.0109278208939747,0.0251950945704501,0.0083043244230729,0.0008571727404308,0.0252133386649978,1.0326881574117677,1.007429858366082,0.9573427974042028,0.0030310900139257,0.9807539402874852,1.0225514935617614
openml_44620_car_seed_2_nrows_2000_ncl,real_openml_multiclass,18.6154,4,6,346,0.0,0.0,,0.0,0.0,1382,1.0825055912446406,0.7746541433056934,0.8636358279118682,18.615384615384617,1.79193894075254,0.2270908284705796,0.5069562793245246,0.2284483751404341,0.2248814901324503,1.205103129912393,0.0095032726783674,0.0077403549873999,1.0007241129616236,0.029642159120893,10.517585338143691,0.9574221421522348,0.0562258264785585,0.1111111111111111,0.1956312984628779,0.5436546427116093,0.1592191462560657,0.21024352386595,0.2394393887716822,2.8824622416292804,0.3167325559662849,0.9929117598396584,0.1145798290356528,0.1034064629456004,0.2698986975397974,0.3983489984926278,0.0993752043554683,0.3745304341789997,0.7955011554733668,0.2577093495212963,,0.447178002894356,0.7520470187790951,0.4022590196878345,52.0,0.0376266280752532,0.5884615384615385,0.5459042566032297,8.651972620213662,3.0,0.9144784853389144,0.7004354113615644,0.6396538715457889,0.68378917916313,-0.0275047942406236,0.9967088416637916,0.8522929612572158,0.5000000000000001,0.0,0.719626168224299,0.2754901960784314,0.6431372549019608,0.0,0.995142655227388,0.4805136457576029,0.6301429964250894,1.9995716278761573,1.584366608308958,3.202153349908545,2.527572089625629,0.2621605364475621,0.0025214078800059,1.584698934472938,1.9991067701593663,3.1243895359043106,0.0420964780831617,0.0109278208939747,0.0251950945704501,0.0083043244230729,0.0008571727404308,0.0252133386649978,1.0326881574117677,1.007429858366082,0.9573427974042028,0.0030310900139257,0.9807539402874852,1.0225514935617614
openml_44621_car_seed_3_nrows_2000_ncl,real_openml_multiclass,18.6154,4,6,346,0.0,0.0,,0.0,0.0,1382,1.0825055912446406,0.7746541433056934,0.8636358279118682,18.615384615384617,1.79193894075254,0.2270908284705796,0.5069562793245246,0.2284483751404341,0.2248814901324503,1.205103129912393,0.0095032726783674,0.0077403549873999,1.0007241129616236,0.029642159120893,10.517585338143691,0.9574221421522348,0.0562258264785585,0.1111111111111111,0.1956312984628779,0.5436546427116093,0.1592191462560657,0.21024352386595,0.2394393887716822,2.8824622416292804,0.3167325559662849,0.9929117598396584,0.1145798290356528,0.1034064629456004,0.2698986975397974,0.3983489984926278,0.0993752043554683,0.3745304341789997,0.7955011554733668,0.2577093495212963,,0.447178002894356,0.7520470187790951,0.4022590196878345,52.0,0.0376266280752532,0.5884615384615385,0.5459042566032297,8.651972620213662,3.0,0.9144784853389144,0.7004354113615644,0.6396538715457889,0.68378917916313,-0.0275047942406236,0.9967088416637916,0.8522929612572158,0.5000000000000001,0.0,0.719626168224299,0.2754901960784314,0.6431372549019608,0.0,0.995142655227388,0.4805136457576029,0.6301429964250894,1.9995716278761573,1.584366608308958,3.202153349908545,2.527572089625629,0.2621605364475621,0.0025214078800059,1.584698934472938,1.9991067701593663,3.1243895359043106,0.0420964780831617,0.0109278208939747,0.0251950945704501,0.0083043244230729,0.0008571727404308,0.0252133386649978,1.0326881574117677,1.007429858366082,0.9573427974042028,0.0030310900139257,0.9807539402874852,1.0225514935617614
openml_44622_car_seed_4_nrows_2000_ncl,real_openml_multiclass,18.6154,4,6,346,0.0,0.0,,0.0,0.0,1382,1.0825055912446406,0.7746541433056934,0.8636358279118682,18.615384615384617,1.79193894075254,0.2270908284705796,0.5069562793245246,0.2284483751404341,0.2248814901324503,1.205103129912393,0.0095032726783674,0.0077403549873999,1.0007241129616236,0.029642159120893,10.517585338143691,0.9574221421522348,0.0562258264785585,0.1111111111111111,0.1956312984628779,0.5436546427116093,0.1592191462560657,0.21024352386595,0.2394393887716822,2.8824622416292804,0.3167325559662849,0.9929117598396584,0.1145798290356528,0.1034064629456004,0.2698986975397974,0.3983489984926278,0.0993752043554683,0.3745304341789997,0.7955011554733668,0.2577093495212963,,0.447178002894356,0.7520470187790951,0.4022590196878345,52.0,0.0376266280752532,0.5884615384615385,0.5459042566032297,8.651972620213662,3.0,0.9144784853389144,0.7004354113615644,0.6396538715457889,0.68378917916313,-0.0275047942406236,0.9967088416637916,0.8522929612572158,0.5000000000000001,0.0,0.719626168224299,0.2754901960784314,0.6431372549019608,0.0,0.995142655227388,0.4805136457576029,0.6301429964250894,1.9995716278761573,1.584366608308958,3.202153349908545,2.527572089625629,0.2621605364475621,0.0025214078800059,1.584698934472938,1.9991067701593663,3.1243895359043106,0.0420964780831617,0.0109278208939747,0.0251950945704501,0.0083043244230729,0.0008571727404308,0.0252133386649978,1.0326881574117677,1.007429858366082,0.9573427974042028,0.0030310900139257,0.9807539402874852,1.0225514935617614
openml_44623_mfeat-factors_seed_0_nrow,real_openml_multiclass,1.0,10,100,400,0.0,0.0,,0.0,0.0,1600,0.0,0.7107816348430194,11.33191990186826,1.0,3.4178205607294005,0.0814067133212426,0.0,0.8904826375397025,0.0753354691246625,3.321928094887362,0.2571026929007951,0.1986131314938498,1.0006253908692926,3.250739171452288,5.221568912453018,0.5056839923973291,0.1378468999269914,2.007149712679485e-14,8.044198522756294e-14,0.2666666666666666,0.2263414870278977,0.0,0.0,6.103555176112003,60.1110332778986,0.97998046875,0.6361934795047584,0.18267756827474,0.09125,0.3696019863048081,0.0754528576578795,0.2114371666054453,0.0,7.182037413102852,,0.513125,8.786453735571785e-08,1.4929241911730504,160.0,0.1,0.97875,6.449367067295361e-08,1.0,0.0,,0.186,0.9173333333333334,0.9733333333333332,-0.7639999999999998,0.8039852231698636,0.1703682917148393,4.558689325461425e-13,0.0,0.65625,0.0,0.0,0.0,0.5773378024859446,0.05625,0.478125,3.459373587794011,3.072700396802923,6.524182358533868,5.50069921892264,1.2804906450021187,0.2567298938845797,3.420637624720631,3.45913315992204,6.237714879755162,0.5033378875080319,0.7349649958662593,1.0,0.2168786981921358,6.237124689980657e-05,1.0006253908692906,24.227763091229704,0.0571950492815696,-2.007872175048005e-17,0.0958197055327871,0.0119418400618841,0.3054436879925312
openml_44624_mfeat-factors_seed_1_nrow,real_openml_multiclass,1.0,10,100,400,0.0,0.0,,0.0,0.0,1600,0.0,0.6492357231744443,10.003988654029644,1.0,3.408066455110951,0.1089926412829433,0.0,0.8869466295935914,0.0748313335161746,3.321928094887362,0.253561547065102,0.1944682391412188,1.0006253908692928,3.197365534327803,5.305730512006349,0.5113502730390556,0.1351923017900342,7.857781676483217e-14,4.209232398106809e-13,0.2980555555555556,0.2021549047344809,0.0,0.0,6.103892623530287,55.11361324573295,0.981192578125,0.6261019264680262,0.173946954162356,0.095,0.3730014627445023,0.0752618031080119,0.2073689373377987,0.0,7.124866741533355,,0.5525,1.3789191607876828e-07,1.4778200336847986,160.0,0.1,0.98125,6.131126768906228e-08,1.0,0.0,,0.186,0.906,0.9726666666666668,-0.7619999999999999,0.8469487114350945,0.246580223191436,2.811804011377342e-12,0.0,0.70625,0.0,0.0,0.0,0.5764925587113505,0.11875,0.46875,3.459373587794011,2.757621981219495,6.451900150044772,5.61151810902018,1.0009577723306,0.1696051768055086,3.4204334165572687,3.4589668299490466,6.243446137136299,0.5046217225991936,0.733561917801813,1.0,0.2103279006033446,0.000208269382881,1.0006253908692906,22.97997828813265,0.0626808530808753,6.774703841028028e-17,0.1013883399018815,0.0127004818592601,0.3555852405808646
openml_44625_mfeat-factors_seed_2_nrow,real_openml_multiclass,1.0,10,100,400,0.0,0.0,,0.0,0.0,1600,0.0,0.6054419572162448,9.831558823540686,1.0,3.4064780115404445,0.0995888802607249,0.0,0.8907249542368036,0.075919068571676,3.321928094887362,0.2454405086449544,0.1924545469015415,1.0006253908692933,3.1208014645024496,5.3283372752377405,0.5120871991968314,0.1380346142884256,5.996948267565083e-15,3.0635606772291966e-14,0.2582638888888888,0.1795140659495444,0.0,0.0,6.104960569238319,58.92944471127963,0.978065625,0.6234455371894874,0.177982414753362,0.085625,0.3691432206181467,0.0746610520883268,0.2046023003617526,0.0,7.186628136683732,,0.5075,9.076209227174441e-08,1.475810863202917,160.0,0.1,0.98125,6.421153192998901e-08,1.0,0.0,,0.1813333333333333,0.9193333333333332,0.974,-0.7626666666666666,0.8306902322535282,0.2492697529603893,1.987902666257597e-13,0.0,0.6375,0.0,0.0,0.0,0.5788961889885338,0.090625,0.38125,3.459323666529692,3.0547446199877863,6.524182358533868,5.61151810902018,1.014440366531811,0.2365886068867153,3.4204334165572687,3.4590764890563106,6.254533899885621,0.4967243437155899,0.728080929436672,0.999997191554669,0.2029472372580233,6.237124689980657e-05,1.000622580667582,23.06974228756974,0.0704133332100341,2.3155716521676265e-06,0.0917304478521973,0.0157545307309353,0.3394615971477446
openml_44626_mfeat-factors_seed_3_nrow,real_openml_multiclass,1.0,10,100,400,0.0,0.0,,0.0,0.0,1600,0.0,0.7248343971860939,10.8074777891558,1.0,3.3930657599861203,0.1246370937539687,0.0,0.8844343138920457,0.0814530043977979,3.321928094887362,0.2521687597898993,0.1966908233018306,1.0006253908692937,3.1999453652153664,5.361941594827776,0.5141185469715595,0.1473771372465969,7.629545150173615e-14,4.948312604972734e-13,0.2480555555555555,0.2111560199027288,0.0,0.0,6.095455570813888,55.84696341842551,0.97939765625,0.6195382840595938,0.189058959792886,0.105,0.3704341430764516,0.0767440727926676,0.2073689373377987,0.0,7.093093235710665,,0.53,1.449347048948334e-07,1.445896627665234,160.0,0.1,0.98625,5.814010567431457e-08,1.0,0.0,,0.1913333333333333,0.9226666666666667,0.9733333333333332,-0.7479999999999999,0.9122103793641396,0.1703682917148393,3.321512426216119e-12,0.0,0.6375,0.0,0.0,0.0,0.6003022992210505,0.0625,0.415625,3.459373587794011,2.757621981219495,6.450299995761276,5.50069921892264,1.2804906450021187,0.1696051768055086,3.4090671287494736,3.4590022235724014,6.221305474277916,0.4925262279694002,0.7029355046063277,1.0,0.211875199795281,1.7528680196413665e-05,1.0006253908692937,24.706189710349896,0.0635365554938987,1.7238809361136194e-16,0.0973800009685558,0.0157036300855883,0.3617222079989714
openml_44627_mfeat-factors_seed_4_nrow,real_openml_multiclass,1.0,10,100,400,0.0,0.0,,0.0,0.0,1600,0.0,0.5938509901415608,10.086398829436217,1.0,3.408511441264204,0.0842372805623202,0.0,0.8871067934114675,0.0783690113456798,3.321928094887362,0.2618410160635812,0.1955694421237446,1.0006253908692937,3.270076809420777,5.15758202926856,0.4930767567611479,0.1272686501520114,1.5725172710499058e-14,7.60297530618843e-14,0.2656944444444444,0.193900565682113,0.0,0.0,6.08635320344064,58.913340331169,0.98081796875,0.644086332710926,0.168713183384988,0.095625,0.3728642883151057,0.0764249647208286,0.2073689373377987,0.0,7.131759781765379,,0.555625,1.1050288968172708e-07,1.531707970851549,160.0,0.1,0.9775,5.527973198316053e-08,1.0,0.0,,0.196,0.9053333333333334,0.9693333333333332,-0.7546666666666666,0.8173692368932872,0.2441929585173243,4.728401550791679e-13,0.0,0.6375,0.0,0.0,0.0,0.5642530025204964,0.08125,0.4125,3.459373587794011,3.072700396802923,6.451900150044772,5.61151810902018,1.0775558135687255,0.215289519834597,3.407928562403427,3.459036405733728,6.221305474277916,0.521811644923283,0.7214730000059459,1.0,0.2234656888068811,0.0002636232888286,1.0006253908692906,25.669054859863515,0.0625700332929689,2.972503145887947e-18,0.1066649826183893,0.0157492989607371,0.3329919230429845
openml_44633_segment_seed_0_nrows_2000,real_openml_multiclass,1.0035,7,16,400,0.0,0.0,,0.0,0.0,1600,0.002165063509461,1.0735545133331126,31.923397730163806,1.0043859649122806,3.0770478785208355,1.043231012741526,9.113626878720638e-07,0.6636824370616109,0.3147584479614248,2.807351540033797,0.307013701598166,0.3473069333442046,1.000625390869296,1.851018869544492,3.0640677506251026,0.449150102690415,0.405696372880716,4.8557621563902125e-06,1.743361829405527e-05,0.2346664165023032,0.2996229739836376,0.052685963632641,0.1625320688001954,4.968182229995056,44.156582982313175,0.954415625,0.9162171885595763,0.5303256317887732,0.185,,,0.2844714660724004,0.002165063509461,3.13821066639966,14.825046570880271,0.22375,0.0003573236359618,1.0624339112948866,228.0,0.1425,0.8394736842105264,22.29088845027933,1.0025062656641606,3.0,-0.2886751345948867,0.2856180902635257,0.7036630154552747,0.8274313016930783,-0.5571987348190357,0.9756951124776512,0.0581808979444773,7.994495690867977e-05,0.0,0.881578947368421,0.0,0.6271929824561403,0.0,0.9200299108582004,0.0,0.5120350109409191,3.459423167090096,0.2365313365689275,5.943828202758077,3.017293355396533,1.4444586002878452,0.0265446167050695,3.45712624595696,3.4593766232638954,5.351629520879804,0.435592784100983,0.2246705223994644,0.9985649593844654,0.0893956447532621,0.0002553659055546,0.9991894527924624,7.354232257956151,0.4140532308400552,2.539472760049303e-12,0.0204623370814304,0.0002495532278528,0.9042148249771712
openml_44634_segment_seed_1_nrows_2000,real_openml_multiclass,1.0035,7,16,400,0.0,0.0,,0.0,0.0,1600,0.002165063509461,1.112335553292542,31.17559417440096,1.0043859649122806,3.0756494198797784,1.0466262562668036,9.113626878720638e-07,0.6726691424180427,0.3022602163126009,2.807351540033797,0.3134818420108011,0.3482029524991362,1.000625390869294,1.8709534358151825,3.037923255258571,0.4489856157245562,0.3996561667124134,7.96886297490337e-06,3.140485028422604e-05,0.2525846006854925,0.3020462448494143,0.0557095693281343,0.1653287300791106,4.958898767676052,44.58511452238854,0.95361796875,0.9241021922375228,0.5304366991565426,0.176875,,,0.2733040833050606,0.002165063509461,3.1717088427952507,10.500540608629215,0.23,0.0003426069082692,1.0904692731024273,228.0,0.1425,0.8482456140350876,35.02512328120421,1.0025062656641606,3.0,-0.2886751345948867,0.2836140822474937,0.7163899418649883,0.8408020860999107,-0.5839523759701464,0.96673635058054,0.0567505721208742,0.0001447381171057,0.0,0.8925438596491229,0.0,0.6447368421052632,0.0,0.9076603648905696,0.0,0.5098468271334792,3.459423167090096,0.2422921890824148,5.936364701586498,3.022425137743332,1.4551842760614822,0.0272185913728799,3.4572199326606032,3.459351875919655,5.322962367456905,0.4393590420764295,0.2514896269532972,0.9986246486092772,0.1019864652483856,0.0003142348266003,0.9992491793463676,7.3764852482697885,0.3661499758421348,2.6668239555639448e-12,0.0254800616034231,0.0002438201560595,0.9018580760311218
openml_44635_segment_seed_2_nrows_2000,real_openml_multiclass,1.0035,7,16,400,0.0,0.0,,0.0,0.0,1600,0.002165063509461,1.094723422174393,34.32943548012623,1.0043859649122806,3.075321947461966,1.047257062564512,9.113626878720638e-07,0.6652291503477653,0.3120913238833956,2.807351540033797,0.3091759520731231,0.3456190643101363,1.000625390869291,1.851765336205542,3.072157666855239,0.4517577356435809,0.4024157956136759,5.319111896211903e-06,1.7858688805880613e-05,0.2252525085068296,0.303917806842204,0.0592645537716516,0.1837143807892667,4.968868974686531,44.77674766333045,0.952856640625,0.9138045128092316,0.5266890165401692,0.18375,,,0.2826547072882745,0.002165063509461,3.142183907050911,,0.2275,0.0003498548602493,1.090491440936622,228.0,0.1425,0.7210526315789474,6.081446742278682,1.0025062656641606,3.0,-0.2886751345948867,0.284950087591515,0.7130298079425249,0.8227230900891476,-0.557192027964899,0.971929905682635,0.0564564661285749,8.190047181673957e-05,0.0,0.8864628820960698,0.0,0.7183406113537117,0.0,0.9141115508632958,0.0,0.5065502183406113,3.459423167090096,0.2394192126777184,5.931355329342758,3.0135056684671206,1.4433101262522934,0.0276127575763025,3.456395355663737,3.459307115483103,5.356974789822425,0.4269686997383404,0.2337490437822789,0.9986437931138448,0.0967690294749843,0.0003201821364978,0.9992683358237364,7.331693183151804,0.4029372965815843,2.5429542292508386e-12,0.0253091155237381,0.0002391842878201,0.9182939614133494
openml_44636_segment_seed_3_nrows_2000,real_openml_multiclass,1.0035,7,16,400,0.0,0.0,,0.0,0.0,1600,0.002165063509461,1.1287264035177789,29.32849833272002,1.0043859649122806,3.0759097801848285,1.0468083549578595,9.113626878720638e-07,0.6722432364380793,0.3037704011706352,2.807351540033797,0.3133886037820587,0.3476416610493573,1.0006253908692897,1.8690440317944288,3.0497519664306463,0.4526069497148094,0.404716921335903,4.6631796222872505e-06,1.6800708090991435e-05,0.2435075889616383,0.2922798392934164,0.0532458059810357,0.1621846253619238,4.962743333531514,41.142022768299846,0.95216328125,0.9205179866871112,0.527887720463814,0.18625,,,0.2862712341682187,0.002165063509461,3.172848096757304,,0.2175,0.000391662825773,1.0632692162875714,228.0,0.1425,0.9894736842105264,5.26246327722809,1.0025062656641606,3.0,-0.2886751345948867,0.2856180902635257,0.715731328788769,0.832780688552473,-0.5705708605966954,0.9784997109023968,0.0635236446425167,7.744240652290693e-05,0.0,0.8971553610503282,0.0,0.6433260393873085,0.0,0.9209240520641117,0.0,0.4967177242888402,3.459423167090096,0.2307099556914764,5.93317430689221,3.0192216900267037,1.4235015420468438,0.0188398056985699,3.4578845734865347,3.459358211771305,5.323709050858263,0.4327006767464112,0.2423947882905326,0.9986687030026624,0.0909888837418674,0.0015660228235849,0.9992932612909688,7.371374054636391,0.3565993339762406,2.607716653252e-12,0.0297847757621112,0.0002540921255895,0.9095104828245656
openml_44637_segment_seed_4_nrows_2000,real_openml_multiclass,1.0035,7,16,400,0.0,0.0,,0.0,0.0,1600,0.002165063509461,1.10397845307211,31.505190099290623,1.0043859649122806,3.078088135524584,1.0410770097101767,9.113626878720638e-07,0.669812467489188,0.3058988857122959,2.807351540033797,0.3061286545944476,0.3496182093016529,1.0006253908692908,1.8555773285142287,3.0671829156331847,0.4484939918784878,0.4035165982313557,7.563813448318379e-06,3.224450672928468e-05,0.2516219492478629,0.2999759870758482,0.05241221214963,0.1702492448768838,4.970153037215114,43.74007041091309,0.95324453125,0.9152866383432668,0.5318580671560631,0.163125,,,0.2752109884799525,0.002165063509461,3.159763091023848,,0.223125,0.0003468710743869,1.0923483157875364,228.0,0.1425,0.9894736842105264,5.584483287182567,1.0025062656641606,3.0,-0.2886751345948867,0.2856180902635257,0.7163899418649883,0.8387766161506414,-0.5739095325859215,0.971480252605694,0.0587414860994805,0.000148229969778,0.0,0.8796498905908097,0.0,0.6761487964989059,0.0,0.9072359792369964,0.0,0.5065502183406113,3.459423167090096,0.2248261093457359,5.942589266132939,3.007590040122095,1.4512293471869633,0.0245876092574377,3.4566813799660228,3.4592183430107206,5.35571430534269,0.4200324627084151,0.2551313334182026,0.9986898645703866,0.088380945512204,0.0004971010813755,0.9993144360929442,7.354748301421758,0.4101203132844866,2.6375585893704075e-12,0.0185467354656734,0.0002230033245247,0.9375714704986872
openml_44638_dna_seed_0_nrows_2000_ncl,real_openml_multiclass,2.1625,3,100,400,0.0,0.0,,0.0,0.0,1600,0.393331126406238,0.3726550073940595,2.204217351862344,2.161458333333333,0.8054351034875523,0.0627513765846426,0.1236621992168585,0.7523582206076018,0.055019711139979,1.4802330251266864,0.0342281145451742,0.0428686594655821,1.0006253908692933,0.5488787848796346,70.25634727328156,0.9756433319964164,0.0554804695320071,0.3333333333333333,0.5773502691896258,0.7511392116655274,0.2436033272305982,0.6472431077694235,0.3084100943982201,2.26459909951472,2.711217050494174,0.998309375,0.021069029099519,0.0500028133826349,0.511875,0.4366010572533851,0.1476688925086864,0.4759227894979155,0.3060646776288319,1.1351129528456003,,0.911875,0.1835803865295654,0.2887772296634667,384.0,0.24,0.7286458333333333,8.305868932206943,1.77230857800806,2.0,0.7070585764817096,0.6344261857047427,0.8245544422177687,0.8412398129592518,0.083384101536406,0.9999402462872908,0.615936115669839,1.0,0.0,1.0,0.5131578947368421,1.0,0.4285714285714285,0.997273295968624,0.6267088174982912,0.8701298701298701,0.9999898560267187,0.6446739597380446,2.359381166867349,2.042510004953659,0.3389624872841428,4.290538075002459e-05,0.7632931887429442,0.8401150897014005,2.312808810113259,0.0019596488182461,0.7134534097615975,0.478232521100454,0.0244705942339306,3.330669073875434e-18,0.4785316033525478,3.0391983103701685,0.940938762446606,0.1919262842791337,0.0120871437539338,0.5687572496816794,1.3189883978950547
openml_44639_dna_seed_1_nrows_2000_ncl,real_openml_multiclass,2.1625,3,100,400,0.0,0.0,,0.0,0.0,1600,0.393331126406238,0.1215410050103554,0.7803772005918673,2.161458333333333,0.7991216798296068,0.0639102076902238,0.1236621992168585,0.7376681345609523,0.0034094728077706,1.4802330251266864,0.0347371990256812,0.0412044177487954,1.0006253908692944,0.539237203940081,79.35562730028937,0.9779066030366392,0.0363722806642409,0.0,0.0,0.8458740221453739,0.0210603294110811,0.6458825885197492,0.0836284386761433,2.2607015473229306,2.3877723884223907,0.998437109375,0.0186531576333628,0.0304366369021306,0.57,0.4400697787311562,0.1464871988164118,0.4884596918314652,0.3060646776288319,1.088320177998097,,0.91,0.207777373413322,0.2986073219873267,384.0,0.24,0.7963541666666666,8.344833283589438,1.77230857800806,2.0,0.7070585764817096,0.5870554442217769,0.7171649966599866,0.8265624582498331,0.0200200400801604,0.9999892098024304,0.7824916990919779,0.0,0.0,0.8701298701298701,0.8322368421052632,0.7158154859967051,0.5532467532467532,0.996281185255086,0.8337460981531258,0.8526926121654292,0.9713150221528496,0.560856376219103,2.360926848722999,1.9353299296693804,0.1602952814186551,7.687052050897591e-06,0.7758259004732616,0.8396652408658088,2.3119822798824923,0.0026594750347128,0.7352572732183065,0.4291191239112907,0.0258313630249231,5.717648576819512e-17,0.429387491093228,3.227274824304484,0.9259019853448928,0.221233674444102,0.0119705330864613,0.5808711729688427,1.3065357461675895
openml_44640_dna_seed_2_nrows_2000_ncl,real_openml_multiclass,2.1625,3,100,400,0.0,0.0,,0.0,0.0,1600,0.393331126406238,0.3967702825142074,2.2079153878188875,2.161458333333333,0.8004868721784909,0.065887111263415,0.1236621992168585,0.7807345912283802,0.0569413461312914,1.4802330251266864,0.0351733743276166,0.0419468231004675,1.0006253908692917,0.5477312950464921,64.54382666813292,0.9732452749581988,0.0619283984842913,0.3333333333333333,0.5773502691896258,0.9035586124401912,0.0839319373949325,0.8983638072453862,0.088020980648514,2.2577861311878125,3.281688112438884,0.9981546875,0.0229337661173646,0.0545062265874093,0.475625,0.4305215873938161,0.150623102277934,0.4641611692013577,0.3060646776288319,1.2223353207803354,1.9183368739795563,0.9025,0.1472379024782227,0.2942016150887024,384.0,0.24,0.7635416666666667,8.600427480947813,1.77230857800806,2.0,0.7070585764817096,0.6250848363393454,0.8225290581162324,0.8612358049432197,0.0253306613226453,0.9999508600768534,0.5371071233336641,1.0,0.0,1.0,0.8470394736842105,1.0,0.8470394736842105,0.9968739147675112,0.8553379186602871,0.931818181818182,0.99994477112571,0.584238811642856,2.351794133945972,1.958988048755535,0.3980468041114435,3.534664585203018e-05,0.7632931887429442,0.847672670970384,2.3147193769071928,0.0022195293272774,0.7404709792490536,0.4673868588554363,0.0264848196211358,1.1102230246251637e-18,0.4676791583293969,3.25886428743977,0.9213261143390284,0.1898328457886246,0.0125049814504986,0.580482673394213,1.3097752032379837
openml_44641_dna_seed_3_nrows_2000_ncl,real_openml_multiclass,2.1625,3,100,400,0.0,0.0,,0.0,0.0,1600,0.393331126406238,0.4535260261944253,0.5494623210932525,2.161458333333333,0.8022117601153351,0.0569567094813696,0.1236621992168585,0.7097334657532495,0.0443402458463556,1.4802330251266864,0.0342284806411224,0.0424196576837839,1.0006253908692953,0.5453778070634238,93.06045763749871,0.98092171765201,0.0294384869900568,0.0,0.0,0.8621347226648318,0.0541624346858217,0.7742559347860439,0.0980491535636872,2.2665386414006417,2.070862571548809,0.99852265625,0.0159061438413798,0.0253295294852822,0.584375,0.4381369249556354,0.1515697235829265,0.4892704297941163,0.3060646776288319,1.0094092422219534,1.8698063440196908,0.905625,0.2433368212184977,0.2837267897848294,384.0,0.24,0.8041666666666666,8.036960357510603,1.77230857800806,2.0,0.7070585764817096,0.5897408149632598,0.6497568470273881,0.7792104208416833,0.006012024048096,0.9998542234698816,0.7877599394364599,0.0,0.0,0.9246753246753248,0.8305921052631579,0.8311367380560132,0.6610389610389611,0.9971353428954436,0.8308644216595855,0.8779060313656689,0.9716771029323628,0.5939760926692158,2.3678949545892785,1.962500642093344,0.1565989615371723,0.0001046570811924,0.7647062276081578,0.8401150897014005,2.3145143955617757,0.0020670194753744,0.6783801772358128,0.4459963192343179,0.0250233438803337,1.589560737199742e-05,0.4462752412601102,3.079954721392572,0.9314564787805126,0.2148576934295485,0.0119953721340552,0.5700160233811006,1.357305747264229
openml_44642_dna_seed_4_nrows_2000_ncl,real_openml_multiclass,2.1625,3,100,400,0.0,0.0,,0.0,0.0,1600,0.393331126406238,0.3831746767094007,2.1521821554893763,2.161458333333333,0.8110411085816552,0.0646533857817251,0.1236621992168585,0.7462755962334005,0.0485310461919724,1.4802330251266864,0.0345673755638457,0.0433328101119255,1.0006253908692957,0.5546260424527695,71.85982044844175,0.9757497598479756,0.0575236151740768,0.0,0.0,0.6932148989554912,0.1611421161409541,0.5443527780999601,0.139037029711593,2.2706752369133136,2.587594146657458,0.998212109375,0.0205988967950278,0.0511317128057976,0.510625,0.4371680909093227,0.1500650709385541,0.4708099151835557,0.3060646776288319,1.1162097935115225,2.44525716281897,0.899375,0.1926478625255922,0.2864886937565309,384.0,0.24,0.7692708333333332,7.7261824310742355,1.77230857800806,2.0,0.7070585764817096,0.6250941883767535,0.7451863727454909,0.8318931195724782,0.0387080828323312,0.9999435449763796,0.6277934827813421,0.0,0.0,0.8187808896210873,0.5115131578947368,0.6968698517298187,0.4246753246753246,0.9975061777867126,0.6304319036226931,0.7840657694858684,0.9998095107863564,0.6003758148579871,2.3591873422933816,1.9730873321891989,0.3351395602561164,4.072110640906956e-05,0.7680760424595696,0.8487663484759919,2.3229833616000537,0.0018045969735021,0.7119589643729792,0.4666675465549278,0.025006019512439,3.104744997694168e-05,0.466959396177538,3.166952020613645,0.9283818529193242,0.199166342579547,0.011879536882441,0.5699229028241335,1.3353675328979489
openml_44663_first-order-theorem-provi,real_openml_multiclass,5.2516,6,51,400,0.0,0.0,,0.0,0.0,1600,0.6977911578688856,0.4191187319375836,0.1748319055461878,5.25984251968504,2.844664654597353,0.7655763936471129,0.1333012307529122,0.3242084399997341,0.111665856994904,2.2999009494867684,0.2441420580994931,0.2178289264325204,1.0006253908692913,2.337675098402288,23.37921377017687,0.9791763901238484,0.0156064325077297,2.215085120133888e-08,5.4899932236632544e-08,0.9356259013509668,0.0266326370477142,0.3478203011017805,0.1797468320689468,5.0461918532773,0.6872359974700972,0.9979375,0.0983737508068206,0.0300180336929113,0.663125,,,0.4993992638815945,0.5659425971877398,0.5754326173089315,,0.669375,0.534043065873567,0.394515774192697,127.0,0.079375,0.3669291338582678,9.28951943386817,2.264333447401424,4.0,1.5338559453655618,0.4181696726786907,0.1783567134268537,0.4442217768871075,-0.0754843019372077,0.9973021601802514,0.9230146267916208,2.093414036703257e-07,6.384819203846575e-22,0.9716684155299056,0.8739495798319328,0.6663168940188877,0.0,0.9902475252639668,0.9246053200692042,0.9573103553754786,3.459423167090096,0.676313559431441,5.698115751304836,2.938558997556839,0.1536082710707926,0.0131905769589137,2.475990873587897,3.4556930433501103,5.636284349419732,0.0830867295332238,0.1928000371828791,1.0,0.1861470310400095,2.1465485439139463e-05,1.0006253908692893,15.208049648171391,0.1792484122699739,-2.7305625864351514e-16,0.0637232522336667,0.0403698656400388,0.9083179516963272
openml_44664_first-order-theorem-provi,real_openml_multiclass,5.2516,6,51,400,0.0,0.0,,0.0,0.0,1600,0.6977911578688856,0.4752720988517974,0.1735082175122029,5.25984251968504,2.8563113270299976,0.7704210226641345,0.1333012307529122,0.3206130999551057,0.090563439890926,2.2999009494867684,0.2399679163979662,0.2148295491103227,1.000625390869294,2.301157134343711,23.41236071782135,0.9778060755479318,0.0160991759460648,5.376409309936864e-06,1.2283915881955948e-05,0.9462887572788375,0.0211192345767319,0.4267918404807533,0.2004340237126569,5.057977802120679,0.6371657169786366,0.998203515625,0.0982344743960867,0.0364882233002963,0.671875,,,0.4998713874613165,0.5659425971877398,0.5467707458936223,,0.6775,0.5547679444624347,0.4779122060268323,127.0,0.079375,0.3559055118110237,7.592958312721413,2.264333447401424,4.0,1.5338559453655618,0.4181696726786907,0.1623246492985972,0.4742818971275884,-0.0688042752171008,0.9981607134590832,0.932377381616794,4.007589984355053e-05,2.174190799361492e-22,0.9800629590766002,0.8973214285714286,0.7733473242392445,0.1323076923076923,0.9890810273043042,0.9342636495939158,0.9600185724536744,3.459423167090096,0.6847895738233728,5.682930689777288,2.959844710263057,0.1637014364118156,0.0090063557102046,2.471486952322058,3.4553247328607304,5.627885800258294,0.0745949163056689,0.2360641568297184,1.0,0.1811276132435888,0.0004239682065435,1.0006253908692853,14.81468917996748,0.1704974295423027,7.854597998246267e-17,0.0668266355637031,0.0418733349084922,0.9238225621399808
openml_44665_first-order-theorem-provi,real_openml_multiclass,5.2516,6,51,400,0.0,0.0,,0.0,0.0,1600,0.6977911578688856,0.4724098518712948,0.1626682842968434,5.25984251968504,2.864143214152467,0.7522790082264543,0.1333012307529122,0.3171186473312246,0.1084801634726062,2.2999009494867684,0.2487637202814618,0.2166219000397116,1.000625390869293,2.3567549590977617,22.47603212122359,0.977564348522312,0.0170544578273129,2.822150854960201e-07,6.563065971903097e-07,0.944148372294011,0.0298419498325802,0.4443353733430863,0.1556774455088763,5.0617173411341625,0.6552035431994799,0.998253125,0.1023268225050731,0.0348019076260361,0.68,,,0.5000297051838934,0.5659425971877398,0.5498929658941016,,0.67125,0.5495759068765694,0.3996748459302336,127.0,0.079375,0.373228346456693,8.790463875067,2.264333447401424,4.0,1.5338559453655618,0.4181696726786907,0.1957247828991316,0.4595858383433533,-0.0420841683366733,0.996465032115094,0.9118366645163976,2.5299453296763064e-06,2.475617331156892e-13,0.977628635346756,0.8615916955017301,0.6726128016789087,0.1072664359861591,0.9881518342952826,0.9325372746185854,0.9652610441767068,3.459423167090096,0.6724191399885977,5.687887907727993,2.9640514144150374,0.1685729756270548,0.0082686750603286,2.5017339851309948,3.454855153535315,5.617234047583823,0.0851645353081413,0.2033621531024017,0.9999999999999998,0.1797629549625844,4.170176692959038e-05,1.00062539086929,15.573668690876096,0.2105401413375987,1.4955561187362175e-16,0.077359962855637,0.0429920361493484,0.8967314185331863
openml_44666_first-order-theorem-provi,real_openml_multiclass,5.2516,6,51,400,0.0,0.0,,0.0,0.0,1600,0.6977911578688856,0.5038214972517969,0.1597212994302697,5.25984251968504,2.838153684959549,0.7637479384092953,0.1333012307529122,0.3203976562305376,0.0977663421691083,2.2999009494867684,0.248055752149036,0.2132827901288194,1.000625390869294,2.337325092168132,23.16611149358172,0.9786894319453944,0.0147171238610068,2.273503631891237e-06,6.63654744906485e-06,0.952004356824529,0.0119587052639039,0.4085073808620009,0.1662708943472826,5.0387759553238425,0.6503551711383554,0.99795,0.0992786791224745,0.0362442132583639,0.666875,,,0.5001528065438436,0.5659425971877398,0.5515063212346177,,0.68125,0.5501815317194808,0.3589865496753336,127.0,0.079375,0.3748031496062993,8.442763461316332,2.264333447401424,4.0,1.5338559453655618,0.4101536406145624,0.2338009352037408,0.4509018036072144,-0.0547762191048764,0.9966794418951704,0.9231845857917216,2.5521231575545627e-05,8.357527119426399e-16,0.9723076923076924,0.9326113116726836,0.7093389296956978,0.1,0.987846935376652,0.947187390132427,0.9587049667715986,3.459423167090096,0.6826712633361288,5.6875784633240425,2.975602623709096,0.1661579203204555,0.0069695891138015,2.499463563753463,3.457708949594045,5.622312653394216,0.0817322409695453,0.2208570384792414,1.0,0.1898034349292249,0.0002669628017518,1.000625390869287,15.22201356535949,0.1830717174564272,1.8347949181134078e-17,0.0842455321003564,0.0422655255749401,0.915717837922924
openml_44667_first-order-theorem-provi,real_openml_multiclass,5.2516,6,51,400,0.0,0.0,,0.0,0.0,1600,0.6977911578688856,0.4043579359176448,0.1672244738263867,5.25984251968504,2.8396187194633016,0.7704694074960148,0.1333012307529122,0.3212616856262675,0.1079023628013119,2.2999009494867684,0.2448690157718968,0.2181140392840597,1.0006253908692917,2.342908331675577,23.659865882611232,0.9770286194485394,0.0164153842652801,2.645027382338873e-06,9.98992447776766e-06,0.9470975426779566,0.0150676028669017,0.3840569247923964,0.1745103195715257,5.04231282251663,0.6762101589152657,0.997981640625,0.0972068464334396,0.0367176404592382,0.66875,,,0.5001313148389647,0.5659425971877398,0.5626170328495775,,0.666875,0.540726208636256,0.4633371488329298,127.0,0.079375,0.3496062992125985,11.33959841061845,2.264333447401424,4.0,1.5338559453655618,0.4114896459585838,0.1683366733466934,0.4609218436873747,-0.0694722778891115,0.9979417331876318,0.9246912381473944,3.875369833634989e-05,5.519451996133742e-18,0.9723270440251572,0.9238754325259516,0.683105981112277,0.0379310344827586,0.9883601847389978,0.9346285671308234,0.9593838441012372,3.459423167090096,0.673304433466334,5.685478906363303,2.9612671965612227,0.1638906110627918,0.0102831367868096,2.4809441095728118,3.4560545674560763,5.624135139701503,0.0752235025304126,0.2236301362446668,1.0,0.184555718411415,2.808972723899812e-05,1.0006253908693037,15.21817174138702,0.1822219460285593,3.735560149177381e-16,0.063952832815461,0.0374110255410634,0.9271909269779416
openml_44668_GesturePhaseSegmentationP,real_openml_multiclass,2.9604,5,32,400,0.0,0.0,,0.0,0.0,1600,0.41088699784734,0.5843649561609949,0.3846944354573571,2.950617283950617,3.459422005102792,3.6705732629469513e-06,0.050297204577709,0.2901787573491833,0.1627729579946579,2.1935789632068894,0.1161396479921537,0.1699397087731849,1.0006253908692937,1.1643042130445964,13.64872974822711,0.9667301530346476,0.0481756933428486,4.857963860552222e-07,1.1833222518071238e-06,0.8928091481071283,0.0520258013817568,0.5029266063655785,0.1665980091579729,5.492284256669038,0.5091125303954797,0.998559765625,0.1607167116406435,0.0708321749732097,0.694375,0.4870108720402765,0.0825944539779336,0.5000797309788059,0.3482636565640809,0.4162999524298567,1.5713287197077843,0.900625,0.6318946967435554,0.246228201692135,162.0,0.10125,0.4148148148148148,6.345465196056587,1.9835339037790016,2.0,-0.0942645269617465,0.4445891783567133,0.3497368069472278,0.4352451569806279,-0.0033507014028056,0.999738102863409,0.8264118892911699,3.711469883979897e-06,9.112281955256556e-20,0.9767726161369192,0.803125,0.7750611246943765,0.165680473372781,0.9962863481388404,0.87459152613533,0.9224895099921768,3.459423167090096,3.459410772558852,5.593824502639186,5.308280401445105,0.3447217288518809,0.0591776276577995,3.459423167090096,3.459423167090096,5.541564391099631,0.1114284432989216,0.1195397408362745,0.9466311195997684,0.0542354601258421,0.0004060480861373,0.9472231340585544,4.859991847446525,0.460145034229971,0.0333036700467029,0.0236502905218023,0.1238406111040688,1.6122615407588978
openml_44669_GesturePhaseSegmentationP,real_openml_multiclass,2.9604,5,32,400,0.0,0.0,,0.0,0.0,1600,0.41088699784734,0.5410840904216742,0.4433068187160011,2.950617283950617,3.4594221981018185,3.192093573431944e-06,0.050297204577709,0.3027684224662359,0.1622028755800884,2.1935789632068894,0.1056419573437593,0.1664762456126527,1.0006253908692933,1.11523639405278,13.702865021974862,0.9618087014723103,0.0541822233056422,2.300309903919432e-07,4.69348789538432e-07,0.8691109315584631,0.0793588783640524,0.4737432886620215,0.1563879468971934,5.492919385731913,0.5486996827318984,0.99856640625,0.1600817755767946,0.0714213058082587,0.68,0.4858638021007344,0.0780226678532784,0.4997044154440292,0.3482636565640809,0.4456041891101214,1.5046163712926663,0.895,0.610779069574834,0.2358321564160838,162.0,0.10125,0.3851851851851851,8.579420289660774,1.9835339037790016,2.0,-0.0942645269617465,0.4492705410821644,0.415879759519038,0.4232344689378757,0.0106800267201069,0.999891593717634,0.8103421644282484,1.1604786414390217e-06,1.9344539968899846e-14,0.960880195599022,0.7453125,0.7004889975550123,0.2011834319526627,0.9976252976636144,0.8121655390273226,0.929734649169906,3.459423167090096,3.459410772558852,5.5999644265801605,5.31189595687874,0.3411061734182459,0.053025309185581,3.459423167090096,3.459423167090096,5.5450729417554125,0.1079291885415727,0.1442934380619412,0.9432694428679246,0.0448067023247992,0.0003857685578482,0.943859354964778,4.56788569047345,0.4983541562514169,0.0317342244714178,0.0195435574473203,0.1539100913350395,1.4860190709384111
openml_44670_GesturePhaseSegmentationP,real_openml_multiclass,2.9604,5,32,400,0.0,0.0,,0.0,0.0,1600,0.41088699784734,0.5651303822701044,0.40175859358744,2.950617283950617,3.459422972760021,1.0992969109832054e-06,0.050297204577709,0.2959773975177498,0.1540913985206036,2.1935789632068894,0.109185579138619,0.1682245324518619,1.0006253908692937,1.1343957771076243,14.783796761777642,0.9632734115216872,0.0500726523570296,2.238454771320759e-07,3.607728215972976e-07,0.8798671206287769,0.058794137462879,0.4950393581869037,0.1806066085707272,5.504624695765786,0.5108902230532726,0.99855703125,0.1483772402011246,0.0684618897882457,0.670625,0.4876884252113498,0.0778845697412904,0.4995917658026261,0.3482636565640809,0.4216429566596268,1.5424625422025553,0.898125,0.6294378526438655,0.2858264258451076,162.0,0.10125,0.4246913580246914,7.725133694234585,1.9835339037790016,2.0,-0.0942645269617465,0.4339078156312625,0.3744716098864395,0.4299171676686706,-0.0053520374081496,0.9997600055702296,0.8173981262957019,8.366269002869171e-07,4.7874409876254345e-17,0.9570957095709572,0.7935483870967742,0.7078239608801956,0.0769230769230769,0.998070462739154,0.8330082038709069,0.9111994168266836,3.459423167090096,3.4594169485276938,5.59453573192745,5.326787866303454,0.3262142639935312,0.0584663983695357,3.459423167090096,3.459423167090096,5.553892237946053,0.0991098923509323,0.1336528945002127,0.9452215484174764,0.0492338774822499,0.0004956000079011,0.9458126813433168,4.640006678720176,0.5254915219970178,0.0347230489493476,0.0234454276607361,0.1335062979393112,1.5323176729220565
openml_44671_GesturePhaseSegmentationP,real_openml_multiclass,2.9604,5,32,400,0.0,0.0,,0.0,0.0,1600,0.41088699784734,0.5844122515226139,0.3529840607519994,2.950617283950617,3.4594227797609944,2.191064273068752e-06,0.050297204577709,0.2810158021211394,0.1601861906486405,2.1935789632068894,0.1095622997898966,0.1760648715339173,1.0006253908692933,1.1729479378099588,14.441192190574032,0.9678872897878076,0.0451636882706977,1.1171339117302434e-06,2.43807187932178e-06,0.9095451812453116,0.0444618395038328,0.5047418274048079,0.1727562574068405,5.501104383369093,0.4727470523326456,0.998611328125,0.1518973595987919,0.0660874303209845,0.7075,0.4891643955656379,0.0792845205383745,0.5001172470411238,0.3482636565640809,0.3928583711907175,1.5189274023350838,0.889375,0.6505023107597403,0.2387833070572039,162.0,0.10125,0.3950617283950617,8.044803907737874,1.9835339037790016,2.0,-0.0942645269617465,0.4259038076152304,0.3518610554442218,0.4225597862391448,-0.0333841015364062,0.9993487261511927,0.8390063539254414,7.199019708012906e-06,4.673055647707908e-14,0.9743276283618582,0.851409978308026,0.784841075794621,0.1331360946745562,0.9976772494114332,0.8715863586470445,0.9471108316069844,3.459423167090096,3.459410772558852,5.58779718050744,5.321064469017912,0.3319376612790732,0.0652049497895452,3.459423167090096,3.459423167090096,5.546982978574218,0.1060191517227673,0.1357199059965045,0.9467128933047012,0.0398906449055804,1.4075412131375736e-06,0.947304958904016,4.990666975175499,0.5053802655682234,0.0304094153789401,0.0165058038170159,0.1228369490615149,1.5690390066822952
openml_44672_GesturePhaseSegmentationP,real_openml_multiclass,2.9604,5,32,400,0.0,0.0,,0.0,0.0,1600,0.41088699784734,0.5334366871808219,0.4050090703581578,2.950617283950617,3.4594221981018185,3.192093573431944e-06,0.050297204577709,0.2963774804829821,0.1671238806541731,2.1935789632068894,0.0959630712091994,0.1636011063288844,1.0006253908692933,1.072793932163907,13.556848780756663,0.9627606376489344,0.0521653804124108,5.603535765906464e-06,1.376061847145566e-05,0.8978441106090033,0.0465048527175913,0.4995440921768295,0.1224462777687451,5.491195198973229,0.5352567636212056,0.998534765625,0.1618059623354784,0.0679636728571801,0.68375,0.4886046400753084,0.0809571105421375,0.4999671659012841,0.3482636565640809,0.4351496182044925,1.487023957004368,0.89375,0.618037173921107,0.229485041924362,162.0,0.10125,0.4111111111111111,7.25890672133673,1.9835339037790016,2.0,-0.0942645269617465,0.4332398129592518,0.39324916499666,0.4479198396793586,-0.0206973947895791,0.9996741908431884,0.8113696438533187,4.415469642790008e-05,2.2093129646080723e-12,0.9657701711491442,0.7984375,0.7102689486552567,0.2899408284023668,0.9981067624119004,0.8794644004626655,0.9219491575700048,3.459423167090096,3.459410772558852,5.582853375469362,5.311292050059298,0.3417100802376875,0.0701363602963791,3.459423167090096,3.459423167090096,5.543107210856858,0.1098949194401275,0.1189751573043208,0.9416700323504558,0.0402329233987317,7.955848296591775e-06,0.9422589441905752,4.230963311476307,0.5395308517481976,0.0366739150554625,0.0179515494729882,0.1679667615699197,1.542359866665509
openml_44688_wine-quality-white_seed_0,real_openml_multiclass,449.0,7,11,400,0.0,0.0,,0.0,0.0,1600,1.127552313087956,1.482175575355367,1.654236269302941,359.0,3.447575121720581,0.0108534748949052,0.2389726625874304,0.2007653763288786,0.1972718946777741,1.8624317407097253,0.1763754376084371,0.1848798298963043,1.000625390869294,0.8439379194784993,20.39003814618297,0.940836368322114,0.0697814960045609,0.0071781688267975,0.0158283490907777,0.5826031600493043,0.3817382195537576,0.3015198659712217,0.3532221481283913,5.218666585018497,0.5974240384633701,0.998619921875,0.0913402774118092,0.0592160829466189,0.72375,0.4306128057593845,0.2034003385452307,0.4981826729320843,1.6856273932888186,0.4364214201436517,,0.848125,0.6024438066649813,0.6943598927338397,2.0,0.00125,0.2,1.088345296033279,53.54599776486451,4.0,0.8308095565898655,0.4719626168224299,0.4479305740987984,0.5260347129506009,-0.0080106809078771,0.9966191778593388,0.7576166334682339,0.0561035947870722,0.0,0.9748743718592964,0.0,0.931323283082077,0.0,0.984988653811486,0.0677966101694915,0.9002590673575129,3.4586756667996696,3.422704298307001,5.280697568108027,5.079700771972033,0.2342617407907239,0.0355149958776248,3.442518059987216,3.4552079850429074,5.261005309168587,0.0478552335038409,0.0341913004972772,0.8407540811797486,0.1127206932765236,0.0019569059333524,0.8412798811054392,3.1715147454468413,0.9626791935570131,0.0287715732470266,0.0571947836853365,0.5174205330500067,1.110443173412216
openml_44689_wine-quality-white_seed_1,real_openml_multiclass,449.0,7,11,400,0.0,0.0,,0.0,0.0,1600,1.127552313087956,1.6030859733884728,2.4461278824082178,359.0,3.4473644178115985,0.010839412582496,0.2389726625874304,0.216475587299395,0.2003649901427412,1.8624317407097253,0.1744726556052302,0.1923592617925782,1.000625390869293,0.8575483991325263,19.11119941687857,0.9271724650632795,0.0809702692951404,0.0138879804788578,0.0269738701921317,0.5420780839985392,0.3931279052765193,0.2805802739529668,0.3643000739126119,5.212343785172905,0.6756889536565018,0.99857578125,0.0974523733484183,0.0660746772009395,0.70125,0.434355674234028,0.2036529660558264,0.4989294355051708,1.6856273932888186,0.481900725754212,,0.83625,0.5680625270887215,0.7692888687013256,2.0,0.00125,0.3,1.423618455491515,53.54599776486451,4.0,0.8308095565898655,0.4746328437917223,0.4532710280373832,0.5253671562082778,-0.0113484646194926,0.998060084728714,0.7325713529197428,0.113131643978395,0.0,0.9916247906197656,0.0,0.964824120603015,0.0,0.974298029037147,0.0508474576271186,0.9037735849056604,3.458833157823657,3.427127108672114,5.277728273079966,5.059198351134165,0.2547146514417786,0.037035643235054,3.443680548456303,3.4548539189404286,5.250917877021991,0.0609711780525872,0.0479161527484534,0.8318607758107572,0.1064120591252916,0.0007667918684499,0.8323810139444724,3.2074799825781373,0.912120543020946,0.0162764458159673,0.0485409553204557,0.5031274963934095,1.1464243996153134
openml_44690_wine-quality-white_seed_2,real_openml_multiclass,449.0,7,11,400,0.0,0.0,,0.0,0.0,1600,1.127552313087956,1.1938150387825126,2.2882191221489925,359.0,3.4421423683075094,0.0165760676872922,0.2389726625874304,0.2216991500088837,0.188752404529782,1.8624317407097253,0.17901353739117,0.1933412104888555,1.0006253908692926,0.8701513468212995,21.531935150448938,0.9367895545982884,0.0600496689519324,0.0101360898589112,0.0160192164146392,0.4780565611357698,0.4344566189490852,0.3081307729530321,0.3789750021329751,5.2180778546073805,0.6162029728326516,0.998578125,0.0864962544098547,0.0480488286793491,0.71,0.4274188610699603,0.2065566763103119,0.4974571832386404,1.6856273932888186,0.4730404297668418,,0.841875,0.5846613514214205,0.9073201186866494,2.0,0.00125,0.3,1.0362471941670333,53.54599776486451,4.0,0.8308095565898655,0.4519359145527369,0.4412550066755674,0.5200267022696929,-0.0373831775700934,0.99732311950319,0.7929456913236506,0.0560236323471221,0.0,0.990787269681742,0.0,0.9564489112227804,0.0,0.97762893489643,0.0580204778156996,0.918867924528302,3.459162081516989,3.409265424715384,5.277712438118944,5.088194456547121,0.2058677334242418,0.0373156244641093,3.431442379175139,3.4549378222140827,5.247234374746106,0.0557074824557388,0.0595109911100314,0.838214703183684,0.1036605452232244,0.0083985265765494,0.8387389150055623,3.257529604077524,0.9122171063586652,0.0146180442660651,0.0518073641568889,0.4926530149385559,1.1175983206989335
openml_44691_wine-quality-white_seed_3,real_openml_multiclass,449.0,7,11,400,0.0,0.0,,0.0,0.0,1600,1.127552313087956,1.699064133266844,2.305815666683144,359.0,3.4413784839474904,0.0149134340849949,0.2389726625874304,0.2117080976948981,0.1980886220063533,1.8624317407097253,0.1773329747574163,0.1879927647725379,1.000625390869292,0.8535297298439065,19.40629750471677,0.9366132583647766,0.068685029523162,0.0136668320583106,0.0243999387276965,0.5489292167990708,0.3856263856030128,0.3020935635542385,0.3741951394016848,5.207839741866408,0.6287500247736423,0.99860703125,0.0959704827908082,0.0557118809185083,0.720625,0.4389645955597316,0.2035107700076017,0.4999120466732179,1.6856273932888186,0.465117422619435,,0.855,0.5846322579803142,0.7489881703983952,2.0,0.00125,0.2,1.47932103082373,53.54599776486451,4.0,0.8308095565898655,0.4205607476635514,0.4672897196261682,0.5226969292389854,-0.0560747663551401,0.9948962437525384,0.761039787486171,0.0980572440851001,0.0,0.9899497487437184,0.0,0.9522613065326632,0.0,0.9811674698638982,0.0847457627118644,0.9248704663212436,3.459237815864465,3.4109076467665607,5.253103543920569,5.07498568183972,0.2356261318894787,0.0476871548685124,3.436315490332376,3.451773063897939,5.239238961149486,0.0623621106127454,0.0280775726527181,0.8340490201560447,0.0885518691055095,0.0025744489880282,0.8345706267977939,3.1881390169584334,0.8764855179575998,0.0167563141453068,0.0581950296008062,0.5135619811322396,1.1254555465390197
openml_44692_wine-quality-white_seed_4,real_openml_multiclass,449.0,7,11,400,0.0,0.0,,0.0,0.0,1600,1.127552313087956,1.504720048000804,1.736470805756398,359.0,3.4474553977770985,0.0099654924966836,0.2389726625874304,0.1892235590527357,0.1982592751442425,1.8624317407097253,0.1816049041856708,0.1905736849062539,1.000625390869293,0.8694632674386251,20.44385943567111,0.9436495884315032,0.0632614588950462,0.0159565413732194,0.0342722336838183,0.5578280991070685,0.3764553803071379,0.3092356870222328,0.3774352967857591,5.218787326997213,0.5589096796857018,0.998549609375,0.0910998114896101,0.0487921767482522,0.705625,0.420639649646967,0.2131792982014126,0.497391570077077,1.6856273932888186,0.411367032707107,,0.830625,0.6211301600848269,0.6968656225804453,2.0,0.00125,0.2,1.683356799211761,53.54599776486451,4.0,0.8308095565898655,0.4492656875834446,0.4325767690253671,0.5180240320427236,-0.0373831775700934,0.9956705804585386,0.7860416163058014,0.1481863822629702,0.0,0.990787269681742,0.0,0.949748743718593,0.0,0.9844947019650928,0.0622837370242214,0.9075471698113208,3.459088614115018,3.424942458714616,5.270841348050489,5.109003894231131,0.2072222995309696,0.0374296563938632,3.44470246462796,3.453990747172944,5.242617508231593,0.0623411166678744,0.0285422388580141,0.8284569603777693,0.1060999329721607,0.005818639642091,0.828975069796393,3.2533563987916723,0.8989945352557269,0.0142717775154914,0.0611858946116281,0.4928698222206112,1.1251722740254082
openml_44698_Fashion-MNIST_seed_0_nrow,real_openml_multiclass,1.0,10,100,400,0.0,0.0,,0.0,0.0,1600,0.0,0.8026792156215178,5.633069732845506,1.0,2.168931212737192,1.1133921231018171,0.0,0.7167533760323026,0.1897356267463458,3.321928094887362,0.2099261488047817,0.1847858600964369,1.0006253908692913,2.798316556530414,9.054819524101624,0.6835603805655904,0.1570995298138157,,,0.5452777777777778,0.3012474230002103,0.0,0.0,5.123990803393713,21.449160399034724,0.992188671875,0.3668685042308393,0.1912986380259352,0.3975,0.4422882368105699,0.0826202445459903,0.4394532249973828,0.0,4.91161548293796,,0.7575,0.0001605904099512,1.1215013692762168,160.0,0.1,0.7175,3.001619456435521e-07,1.0,0.0,,0.2,0.5313333333333333,0.7566666666666667,-0.4179999999999999,0.9943714821763604,0.3413021146460623,,,0.946875,0.0,0.0,0.0,0.7683162438887904,0.4,0.740625,3.459173185136938,0.0075538126840678,6.627071384906937,3.327405832508189,0.7482757979254124,0.0020760750632407,1.3067341152195864,3.1341094950030373,5.942745348535047,0.2327986998244401,0.3464648335211011,0.8956103046565955,0.1599714764638579,3.560099730299388e-05,0.8961704111635741,22.55347443928931,0.2895868442616864,0.0543611858560142,0.0539423744196463,0.1457111496893043,0.6974827815466523
openml_44699_Fashion-MNIST_seed_1_nrow,real_openml_multiclass,1.0,10,100,400,0.0,0.0,,0.0,0.0,1600,0.0,0.824683360309516,6.064082159141471,1.0,2.291667075980348,1.0469807906838893,0.0,0.7225502741353252,0.1792384793170955,3.321928094887362,0.2242505316301592,0.1833818701072438,1.0006253908692937,2.898541080226306,8.39772773465357,0.6612398324334514,0.1581828553421835,,,0.5152083333333334,0.297765262041107,0.0,0.0,5.218020534507534,21.65759130824344,0.991665625,0.3955746363601773,0.1850972999436191,0.4,0.4433609442791935,0.0874078237909984,0.4447438146426708,0.0,4.955721547620542,,0.758125,0.0001516827806083,1.215944446030275,160.0,0.1,0.655,1.5881418247011168e-07,1.0,0.0,,0.1986666666666666,0.5773333333333333,0.742,-0.426,0.9941602526974496,0.3484200657636658,,,0.9625,0.0,0.0,0.0,0.7656231769352078,0.3125,0.746875,3.4592311000117117,0.0637212378549303,6.620604677253345,3.3715619136987067,0.7811932861830364,0.0127933198133414,1.718222316068934,3.2215797559194974,6.098195908567474,0.2769979149497936,0.3850587388591919,0.9124435963046116,0.1858240466416718,4.925689229345467e-05,0.9130142301984814,24.2924293702539,0.2650712268657216,0.0472813479428192,0.06918636598948,0.1241183726475156,0.6189356971805592
openml_44700_Fashion-MNIST_seed_2_nrow,real_openml_multiclass,1.0,10,100,400,0.0,0.0,,0.0,0.0,1600,0.0,0.7569168424265384,6.00816440439415,1.0,2.0156752361652,1.0859570186362706,0.0,0.7157716280074112,0.1899422920521596,3.321928094887362,,,0.9906191369606,2.735066973489712,8.631887453869409,,,,,0.5090972222222223,0.3108927576179086,0.0,0.0,4.952759562799044,21.855753601831623,0.99102109375,0.3848437682535173,0.1870718392302019,0.37,0.4398343342983806,0.0838483238285019,0.4287290874130145,0.0,4.8995858056236425,,0.765625,0.00015968726819,1.1069797837524928,160.0,0.1,0.6075,1.2197380445711737e-06,1.0,0.0,,0.1993333333333333,0.5486666666666666,0.7479999999999999,-0.4059999999999999,,,,,0.96875,0.0,0.0,0.0,0.750599102743996,0.23125,0.721875,3.4583067340551064,0.0,6.608001604419584,3.3219282828106604,0.8296595551986741,-1.8792329825600973e-07,1.0154119667005173,2.939189045713385,5.720315629556197,0.2395546578165729,0.3674479888762493,,,,0.956596188013563,21.058265695344044,0.2715830315043214,0.0,0.0727781607709608,0.1353968545027101,0.6281843826140205
openml_44701_Fashion-MNIST_seed_3_nrow,real_openml_multiclass,1.0,10,100,400,0.0,0.0,,0.0,0.0,1600,0.0,0.811452103137589,5.720081145409934,1.0,2.1923531755939094,1.1830195137244386,0.0,0.6855086773866268,0.2013590879643455,3.321928094887362,0.2169784119603171,0.195600625936354,1.0006253908692937,2.922982575646061,9.02025729350038,0.6863838039826746,0.1747451127845074,,,0.5724999999999999,0.2992396852099424,0.0,0.0,5.146007064236511,18.086351942888346,0.995083203125,0.3682742062447602,0.2096535255527438,0.428125,0.4554559421285553,0.0743562992339634,0.4524441130373328,0.0,4.553663179397925,,0.8225,0.0003992455007766,1.027380706649632,160.0,0.1,0.6987500000000001,5.602804012563738e-08,1.0,0.0,,0.1993333333333333,0.4639999999999999,0.7206666666666667,-0.4593333333333332,0.9945456365092074,0.3447082876049653,,,0.9625,0.0,0.0,0.0,0.813767159489928,0.4,0.75625,3.459211932380683,0.0138570614629078,6.628492307683715,3.3328807246632426,0.7937454386844376,0.0029044316870274,1.3374141639182389,3.214083347358041,6.047288762875326,0.1915823101176293,0.3531771756150252,0.9268405330212188,0.1636063560486401,3.45029580946065e-06,0.9274201706278596,25.152466644835982,0.3010793363971598,0.0243529553247384,0.0482654063879682,0.1457058038013337,0.6925251075445233
openml_44702_Fashion-MNIST_seed_4_nrow,real_openml_multiclass,1.0,10,100,400,0.0,0.0,,0.0,0.0,1600,0.0,0.8306890115345605,7.048885954459973,1.0,2.0309938057210006,1.10106345965583,0.0,0.7185385593589989,0.2042211949653792,3.321928094887362,0.2083453495556891,0.1781980126007533,1.000625390869293,2.743172148131716,8.579057936504627,0.6666594451033988,0.1782929156818501,,,0.5621527777777778,0.2640462964217457,0.0,0.0,4.965708278847834,23.75934402097695,0.9922046875,0.3872136217605284,0.2085221998349849,0.385,0.4461460911032406,0.0814321932160251,0.4384287247851102,0.0,4.980329323356049,,0.74625,0.0001124408856304,1.2200837197142154,160.0,0.1,0.7925,6.367543532406669e-08,1.0,0.0,,0.196,0.5933333333333333,0.7479999999999999,-0.4766666666666665,0.9898635965461144,0.3351069765934302,,,0.95625,0.0,0.0,0.0,0.8049144771959426,0.503125,0.71875,3.4589200097070147,0.0138570614629078,6.613354296556568,3.3316252173981638,0.8168586217712015,0.0041599389521067,1.0034462711999677,3.0025692572881764,5.74252768615217,0.2116067854893912,0.3527832060889994,0.9146287755217016,0.161468389793336,3.316798804595629e-05,0.9152007760066916,21.26399905859844,0.2822093675138027,0.0459868179242609,0.0641343975163374,0.1375210115530438,0.6472265552689015
openml_44703_connect-4_seed_0_nrows_20,real_openml_multiclass,6.8953,3,42,400,0.0,0.0,,0.0,0.0,1600,0.7132567253450891,0.2077595400838925,0.0552128015731132,6.882352941176471,0.6671707988768659,0.5585778931570877,0.3637277864946703,0.2381464060837014,0.0715678173535191,1.2189225441260574,0.0843668410107857,0.1004660239287889,1.000625390869293,0.8504594415365856,170.38842428059044,0.9967355443153464,0.0040946763209667,,,0.9916238467046754,0.0066528802565817,0.9849481123614624,0.0095524707859684,1.878939555712076,0.1274157443075428,0.99876015625,0.0071537872908477,0.0104691832332368,0.5525,0.4711643381057427,0.1221610738914886,0.4888688268146625,0.4965808237005973,0.1185493739419131,,0.6675,0.884383144710854,0.1228213501934919,153.0,0.095625,0.3071895424836601,2.4889909750618133,4.04336839078553,2.0,0.500276919983215,0.6584395457581831,0.1094028056112224,0.638432865731463,0.1194148296593186,0.9999180760975912,0.9815746815891888,,,0.9986178299930892,0.9853747714808044,0.9958534899792676,0.9780621572212066,0.9993836688588316,0.9881268550604684,0.994748384316611,1.580771404224233,0.0075538126840678,2.779946636817152,1.2260996216876563,0.0382848078692261,2.5730729947159855e-05,0.1718213662432001,1.1678583390717574,2.3736902680104985,0.000602701728935,0.1875403171183077,0.5925656431205667,0.0567968640973245,0.0008392598701986,0.5929362282632352,3.287894212214538,0.6670996443318591,-3.521069555938662e-16,0.0245710571668878,0.4553076638893423,1.1633285004995415
openml_44704_connect-4_seed_1_nrows_20,real_openml_multiclass,6.8953,3,42,400,0.0,0.0,,0.0,0.0,1600,0.7132567253450891,0.2546668786813727,0.0361945294912861,6.882352941176471,0.6636218364934042,0.5598928358016851,0.3637277864946703,0.2340228503163239,0.0501750851111457,1.2189225441260574,0.0851297368772931,0.1013973299043065,1.0006253908692933,0.8582631034936685,156.66249770619808,0.9967150667430024,0.0039012047610029,,,0.9906982190488532,0.0021655513015251,0.9792143692367492,0.0052381204273452,1.874763816911024,0.1193570717207448,0.99878046875,0.0077805637084377,0.0113643962865751,0.5625,0.4731534999693474,0.1241945834010919,0.4903046875965745,0.4965808237005973,0.1120509281062638,,0.67625,0.8908121699194727,0.1310626492464675,153.0,0.095625,0.3032679738562091,2.8060310719359443,4.04336839078553,2.0,0.500276919983215,0.6584395457581831,0.2054108216432865,0.648432865731463,0.0867294589178357,0.9999334485472546,0.9799391427305392,,,0.9926873857404022,0.988391376451078,0.9847961299239808,0.9744058500914076,0.9993273298895476,0.9897036357030788,0.9918516403477408,1.5799286285817622,0.0138570614629078,2.790573919046985,1.2285364398571572,0.0507489161025342,2.247811195044136e-05,0.1710304013225944,1.189995792332866,2.384753605588812,0.0007846030672031,0.1985437073876206,0.5787024651063621,0.0577536483391731,0.0001535646729269,0.5790643803440918,3.318840789220866,0.6249966947649604,4.434553700195324e-16,0.0244948013253821,0.4511559211380602,1.1968834036930172
openml_44705_connect-4_seed_2_nrows_20,real_openml_multiclass,6.8953,3,42,400,0.0,0.0,,0.0,0.0,1600,0.7132567253450891,0.5055667429994374,0.0454960676647104,6.882352941176471,0.664630389000004,0.5545010376567785,0.3637277864946703,0.2391211240181623,0.0611963129742157,1.2189225441260574,,,0.9529765627326584,0.8928996933569558,174.32742882991818,,,,,0.9922186824616516,0.0052669934554998,0.987902775694706,0.0048742775472632,1.8765607887899265,0.1265432570558559,0.9988203125,0.0069921443361348,0.0094233030287126,0.575625,0.4733516042848905,0.1218167593861441,0.4914047807425009,0.4965808237005973,0.1181028126250569,,0.6725,0.884955987201681,0.1200928871424913,153.0,0.095625,0.2928104575163399,2.5125884153124085,4.04336839078553,2.0,0.500276919983215,0.6584395457581831,0.1460734802939211,0.6470901803607214,0.0973961255845025,,,,,0.9972356599861782,0.9867330016583749,0.9930891499654456,0.9834162520729685,0.9992339123429288,0.9897101936993884,0.9949615228632902,1.5804716019695912,0.0,2.780052250212125,1.218922560963597,0.0380904816910803,-1.6837539584813044e-08,0.1888748702177029,1.1823178914277763,2.3719950178210074,0.0008366204551252,0.1958487961304801,,,,0.6756136086365058,3.3150410377688595,0.5912811029009921,-4.512556171391815e-16,0.0338399820329179,0.4248218710857205,1.1073977270550954
openml_44706_connect-4_seed_3_nrows_20,real_openml_multiclass,6.8953,3,42,400,0.0,0.0,,0.0,0.0,1600,0.7132567253450891,0.3365078882568897,0.0423337412188127,6.882352941176471,0.6700859761392649,0.5537935189935277,0.3637277864946703,0.2066385223394518,0.0633570300745939,1.2189225441260574,,,0.9768009768009784,0.8768015532257052,178.1859526149533,,,,,0.99412196768683,0.0062360936370686,0.9856326285433746,0.0149986963760465,1.8821677871646607,0.0943842192277646,0.998757421875,0.0068407331006617,0.0105660407283728,0.55625,0.4735491040597071,0.1193409239945576,0.48900353044021,0.4965808237005973,0.0894130710891373,,0.66875,0.9122428021422588,0.1155813527333913,153.0,0.095625,0.326797385620915,2.60263805092346,4.04336839078553,2.0,0.500276919983215,0.6584395457581831,0.2188376753507014,0.6377661990647963,0.0860454241816968,,,,,0.9993089149965446,0.9872029250457038,0.9979267449896336,0.9689213893967094,0.9991844394919196,0.991528494031973,0.9975814890073932,1.5800863918336028,0.0,2.7869122770324024,1.218922560963597,0.0482367705628461,-1.6837539584813044e-08,0.170677673392674,1.1689725848909531,2.3644863183388023,0.0005727170328246,0.1618383367378664,,,,0.6014046715545608,3.378467766289957,0.6000833260651921,-3.2424044730824314e-16,0.0304311381818217,0.4227221556772894,1.1719516661309846
openml_44707_connect-4_seed_4_nrows_20,real_openml_multiclass,6.8953,3,42,400,0.0,0.0,,0.0,0.0,1600,0.7132567253450891,0.1717148405351185,0.0306898924666588,6.882352941176471,0.6590943293741274,0.5594674349802878,0.3637277864946703,0.2054389774552686,0.0464018989230078,1.2189225441260574,,,0.952976562732661,0.8770370285077361,197.74093548807485,,,,,0.9952339286905172,0.001075787023391,0.9869853189949888,0.0061634174392788,1.8718526337027068,0.0908947727528871,0.998837890625,0.0061642397974776,0.0083554924607158,0.5675,0.4761681520173903,0.1163579695687273,0.4929835239100585,0.4965808237005973,0.0865634831393937,,0.6775,0.9151280790383162,0.1075443392576329,153.0,0.095625,0.3111111111111111,2.343345485516825,4.04336839078553,2.0,0.500276919983215,0.6584395457581831,0.2121068804275216,0.6337595190380761,0.088060120240481,,,,,0.9963436928702012,0.9941956882255388,0.9910158949550796,0.979890310786106,0.999582750804453,0.9946790466006754,0.9957530489230064,1.580981257096981,0.0,2.7778054390425586,1.218922560963597,0.0311113893556034,-1.6837539584813044e-08,0.1634630797300261,1.198912242651604,2.3996324997763185,0.0006159014631768,0.172627880066877,,,,0.5684140978953591,3.341127246843396,0.5930673164626548,-1.8809499953349227e-16,0.0318485770089809,0.4096214003585308,1.125968848521831
openml_44718_jungle_chess_2pcs_raw_end,real_openml_multiclass,5.3041,3,6,400,0.0,0.0,,0.0,0.0,1600,0.5246702833685171,0.3277960634860354,0.6419928974168774,5.309677419354839,2.632606417698068,0.4610924968906203,0.1678041467396586,0.4133607979998858,0.1571441091960266,1.3494894294961377,0.014008823870875,0.0102521541404241,1.000625390869292,0.0420510388739378,17.92826791287932,0.9393922104349413,0.0813807386020867,1.0,0.0,1.0,0.0,1.0,0.0,3.906824246164265,0.4799929681479633,0.99616796875,0.0752716010299405,0.0614331742972713,0.423125,0.408737344672186,0.1459187049951839,0.4421347243166149,0.4678721537095271,0.3664285697012175,,0.529375,0.6587000250725384,0.567311691985102,155.0,0.096875,0.5045161290322581,0.4707278959585626,3.5485772568544065,1.0,-0.4434839689194293,0.6070808283233132,0.6877875751503005,0.6510875083500335,-0.1034041416165664,0.99889685000417,0.8341121138214821,1.0,1.0,1.0,1.0,1.0,1.0,0.9952326681973214,1.0,1.0,3.142111057873007,1.962339396742713,4.346901208473179,3.2961528621419585,0.1602069345089489,0.0156759640968919,2.326206652917943,2.904480291924794,4.120666435682226,0.0345958016806576,0.3022431327638561,0.0357830456690916,0.0099522501489385,0.0020529050795651,0.0358054240591288,1.0613072869664126,1.0054962745705909,0.936964705519484,0.0062422121924473,0.9819585688849436,1.0166554210918572
openml_44719_jungle_chess_2pcs_raw_end,real_openml_multiclass,5.3041,3,6,400,0.0,0.0,,0.0,0.0,1600,0.5246702833685171,0.4334074604574395,0.6278290082501264,5.309677419354839,2.6367644123366767,0.3702751211897451,0.1678041467396586,0.410568633304157,0.156591848590637,1.3494894294961377,0.0255214244179522,0.0183597965317178,1.000625390869293,0.0761772275176426,17.458595159686524,0.9408558236038874,0.0789300440869737,0.9166666666666666,0.0721687836487032,0.918861017020526,0.1010573197194025,0.918861017020526,0.1010573197194025,3.90895727718068,0.4719397893204289,0.9963359375,0.0772965646521336,0.0597408340892424,0.41375,0.4100072022491882,0.1485143701847014,0.4434482398921148,0.4678721537095271,0.3616542123515197,,0.534375,0.6627773842739448,0.5456660504441612,155.0,0.096875,0.5458064516129032,0.4498989936291215,3.5485772568544065,1.0,-0.4434839689194293,0.581063460253841,0.6904595858383434,0.6604408817635271,-0.1240841683366733,0.999702347248543,0.8188321836856327,1.0,0.875,1.0,0.8056628056628057,1.0,0.8056628056628057,0.9947728068095324,0.8782915255307893,0.9754601226993864,2.9705216918490662,2.1565744053325604,4.155021139376094,3.4687171801725536,0.1649899819691089,0.0261698521514337,2.331507011674023,2.9003308182664163,4.1319003556353975,0.0395849461466865,0.2998414752871805,0.0750585804656314,0.0237937897682219,0.0037667684698807,0.0751055214165167,1.1021245544498866,0.9978490487557984,0.8867838205090366,0.0129481534536842,0.9651150190881058,1.0481689098487212
openml_44720_jungle_chess_2pcs_raw_end,real_openml_multiclass,5.3041,3,6,400,0.0,0.0,,0.0,0.0,1600,0.5246702833685171,0.286061741416111,0.6931038542300262,5.309677419354839,2.637376419626261,0.3709717981704361,0.1678041467396586,0.4174695631482294,0.1632918655520953,1.3494894294961377,0.018046636246122,0.0107587954729955,1.0006253908692966,0.0510446060708981,16.922706561280037,0.936847139544132,0.0896034666330476,0.9166666666666666,0.0721687836487032,0.9291570273165364,0.0838697532131165,0.9291570273165364,0.0838697532131165,3.907121546719624,0.4970455962433538,0.9963265625,0.0797443024027748,0.0696548945660225,0.425625,0.4189008830494217,0.1455189812202885,0.4485244378594082,0.4678721537095271,0.3752259056658306,,0.5475,0.6506785846355944,0.5852370424224521,155.0,0.096875,0.455483870967742,0.4895578498300529,3.5485772568544065,1.0,-0.4434839689194293,0.6324248496993988,0.6831209084836338,0.6644408817635271,-0.0793867735470941,0.9998441418094032,0.7866407808936541,1.0,0.875,1.0,0.8365508365508365,1.0,0.8365508365508365,0.99483486449465,0.8937355409748047,0.9754601226993864,2.982245325519441,2.165935287960555,4.137340077981427,3.48235153986752,0.1971353839271543,0.0205214854047954,2.3243021373736967,2.889662501859926,4.126697317475357,0.0361274506571815,0.3020047777037408,0.0393832539855636,0.0153948113760305,0.0034340050741298,0.0394078839130093,1.0623474831926236,1.0056971407769626,0.9227229810723918,0.0093915470374313,0.9732181225036284,1.0350961474324814
openml_44721_jungle_chess_2pcs_raw_end,real_openml_multiclass,5.3041,3,6,400,0.0,0.0,,0.0,0.0,1600,0.5246702833685171,0.2855003806484178,0.6937736782096161,5.309677419354839,2.649904625561177,0.3741490208064536,0.1678041467396586,0.4197078064738776,0.1493381291870936,1.3494894294961377,0.021927512944254,0.0162666201907669,1.0006253908692904,0.0661221205482807,16.918867495270906,0.9384469654888826,0.0852672167825834,1.0,0.0,1.0,0.0,1.0,0.0,3.9196316578476114,0.4905781940188204,0.99605078125,0.0797623972097033,0.065937975806518,0.415,0.4008838241662504,0.1502886024046415,0.4338675929129906,0.4678721537095271,0.3746111624593289,,0.520625,0.6526150600065795,0.5162715798749331,155.0,0.096875,0.5316129032258065,0.4569461022239413,3.5485772568544065,1.0,-0.4434839689194293,0.5990768203072813,0.6917835671342685,0.6671142284569139,-0.136070808283233,0.9999033120473056,0.8031634265799724,1.0,1.0,1.0,1.0,1.0,1.0,0.996216546901299,1.0,1.0,2.9804315179811405,2.1714496330701576,4.186614672781012,3.489258243050428,0.1882787224961841,0.0262391502524339,2.336940657549042,2.9276036908029424,4.132677747315629,0.0344595679693239,0.314109802635971,0.0631787984948729,0.0199287087780219,0.0007018275929955,0.0632183099385846,1.105204365347564,0.9945136398219768,0.9263699776579616,0.009038413173825,0.9533042042979644,1.0313156575377218
openml_44722_jungle_chess_2pcs_raw_end,real_openml_multiclass,5.3041,3,6,400,0.0,0.0,,0.0,0.0,1600,0.5246702833685171,0.3000021940849455,0.6781748613599515,5.309677419354839,2.6077682629837446,0.4412092805995273,0.1678041467396586,0.4228895476810483,0.1930045241194664,1.3494894294961377,0.0200857510304554,0.0168775333315345,1.000625390869292,0.0634098978918236,18.223947609808786,0.9350626793246778,0.0904297258508736,1.0,0.0,1.0,0.0,1.0,0.0,3.883207357262183,0.54473208934739,0.996318359375,0.0740503352176997,0.0669633314298835,0.43,0.4185520856620577,0.1497852839434212,0.4500534156331633,0.4678721537095271,0.394921885406345,,0.545,0.6307454216153991,0.558691447715588,155.0,0.096875,0.4735483870967742,0.4905675722034866,3.5485772568544065,1.0,-0.4434839689194293,0.6290901803607215,0.6951289245156981,0.6751088844355378,-0.0593720774883098,0.9993130320502388,0.7854237392613946,1.0,1.0,1.0,1.0,1.0,1.0,0.9966738674325007,1.0,1.0,2.978055527781861,1.9631575932441288,4.190826114453193,3.298384920888516,0.180209619747476,0.0142621018517505,2.304183352413071,2.931429734185286,4.1397005070656725,0.0326471583265137,0.286414739876491,0.0618881473564105,0.0161274611242706,0.0014220211288497,0.0619268516386845,1.1031360148283451,0.996582182846798,0.9286799957906277,0.0094328080321609,0.9559060795636518,1.026463988537135
openml_44733_volkert_seed_0_nrows_2000,real_openml_multiclass,9.3404,10,100,400,0.0,0.0,,0.0,0.0,1600,0.6963296633061096,1.082881082082218,1.620979782140203,9.236842105263158,2.420627522871717,1.3523359662774217,0.0589012534067938,0.4363201854720775,0.1993654319921434,2.963524405637425,,,0.8505315822388988,2.3401696895574724,13.846168876407797,,,,,0.7181702985060064,0.2055707355017429,0.0042198993418505,0.0283079453597534,5.170119842659972,4.583399334902836,0.99704453125,0.2140320858491704,0.1634804802782507,0.659375,0.496423787636314,0.0597828436049235,0.498794277941635,0.6668865797621143,2.031350342040805,,0.9475,0.0590521631823529,0.5685535831641447,38.0,0.02375,0.2947368421052631,21.68158299283119,3.424167072124044,5.0,0.443800573284568,0.3743323326706961,0.2767261430491505,0.5080254216599195,0.0300614616113082,,,,,0.975609756097561,0.0525,0.1898954703832752,0.0,0.9693966107856676,0.5949367088607594,0.889261744966443,3.459423167090096,0.0,6.332954699138553,2.963524636188466,0.5976538893944161,-2.305510409250644e-07,1.1426176819344918,3.4561728662252578,6.13330807511995,0.077066617265147,0.2346294121428406,,,,0.998431336015584,18.87800017806618,0.2119110321389694,-2.9431206498052838e-15,0.0426541614758879,0.0509319471691893,0.6288391481837872
openml_44734_volkert_seed_1_nrows_2000,real_openml_multiclass,9.3404,10,100,400,0.0,0.0,,0.0,0.0,1600,0.6963296633061096,0.9031118948536736,1.3730635925852688,9.236842105263158,2.439625946157127,1.40285297745793,0.0589012534067938,0.4136967031942406,0.2050290584639164,2.963524405637425,,,0.8205128205128193,2.4858080080513645,13.905998009120855,,,,,0.710733463406044,0.2026033411883092,0.0024003097173828,0.0161017670853643,5.190039117081756,4.067444124192047,0.99803515625,0.2131112347127957,0.1567375046879104,0.683125,0.5010706099289818,0.0520743660753532,0.4991389552874313,0.6668865797621143,1.876599978620853,,0.95875,0.0759743678197024,0.479497473094663,38.0,0.02375,0.3368421052631578,17.155706141424975,3.424167072124044,5.0,0.443800573284568,0.3743376981540054,0.2680810080670041,0.4732664794112991,0.0120280722086743,,,,,0.971042471042471,0.1975,0.1080139372822299,0.0,0.9735391196392996,0.5844594594594594,0.8903846153846153,3.459423167090096,0.0,6.334915342967859,2.963524636188466,0.4996505564289277,-2.305510409250644e-07,1.1174396964953732,3.4564067635964597,6.113097785995098,0.0690985782478273,0.1850623501956733,,,,1.0006253908692977,19.902037545598223,0.1629030980349864,-2.216072449861801e-15,0.0384808436732445,0.0161610138226711,0.5654196764259882
openml_44735_volkert_seed_2_nrows_2000,real_openml_multiclass,9.3404,10,100,400,0.0,0.0,,0.0,0.0,1600,0.6963296633061096,0.7660531920860478,1.506274009789876,9.236842105263158,2.3972597571310907,1.4199510175725076,0.0589012534067938,0.4445203052357943,0.2038556330233521,2.963524405637425,,,0.8105065666041285,2.3902214986572248,12.76682682204077,,,,,0.6761923169158907,0.1946789071972406,0.0042617530422408,0.0200144391685842,5.128657225750684,4.892325889660262,0.9972328125,0.2321269370178319,0.1676872813100997,0.660625,0.4911508868515258,0.0721849830886962,0.4999839741021449,0.6668865797621143,2.1108416688251266,,0.923125,0.0516019329127655,0.6512821654158395,38.0,0.02375,0.3105263157894736,9.754835476340528,3.424167072124044,5.0,0.443800573284568,0.3629534839424498,0.2519939477348271,0.5033494029558447,-0.0862367304890906,,,,,0.9671814671814672,0.1884057971014492,0.1010452961672473,0.0,0.9752309962827111,0.5316455696202531,0.8217054263565892,3.459423167090096,0.0,6.269367920906225,2.963524636188466,0.5272771509915675,-2.305510409250644e-07,0.8520097704864518,3.456438912800402,6.041810968778579,0.0674597768987087,0.2348934329931098,,,,1.0006253908692946,20.51977989926132,0.1603397414045585,-1.5234289213324748e-15,0.0368820383539396,0.0007625394961815,0.6158384491716992
openml_44736_volkert_seed_3_nrows_2000,real_openml_multiclass,9.3404,10,100,400,0.0,0.0,,0.0,0.0,1600,0.6963296633061096,0.828211891579549,1.5708456916810671,9.236842105263158,2.4868216507690493,1.372200927491824,0.0589012534067938,0.4350803294320426,0.2027828642596464,2.963524405637425,,,0.8305190744215122,2.395385898853659,13.508574735768631,,,,,0.7004892299403226,0.2245501754694953,0.0019357336430507,0.0129852960365841,5.230965073319452,4.073026544443254,0.99716484375,0.2193809830870215,0.1577661034266496,0.6575,0.4907339054422048,0.0635039096310564,0.5000797309788059,0.6668865797621143,2.0326211578270224,,0.93875,0.0651444244694758,0.5550839745783125,38.0,0.02375,0.3263157894736841,13.890404774921,3.424167072124044,5.0,0.443800573284568,0.3709923193106427,0.3027983678199773,0.5013641741313953,-0.0354470654830409,,,,,0.9608695652173912,0.0642673521850899,0.0871080139372822,0.0,0.9577455557322688,0.5847457627118644,0.8431952662721893,3.459423167090096,0.0,6.342578387726082,2.963524636188466,0.5779332417862664,-2.305510409250644e-07,1.2048488901951475,3.454746622137777,6.11854370963514,0.0695267546857012,0.2349196497753169,,,,1.0006253908692946,18.8006180027149,0.1791824976876675,-3.3462376224252654e-15,0.0414979935884596,0.0400337750468591,0.5876768309018935
openml_44737_volkert_seed_4_nrows_2000,real_openml_multiclass,9.3404,10,100,400,0.0,0.0,,0.0,0.0,1600,0.6963296633061096,0.8089678502565776,1.3869113699102444,9.236842105263158,2.5163693462191765,1.3638127093610268,0.0589012534067938,0.4358763356530201,0.1968564735432443,2.963524405637425,,,0.8405253283302063,2.479797634597805,13.277698450822554,,,,,0.7277999468131037,0.187153314983598,0.0018970189701897,0.0127255901158524,5.256698111692486,4.280394065386063,0.997778125,0.2231956401641155,0.1640222691056641,0.656875,0.4968829026419342,0.0606260360620386,0.5000562820105716,0.6668865797621143,2.0199133892477947,,0.94875,0.0636359268109197,0.5870195809864065,38.0,0.02375,0.331578947368421,11.001723986507118,3.424167072124044,5.0,0.443800573284568,0.3716455669035527,0.2881184054856701,0.5053359731511214,-0.0294229690974989,,,,,0.9651567944250872,0.1670951156812339,0.0853658536585365,0.0,0.9718243218274176,0.6317567567567568,0.8716981132075472,3.459423167090096,0.0,6.340574656424298,2.963524636188466,0.588128390650426,-2.305510409250644e-07,1.390141262058076,3.4553061168981216,6.135005264445844,0.0781274857254937,0.235593151968577,,,,1.0006253908692944,19.9058913919193,0.1674569028717104,-5.234863453207745e-15,0.0413029865025979,0.0405968689505774,0.5687529579981834
openml_44738_robert_seed_0_nrows_2000_,real_openml_multiclass,1.0885,10,100,400,0.0,0.0,,0.0,0.0,1600,0.0269548233160597,0.6200027017940859,0.4034602784787842,1.091503267973856,3.4589895422182497,0.0007186454276344,8.978304541962245e-05,0.3837692113609969,0.1388514378921203,3.321405449538839,0.0857307910984698,0.1170889741214019,1.0006253908692933,1.4520045616647406,29.09530966921492,0.9479783999593332,0.0390567957430091,0.0016226607696737,0.0014499828579706,0.9369734652842074,0.0220923349618696,0.0,0.0,6.666238947800176,2.0579317838211844,0.99910625,0.1141560439569111,0.0616176137815042,0.8575,0.5161347905220547,0.0275090524875049,0.4366979828269512,0.0231983778535484,1.4797470427354489,1.453011245366758,0.999375,0.1782378725566847,0.3044214739279591,153.0,0.095625,0.2941176470588235,7.498823214631596,1.033499560118175,6.0,0.3365846824065737,0.1482965931863727,0.2985971943887776,0.29124916499666,-0.0627922511690046,0.9939709788279192,0.8565848755199078,0.0055023603210783,0.0001301156224918,0.966153846153846,0.8695652173913043,0.0,0.0,0.9775080214625186,0.9242902208201892,0.9516129032258064,3.459410772558852,3.4532512184986763,6.734584855928321,6.495007400772411,0.2856900081878875,0.0460508330512849,3.4589331968495043,3.45930119339966,6.709748903299871,0.0709559051479549,0.2434933548506053,0.92546863771064,0.0464997353817489,2.702881471947245e-05,0.92604741734648,9.383293659032624,0.4990869424022726,0.013301611788496,0.0207873088724154,0.233947486768493,1.0459118273911892
openml_44739_robert_seed_1_nrows_2000_,real_openml_multiclass,1.0942,10,100,400,0.0,0.0,,0.0,0.0,1600,0.0273861278752583,0.7057587881539856,0.3990394666560439,1.091503267973856,3.459128513621481,0.0002820203856511,9.267002427992832e-05,0.3799076252969263,0.1342232226278323,3.32138843606479,0.0781038480563597,0.1107469622257126,1.0006253908692928,1.3559350199514013,34.91193015635895,0.955238246915988,0.0395910860874885,0.0020519682543998,0.0012549778722707,0.9479820491343408,0.0108166042759407,0.0,0.0,6.685380747786538,1.968798789262019,0.999113671875,0.0951362018997343,0.0552215205685995,0.855,0.5136836883290276,0.0263686146162348,0.4437738093569396,0.023139395999288,1.4430952217695534,1.423140135485017,0.999375,0.188590990930642,0.2801759819092325,153.0,0.095625,0.2836601307189543,7.8750923923057154,1.0343653502863588,6.0,0.2995357736356377,0.1644386497224703,0.30614374666334,0.2727315407253596,-0.0474550171293054,0.9965335716860106,0.8400429968946798,0.0063115988912377,0.0005844768778397,0.9664634146341464,0.926153846153846,0.0,0.0,0.9833440940990984,0.939873417721519,0.9556962025316456,3.459410772558852,3.457898272604522,6.74061223540676,6.492319059324698,0.2875646285033104,0.0400199525616136,3.458998870600977,3.4593245235449817,6.718656337656888,0.0620545123527869,0.232831579490667,0.945434883921276,0.0388279097375975,1.687030362082566e-05,0.9460261502651915,7.755367815075935,0.4998771276179051,0.0268024191039727,0.0170689713960981,0.2721153714824945,1.09267542651786
openml_44740_robert_seed_2_nrows_2000_,real_openml_multiclass,1.0885,10,100,400,0.0,0.0,,0.0,0.0,1600,0.0269548233160597,0.5982224505207439,0.3813443710677253,1.091503267973856,3.458850196925113,0.0014299614862347,8.978304541962245e-05,0.3822521358270552,0.1250390982177265,3.321405449538839,0.0768830894892297,0.1156709863684941,1.000625390869293,1.389684002862242,31.27099497149125,0.956087884528632,0.0344420487418759,0.0015529791568235,0.0015586431867833,0.941124748048092,0.0192575195644998,0.0,0.0,6.674042030537536,1.9256248067603323,0.999137109375,0.1062136159264154,0.0551802057368256,0.854375,0.5152417544036916,0.0245948727849948,0.4249103205239958,0.0231983778535484,1.4401284667639274,1.4343050482525903,1.0,0.1918625839393974,0.2808511680285189,153.0,0.095625,0.2810457516339869,7.84023498760328,1.033499560118175,6.0,0.3365846824065737,0.1429525718102872,0.2939211756847027,0.2872411489645958,-0.0654642618570474,0.99513087715318,0.8616656029002026,0.0079510370483828,0.000187862565549,0.9723076923076924,0.89937106918239,0.0,0.0,0.9807831904587956,0.93125,0.953560371517028,3.4594169485276938,3.449549620982645,6.740261672153025,6.534635666172677,0.2412216029333791,0.0403691268572359,3.459044440709873,3.4593178849046966,6.710046109395877,0.0706248235829511,0.2561682642337246,0.9272864498422726,0.0363147963644499,5.071856349065385e-05,0.9278663663212235,9.099655181520363,0.5348021272800022,0.0152036296079599,0.0165759748079549,0.2794637531714006,1.0493287441587382
openml_44741_robert_seed_3_nrows_2000_,real_openml_multiclass,1.0833,10,100,400,0.0,0.0,,0.0,0.0,1600,0.0260708170182677,0.608859950800881,0.3725014788968329,1.0849673202614378,3.458786627854041,0.00145509631179,8.395456577414695e-05,0.383132988911782,0.1341263167500742,3.3214385426920274,0.0843419977503471,0.121644660194278,1.0006253908692937,1.4810610136959883,32.076247386195966,0.954591822476672,0.0305022224178235,0.0027830637296152,0.0016606070029614,0.9494257499254078,0.0129671411873964,0.0,0.0,6.67667694363841,1.9826342202682248,0.999108203125,0.1035482269076591,0.0472235245522899,0.863125,0.5154909314665176,0.0267480194133653,0.4370464682211897,0.0221468819656706,1.4650369354918111,1.4431655521606828,0.99875,0.1846725647155201,0.2925021541663176,153.0,0.095625,0.2771241830065359,7.479963979187577,1.0326633783246857,6.0,0.1983986075111934,0.1537506069702993,0.2921183732927703,0.273414298476471,-0.0561444173487537,0.996153483253248,0.8778852093494461,0.0081503598149642,0.0005417543195207,0.9693251533742332,0.915360501567398,0.0,0.0,0.9768067168920528,0.9418960244648318,0.9559748427672956,3.459410772558852,3.450300646563542,6.730634927804944,6.554478610838874,0.2253046033550152,0.0501405653521738,3.459021567005358,3.459313122502832,6.7062058318760815,0.074510426705102,0.2333167770749043,0.9070766187307836,0.0412991081112418,1.176031124917593e-06,0.9076438961658844,8.923759341495522,0.4875623266998707,0.0223716411945627,0.0189569206461935,0.2424092674843669,0.9640134259749168
openml_44742_robert_seed_4_nrows_2000_,real_openml_multiclass,1.0833,10,100,400,0.0,0.0,,0.0,0.0,1600,0.0260708170182677,0.624118746966539,0.3189223545156885,1.0849673202614378,3.458996095706563,0.0007985750883291,8.395456577414695e-05,0.3769556997452958,0.1281692554679991,3.3214385426920274,0.0853340037561317,0.1193968723855058,1.0006253908692933,1.468385812698609,34.22963328645842,0.9573747759613336,0.0302933683227252,0.0010361807815575,0.0007694357323851,0.939986515217318,0.0179905827067657,0.0,0.0,6.683400629448047,1.8667296574039207,0.999083203125,0.0970340089505434,0.049787291971316,0.864375,0.5150759600168768,0.0268392492186305,0.4342255511462823,0.0221468819656706,1.4102792605119605,1.4272038410289034,0.999375,0.1999159701072672,0.2830728357732035,153.0,0.095625,0.2718954248366013,7.463514382439546,1.0326633783246857,6.0,0.1983986075111934,0.1604279509487516,0.2974503223314098,0.2700286785082883,-0.034088256834955,0.9967955886267345,0.8610523099933058,0.0040109624588292,0.0001703755537032,0.9660493827160492,0.9012345679012346,0.0,0.0,0.9764215855167176,0.9287925696594428,0.9561128526645768,3.4593982922488937,3.454663815302565,6.74012023181392,6.54553096870221,0.2352689785056592,0.040334062026714,3.4590601861382337,3.459313112135142,6.714473481446571,0.0663012390100852,0.2179903018956953,0.9226616799863288,0.0428802100339822,6.14633535110048e-05,0.9232387041764356,8.211987027776724,0.4988625535907211,0.0204368950133747,0.0187905035643778,0.2353222403310433,1.0551483348437576
openml_44743_shuttle_seed_0_nrows_2000,real_openml_multiclass,786.0,5,9,400,0.0,0.0,,0.0,0.0,1600,1.4913277955399342,2.5982882203446893,210.7032664753183,629.0,2.6905482597754125,0.830762193223085,0.6813795716758236,0.3724952858414824,0.3888992252899973,0.9589353757410476,0.2044180688787774,0.2750340590353339,1.000625390869295,1.0194420350523372,3.5787368274763245,0.7205262988280753,0.2795841939146586,3.76785914590572e-07,8.30827082725719e-07,0.0270219655700475,0.0837950706071063,0.0,0.0,3.381530046870693,7.776074969121871,0.812408984375,0.2679535886457668,0.2218003898112701,0.013125,0.0507784362607363,0.0668348393382275,0.0558317348300573,1.63978918667687,1.008738774189991,,0.025625,0.1017357372334089,2.3190879864769585,2.0,0.00125,0.4,6.968131833134134,113.94346938775512,4.0,1.3788325390980023,0.8624833110814419,0.9385847797062752,0.9445927903871828,-0.1228304405874499,0.99951268248092,0.2823471419098144,2.400532783918784e-06,0.0,0.2654690618762475,0.0,0.0,0.0,0.9777473358870692,0.0,0.0,3.452221142282053,1.207466511106678,4.108909545386116,2.15684328151172,0.6077319069405784,0.0095586053360059,2.474984125038183,3.271211044210881,3.95511912777032,0.034318017174804,0.0659830997577668,0.9151514378925824,0.0920507393262735,2.362707235978376e-05,0.9157237652458604,3.18379108857306,0.936250457138789,0.0003368920140232,0.0180343011509715,0.000747312028055,1.3734273432813484
openml_44744_shuttle_seed_1_nrows_2000,real_openml_multiclass,786.0,5,9,400,0.0,0.0,,0.0,0.0,1600,1.4913277955399342,2.432012637653266,72.2260871781428,629.0,2.7848398528598968,0.687588460907118,0.6813795716758236,0.3456506972531351,0.3956630894976963,0.9589353757410476,0.1960405119506823,0.2773612306870826,1.0006253908692924,1.010095473698289,3.6082478923464576,0.7352455030794187,0.2759565618641986,4.545561242687159e-09,1.3783131048975034e-08,0.0221523698446337,0.0686722248513452,0.0,0.0,3.4780131733455195,6.475306186785788,0.783941015625,0.2657620552554243,0.2218567973154131,0.020625,0.0767695549481897,0.0916910420268653,0.0826559397607702,1.63978918667687,0.9475454592188997,,0.0325,0.1243637469883889,1.3026935165672051,2.0,0.00125,0.2,4.543915052749759,113.94346938775512,4.0,1.3788325390980023,0.8711615487316422,0.930574098798398,0.9365821094793058,-0.102803738317757,0.9940457992417006,0.2785460775271261,4.3743124830794316e-08,0.0,0.217564870259481,0.0,0.0,0.0,0.9710570191445456,0.0,0.0,3.426727492966376,1.652660687369072,4.119453077979383,2.604610051767571,0.585134706913887,0.0069860113425481,2.4175573776780537,3.3543899193829865,3.954370897010755,0.0341140263801009,0.0529079557318467,0.9267638433161784,0.063782046648062,9.079946301173392e-05,0.9273434329617783,3.176979667598622,0.981506431991249,0.0003208470356568,0.0215501042575001,0.0007770426246826,1.3119447177911314
openml_44745_shuttle_seed_2_nrows_2000,real_openml_multiclass,786.0,5,9,400,0.0,0.0,,0.0,0.0,1600,1.4913277955399342,0.4039248526880857,9.108431725488574,629.0,2.818426847216067,0.7027048717209775,0.6813795716758236,0.5140075969677996,0.4232492568595632,0.9589353757410476,0.244346178256102,0.2950608767079092,1.000625390869298,1.1405060220195822,3.482198566294837,0.7008442666426143,0.2941200341093442,4.2711280015881847e-10,1.3506492663141931e-09,0.0214903526280771,0.0679584620249092,0.0,0.0,3.501980059222155,8.25521893899838,0.725253515625,0.27538216373496,0.2444637554884648,0.020625,0.0562239933225816,0.0837528701253511,0.093160408911822,1.63978918667687,1.5942350392589657,,0.02875,0.0430470584251248,2.4798661573878973,2.0,0.00125,0.3,10.08502573020064,113.94346938775512,4.0,1.3788325390980023,0.8818424566088118,0.9405874499332444,0.9532710280373832,-0.0987983978638183,0.9998674827157688,0.2547424216601836,4.271128001588185e-09,0.0,0.2149035262807717,0.0,0.0,0.0,0.9639631894035552,0.0,0.0,3.4342403005336783,1.657501141741474,4.168787645564032,2.608427315472754,0.7200322405772668,0.0080092020097679,2.4777452574497887,3.40334980776517,3.940224194371697,0.0383517946574265,0.0707607359525403,0.9630628648023742,0.1083569071760791,0.0014623906492624,0.9636651555245868,3.3230940422252635,0.9977995200612212,0.0002940488770924,0.0198170807602056,0.0006643521041294,1.519949226456088
openml_44746_shuttle_seed_3_nrows_2000,real_openml_multiclass,786.0,5,9,400,0.0,0.0,,0.0,0.0,1600,1.4913277955399342,0.6764716701240978,8.505146623773651,629.0,2.7233357737738384,0.7837080350917969,0.6813795716758236,0.350387872585516,0.399730353962008,0.9589353757410476,0.2104746192202928,0.2784923823050045,1.000625390869293,1.0385935555592218,3.626386082789746,0.7228393691094714,0.2800479756797702,1.0212881009623427e-09,3.2295965462690062e-09,0.025626749200654,0.0782352379155892,0.0,0.0,3.417838363306048,7.09525722169614,0.795272265625,0.2644327862088383,0.2275401381577584,0.019375,0.0702028430654222,0.0916943989523841,0.0863041438940408,1.63978918667687,0.970439712655792,,0.025,0.1133757644192225,1.197641942974465,2.0,0.00125,0.2,4.181672699771184,113.94346938775512,4.0,1.3788325390980023,0.8738317757009346,0.930574098798398,0.9432576769025368,-0.1134846461949266,0.9973046883393148,0.2791986714891863,1.0212881009623431e-08,0.0,0.2481703260146374,0.0,0.0,0.0,0.978774600167068,0.0,0.0,3.4431149922794457,1.184876553855739,4.09900113659269,2.139722437470872,0.5962135681400795,0.0040894921259151,2.40471978670375,3.270841409913152,3.9588694841933534,0.0271858476991888,0.0491743826285866,0.9329421739624862,0.0852868814608798,0.0005308230582456,0.9335256274796636,3.2892794735224733,0.9621453002842392,0.0003062537667956,0.0238844620415965,0.0008006423686043,1.2795785731564302
openml_44747_shuttle_seed_4_nrows_2000,real_openml_multiclass,786.0,5,9,400,0.0,0.0,,0.0,0.0,1600,1.4913277955399342,1.0584993044944997,11.280030099935074,629.0,2.79281015811298,0.6958457281323638,0.6813795716758236,0.4232313055919899,0.3845781049075436,0.9589353757410476,0.1951383434589158,0.2876992266090647,1.000625390869296,1.0335814420799094,3.695365809016949,0.7260440773007073,0.2736508612480439,,,0.0233343899239187,0.0713062108121861,0.0,0.0,3.4922487951546604,7.9957535704087155,0.824092578125,0.2594967386993674,0.2198787509710184,0.013125,0.0693912093147216,0.0780326531377219,0.0611414255738345,1.63978918667687,1.1601999084552346,,0.024375,0.0849669393731371,1.8341196257759245,2.0,0.00125,0.2,4.511545872655437,113.94346938775512,4.0,1.3788325390980023,0.8644859813084113,0.9465954606141522,0.9532710280373832,-0.1154873164218958,0.9998363512576488,0.265429018074712,,,0.2262142381902861,0.0,0.0,0.0,0.9563611197931806,0.0,0.0011904761904761,3.447076942476801,1.6086263172991304,4.143409384724723,2.5616699894598147,0.5896425062292678,0.0058917035803633,2.4570620410912603,3.3865217157120218,3.970768032654517,0.0310086240823714,0.0703916968772851,0.9113845832444885,0.031305544348967,0.0011161553904182,0.911954554841264,3.0615926793075645,0.9864868351066822,0.0003767130729789,0.0091995863403407,0.0007251143293204,1.6228501447300954
openml_44768_okcupid-stem_seed_0_nrows,real_openml_multiclass,7.4583,3,19,400,0.0,0.0,,0.0,0.0,1600,0.8187323471379399,0.4084474723732172,0.614215332251029,7.435064935064935,1.9069699013089,0.984573109570623,0.4745509089719933,0.360991770898208,0.0664921076028869,1.1239182797817773,0.0490117229557845,0.0635600176474876,1.000625390869297,0.3494312188535051,46.12052185719718,0.9832263511542596,0.0303432070464503,0.2881695903675285,0.2079804023223728,0.926057686910753,0.0673301802738818,0.87466370456893,0.0995615539289285,3.006519023186051,0.3090795196468618,0.99656171875,0.0243691579046256,0.0320370080509926,0.505625,0.4730132739659672,0.0838984640308929,0.4812282986505873,0.5176329336744254,0.2650513176859225,,0.815625,0.7513594345938381,0.2725440480021167,154.0,0.09625,0.3571428571428571,2.424627186954016,4.397865700191281,2.0,0.647478442298522,0.7158102872411489,0.6677902471609887,0.6978009352037408,0.096069472277889,0.9995684769315706,0.8937948665182275,0.528276923076923,0.1639687159687159,0.9937759336099584,0.859122401847575,0.9896265560165975,0.8167821401077752,0.9979738964520966,0.8921985635611502,0.959525329442342,3.421787206626499,0.0075538126840678,4.506865675201148,1.131170920697922,0.1210429520625493,0.0003011717679231,1.2099135715399782,2.635466383476807,3.739983382275669,0.0046936141560294,0.313974750716821,0.6813810241409981,0.0352917076066332,0.0002293211162888,0.681807153612006,1.827665925664248,0.970433578473417,0.286855368420328,0.0180505647913071,0.8107533096264299,1.1572037412385645
openml_44769_okcupid-stem_seed_1_nrows,real_openml_multiclass,7.4583,3,19,400,0.0,0.0,,0.0,0.0,1600,0.8187323471379399,0.5989761598280083,0.6242347460313603,7.435064935064935,1.938783302247464,0.9847598848102748,0.4745509089719933,0.3472584886954768,0.0929021052787577,1.1239182797817773,0.0481570965912217,0.060115291392385,1.0006253908692933,0.3353582096778137,45.41071957857051,0.9843909791082504,0.0279298617275841,0.129002379809884,0.0556603706314022,0.9411755782391988,0.0463631688239259,0.8863048822954145,0.0748593779129298,3.037951516621509,0.2916923590204652,0.99744375,0.0247500654077315,0.0371943758528252,0.536875,0.4787453295128484,0.0873687451989381,0.488182741392115,0.5176329336744254,0.2498077171073586,,0.835,0.7637117067671001,0.2731326924854221,154.0,0.09625,0.3662337662337662,2.5894435613156035,4.397865700191281,2.0,0.647478442298522,0.7158102872411489,0.6637902471609887,0.7131449565798264,0.1194161656646626,0.9997989237197376,0.8960493159671198,0.1795260225434565,0.0693370992780253,0.9854771784232366,0.8929946112394149,0.9723374827109268,0.836027713625866,0.9990947426560792,0.91902477814718,0.9652660617390908,3.4224633977820265,0.0138570614629078,4.525061391955895,1.1372169442256217,0.1449796560308796,0.0005583970190636,1.2232758562271404,2.652305979133033,3.7519005263057608,0.006134355971646,0.2815667800663607,0.5882557654827258,0.0342720344805389,2.5308413974875995e-05,0.5886236552672832,1.791817417793134,0.9744306512922178,0.3754177033105928,0.0140889556987567,0.7980439392008583,1.1567298017866874
openml_44770_okcupid-stem_seed_2_nrows,real_openml_multiclass,7.4583,3,19,400,0.0,0.0,,0.0,0.0,1600,0.8187323471379399,0.5069672307010373,0.6465460280762144,7.435064935064935,1.92934663282934,0.9705774154897188,0.4745509089719933,0.3586306257057562,0.0801446654566732,1.1239182797817773,0.0461826753443959,0.0625766362485606,1.0006253908692928,0.3385749205666485,45.763099001859366,0.9828755396524514,0.0285028030331201,0.2622619857712431,0.1715704899745344,0.91898052382945,0.0746335234294254,0.8711343741721403,0.1025850392604071,3.028705424632908,0.3087507027033983,0.997549609375,0.0245594879782095,0.0347603272892781,0.529375,0.4806500256824677,0.0821147753843455,0.4885969082093079,0.5176329336744254,0.2636550187893665,,0.82375,0.7520712302014615,0.1907907071227187,154.0,0.09625,0.3467532467532468,2.6614497542709787,4.397865700191281,2.0,0.647478442298522,0.7158102872411489,0.6524301937207749,0.7151422845691382,0.1174068136272544,0.9999438766052956,0.8939684327692038,0.4601987382379989,0.1560676461219939,0.995850622406639,0.8468052347959969,0.9868603042876902,0.7913779830638953,0.997799267480776,0.8805454745408556,0.9550681683461766,3.418132262620441,0.0,4.498544120742204,1.1239182992012295,0.1395012990911617,-1.941945226846542e-08,1.2493087842256023,2.6086551879790827,3.7119493362080576,0.0066972769122233,0.3019597892854153,0.66365039330077,0.0333432673271351,0.0011113720508279,0.6640654341971426,1.781249302536971,0.93905588122234,0.2976683311416782,0.0159118095485645,0.8025269549405819,1.1611272065359968
openml_44771_okcupid-stem_seed_3_nrows,real_openml_multiclass,7.4583,3,19,400,0.0,0.0,,0.0,0.0,1600,0.8187323471379399,0.5919822904944336,0.5992691943951531,7.435064935064935,1.9264418358462745,0.9913934674838576,0.4745509089719933,0.3268291563012982,0.1110801834238107,1.1239182797817773,0.0452337398049726,0.0582899478949483,1.0006253908692948,0.321222338593903,52.40673881115013,0.9858541652868444,0.0281060207765053,0.36347853391825,0.3828936980067803,0.9671404214119804,0.0250863993347602,0.9220492557272526,0.0611608427973021,3.0289140515287025,0.262337147708821,0.997717578125,0.0214460640993492,0.0350012830902305,0.544375,0.4836342578877849,0.0809236097105386,0.4922142412477054,0.5176329336744254,0.2259734019667042,,0.830625,0.7841565965664927,0.2467140398021503,154.0,0.09625,0.3727272727272727,2.426230513174976,4.397865700191281,2.0,0.647478442298522,0.7158102872411489,0.6764582498329994,0.7058183032732132,0.1080788243152972,0.9999636895257618,0.8955211327217883,0.8055826621734737,0.1384845403044584,0.995850622406639,0.9494505494505494,0.9923928077455048,0.8814472671285605,0.999264976972955,0.9527853209146512,0.975985357392696,3.4300963767225268,0.0,4.522747251787224,1.1239182992012295,0.1291865283479021,-1.941945226846542e-08,1.2255732104551074,2.648818034482898,3.756018187542362,0.0038511636738779,0.2482836053468761,0.5864665717044729,0.0301949837192988,0.0001933759665817,0.5868333425435635,1.761645086052361,0.9648173706987712,0.3690552931469371,0.0143974345475077,0.7883318772889659,1.1797430203380883
openml_44772_okcupid-stem_seed_4_nrows,real_openml_multiclass,7.4583,3,19,400,0.0,0.0,,0.0,0.0,1600,0.8187323471379399,0.4984342320556585,0.6861394078020296,7.435064935064935,1.9092356704358004,0.9878535953787538,0.4745509089719933,0.353984217297374,0.0886871344193905,1.1239182797817773,0.0517071428166693,0.0652382946213993,1.0006253908692977,0.3624291100907081,45.08368522095395,0.9818605797666268,0.0297257323683808,0.2309989870597172,0.0801063112549794,0.9682643221870652,0.0169223102631752,0.9309984471206476,0.0450424829404791,3.008224349314868,0.3028242234474892,0.997452734375,0.0249296009027097,0.0358842927884238,0.53375,0.4783443753252744,0.0856185869117335,0.4879024292702434,0.5176329336744254,0.2584750600027921,,0.81125,0.7562561320420813,0.2975460841535274,154.0,0.09625,0.3506493506493506,2.5712744477043805,4.397865700191281,2.0,0.647478442298522,0.7224863059452238,0.621064796259185,0.7091476285905144,0.0967294589178356,0.9999894859424504,0.8908611442939492,0.3200457193201549,0.1647954293209564,0.9854771784232366,0.9516483516483516,0.9757952973720608,0.8857142857142857,0.9992516151533044,0.9596578940689796,0.976572307456422,3.4216116028424346,0.0075538126840678,4.494139661267641,1.131170920697922,0.1407084407452736,0.0003011717679231,1.2100849103232614,2.6613222946512742,3.766360466546874,0.0056733316253478,0.2912729431454202,0.6772348449815953,0.0362831114178823,0.0006643643592536,0.677658381470013,1.8813434797915192,0.9391591183343068,0.2895493082471287,0.01777056593486,0.77635217463265,1.1729641869237586
openml_44778_KDDCup99_seed_0_nrows_200,real_openml_multiclass,1147.0,8,41,400,0.0,0.0,,0.0,0.0,1600,1.5250983574838706,4.869340581043256,586430780.0816407,916.0,0.5803174246516595,0.6224809934892539,0.3915059304951201,0.8440955293448061,0.3058592001354303,1.480175417584381,,,0.7565704174865376,1.7858491888532089,4.062232672065503,,,,,0.0185142944902015,0.091817452146694,0.0,0.0,1.6961179929658323,9344.27729358648,0.610010546875,0.3643748492702078,0.3987784958741066,0.01,0.0163881793191429,0.0648964567046095,0.0611414255738345,1.456415431610256,5.548779940464131,,0.010625,1.0602884377345386e-11,5.710133078533129,1.0,0.000625,,,193.76528523338104,5.0,1.4708273607882982,,,,,,,,,0.4865671641791044,0.0,0.0,0.0,0.8549150836872179,0.0,0.0,2.0494213072844314,0.0,2.5577088614978742,1.4801758394974307,1.226990303237887,-4.21913049608591e-07,0.0075538126840678,0.8840231818176586,1.7605873576246331,0.0014613192890793,0.1572528988744824,,,,1.000625390869291,9.969806827250832,0.0281537033193185,-1.2342352969419921e-15,0.0181879815325311,1.508164114096864e-15,0.8937197468404252
openml_44779_KDDCup99_seed_1_nrows_200,real_openml_multiclass,1147.0,8,41,400,0.0,0.0,,0.0,0.0,1600,1.524419971661353,5.047622596416671,6950658.761705841,917.0,0.5745863309163669,0.6227640212829596,0.3919710170522348,0.9596170844454838,0.0508639846354403,1.4922391739109304,,,0.7809759148248104,1.8074309872637155,4.055442996665085,,,,,0.0003401360544217,0.0017998308238534,0.0,0.0,1.6988659070378462,48320.480181332045,0.6076636718749999,0.367959597789451,0.4046912202570232,0.010625,0.013644578226946,0.0504494378400173,0.0353442818771775,1.591006848628816,6.461577510915519,,0.008125,2.6145291633197214e-14,11.486223126712352,1.0,0.000625,,,152.83834418708813,5.0,1.4804401323074965,,,,,,,,,0.0095238095238095,0.0,0.0,0.0,0.8026146007084871,0.0,0.0,2.0475286791233307,0.0,2.560498289176044,1.4922395769232004,1.264533700200138,-4.030122700005023e-07,0.0075538126840678,0.8647315964311596,1.7543691119969202,0.0014728431002513,0.8621696121219087,,,,1.0005635698122255,10.123674581591745,0.0334890492722587,-1.3461802134378914e-15,0.0150429100098875,7.202360712763014e-05,0.9341698315818378
openml_44780_KDDCup99_seed_2_nrows_200,real_openml_multiclass,1147.0,8,41,400,0.0,0.0,,0.0,0.0,1600,1.52357720513271,2.9482870303312625,671340.0736402058,914.0,0.5785839982241545,0.6215286403949835,0.3900591046404261,0.8399472298155731,0.2674610657758484,1.4766752432984174,,,0.756570417486537,1.812282875518803,4.092116743927715,,,,,0.0088463759478185,0.0339641635143113,0.0,0.0,1.6944007089575728,26388.318241941568,0.617227734375,0.3608585325649991,0.3965130320689206,0.0125,0.0192054025890202,0.065036113339805,0.0558317348300573,1.458478003504469,5.367791972359703,,0.010625,9.27390884964726e-12,8.616781870534366,1.0,0.000625,,,166.52967627711124,5.0,1.460837010320241,,,,,,,,,0.1766129032258064,0.0,0.0,0.0,0.8216941135710669,0.0,0.0,2.0505726087975047,0.0,2.547791407135982,1.476675661414502,1.2290894036662792,-4.181160846439269e-07,0.0075538126840678,0.8746979615834899,1.758830251282027,0.0014331871032498,0.2507364218354315,,,,1.0005848629709986,9.913366116045822,0.0230098074424345,-1.3893197221244917e-15,0.0255392454643802,1.097575032249155e-15,0.5829625558841263
openml_44781_KDDCup99_seed_3_nrows_200,real_openml_multiclass,1147.0,8,41,400,0.0,0.0,,0.0,0.0,1600,1.2245815611873303,1.581710596004884,63468.37235331292,917.0,0.5794184871559344,0.6198914759508296,0.3620785544647912,0.8982399884429224,0.1050877744150131,1.4673858179630732,,,0.7321649201482591,1.8506086897091047,4.0080757033185135,,,,,0.0019839366282356,0.0042266350314723,0.0,0.0,1.6806969941348011,619.0777450942966,0.6076328125,0.3661073109842065,0.4010722947130896,0.0075,0.0150696198317528,0.0488162268484518,0.0353442818771775,1.5748034481404585,4.07834914551571,,0.0075,4.433863401594425e-07,5.656831624500764,1.0,0.000625,,,148.74494555703902,3.0,1.0596632769692833,,,,,,,,,0.0123076923076923,0.0,0.0,0.0,0.8729229754018573,0.0,0.0012116316639741,2.048511731964904,0.0,2.527995851538336,1.467386055774846,1.2321713280755997,-2.378117727186435e-07,0.0,0.8817255380783358,1.7595314857920537,-2.378117727186435e-07,0.7611229101413471,,,,1.0006122164042897,10.364119691880202,0.0213274156018045,-1.1845817883633492e-15,0.0395547894001433,1.1784873155941937e-15,0.6830897269365817
openml_44782_KDDCup99_seed_4_nrows_200,real_openml_multiclass,1147.0,8,41,400,0.0,0.0,,0.0,0.0,1600,1.510959959760681,5.0522833641877725,800317365.4554373,906.0,0.6023860987599909,0.6675814926380196,0.3832985029770529,0.8490847468136159,0.3009156734435041,1.5032601996146178,,,0.7809759148248153,1.7789339895577267,4.122716159397019,,,,,0.0036194140664144,0.0136609753541052,0.0,0.0,1.7410177036584298,2781.939447887313,0.6229046874999999,0.364628594716179,0.3996610704877845,0.01,0.0184912063548616,0.0629499838156202,0.0499530736639928,1.6063266178796678,5.589915806044543,,0.011875,1.7609173750968044e-12,7.317561665475373,1.0,0.000625,,,149.4140565771358,5.0,1.446767444047276,,,,,,,,,0.0699088145896656,0.0,0.0,0.0,0.8190831688417952,0.0,0.0,2.408944812644956,0.0,2.9086537284836416,1.5032606003746691,1.2574487907880538,-4.007600513666887e-07,0.0075538126840678,0.867643528313296,1.7831452287677187,0.0014415534547831,0.1777306982550124,,,,1.000598821564286,9.887714051801968,0.0325866339660331,-1.2957144545879696e-15,0.0167234463080411,2.165399310754029e-05,0.9008809532810688
openml_45067_okcupid_stem,real_openml_multiclass,6.8262,3,13,5336,0.0,0.0,,0.0,0.0,1998,0.8247288825571959,0.6166259033239845,1.1118165681292214,6.826743669480231,1.7566406274393211,1.2056731554475626,0.4843595804648304,0.3856261231391544,0.1688664796228324,1.1212956455802188,0.0618593919817184,0.0894554350414107,0.9975698683884728,0.3871248201722576,36.35267634407434,0.9680019315266346,0.0611666817390707,0.3813998305671044,0.1567127343305657,0.9501657478297444,0.0397522361340719,0.9178592666945125,0.0571708104482613,2.847091346088514,0.4186654584932885,0.9974869764659554,0.0308449269310262,0.048217953164367,0.51001001001001,0.46190649438226,0.1240968246420867,0.4834254335720619,0.5026372525746673,0.3259309016348771,1.0399802051179452,0.6796796796796797,0.6921457833230011,0.51761702509611,2251.0,0.1054777189447542,0.5011994669035983,1.8715180109593492,4.202753512043215,2.0,0.6738680050246658,0.7131476285905144,0.6551115564462258,0.7211449565798264,0.0827227788911155,0.9995446048881342,0.7811615393729413,0.5518152123217712,0.2434870227899779,0.9848993288590604,0.906810035842294,0.982662192393736,0.8745519713261649,0.9977658450098892,0.9327989573150864,0.9718436038234696,3.562035390524732,0.0062095469537731,4.678754655246699,1.127269288013263,0.1559044769040727,0.0002359045207285,0.7618956802208204,2.254373252183874,3.3640761551875182,0.0045763808582517,0.2662194902827497,0.6599121714639631,0.0353486555896786,0.0007486759252193,0.6495841123013562,1.7596257233854646,0.9640326607510664,0.2951487187789429,0.0185653678839256,0.8253864761246542,1.0949264873213918
openml_45282_AfriSenti,real_openml_multiclass,1.0874,3,2,22344,0.0,0.0,,0.0,0.0,1998,0.0368038012069318,0.6576319877836996,0.0134141211124698,1.0873836967087904,2.2088796379853326,1.20481946881829,0.0010163856998082,0.0573663298442462,0.0621533239273506,1.584002393486017,0.0734481314571108,,0.9944045362030852,0.1035500867245682,55.79706370581363,0.995053017672082,0.0047543270002734,1.0,0.0,1.0,0.0,1.0,0.0,3.764493397943293,0.0105513186609924,0.9999977454932408,0.0283886335280574,0.0382868125739639,0.6726726726726727,,,0.4863321319613081,0.0290382467237463,0.0104448272748159,,0.019019019019019,0.9895570206336282,0.1230070347788966,28804.0,0.3222789115646258,0.4156297736425496,0.0037494792389945,1.0578897286870828,2.0,0.6199900054704875,0.3858530394121576,0.3624662658650635,0.37249832999332,0.0607521710086839,0.9984148345339536,0.9916912008102104,1.0,1.0,1.0,1.0,1.0,1.0,0.9967339261030178,1.0,1.0,3.06081565449232,1.3569436214783457,4.589356549649211,2.9396302462373733,0.0554614983291257,0.0013157687269891,1.7829116297318393,2.634847646238826,4.176924973796251,0.0148522011275232,0.0134172930219325,0.0734481314571108,0.0734481314571108,0.0734481314571108,0.0730361568518371,1.0676255047184826,0.9944045362030852,0.921183567687688,0.0734481314571108,0.9577940519453866,1.031015020460784
openml_452_analcatdata_broadwaymult,real_openml_multiclass,5.619,7,7,57,0.0,0.0,,0.0,0.0,228,0.7803074107545994,1.2004955022417518,0.658503008792543,5.529411764705882,1.9237809316283367,0.7328876756186955,0.1397236799295391,0.2318199934173528,0.1886130840365807,2.4797364687855645,0.1256211591575551,0.1498396642710833,1.0044052863436137,0.5122902472870643,12.98224233278444,0.9115768101183148,0.0551714318227088,0.3397984322407699,0.1533184698756,0.7175720724430978,0.1564959543545473,0.413279305448025,0.2682327056536181,4.212507526678653,0.6371686107754146,0.993344105878732,0.1910098737352493,0.1828163564397731,0.8333333333333334,0.5763028724008704,0.1322950802048982,0.4313977591345247,0.6732863888375104,0.5003175334370803,,0.9166666666666666,0.5699807424253304,0.5215822574671054,17.0,0.0745614035087719,0.4235294117647059,0.6543052109289776,2.198990479382636,6.0,1.9285247213185053,0.4122807017543859,0.4824561403508772,0.4122807017543859,0.1973684210526316,0.9753889729808278,0.8398685282123804,0.6561354200978402,0.1278780914630046,0.9130434782608696,0.4117647058823529,0.8043478260869565,0.0,0.9539475621221384,0.6216216216216216,0.8490566037735849,2.5846294301756623,0.9621461334087,4.956219984729988,3.3739398929236395,0.5727214742131754,0.0308994686945309,1.2889514110240785,2.543339452064007,4.828309180940576,0.0880443117509319,0.0400560504224061,0.5390297448117614,0.0501640147912177,0.0022607150556575,0.5414043251853814,1.9743639656241772,1.0121875655026842,0.3334269775019551,0.0186216502527508,0.7775934256752886,1.0778358222129505
openml_4538_GesturePhaseSegmentationP,real_openml_multiclass,2.9559,5,32,1975,0.0,0.0,,0.0,0.0,1998,0.4111751671477904,0.5754236389456696,0.3759427233764396,2.957393483709273,3.584955317544905,2.2337134746726524e-06,0.0503855242882173,0.2894494635504988,0.1637473802363106,2.193392650020663,0.1050178477078459,0.1597230667530854,1.00574035237827,1.103806681806306,13.813136798361697,0.9650069397952656,0.0500586827342243,1.5545579905168388e-07,4.471578186856307e-07,0.9091581576203336,0.0424122372481867,0.5774141200173812,0.1247662624912724,5.619557630364186,0.5100206117507832,0.9987657827998168,0.1587903372013813,0.0695295479659659,0.6751751751751752,0.4799452787491917,0.0842980730533112,0.4985984136001079,0.3483249304455111,0.4155635814014506,1.5539377420937797,0.8688688688688688,0.6319183773573522,0.2291182305186627,798.0,0.1010382375284882,0.5488721804511278,7.2595161528679295,1.984928124212748,2.0,-0.0932766847070052,0.459941215764863,0.4325370741482966,0.4572598530394121,-0.0080093520374082,0.9996509308640092,0.822550925031048,1.4255394668837933e-06,1.4976012990276959e-15,0.9490695396669931,0.804755944931164,0.761998041136141,0.3933649289099526,0.9980407886584431,0.8972848188350405,0.9336084188027844,3.584955995579937,3.58494732194098,5.724442625041224,5.443361008912239,0.3349876366883606,0.0538973469204187,3.584955995579937,3.584955995579937,5.666896056992297,0.1114525886083033,0.1333851147089173,0.9440316930585492,0.0535392931195057,0.0001657300850264,0.9928658230650452,4.598427266578021,0.5178857371199106,0.0387107358536412,0.0231746033358784,0.1735666207413519,1.4832364007004533
openml_4541_Diabetes130US,real_openml_multiclass,4.8309,3,49,20354,0.0,0.0,,0.0,0.0,1999,0.5247063738659065,0.6113414659933372,0.0864952158520026,4.83115024766098,1.160383186900348,1.269847917411534,0.1814641234632695,0.2572447840267121,0.0877436512701651,1.3634673258172807,,,0.7937444917084322,0.5776513773432536,235.36086151412,,,,,0.9885532051453968,0.0079462839250547,0.9373451993744388,0.0393261985296631,2.5180574198599386,0.1531307242336536,0.9990110112585056,0.0057930928576902,0.0080558868761864,0.6838419209604802,0.504898203595474,0.0603384251741401,0.4994081377268473,0.4237240988369637,0.1400487061561198,,0.9709854927463732,0.863835749919865,0.1871930141451979,9085.0,0.1115928855696948,0.3212328013208586,3.933266432541861,3.1682153132503728,1.0,-0.136047442138226,0.5554175016700067,0.125500334001336,0.5447214428857715,0.1174869739478958,,,,,0.9971846846846848,0.981541802388708,0.982545045045045,0.9109663409337676,0.9989707219243726,0.9842374653757529,0.9920589065237412,3.5849561804964467,0.0,4.938909560497743,1.3634673382670657,0.0407303251929174,-1.2449784758672422e-08,0.0294766223181296,2.0838287879038995,3.440439402806204,0.0002281379237869,0.1952006532075107,,,,0.5436010974376912,2.557179728804381,0.8296382510189537,-3.0984679191156516e-16,0.0007407015619451,0.4530843239511655,1.059116271087326
openml_454_analcatdata_halloffame,real_openml_multiclass,21.3158,3,16,268,0.0,0.0,,0.0,0.0,1072,1.216363541500833,0.5389109769029045,2.320937280050402,21.13043478260869,3.248124716585002,0.2369209191649776,0.8472175177114332,0.5322108319744969,0.2542196627049341,0.5401885107933424,0.5058545200125554,0.2840108151054415,1.0009337068160602,2.3203664240771804,4.10206939502188,0.7903049545105785,0.1043961796578561,0.0002680894094141,0.000225010421958,0.4591029436357393,0.2754138925830841,0.0597790773229369,0.1035403991529153,3.656626398421015,1.169839905398928,0.763851567721096,0.1316868289573295,0.062786324029816,0.126865671641791,0.2852334089544814,0.1376643866383002,0.2802301268732787,0.6522942536792554,0.631124376247783,1.1695022445277146,0.2182835820895522,0.4318437727472367,1.4522396740389345,46.0,0.042910447761194,0.5652173913043478,3.1570915724108883,13.43478260869565,2.0,0.7069271250020015,0.9067284269387456,0.8404952297492554,0.9291034849694068,-0.0065229071144287,0.9988259438324004,0.6386651513657674,0.0005270552343033,0.0001203796995453,0.75,0.2023575638506876,0.1793372319688109,0.0,0.8180715002861236,0.3136544154536089,0.5874756335282652,3.32191807028362,2.386070605854393,3.835188900191177,2.919687074937724,0.2138447276579071,0.0065720417100108,3.31947749277637,3.3218614979624475,3.7293643028659886,0.1170986730280508,0.3524503845648812,0.9836925654707336,0.5521556911661194,0.0096132229374742,0.98461104592402,9.414126313042168,0.1918247706180316,0.0029531288853299,0.2429367123117905,0.0425662972098922,0.6921407788063408
openml_45548_Otto-Group-Product-Classi,real_openml_multiclass,8.3577,9,93,12376,0.0,0.0,,0.0,0.0,1995,0.7208763179169575,0.9337550099441276,0.8897082143829166,8.35904082955282,0.975838693125699,0.526780231715853,0.0741368825633129,0.5911231951754583,0.2557957056063603,2.8117561790771006,0.0728218557287028,0.0944766167297448,0.999914466599399,1.1852996956802402,28.31827038077301,0.9028808297022222,0.0840008957879012,,,0.7456581275401206,0.1258488905421343,0.039050620929453,0.1451207943262517,3.688303632262306,9.045288366411944,0.993457830038756,0.0992912399404934,0.0622567931721947,0.4601503759398496,0.4616018021252545,0.0959570436359952,0.4762533926254226,0.6218808722085868,3.2534331560421337,,0.7218045112781954,0.0062237588733158,0.6416033035118427,1543.0,0.0311704577592824,0.5565780946208684,10.255352083273367,3.040334384288668,5.0,0.7674391192142047,0.3689842871821286,0.4545650873366546,0.665784044662283,-0.2667208580480908,0.9883258625599936,0.3586940519729442,,,0.9679075738125802,0.44,0.7560975609756098,0.0,0.9543653861949574,0.6712927298988927,0.8521124146124146,2.58413030970386,0.1389000448329176,5.2274360915170845,2.937533900899757,0.3064908940276445,0.0098202236997346,0.6320000850322365,1.254252250015391,3.9373848468405326,0.054487249421566,0.2425108101785468,0.8772806863591553,0.0395899009011334,2.001050287482904e-05,1.375592858243016,7.751481679098759,0.6320215847285363,0.0654121421291623,0.0168620792458563,0.3497979361550907,1.1086782698118849
openml_455_cars,real_openml_multiclass,3.4795,3,7,82,0.0,0.0,,0.0,0.0,324,0.6222791714091344,0.6342818003311664,1.5203593987393935,3.5,2.431243360486252,0.3860393848519448,0.2981176739527342,0.4903832453862196,0.3505627722509576,1.3262860396547338,0.6410453291881587,0.2187168153280959,1.0030959752321988,1.7931269789802868,4.6588809723082765,0.7138975371601205,0.1675417579319201,0.0453831240649571,0.0607430300381721,0.5477468964517307,0.248700568030102,0.396181430746684,0.1866465261230045,3.4728503006881355,1.2604770360378756,0.9073788294467308,0.284679099452849,0.1683466275169805,0.3703703703703703,0.3334838537313521,0.189380092133515,0.42243173698412,0.414313575916807,0.6038457119993192,,0.4567901234567901,0.4282055271572421,1.036631833668788,58.0,0.1790123456790123,0.5517241379310345,0.5873957184242257,2.602809706257982,2.0,0.704172503358172,0.7222222222222222,0.6882716049382717,0.7098765432098766,0.0123456790123456,0.9607382345421864,0.5433259360878737,0.115189186786,0.0045597123317195,0.8347107438016529,0.3947368421052631,0.6115702479338843,0.2819548872180451,0.832970611889453,0.4042649727767695,0.6242519236249644,2.58463414710852,1.555884491404814,3.859802486379494,2.4771729279028207,0.5102570854899011,0.0376373742756315,2.5709907653003348,2.5809820939440318,3.725259152288048,0.1768122690042366,0.2424979318960121,0.9357409038629226,0.7093944173095101,0.3202781236633902,0.9386379345250376,5.002743566570449,0.203353486067165,0.0360096345019028,0.432721846446117,0.1061545937655017,0.7836279759774363
openml_45714_PriceRunner,real_openml_multiclass,2.4869,10,4,7060,0.0,0.0,,0.0,0.0,1994,0.259887562135266,1.1416815977698096,2083.382745647524,2.486440677966102,3.4561065152798065,0.247905496826488,0.0084396843690811,0.5985273376781084,0.4672590665969491,3.273405009246145,0.3419701049066151,0.3591677036768987,1.004120895027719,0.9502064442804864,1.850127116628373,0.4151366240456067,0.4841793833752981,0.0,0.0,0.0,0.0,0.0,0.0,4.960224982090144,12159.47236287969,0.9798711581082264,1.769286542435808,1.3186157598630577,0.0727181544633901,0.0834494338214034,0.0989886720961262,0.0706569046018197,0.2404486047037968,2.087933001743334,1.7739579815859443,0.1389167502507522,2.756245453478124e-07,1.4964394731982695,1770.0,0.0626770538243626,0.9983050847457628,0.149011214876695,1.416023340858421,4.0,0.4463154507481773,0.2713915112688563,1.0,1.0,-0.6998629119014469,0.9160917821312192,1.1869409011751503e-29,0.0,0.0,0.0,0.0,0.0,0.0,0.7869635946295999,0.0,0.0,3.5849545185161618,3.084395169472142,6.26400665032642,3.273426462455415,3.0843737162628724,0.5795550839846513,3.4487163361667297,3.5849283656785387,6.191596378723171,0.6630375478387034,0.1166472831942403,0.9284789061116836,0.2805121615140554,0.0223760868565757,0.9293312523603262,2.30691915377178,0.8191119052429336,0.0713406158532301,0.0573024761895439,0.4890213555453412,1.3342114447253115
openml_458_analcatdata_authorship,real_openml_multiclass,5.7636,4,70,169,0.0,0.0,,0.0,0.0,672,0.5003364797518981,0.2332553051678223,4.859190263551706,5.75,2.7733126706085973,0.3344567148341882,0.0973528809915665,0.9386471991852078,0.0253321283217205,1.7873756212282004,0.147925249493768,0.115022802144581,1.001490312965722,1.5699667094864822,6.823592497890224,0.7508295467013536,0.1367172438890264,4.424056122865568e-14,6.82592526288175e-14,0.2704786233001885,0.1617780880652341,0.0,0.0,4.29874773460381,25.10411609376685,0.9184869260204082,0.2619405572329878,0.1633886274330526,0.0223214285714285,0.4352548106072249,0.0264186887911839,0.0941384066135842,0.5781972104110091,2.644459127065321,,0.9672619047619048,0.0014194797662517,1.0839425128360072,44.0,0.0654761904761904,1.0,8.527872765673484,3.148493743155273,2.0,-0.4171525758774235,0.6666666666666666,0.9791666666666666,0.9955357142857144,-0.3273809523809524,0.9703087189254422,0.3895613630505583,1.4092775044564345e-13,5.482012009373179e-26,0.5346938775510204,0.0437710437710437,0.0,0.0,0.8473503826917012,0.2033504751476281,0.3076112531969309,2.999139064598728,1.1830056806765854,4.720533487982749,2.8297285560358865,0.7914883757343176,0.0290686432868478,2.704251229490837,2.9721082327785826,4.497728223941127,0.1306901219584437,0.9110661760258116,0.7174117191942355,0.1222200610093441,1.547008200075534e-05,0.7184808871811116,10.706014070927395,0.609701835860553,0.1054248741386155,0.0563671712962603,0.4046093093797103,0.9695190048994724
openml_45927_Products,real_openml_multiclass,1.3008,5,3,14701,0.0,0.0,,0.0,0.0,1998,0.1134570300507846,1.2420627009050182,5104.000199394979,1.3007301902100423,2.708693552942883,1.517731071411787,0.0041615146101134,0.3530266728625468,0.5605512589910252,2.313164178242666,0.3372507655464523,0.5739576733754612,0.9928757062155228,0.9891062159488296,7.055048778717618,0.6652036449772881,0.5760832552403363,,,0.3977855895049547,0.5135405428456915,0.3959171997711552,0.511127628389599,4.693984140116895,60047995031605.62,0.999192135078021,0.3278735910686539,0.5441183082253334,0.8518518518518519,0.5858639915238917,0.2779014862061202,0.4847249666520176,0.1314734423779387,1.0023189231700458,,0.7227227227227228,1.6614733255003066e-14,0.8659935419905845,11093.0,0.1886500459168055,0.5409176958442261,1.0000097761786868,1.1203073955382317,4.0,1.4999996840836491,0.4342017368069472,0.4268537074148297,0.2458249832999332,0.0661322645290581,0.997805467465932,3.0803522256239333e-29,,,0.9965397923875432,0.0,0.9919261822376008,0.0,0.997805467465932,0.0,0.9930080707583392,3.584955995579937,0.9561686676687736,5.8843934344788495,2.3131655513929856,0.9561672945184538,0.0137267393437534,2.2705623316243555,3.584955995579937,5.884393434478849,0.0137267393437539,0.0172259967529642,1.0,0.0058761483196785,0.0058761483196785,0.9890494669213926,1.9781688348741195,1.0004582837724485,5.595823733756026e-17,0.0058761483196785,0.5002291418862241,1.4893135593232838
openml_45938_credit-score-classificati,real_openml_multiclass,2.9826,3,16,20000,0.0,0.0,,0.0,0.0,1998,0.4425590176038672,0.6695705289812669,0.5473216991088224,2.982681250876455,3.2305810599336136,0.8901203122988091,0.1485695078442932,0.3543024757237671,0.1643755976625228,1.445617030961903,0.0355924617381246,0.0804953454236692,0.8564459247364594,0.4641609308062897,15.174025473543669,0.9401519465249356,0.1334370519600775,,,0.962342409820128,0.0340002099261301,0.9038804274661584,0.0667503941494476,4.580928906493369,0.3444429668822072,0.9987667848028208,0.0952691844021466,0.0713532034308271,0.6491491491491491,0.4949237295063048,0.0991634020991024,0.4996398457676625,0.2777308602527623,0.2780798257148928,1.2864285985252928,0.8568568568568569,0.7344687836765885,0.1013074818575267,14262.0,0.178275,0.5845884167718414,7.510129768133313,2.1476560267163194,2.0,0.4153779492595946,0.6101509686038744,0.3985477621910487,0.5987975951903808,0.0621002004008016,0.999939751715686,0.4859505398185987,,,0.9890377588306942,0.9240641711229948,0.956760048721072,0.8288770053475936,0.999333993936759,0.9489947353148448,0.9814815291686944,3.584955995579937,0.0,5.021049168478498,1.4456170395404884,0.2284377874441512,-8.578585397600591e-09,3.377220042239264,3.581664922264117,4.976007062311709,0.0317595196912403,0.2380713759550054,0.5767702137797961,0.0122741343822926,1.0727463009434642e-18,0.5820927361982535,2.1227335354097447,0.8254379988183373,1.2043089724855085e-35,0.0064697205589279,0.6521686054008649,0.995087257072415
openml_45968_BraidFlowSessionLevel,real_openml_multiclass,2.1729,3,123,473,0.0,0.0,,0.0,0.0,1891,0.3389868749397973,0.5475682233586985,7.801326985417895,2.176470588235294,3.0457694391549928,0.8717341321317398,0.0899174752519571,0.9611155487391448,0.0106455064051383,1.505175215911497,,,0.9923947175979704,2.064433683510066,8.180820987455135,,,,,0.0,0.0,0.0,0.0,4.366956370978669,25.22843903967233,0.9763960266015564,0.1839882840878201,0.2153562670771866,,,,,0.2145278449718597,1.8475995228629167,,,0.0055971066470256,0.9856067634727516,425.0,0.224748810153358,0.9854117647058824,12.517993867205552,1.7197361458446594,2.0,0.5540443555531362,0.7751837007348029,0.8852518370073481,1.0,-0.2161456245824984,,,,,0.0,0.0,0.0,0.0,0.9929436234841882,0.0,0.0,3.584955437815546,0.0,5.088500395522339,1.5051752225375206,1.5051685758148112,-6.6260235076498475e-09,2.6167715538545693,3.584955437815546,5.035481324046453,0.0393598714832701,0.9535880389709066,,,,1.0005291005291013,12.867140848201348,0.1453741566478451,-1.5187871374214686e-15,0.0255573101988043,0.0081386855894686,0.99202713378355
openml_460_analcatdata_reviewer,real_openml_multiclass,2.6111,4,7,76,0.0,0.0,,0.0,0.0,303,0.405322989358207,0.6563682699998339,0.4503038796579255,2.627906976744186,1.3179925703368287,0.6081076894217081,0.069973476857312,0.3431436701925053,0.1587103932315772,1.8788369781013232,0.1445722823824646,0.0599601156463588,1.003311258278148,0.4140116427584714,21.46192391752829,0.9329550546631866,0.0818328421390406,1.0,0.0,1.0,0.0,1.0,0.0,3.109286745410747,0.5135569132189137,0.9958500800575107,0.0875428030274046,0.1017719899063981,0.7095709570957096,,,0.4860747473162751,0.3063984221732707,0.4036207130189924,,0.4125412541254125,0.6355339482436412,0.507911434522105,43.0,0.1419141914191419,0.413953488372093,1.0754090623210206,1.9340987393312972,2.0,0.0670194924492782,0.5478547854785478,0.5148514851485149,0.495049504950495,0.122112211221122,0.9831664173357456,0.7537834525607515,1.0,1.0,1.0,1.0,1.0,1.0,0.977663516929782,1.0,1.0,1.9331673969931924,0.0,3.710113269080808,1.8788370055128507,0.3041456460392546,-2.74115274923048e-08,1.4286468722973762,1.486812468530118,3.318796548384806,0.0320383312475005,0.2092513253693642,0.2592785828828024,0.132410060523438,0.0243537182203086,0.2601371212367199,1.887360201854472,0.8985530917208772,0.6396661237439674,0.099683658892966,0.7819527395683423,1.0168469557455182
openml_46174_Flare,real_openml_multiclass,7.6977,6,11,214,0.0,0.0,,0.0,0.0,852,0.5371228526179741,0.9613604555575048,4.869979745488837,7.794117647058823,0.750083247876346,0.6394821291734956,0.0672573898960106,0.4431917982296579,0.3216265806904059,2.360418192636169,0.1713761752071558,0.1178635578043398,1.0011750881316095,0.6886304415816361,10.139050092723808,0.7966945758253825,0.2136018289853045,,,0.4252750233586357,0.4596877876860678,0.3846880903514507,0.4636173168527314,2.8776967723187856,4.47186119372399,0.9735268024421962,0.2328046681937295,0.3451344235876441,0.4366197183098591,,,0.4686938225018162,0.6362511987002984,1.395869479716598,,0.1725352112676056,0.1040126775860358,0.8790198868408337,34.0,0.0399061032863849,0.3529411764705882,4.042330120514026,2.8833014115382523,3.0,0.1635374926692704,0.5352112676056338,0.6725352112676056,0.7488262910798121,-0.1291079812206572,0.9894352819111396,0.2505673957410556,,,0.9866666666666668,0.0,0.975,0.0,0.9502454613526212,0.0,0.9505597850425436,2.126216524563219,0.0430704823507291,3.717593209531072,2.3943019593339865,1.0478324366495668,0.0091867156529117,0.2254361770045561,0.9880692185973532,3.1419381172795804,0.0369609121312164,0.114236345682325,0.4393822305841094,0.1463680236900026,0.0098618996942326,0.4398985434285096,2.842950466600751,0.8203051600051691,0.3744857299783012,0.0743999012919564,0.5721694087736681,1.1267401278427265
openml_46264_mabbob_ela_as_2d_classify,real_openml_multiclass,36.4444,5,45,224,0.0,0.0,,0.0,0.0,896,1.0383147867869644,1.1236029962042442,0.922440858408846,37.5,3.1498407534995585,0.1111002970673516,0.3483578236507785,0.3535759936230843,0.0732234153456537,1.567451753694467,0.3750729439520975,0.2681029799346011,1.0011173184357538,3.0956846561671467,38.87820649209785,0.9889571006698792,0.0099656805539484,1.666612261040771e-07,5.16541530676283e-07,0.5505507321424574,0.3061378475598673,0.1386258635336945,0.2439483470586543,4.676975530277585,0.6061193425270849,0.9974477339764032,0.0403169769164392,0.017299792853146,0.6863839285714286,0.498994000794173,0.1031006153372756,0.5001284252467805,0.982879070533227,0.5161489387308519,,0.9151785714285714,0.5721046103564789,0.8905821779205714,14.0,0.015625,0.3,6.214934608223454,11.826829268292682,4.0,1.0136759350339908,0.5825944797348357,0.2488645971283847,0.5959499599709696,0.1004579021795246,0.9993212122136136,0.9615203955612044,1.6366207964206806e-06,9.918936909008406e-19,0.965166908563135,0.1746031746031746,0.5921625544267054,0.0,0.9970434350871016,0.3053434332045224,0.8553867505551443,3.1699070242463456,2.441077645946517,4.721528891344486,3.976591299373639,0.100255649350224,0.0158298865963262,3.1699070242463456,3.1699070242463456,4.707723674081187,0.0296351038596256,0.2773804303948259,0.9999999975506142,0.3534474405209233,6.935923070177014e-05,1.0011173159836313,20.03170263521688,0.1096432134756595,2.6631334912265432e-11,0.132134850850101,0.0189959614096649,0.6213344557842788
openml_46270_mabbob_ela_as_5d_classify,real_openml_multiclass,61.4167,4,45,224,0.0,0.0,,0.0,0.0,896,0.9794860575129412,0.4722819581794981,0.2664646364191045,59.0,3.167870998551691,0.013379272592124,0.4296613478316629,0.3652537890862202,0.0996140108854657,1.320707351082399,0.4340800020197636,0.3172890044215879,1.001117318435754,3.610249368131252,35.53103361494103,0.987407814186669,0.0133904904181469,6.608925024717202e-08,1.1341457366269364e-07,0.7047890669381768,0.2760679536251561,0.126262813191027,0.18691104229143,4.451407819629383,0.5061553956365201,0.9963291713169644,0.0371705300047064,0.0137905546362065,0.5669642857142857,0.4834884850193472,0.0867423304652573,0.4916184466910242,1.2117410224113334,0.4200768936549027,,0.859375,0.6312311966956049,0.7641135805762654,10.0,0.0111607142857142,0.28,2.562583472244289,16.368942776132965,3.0,0.9009951409035172,0.6584812911045769,0.4262418352001078,0.6618220316790495,0.0814684294404166,0.9997083529236328,0.936643649397825,2.802214921210491e-07,2.0733892288154904e-27,0.9606815203145478,0.4060150375939849,0.4023591087811271,0.0,0.9973452362470012,0.4764685792349726,0.9562706114248892,3.1699070242463456,3.08013056041622,4.47031132805885,4.367064862401789,0.0832538795873496,0.0203030472698948,3.1699070242463456,3.1699070242463456,4.46196817343455,0.0286462018941948,0.269156825050642,0.9999999999880512,0.4215824951654672,9.348005925071851e-05,1.0011173184237918,23.571156256660597,0.0443303882204169,4.20579903397768e-13,0.1263513765955404,0.0022040651186812,0.4052981738174808
openml_46331_autos_clean,real_openml_multiclass,22.3333,6,25,41,0.0,0.0,,0.0,0.0,164,0.61931531344364,0.8043534450187981,2.7663035587887403,27.0,1.7337673127792277,0.7935765205062785,0.088630691494619,0.5824732922719947,0.2013724635431496,2.26391871224389,0.2578849245829482,0.2397406488046421,1.0061349693251536,1.7699729218261175,8.337866277300275,0.8207004629913311,0.1062824228969054,,,0.34415876198118,0.3039846752308056,0.0,0.0,3.72616347513438,4.212029153698258,0.9801829268292684,0.271522549888738,0.14572357177936,0.5304878048780488,0.3075684351732017,0.2359556887050183,0.4270429767893841,1.1820353425226648,1.8585791573446315,,0.5548780487804879,0.0705830139731553,0.813077028372787,2.0,0.0121951219512195,0.2,2.9339548234087176,6.645417899929528,4.0,0.191461407817405,0.4939024390243902,0.3780487804878049,0.5365853658536586,-0.097560975609756,0.9832554060297528,0.6121197248464659,,,0.7835051546391752,0.0,0.0,0.0,0.8848601265008175,0.0,0.5677349851871802,2.321820152451524,0.0,4.380305186276896,2.263918812591649,0.5208470704368571,-1.0034775899114835e-07,1.0696403513047128,2.312593436184146,4.250746655846625,0.1996901300538907,0.2905315157497785,0.9857588686731245,0.1691009124769569,0.0002412107511516,0.9918064690944338,8.374476964975088,0.4408419275348904,0.0048878162723301,0.075436380841,0.1375104699885629,1.0264609216307174
openml_46332_anneal_clean,real_openml_multiclass,85.5,5,38,180,0.0,0.0,,0.0,0.0,718,1.414596194620986,1.1176871172797462,14.722316284999527,91.16666666666669,0.4958094272760189,0.7505295649793104,0.6386093133700226,0.7228300428516616,0.1921369571581284,1.187764057925177,,,0.8169272553769354,0.8371129520397781,19.284343169938246,,,,,0.1059938583848623,0.1505329457585388,0.0,0.0,1.6219813403478132,22.53660010173377,0.9723388241866529,0.0615921448533826,0.105890340591479,0.0891364902506963,0.1646632210365993,0.1389582518290329,0.1229091597014693,1.613883494296594,2.200682914313693,,0.192200557103064,0.0089102641234819,1.0170814950856597,6.0,0.0083565459610027,0.3333333333333333,6.319229117216795,15.843330989217066,4.0,1.4473861907820895,0.8370467224546722,0.636523709902371,0.9192294281729428,-0.0933170618317063,,,,,0.3801916932907348,0.0,0.0,0.0,0.979089105004474,0.0,0.2085682374215509,2.930868432563512,0.0,3.806836611434626,1.1877641727921369,0.4108068203955093,-1.1486695994378239e-07,0.0,0.6534668506987331,1.8207061581567496,-1.1486695994378239e-07,0.5106667224343954,,,,0.8381006239800747,3.846229136524976,0.732255600484121,-5.948420735511879e-16,0.0250274164329699,0.1337687682389179,1.0731291134726182
openml_46334_glass_clean,real_openml_multiclass,8.4444,6,9,43,0.0,0.0,,0.0,0.0,171,0.7657246611507086,0.7605338045565668,4.038296301484917,8.714285714285714,2.0133231257717834,0.6255367816647759,0.1372331877058992,0.4952402596816022,0.2793125677497545,2.1710541960089595,0.2258034229398582,0.1858452032418385,1.0058823529411762,0.8775399847475475,6.237392686621452,0.7418372916022503,0.220974435597725,0.0005803555281076,0.0014870376751154,0.2423777527884163,0.2896679290052132,0.0509401709401709,0.1510175457156929,3.8363065324162,5.338017573345689,0.9700420642248896,0.3480707893645435,0.1466219804361467,0.52046783625731,0.4050944338153044,0.1483825385792231,0.4588314677411235,0.6404213726292659,1.538376616059349,,0.6023391812865497,0.0791696837652699,1.2028528265184684,7.0,0.0409356725146198,0.7999999999999999,2.0287666010079124,3.666987577639752,4.0,0.5715233282160512,0.4678362573099415,0.4093567251461987,0.5730994152046783,-0.2163742690058478,0.96636826858074,0.4065372368280863,0.0057062857339994,0.0,0.8974358974358975,0.0,0.5641025641025641,0.0,0.9408935604481052,0.0,0.3648484848484848,2.3218299885518627,0.6699960320994333,4.329481395113791,2.5486358006992877,0.5273610171511001,0.0972850156010647,2.32061707856454,2.3218299885518627,4.135630896716287,0.2924144274091054,0.2347232865960924,0.7849957987270404,0.2073682582441592,0.0250656701887346,0.7896134210724937,2.4702111747270585,0.9262145485496204,0.0012442123571859,0.0627188574849214,0.3422783861179787,1.3757773291100617
openml_46342_odds,real_openml_multiclass,94.5,4,2,60,0.0,0.0,,0.0,0.0,237,0.9763078507070974,0.3570351727581293,0.1813705164505683,151.0,2.583778904409069,0.0002018249637544,0.4021259520140398,0.1882550419597491,0.0783394106004119,1.2605087114185811,0.3642849530263425,,1.0042372881355932,0.5173596733465128,17.647669935127524,0.95789953289992,0.0242051740430544,0.0371332485589183,0.0415805985254586,0.4446159094507907,0.4660749976118049,0.4205963574513625,0.4643275596068032,3.772861262317403,0.0810807994131977,0.9893713614271216,0.0714263535102472,0.0284103911796118,0.679324894514768,0.4965837688610361,0.2416828727319024,0.5010537419485809,1.2878346706739934,0.0770169848997537,,0.6413502109704642,0.9240309245284803,0.6485907557606443,1.0,0.0042194092827004,,,41.52051282051283,2.0,0.6644228821105899,,,,,0.9750151756055644,0.9407838901942756,0.0898881376611636,0.0,0.9675925925925926,0.006578947368421,0.9398148148148148,0.0,0.9664573542527424,0.0232683982683982,0.8371001031991744,2.583921616209553,2.583636192608586,3.7928077307761856,3.752914793858621,0.0915155337695132,0.0513371732509813,2.583707548508828,2.583850260309311,3.7828344965467946,0.0613817633806142,0.1328607134900405,0.3642849530263425,0.3642849530263425,0.3642849530263425,0.3658285333357763,1.3700658214713697,1.0042372881355932,0.6384087547998168,0.3642849530263425,0.821323021467705,1.1871515548034812
openml_46361_Risk_Level_Classification,real_openml_multiclass,9.7758,3,18,15720,0.0,0.0,,0.0,0.0,1999,1.0070538998320442,0.4761266951757509,17.032062885607594,9.77578906851424,1.598505153395178,1.2132741842206052,0.6605359580756476,0.8905983441160188,0.1547170326277382,0.8951824028291722,0.1641860375424359,0.2460868074945525,0.9983033728822892,1.256673316074326,5.700020547359023,0.8253638949848077,0.20173900369608,,,0.0,0.0,0.0,0.0,2.336638577998485,2591374.6371046654,0.8822097391867519,0.1570489782258653,0.1927050220086673,0.0445222611305652,0.1502177527394602,0.1207757207483044,0.1019808557640407,0.5772774436979315,1.610268181269522,,0.1140570285142571,1.5039566736463445e-07,0.8298458984232985,5196.0,0.0826335877862595,1.0,3.9804325154769495,6.158321815043362,2.0,0.7036965950742692,0.9178904475617902,0.8484542418169673,0.9859826319305276,-0.0507334669338677,0.9999946863612198,0.2526569914301776,,,0.0,0.0,0.0,0.0,0.9902074662023757,0.0,0.0,3.5849561804964467,0.2779430531284723,4.435619490530925,0.9761227627376452,0.8291435121100283,3.692897496687664e-06,0.7702072105756125,2.809538218162728,3.3114483610280816,0.0132713922022267,0.781196881179884,1.0,0.0290180938824408,0.0001957725215931,1.005478668996138,5.226896186184584,0.9502869038310796,-7.00482946025017e-17,0.0109669355821073,0.1308144091274465,1.244634515532609
openml_46372_Multiclass_Classification,real_openml_multiclass,1.0,10,7,1000,0.0,0.0,,0.0,0.0,2000,0.0,1.1428349464819592,2.2045900925534925,1.0,3.584954871162618,3.4072074353510326e-06,0.0,0.4449679824007408,0.3066383932141849,3.321928094887362,0.1002684517916111,0.1017901914466392,1.0163556400055864,0.3835470781298252,6.0027041390285305,0.6599120186202263,0.1951528418526176,0.022569433517774,0.0361760426474514,0.4986111111111111,0.1702292534712343,0.1057222222222222,0.1240837123750239,6.353477697699543,4.285977906722236,0.99666825,0.5534052683504369,0.2700899579694057,0.588,0.4767831326944942,0.1082732128779236,0.4971451766469547,0.0,1.9501381626903649,,0.781,0.0622867261603788,1.153232372870027,400.0,0.1,0.7,9.88242106935302e-09,1.0,0.0,,0.1846666666666666,0.7206666666666667,0.5333333333333333,-0.3986666666666667,0.9957393425208646,0.4645347986879591,0.1897841868686011,0.0,0.805,0.0,0.425,0.0,0.7601645727157529,0.4275,0.615,3.584956726082241,3.584948061116923,6.876726224285708,6.002563318038567,0.9043171834589928,0.0301499317185776,3.584954566346219,3.584956726082241,6.4111162356583,0.4957685853113029,0.0258826579713613,0.2951969991057284,0.0371947792578283,0.0015726908413939,0.3054100365415393,1.6955793851222236,0.9552353263749144,0.6049420771412926,0.0194106178463979,0.7635987986919718,1.1657675470083662
openml_46382_company_quality_and_valua,real_openml_multiclass,3.9545,6,9,144,0.0,0.0,,0.0,0.0,575,0.3785116609890981,1.3077352346451652,0.9822139500757252,3.971428571428572,2.999984674159116,0.0,0.0326187630455111,0.2465351515353158,0.2686579945572301,2.469730160461239,0.0729095955933867,0.0905519923621601,1.001742160278746,0.3464193799051636,12.318192206029437,0.9060302229807328,0.1103209459849816,0.0008536665000145,0.0026704289215217,0.7160138421611476,0.2695480098663269,0.3502828612362972,0.369179610108627,5.269220304322932,1.1388750885490324,0.9967879017013233,0.2004945302974222,0.1374398642831724,0.7530434782608696,0.5179770575410837,0.0834366604983511,0.4935579546801841,0.4596021555537936,0.5926063768707567,3.772525790833564,0.9304347826086956,0.4487020671004968,0.6155383135528727,35.0,0.0608695652173913,0.4857142857142857,4.267410238859783,2.00190583696165,2.0,-0.3939540418254527,0.29217568353694,0.3617655613728912,0.3826534322280395,-0.1322080424665503,0.9949307945160236,0.7140771139009335,0.0104061898710681,4.4680316843286397e-07,0.9662447257383966,0.1386861313868613,0.8354430379746836,0.0,0.9904201904311482,0.5627752813987632,0.9360939907550077,2.999984674159116,2.999984674159116,5.428872194865595,5.106045765463042,0.3636690691573125,0.0408426397547598,2.999984674159116,2.999984674159116,5.412552319564832,0.0571625150555226,0.0429460562745763,0.4872964936122977,0.0539384843560568,1.20637257739654e-06,0.4881454422074411,1.6823091660774212,0.9738704556287324,0.4678680926788604,0.0145764119169353,0.8644249766130511,1.1176562780825492
openml_46420_Apple_Stock_Price_Trends_,real_openml_multiclass,1.2208,3,18,504,0.0,0.0,,0.0,0.0,2012,0.0942579724542827,0.5874638177375371,0.0370464274657906,1.2199036918138042,3.5849525180602395,9.500589466908078e-06,0.006860120094704,0.1661843028731406,0.0808691474723825,1.5786816870259317,0.509007050740493,0.4067517248383451,1.0004972650422674,2.7622003171371405,84.74713033273306,0.9896374507034332,0.0058180545044675,0.3898595813487906,0.0682544669523141,0.9928211075319971,0.0012661288089393,0.9371275546582334,0.0064776136527495,5.145006061798869,0.064537159176938,0.9992490385717504,0.0186281432873034,0.0047782361147759,,,,,0.0842088893344819,0.0617742640557734,,,0.9388185275952758,0.1756716955098562,623.0,0.3096421471172962,0.4616372391653291,0.6590093620388647,1.1459338670178063,2.0,0.7023322881437062,0.3885116900467601,0.3818329993319973,0.3918557114228457,0.0453934535738143,0.9965143984724268,0.9783157075811424,0.4563595138646152,0.3645570100664476,0.9935691318327974,0.991304347826087,0.941304347826087,0.9284565916398714,0.9939918522365048,0.992377064742738,0.993509456746093,3.5849561804964467,3.584943189563619,5.1544846354562175,5.135441419390632,0.0282088320263165,0.0091656159607307,3.5849561804964467,3.5849561804964467,5.1475690586464005,0.0160811927705479,0.1119068915551803,0.9998727791373824,0.485271606885183,0.0001196371065402,1.0001885083721904,11.420783156773677,0.0160909170890759,7.816174086397847e-06,0.0814964299936244,0.0002908347507773,0.3259571880880032
openml_46435_Apple_Stock_Price_Trends_,real_openml_multiclass,1.2208,3,22,504,0.0,0.0,,0.0,0.0,2012,0.0942579724542827,0.5874638177375371,0.0370464274657906,1.2199036918138042,3.507288481868497,0.2725540699090345,0.006860120094704,0.1822516364091077,0.067924718144404,1.5786816870259317,0.3934593116717093,0.4114878580675948,1.0004972650422668,2.6686825254496447,90.71519918740404,0.9910818017303248,0.006193452784064,0.3898595813487906,0.0682544669523141,0.9928211075319971,0.0012661288089393,0.9371275546582334,0.0064776136527495,5.0685675538842965,0.0743452168946389,0.9992268061610456,0.0174026150101331,0.0059304315614496,,,,,0.0842088893344819,0.0710450852825919,,,0.9299102671083432,0.1625607430393958,623.0,0.3096421471172962,0.441733547351525,1.1104246912584212,1.1459338670178063,2.0,0.7023322881437062,0.3885116900467601,0.3764943219772879,0.3992037408149633,0.0514014696058784,0.9995554067801008,0.9783157075811424,0.4563595138646152,0.3645570100664476,0.9935691318327974,0.991304347826087,0.941304347826087,0.9284565916398714,0.9941815590326756,0.992377064742738,0.993509456746093,3.5849561804964467,2.3209148562045234,5.1544846354562175,3.8944370363318255,0.0282088320263165,0.0051718907931981,3.5849529197461165,3.5849561804964467,5.147107661010235,0.0151515886563036,0.135932640616669,0.9998727791373824,0.1458208773985601,0.0001196371065402,1.0001885083721904,12.294288414537755,0.1056489298051902,7.807597635604626e-06,0.0210417601377472,0.0004653358428804,0.8690653528776661
openml_46441_Credit_Score_Classificati,real_openml_multiclass,2.9826,3,16,20000,0.0,0.0,,0.0,0.0,1998,0.4425590176038672,0.6695705289812669,0.5473216991088224,2.982681250876455,3.2305810599336136,0.8901203122988091,0.1485695078442932,0.3543024757237671,0.1643755976625229,1.445617030961903,0.0355924617381246,0.0804953454236692,0.8564459247364594,0.4641609308062897,15.174025473543669,0.9401519465249356,0.1334370519600775,,,0.962342409820128,0.0340002099261301,0.9038804274661584,0.0667503941494476,4.580928906493369,0.3444429668822071,0.9987667848028208,0.0952691844021466,0.0713532034308271,0.6491491491491491,0.4949237295063048,0.0991634020991024,0.4996398457676625,0.2777308602527623,0.2780798257148927,1.2864285985252928,0.8568568568568569,0.7344687836765885,0.1013074818575267,14262.0,0.178275,0.5845884167718414,7.510129768133313,2.1476560267163194,2.0,0.4153779492595946,0.6101509686038744,0.3985477621910487,0.5987975951903808,0.0621002004008016,0.999939751715686,0.4859505398185987,,,0.9890377588306942,0.9240641711229948,0.956760048721072,0.8288770053475936,0.999333993936759,0.9489947353148448,0.9814815291686944,3.584955995579937,0.0,5.021049168478498,1.4456170395404884,0.2284377874441512,-8.578585397600591e-09,3.377220042239264,3.581664922264117,4.976007062311709,0.0317595196912403,0.2380713759550055,0.5767702137797961,0.0122741343822926,1.0727463009434642e-18,0.5820927361982535,2.1227335354097447,0.8254379988183373,1.2043089724855085e-35,0.0064697205589279,0.6521686054008649,0.995087257072415
openml_46442_Success-Rates-2,real_openml_multiclass,251.5,6,13,432,0.0,0.0,,0.0,0.0,1727,1.2649983475528326,0.9583797420502544,0.7985117542497125,268.3333333333333,2.620564593520448,1.494770468095156,0.3357641399074272,0.1839927264371451,0.1647999881906031,1.3888928571114163,,,0.7696764417506058,1.888856413666036,17.46197963961138,,,,,0.4897480787332781,0.2391462885499375,0.2272140791717537,0.3153798967544625,3.929919340647999,0.3213467096006399,0.9984556730211172,0.0795381099838647,0.0462879289642895,0.6265199768384482,0.4949587634561771,0.2189331965999144,0.4987906410525844,1.397535741489509,0.2779027613393623,,0.6606832657788072,0.7419675001445237,0.8082990951501383,3.0,0.0017371163867979,0.2,0.6572054753410801,71.34864904878229,4.0,0.6920104676158398,0.561415220293725,0.4859813084112149,0.636181575433912,0.0133511348464619,,,,,0.9893948845913912,0.2439024390243902,0.9750467872738616,0.0,0.9438145492595564,0.3100433996158168,0.5959772003933392,3.459426297732537,0.0,4.752058935943898,1.3888930714951713,0.1160491745233764,-2.1438375497062625e-07,3.263256048526128,3.4216977857812467,4.7214515560118455,0.08048907645182,0.0319852531625397,,,,1.000579374275808,6.465021180156728,0.0236620984450654,-4.922598464765638e-49,0.0906216257383658,2.2935906026335137e-17,0.0879008794775724
openml_46443_credit_risk_china,real_openml_multiclass,247.7282,5,12,5505,0.0,0.0,,0.0,0.0,1998,1.819979242261645,0.4542187732070167,0.1098762504197894,245.9277108433735,2.6073817800636845,1.240336336374657,0.9034761721749822,0.1231329545962039,0.1113675154465882,0.4597322176023025,0.1662153860142659,0.2160644850382789,0.6475976295312826,0.6778809324303589,19.597257781456847,0.9936401693950132,0.0058365690904482,,,0.4767549587960767,0.1976804509365861,0.1072180130285156,0.2685912491226581,3.0436549901492675,0.1042704870906205,0.9911267623980335,0.0234590075167203,0.0167344115943882,0.1756756756756756,0.3311487560778391,0.15378265593115,0.3155833213154367,1.504769551913964,0.0978550685206015,,0.2412412412412412,0.9039484965474138,0.7117457618377282,83.0,0.0037698142344551,0.3710843373493975,0.728645823897892,61.03421017142741,4.0,1.4909870581328213,0.9285237140948563,0.2137608550434201,0.9178356713426852,0.0434201736806946,0.9987009019760528,0.9804610490384258,,,0.956610515569168,0.21875,0.8667687595712098,0.0,0.9977655520424104,0.3616275332002763,0.5297365620010643,3.584955995579937,0.3375344435331666,4.029495778477758,0.7944049279166273,0.054166360524396,0.0023563095980141,1.962918771501692,3.568790358235049,3.992728692649598,0.0107386747119083,0.0143014703751413,0.9791238584509562,0.0679378271671351,0.002229993218263,0.6685236940259528,2.311421995261182,0.5117131472411565,0.0019572570482842,0.023392152165965,0.0869044990084147,0.9655045748673048
openml_46475_EDA-Home-Mortgage-NY,real_openml_multiclass,45611.0,7,28,17587,0.0,0.0,,0.0,0.0,1996,0.9951453207236468,1.7791796380413174,21.906422876764623,15.98159509202454,2.07489307841356,1.2473835061128344,0.265796963688176,0.3990417037583119,0.3678545713709625,1.985224182531776,0.0952286501718157,0.1472334410396714,1.1088637892998847,1.09072387287765,13.760843638758296,0.879723675069702,0.2450565628957138,,,0.4972027947416411,0.4111689717952547,0.4155345309827272,0.3479145241919713,3.915851092776673,17071389.89647373,0.9896363368018604,0.1442661681686626,0.1705362091901339,0.5155310621242485,0.4558666334115792,0.1566600504356151,0.4901836991012618,0.8808054385250628,1.3374393494057402,,0.6673346693386774,4.01340027538489e-08,0.2560214125874658,2282.0,0.032440577732287,0.2641542506573182,3.0611008212673645,4.7461896974915545,4.0,1.4077490236765255,0.6590906042339029,0.5735071213377223,0.6590906042339029,0.0982540717311463,0.9995355183325108,1.7112645621676893e-29,,,0.9815157116451017,0.0,0.9075785582255084,0.0,0.9958587118258644,0.0,0.8967940060454048,3.584956710647189,0.0,5.550144848585878,1.98522429001864,0.5963960611662262,-1.0748686407602293e-07,0.9946175079922192,3.5844220742940007,5.448495282411424,0.0246166960526574,0.1319602908673941,0.9722393010596329,0.048610650637253,0.0004185172627683,0.9703746961190102,3.982023222249861,0.8089169040844795,0.0245805193729689,0.0183024449603067,0.361705020859411,1.417633718661789
openml_46479_EDA-Home-Mortgage-NY-2,real_openml_multiclass,16.0829,6,28,17586,0.0,0.0,,0.0,0.0,1997,0.9961397303186916,1.7504473285970066,21.92968995258072,16.08153371529308,2.040144790484789,1.2575098722923357,0.2661200981588488,0.3949507158967998,0.3704119342434908,1.984703666164156,0.092939790589541,0.1466292165867297,0.956318537874132,0.9415920586708384,14.78850019651904,0.8733393678131033,0.2476937145962322,,,0.4966016261230173,0.4098856780167985,0.3750678770195375,0.3169603663587325,3.890642577770752,228872297.45755845,0.990251777265297,0.1342058788781922,0.1652012420506937,0.5413119679519279,0.4572639660700242,0.1581883087075687,0.4950059322500597,0.883168237380385,1.32875034405699,,0.6870305458187281,3.030872627211547e-09,0.3309661125920558,2269.0,0.032255771636529,0.2706037902159541,3.045658956054844,4.7758865066738085,4.0,1.406188073776253,0.6593186372745491,0.5664662658650635,0.6593186372745491,0.0794923179692719,0.998751367050511,1.5981475920288058e-29,,,0.9571428571428572,0.0,0.7985212569316081,0.0,0.9961605535862408,0.0,0.9203616226618896,3.58495617205541,0.0,5.549716253907311,1.9847037736804585,0.6051093764502653,-1.0751630230565469e-07,0.9646946822371084,3.584741870954286,5.471977703635413,0.0246947672576949,0.1043337607186854,0.972676844666236,0.0498252998288389,3.2839365781570943e-18,0.9860297492607648,3.818749011964368,0.6650073659750868,2.220446045845189e-16,0.0173744487059228,0.2709187225192212,1.3047591914679202
openml_46481_Financial-Risk-Assessment,real_openml_multiclass,6.0,3,10,3000,0.0,0.0,,0.0,0.0,2000,0.6164414002968976,0.6217830471675075,0.0017352151254011,6.0,3.048343999586632,0.725209602723658,0.2645914396887158,0.0873809318821829,0.0129244325909102,1.2954618442383217,0.0186530225612465,0.0143947208265615,1.0057408582130958,0.0786413726071543,169.74748201642663,0.9984539640576664,0.0009760714019253,0.9552267129884352,0.0262399973990519,0.982367724867725,0.011587867819752,0.963637566137566,0.0213719244402322,4.336174143909,0.0155632084747132,0.99893225,0.0076316999159549,0.0038359551771174,0.669,0.5052352387525504,0.0731566031987679,0.500109042636967,0.463547228508435,0.0154378954709943,,0.955,0.9846191358249848,0.0870365326899215,1200.0,0.1,0.2831666666666667,1.1705951105822014,3.6666666666666665,2.0,0.2390631469295448,0.6,0.6,0.6,0.1406666666666666,0.9997725813437112,0.99697373991358,0.985498475954666,0.938971573407514,0.9938888888888888,0.9707142857142858,0.9855555555555556,0.9428571428571428,0.9991835633435582,0.9766071428571428,0.9881944444444444,3.584956726082241,1.5849122887687015,4.871558689668676,2.877942406105197,0.0132721426919486,0.0014748125649561,2.529305858882592,3.508748425090749,4.792371242763953,0.00527574485513,0.0782419779541619,0.0515514984666529,0.0159830070643001,0.0003854212463047,0.0509857965426716,1.1192875187108742,1.003771862579592,0.8997614887329892,0.0073459278299014,0.9412210874820316,1.0642066894148154
openml_46505_total_score,real_openml_multiclass,9.4773,4,10,144,0.0,0.0,,0.0,0.0,575,0.8077863050063213,0.8040829483643241,0.6702666976942332,9.542857142857144,2.999984674159116,0.0,0.2987638033092897,0.2932396923781082,0.2834123009023612,1.5576043647036584,0.0658582061749814,0.0795145130299128,1.0017421602787455,0.3249006704845543,13.924129562564197,0.93974331397016,0.0776988406838347,0.0003045732280848,0.000458067334498,0.6381400574566379,0.2681812613338759,0.2896957627142213,0.3684609313249387,4.445725359506374,0.655712793538115,0.9942563327032136,0.1118636793564005,0.0823391896659627,0.6191304347826087,0.4836734233014619,0.0929987747418455,0.4979704301569627,0.6390477074772547,0.4186136161635636,,0.8295652173913044,0.5955024846873,0.4428333946072504,35.0,0.0608695652173913,0.4628571428571428,4.331165795595855,4.148525103158412,3.0,0.8219504348822118,0.5808700552646888,0.4972549447353112,0.5895597004072135,0.0538739819662595,0.9989535691809184,0.8147350664908465,0.0010597657726481,2.4321417008455565e-07,0.985200845665962,0.2845528455284553,0.9133192389006344,0.0,0.99648103619087,0.436763694212744,0.7893822577574718,2.999984674159116,2.999984674159116,4.538095901296079,4.342125785973826,0.2154632528889486,0.0194931375666955,2.999984674159116,2.999984674159116,4.521766431793633,0.0358226070691416,0.0967482893634272,0.4865583454677217,0.046642047771841,0.0003561370503647,0.4874060080904878,1.6163530061940317,0.9712054829312384,0.4559181290544329,0.0184573268879124,0.8410569584683997,1.156528512055803
openml_46506_Credit_Score,real_openml_multiclass,2.9624,3,21,10000,0.0,0.0,,0.0,0.0,1999,0.4420828598803622,0.6660389659051802,0.5195023618853672,2.962416481069042,3.0682654902695106,0.9198103484269916,0.1485250419405506,0.3892423264595248,0.147216620576826,1.4463874769314644,0.0365172984836208,0.0713501584332819,1.1022394348816096,0.6549868022384743,16.446126923619254,0.9745027880234052,0.0480351476847925,,,0.9797645794250812,0.0178915402232268,0.9267220072285652,0.0521443723596865,4.426705970096494,0.4101786969390528,0.998573573930537,0.0879469971044806,0.0697350230741085,0.5942971485742872,0.4896304646192229,0.0801250309964904,0.4957777430037592,0.2766140453616109,0.3246919107893078,19.038515566867,0.8859429714857429,0.6950970446043472,0.1442608832832029,7184.0,0.1796,0.550445434298441,7.649967697558062,2.1376940632832864,2.0,0.4294441633754327,0.5930567802271209,0.3909218436873747,0.5710447561790247,0.0353493653974615,0.9998344535887428,0.8202333051120894,,,0.9957317073170732,0.960427807486631,0.9780487804878047,0.8737967914438503,0.9993104040335122,0.971781015479085,0.989432965394306,3.5849561804964467,0.0062068018425506,5.021684634034834,1.4521396376331726,0.2283133947250428,0.0004546411408423,3.060672653937933,3.5748573596815167,4.966912636026786,0.0277946971482165,0.2851444557462838,0.5691090387568404,0.0151983929478825,7.307785179296096e-05,0.5852040447747098,3.3453056160496057,0.9307091039490591,0.3776034947113679,0.0074752017965356,0.7581679253713185,1.1759870232291951
openml_46507_Interest_Rate,real_openml_multiclass,2.0929,3,11,6573,0.0,0.0,,0.0,0.0,1998,0.2828595742078227,0.5777699991931063,0.0967915244732573,2.0927777777777776,2.526871934845292,1.032296804199434,0.0547160641195614,0.2640201646898501,0.1857591379985621,1.5231653819017723,0.1006228547628147,0.1220750373000348,0.9965419365830696,0.5291212543057999,83.09233337220589,0.9841170800257368,0.0165458026727167,0.2903753042902897,0.05834084544338,0.9884819689936328,0.0067156345264175,0.9742123526317124,0.009252694245697,4.031706318927099,0.2031981260986591,0.9990891792693596,0.0183309978199657,0.0137155352066686,0.7527527527527528,0.5181163262897823,0.0956333700184941,0.4944553554337793,0.2252611762539304,0.17391975207568,,0.9064064064064064,0.8288316090563651,0.2592121673399783,5400.0,0.2054091064703868,0.418962962962963,1.232703413883673,1.6823313864552911,1.0,-0.4623824572977811,0.458312625250501,0.4963206412825651,0.5083340013360053,0.0547147628590514,0.9998873129931763,0.9547617386061942,0.3543721291292389,0.2401571483230042,0.9962216624685138,0.9841966637401228,0.9848866498740554,0.9684791174152876,0.9978650949496584,0.9846121222561924,0.9906246216203878,3.58494732194098,0.8804326807374999,5.088532748895668,2.4033511788450515,0.0384726214234536,0.0002468837942211,1.6600413540382184,3.5211389096317705,5.019997847191809,0.0075957750574453,0.1326686185436993,0.6832224811015228,0.0607905244218248,0.0001660647839254,0.7176403019914843,2.269076511297386,0.980408096671572,0.3160214433338897,0.0208040454752716,0.7165609201678762,1.0988598769193114
openml_46515_Financial-Risk-Assessment,real_openml_multiclass,6.0,3,21,3000,0.0,0.0,,0.0,0.0,2000,0.6164414002968976,0.442923497356704,0.0022324455498878,6.0,2.0371414094800704,1.1546271150485148,0.2645914396887158,0.1211147464483562,0.0193434819418171,1.2954618442383217,0.0296063311490139,0.0638598625341281,1.0045449952719276,0.3237084501194984,303.9029481927814,0.9986349212117512,0.0010884522935559,0.9552267129884352,0.0262399973990519,0.982367724867725,0.011587867819752,0.963637566137566,0.0213719244402322,3.328340505193108,0.0301827466574152,0.9989875,0.0042627485252842,0.0042537483237185,0.675,0.5065129747243827,0.0636964102318018,0.4995242859522728,0.463547228508435,0.0297117339081326,1.0160695522778789,0.98,0.970497985630032,0.0871396728551347,1200.0,0.1,0.2886666666666667,2.052047798947474,3.6666666666666665,2.0,0.2390631469295448,0.6,0.5866666666666666,0.596,0.1173333333333333,0.9999644916790882,0.9961682321105804,0.985498475954666,0.938971573407514,0.9938888888888888,0.9707142857142858,0.9855555555555556,0.9428571428571428,0.9993202625681455,0.9766071428571428,0.9881944444444444,3.584956726082241,0.7908580905528101,4.871558689668676,2.084041112020354,0.0132721426919486,0.0001377717501691,0.8221855039190834,3.4439167473019694,4.729776316912036,0.0006482581173021,0.1074368391955377,0.5148070858091504,0.0166626730604577,0.0001278073426597,0.5198519492160836,1.566981348945753,1.0108061444907013,0.318569623611955,0.0074158367375703,0.9010152157815742,1.1391946159447852
openml_46519_Credit_Risk_Modeling,real_openml_multiclass,5.5487,4,61,10268,0.0,0.0,,0.0,0.0,1999,0.8726753572547369,0.7160132835469231,5.108649301085303,5.549116760017234,1.410509755192891,1.123151680791645,0.3680158205228946,0.542239278204171,0.3115049460092282,1.539708541327859,,,0.9001413566416386,1.7912686347661402,22.466120087901363,0.9317621396154816,0.1411928571363548,,,0.215143056057624,0.3495847643348216,0.0,0.0,2.881683608051911,3.2354342096339708,0.9979594599701052,0.0685346884688395,0.1677723553567306,0.5612806403201601,0.4689064247073303,0.1306160406858658,0.4935532092471408,0.6361974951525213,1.0761409672585651,,0.720360180090045,0.1786720181000245,0.4567506323507309,4642.0,0.1130320444141424,0.6067212408444637,114.65054297489694,3.1514391667733714,3.0,1.1429450866836337,0.7628590514362057,0.2371409485637942,0.8363393453573814,0.1469605878423513,0.9998064971061208,0.2966373630637587,,,0.8121761658031088,0.0,0.0,0.0,0.990763814103311,0.0,0.3590116279069767,3.5849561804964467,0.0,5.105683469106683,1.539708580906431,1.2638715538306884,-3.9578571975340544e-08,0.5309692317953905,2.076841089395984,3.4968038762318723,0.0108014367643032,0.2345837598884546,,,,1.0358356147186554,11.928606221947806,0.3847625032868144,-1.1825819250696797e-15,0.0126927835965117,0.0001152247802656,0.9695007655234734
openml_46520_Credit_score_classificati,real_openml_multiclass,2.9826,3,27,20000,0.0,0.0,,0.0,0.0,1998,0.4425590176038672,0.6857705713899105,0.5420045456439799,2.982681250876455,3.284314456692785,0.5453960100255512,0.1485695078442932,0.3795487378744653,0.1711486601728466,1.445617030961903,0.0394044875879204,0.068537768437026,0.9913962303965116,0.4253919011096094,20.42119355760557,0.9767873078393408,0.0428325813920863,0.3146340837534718,0.0770812033840306,0.9658660179948988,0.0362726124381747,0.9128616402582456,0.0582439813103114,4.659141451465863,0.4059704829027861,0.9988815141467794,0.0707900361888252,0.069182546049825,0.6536536536536537,0.4933659194888947,0.0623325357763522,0.4995713708060048,0.2777308602527623,0.3174063527231597,,0.9774774774774776,0.6993409350753144,0.1037942962637978,14262.0,0.178275,0.6011919786846165,6.318428088017922,2.1476560267163194,2.0,0.4153779492595946,0.5580574482297929,0.4553333333333333,0.5921122244488978,0.0447134268537073,0.999939751715686,0.8111295089410042,0.3979462061096903,0.2458518430340567,0.9890377588306942,0.9240641711229948,0.9524969549330086,0.8459893048128342,0.9994014853658768,0.9542801475770012,0.986766941430851,3.584955995579937,1.385980241397943,5.025538524029568,2.690188427141219,0.2284377874441512,0.0050345025122719,3.268375512202905,3.584942985121502,4.993373527910241,0.0102577391705507,0.2585283596752535,0.6004296293719006,0.0196502781499744,4.505877163731234e-05,0.6060286258811626,2.7297269877276644,0.9454812926419808,0.297751206782147,0.0097870813709284,0.7950995622694752,1.10156492060139
openml_46525_Corporate_Credit_Rating_C,real_openml_multiclass,671.0,10,41,406,0.0,0.0,,0.0,0.0,1623,1.044534034592164,3.540449482410194,10.960072908717748,268.0,2.468826941378096,1.3948068357331076,0.1468110396209259,0.2276224465109109,0.1440549869872141,2.2959116532406125,0.054357329143274,0.1588245357306198,1.000616522811346,1.0749606054739318,27.307458465557986,0.9850065690815104,0.0243604186119014,,,0.3710230999377588,0.4183626619098103,0.1519033452712309,0.2854762123422807,4.680662236647263,0.6832258091614882,0.9989894192729362,0.0840763579714447,0.0730255415919327,0.8052988293284042,0.5544741302894582,0.1580643564426869,0.4776845987073294,1.354747628232264,0.5597587001761049,,0.8502772643253235,0.5402210282326328,0.9472561396066204,2.0,0.0012322858903265,0.2,18.649481282410807,50.43464203184418,5.0,0.6187904520248535,0.3643048128342246,0.1470588235294117,0.3816844919786096,-0.106283422459893,0.9990346324334493,0.8685320819443728,,,0.9892008639308856,0.0,0.8488120950323974,0.0,0.9961466494712776,0.0151929630653034,0.8786937832116473,3.4594234015330385,0.1535178715958106,5.702986691488168,2.4448587220118148,0.2363785641364879,0.0042705501902848,0.5506572296373832,3.4594234015330385,5.6537588224584905,0.0237958657446299,0.073695128280782,0.9999972036787358,0.0122326757321645,3.3940454263462306e-05,1.0006137247660851,4.9503428154724585,0.9472845936644368,1.7544697620455845e-17,0.003118446851724,0.1656615952317335,1.1744698728294571
openml_46528_EDA-Home-Mortgage-NY-Samp,real_openml_multiclass,16.0825,6,28,8793,0.0,0.0,,0.0,0.0,1997,0.9961157674078126,1.7612447346244129,22.785821208198183,16.088183421516757,2.0675548145514044,1.2501334847775,0.2661200981588488,0.3898594730877226,0.3735710558801229,1.984703666164156,,,0.9205796784005712,0.9392950146321798,13.783382488402449,0.8643481900486668,0.2554712935273091,,,0.504499435519686,0.414929463480314,0.4057016867910285,0.3388490105533921,3.908265983385234,29914132.773756664,0.9893691313133948,0.1439924973303263,0.1714495205047186,0.5232849273910867,0.4529916024053044,0.1606945803300901,0.4896282837923522,0.8832418282056709,1.3181733789467434,,0.6670005007511267,2.3432206423698166e-08,0.336704377685924,1134.0,0.0322415557830092,0.2596119929453263,3.171887343866941,4.776703884898443,4.0,1.4060784754348177,0.6593186372745491,0.561122244488978,0.6593186372745491,0.0774883099532398,0.9987472463856348,3.2923001235288924e-29,,,0.9759704251386322,0.0,0.8872458410351202,0.0,0.9953891941035315,0.0,0.926360121513394,3.58495617205541,0.0,5.550396997098151,1.9847037736804585,0.592317646652583,-1.0751630230565469e-07,0.973665001520047,3.5846474522172698,5.489657581904152,0.0308851904857148,0.1160270024917352,,,,0.9720779656739326,3.873909208765,0.6457981964566679,-2.4980018611547743e-16,0.0286212522131685,0.2511059957837823,1.2564318037487046
openml_46531_dataset_china,real_openml_multiclass,247.7282,5,27,5505,0.0,0.0,,0.0,0.0,1998,1.819979242261645,1.5477412539467923,280.07089932527344,245.9277108433735,1.3726909899533022,1.4284727135766695,0.9034761721749822,0.4766777039302284,0.3779230914804064,0.4597322176023025,0.1118816403519882,0.1954487301524377,0.7983216875172359,1.0894839909817349,11.702711109890204,0.8710619760797969,0.2783948185821943,,,0.00625,0.0197642353760523,0.0,0.0,1.7931389585225948,77.5170233177606,0.9689431673916158,0.0392842490330102,0.0766386813642747,0.071071071071071,0.2213943871633135,0.1225611683647215,0.1813620167359048,1.504769551913964,1.337364122919101,,0.1091091091091091,0.0086221396648131,1.5864260457169883,83.0,0.0037698142344551,0.9325301204819276,12.29432167170525,61.03421017142741,4.0,1.4909870581328213,0.98062792251169,0.2698730794923179,0.991315965263861,0.0260521042084167,0.9996347045336084,0.0152147154890836,,,0.0625,0.0,0.0,0.0,0.998219697354738,0.0,0.0,3.584955995579937,0.0,4.029495778477758,0.4597324153921746,0.3736075442946583,-1.9778987209173598e-07,0.1602855031943173,2.88703431816635,3.3120983328370346,0.00238742216979,0.1494256354538915,1.0,0.035649420396663,0.0,1.0401689242161625,4.075401624765799,0.3064511528057371,-1.7298545999408349e-15,0.0150508002182678,0.0410167385275764,1.048430329094733
openml_46536_dataset_credit_risk_file_,real_openml_multiclass,5.5487,4,61,10268,0.0,0.0,,0.0,0.0,1999,0.8726753572547369,0.7160132835469231,5.108649301085303,5.549116760017234,1.410509755192891,1.123151680791645,0.3680158205228946,0.542239278204171,0.3115049460092282,1.539708541327859,,,0.9001413566416386,1.7912686347661402,22.466120087901363,0.9317621396154816,0.1411928571363548,,,0.215143056057624,0.3495847643348216,0.0,0.0,2.881683608051911,3.2354342096339708,0.9979594599701052,0.0685346884688395,0.1677723553567306,0.5612806403201601,0.4689064247073303,0.1306160406858658,0.4935532092471408,0.6361974951525213,1.0761409672585651,,0.720360180090045,0.1786720181000245,0.4567506323507309,4642.0,0.1130320444141424,0.6067212408444637,114.65054297489694,3.1514391667733714,3.0,1.1429450866836337,0.7628590514362057,0.2371409485637942,0.8363393453573814,0.1469605878423513,0.9998064971061208,0.2966373630637587,,,0.8121761658031088,0.0,0.0,0.0,0.990763814103311,0.0,0.3590116279069767,3.5849561804964467,0.0,5.105683469106683,1.539708580906431,1.2638715538306884,-3.9578571975340544e-08,0.5309692317953905,2.076841089395984,3.4968038762318723,0.0108014367643032,0.2345837598884546,,,,1.0358356147186554,11.928606221947806,0.3847625032868144,-1.1825819250696797e-15,0.0126927835965117,0.0001152247802656,0.9695007655234734
openml_46537_dataset_credit_score,real_openml_multiclass,2.9826,3,27,20000,0.0,0.0,,0.0,0.0,1998,0.4425590176038672,0.6857705713899105,0.5420045456439799,2.982681250876455,3.286203261057006,0.5459693943189079,0.1485695078442932,0.3802646197917353,0.1696046492412891,1.445617030961903,0.0381137048868031,0.0601226979326988,0.9914380914993044,0.3847965339759456,20.48181580763084,0.9772000981087806,0.0426598401481054,0.3511773421375455,0.0530715682367223,0.9658660179948988,0.0362726124381747,0.9109680797672652,0.0582364450471921,4.661239780772279,0.4063792123834432,0.9988750011272534,0.0705805112466305,0.0692005175295919,0.6516516516516516,0.4938605229154266,0.061381710015896,0.4997439197703064,0.2777308602527623,0.3179680991749666,,0.975975975975976,0.6989887097466377,0.1033365697445034,14262.0,0.178275,0.6054129855560231,6.2589792432868485,2.1476560267163194,2.0,0.4153779492595946,0.5580574482297929,0.460005344021376,0.5881082164328658,0.0373694054776219,0.999939751715686,0.8111295089410042,0.3975505873668504,0.2932958647129629,0.9890377588306942,0.9240641711229948,0.9549330085261876,0.8449197860962567,0.9994014853658768,0.9542801475770012,0.986766941430851,3.584955995579937,1.385980241397943,5.025538524029568,2.690188427141219,0.2284377874441512,0.0050345025122719,3.268375512202905,3.584951658760459,4.993373527910241,0.0102577391705507,0.2603360221924541,0.4344544123360335,0.0196007300994985,4.505877163731234e-05,0.4398619284670776,2.538102552772301,0.9464998657598752,0.4767452757840225,0.0097870813709284,0.793802040845548,1.107650219034606
openml_46549_Corporate_Credit,real_openml_multiclass,671.0,10,25,406,0.0,0.0,,0.0,0.0,1623,1.044534034592164,4.01777834484371,9.699612890771087,268.0,3.438988878903745,0.0821400510423891,0.1468110396209259,0.1511006412121935,0.1115693146159706,2.2959116532406125,0.0924581617331551,0.2539119967661767,1.0006165228113448,1.3499510072645369,18.678153441002564,0.9887940753675584,0.0187995741756196,2.34843032147411e-24,1.407210624959396e-23,0.3710705022889154,0.4184211407993013,0.1808160124894083,0.2976067702776502,5.611980905185914,0.2928857385422195,0.9990034656617044,0.122919626958444,0.0654261683748709,0.8200862600123229,0.5317665758684941,0.129157994577017,0.4806337277250751,1.354747628232264,0.2697852139450304,,0.8841651263093038,0.7550889761788125,0.9472630624191006,2.0,0.0012322858903265,0.2,17.89080957382469,50.43464203184418,5.0,0.6187904520248535,0.3643048128342246,0.1343582887700534,0.3509358288770053,-0.0661764705882352,0.9990346324334493,0.9100609168076906,8.443565057424739e-23,0.0,0.9892008639308856,0.0,0.8509719222462203,0.0,0.9966403919911818,0.0151929630653034,0.879973646692876,3.4594234015330385,3.0511570172677054,5.702986691488168,5.255216376842811,0.2363785641364879,0.0515520579889772,3.4594234015330385,3.4594234015330385,5.688823582295577,0.0665114724780737,0.0151401035391352,0.9999972036787358,0.0025367058114956,3.3940454263462306e-05,1.0006137247660851,4.941612815057921,0.6003478992952647,5.882070340937023e-07,0.0014165882886794,0.0016983671979648,1.0809830718694025
openml_46556_Loan_Status,real_openml_multiclass,20404.0,3,8,5252,0.0,0.0,,0.0,0.0,2000,0.98182269180712,0.6739212763128591,2.565704294162175,16344.0,3.3131913648618,0.3706036396187161,0.6041721595307636,0.2958720722276797,0.2991603853868929,0.7689204084478931,0.1667679733327741,0.2564182486389244,0.9562077437173132,0.8052235623760471,20.00208066206148,0.9630792401936792,0.0522567620144779,0.169108667269985,0.2929048037118742,0.3311299202113106,0.5710276913280995,0.3249958312489578,0.5629092919712759,4.04366975213005,0.3539015753487421,0.99583,0.0384420211796429,0.0434521779223052,0.352,0.4305539028297089,0.1025538376422046,0.4244170294739052,0.981583971216556,0.264577502433437,,0.5615,0.737253637000286,0.8256530583946766,1.0,4.76077124494168e-05,,,7002.502432045779,2.0,0.4714290522867237,,,,,0.999989313181774,0.8711553517425102,0.5073260018099552,0.0,0.990495247623812,0.0006422607578676,0.9749874937468734,0.0,0.9978975259322764,0.0014472565050599,0.496373749938032,3.584956726082241,2.612252168488703,4.348738891468575,3.376920480536276,0.106652764147392,0.0042520964003198,3.070223449256699,3.564378425394602,4.286583899396442,0.0052839131561649,0.0843337350582268,0.8849858116611875,0.0419429638019924,0.0013699616106785,0.7860571403493842,2.415222067653434,0.9641025856198144,0.0821942229789265,0.0165191757015926,0.2770705795817874,1.26246347739522
openml_46561_EDA-Home-Mortgage-NY-Samp,real_openml_multiclass,16.0825,6,100,8793,0.0,0.0,,0.0,0.0,1997,0.9961157674078126,1.6735596244819817,24.1118556575466,16.088183421516757,0.6995045053073692,0.9726644714286248,0.2661200981588488,0.5789540466746024,0.3558370098049286,1.984703666164156,0.0592770305972648,0.1094379314907159,1.0098530716005816,1.2656384493022013,37.86116664285394,0.9171998244834312,0.1812281916589839,,,0.4828164060772823,0.3967441938971528,0.2273918378017534,0.2258513415562942,2.631787608605992,729555.5163899934,0.9935173165356448,0.0524205628655332,0.1043843235837792,0.4832248372558838,0.428726121731018,0.1898794094694055,0.4792454252186899,0.8832418282056709,2.18241885099214,,0.6044066099148723,2.017911456144829e-07,0.4493457977882676,1134.0,0.0322415557830092,0.3040564373897707,5.719466190466297,4.776703884898443,4.0,1.4060784754348177,0.6593186372745491,0.6259185036740146,0.6593186372745491,-0.0060120240480961,0.9998052044257172,3.2923001235288924e-29,,,0.9490196078431372,0.0,0.6705882352941176,0.0,0.9960994329058268,0.0,0.8471332472421274,3.58494749407312,0.0,5.5530038301912885,1.9847037736804585,0.5965927841113063,-1.0751630230565469e-07,0.1344561056973685,0.844701491629489,2.732218045848571,0.0036218049273378,0.2134251067288955,1.0,0.0284339659497417,8.826869438988794e-19,1.002189794425857,8.247334623257672,0.7851482319441851,-2.88618426698519e-15,0.011823482541019,0.0818056135469424,1.2602872786040438
openml_46566_Apple_Stock_Price_Trends,real_openml_multiclass,1.2208,3,22,504,0.0,0.0,,0.0,0.0,2012,0.0942579724542827,0.5874638177375371,0.0370464274657906,1.2199036918138042,3.507288481868497,0.2725540699090345,0.006860120094704,0.1784697475049401,0.0718843672355075,1.5786816870259317,0.3944631130413024,0.4105532479700284,1.0004972650422674,2.66878961575389,90.71519918740417,0.9911804469361216,0.0063216462801668,0.3898595813487906,0.0682544669523141,0.9928211075319971,0.0012661288089393,0.9371275546582334,0.0064776136527495,5.0685675538842965,0.0720579866296998,0.9992319937235434,0.017402615010133,0.0059304315614497,,,,,0.0842088893344819,0.0688702638018035,,,0.931986338538368,0.1612860441271696,623.0,0.3096421471172962,0.4584269662921348,1.1061780261409868,1.1459338670178063,2.0,0.7023322881437062,0.3885116900467601,0.3798316633266533,0.3965370741482966,0.0480454241816967,0.9999680863260212,0.9783157075811424,0.4563595138646152,0.3645570100664476,0.9935691318327974,0.991304347826087,0.941304347826087,0.9284565916398714,0.9941815590326756,0.992377064742738,0.993509456746093,3.5849561804964467,2.320914856204523,5.1544846354562175,3.8944370363318255,0.0282088320263165,0.005171890793199,3.5849529197461165,3.5849561804964467,5.147107661010235,0.0151515886563036,0.1294712568167937,0.9998727791373824,0.1458208773985601,0.0001196371065402,1.0001885083721904,12.294714307059325,0.1055158560975567,7.808921709374606e-06,0.0240695469556776,0.0004653963369611,0.8693645253416102
openml_46569_Corporate_Credit_Rating,real_openml_multiclass,671.0,10,45,406,0.0,0.0,,0.0,0.0,1623,1.044534034592164,3.532508388577415,10.982984319528512,268.0,2.280481960821385,1.4591824300894651,0.1468110396209259,0.2446958597559492,0.142832793693176,2.2959116532406125,0.0512991988463756,0.1472683820679967,1.000616522811345,1.0463001921797417,29.336423138624827,0.9828622403575412,0.0254692829436481,,,0.3710230999377588,0.4183626619098103,0.1487143070949373,0.2856428925981985,4.498132142225721,0.7560839681402285,0.9989548727492086,0.0782614718362777,0.0715021675313851,0.7960566851509551,0.5564647923024842,0.1679435585315264,0.4800975751717725,1.354747628232264,0.6218169589330071,,0.8416512630930376,0.5051477329526617,0.947252968837126,2.0,0.0012322858903265,0.2,18.876214399446624,50.43464203184418,5.0,0.6187904520248535,0.3643048128342246,0.1490641711229946,0.3950534759358288,-0.1149732620320855,0.9990346324334493,0.8866891501536619,,,0.9892008639308856,0.0,0.8488120950323974,0.0,0.9961448971185836,0.0151929630653034,0.8786937832116473,3.4594234015330385,0.019447034459997,5.702986691488168,2.310435056404,0.2363785641364879,0.0042705501902848,0.5489455116492805,3.4594234015330385,5.652733071658556,0.0161667224167514,0.089631222413889,0.9999972036787358,0.0131182512769549,3.3940454263462306e-05,1.0006137247660851,4.951313225185825,0.9619292358982864,-1.8828514242442262e-16,0.003964505301474,0.1656485897559337,1.2037709079288483
openml_46570_Corporate_Credit_Ratings,real_openml_multiclass,671.0,10,45,406,0.0,0.0,,0.0,0.0,1623,1.044534034592164,3.532508388577415,10.982984319528512,268.0,2.280481960821385,1.4591824300894651,0.1468110396209259,0.2446958597559492,0.142832793693176,2.2959116532406125,0.0512991988463756,0.1472683820679967,1.000616522811345,1.0463001921797417,29.336423138624827,0.9828622403575412,0.0254692829436481,,,0.3710230999377588,0.4183626619098103,0.1487143070949373,0.2856428925981985,4.498132142225721,0.7560839681402285,0.9989548727492086,0.0782614718362777,0.0715021675313851,0.7960566851509551,0.5564647923024842,0.1679435585315264,0.4800975751717725,1.354747628232264,0.6218169589330071,,0.8416512630930376,0.5051477329526617,0.947252968837126,2.0,0.0012322858903265,0.2,18.876214399446624,50.43464203184418,5.0,0.6187904520248535,0.3643048128342246,0.1490641711229946,0.3950534759358288,-0.1149732620320855,0.9990346324334493,0.8866891501536619,,,0.9892008639308856,0.0,0.8488120950323974,0.0,0.9961448971185836,0.0151929630653034,0.8786937832116473,3.4594234015330385,0.019447034459997,5.702986691488168,2.310435056404,0.2363785641364879,0.0042705501902848,0.5489455116492805,3.4594234015330385,5.652733071658556,0.0161667224167514,0.089631222413889,0.9999972036787358,0.0131182512769549,3.3940454263462306e-05,1.0006137247660851,4.951313225185825,0.9619292358982864,-1.8828514242442262e-16,0.003964505301474,0.1656485897559337,1.2037709079288483
openml_46593_HCV_data,real_openml_multiclass,76.1429,5,11,123,0.0,0.0,,0.0,0.0,492,1.665707140013084,0.4655058763130522,1.9817433151288828,71.0,2.806246756832223,0.001260845277919,0.8104375163429021,0.547513725337029,0.2066427100690463,0.8190741307568706,0.1476077113482231,0.1253639962101836,1.0020366598778,0.6411489278011628,5.811522674670127,0.806675931734424,0.1080720551468659,0.0003441075219002,0.0005932527336978,0.3716743207086975,0.2053548588072487,0.0,0.0,3.484381210225904,2.7711357417045464,0.8606856038072576,0.14093967736319,0.06527107270817,0.1605691056910569,0.3489486423066133,0.097171618698476,0.2914224786855642,1.3781874645666885,1.3271887466037662,,0.2804878048780488,0.1593957233086103,1.005420138485402,6.0,0.0121951219512195,0.2666666666666666,8.627612844968619,15.002244582043346,4.0,1.495139778284417,0.8922764227642276,0.8841463414634146,0.9166666666666666,-0.0162601626016261,0.9449270588288092,0.5998717873996048,0.0018988821592195,2.6614130705882617e-06,0.8055555555555556,0.1333333333333333,0.0,0.0,0.8990501725533288,0.2388128969223253,0.4917428861788618,2.8073251823709406,2.803505477911814,3.565407805345308,3.321257764798152,0.3048045596688116,0.0581960362508762,2.805806202134665,2.8071357422780867,3.5165167320198893,0.1075773141336966,0.303951059909656,0.5261282573380149,0.1330508349393639,0.0001329162205526,0.5271998016503128,2.42986487238394,0.763309627644281,0.3863800430031198,0.0515481431151384,0.5221241051950921,1.2537947287087463
openml_46597_Estimation_of_Obesity_Lev,real_openml_multiclass,1.2904,7,8,423,0.0,0.0,,0.0,0.0,1688,0.0825651724653286,1.1964202901606502,8.004886111175345,1.288990825688073,2.952483163749196,0.6122815314641001,0.0013419871408794,0.3764273653236745,0.3517651405784112,2.802553972773211,0.1226814119395008,0.1069966312036472,1.0005927682276217,0.4571308853668854,5.511355497391431,0.806685800374969,0.2739479223700423,0.1030335184846755,0.1686382433334093,0.3138501916181468,0.3402572348814153,0.1771575095867157,0.2957070758986273,5.2465317472221376,21.70103905691741,0.989984010354664,0.5085053893002697,0.3863326629690137,0.2790284360189573,0.309417688160627,0.174057764939166,0.3582196646444039,0.0737146608840656,1.4688789388178851,,0.4212085308056872,0.0247517463563047,0.603463691121363,218.0,0.1291469194312796,0.8284403669724771,1.8317417518486387,1.1059062952154026,5.0,0.9634072435904246,0.29124916499666,0.6018704074816299,0.8697394789579159,-0.501002004008016,0.9781147863551396,0.1522555502705334,0.5631131897049767,0.0,0.9202586206896552,0.0,0.8199566160520607,0.0,0.945475379037654,0.0,0.6724511930585684,3.4594128891877127,1.7855963258299603,6.009789030808157,4.272843531647096,1.44145679464319,0.2521778311527658,2.803233273251592,3.429216172844939,5.668352291152552,0.3211917836462117,0.0765375006147771,0.456984887948689,0.0637231811600803,0.0065360429809146,0.4572557740707684,1.8072485895298356,0.9544780475414804,0.3634081557284332,0.0505768278779698,0.7433451193906461,1.1257814840293547
openml_46600_maternal_health_risk,real_openml_multiclass,1.4926,3,6,203,0.0,0.0,,0.0,0.0,811,0.1631352444738962,0.662155986724481,0.7012259651455331,1.4976958525345625,2.3605268353592312,0.8139365192796628,0.0198346958335682,0.4675330544803938,0.3084609632287011,1.5656836738340123,0.2903801424600897,0.2115690080350366,1.0012345679012316,0.8708944408099427,8.615783018156707,0.8583633379267795,0.1252478160772655,0.1730709967159583,0.1913613713857819,0.8662963285076173,0.1145798222270883,0.7939715592442119,0.1477367710785282,3.744487771917418,0.9535311202258768,0.9919981268653426,0.1817227372758257,0.1108392965238733,0.4895191122071516,,,0.3727239463144081,0.0986211776247653,0.5323224798995118,,0.2256473489519112,0.4969229916183327,1.1893219829056234,217.0,0.2675709001233046,0.7778801843317973,2.8664691423513475,1.315168542533934,2.0,0.0453229182110304,0.5560566716778279,0.6004965605211608,0.6177303995262174,-0.207147738144048,0.9673042505681954,0.631327805962575,0.3920379293662311,0.0379109600796347,0.940329218106996,0.7343173431734318,0.9012345679012346,0.6254612546125461,0.948881312354274,0.829279883707928,0.93228582117471,3.1333678210285445,0.947407258941337,4.534843680000595,2.479750169317205,0.3505641231942196,0.0333407634581446,2.046769483564437,2.85013420887742,4.178968909932266,0.1169719031965685,0.2494182156500449,0.7867973239531565,0.2762792827214153,0.0309045678224862,0.7877686786740834,2.658995082892577,0.7586642647906112,0.2124730659193362,0.1073288488882182,0.5302224825394191,1.0630676966165769
openml_46601_Cirrhosis_Patient_Surviva,real_openml_multiclass,9.28,3,11,84,0.0,0.0,,0.0,0.0,334,0.6153550503576333,0.5190064318966221,0.7221858964308785,9.25,2.4133905935587303,0.2906855572471093,0.2246352199739322,0.4601111490666505,0.1793449741934888,1.2454035498307443,0.1570033830226551,0.1012101977882052,1.0030030030030026,0.6197394200955162,13.284018957851304,0.9198250440557092,0.0508236777978671,0.0106788036270912,0.0166823082721073,0.6395731959285993,0.2652751730608775,0.2887941601597865,0.4532519567102829,3.565042127995467,0.650482437150435,0.9868765463085803,0.0937520153940061,0.0650870907711444,0.5119760479041916,0.4742023514259943,0.0927417743865845,0.4869038906725283,0.5661142036647858,0.4555691587593301,,0.7155688622754491,0.5826980098389581,0.5563414543979349,20.0,0.059880239520958,0.35,2.608599526273388,5.711369509043927,1.0,-0.369659607262119,0.6677659802659802,0.6974474474474475,0.694524882024882,0.0420420420420419,0.9766719128720542,0.8168583080352503,0.0299399734652147,0.0008138863887855,0.945859872611465,0.4829268292682926,0.8121019108280255,0.0201342281879194,0.9658890794887142,0.4864298575871665,0.7178963792587526,2.58475498985803,1.574199711543875,3.776912187041954,2.7241010841940785,0.2488575170955775,0.0256139922237665,2.417136252149398,2.5663439477240395,3.716259667714234,0.0460626565458077,0.3332951016427082,0.4194384687489814,0.145143538153389,0.0019517086497718,0.4206980437302097,2.5421475342791267,0.8430139906171983,0.4229313814180046,0.0767353670534769,0.665023396217119,1.048422921409199
openml_46603_regensburg_pediatric_appe,real_openml_multiclass,483.0,5,15,157,0.0,0.0,,0.0,0.0,625,1.2268046299227926,0.7391389347374632,1.4098832731597135,386.0,2.862655070299154,0.3113401765450396,0.426379840062108,0.2602591348494347,0.2896984343374023,1.1586605800978758,0.1880712255959271,0.2056813336756816,1.0016025641025634,1.0783359492836713,10.62772094216858,0.9146316817386532,0.1059807748247623,,,0.2540436939538545,0.3988913116062446,0.1036067700106011,0.2257242680296388,3.912293162282898,0.9322318356446856,0.9917568,0.109022488114131,0.1390984154640911,0.4352,0.4736761692828889,0.0756955708036901,0.4649676029519388,1.1857712741156383,0.5227148176629316,,0.8016,0.5039286932445802,0.6446909805832222,1.0,0.0016,,,127.6113530655391,3.0,0.75438988478315,,,,,0.999051687892702,0.6250505231265496,,,0.9384359400998336,0.0,0.7138103161397671,0.0,0.9900399607585906,0.0030953919035314,0.5456796917996698,2.999987114581804,1.8483478124231667,4.135324120770985,2.433265345382272,0.5737430471387701,0.0225247019411742,2.935439030632923,2.9980142077891605,4.119062749784689,0.0345332528728299,0.0285093856189861,0.8555751713359682,0.1035719648385854,0.0027654086878825,0.8569462853925968,4.0668079351304245,0.6456436216630244,0.0251705575585876,0.0495479392369139,0.3971416296459182,1.1683059733512584
openml_46614_Ecoli,real_openml_multiclass,71.5,8,7,68,0.0,0.0,,0.0,0.0,268,1.0806217528297286,1.3904436092650676,10.902902309432294,57.0,1.8760972985523647,1.198177166692035,0.1985069924403615,0.6066966620817651,0.29676232184491,2.204186171006015,0.1839227822713188,0.1878720737950331,1.0037453183520586,0.6896681683818878,4.522498223230299,0.4253396556567043,0.1439945335348072,,,0.173975762743428,0.2191643243541347,0.0477094571065105,0.1456477552395104,3.592901040155982,10.198296920814863,0.963786478057474,0.4873824294023988,0.3354427710389691,0.291044776119403,0.4049943029661157,0.135645122239318,0.4125728227356194,1.1833556660845432,3.1049731324687806,,0.4365671641791044,0.0058419336266726,2.403453069100236,2.0,0.0074626865671641,0.2,11.519494483871146,12.825051102008176,5.0,1.1834890669863247,0.6417910447761194,0.7313432835820896,0.8694029850746269,-0.1455223880597015,0.670834060692284,0.2174068788162855,,,0.7843137254901961,0.0,0.5617977528089888,0.0,0.4868694368649088,0.0258620689655172,0.1813936063936064,2.583186782530756,0.0354704823959182,4.412225878164227,2.211651014672987,0.9888698225009014,0.0280056387289464,1.387617548523033,2.580867081493901,4.20621472011954,0.2567661082613117,0.0483258886002923,0.7982106520738894,0.1281900336164605,0.0088063134330633,0.8012002050779126,2.1774858877597145,0.8582503489597305,0.1369921632354032,0.0553850837833116,0.5640015222437099,1.3627428920110711
openml_46617_mice,real_openml_multiclass,1.4286,8,77,219,0.0,0.0,,0.0,0.0,876,0.1015917600972008,0.5708674660571316,3.955871654549119,1.4285714285714286,3.1484976194173524,0.0824045497707889,0.0016544552115339,0.854391350645412,0.0876917817909108,2.9921995266478616,0.2562208394522557,0.1946925872688852,1.0011428571428571,2.826821358145944,9.218007113635696,0.7940601503734115,0.1384159529873883,4.1857298217181294e-14,1.7843087247523285e-13,0.2556023048839419,0.3094884569619223,0.0,0.0,5.81609341233391,63.29492461050945,0.989234742811868,0.3246037337313033,0.1996839262550868,0.091324200913242,0.2890928555785418,0.0651922830126469,0.0674577976839052,0.1201678246613445,5.156031151965827,,0.3881278538812785,1.0733383979270894e-05,0.7607329234087608,84.0,0.0958904109589041,0.980952380952381,6.372651474237275,1.1343537414965987,5.0,-1.1914950296623117,0.2671232876712329,0.7819634703196346,0.9771689497716896,-0.7123287671232876,0.9769257485417784,0.3280598946363271,9.420984711009232e-13,0.0,0.8421052631578947,0.0,0.0,0.0,0.9013560055399176,0.0098684210526315,0.6003472222222221,3.169908100328594,2.789808588850033,6.05698415338636,5.1050476273680045,1.0570599996084509,0.105123473590095,3.169908100328594,3.169908100328594,5.962973413960375,0.1935437285713828,0.741652930828877,1.0,0.2152097387762044,0.0001351816548319,1.0011428571428578,18.749659792717917,0.1518253251381658,1.7341769474709591e-16,0.1011145587765723,0.0523322651073237,0.4764065990949827
openml_46652_news_channel,real_openml_multiclass,3.9426,6,16,4057,0.0,0.0,,0.0,0.0,1997,0.4413014312107101,0.4982280112584995,0.2518604063147149,3.941626794258373,3.0475768544187423,0.9631574147496436,0.043493509882141,0.3059212115107758,0.1596431124089849,2.4241717016264275,0.2121179059705588,0.2121447370687933,0.8006825035195078,0.9610425670756896,34.8687890793536,0.9477510825081036,0.0425147408372892,0.0508628208513724,0.0664096884915849,0.9759613318852572,0.0137016003123316,0.8959252943034046,0.0463060078338579,5.402225874999104,0.6992044463779726,0.9990626901794856,0.0695226810460653,0.0366155822529368,0.7886830245368052,,,0.4770969423070941,0.475067815101843,0.5698826316196152,,0.944416624937406,0.5328044126640891,0.5640701537886752,1045.0,0.0643988414371109,0.3362679425837321,2.502370687469498,2.281851612078376,2.0,-0.4725838661855121,0.3072812291249165,0.2237808951235805,0.4649298597194389,-0.0354041416165664,0.9986014387600164,0.875194238584528,0.2626716736948135,0.0022138071361184,0.9931740614334472,0.9376146788990826,0.9601820250284414,0.7743119266055046,0.9886702350921412,0.9705181711606096,0.9850703256246204,3.58495617205541,0.4182762670294305,5.970092753335878,2.837379159795523,0.1269232870441126,0.0050688088603352,2.8211526135588905,3.584952908039431,5.947349333260298,0.0450339706536855,0.1241157619687622,0.92879297491083,0.1269681981364204,0.0030007057837905,0.733096606616237,3.458512673285002,0.5354328420457327,4.32525651232104e-16,0.0598424791991244,0.0661614242008184,0.9444886399968409
openml_46701_social_bias_frames,real_openml_multiclass,29.8036,4,4,29428,0.0,0.0,,0.0,0.0,1998,0.8168526421937645,1.1713528888352625,4.067199427883093,29.80371485943775,2.2940182416144896,1.4485796939564517,0.2500303234760008,0.3444123153078127,0.5013336332912159,1.4276678794818352,0.054480829862748,0.0619210990928858,1.0100387543079912,0.1584484117632584,5.522225254571212,0.7758102543264236,0.4168930462607456,0.4605698877881874,0.1234477652251325,0.8542258046955196,0.1598239807985173,0.8316705913179793,0.1611817386455576,3.4631548563131584,5.700522725877975,0.9780984688392096,0.2585312647831658,0.4619962887422393,0.2117117117117117,,,0.3513237621083667,0.9254147147495522,0.8585303525450074,1.062148853053417,0.0925925925925925,0.1482332740233329,0.4617679586535872,1992.0,0.0169228024568646,0.1417670682730923,0.2413550594803033,11.65312227839427,2.0,0.0667684410440613,0.870495657982632,0.8691569806279226,0.870495657982632,0.0300320641282566,0.9997839303720036,0.1509923926037193,0.6412937463033782,0.3053323513705363,0.9905956112852664,0.5543175487465181,0.9881154499151104,0.5481894150417828,0.9939768579362208,0.8513216388321518,0.962340719792416,3.576751751811699,0.4580303207995665,4.979860425767477,1.848270303094743,0.9514426273867826,0.0206953290331641,1.479779889199876,3.38488379933796,4.790890380663408,0.0235932364028341,0.0255344873726719,0.1709126259100578,0.042327537506334,0.0013652649595293,0.1689300494081431,1.1687981279303274,1.0288346829511803,0.8136875233992766,0.0136621735572522,0.919799869342022,1.1190735679171495
openml_46720_OSMI_Mental_Health_in_Tec,real_openml_multiclass,2.2733,3,5,287,0.0,0.0,,0.0,0.0,1146,0.4147266679554375,0.6235593380514239,0.1734241133688823,2.278195488721805,1.245647427284813,1.162946224943783,0.1372939870672711,0.1885121503679567,0.2294660741342819,1.468735698251574,0.0892459451970772,0.0780965718086876,1.0008733624454185,0.2595911835809827,55.53262411628171,0.9689622178604492,0.0295392333972824,0.6616501946690626,0.1554793026309944,0.9961000164746344,0.0006130690371259,0.9961000164746344,0.0006130690371259,2.68793496606933,0.140991383160002,0.9997281690012152,0.0264481594670573,0.0225004952205968,0.6404886561954625,,,0.4968889702973166,0.3115978915960198,0.123728340851302,1.1024372638286015,0.1771378708551483,0.8763564738777275,0.4281240677886452,266.0,0.2321116928446771,0.3827067669172933,0.0305542566460744,1.8399831696028397,2.0,0.7057547127641832,0.5287958115183246,0.4092495636998254,0.5078534031413612,0.1186736474694589,0.9994950002883116,0.9339283212322672,0.8301886792452831,0.5238095238095238,0.9965909090909092,0.9954128440366972,0.9965909090909092,0.9954128440366972,0.9872275290442106,0.9958545701664968,0.9964436026936028,3.3057990182586283,0.5330617363560325,4.750797377564353,1.9921325667635947,0.0521453297585137,0.0003631777708719,0.679542255134878,0.9813236359106772,2.4496961563913797,0.0096648678440118,0.0262551332953508,0.2364897134902546,0.0693315906699887,9.718523972474198e-05,0.2366962547247446,1.3086022293277142,0.9485903068188638,0.6525462792957596,0.0315787443859594,0.894876249190079,1.1997517475946753
openml_46745_Advanced_IoT_Dataset,real_openml_multiclass,1.0,6,12,6000,0.0,0.0,,0.0,0.0,1998,0.0,1.0960190881127363,27.143966261691293,1.0,3.584955995579937,4.638360521155014e-16,0.0,0.8999331877686638,0.1077353279051284,2.584962500721156,0.329522965631692,0.2690303056338781,1.023739742560432,1.5183020965802347,1.5721843509292934,0.3891537968840472,0.1724342365289745,0.0,0.0,0.0,0.0,0.0,0.0,4.525733131402108,210.2097385434716,0.910326993660327,1.644185364898986,0.3446901393510967,0.0095095095095095,0.0074498629008521,0.0026837369084376,0.0,0.0,4.095826315752648,357.1827001701334,0.009009009009009,2.25459752989938e-06,1.975545943463272,4000.0,0.1666666666666666,1.0,0.0157013607597081,1.0,0.0,,0.332,1.0,1.0,-0.6679999999999999,0.798315167291803,0.195108624766338,0.0,0.0,0.0,0.0,0.0,0.0,0.4822873743839818,0.0,0.0,3.584955995579937,3.584955995579937,5.484573934645378,4.231065943033967,1.938852553267126,0.6853445616557154,3.584955995579937,3.584955995579937,4.623969184347688,1.5459493119534051,0.7485903359565755,0.9642741297978662,0.3047308120783559,0.0010523408751895,1.0262691342611712,4.82019149592794,0.2590669425904823,0.0039180475444558,0.1077726264057486,0.0986672721050505,1.2606887971950882
openml_46752_student_lifestyle_dataset,real_openml_multiclass,3.4646,3,7,400,0.0,0.0,,0.0,0.0,1600,0.4478603646785458,0.5048960552580456,3.918202050536832,3.457983193277311,3.455444291676621,0.002212134400907,0.1388992256343616,0.4771037739990272,0.4650875549637691,1.4310580705885445,0.167544063929544,0.2141348686828846,1.000625390869292,0.7090959255430257,6.697162247630044,0.8547157771337144,0.2111429655797346,0.0997709155910124,0.1023208893594766,0.2592441120988289,0.2524973664749715,0.0,0.0,4.672821101803698,1.876253046427228,0.9922234375,0.2136812604614677,0.3111705927936129,0.2225,0.4008982634723647,0.0894648403598347,0.3308223120140613,0.3292476176200944,0.6715624561104065,,0.585625,0.3427117703561754,0.8264624332671818,238.0,0.14875,0.7050420168067225,1.119112378640087,2.4165302484630216,1.0,-0.0355725160146595,0.7244849699398798,0.8492251169004676,0.7865130260521043,-0.0954054776219105,0.9998792555685512,0.4433883746400523,0.2044641073381478,0.0,0.5044052863436124,0.0,0.0,0.0,0.9936965457547294,0.1366635249764373,0.3888661681482435,3.459423167090096,3.4532229850249374,4.876716398950912,4.015050214182234,0.8692450404965539,0.0075968097481107,3.453615464561812,3.456272827068541,4.87395100053616,0.01478562360289,0.1482372100386749,0.7258391764550216,0.0339265326691298,0.0005543511784168,0.7262931096485498,2.158489582817028,1.0190123291053876,-9.718012497940122e-28,0.0087369370940273,0.6325962015001381,1.280841710581176
openml_46760_Indicators_of_Anxiety_or_,real_openml_multiclass,1.0,3,5,3219,0.0,0.0,,0.0,0.0,1998,0.0,0.6878876451955278,0.4375446772722873,1.0,3.452407646534206,0.2806420529845772,0.0,0.2681578362623716,0.3422385123812081,1.584962500721156,0.4936403943176309,0.3865521367313879,1.023495745335183,1.3982101001845904,9.982712421556206,0.8613897286670937,0.1259438961524403,0.548345647249152,0.1840060809553516,0.975975975975976,0.018858643674295,0.9637137137137136,0.025792777467182,4.878599421044852,0.352511379524707,0.998597446295144,0.1587707262105098,0.1395332510905707,0.6501501501501501,,,0.5000347105224302,0.0,0.2609444496547361,1.0335726415269384,0.6586586586586587,0.7392336400500713,0.8092153893765134,4291.0,0.3333333333333333,0.5389885807504079,0.1372463183369631,1.0,0.0,,0.5306666666666667,0.57,0.5660000000000001,-0.0206666666666666,0.9994769126191052,0.7622294831466362,0.7607353018935845,0.437030880614657,0.9872372372372372,0.9542042042042042,0.978978978978979,0.933933933933934,0.9987449870957674,0.9703453453453452,0.986861861861862,3.579545683508491,2.950384597338543,5.155728990804715,4.53052341761892,0.2702533178093622,0.0048236804407792,3.5761339367394105,3.5781851663993773,4.910903344622952,0.0074186763158188,0.0261586633744231,0.9831189982446492,0.2683835925438066,0.1247446904967515,0.9954121037049442,3.1662652591484624,0.1502880707993843,5.647854014642138e-05,0.1701184318995595,0.0672787078456284,1.7335902103422935
openml_46761_mental_health_detection,real_openml_multiclass,157.0,10,15,108,0.0,0.0,,0.0,0.0,432,1.073724799532131,0.6897405805037249,2.0934574560898893,128.0,1.762061438976424,0.3034341110718545,0.1350543694616,0.2989237303786931,0.1613017865670422,2.4348969144343715,0.551646500638199,0.3670343264766247,1.0023201856148498,2.56840044259496,27.603741670114,0.9460479792162176,0.0311392276131253,,,0.2706012198703128,0.382666509885381,0.186950545368242,0.3489249627062538,4.108749409002705,1.264692689089253,0.99210176611797,0.0882089444080903,0.0487376662280246,0.7939814814814815,0.6082556720097432,0.3189065791545598,0.4550566625435672,1.5203508826483416,1.0123447000493797,,0.7615740740740741,0.3239044269930499,0.7852284225790856,1.0,0.0023148148148148,,,23.5486905814492,6.0,0.5783617470960454,,,,,0.9600449202797724,0.834703298771389,,,0.9831460674157304,0.0,0.9719101123595506,0.0,0.9554100330136496,0.0108695652173913,0.7619047619047619,2.8073161794722563,1.5638366453404913,5.037621111476344,3.91434673642512,0.2049992446711996,0.0424158577689581,1.6397239403361854,1.7180325616656722,4.090832608483224,0.0643993700396667,0.0843048759469156,0.9973054475570574,0.4327433174511786,0.0134994836362962,0.9996193813100916,9.836054989333064,0.0084725338483018,0.0001781313334297,0.197676668494578,0.0021499687024488,0.5871943528909025
openml_46762_air-quality-and-pollution,real_openml_multiclass,4.0,4,9,1000,0.0,0.0,,0.0,0.0,2000,0.4472135954999579,0.7155461246605428,6.024272439117435,4.0,3.5839147531425337,0.0011862512440773,0.0844686648501361,0.489910383719719,0.4506752075916986,1.846439344671016,0.4948342597491135,0.1448699276693271,0.987679132462682,1.5271773069173185,3.0142830732526926,0.4989495770013363,0.2023172503257111,0.0145031459394214,0.0215051025570922,0.5006706349206349,0.3520151287773482,0.1449444444444444,0.2284907405531316,4.817790745335,13.721333250528444,0.95444025,0.6125633524785499,0.3271552509412435,0.1805,0.3707490844867687,0.0995372846072939,0.2994070344633591,0.4012247182011256,1.1262528377048482,1.1992456847854354,0.4565,0.0556297382599938,1.4377541149690731,400.0,0.1,0.726,4.277926858300728,2.305555555555556,2.0,0.0,0.6693333333333333,0.9133333333333334,0.9366666666666666,-0.2133333333333333,0.8274278149423415,0.167104326552922,0.0478649979653998,6.166781325194695e-08,0.875,0.002,0.5016666666666667,0.0,0.6105445384279095,0.2500892857142857,0.74875,3.5847667526643967,3.581215102235184,5.263691683709844,4.188030734239353,1.241591645284875,0.1669236727825129,3.583277869110616,3.584715324738206,5.032650687484527,0.3985039819246951,0.068239671602318,0.9715922684893182,0.4893080222292524,0.2770000637966763,0.9331278250164612,4.951712983117398,0.4310287123602903,0.0164211739876043,0.4029977607509774,0.3949072919403555,0.5962634274904623
openml_46764_football-player-position,real_openml_multiclass,4.5739,4,11,723,0.0,0.0,,0.0,0.0,2888,0.5232928202508532,0.6749455327270656,2.2026621999808587,4.572463768115942,3.4164737643191514,0.6285603200705346,0.1183170392156607,0.7119792263714567,0.1448792462400095,1.7973831716339717,0.166494747798042,0.17180182600771,1.000346380325598,0.7900183713727035,6.529914949442338,0.7999603613394709,0.1326750776179392,0.0283422568942114,0.0536764479188171,0.637906365747707,0.3441017984072246,0.4348692931468036,0.4377100576600936,4.938603248033731,4.497522997896269,0.9909515494432976,0.2752536879193917,0.1891525669706394,,,,,0.4180612160233093,1.5627232483356406,,,0.0857875057075419,0.951284161242842,276.0,0.095567867036011,0.977536231884058,2.3243321364324654,2.5593349158753957,2.0,0.2680080866369927,0.5454041416165665,0.7823794255177021,0.8197635270541083,-0.210948563794255,0.9851823499036148,0.6336684913078829,0.1019007430611656,7.91094506746744e-07,0.9775933609958506,0.2171052631578947,0.9394190871369296,0.0,0.9260839304742894,0.3737525286987719,0.8963991216927376,3.584955995579937,1.5711870119594609,5.338684919485679,3.3227978696584968,0.589860374232142,0.0411887067627656,3.155375825721725,3.5756770938139084,5.099252828891914,0.0965321355803023,0.5778990971977532,0.7978579202609648,0.1021307252466685,0.0005553762549436,0.8122966447851222,2.5956144085656554,0.7518254176493719,0.1786620754942955,0.0426969680445621,0.4370635158906552,1.199224471816073
openml_46806_product_sentiment_machine,real_openml_multiclass,31.1031,4,3,1019,0.0,0.0,,0.0,0.0,1999,0.9186280498173188,0.716166148440576,1.2716817051614784,30.935897435897434,2.9261976408631827,1.1410032605646894,0.3411520288959768,0.2672941641298588,0.418542566020109,1.3354298389615744,0.0268096723570853,0.0221815449817309,0.9788984552967438,0.0630704687332041,5.563170953420896,0.8113414518091323,0.3241752144262722,0.6134076505922234,0.327171670859382,0.8614213515465371,0.1782189736360209,0.8384615598172247,0.2024404085481955,4.021579160234579,1.290450900181558,0.9961341351015678,0.240048319590178,0.379520607857002,0.3371685842921461,0.3599747296065813,0.2265715913174125,0.4235516548290899,0.8992778934089672,0.5646942696750343,,0.3386693346673337,0.4362034052457818,0.8979128292194204,78.0,0.0191552062868369,0.223076923076923,0.0705955563664793,11.24187372939264,2.0,0.4508797325945232,0.877755511022044,0.6720106880427522,0.8209752839011356,0.1055444221776885,0.9986668056561986,0.4370162043442586,0.9818076484517716,0.3027514920301157,0.9945474372955287,0.6069868995633187,0.9896401308615048,0.5589519650655022,0.9985040755415692,0.7299189771798112,0.9844005374654262,3.5849561804964467,1.6086805615966544,4.906200096097257,2.2658993879681177,0.6782110125901109,0.0141859233607641,2.5968183710465507,3.5849561804964467,4.89941904636781,0.0209669730902115,0.0141495860728365,0.0523881853024167,0.0151718039187907,0.0128690278500487,0.0506240286053415,1.023230486921404,1.0067712969378837,0.9066935820309444,0.0140204158844197,0.956732439484414,1.0150008919296438
openml_46807_melbourne_airbnb,real_openml_multiclass,3.8335,10,49,3664,0.0,0.0,,0.0,0.0,1996,0.3295381308508179,1.2213890347807752,46.65913227737892,3.832137733142037,1.487454314710118,1.269215782452446,0.0138822032740956,0.2482510624706467,0.1961092636886296,3.248491743906833,,,0.9974465520238042,1.1466145204909526,27.727312307021208,,,,,0.0,0.0,0.0,0.0,4.618787507224134,1.4437254766408012,0.9992901634933192,0.117158551392817,0.3801431599996247,0.8587174348697395,0.5575605400517996,0.1110479457966772,0.4212334055257,0.3645069611740364,0.8623280565962165,,0.9443887775551102,0.3369923107045219,0.3944614673980318,697.0,0.0475702975702975,0.2751793400286944,5.203937396825373,1.5103741016743473,7.0,1.1695598460077692,0.307023685926069,0.4735776774432398,0.3023503499636488,0.0548553599836889,,,,,0.0,0.0,0.0,0.0,0.9947895057794268,0.0,0.0,3.584956710647189,0.0,6.784074617663107,3.2484919391500733,2.621484910415959,-1.9524324024189357e-07,0.531488486202368,2.6281624011008,5.4125139468356895,0.0039213229326175,0.0972782421305625,,,,1.0031867914357189,5.112007631306724,0.6627860605533178,-7.705706300666357e-16,0.0093859746819764,0.2602805355903028,1.1810051449238597
openml_46825_SOCC,real_openml_multiclass,118.4286,4,4,209,0.0,0.0,,0.0,0.0,834,1.2808292440372824,0.7189273025454611,0.206297996419805,110.5,1.1153815666646991,1.438310627306761,0.6760400812311846,0.0654088918635146,0.0749847080900977,0.9068344570871364,,,0.7509003601440604,0.5039877184849487,50.76949616428836,,,,,0.8421697418709077,0.164080869864136,0.8312349956119737,0.1684611080776946,2.004354226302583,0.0246155651299076,0.9979987233234996,0.0178617974492528,0.0306190676132647,0.4040767386091127,,,0.4524305340564731,1.3147325159887395,0.0240803822991531,,0.1474820143884892,0.9759480542090294,0.4785053796238445,6.0,0.0071942446043165,0.1,0.0021419828641399,28.56847410497045,3.0,1.041404040582368,0.7949640287769785,0.3741007194244605,0.7949640287769785,0.1043165467625899,,,,,0.99875,0.6153846153846154,0.9975,0.6013986013986014,0.9952104297121316,0.7149828541281984,0.9591830022365478,3.0149532330020192,0.0,3.858347640409656,0.9068345489033192,0.0634400496794995,-9.181618276787873e-08,0.0,1.8386680834930889,2.7236370353479424,-9.181618276787873e-08,0.0120192537081372,,,,0.0553930913361402,1.0685698251128235,0.967515807731709,0.0,0.0260665399233807,0.6947084842101434,1.023707683665626
openml_46827_QSAR_Bioconcentration_cla,real_openml_multiclass,7.1875,3,9,156,0.0,0.0,,0.0,0.0,623,0.6233098415875875,0.3953400533984604,0.1953555359793625,7.215686274509804,2.3080176965365444,0.8719499912508102,0.2571210895571291,0.3107206700956967,0.1359704867247199,1.2716288634064865,0.2386316010626485,0.1658237093858597,1.0016077170418,0.8692134572862837,25.885063273577725,0.9658780005065832,0.037547989408423,0.0776934763921315,0.0179415156685702,0.928232862649541,0.0526476089200635,0.8079002969358157,0.1509032144595263,3.530520589109322,0.2466447454847138,0.9955994012300036,0.0491259708337088,0.035146476624083,0.5842696629213483,,,0.488512074366495,0.5120836274061064,0.2115826429095947,1.0908890043319486,0.6099518459069021,0.7960392316963998,0.3091552880035564,51.0,0.0818619582664526,0.4470588235294118,0.9802758109432764,4.339869281045751,2.0,0.0424677768945237,0.6292502787068004,0.62123745819398,0.6677737520128825,0.061013563730955,0.9987087290036304,0.883561771182716,0.0901233554915833,0.0571250855617794,0.9737762237762236,0.8705882352941177,0.93006993006993,0.6392156862745098,0.9925922754147044,0.9054611820861996,0.9570551763272528,2.998114604247898,0.7365615543097459,4.210979203689171,2.006493249955924,0.1044975166931809,0.0016971677603083,2.3394211819922943,2.9974283374325164,4.18811842784302,0.0256804460802912,0.2145750168914118,0.7357744223172575,0.2150383367587312,0.0058945868838636,0.7369573393949378,2.638174546684361,0.6599823071012721,0.1075140231291366,0.1053630296558758,0.4496446811504336,1.3785120393058103
openml_46828_Cervical_Cancer_Risk_Fact,real_openml_multiclass,75.6,5,30,172,0.0,0.0,,0.0,0.0,686,1.703572162953807,0.3803405346912204,0.2080230313906491,75.5,0.6392356960411506,0.8933180365278055,0.833130928368412,0.2631503480810293,0.0906053832447326,0.7318105057045978,,,0.9013138686131364,1.0556565401142992,71.80532742114131,,,,,0.8299074466712728,0.1047724844034523,0.4642887724909301,0.2618408020144745,1.360854611065958,0.3365419196194475,0.9837291434691328,0.0101915906797903,0.0107859387394553,0.2798833819241982,,,0.39674786140248,1.287111031044141,0.3016204291994421,,0.3236151603498542,0.7273771898128334,0.3658233010523035,8.0,0.0116618075801749,0.2,1.6435131756058965,18.640584415584414,4.0,1.4895925295836483,0.8760821267141653,0.0320679792640261,0.81774304757527,0.080160371817462,,,,,0.9675925925925926,0.6363636363636364,0.8858024691358025,0.0,0.9958556401802264,0.7604166666666666,0.91115127919911,2.9713370019609684,0.0,3.654425809559496,0.7318106496211572,0.0487216981060703,-1.4391655933643221e-07,0.0592845040882521,0.7020062204640916,1.4230088837259631,0.0032252012454579,0.1751919120925223,,,,0.9858668483044872,4.75827172561506,0.7317253517063119,-1.0156181120374968e-15,0.0118032669539665,0.1076377410270576,1.247548053807051
openml_46850_hepatitis_c_virus_hcv_for,real_openml_multiclass,1.0904,4,28,277,0.0,0.0,,0.0,0.0,1108,0.0372558979071304,0.3590136462212808,0.0256830319542546,1.0943396226415094,2.5914449756550537,1.0375181017218582,0.0006171487105538,0.1640757482632251,0.0260755039089626,1.998999332858041,0.0268336118774126,0.0394838850119916,1.0009033423667593,0.2526107875407936,153.73761406323175,0.9970607546946952,0.0026515077163916,0.3304355118203079,0.3124945234539092,0.9853347517224402,0.0057390389052842,0.9372470286314996,0.012861074176564,4.5774416393547455,0.0845989746285491,0.998809934965919,0.0130026691583483,0.0077833483615868,0.8772563176895307,0.5245632672301662,0.0359783255340911,0.4205349576031713,0.0275887345531751,0.0821224173126243,1.0391437950313056,1.0,0.9200312217745164,0.0870387612181835,265.0,0.2391696750902527,0.3811320754716981,2.772898815085413,1.056014638719601,2.0,0.0682396595931703,0.2337483825288703,0.2626235992089651,0.2635440318367147,-0.0081105495739641,0.9997507076325736,0.9898275872970114,0.9456679224924336,0.0608949244748093,0.9927927927927928,0.975609756097561,0.9567567567567568,0.9163763066202092,0.9991377648564442,0.9841508644683576,0.9879952161765592,3.321918676613882,0.9991513719453444,5.313924681749415,2.992408627555358,0.0256719598695678,0.0002534448368258,0.9999782594244916,3.3198617195457527,5.300808953008598,0.0061832269941796,0.1400810454920659,0.4321238663345201,0.0196635456218979,1.488866459316762e-05,0.4325142221306658,1.8936874381661395,0.9832886458404008,0.5382439904021867,0.0090860405807406,0.8612648824402198,1.103992933446086
openml_46863_Fetal_cardiotocography_da,real_openml_multiclass,10.9245,10,36,426,0.0,0.0,,0.0,0.0,1700,0.7781221295162518,2.347281065980777,113.0965400810402,11.023809523809524,1.951745921864855,1.4209880290948986,0.0764071326153257,0.9999999999999998,2.6331251014325263e-16,2.9138699232658443,,,0.972794454254136,1.4324449799614738,7.253291422565999,,,,,0.0,0.0,0.0,0.0,4.46388513371872,inf,0.9211010380622836,0.401730711411979,0.2731275267357392,0.0105882352941176,0.1685380275249216,0.0869375721929577,0.0,0.6828737680831214,8.999999999999998,,0.1141176470588235,0.0,1.2297216373154989,42.0,0.0247058823529411,0.980952380952381,6.792798095563644,3.369421142049864,6.0,0.9434266940582174,0.4535121112372,1.0,1.0,-0.5237422636437532,,,,,0.0,0.0,0.0,0.0,0.8248324949596577,0.0,0.0,3.458482142518752,0.0,6.2028133298112,2.9138701561088816,0.962190302747322,-2.328430372955381e-07,0.5047530882716253,3.4406132715285755,5.838350510824299,0.2100493620739022,0.9999999999999992,,,,1.0005885815185436,7.158529055150396,0.5452274983143327,-6.20024684089627e-16,0.0593173574870201,0.1275178893990612,1.100057015725353
openml_46900_TESTFORDESCRIPTION-anneal,real_openml_multiclass,85.5,5,38,180,0.0,0.0,,0.0,0.0,718,1.414596194620986,1.2091445620808543,13.36958204852954,91.16666666666669,0.4950574019235328,0.7461082258427318,0.6386093133700226,0.7503344476596869,0.1606912558827575,1.187764057925177,,,0.8169272553769372,0.8322831149943921,19.671355656965417,,,,,0.1077354854310385,0.1521234088707306,0.0,0.0,1.6224410733294612,27.277456596056663,0.9729343347739388,0.0603803865192484,0.1047408304146574,0.0974930362116991,0.165703886980554,0.143763820224587,0.1646724356662251,1.613883494296594,2.329472172530604,,0.1963788300835654,0.0061379823649776,1.0777107678500737,6.0,0.0083565459610027,0.4666666666666667,7.807919578977132,15.843330989217066,4.0,1.4473861907820895,0.8370467224546722,0.6142317526731752,0.9164225941422594,-0.0863668061366806,,,,,0.3753993610223642,0.0,0.0,0.0,0.9779351562441884,0.0,0.2178438463993192,2.915127293940547,0.0,3.78915982698419,1.1877641727921369,0.404017528140919,-1.1486695994378239e-07,0.0,0.646166794931131,1.8133490307183824,-1.1486695994378239e-07,0.6084682947648219,,,,0.7935182767523057,3.846098374368968,0.732030637653865,-6.852881683444202e-16,0.0246918989848009,0.1413813415373828,1.0682716097573466
openml_46936_internet_firewall,real_openml_multiclass,697.037,4,11,13107,0.0,0.0,,0.0,0.0,1999,0.8262517356318277,0.4413031274576822,2.4570165809297184,700.2790697674419,2.507707391730188,0.6500358447123666,0.2946460160030162,0.537579799368835,0.399440444188222,1.417111569661892,0.3053097813591732,0.3916660765942467,0.3986703970298108,0.5474006092767861,1.8166002632048857,0.8743132455753226,0.2065137308353457,,,0.1824557370429103,0.1843032026353802,0.0,0.0,3.144729032768049,3.878424649881961,0.843653192278981,0.7800899286240291,0.2748294381238845,0.0340170085042521,0.0850346960039352,0.1221303135020983,0.121612816433313,1.2251707935022762,1.1860814589748794,,0.0435217608804402,0.138945499685856,1.100405488187561,43.0,0.0008202193609918,0.3767441860465116,2.748521388363736,204.13211864067168,3.0,0.5246080013002871,0.798,0.988,0.8786666666666667,-0.1893333333333333,0.9967323467337982,0.4342807896801782,,,0.4617196702002356,0.0,0.0,0.0,0.9959508540799276,0.0254774083546462,0.2827952421410365,3.5849561804964467,1.476739320533652,4.781237901472574,2.364688088794109,1.068340563419255,0.2208298486857645,2.0633464598316404,2.9317360039858804,3.392404201134882,0.740419667446022,0.0949791060410039,0.9994958855754528,0.0560172108999452,0.0151993990789433,0.3747203003719597,1.5337839145871062,0.089345456787931,-6.343891554138974e-18,0.0288596308391734,2.5644007996645413e-05,0.6238113158090024
openml_46943_MIC,real_openml_multiclass,119.0,8,119,340,0.0,0.0,,0.0,0.0,1359,2.167391103921394,1.1935997251755035,1.95418266784527,114.2,0.7654628623113886,0.8378875711746125,0.7894801648852782,0.567928466124133,0.2508127709542755,1.0196281527024011,0.0940195102528467,0.2003326735802245,1.0007363770250377,2.4157139246853383,37.29360516198232,0.9518048855536948,0.1123856601320584,,,0.5274698643356956,0.334471316113443,0.0307062690726191,0.1086296975961307,1.7577504522477685,1403948.4689965893,0.9632937909914066,0.0273405627660215,0.0359437471700967,,,,,1.7233313058517126,2.635241474881344,,,7.664629980118117e-08,0.5624450821171713,10.0,0.0073583517292126,0.2,8.784493398931042,16.490464505040915,7.0,2.249606557896281,0.8859455481972037,0.2568064753495216,0.8719646799116999,-0.0036791758646064,0.9984618562635318,6.013564472763987e-30,,,0.9056910569105692,0.0,0.5422764227642276,0.0,0.9935381726056688,0.275943396226415,0.7625,3.4585221973180893,0.0,4.397449912338628,1.0196284473419968,0.2292950321468851,-2.946395956104908e-07,0.1970752770828839,0.958205223261538,1.9562548252561756,0.0066579984730561,0.3343056471940142,0.9954123075237804,0.0298145340023412,2.8792243487330927e-06,0.996145306277478,21.910698849033658,0.4843998583967001,8.032687255073668e-05,0.0139046802629377,0.1131604951537344,0.9935206953001752
openml_46944_Mobile_Price,real_openml_multiclass,1.0,4,20,400,0.0,0.0,,0.0,0.0,1600,0.0,1.0160916198681371,8.11532368411275,1.0,2.6168017943284805,1.1186642443203805,0.0,0.4219298020601367,0.4662103017465802,2.0,0.0309889293310731,0.0803271096111802,1.000625390869294,0.3843964150966182,27.9750304433092,0.9504791807565256,0.1872232906568575,0.3110008702469717,0.2336837779333827,0.4377083333333333,0.3993106690493839,0.39125,0.4296728406590298,4.545309468196685,11.450626615663923,0.998889453125,0.0714923261317966,0.259723158410109,0.748125,0.506856939348774,0.051083900768694,0.4955776914674177,0.0,0.9687783645087932,1.0268180250979486,0.994375,0.0767014761228465,0.34279784075826,400.0,0.25,0.497,1.7248814403405643e-08,1.0,0.0,,0.5,0.8066666666666666,0.9326666666666666,0.0466666666666666,0.9995327533640976,0.1567290415821641,0.5702046984346661,0.0,0.8475,0.0,0.83125,0.0,0.9984250179488862,0.1053125,0.7825,3.459423167090096,0.8012209808507773,5.444545601838336,2.8008260565494547,1.1736439912889036,0.0003369273633904,0.9999988728933252,3.455089555968623,5.404218049307628,0.002311651441346,0.1194726537993294,0.652551591129284,0.017444997591123,0.0001838773859094,0.6529596909361124,1.7021811540041054,0.9857072292377788,0.3403755770459858,0.0091312706467001,0.8993600512992518,1.1045515054541857
openml_46955_SDSS17,real_openml_multiclass,3.4024,3,11,15611,0.0,0.0,,0.0,0.0,1999,0.5881718178072836,0.2540918237416174,2.6634975949414046,3.402411790978116,3.492325861031308,0.3071840772467784,0.2686720694828967,0.6589858789281033,0.2348564292973508,1.3524566287001756,0.2563573511442204,0.3033120148053312,0.7375985867846004,0.7708743247928369,7.30116678325461,0.8916415725565677,0.1745003904717424,0.0198190138703623,0.0335906679908462,0.3263242528088456,0.4827425793932023,0.262779890156316,0.455148120958108,4.659544065675473,2.452943784257249,0.9961478988618871,0.1852384240560105,0.2902414801969859,0.3501750875437719,0.4153632825901581,0.1025787478517335,0.3997995492738324,0.3826253792391892,0.9236823196355912,,0.6273136568284142,0.241709245054828,1.042975960622425,11195.0,0.1792863777585599,0.9068691380080393,1.9227465040052796,2.49090182152038,2.0,0.6935096076890244,0.8172144288577154,0.9246319305277222,0.8439011356045424,-0.0387014028056111,0.9999671472290048,0.4035743885520543,0.0586030423249739,0.0,0.8808618504435995,0.0,0.788339670468948,0.0,0.9975064521475372,0.0490554539914686,0.4894863792132684,3.5849561804964467,2.566131023365721,4.923475077051921,3.9092005718745058,1.028212237322117,0.0053641987036452,3.5849496850300326,3.5849561804964467,4.871247763448332,0.024460929949841,0.4929173051666883,0.9774173765876948,0.1455018953320961,0.0021397320537129,0.9600252714964396,2.5986681191987,0.768041287983168,5.841758561874008e-05,0.0236276066857278,0.0157258831649306,0.985118897218802
openml_46960_students_dropout_and_acad,real_openml_multiclass,2.7821,3,36,885,0.0,0.0,,0.0,0.0,1998,0.3925861666326484,0.5797565975452206,0.8568734028939011,2.7826771653543307,1.8681535914256933,1.2419923291435575,0.1122915715025858,0.5763390090105618,0.3026031119006552,1.4709755062710426,0.1019979278701841,0.1598098136347111,0.993978971439102,1.1242337480295133,20.7621607529176,0.9405346922781024,0.1040453370557399,0.0192430034303009,0.0160312689557781,0.988148619804782,0.0034741912462429,0.9494289517231456,0.0141675430814175,3.2682802335646954,1.814930622096308,0.9976159843527213,0.0708488641320404,0.1103928581227757,0.5165165165165165,0.4674967698049589,0.0999230752763859,0.4832924358906364,0.2605975308667292,0.7559019499465132,1.1234665881356,0.7572572572572572,0.3261128899297921,0.5877900348502302,635.0,0.1794292172930206,0.4365354330708662,3.207939821551331,2.042439352073075,2.0,0.137410924158471,0.7102832331329325,0.6561790247160989,0.7630086840347362,0.0674081496325985,0.9999992201541632,0.5928507535763434,0.0337653623122726,0.00204062669171,0.992,0.9852507374631267,0.961,0.9336283185840708,0.9959233370960324,0.9862229297071732,0.9895975609756098,3.5787389666123604,0.077523679097496,5.019348617751881,1.5476008969379773,0.4687878568192936,3.50451893282866e-07,0.6170220590772566,3.0484481420367366,4.425596024259967,0.0096592796481688,0.3623662965774569,0.9425328771816,0.044681234742874,4.793418476237732e-05,0.931403360053578,6.091283426440672,0.7412843245919721,0.0192077805713468,0.0181409717161822,0.3914517074894851,1.1577649221592985
openml_46963_website_phishing,real_openml_multiclass,6.8155,3,9,271,0.0,0.0,,0.0,0.0,1082,0.5640828202315699,0.7851103251742658,0.9785815808557564,6.853658536585366,1.3045906318812062,0.3475422363355184,0.1860625493884644,0.4931797305954512,0.3692774427593194,1.3010896004181671,0.0923444692448684,0.1067307308116039,1.000925069380201,0.420415561436383,9.486544892892091,0.9021689630528472,0.1566115691926007,0.4166666666666667,0.1443375672974064,0.8156681000159262,0.1241231600190456,0.8022822105430801,0.1254284660059547,2.4685291815102683,1.3769198340465008,0.9909970240637418,0.1371510507891049,0.1402602020438058,0.2754158964879852,,,0.3542198830338744,0.5235159221669031,0.6228183230712661,1.1586013659988774,0.1580406654343807,0.4078218449380489,0.5295205198891881,82.0,0.0757855822550831,0.5902439024390242,0.9254290354746412,4.492742324683521,1.0,-0.5152533209646374,0.8151636400943879,0.8179337231968811,0.8188647789063301,-0.0424976915974146,0.9996846360139724,0.5193803488374948,0.5,0.25,0.9115384615384616,0.6754658385093167,0.8884615384615384,0.6583850931677019,0.9927867798843044,0.7677329192546584,0.8857692307692308,1.5843201454474358,0.5190726407671249,2.831942371248732,1.8164760636162849,0.4441602890002953,0.0036861775690073,1.3192563254807514,1.5283551252528476,2.719668595302296,0.051029626702904,0.2320611466811093,0.4158271474005419,0.0486071161082252,0.0067871775191664,0.4162118163620605,1.8065442565441925,0.9428921652942543,0.4749338270025991,0.0327540154262452,0.7502729321101661,1.2396911465773282
openml_469_analcatdata_dmft,real_openml_multiclass,1.2602,6,4,160,0.0,0.0,,0.0,0.0,637,0.0827272347017607,0.5867103844263339,0.1021966575047956,1.2653061224489797,1.9564470062672228,0.8829646680223656,0.0016725910158595,0.1588707197294546,0.0731118589126202,2.580167665496701,0.1677626818741977,0.2167423175172532,1.001572327044025,0.5196298197344871,56.08761912727704,0.970926090738276,0.015979589794335,0.9444444444444444,0.0813250060790444,0.9944419125766304,0.0108800612763644,0.9944419125766304,0.0108800612763644,4.490612225847266,0.1222572251944769,0.9996032225231596,0.0460024459166584,0.0334420056728592,0.8414442700156985,,,0.3610847496363316,0.0736418276505296,0.1169956540903963,1.0231329033431429,0.2621664050235479,0.8872917701559361,0.2811539384832821,98.0,0.1538461538461538,0.3367346938775511,0.1668815451783336,1.1076554821724816,4.0,1.158068196981897,0.1773850651076269,0.2087873150854814,0.2134526234978002,-0.0047022174978592,0.994553041175772,0.959279021877706,1.0,0.8333333333333333,1.0,0.965665236051502,1.0,0.965665236051502,0.972674139048733,0.9955454581531014,1.0,2.904742254818553,0.999599973889034,5.399193897921244,3.575832943599834,0.0857160223940098,0.0039346957859014,1.3365391788878118,2.580630725560063,5.102744579004128,0.0351281666073831,0.0683577685423799,0.6097263074655537,0.0831052510120602,0.06434207925199,0.6106849966282333,1.645916340357812,0.9849913579512024,0.3903902519158848,0.0752078030684902,0.7599057132512016,1.226657971744026
openml_46_splice,real_openml_multiclass,2.1578,3,60,638,0.0,0.0,,0.0,0.0,2552,0.3934528327918877,0.1859660855281807,1.7390665822209483,2.1563517915309447,1.974286164322512,0.0585054955765918,0.1237390448847981,0.6623239224322635,0.0398269834381241,1.4801702169281388,0.0244980142572207,0.0204767330990913,1.0003920031360256,0.2473877485768982,26.59414608256885,0.9785984328411302,0.0539770129945582,0.4166666666666667,0.1443375672974064,0.7724948428425602,0.0823653442966782,0.6973048319847969,0.12339304337481,3.398798635657596,1.5839003526602191,0.9984783586049666,0.0556577455930542,0.0920006854487391,,,,,0.3078147238764248,0.8789321450618985,1.1499238942962955,,0.3128066476809175,0.1963717900021999,614.0,0.2405956112852664,0.7752442996742671,8.328059635889428,1.7709011943539632,2.0,0.707106781186548,0.6321923847695391,0.8565156980627923,0.775058116232465,0.121507014028056,0.9999546189789884,0.6636363084325585,0.5,0.25,0.8254281949934124,0.6811594202898551,0.8254281949934124,0.5769230769230769,0.998537390748425,0.7423468619120793,0.814481249263858,1.9991135501260189,1.6690224699287934,3.474411140893015,2.7635285546146098,0.3857188871583132,0.0034618547133766,1.985024174895378,1.9961866727038584,3.466157349297108,0.0082298148180918,0.6396503153619608,0.1764769368182773,0.0217339177443848,1.914063994775188e-06,0.1754926205613141,1.9097082855689136,0.956484302460971,0.6120704611348508,0.0103232148400774,0.803939740724102,1.1289279136523822
openml_47155_waveform,real_openml_multiclass,1.0581,3,21,160,0.0,0.0,,0.0,0.0,640,0.0254836037973438,0.2666691567389427,1.8174986033855456,1.0631067961165048,2.999998658172793,6.149024747554408e-06,0.000484268420027,0.6785732960589863,0.0028893962462046,1.584492255334028,0.3068280209841361,0.2194805055063198,1.0015649452269169,1.73007131901003,6.759523776956019,0.7616247801891097,0.1233573388913234,0.0011226157658022,0.0008840830468357,0.7423013658762102,0.0717022988991376,0.1598933767055209,0.1384945250979459,4.350082054596413,1.706999793277539,0.99,0.2344088589104074,0.1248061433046358,0.3546875,0.4749880218489649,0.0381500857103343,0.4411775349798446,0.017486042646739,0.9209317848593812,1.1022572387611524,0.9890625,0.2910893648004663,0.9528033858742124,206.0,0.321875,0.758252427184466,2.6550812501903525,1.041800255889215,1.0,-0.4310415657281579,0.5734719845553069,0.7953431910256973,0.7953139397130445,-0.1546078130256095,0.9987574351989892,0.6245984374234762,0.0017402558733705,0.000109882821921,0.8018433179723502,0.66270783847981,0.2423529411764705,0.0,0.8475068845657842,0.7125303898281403,0.7820981295744104,3.0,2.999971821628644,4.571779398044559,4.184331295007256,0.4001609603267715,0.0127128572894692,3.0,3.0,4.464828437145568,0.1196638181884601,0.6765301843797601,0.7331847868949019,0.2882443716265364,0.0010733373315312,0.7343321809276008,7.918101071714354,0.4164668597238028,0.23025448934224,0.0956648645041074,0.3216348126771344,0.834318335702235
openml_47171_Uber_Ride_Analytics,real_openml_multiclass,10.3333,5,10,30000,0.0,0.0,,0.0,0.0,2000,1.072846680565308,1.1606615952236767,2.117336956378872,10.333333333333334,1.725153721304277,1.5209645077663243,0.3948075155287893,0.2441128513569318,0.2029312567372615,1.6535405379439116,,,0.5824970723191949,0.5125516845967847,3.7287594478885753,,,,,0.2081369138959931,0.2353820772894676,0.1002,0.2326894926721015,2.9352383160442805,0.4399323288117002,0.970256,0.443455943203908,0.407753640590355,0.187,,,0.3358364826392984,0.7955810316087248,0.361907621673339,,0.1035,0.6716716731368049,0.832776676701447,7200.0,0.06,0.9882777777777778,1.2222518992897846,4.296825396825397,4.0,1.3552696308804653,0.62,0.9499999999999998,0.6253333333333333,-0.2073333333333332,,,,,0.708,0.0,0.708,0.0,0.9856953413862451,0.0253623188405797,0.27675,3.5795479739962355,0.0,4.777628925478185,1.653540614764029,0.959601918100951,-7.682011737841776e-08,0.0,2.9567583384597063,3.695873977564592,-7.682011737841776e-08,1.6301332238815589e-18,,,,0.1037397738734097,1.2272228353524008,0.8466940044701998,-9.985843301713928e-17,0.0162545220374627,1.783870080887131e-17,0.9518920378726942
openml_473_cjs,real_openml_multiclass,2.4818,6,8,560,0.0,0.0,,0.0,0.0,2236,0.2971662314469159,1.3049757068587309,61.722312025827954,2.4840182648401825,2.7013062727100685,0.6827687723745861,0.0210390879394815,0.35153795964995,0.3787004519702319,2.520411882179175,0.2851610084853063,0.3009628572405009,1.00044742729306,1.1621065393387695,5.17396965114525,0.805370252043023,0.3184492237144152,0.0,0.0,0.0,0.0,0.0,0.0,4.734585053592198,28.49731567392678,0.9883792934610424,0.4871331012970448,0.7552384395451577,,,,,0.2440551521998444,1.191550814664081,1.3506051586322765,,0.0268690290067112,0.7181067090923372,219.0,0.0979427549194991,0.5497716894977169,3.4089708600824173,1.5669721764945983,3.0,0.1291675926659588,0.4488977955911823,0.8096192384769539,0.9458917835671344,-0.3026052104208415,0.9856711305715788,0.0348059999411968,0.0,0.0,0.0,0.0,0.0,0.0,0.9552126458848884,0.0,0.0,3.58495617205541,1.8630669525460937,5.434972078184617,3.833028659196533,2.2721375739466345,0.051154326028417,2.354726645126597,3.116385274062513,4.966041635200532,0.0834144392262792,0.0370222157392353,0.9160466273661956,0.123477665875495,0.0144531746106604,0.9323505669007448,3.741050432491941,0.8161313027568635,0.0545576153509219,0.0408437931907477,0.2724054307416684,1.0646543745787165
openml_474_analcatdata_marketing,real_openml_multiclass,101.5,6,32,73,0.0,0.0,,0.0,0.0,291,1.1933110299020138,0.8840196196290061,1.6680398716256088,81.0,1.6783000833604371,0.3108081415795601,0.3439300137816564,0.4197340077772891,0.1450173761585825,1.6455224903918466,0.1168124864348091,0.1086755346747384,1.003448275862069,0.9052276822054603,30.713055925248288,0.958344158241466,0.0503155104047941,0.0032788661751717,0.0081724092346959,0.5759864354596906,0.3147711259607184,0.1435646221662015,0.3028311994943642,3.270245277686505,1.409621449037919,0.9923477521521948,0.0535772960657787,0.0346031454153626,0.6529209621993127,0.5057760706645525,0.0506221895127995,0.500834710297468,1.409437032219525,0.965003343975606,,0.993127147766323,0.3167232523588991,0.6152135190838391,2.0,0.0068728522336769,0.2,5.170674412129317,14.527984749455335,4.0,1.093794440062736,0.532569674067076,0.4330420406235238,0.4983467170524327,0.0480160604629191,0.9974011848143512,0.7381737595339475,0.0314572799999999,0.0,0.967741935483871,0.1264367816091954,0.8218623481781376,0.0,0.9881786073422848,0.2727272727272727,0.7965969889262162,2.25596465652874,0.9590550044058676,3.822538697304871,2.597650885297304,0.2075736763501141,0.0068996442646978,1.5365530922401378,1.8830622634823329,3.4820821858495004,0.034291979819169,0.2977287485496071,0.7811419885513514,0.0899566631404859,0.0002257375710553,0.7838355816153233,4.399725666467999,0.745603143573798,0.1738113340754122,0.0382451870149564,0.4616767247822567,1.2259390787140692
openml_475_analcatdata_germangss,real_openml_multiclass,1.0,4,5,80,0.0,0.0,,0.0,0.0,320,0.0,0.5959763862448509,0.2843237738223355,1.0,1.8373693975131808,0.7704054742205111,0.0,0.1953682594378119,0.2276755544447954,2.0,0.058464664969151,0.0575806743504097,1.0031347962382435,0.179475613376954,31.119107950712817,0.9602032276480822,0.0824844817977958,0.3247201812481582,0.175015939341485,0.9010416666666666,0.0680552012462432,0.9010416666666666,0.0680552012462432,3.7731002030630174,0.2737685770973058,0.997470703125,0.0642691944501638,0.1334754458344527,0.96875,0.8956867342973659,0.1444732260288337,0.1563694684339216,0.0,0.2181785865707705,1.3757608054429722,0.8,0.7836437915316273,0.7792410211580382,80.0,0.25,0.4525,0.0,1.0,0.0,,0.3500264503614883,0.3530829365779109,0.3373890554282019,0.1780109328160818,0.998872425866946,0.8126778017685635,0.5151515151515151,0.106060606060606,0.9875,0.8,0.9875,0.8,0.997559651602365,0.8656250000000001,0.9453125,2.546281542421009,0.9989853671667238,4.316581379179173,2.9950251301621327,0.3030100604743904,0.0018891060117298,0.9999718221790316,2.3215758256717733,4.31254030785986,0.0039602370045912,0.049992040493915,0.1683911220719845,0.0322479254450677,0.0064890658812841,0.1689189939280094,1.2520666730466812,1.0279593200514827,0.7524391463089497,0.0237471230789657,0.9519279863906308,1.0312808553934736
openml_488_colleges_aaup,real_openml_multiclass,617.0,4,14,233,0.0,0.0,,0.0,0.0,928,0.7865109722772372,0.5247441917320179,2.940930361839298,493.0,3.166853621329516,0.0070545756744727,0.248484682466916,0.4302382043199972,0.3825496559733944,1.434708717652421,0.5629356531391564,0.3260537505796955,1.0010787486515642,2.4333732517116022,3.656928922176735,0.6258087517285027,0.1795862285826487,0.0005403203179487,0.0009859988033185,0.3198183684508103,0.4254085902037536,0.2146619116107507,0.3388137774024033,4.209236223767635,2.477465330181301,0.9900973543400712,0.3923261152143014,0.2176904908501548,0.3642241379310345,0.4271801541549163,0.1050357122309543,0.4294463545187465,1.1814481167869997,0.8480032159402119,,0.6045258620689655,0.2574135514568589,1.4964235942038728,1.0,0.0010775862068965,,,155.70275419641135,2.0,0.2032850071043081,,,,,0.9920976595059018,0.3666105418352002,0.0024458260263753,0.0,0.8993630573248408,0.0,0.7464968152866241,0.0,0.6928369850241952,0.0,0.6638729634602126,3.169858087507764,3.142947139070846,4.579024837801084,3.841671638527691,0.7622939274688854,0.0211902850447662,3.168391673364711,3.169611934260104,4.302809795882814,0.301598175162455,0.0745835116159791,0.989977474359603,0.5256571818876286,0.0313392303773357,0.9910454112251472,9.127154825932651,0.1005410723675384,0.0003695891940353,0.4406777690359541,0.0168086967119768,0.5877511687369377
openml_54_vehicle,real_openml_multiclass,1.0955,4,18,170,0.0,0.0,,0.0,0.0,676,0.0352555481887958,0.5748042923458149,0.754190817425052,1.0943396226415094,2.9330501704658314,0.1351813419666068,0.0005460721042767,0.6734036141902636,0.269115890842766,1.9990928967963064,0.4061152993244932,0.3414857873705343,1.0014814814814803,2.251449784310543,8.133142575804214,0.8809034388299928,0.0769648243497051,0.0211116831845342,0.0516100078785464,0.756917655402683,0.147527313579022,0.1590365644564512,0.2577039910086006,4.686347192154337,4.5551326929492335,0.9894217639438396,0.2457958751078003,0.113622682857849,0.4437869822485207,0.443489012785315,0.104359281110247,0.4660628196176309,0.0336441530059816,1.5052640082217197,,0.7307692307692307,0.0849424423432484,0.5971558648417534,159.0,0.2352071005917159,0.8616352201257862,1.7381919305870068,1.049754857408845,1.0,-0.957375915803265,0.3920353982300885,0.4512291052114061,0.7781055391674861,-0.3046935431006227,0.9864906099358433,0.7537852957198159,0.1264601233230581,5.295229263164383e-06,0.9416909620991254,0.5855855855855856,0.6763848396501457,0.0,0.9501013139270889,0.6428800307613433,0.8629657864754373,2.999848895624825,2.4729205231344404,4.878408041388578,4.074296342329664,0.412921505586179,0.0795912521368764,2.939655375345195,2.995356036419206,4.821888885130889,0.152217710293238,0.3628696046184279,0.9964429814932656,0.2269857517027336,0.0001694525830503,0.9979191933177008,9.417739199242302,0.1243983330356188,0.000370682704726,0.1077211307903199,0.0243644998969428,0.7973163647812872
openml_57_hypothyroid,real_openml_multiclass,1740.5,4,29,755,0.0,0.0,,0.0,0.0,1999,1.5553529555216226,0.546371077982954,2.944673880065629,1392.0,0.9637812093652148,1.3390943528524604,0.8894503363007629,0.3381946656053528,0.2868116898998379,0.4688483467303989,,,0.9027560950739582,0.7584861834615716,20.986309336826384,,,,,0.1115716766283929,0.2180545378484457,0.0,0.0,1.410288879647675,0.8631813892958239,0.9837827868411444,0.0223406764479389,0.0585175787384671,0.1285642821410705,0.2696271905545095,0.1686799064694852,0.2744958730153543,1.9427899332505256,0.5076487864581507,,0.1875937968984492,0.5213483065730443,1.94921788785176,2.0,0.0006629101756711,0.2,2.9116968297392414,260.6887238256933,3.0,1.147342950138947,0.9526666666666668,0.25,0.9353333333333332,-0.01,,,,,0.5526315789473685,0.0,0.0,0.0,0.9994751978760816,0.0014889009204114,0.0657179098348992,3.5791803078748816,0.0,4.039684005153644,0.4688484859681647,0.2862695655421325,-1.3923776576163505e-07,0.1063166786384128,1.1052330408348967,1.5671481201697557,0.000327981331829,0.1322428382026585,,,,0.9616617037066304,3.3732345127895185,0.8697102237588163,0.0,0.0155621288295237,0.4446009900522396,1.1405232694519478
openml_60_waveform-5000,real_openml_multiclass,1.0236,3,40,1000,0.0,0.0,,0.0,0.0,2000,0.01097724920005,0.2634670340635101,1.8010802333255482,1.0242057488653555,3.5847208143929263,0.0001525501337769,9.071672357208184e-05,0.682603508143385,0.0090556851557693,1.5848757975004697,0.0939794669951714,0.172290983110913,1.0040190263953823,1.2484987603953923,12.423839688503085,0.871004872490228,0.1527397300325477,0.0001756856399885,0.0001519778733316,0.7713816352022298,0.0822198977136863,0.31350374299774,0.113544860296176,5.042029302813653,1.746241993336402,0.9975705,0.1275673090797445,0.1466767864877558,0.3925,0.4879301790345028,0.0211722485330179,0.4529443445829131,0.0101878661928286,0.9319771040929528,1.053819878292892,1.0,0.2850918060837459,0.6257452470246823,1322.0,0.3305,0.753555219364599,4.453540107626998,1.016125739480448,2.0,0.6972172018213463,0.5574108216432866,0.795066132264529,0.8184221776887108,-0.1101469605878424,0.9999676057368824,0.6276514970269393,0.0003050836167677,8.325087776462923e-06,0.8215085884988798,0.6764928193499622,0.4077669902912621,0.1874527588813303,0.9992229898556086,0.7463181585539049,0.8188260431283636,3.584917798481605,3.5841248293741077,5.16639767696932,4.788590835671389,0.381198388480767,0.0032106112351542,3.584648846483788,3.584819261829072,5.162289123605368,0.0073299699858557,0.6762001717614512,0.7231498933391491,0.0201792612297258,2.237293425733104e-05,0.737232526887956,8.027026246290774,0.9076549382272072,0.2398144701869796,0.0087287021780005,0.4134947471890772,1.0361535875883918
openml_679_rmftsa_sleepdata,real_openml_multiclass,4.2979,4,2,205,0.0,0.0,,0.0,0.0,819,0.4349558718215351,0.6250711782798404,0.1078084737508336,4.306666666666667,3.0698472685941898,0.1287860209463274,0.0785151476313218,0.187608091062653,0.1455150793325537,1.849247015873832,0.4543632410243456,,1.0012224938875287,0.6433521915117932,12.268741457401331,0.9383457537417548,0.0207226730848707,0.7140044634306745,0.087784446525788,0.9604237669588784,0.0276340536862829,0.9447243900308632,0.0458120247019511,4.7683659459261545,0.0993985260170275,0.9981155732071484,0.1507283385418674,0.0226316429439395,0.6385836385836385,,,0.4979725800879781,0.4555188480150854,0.0915682299775048,,0.2564102564102564,0.9090373963647416,0.3803109245742321,75.0,0.0915750915750915,0.3279999999999999,0.0836662256413042,2.3723429786587684,2.0,-0.1826248932137339,0.4603174603174603,0.442002442002442,0.4456654456654456,-0.0256410256410256,0.952998896404379,0.9236926110791308,0.788888888888894,0.5670731707317097,0.9941520467836256,0.9183006535947712,0.9883040935672516,0.8627450980392157,0.945672325073067,0.9459630671342945,0.97926187541481,3.160912737327371,2.978781799861009,4.875434402854388,4.661297488997921,0.1667313267369197,0.1347253503468151,3.0243145342275994,3.1153800029607805,4.821900174390271,0.1427268444443412,0.0847133917017059,0.4543632410243456,0.4543632410243456,0.4543632410243456,0.4549186973092154,1.456141191196744,1.0012224938875287,0.5463037965783133,0.4543632410243456,0.773763145232921,1.2286818425421364
openml_694_diggle_table_a2,real_openml_multiclass,2.2778,9,8,62,0.0,0.0,,0.0,0.0,248,0.2389601998391782,1.5979314888518357,194.70562198327545,2.2,2.584427810975693,0.0005413885773854,0.0076998609093705,0.532885138436721,0.4079486456299215,3.123385053117474,0.7102259787287475,0.3571347634953259,1.004048582995951,2.249447092785128,2.097233883169467,0.1607133187161,0.2932283648138665,0.0,0.0,0.0,0.0,0.0,0.0,4.218524960544125,38839306.84005929,0.9522957856399584,1.489287903549043,0.6248504101634754,0.0887096774193548,0.1406019845420177,0.0898712045232355,0.0635000635000952,0.3244732676739121,3.436687248432797,,0.1491935483870967,1.7601363672528103e-10,3.894582923199241,15.0,0.0604838709677419,0.8933333333333333,0.5417740139515298,1.4296221624850658,2.0,-1.202150983497534,0.2621216573611519,0.8911254775198354,0.8145753746694093,-0.7338622783818198,0.8810637535892154,0.0134640755668134,0.0,0.0,0.0,0.0,0.0,0.0,0.110820562690162,0.0,0.0,2.58486892219824,2.5835908078747947,5.574201625196896,3.545244814652756,2.1630091606629573,0.132774235795372,2.5838854343630016,2.58486892219824,4.443241992773136,1.2650119825425774,0.0001388276787443,0.9982439249057476,0.9052397085231364,0.0730409843737737,1.0022853982859323,6.50161084743023,0.0295659799385279,-2.6800122451952533e-16,0.6072186628222987,0.0007933780076122,0.6077303656768738
openml_952_prnn_fglass,real_openml_multiclass,8.4444,6,9,43,0.0,0.0,,0.0,0.0,171,0.7657246611507086,0.6705295951011792,4.13022287936239,8.714285714285714,2.023041060220371,0.6084278709115998,0.1372331877058992,0.5044729215432884,0.2763062521503193,2.1710541960089595,0.2395486765890616,0.1852867256398152,1.005882352941177,0.9091139217727536,5.66776059586832,0.7262420469334843,0.2356487885455625,,,0.2380313727649207,0.2886157886930108,0.049027269027269,0.1578261694517123,3.8110419921956287,6.4938009972561135,0.9668615984405458,0.383053264033702,0.1583079615158877,0.4970760233918128,0.3928504393393337,0.1569029842082918,0.441640622710913,0.6404213726292659,1.5778452227615272,,0.5672514619883041,0.064836141117632,1.1445480645657748,7.0,0.0409356725146198,0.7714285714285714,2.2386924748526527,3.666987577639752,4.0,0.5715233282160512,0.4736842105263157,0.3625730994152046,0.6549707602339181,-0.2222222222222221,0.9605039061940608,0.3904502818860718,,,0.8888888888888888,0.0,0.6068376068376068,0.0,0.9496270171454432,0.0,0.3951515151515151,2.321581811201689,0.68288346228772,4.300079750779494,2.508838106858305,0.5838831692095892,0.1136781185747817,2.3169918971404044,2.3208368490963065,4.097089869739426,0.3113303639470288,0.2489947206723691,0.826387765021709,0.2211845556162955,0.0194420531813026,0.8312488695218365,2.5308371916773464,0.8839655483624657,0.001653547370331,0.0876825086185732,0.2929183240504828,1.401343613466089
openml_9_autos,real_openml_multiclass,22.3333,6,25,41,0.0,0.0,,0.0,0.0,164,0.61931531344364,0.8043534450187981,2.7663035587887403,27.0,1.7337673127792277,0.7935765205062785,0.088630691494619,0.5824732922719947,0.2013724635431496,2.26391871224389,0.2578849245829482,0.2397406488046421,1.0061349693251536,1.7699729218261175,8.337866277300275,0.8207004629913311,0.1062824228969054,,,0.34415876198118,0.3039846752308056,0.0,0.0,3.72616347513438,4.212029153698258,0.9801829268292684,0.271522549888738,0.14572357177936,0.5304878048780488,0.3075684351732017,0.2359556887050183,0.4270429767893841,1.1820353425226648,1.8585791573446315,,0.5548780487804879,0.0705830139731553,0.813077028372787,2.0,0.0121951219512195,0.2,2.9339548234087176,6.645417899929528,4.0,0.191461407817405,0.4939024390243902,0.3780487804878049,0.5365853658536586,-0.097560975609756,0.9832554060297528,0.6121197248464659,,,0.7835051546391752,0.0,0.0,0.0,0.8848601265008175,0.0,0.5677349851871802,2.321820152451524,0.0,4.380305186276896,2.263918812591649,0.5208470704368571,-1.0034775899114835e-07,1.0696403513047128,2.312593436184146,4.250746655846625,0.1996901300538907,0.2905315157497785,0.9857588686731245,0.1691009124769569,0.0002412107511516,0.9918064690944338,8.374476964975088,0.4408419275348904,0.0048878162723301,0.075436380841,0.1375104699885629,1.0264609216307174
pmlb_allbp,real_pmlb_multiclass,257.7857,3,29,755,0.0,0.0,,0.0,0.0,1998,1.3235339914781814,0.9909261034296908,6.318735128843261,262.45454545454544,0.9504654157653109,1.324186551023519,0.9334812213532266,0.3482730544248963,0.3020474661316151,0.2712907509546948,,,0.962806954779096,0.930447514945838,25.09498272848111,,,,,0.1924894664880852,0.3244222483790143,0.1264021429767286,0.2189349338212795,1.2109456093313051,0.4797792483817339,0.957962466971476,0.0108105573887005,0.0212714680071354,0.0645645645645645,0.2292184447571024,0.1291488070005727,0.1876679122395273,1.165427642437989,0.3338209126734228,,0.1066066066066066,0.6719062143994875,0.8344304819261924,11.0,0.0036460059661915,0.4,1.325010576839716,99.17774382480265,2.0,0.7036168504263589,0.9553052772211088,0.2147882431529726,0.9593052772211088,0.0053426853707413,,,,,0.5670517327975891,0.0,0.3792064289301858,0.0,0.9995215429834534,0.0052083333333333,0.2887341997321279,3.580732396245698,0.0,3.8232655000572286,0.271290836660264,0.0838258349805198,-8.570556919718086e-08,0.1001633512714424,0.8846900876114727,1.1470440588172668,0.0003248107521471,0.1346932428830172,,,,1.0223231128474657,4.967001071738611,0.8937946355280652,0.0,0.0147715062919364,0.5180253383335391,1.1137711542848223
pmlb_allhyper,real_pmlb_multiclass,367.0,4,29,755,0.0,0.0,,0.0,0.0,1998,1.6702839527207358,1.3827667055286434,11.414570006140169,366.875,0.946511644336464,1.3256327797602636,0.9643965442066492,0.3085045579116989,0.1495839883080856,0.1988999000686203,,,0.9517811547336184,0.9018939020165916,17.574491948715288,,,,,0.0518504332563016,0.0733607134691685,0.0031035061231337,0.0076020064152807,1.1340940109794222,0.3929849746256104,0.908730552374196,0.0113175334256624,0.0200589369344188,0.0415415415415415,0.1958956467066995,0.121731476994813,0.1515970636316872,1.2506553623416508,0.3302759258731853,,0.067067067067067,0.6979582495940221,1.124350550843764,8.0,0.0026525198938992,0.25,1.900531445443775,120.3978835978836,3.0,1.1536424746673648,0.974615898463594,0.385437541750167,0.9599198396793588,-0.002004008016032,,,,,0.1914893617021276,0.0,0.0186210367388022,0.0,0.9989503768486954,0.0053818554587391,0.0607569849513641,3.5814310106476386,0.0,3.765898647881524,0.198900069027011,0.076506296426936,-1.689583906117065e-07,0.0970234730517029,0.8935313336299855,1.087904280343757,0.0003817557618807,0.1476851075096132,,,,0.9918848735945736,4.817672763727261,0.8917986227618748,0.0,0.015515637830007,0.5096479603497471,1.1117476316532362
pmlb_allhypo,real_pmlb_multiclass,36.6421,3,29,754,0.0,0.0,,0.0,0.0,1998,1.252149454627731,0.4027664016206344,0.4397424041689516,36.64473684210526,0.9499834412908992,1.3233839452254943,0.8772926002429011,0.3439273146194143,0.1876893658106515,0.4577217002929548,,,0.8976278203885308,0.9454615358195736,34.895389346329715,,,,,0.509427075234504,0.3793832756743292,0.3492715822731609,0.187805282730078,1.3945881737303027,0.340670882311134,0.9790406021637252,0.013116967853551,0.0265532007756436,0.1321321321321321,0.2819957792263321,0.1497393072031715,0.2707089737080996,0.7489090935546509,0.2717992935210478,,0.1846846846846846,0.7383356282761803,0.361341452351774,76.0,0.0251989389920424,0.3947368421052631,1.1945204449563978,18.88398415393322,2.0,0.7050186915817934,0.9239505678022712,0.1968296593186372,0.9392959251837008,0.0213413493653973,,,,,0.9473684210526316,0.2811181434599156,0.5657894736842105,0.2304852320675105,0.999434243381305,0.2904564023254403,0.6235815411217983,3.582840762249795,0.0,4.023128560423964,0.4577217542776415,0.1079173450854478,-5.398468672090929e-08,0.0970234730517029,0.8754636434939476,1.32778636048095,0.0004124530558392,0.2112108912981002,,,,1.0308127013777009,5.01652732510399,0.8186558330240948,-1.9186257540433096e-16,0.0186074510274345,0.3111839404530418,1.077263852333426
pmlb_allrep,real_pmlb_multiclass,107.2941,4,29,755,0.0,0.0,,0.0,0.0,1997,1.6562867120242533,0.5354125215249226,6.201708414307986,108.07407407407408,0.9468250029586498,1.324831758383759,0.956611783549236,0.302461594594321,0.1881887872155765,0.2511614039620954,,,0.9582531265763324,0.9128938183915414,20.40333484530881,,,,,0.2270312983256749,0.2773545263161514,0.0130838385555366,0.0227415276952487,1.1856765857142455,0.4355664115589836,0.8564887892680282,0.0123098212064996,0.0243765485174255,0.0495743615423134,0.1796186504321325,0.1260067548464842,0.1788108236863862,1.0018502041903987,0.3452790878809572,,0.0766149223835753,0.6795266281825527,0.7610637238345818,27.0,0.0089492873715611,0.3851851851851852,1.1726025663269368,46.4805996472663,3.0,1.1546306815363845,0.9686038744154976,0.5871743486973948,0.9198396793587176,0.0066800267201069,,,,,0.7222222222222222,0.0,0.0555555555555555,0.0,0.9991869600204214,0.0639162423565789,0.3153974085577859,3.582035795082532,0.0,3.820304559012605,0.2511615447225176,0.1029478608765676,-1.40760422151498e-07,0.0938926034405229,0.888453543051673,1.1376905435699405,0.0008798784157164,0.1248267212611316,,,,0.9568235189897146,4.887826937297364,0.9042551675470896,0.0,0.0152687527632086,0.5064589115887247,1.1596311794846184
pmlb_analcatdata_authorship,real_pmlb_multiclass,5.7636,4,70,169,0.0,0.0,,0.0,0.0,672,0.5003364797518981,0.2332553051678223,4.859190263551706,5.75,2.7733126706085973,0.3344567148341882,0.0973528809915665,0.9386471991852078,0.0253321283217205,1.7873756212282004,0.147925249493768,0.115022802144581,1.001490312965722,1.5699667094864822,6.823592497890224,0.7508295467013536,0.1367172438890264,4.424056122865568e-14,6.82592526288175e-14,0.2704786233001885,0.1617780880652341,0.0,0.0,4.29874773460381,25.10411609376685,0.9184869260204082,0.2619405572329878,0.1633886274330526,0.0223214285714285,0.4352548106072249,0.0264186887911839,0.0941384066135842,0.5781972104110091,2.644459127065321,,0.9672619047619048,0.0014194797662517,1.0839425128360072,44.0,0.0654761904761904,1.0,8.527872765673484,3.148493743155273,2.0,-0.4171525758774235,0.6666666666666666,0.9791666666666666,0.9955357142857144,-0.3273809523809524,0.9703087189254422,0.3895613630505583,1.4092775044564345e-13,5.482012009373179e-26,0.5346938775510204,0.0437710437710437,0.0,0.0,0.8473503826917012,0.2033504751476281,0.3076112531969309,2.999139064598728,1.1830056806765854,4.720533487982749,2.8297285560358865,0.7914883757343176,0.0290686432868478,2.704251229490837,2.9721082327785826,4.497728223941127,0.1306901219584437,0.9110661760258116,0.7174117191942355,0.1222200610093441,1.547008200075534e-05,0.7184808871811116,10.706014070927395,0.609701835860553,0.1054248741386155,0.0563671712962603,0.4046093093797103,0.9695190048994724
pmlb_analcatdata_dmft,real_pmlb_multiclass,1.2602,6,4,160,0.0,0.0,,0.0,0.0,637,0.0827272347017607,0.5867103844263339,0.1021966575047956,1.2653061224489797,1.9564470062672228,0.8829646680223656,0.0016725910158595,0.1588707197294546,0.0731118589126202,2.580167665496701,0.1677626818741977,0.2167423175172532,1.001572327044025,0.5196298197344871,56.08761912727704,0.970926090738276,0.015979589794335,0.9444444444444444,0.0813250060790444,0.9944419125766304,0.0108800612763644,0.9944419125766304,0.0108800612763644,4.490612225847266,0.1222572251944769,0.9996032225231596,0.0460024459166584,0.0334420056728592,0.8414442700156985,,,0.3610847496363316,0.0736418276505296,0.1169956540903963,1.0231329033431429,0.2621664050235479,0.8872917701559361,0.2811539384832821,98.0,0.1538461538461538,0.3367346938775511,0.1668815451783336,1.1076554821724816,4.0,1.158068196981897,0.1773850651076269,0.2087873150854814,0.2134526234978002,-0.0047022174978592,0.994553041175772,0.959279021877706,1.0,0.8333333333333333,1.0,0.965665236051502,1.0,0.965665236051502,0.972674139048733,0.9955454581531014,1.0,2.904742254818553,0.999599973889034,5.399193897921244,3.575832943599834,0.0857160223940098,0.0039346957859014,1.3365391788878118,2.580630725560063,5.102744579004128,0.0351281666073831,0.0683577685423799,0.6097263074655537,0.0831052510120602,0.06434207925199,0.6106849966282333,1.645916340357812,0.9849913579512024,0.3903902519158848,0.0752078030684902,0.7599057132512016,1.226657971744026
pmlb_analcatdata_germangss,real_pmlb_multiclass,1.0,4,5,80,0.0,0.0,,0.0,0.0,320,0.0,0.5959763862448509,0.2843237738223355,1.0,1.8373693975131808,0.7704054742205111,0.0,0.1953682594378118,0.2276755544447953,2.0,0.058464664969151,0.0575806743504097,1.003134796238244,0.1794756133769541,31.119107950712817,0.9602032276480822,0.0824844817977958,0.3247201812481582,0.175015939341485,0.9010416666666666,0.0680552012462432,0.9010416666666666,0.0680552012462432,3.7731002030630174,0.2737685770973056,0.997470703125,0.0642691944501638,0.1334754458344527,0.96875,0.8956867342973659,0.1444732260288337,0.1563694684339216,0.0,0.2181785865707703,1.375760805442972,0.8,0.7836437915316276,0.7792410211580382,80.0,0.25,0.4525,0.0,1.0,0.0,,0.3500264503614883,0.3530829365779109,0.3373890554282019,0.1780109328160818,0.998872425866946,0.8126778017685635,0.5151515151515151,0.106060606060606,0.9875,0.8,0.9875,0.8,0.997559651602365,0.8656250000000001,0.9453125,2.546281542421009,0.9989853671667238,4.316581379179173,2.9950251301621327,0.3030100604743904,0.0018891060117298,0.9999718221790316,2.3215758256717733,4.31254030785986,0.0039602370045912,0.049992040493915,0.1683911220719845,0.0322479254450677,0.006489065881284,0.1689189939280094,1.2520666730466814,1.0279593200514834,0.7524391463089498,0.0237471230789657,0.9519279863906313,1.031280855393474
pmlb_ann_thyroid,real_pmlb_multiclass,40.1566,3,21,1440,0.0,0.0,,0.0,0.0,1999,1.2574220480358111,0.5589041036285507,3.54840070397944,40.097744360902254,1.1814717705690927,1.5447185077420769,0.8808017690048517,0.4126979341600944,0.3657605268517436,0.4470085762543085,,,0.9445476009862076,0.515905878105275,14.32366948887798,,,,,0.035617452948723,0.0387042312564436,0.0,0.0,1.5972726610693142,0.8447577813888164,0.980038543533898,0.031207685754087,0.0658632285017113,0.1185592796398199,0.285417829792764,0.1447499959756776,0.2618966408352653,0.7708747094470799,0.4744199327228843,,0.1755877938969484,0.5362776673845056,1.9203782671161045,133.0,0.0230902777777777,0.793984962406015,33.271503033391674,20.149242153001552,2.0,0.704749023066369,0.951261189044756,0.1254896459585838,0.9365771543086172,-0.0113507014028056,,,,,0.0768049155145929,0.0,0.0,0.0,0.9993374270907062,0.015023721665788,0.0534261794230845,3.582593697381534,0.0,4.012300415894832,0.4470086314245706,0.2624725496855387,-5.5170262081016836e-08,0.1093739722944701,3.3789446949898743,3.730486050837207,0.0004220225015816,0.1540661853328625,,,,0.734218888086487,2.4137033435801936,0.9516996782814676,2.0811009347094384e-17,0.0133835297649973,0.766305323033163,1.0831978255009782
pmlb_balance_scale,real_pmlb_multiclass,5.8776,3,4,125,0.0,0.0,,0.0,0.0,500,0.5416493330559911,0.5781987954869026,0.2983683919643449,5.923076923076923,2.320390317014861,0.0007600874409195,0.1644322702717361,0.435518252698799,0.5517097685387563,1.3170894310222006,0.0167115359047244,0.0171992201640036,1.0020040080160322,0.0459519698286834,9.135470591576926,0.8230013093294993,0.0187060502846893,1.0,0.0,1.0,0.0,1.0,0.0,3.4933066134602195,2.143506561750603,0.963456,0.1441731345768417,0.0148775090326686,0.284,0.3685833345453166,0.147120212230044,0.4004006010017532,0.5409862701952389,0.6837359655687179,1.3242087283528414,0.304,0.3176691082335754,0.6650679727127523,39.0,0.078,0.2153846153846154,0.5,4.274953548866592,1.0,-0.7070417070161616,0.6259769617391723,0.8779429093619989,0.8759709496669311,-0.1439410335954597,0.8416487621149205,0.8006650326926753,1.0,1.0,1.0,1.0,1.0,1.0,0.8364769433187447,1.0,1.0,2.3214966449870493,2.319779909871128,3.505265324942962,3.475009859118538,0.1635762168907115,0.1318837839150175,2.319989735844616,2.3205429377708784,3.504432648877657,0.132840478127604,0.0454005341181838,0.0443817698746557,0.0078379086518126,0.0040744274062453,0.0444707112972501,1.0539057524392508,1.0052848002151815,0.9435406791945148,0.00473885032248,0.9823212297597887,1.024967578471425
pmlb_calendarDOW,real_pmlb_multiclass,2.1818,5,32,80,0.0,0.0,,0.0,0.0,319,0.2386154512098441,0.3748614757149865,0.5027671394648283,2.2,1.3556645378659056,0.4917298610223019,0.0164864669904449,0.5675061254087559,0.1197784130037629,2.275739008834458,0.2524776605273881,0.1757109671908215,1.0031446540880498,1.744960285958303,22.906059471597555,0.9485620368869394,0.0329540656875752,0.0048237724139766,0.0053415937194617,0.8805622084029432,0.0765167396795833,0.18784885253334,0.1827459260312279,3.532052586241352,2.192802377474722,0.9815548196263796,0.0993509604590116,0.0625678794215169,0.6677115987460815,,,0.4874967108794018,0.3113059457767465,1.3312934141709345,,0.5078369905956113,0.1857781740975426,0.3820021788837581,35.0,0.109717868338558,0.3485714285714285,4.301910324172924,1.4814856196435142,1.0,-1.1200880902387738,0.3009463351554693,0.3387997413742432,0.5392934814553576,-0.2854287897490155,0.9930350600863086,0.8569054151564173,0.0127452237174561,0.0,0.9507042253521126,0.7128712871287128,0.5294117647058824,0.0,0.9730738861366572,0.8809821428571428,0.9267122341894504,2.275152098075787,0.0,4.434865779133763,2.275739055462745,0.2569083643605978,-4.6628287009298226e-08,1.1870318416819083,1.7183416400820204,3.885933000375432,0.0566551694520185,0.453698121896784,0.9702118602289732,0.2188278616525812,0.0005247940419744,0.9732628409215128,8.94735362866746,0.413126740007406,0.0202147049549533,0.119733290207651,0.2000428463225835,0.8981158706668289
pmlb_car_evaluation,real_pmlb_multiclass,18.6154,4,6,346,0.0,0.0,,0.0,0.0,1382,1.0825055912446406,0.4560197530035766,1.2594651317717709,18.615384615384617,1.7923517197998375,0.2272314704240131,0.5069562793245246,0.363092213253035,0.3095976834727916,1.2051031299123935,0.0119806588751553,0.0099457422652439,1.0007241129616171,0.0376458092057577,10.499868137492278,0.9017311981398094,0.0846823349037397,0.0648148148148148,0.1004106793461182,0.5452977782732956,0.1596038347955506,0.1364575938491385,0.167862420808914,2.882681681694122,1.114919139821501,0.987119906341823,0.1147731680181092,0.104737083738759,0.1548480463096961,0.3667710643588803,0.1038562666074978,0.2763034876260852,0.7955011554733665,0.5872093171984002,,0.3516642547033285,0.4537144424677266,0.8043183555521257,52.0,0.0376266280752532,0.8076923076923077,0.7873268435327668,8.651972620213664,3.0,0.9144784853389144,0.7004354113615644,0.7134427363324845,0.8212549907258953,-0.1960828696280925,0.9962933809677854,0.767304182646434,0.25,0.0,0.7102803738317757,0.2647058823529412,0.3898039215686275,0.0,0.9608741446610471,0.4950293663565296,0.6270230744231394,1.9998381439507869,1.5849051324414938,3.2014812255970018,2.524462028350912,0.2655666148413402,0.003335568668942,1.5849255132798588,1.999780179708496,3.1220517474929483,0.0403290473189006,0.1225765791370333,0.0367143246630482,0.0105744595536415,0.0014862896678735,0.0367409099814143,1.0455747746406805,1.0027276519354364,0.9463361401670264,0.0041652278637075,0.977952831698052,1.0286448385880091
pmlb_cars,real_pmlb_multiclass,3.6029,3,8,79,0.0,0.0,,0.0,0.0,313,0.6222572744352484,0.6321997462883829,1.3183321807754,3.6296296296296298,2.415314709003116,0.3817753080174606,0.2976567575356827,0.5123773677621714,0.3429378116197387,1.3257514675591269,0.5304473080074145,0.2791753586586569,1.0032051282051295,1.694269884849685,4.336474683281771,0.7513519651981424,0.141763505681158,0.0333285420953937,0.0477495561661194,0.5398713878713879,0.1695788097026334,0.218084502084502,0.0939093833690633,3.435345155597853,1.403222987719619,0.913697189927426,0.3057210209643886,0.1900631616587793,0.2907348242811501,0.3167969388508834,0.1584882251861341,0.3669555078211015,0.4022243982421409,0.6426674766283181,1.3195304289010523,0.4217252396166134,0.398837375120454,0.943872665653451,54.0,0.1725239616613418,0.5666666666666667,0.8836735377300058,2.635802469135802,2.0,0.696928727373031,0.7155372405372405,0.6773199023199025,0.7601648351648351,-0.0640720390720389,0.9699037689356172,0.577662702089885,0.0883305634522065,0.0024953625947455,0.7350427350427351,0.4285714285714285,0.3247863247863248,0.148,0.830142125298208,0.4422857142857143,0.5955213675213675,2.584661579276251,1.4764509622144004,3.867041931859111,2.4718149823252102,0.6177274078218886,0.0321269570278914,2.482994993991027,2.5750027918295224,3.673046288446744,0.201689674790129,0.2698837156405793,0.951786562631086,0.4614659709159158,0.0783750948156532,0.9548371605882378,5.091182587678555,0.4582433733086155,0.0307382899884616,0.2788904936722354,0.1044765269193711,0.8759922418766227
pmlb_connect_4,real_pmlb_multiclass,6.8961,3,42,13512,0.0,0.0,,0.0,0.0,1998,0.7136716776031751,0.2035633687518709,0.0215578275135262,6.896297732118628,0.6662320405826726,0.5598825614762083,0.3647837350250702,0.2082337058738824,0.0670126135427009,1.2174401128147587,0.0843620574454249,0.100726643272131,1.0359222626414413,0.918073897547556,193.4015323972504,0.9980046488968124,0.0023724921597373,,,0.99643126887198,0.0016583121846156,0.9906679126681078,0.003777328818121,1.8773772699095683,0.0964683090405111,0.9990443396349302,0.0062948834878625,0.0089774691573887,0.5620620620620621,0.4764227991275966,0.1241802578344761,0.492830691925862,0.4971069985312749,0.0912132428977645,,0.6631631631631631,0.9104772768904044,0.0975775246984872,5159.0,0.0954574891294291,0.3779026943206048,2.5974255662640737,4.049765644082159,2.0,0.500092772765855,0.6584395457581831,0.2588350033400133,0.637752839011356,0.1160774883099532,0.999955952933684,0.9900137412433926,,,0.9983407079646016,0.99535192563081,0.9950221238938052,0.9882697947214076,0.999436798758656,0.995476549325669,0.9969709404925648,1.5745505772709216,0.0114177313293692,2.776920781096144,1.2282551028101776,0.0324593648919426,5.997570115168216e-05,0.1559384982646466,1.179443308098095,2.3723537204724483,0.0007668009660076,0.1608486324128047,0.5849950227173174,0.0567003347113362,0.0002694281815303,0.6475315725586431,3.3647680410246643,0.6471535135601746,3.0531118084450583e-16,0.0268779230750284,0.4180418754515467,1.2674656420571726
pmlb_dermatology,real_pmlb_multiclass,5.6,6,34,74,0.0,0.0,,0.0,0.0,292,0.4518471918485108,0.5153104922292725,19.296182949537737,5.5625,1.1263491744344842,0.493276163904248,0.0496887195946887,0.9156897287752208,0.120868952917894,2.434537549231454,0.2255381526595153,0.2100513992970392,1.003436426116837,1.8025454504499552,5.610831977561406,0.4482194395909437,0.3070257753748887,,,0.066578831796223,0.1831748788287008,0.0,0.0,3.126987159578553,114.83713441333066,0.8840190467254645,0.4338995640873848,0.2301912854337738,0.0787671232876712,0.3215725669066445,0.0921064296510407,0.1907267385334367,0.5360296554849457,4.250875612040061,,0.1952054794520548,2.578968740101219e-06,1.7449385441324348,16.0,0.0547945205479452,0.9875,8.421383677672024,2.167385037685789,3.0,0.4723126334235958,0.4965986394557823,0.8870187250157794,0.9622694438600182,-0.4178764289220844,0.9637057222495772,0.0577763410175235,,,0.6363636363636364,0.0,0.0,0.0,0.7135902886589073,0.0,0.0,2.5838668327771965,0.306424729870515,4.861152640392315,2.4345392225741773,0.821921549812969,0.088809888606832,0.8539639406276696,1.4024449625842044,3.6002130804744565,0.2656329931640534,0.7017800389202336,0.9464529272258722,0.1698558580207995,0.0001490326206697,0.9497053427833476,9.256009914192903,0.4428250512243756,0.0364123501247124,0.0777969913887838,0.1372479782580048,0.9392513402423116
pmlb_dna,real_pmlb_multiclass,2.1621,3,180,638,0.0,0.0,,0.0,0.0,2548,0.3943483055274502,0.2412457528147258,2.310376096126558,2.161764705882353,0.8055242544808325,0.0653964250740052,0.1242980502181073,0.8480722078419398,0.0301090502369802,1.4797016542904289,0.0322657190035419,0.0414554847841829,1.0003926187671814,0.7050567391765604,68.52065691762033,0.9745506542055996,0.0589789772255859,0.3333333333333333,0.5773502691896258,0.9016780513858436,0.0851497402576,0.8967800922021701,0.0897151769871947,2.2636309369648844,5.25509606784192,0.9984269066882882,0.0215949718063768,0.0510641764533145,,,,,0.3078347314065436,1.4393594943339778,,,0.0772754075788259,0.2976256059709843,612.0,0.2401883830455259,0.8715686274509805,11.832222143781031,1.7738789552435077,2.0,0.7071020537065416,0.61950167000668,0.912565130260521,0.9265838343353372,0.0240454241816966,0.999934915473628,0.5688436337131806,1.0,0.0,1.0,0.8491155046826223,1.0,0.8345473465140478,0.9969054870072054,0.8491792138291321,0.924621461487821,0.999934832254574,0.5738479835867765,2.3603673176745392,1.94980748438118,0.3736326731028963,4.677038589617766e-05,0.7662577196234921,0.8475140911978756,2.3172303830395444,0.0022018539348453,0.8266580628081716,0.4783499887408439,0.024876628957765,2.796840667684073e-06,0.4800619284767292,4.974464516058706,0.9443448057677276,0.1593364579426452,0.0117413749283182,0.3129781119885383,1.417988680320056
pmlb_ecoli,real_pmlb_multiclass,7.15,5,7,66,0.0,0.0,,0.0,0.0,261,0.6578891044254798,0.4770286971447143,6.0170071734749,7.125,1.855764291192724,1.2370812111756702,0.1425252201133594,0.6829467236160307,0.2046558541316001,2.028642744537557,,,0.8604395604395608,0.7696627315056723,4.560969841273745,,,,,0.3578755195706057,0.2707819231760019,0.1345404922338488,0.2268098885001987,3.439623839362769,6.642553611117902,0.9626106486986392,0.4447831963675113,0.3570842895029408,0.2835249042145594,0.4023060538892004,0.1266737788024064,0.4086090932655832,0.5660222460552188,1.991316965082489,,0.425287356321839,0.0363503927243592,1.668069215233862,16.0,0.0613026819923371,0.8125,2.0992352099963942,2.909801912568306,3.0,0.8594224311117209,0.6590038314176245,0.7318007662835249,0.8812260536398467,-0.1340996168582375,,,,,0.7961165048543689,0.0633802816901408,0.5617977528089888,0.0,0.6215139519702413,0.163103448275862,0.593543956043956,2.584484439066534,0.0,4.272855228777546,2.028642804165105,0.9825757462505996,-5.962754823229943e-08,1.3332472027959998,2.581199484129458,4.073360241087363,0.1776773271351881,0.4848752852568037,,,,0.8220865964955427,2.2118891046310694,0.813147792641476,-1.110223024625471e-16,0.0984264536676861,0.3038317887716305,1.1951882241305598
pmlb_fars,real_pmlb_multiclass,4679.5556,8,29,20194,0.0,0.0,,0.0,0.0,1998,1.0466506123392536,3.2899967587418515,9.02672267192258,4813.285714285715,1.069441127908818,0.8711404614094906,0.1861578284764962,0.3259209735007882,0.2943299699787021,2.1857890874938266,0.0854008734170268,0.1565520791072942,0.9968598557706108,0.984334807507319,16.847796068284683,0.9309677863741468,0.1119365858594578,,,0.279979172618403,0.3316249743206685,0.1337118210712133,0.310845203173169,3.125492825501037,2.5355915920480503,0.9970368266164062,0.1297373899016079,0.2248292585935639,0.4809809809809809,,,0.4742784125611611,2.403958930540425,1.2633521541398929,,0.586086086086086,0.1753957648584381,0.499413603128847,7.0,8.666154950850522e-05,0.1999999999999999,3.032329795815891,428.85910607326826,4.0,1.113392111922819,0.5794392523364486,0.6034712950600801,0.6982643524699599,-0.0060080106809079,0.9977857425440952,0.5214341397547302,,,0.9910313901345292,0.0,0.9738219895287958,0.0,0.9916546323061548,0.028029231494578,0.4671907142430355,3.581650001354478,0.0062095469537731,5.689853633342784,2.1913697550259283,0.9769066882677206,0.0006288794216713,0.5076429545178032,1.5044860778267737,3.538774210888114,0.0069540680228228,0.0730274577417561,0.9810178845090904,0.036426100365873,4.960097269439403e-05,1.0193763151807225,4.961621896709309,0.8241602911806077,0.0188354560651898,0.0164819738625996,0.4880188024350087,1.191059960498512
pmlb_led24,real_pmlb_multiclass,1.1385,10,24,640,0.0,0.0,,0.0,0.0,2560,0.0418534226124339,0.1572626560743266,3.936189161100797,1.139240506329114,0.9652142729588608,0.0765893163414702,0.0002157332396802,0.5207869478089382,0.3080813721712666,3.3206551902120984,0.0269949960493361,0.0513548823376635,1.0003907776475167,0.283934726229394,28.016073350294945,0.8385879723371552,0.2564311703686794,1.0,0.0,1.0,0.0,1.0,0.0,4.167342675041418,9.0100680043887,0.9993830871582032,0.1185267881295413,0.193377588892479,,,,,0.0355524974500304,3.2002844601047915,1.0447519845143325,,0.0068765189369797,0.7495574800131414,237.0,0.092578125,0.589029535864979,2.4890706884127245,1.0543884817116431,4.0,-0.4868206137809218,0.1843687374749499,0.7107548430193722,0.7247828991315964,-0.2571810287241149,0.9988470218618102,0.3533995795059477,1.0,1.0,1.0,1.0,1.0,1.0,0.9971684190634692,1.0,1.0,1.0,0.6938215528117525,4.319870443673068,3.7692699283363376,0.5302439539496167,0.0008316881777163,0.9837380318214312,0.9998716242425536,4.318320791546183,0.0020437919399021,0.0671988906468603,0.3985710384407779,0.0168194023521935,3.91582179305084e-17,0.3959261302097185,2.068773516002405,0.9748968984547436,0.5090987055547018,0.0079248387559775,0.8944125986691093,1.076642095390661
pmlb_led7,real_pmlb_multiclass,1.263,10,7,640,0.0,0.0,,0.0,0.0,2560,0.0628408673505944,0.149787530277722,3.9129564417820086,1.2638888888888888,0.878062263898409,0.1068779709608775,0.0004827630762348,0.6529848858755077,0.1972159259858523,3.318990003522703,0.1856754534414465,0.1028570237948925,1.0003907776475216,0.558660763774385,8.136322394896032,0.4419458815784285,0.0810801102280259,1.0,0.0,1.0,0.0,1.0,0.0,3.789129640657364,9.033789614842188,0.9998495483398436,0.4079226267637486,0.0986934583817834,,,,,0.066802449494675,3.2180895570476906,,,0.0067263611352501,1.707656879305426,216.0,0.084375,0.5287037037037037,0.2865717358176466,1.079372845607556,4.0,-1.3592790848184677,0.1899635951957462,0.7237567504486885,0.7484969939879761,-0.2287372603305673,0.6341125827886488,0.3873277849408557,1.0,1.0,1.0,1.0,1.0,1.0,0.4323968304531458,1.0,1.0,0.9862498374158332,0.6961459811288004,3.81252058240153,3.73849930871444,0.494316225192644,0.2025311714602522,0.8256899169428056,0.9519036120019388,3.807289160178401,0.3881380129507998,0.3722836853902639,0.4565887163033821,0.1782675654723961,0.0493354694003478,0.4576770315255837,2.1215360978465445,0.8882397139011562,0.4807596464346522,0.1103657750310332,0.6467915506128605,1.1231844342801225
pmlb_mfeat_factors,real_pmlb_multiclass,1.0,10,216,400,0.0,0.0,,0.0,0.0,1600,0.0,0.5974686861746161,12.524176965842148,1.0,3.408324383187707,0.1025602239542421,0.0,0.9293093192822672,0.0481513482552751,3.321928094887362,0.2491360934514904,0.1966977656250308,1.0006253908692937,4.668058667473953,5.294666383997048,0.5090783422145255,0.1402478336137236,5.95069740876595e-30,3.2437570120025564e-29,0.1961805555555555,0.1751050933537752,0.0,0.0,6.102842202532916,95.6632368267006,0.977880859375,0.6274102755421529,0.1804823182119159,,,,,0.0,7.791090716854241,,,2.124816428279574e-09,1.4861427456822731,160.0,0.1,0.9825,5.2370213103554486e-08,1.0,0.0,,0.184,0.9253333333333336,0.9773333333333332,-0.7693333333333332,0.908673790696865,0.1666073966630177,2.138158711003974e-28,0.0,0.584375,0.0,0.0,0.0,0.5843764428015972,0.05,0.3125,3.4594169485276938,2.758248946652191,6.530928736996066,5.480637637425794,1.3006642156418984,0.1717624990711828,3.4183267485994544,3.4590357262419973,6.244059079430342,0.5004669135309057,0.8304396852216359,1.0,0.2046432572600191,2.1462628069957013e-06,1.0006253908692937,48.53040922596395,0.0217371637919594,1.6942090254434851e-16,0.0942767712767382,0.0046964352639491,0.1381843246757523
pmlb_mfeat_fourier,real_pmlb_multiclass,1.0,10,76,400,0.0,0.0,,0.0,0.0,1600,0.0,1.6120346714356282,9.486740096816904,1.0,3.45942300400416,1.4217502406642166e-06,0.0,0.7254528397293565,0.2257371550938208,3.321928094887362,0.1459277093692521,0.1037383887517356,1.0006253908692937,1.5617485929273456,11.298631503529922,0.7628702348367932,0.180405398275301,3.621470960410554e-06,2.3236110459397663e-05,0.4403472222222222,0.2850701903310902,0.0,0.0,6.487339554763408,32.29787662080879,0.98841328125,0.2940115441281118,0.2296172527568112,0.31,0.4424884086096158,0.0828303687392625,0.4019884907764126,0.0,5.1441945095613,2.1735957295447887,0.846875,4.345902989682387e-05,0.7825706674539156,160.0,0.1,0.99375,4.550312334183609e-08,1.0,0.0,,0.1913333333333333,0.754,0.802,-0.5726666666666665,0.9378116144579364,0.2909355039571867,0.0001559658566112,0.0,0.965625,0.0,0.0,0.0,0.8923418260090953,0.13125,0.69375,3.459423167090096,3.459410772558852,6.687104248252674,5.749436618593008,1.0319146433844502,0.0942470137247841,3.459423167090096,3.459423167090096,6.637522628818532,0.143828633158926,0.241547095503934,0.6815944188035277,0.1275394972880386,0.0002931560550777,0.6820206817296086,11.891924964280156,0.5560451509457409,0.0966783004277098,0.0660992988682459,0.3141202420577327,1.0556371543324403
pmlb_mfeat_karhunen,real_pmlb_multiclass,1.0,10,64,400,0.0,0.0,,0.0,0.0,1600,0.0,0.5940554272009015,5.621614190493716,1.0,3.459423167090097,4.475998511201681e-16,0.0,0.8119288871283854,0.114005038703677,3.321928094887362,0.1076896711290032,0.0836952412454701,1.0006253908692933,1.0916923799330267,11.96047432131462,0.7605600130337983,0.1512618752721653,1.1516214388232829e-08,2.624996349554244e-08,0.4488194444444443,0.2102955181168282,0.0,0.0,6.503609091755379,29.66751491665071,0.985725390625,0.2777421702220783,0.1801238983139538,0.085625,0.4155708851024451,0.0623488614069886,0.1974816035478682,0.0,6.03703385058046,1.9650171330388464,0.915,1.1277826328544407e-05,0.8257883533093748,160.0,0.1,0.98,5.3677101094914026e-08,1.0,0.0,,0.1866666666666666,0.9246666666666666,0.9499999999999998,-0.7493333333333333,0.9608808231140982,0.2927924737752704,1.610128771002856e-07,5.108678522752035e-12,0.809375,0.05,0.0,0.0,0.8662484189428238,0.2875,0.6125,3.459423167090096,3.459423167090096,6.711989402708196,5.805684351545389,0.9756669104320695,0.0693618592692626,3.459423167090096,3.459423167090096,6.630994528820622,0.1503567331568358,0.5952378314622294,0.5745686498806374,0.0884757002532255,3.4507875322187034e-05,0.5749279798680552,5.881866451523923,0.6657110634795698,0.0059182351109811,0.0408084242290571,0.3858418129005492,1.1262975591896585
pmlb_mfeat_morphological,real_pmlb_multiclass,1.0,10,6,400,0.0,0.0,,0.0,0.0,1600,0.0,0.8902472328295492,37.66305984942908,1.0,2.5375247355936192,1.0475622072919872,0.0,0.6100974689816863,0.3352840119875643,3.321928094887362,0.5729715177901525,0.3162185564068803,1.0006253908692926,1.5915120773873326,2.682673376857678,0.1793617854105658,0.1015121434569556,,,0.3843055555555555,0.2841083359553947,0.1929861111111111,0.3062211225047279,4.621162651906031,41.87797755220784,0.978082421875,1.2382901785749516,0.2831100477770145,0.42,,,0.4668627580957926,0.0,2.795390373419544,,0.410625,0.0015678812246505,3.801491554157781,160.0,0.1,0.985,2.730051847080212e-09,1.0,0.0,,0.1966666666666666,0.6186666666666666,0.7473333333333333,-0.4766666666666667,0.3352477236240544,0.0275458744755688,,,0.984375,0.0,0.978125,0.0,0.2151655569536063,0.109375,0.5125,3.459423167090096,1.285648631578187,5.652988961236458,3.408840923247091,1.6348057993853216,0.8103600425255149,1.6131712240402585,3.459407673926041,5.468530258723154,1.1459370845634986,0.0735698586497466,0.9719403290729732,0.6629229423619964,0.0050114265280546,0.972548171680274,4.117099431282452,0.3671007169132396,0.0039507019663116,0.3484790484634774,0.0324479093885842,1.0124780326734202
pmlb_mfeat_pixel,real_pmlb_multiclass,1.0,10,240,400,0.0,0.0,,0.0,0.0,1600,0.0,1.5884659542868638,22.025192562672665,1.0,1.5016946202478954,0.3289826994343501,0.0,0.8545467574094291,0.0906594737192636,3.321928094887362,0.1715892983981969,0.1585244807653724,1.000625390869294,3.6212804742585454,10.218411169590096,0.6352638981285595,0.1357032629343589,,,0.6454166666666665,0.1710187867637247,0.0,0.0,4.498530287383534,40.33812678054695,0.977369140625,0.3250924277517225,0.1132499342691563,,,,,0.0,6.638004566791158,,,1.3042898893317394e-06,1.003796708566597,160.0,0.1,0.915,1.3809721703009997e-07,1.0,0.0,,0.1993333333333333,0.914,0.942,-0.7173333333333333,0.9730388271305188,0.2784936638208095,,,0.93125,0.00625,0.0,0.0,0.727539536181284,0.53125,0.765625,2.4676213845087687,0.3910711861770246,5.469458091775306,3.6382262524312217,0.6482696217070858,0.0306866938289358,1.293083793964932,1.650661387934136,4.6657914055735255,0.2466754118416492,0.6830774212955643,0.9399559274964512,0.1289746004178328,1.07222008897901e-06,0.9405437673510402,38.54992936168898,0.1218602393174405,0.0162169296390809,0.0595146702151567,0.0552222944514722,0.3666836155025106
pmlb_mnist,real_pmlb_multiclass,1.2477,10,784,14000,0.0,0.0,,0.0,0.0,1996,0.0541441999456553,1.3316641809459877,3.663386155373404,1.247920792079208,0.8822653234796451,1.017921098977335,0.0003716240157933,0.8381429656881791,0.0783694885529324,3.3197891379987734,,,0.9563944174231328,4.148862523234152,31.903982886357984,,,,,0.7384875768127107,0.1289622924042999,0.0,0.0,4.097998828367535,28.62011212126466,0.990861482484006,0.1040556331108835,0.1103045907724484,,,,,0.0524744788544441,6.371486892281571,,,6.500716996819585e-06,0.7701203854047234,5050.0,0.0901785714285714,0.697069306930693,38.65846106208589,1.064251096752251,7.0,0.670129239876088,0.1965282640247027,0.618310248341395,0.6497425909382353,-0.4077378317545398,,,,,0.9605911330049262,0.1137440758293838,0.0,0.0,0.9666969506079424,0.6771844660194175,0.8298969072164949,3.0441042378109184,0.0,6.227771145456517,3.319789326134009,0.4161839043938498,-1.8813523583460778e-07,0.0114277234585016,1.871958459565403,4.926425349993704,0.0033533891924393,0.7137365659222438,,,,27.595089998375418,82.77163081776709,0.0655056620237196,-6.523144826951904e-14,0.0057327074809812,0.0115561523906279,0.3849558199229628
pmlb_new_thyroid,real_pmlb_multiclass,5.0,3,5,43,0.0,0.0,,0.0,0.0,172,0.7734087975960878,0.5132703095300563,6.000294880857543,5.0,2.3111954575311096,0.0107188858399329,0.4370001083775875,0.7671010939238274,0.1760813581827771,1.1851490029117324,0.4161863736983338,0.1561679733567537,1.005847953216374,0.9936044115929822,2.589115012756913,0.5145837660558671,0.134087876242107,0.0003966792935118,0.0003824334958388,0.1321321321321321,0.1186946196634935,0.0,0.0,3.038601564869511,4.580633257614348,0.7615603028664143,0.4577428955733315,0.2119106928308876,0.1104651162790697,0.2619724864476815,0.1125923838694398,0.2233329375152536,0.4777194975592747,1.2078928212977569,2.448007707129436,0.127906976744186,0.1203694458714453,2.225433246644758,24.0,0.1395348837209302,0.85,16.93260896989408,3.484126984126984,2.0,0.7027936955484725,0.7732405726961081,0.9651139342609396,0.91318814277072,-0.1629360758217382,0.6359619363951488,0.2848292803364769,0.0007630651610338,0.0,0.2297297297297297,0.0,0.0,0.0,0.5658624280514404,0.0833333333333333,0.1981981981981982,2.320308291703556,2.2966437385632283,3.194460560954413,2.795314008644367,0.7101432859709216,0.2873321805205484,2.303150014008393,2.3200752683460064,3.1841339511839384,0.3041650657361869,0.6425927715122484,0.6842978177933918,0.4243450794169072,0.214397341311174,0.6882995594179145,2.708942567172106,0.540880728543342,0.2623848681927701,0.2894205952775501,0.4781683585301866,1.0388632436434655
pmlb_nursery,real_pmlb_multiclass,13.1707,4,8,2592,0.0,0.0,,0.0,0.0,1998,0.5199641184350487,1.1266713785909088,3.523244406237721,13.19083969465649,1.7072410052846767,0.3977406738099925,0.0935012234587869,0.448735675026736,0.396338105999753,1.7135356677693812,0.016760865802678,0.0113979775103451,0.9964018179454248,0.0579370681495632,10.350082088865484,0.8847865258326525,0.2670730480145343,0.1666666666666666,0.408248290463863,0.3288857874119152,0.4144333221806024,0.2306967984934086,0.407005848393447,3.2552189844234736,3.596183429087517,0.9978815151487824,0.1655576886305845,0.3285999199586984,0.3733733733733734,0.394122966032334,0.1265584654521354,0.4079154175527216,0.8504135861674694,0.9182589066600444,20.050629756796475,0.535035035035035,0.1934864798091632,0.5825280241049918,262.0,0.0252749372950028,0.5244274809160304,1.1440457097166223,6.950137144685013,1.0,-1.1417842171022148,0.6628844355377422,0.6328563794255176,0.7636833667334669,-0.0420547762191048,0.9998765025923207,0.2286421184990025,1.0,0.0,1.0,0.0,1.0,0.0,0.9968508007379286,0.0,0.5519445003269124,2.320598445805172,0.9999537407930982,3.838836377097646,2.334610713208163,0.9638180655449168,0.0037527679913722,1.584492404257709,1.9994463417329071,3.691808323745573,0.0183694739978069,0.1004039971053537,0.041957300083043,0.0142615627555048,0.0007880592592229,0.0418615161218167,1.0749681788462726,1.0008940467977636,0.9110587355980851,0.0074248429173775,0.9558778350750816,1.0402016293218068
pmlb_optdigits,real_pmlb_multiclass,1.0325,10,64,1124,0.0,0.0,,0.0,0.0,1996,0.0118196888394897,0.8869434418371578,11.161181286506748,1.0338600451467268,2.0056953999317093,1.2663889062702864,1.5004350625735796e-05,0.7965857569354027,0.1255341659310966,3.3218405697765614,,,0.9828118025897464,1.4585112846810842,10.562944549685882,,,,,0.5427161386415618,0.2749231486803505,0.0,0.0,5.013055423668167,24.886242593257062,0.9772593784763915,0.3144805460401044,0.203213180914084,0.0581162324649298,0.3643081352890456,0.0679259861725045,0.1532369066683871,0.0096593095330995,5.837010427899264,,0.5265531062124249,2.3411203854937413e-05,0.8268880815905911,443.0,0.0985320284697508,0.9909706546275396,4.71348880026562,1.014867783069781,5.0,0.2715513017597205,0.1961178045515395,0.7757697456492637,0.9384203480589024,-0.71285140562249,,,,,0.9,0.0,0.0,0.0,0.8583852652155891,0.385,0.7506234413965087,3.296116363103486,0.0,6.226159665475937,3.321840757708601,0.6881870728124877,-1.8793203970801642e-07,0.5975725259845358,3.091588633212417,5.974880266561517,0.1012821159551335,0.5756036664289941,,,,0.9215679937447702,7.291258318532171,0.3874587237392141,-2.3703630319863238e-17,0.0281505477864024,0.1642295250502017,1.1673400832736087
pmlb_page_blocks,real_pmlb_multiclass,175.4643,5,10,1095,0.0,0.0,,0.0,0.0,1998,1.7466329791725113,0.58080356148889,2.547462934000275,170.8695652173913,3.516301960387952,0.1657360207990307,0.8603121729477431,0.5282248235075524,0.1513565318379488,0.6311890355422735,0.2987250173235078,0.2555313532789746,0.9624233831196528,1.1760658243943238,4.061391542889877,0.8271035264669946,0.1037339517571128,0.0003529001027893,0.0010693152851141,0.2818713893961264,0.320488504693539,0.1403809538373371,0.3190635621441,3.99207898286114,1.9971796615891773,0.8957583709835962,0.1554120130690851,0.0658134203118084,0.077077077077077,,,0.206353192919591,1.6040597838342672,1.1848122558683754,,0.0940940940940941,0.2218466989468736,1.0843647584363725,23.0,0.0052535404294198,0.7304347826086959,54.18275832110941,31.108116453723163,4.0,1.4896136174554808,0.93186372745491,0.9418837675350704,0.9405477621910489,-0.0180360721442884,0.9748996299789574,0.6597563511837845,0.0033954952014259,0.0,0.987467362924282,0.0,0.9660574412532638,0.0,0.8895478927499003,0.0359098657575111,0.2781638293088065,3.5848561264952874,3.0670320767881165,4.145612835431901,3.4194886770972,0.2787324352331901,0.0702824603170242,3.5820252141501183,3.58479914376611,4.109831287605761,0.1062072706241961,0.3791686074605983,0.9584721081524676,0.1945060611784753,0.0312311837109861,0.8452368844018457,3.8856700610993737,0.467585488194668,0.0124116339695063,0.0824601179798311,0.2697254229144574,1.4093808164415924
pmlb_pendigits,real_pmlb_multiclass,1.0844,10,16,2199,0.0,0.0,,0.0,0.0,1993,0.0399213566328149,1.0638405468220165,11.868343748458855,1.0841232227488151,3.236840352236515,0.343132189222928,0.0002045108144584,0.6798127340859498,0.2222199964847805,3.320732644055542,0.2734009707406783,0.2036430305310614,0.9980299219983784,1.361727017554566,4.551256462175903,0.4900871711260595,0.1373570812000945,0.0116072327928533,0.0398016009755328,0.3462082420909335,0.2860466558753971,0.0058902275769745,0.039512847795177,5.827943129978626,16.763393832742587,0.9722037668719596,0.7296298663134306,0.2367153980027062,0.0526843953838434,0.2751741909144164,0.0903015038324919,0.121793037197157,0.0392235511380441,4.554361995530296,3.9193718253760896,0.1976919217260411,0.0004519978294199,1.575577005027483,844.0,0.0959854429659956,0.9926540284360188,1.6372114863791911,1.0464489160219288,5.0,9.904267663997332e-05,0.1996018951729116,0.8566539801055327,0.866035570854848,-0.7742761791633335,0.7761529249013167,0.2749809069921715,0.1826579420689655,0.0,0.8894472361809045,0.0,0.2650602409638554,0.0,0.5548131675821512,0.050125313283208,0.6031331592689295,3.5811896241182133,2.4959571992455305,6.532261416677196,4.968433660372695,1.186774743767682,0.3696608514965591,3.1060934229845003,3.445682255373116,6.143762666162932,0.6301334978285935,0.2101982683535361,0.8571005529064426,0.2158569101519009,0.0001938680015741,0.8546904203541651,4.728939494389029,0.4751406825009805,0.0263394205042168,0.1143016109547457,0.100942601032739,1.1112656302176498
pmlb_penguins,real_pmlb_multiclass,2.1471,3,7,67,0.0,0.0,,0.0,0.0,266,0.294435552619568,0.2179955714217731,6.811975583349228,2.1666666666666665,2.0501942090034246,0.6851471896506776,0.0598602261954628,0.9066987438753028,0.0931228217005674,1.5186926606909426,0.3471046327102354,0.2565990118140413,1.0037735849056602,1.136671128066591,2.7713067836518066,0.5216355976334068,0.3379896152021833,0.0,0.0,0.0965280076501526,0.1028329579633803,0.0,0.0,3.020880900218216,19.87943128077716,0.91402849228334,0.5480059694761512,0.3720580668865441,0.0639097744360902,0.2006030276560525,0.1124809933314618,0.1219317722003789,0.2226652857197921,1.652877084211579,,0.1466165413533834,0.0158652622791615,1.8767305813807236,54.0,0.2030075187969924,0.9703703703703704,0.9419609615672592,1.719168291098116,1.0,-0.3496151215714865,0.7894960844399046,0.8233741913517195,0.9924668028600612,-0.2029707184201566,0.998947936341014,0.2233296365271364,0.0,0.0,0.2046783625730994,0.0,0.0,0.0,0.7594236651420425,0.0424528301886792,0.1447920114752289,2.584514056656397,0.9985314417845258,3.4083194089072646,2.210812533707835,0.8109999678420081,0.0007587928095991,1.514505286581609,2.581573759754603,3.31564349319659,0.3510568556843885,0.8408509651676056,0.8770547794690456,0.3586276894457004,0.0191276244396978,0.8803644201462871,3.331868867819044,0.5360732950761219,0.0818254186842645,0.0568383933334745,0.2943689797947447,1.2439547765853505
pmlb_satimage,real_pmlb_multiclass,2.4489,6,36,1287,0.0,0.0,,0.0,0.0,1996,0.3714817474627648,0.7321589420000232,6.4420307600987785,2.447105788423153,3.5563086863442552,0.018120141738096,0.0324542687964178,0.6168697224056663,0.3832948093434064,2.482970475052242,0.4948235371779493,0.3232200175841258,1.0024298407931,3.5542085264821464,2.762175329050407,0.3206605534732075,0.0676447225299978,1.7029758967350337e-06,4.703997178079623e-06,0.4312710045924451,0.24262475727778,0.0344595911215909,0.0993122769470446,5.140360671705313,16.852537101514923,0.9729453897775512,0.8989184896911843,0.1486088693861437,0.1783567134268537,0.3758810459166383,0.1089843022301956,0.3088259277882377,0.3151060500713779,2.490300915582612,1.338181938851288,0.4934869739478958,0.0045866101008844,2.408246783496557,501.0,0.0973193473193473,0.7437125748502994,2.487375381452541,1.734501324202249,3.0,0.0404893042616541,0.4217913739124836,0.8014637038467832,0.8375774306310076,-0.4525355932749033,0.462860128293161,0.2073179569471768,1.816647580869917e-05,6.754645033937653e-12,0.834061135371179,0.0234741784037558,0.3640483383685801,0.0,0.3680362176624764,0.3079616721292016,0.5902244226807849,3.57844018177806,3.4996016000717773,5.425293501327815,4.850848392103575,1.1488610936584411,0.6221004341871001,3.5490932643730315,3.570367223140983,5.196701023184948,0.829104094702058,0.1511645998744504,0.96246521442933,0.3340744084053532,0.0862599156438167,0.9697573519146206,16.08651744319297,0.0339981091538272,0.0081671401500957,0.1747194486419171,0.0174373495942666,0.1230275320056918
pmlb_schizo,real_pmlb_multiclass,3.2258,3,14,68,0.0,0.0,,0.0,0.0,272,0.5434216534382905,0.6886955951225143,0.2745638494270461,3.2,2.0943769852205407,0.4768143327661511,0.2303882725832011,0.3184750440224418,0.1773183828861128,1.385766238622764,0.2619094420002074,0.1498619131881514,1.003690036900369,1.1316875182192585,23.711321713597687,0.9542140707749756,0.0297990596831667,0.6499426079604106,0.2127581350182991,0.9352960102960104,0.0525596951431866,0.803035178035178,0.0641680851348944,3.421699993416884,0.2840740059669452,0.9925524437716264,0.0584432304264199,0.0318625422069503,0.6911764705882353,0.5059381006815228,0.0839840217941257,0.4995656893860118,0.3495525363677794,0.2342945162395387,,0.8970588235294118,0.7730509077848218,0.4255734683522819,50.0,0.1838235294117647,0.4919999999999999,1.504850770974821,2.340215053763441,2.0,0.6757780575760671,0.5625966625966626,0.5184371184371184,0.5845746845746845,0.0955636955636956,0.9992178287445233,0.897125617763604,0.8953529693489171,0.5174221377219419,0.9714285714285714,0.875,0.8571428571428571,0.7321428571428571,0.9734968825667364,0.9172297297297296,0.9654440154440154,2.584305447415814,0.9774178175281716,3.941830913937316,2.36150493247183,0.10577342012165,0.000564743172057,2.250150647040662,2.250355009481185,3.581604352510562,0.0424189873510458,0.1930920130546388,0.5646260521439205,0.3168892317789524,0.0037253302893168,0.5667095431112406,4.803703493949481,0.6400090678219608,0.3505546921466936,0.122810486749474,0.4909974336098643,0.984607655528016
pmlb_segmentation,real_pmlb_multiclass,1.0,7,19,462,0.0,0.0,,0.0,0.0,1848,0.0,1.0841477271661797,33.261167097634825,1.0,3.060827267854916,1.2464175967025388,-2.220446049250313e-16,0.7433736694502664,0.2508884028394386,2.807354922057604,,,0.9478813438577496,1.7843934530200871,3.245234888842219,,,,,0.1566558441558441,0.2586556454682024,0.0183080808080808,0.0760584303886182,5.003112320329315,48.946130905493575,0.9511063206274244,0.8650698695832046,0.5765330430241268,0.0670995670995671,0.184074674255695,0.1465629130935206,0.1654132927254792,0.0,3.6303514279883458,,0.1623376623376623,0.0001338806554458,1.062456381820492,264.0,0.1428571428571428,0.971969696969697,1.4171806389116082e-08,1.0,0.0,,0.2850474281897128,0.7897314629258517,0.9172237808951236,-0.6375243820975285,,,,,0.8560606060606061,0.0,0.3484848484848485,0.0,0.8937478745999033,0.0,0.3143939393939394,3.584962500721157,0.0,6.237422777192301,2.807355017583792,1.5264829714293828,-9.552618784880452e-08,3.584133267762822,3.584866505969198,5.623964793471654,0.3689785455876788,0.3538814074011914,,,,0.9991690709623128,7.628167788786316,0.4063879610502636,-6.422524421957955e-16,0.0239183891481064,0.0001618721308137,0.9224200059327676
pmlb_shuttle,real_pmlb_multiclass,4558.6,7,9,11600,0.0,0.0,,0.0,0.0,2000,1.8738837613253072,4.035032687046143,64.56307809928931,4558.625,2.928782622978245,0.7335117316421365,0.7014268518964814,0.3110932183404286,0.3669552406263082,0.972366554869076,0.1947482463539104,0.2756936652174638,1.1860558407089217,1.36674483050833,3.531345757102772,0.7084649922826561,0.2636517139844621,5.34852854527478e-10,1.8657792448923424e-09,0.0103692176345828,0.0462193573764937,0.0,0.0,3.625796204292322,7.59103291258107,0.8179295,0.2753529735549985,0.2283009348917608,0.018,0.0525470739903686,0.0905557692318532,0.0833935083721707,2.088755559216656,1.2539546860999926,,0.0265,0.0793733489640956,1.9118103062406555,8.0,0.0001724137931034,0.7,21.27630600542848,569.2766362584127,5.0,1.8909774077259407,0.8761651131824235,0.9494007989347536,0.9394141145139814,-0.1091877496671104,0.997071213777042,0.2832051115452311,8.12116578224901e-09,0.0,0.2120404901438465,0.0,0.0,0.0,0.9798396774542462,0.0,0.0,3.568728350197925,1.7189349646092886,4.314819500518212,2.674444481092728,0.6358917198241523,0.0167184352775864,2.47172479889606,3.548469446833266,4.098493629163155,0.0417329262470902,0.0380599851308027,0.9143970699696136,0.049145560962728,0.0006964721000017,0.9568667651744605,3.7206339434345095,1.155120132456341,0.0003629282272236,0.0145244544529576,0.0006955350733242,1.5851669809049864
pmlb_sleep,real_pmlb_multiclass,5.8217,5,13,21182,0.0,0.0,,0.0,0.0,1997,0.7706898930743483,0.7335005066065442,1.746555822846212,5.821320077326705,2.5618874039326966,0.6950035535836235,0.2086788239505216,0.5324437304625906,0.2285089527504159,1.960388638335281,0.1997146314978927,0.1747923553263554,1.008773409344668,0.9529145382189432,10.68093603954176,0.8013023868116245,0.1110608064698715,0.1256436888888889,0.1395386788851849,0.8596013025452731,0.1526654031249613,0.718445155410837,0.2661542950742587,4.33873513994652,2.4505085206641875,0.9977617904071931,0.1835409023214586,0.0986889138148466,0.4927391086629945,0.4691883952273978,0.0911697487263452,0.4748351958478498,0.5857622653147817,1.2906343288969548,1.1655735429741931,0.7871807711567351,0.1771386148140666,0.8975102568641024,7242.0,0.0854755328942709,0.3790665561999449,1.545327623105393,2.72964195316344,3.0,1.2702058051204277,0.5827762191048764,0.6468523714094856,0.7209432197728791,-0.0494014696058783,0.9212356749154984,0.5696798656459121,0.4977777777777778,0.02304,0.9914163090128756,0.5403624382207578,0.9864091559370528,0.3262032085561497,0.86858170124901,0.7666008438404552,0.9713886021622208,3.3712650632083108,1.148035447093721,5.176287209538317,2.9927923229176767,0.4069218665948906,0.0912575516873737,2.345288765596346,3.116254093050867,4.669720864791258,0.1156317625113261,0.2261643318073106,0.7905165808051542,0.1570804225408452,0.007629770872324,0.801756604777502,3.3683150153637014,0.7365708256766501,0.1432517519211748,0.0622492679711488,0.3650109068298225,1.1502847459646743
pmlb_splice,real_pmlb_multiclass,2.1662,3,60,638,0.0,0.0,,0.0,0.0,2550,0.3943206968894562,0.1555225160124127,1.6641019478376835,2.1669394435351883,1.9750699914266951,0.0575431182688776,0.1242793990622507,0.6591924606509962,0.0372462020815357,1.4797149506045104,0.0250752471582627,0.0207788285519285,1.0003923107100785,0.2523231129205606,26.36058240995016,0.9780956565569088,0.0530443068774392,0.4166666666666667,0.1443375672974064,0.7726693168190417,0.0845839578349055,0.6669053146439466,0.1707106376070762,3.3986513207176663,1.5546903138768058,0.9984222991157248,0.0561336213135401,0.092080031492929,,,,,0.3062461714994766,0.8704566799277291,1.148011167547346,,0.3177613857563788,0.191521971310258,611.0,0.2396078431372549,0.764975450081833,8.20571243525202,1.77544387227833,2.0,0.7070312502350102,0.6448617234468937,0.8611088844355378,0.7924021376085504,0.0694241816967267,0.999961561279959,0.6748120125528221,0.5,0.2499999999999999,0.8361842105263158,0.6783124588002637,0.8361842105263158,0.4921956295525494,0.99809234194773,0.7444632013043982,0.8233990771674242,1.999430753907189,1.6611268269102466,3.475943317175568,2.7537684165928265,0.3870248487999403,0.0019908075496166,1.985551351772967,1.9964136956221423,3.4669535466821397,0.008635247202905,0.6433175208629338,0.1675017451458871,0.0219360192036608,2.7822032539142573e-05,0.1667158692088302,1.908941160507864,0.957417172360197,0.610683778885165,0.0101717708051509,0.792056479417917,1.141494957798455
pmlb_vehicle,real_pmlb_multiclass,1.0955,4,18,170,0.0,0.0,,0.0,0.0,676,0.0352555481887958,0.5533675357606317,0.8379080926802372,1.0943396226415094,2.93350605948914,0.1340789188941857,0.0005460721042767,0.6670743692948619,0.2807544133025883,1.9990928967963053,0.4124777636365924,0.3406640458159335,1.0014814814814816,2.2700218644377106,8.010919159945031,0.8684055162233977,0.0837122950079354,0.026644478459435,0.0651183337814734,0.7532805587403656,0.1594743884086493,0.161460982326811,0.2566450558714332,4.6830529482827865,4.56831367422113,0.9899688386260984,0.2495460080026601,0.1209091022284708,0.4526627218934911,0.441709906931314,0.1049518489668981,0.4600045736273215,0.0336441530059816,1.4926107236881745,,0.7233727810650887,0.0857161507476825,0.6299315192120336,159.0,0.2352071005917159,0.8477987421383648,1.6708693937353916,1.049754857408845,1.0,-0.957375915803265,0.3934972140281874,0.4482333661094723,0.7677679449360865,-0.2928744673877417,0.9841921493525398,0.7262148186292179,0.1595666374726961,3.841737915794323e-06,0.9504373177842566,0.5615615615615616,0.6618075801749271,0.0,0.940578898434033,0.6383619584721867,0.8658476308558407,2.9997980737862218,2.480866885373403,4.879792778692048,4.0760869742500425,0.4224102768943982,0.0743634564844777,2.9609792742523062,2.9897229226757744,4.815848178974642,0.1519719840490538,0.3433110071364783,0.996259475699091,0.236776358833769,0.001861105798219,0.9977354156630884,9.514929398367418,0.1270134495231296,0.0003652456796636,0.1111060171054051,0.0255453201236428,0.8396447176834884
pmlb_waveform_21,real_pmlb_multiclass,1.0298,3,21,1000,0.0,0.0,,0.0,0.0,1999,0.0127328315782468,0.2518569756052727,1.8371046468302288,1.0295902883156298,3.584794757154847,0.0001370506640424,0.0001179554199827,0.6885935256371952,0.0283974836734842,1.5848497937815835,0.2954251328337344,0.2207828688671827,0.986937719289934,1.661650567670981,6.503424801430948,0.7482863433689863,0.1288854406413224,0.0013999107020392,0.0013118914786792,0.7861272089503984,0.0978035911765389,0.3635357894480564,0.113616316982471,4.925949906626425,1.8169373753819835,0.9943323337506672,0.2436946443100055,0.129611295380256,0.3176588294147073,0.4701956517708722,0.0374198620609199,0.4089018433265556,0.0102022076720947,0.9491285041779112,1.0747342799434303,0.9674837418709354,0.2753179820554226,0.984519208720988,1318.0,0.3295,0.8341426403641881,3.0588381357293426,1.0196841030339472,2.0,0.6180181525386426,0.5767748830995324,0.8030794923179693,0.824439545758183,-0.1408416833667334,0.9992524489396616,0.6035660709014541,0.0026894623334616,6.67660213632091e-05,0.8531415594246783,0.6738967838444279,0.45,0.2348541510845175,0.8455654739363091,0.7526200337132587,0.8422424215033839,3.584921528705315,3.5843058150550213,5.16337504937508,4.767658661438513,0.402065069158672,0.0062268592636263,3.5847612663996733,3.5848701273042143,5.035367589795405,0.1343475458900096,0.6685134723630394,0.7062254771707204,0.2676375176466553,0.0010768644651313,0.7054820253544924,7.678497260668882,0.4254794635140277,0.250536843140035,0.0870647426857589,0.3414462701469932,0.8702692756222762
pmlb_waveform_40,real_pmlb_multiclass,1.0236,3,40,1000,0.0,0.0,,0.0,0.0,2000,0.01097724920005,0.2634670340635101,1.8010802333255482,1.0242057488653555,3.5847208143929263,0.0001525501337769,9.071672357208184e-05,0.682603508143385,0.0090556851557693,1.5848757975004697,0.0939794669951714,0.172290983110913,1.0040190263953823,1.2484987603953923,12.423839688503085,0.871004872490228,0.1527397300325477,0.0001756856399885,0.0001519778733316,0.7713816352022298,0.0822198977136863,0.31350374299774,0.113544860296176,5.042029302813653,1.746241993336402,0.9975705,0.1275673090797445,0.1466767864877558,0.3925,0.4879301790345028,0.0211722485330179,0.4529443445829131,0.0101878661928286,0.9319771040929528,1.053819878292892,1.0,0.2850918060837459,0.6257452470246823,1322.0,0.3305,0.753555219364599,4.453540107626998,1.016125739480448,2.0,0.6972172018213463,0.5574108216432866,0.795066132264529,0.8184221776887108,-0.1101469605878424,0.9999676057368824,0.6276514970269393,0.0003050836167677,8.325087776462923e-06,0.8215085884988798,0.6764928193499622,0.4077669902912621,0.1874527588813303,0.9992229898556086,0.7463181585539049,0.8188260431283636,3.584917798481605,3.5841248293741077,5.16639767696932,4.788590835671389,0.381198388480767,0.0032106112351542,3.584648846483788,3.584819261829072,5.162289123605368,0.0073299699858557,0.6762001717614512,0.7231498933391491,0.0201792612297258,2.237293425733104e-05,0.737232526887956,8.027026246290774,0.9076549382272072,0.2398144701869796,0.0087287021780005,0.4134947471890772,1.0361535875883918
pmlb_wine_quality_red,real_pmlb_multiclass,68.1,6,11,320,0.0,0.0,,0.0,0.0,1279,1.0694395764213451,0.7310652160201284,1.3058878947413173,68.125,3.3043768757395253,0.023060107217419,0.2498989777344112,0.2457814711353364,0.2227295154869424,1.7101198592052465,0.2020777836540035,0.1878661644433174,1.0007824726134595,0.9119548399097422,17.116831213174923,0.9327116123044932,0.0823467422531236,0.0212473618691446,0.0384355460613312,0.6125084804440432,0.2997813861858052,0.3030040429543822,0.3760595546604183,4.914588063888358,0.7487328130107136,0.9976709227852828,0.0999086710564136,0.0645335346892942,0.6301798279906177,0.3680688523562009,0.2349442847229352,0.4825201284929455,1.1508105086258236,0.5004764060434437,,0.7599687255668491,0.546013907217064,0.641484917454635,8.0,0.0062548866301798,0.225,1.7813188304639986,18.614462854324124,4.0,0.5782000011093965,0.552772005438826,0.541049576145397,0.5918736462490791,-0.0343994751752775,0.9947580431393028,0.723782769937908,0.1402027373740895,0.0,0.9867298578199052,0.1304347826086956,0.9478672985781992,0.0,0.9838623110026214,0.3476033834586466,0.8967221563834777,3.319887266590459,3.2579175578400763,4.9866444734852085,4.716408737595562,0.2527719798959635,0.0363186712101013,3.308687559074249,3.317565419229688,4.9607567881152175,0.0492657411135,0.076489103627675,0.674780275039181,0.1480249442902969,0.0028255189964254,0.6753082721245027,3.121897371559057,0.6477514302575516,0.0584574319847208,0.0582543915548564,0.3863313017031731,1.3916932069275627
pmlb_wine_quality_white,real_pmlb_multiclass,439.6,7,11,980,0.0,0.0,,0.0,0.0,1998,1.1278503099808852,0.949907228050688,0.7360588889092653,439.5,3.570381202324715,0.0116670473777394,0.2393964271858538,0.197138852335667,0.1963442111980746,1.859585472380131,0.1854353972308678,0.1962063753178413,0.9964298867778985,0.8852473715944823,20.315403445030096,0.9400126239746848,0.0666205493949388,0.0144724539807991,0.0297549226827723,0.595929642122942,0.3912538055896127,0.3394986382134325,0.3916478352003955,5.338430935460885,0.5822420405434435,0.9988399310221132,0.0915357392439604,0.0554632148086616,0.7067067067067067,0.4062600592757296,0.2241005343967332,0.4958066071998941,1.7972854974615429,0.4259376089563143,,0.8148148148148148,0.6099440858072318,0.6971951815951967,4.0,0.0010209290454313,0.2,1.2870877027157506,61.080239470771815,4.0,0.8295620136235474,0.4492656875834446,0.4472630173564753,0.5060080106809078,-0.0126835781041388,0.9943144869471556,0.7740185697974541,0.1296529997934969,0.0,0.9939678284182306,0.0,0.9470509383378016,0.0,0.9816372105296536,0.0588235294117647,0.9276859504132232,3.584381351457653,3.543037920703934,5.397358786957382,5.205031331775787,0.2225842921404126,0.0393762311370586,3.5658661696975447,3.57848545582689,5.366996988113162,0.0547674464177792,0.0422830683733526,0.8365971664854085,0.1083923734093932,0.0009211407074174,0.8203671268200359,3.3014451026447285,0.8682156067967652,0.0155942721248672,0.060401825739491,0.5059246938053028,1.1259183063436402
pmlb_yeast,real_pmlb_multiclass,23.15,9,8,296,0.0,0.0,,0.0,0.0,1183,1.010426257712408,0.8374514254944215,2.4430996728832826,23.125,2.3252601346276665,1.467740877708254,0.1414711015967419,0.3845192893992954,0.27946277554345,2.466884607546698,0.0887519576629135,0.1207947180169606,1.000846023688654,0.4193738674093502,12.687888368793814,0.7478623994797609,0.1895962488213496,,,0.6036661074408913,0.2650598911308927,0.2986282731129296,0.2780121604617287,4.597716438910437,3.061982807680173,0.9977055911121844,0.1944283032639271,0.1562161207881653,0.6703296703296703,0.4814012637684324,0.1456781870804376,0.4999924908576187,0.9051727352884116,1.7295367717622545,,0.8157227387996618,0.1046832616828609,1.3169616566369429,16.0,0.0135249366018596,0.6375,6.393221412969643,6.3402488891862685,6.0,0.843146478319489,0.4074342992996209,0.2441474437233609,0.5841011801494999,-0.1031227912356229,0.9977906926657936,0.509714762697218,,,0.9734513274336284,0.0120481927710843,0.9284712482468443,0.0,0.9036094383704132,0.4730634235870655,0.7919098984771573,3.3143984196370715,0.0459626481668588,5.643509764669368,2.4879058857771925,0.4685018282642081,0.002561227353476,1.5263203364790066,3.295917276899395,5.522614627230491,0.0816971820849827,0.016334474031757,0.586141161698151,0.0426395340268091,0.000205806159094,0.5866370510058472,1.8025548274414684,0.9562792646030764,0.4013002292565879,0.0133534496018913,0.778368634088274,1.0951009792439603
