dataset_name,group,gen_base_type,gen_imbalance_ratio,gen_n_classes,gen_n_features,gen_n_samples_test,gen_n_samples_train,gen_noise,gen_noise_scale,gen_noise_type,gen_outlier_frac,gen_overlap,gen_spatial_distortion,gen_subsampled_to,CV,HDB,HDB_mean_f1,HDB_std_f1,IR,attr_ent.mean,attr_ent.sd,c2,can_cor.mean,can_cor.sd,class_ent,cor.mean,cor.sd,cov.mean,cov.sd,eigenvalues.mean,eigenvalues.sd,eq_num_attr,f1.mean,f1.sd,f2.mean,f2.sd,f3.mean,f3.sd,f4.mean,f4.sd,joint_ent.mean,joint_ent.sd,lh_trace,lsc,mut_inf.mean,mut_inf.sd,n1,n2.mean,n2.sd,n3.mean,n3.sd,nr_attr,nr_class,nr_inst,pIR_cv,p_trace,roy_root,sd_ratio,t1,w_lambda,overlap_ratio,inter_intra_ratio,boundary_density,minority_size,minority_frac,minority_nn_ratio,minority_isolation,macro_IR,IR_variance,n_minority_classes,class_imbalance_skew,lm_decision_stump,lm_1nn,lm_naive_bayes,lm_lin_discr,lm_stump_vs_1nn,ssi_f1.max,ssi_f1.median,ssi_f1.min,ssi_f2.max,ssi_f2.median,ssi_f2.min,ssi_f3.max,ssi_f3.median,ssi_f3.min,ssi_f4.max,ssi_f4.median,ssi_f4.min,ssi_f1.q1,ssi_f1.q3,ssi_f2.q1,ssi_f2.q3,ssi_f3.q1,ssi_f3.q3,ssi_f4.q1,ssi_f4.q3,ssi_attr_ent.max,ssi_attr_ent.median,ssi_attr_ent.min,ssi_joint_ent.max,ssi_joint_ent.median,ssi_joint_ent.min,ssi_mut_inf.max,ssi_mut_inf.median,ssi_mut_inf.min,ssi_attr_ent.q1,ssi_attr_ent.q3,ssi_joint_ent.q1,ssi_joint_ent.q3,ssi_mut_inf.q1,ssi_mut_inf.q3,ssi_can_cor.max,ssi_can_cor.median,ssi_can_cor.min,ssi_cor.max,ssi_cor.median,ssi_cor.min,ssi_cov.max,ssi_cov.median,ssi_cov.min,ssi_eigenvalues.max,ssi_eigenvalues.median,ssi_eigenvalues.min,ssi_can_cor.q1,ssi_can_cor.q3,ssi_cor.q1,ssi_cor.q3,ssi_cov.q1,ssi_cov.q3,ssi_eigenvalues.q1,ssi_eigenvalues.q3
kaggle_fedesoriano_stellar-classification-dataset-sd,real_kaggle_multiclass,real_kaggle,3.1351,3,17,20000,80000,0.0,0.0,,0.0,0.0,False,1998,0.5548496370076311,0.2615292743638281,2.635700664211066,0.6893128821513799,3.1350781198496933,3.313456665973775,0.8892454567669041,0.2408175551954419,0.68032074839588,0.2096145575236036,1.3782242084102587,,,0.1291066877542095,0.2241742709479984,0.7545479440534706,1.1476422084012856,9.9413685278022,,,,,0.3899090966349598,0.4089620759103692,0.2631323497201849,0.3908057203179294,4.553045614605072,0.8754322217017515,2.584540418753172,0.9963461960458956,0.1386352597789623,0.2339583453092768,0.3768768768768769,0.4160713878334882,0.1139347559027209,0.2222222222222222,0.4158437876778876,17.0,3.0,1998.0,0.3693602804729398,0.9696109041216764,2.1895847525796786,,0.6391391391391391,0.2247529745104858,,,,,,,,,,,,,,,,,,,,,,,,,,,,,,,,,,,,,,,,,,,,,,,,,,,,,,,,,,,,,,,,,,,,,,,
kaggle_fedesoriano_stellar-classification-dataset-sdss17,real_kaggle_multiclass,real_kaggle,3.1351,3,17,20000,80000,0.0,0.0,,0.0,0.0,False,1998,0.5548496370076311,0.2615292743638281,2.635700664211066,0.6893128821513799,3.1350781198496933,3.313456665973775,0.8892454567669041,0.2408175551954419,0.68032074839588,0.2096145575236036,1.3782242084102587,,,0.1291066877542095,0.2241742709479984,0.7545479440534706,1.1476422084012856,9.9413685278022,,,,,0.3899090966349598,0.4089620759103692,0.2631323497201849,0.3908057203179294,4.553045614605072,0.8754322217017515,2.584540418753172,0.9963461960458956,0.1386352597789623,0.2339583453092768,0.3768768768768769,0.4160713878334882,0.1139347559027209,0.2222222222222222,0.4158437876778876,17.0,3.0,1998.0,0.3693602804729398,0.9696109041216764,2.1895847525796786,,0.6391391391391391,0.2247529745104858,,,,,,,,,,,,,,,,,,,,,,,,,,,,,,,,,,,,,,,,,,,,,,,,,,,,,,,,,,,,,,,,,,,,,,,
kaggle_uciml_glass,real_kaggle_multiclass,real_kaggle,8.4444,6,9,43,171,0.0,0.0,,0.0,0.0,False,171,0.7657246611507086,0.7010892446851781,3.874047790435896,2.7160532392709853,8.714285714285714,2.020236787207317,0.6116525388703461,0.1372331877058992,0.486389064294164,0.2857533252059148,2.1710541960089595,0.2290046708149818,0.1837347297958715,0.2303517571138935,0.1848155223240825,1.0058823529411764,0.8811521942056627,6.068056616138217,0.7419480748914038,0.2316904764316221,0.001884163656849,0.0058103060688155,0.2397031787482429,0.2752893252131368,0.0534228734228734,0.149205713058694,3.833506879779442,0.5544149637204395,5.559608043452918,0.9684005334974864,0.3577841034368338,0.1487793387899497,0.5263157894736842,0.3972742805979277,0.1545564107771633,0.2923976608187134,0.4561998849773195,9.0,6.0,171.0,0.6404213726292659,1.509491460789712,4.600887969985146,,0.5964912280701754,0.0797571683933483,,,,,,,,,,,,,,,,,,,,,,,,,,,,,,,,,,,,,,,,,,,,,,,,,,,,,,,,,,,,,,,,,,,,,,,
kaggle_uciml_iris,real_kaggle_multiclass,real_kaggle,1.0,3,5,30,120,0.0,0.0,,0.0,0.0,False,120,0.0,0.6029329369327482,29.720879306413,17.91969704843933,1.0,1.985218317370395,0.0152549431257306,0.0,0.7823764372179505,0.2921811860979026,1.584962500721156,0.6379496268779106,0.3105636633284482,0.6433105481121794,0.3131734420118808,1.008403361344539,1.5844846253842364,1.7550309546110872,0.2470995249348619,0.2480499490154999,0.0,0.0,0.0,0.0,0.0,0.0,2.6670842108454518,0.3486396994729404,45.1182651630314,0.7499305555555555,0.9030966072460996,0.3607506291483863,0.0333333333333333,0.1980163192208687,0.1048767569000778,0.0,0.0,5.0,3.0,120.0,0.0,1.3095956245372844,44.62234593834188,1.2391678974699352,0.0666666666666666,0.0146525847900784,,,,,,,,,,,,,,,,,,,,,,,,,,,,,,,,,,,,,,,,,,,,,,,,,,,,,,,,,,,,,,,,,,,,,,,
openml_1044_eye_movements,real_openml_multiclass,real_openml,1.485,3,27,2188,8748,0.0,0.0,,0.0,0.0,False,1998,0.1588372823746425,0.6604484546134991,0.1006864209530385,0.0664981911189985,1.4847560975609757,2.6775231530448576,1.1034976442009858,0.0182784437109604,0.3481891732030848,0.246564621490076,1.5661495420340503,0.0987481535439272,0.1442991653190417,0.1001592533862173,0.1492257673410134,1.0014243722569616,0.9370335931658252,67.47084840033365,0.9836299793869258,0.0195549718186108,0.0035964599363101,0.0023278914441806,0.980133963881842,0.0061602863371819,0.915305679785664,0.0216640259612681,4.220460454842333,1.1048760462251022,0.4067628794679755,0.998987726465204,0.0232122402365746,0.0210543933192311,0.6711711711711712,0.486443313133124,0.0876234849881109,0.4709709709709709,0.4992815651314179,27.0,3.0,1998.0,0.1138722783313948,0.3032655132422401,0.375600192512441,,0.915915915915916,0.704986146010707,0.9419419419419419,0.29202443924916593,0.9419419419419419,2296.0,0.26245999085505256,0.5809233449477351,4.81773995353641,1.3101268576649898,0.15883728237458802,1.0,-0.3906811227200375,0.4152237808951236,0.4512905811623247,0.4185557782231129,0.468626586506346,-0.036066800267201105,0.9998288246465863,0.9912034528489433,0.9359036225810956,0.005700231033804599,0.003993604736762068,0.0010955440383639038,0.9871099050203528,0.977850697292863,0.97544128933231,0.9389416553595658,0.9105824446267432,0.896392939370683,0.9744043479014867,0.9986116390778164,0.0025445743875629856,0.004846917885283334,0.9766459933125865,0.9824803011566079,0.9034876919987131,0.9247620499931545,3.584955995579937,3.238643012165875,0.7263106946530103,5.143607957237315,4.792312593968035,2.291680243759133,0.09666084660889007,0.018053378321051028,0.0007799929279279638,1.8397953959095128,3.584912625507551,3.338355759722295,5.115378145775903,0.007835383703398424,0.03637611817733655,0.5225366890594114,0.3481891732030846,0.17384165734675783,0.9992890740535525,0.05156881631905982,3.789195254226129e-05,0.9898150144164773,0.05185030342850009,3.8170123500474796e-05,4.1645794056781416,0.7526961230220701,0.0006866585234766225,0.2610154152749212,0.435362931131248,0.023126846480853072,0.10995909291530502,0.022482932381759805,0.11063715447995123,0.34220683119559403,1.3775187152689714
openml_1100_PopularKids,real_openml_multiclass,real_openml,2.7444,3,10,96,382,0.0,0.0,,0.0,0.0,False,382,0.4085950552025668,0.3635935766933161,0.2297771267537148,0.0835454873586966,2.736111111111111,1.605717534239026,0.7241642403828171,0.1264835913158428,0.3230809377450421,0.0267784809666587,1.4662795314659351,0.1447170615488592,0.1697930516976704,0.1450968963560739,0.1702387027519946,1.00262467191601,0.7027823149917833,46.80725987324039,0.9711216469515492,0.0282975939433662,0.638888888888889,0.1272937693043289,0.9930067013890014,0.0035775593641243,0.9930067013890014,0.0035775593641243,3.0406711659313617,0.711314340470799,0.2344048201387439,0.9956689783723034,0.0313258997735991,0.026036099106412,0.675392670157068,,,0.5392670157068062,0.4991094293626746,10.0,3.0,382.0,0.2548757100175035,0.2094796717113132,0.1324708573452262,,0.4790575916230366,0.8013410605592525,0.8586387434554974,0.29395085262097964,0.8586387434554974,72.0,0.18848167539267016,0.4027777777777778,0.7568083497401515,2.0163061291379876,0.40859505519935796,2.0,0.3923317192832172,0.536622375328084,0.4685449475065617,0.4974778543307086,0.5366428805774278,0.06807742782152226,0.998354874424504,0.9820564124747112,0.9247007995808968,0.75,0.6666666666666667,0.5,0.9962825278810409,0.9935483870967742,0.9891891891891892,0.9962825278810409,0.9935483870967742,0.9891891891891892,0.9451923009365519,0.9940585268588343,0.5833333333333334,0.7083333333333334,0.9913687881429817,0.9949154574889075,0.9913687881429817,0.9949154574889075,2.778147783703423,1.7260854238242196,0.0,4.208709250185879,3.1524829439823296,1.46627953938639,0.07343155173015203,0.030404368973735663,-7.920454958565415e-09,1.5064021726527725,1.9048804780523592,2.9621231362130063,3.331080953243811,0.010565273290280564,0.050963111859115506,0.34201618322644134,0.3230809377450421,0.3041456922636428,0.8502614438722961,0.08314712302813707,0.0013194932075490816,0.8524931012052918,0.0833653569468462,0.0013229564443143005,2.171208620113427,0.9897880854644052,-2.2204460711898306e-16,0.3136133150043424,0.3325485604857417,0.026263911926126465,0.1886009424026233,0.02633284607816358,0.18909595799948029,0.6011377800891715,1.27146265803486
"openml_119_BNG(cmc,nominal,55296)",real_openml_multiclass,real_openml,1.8841,3,9,11060,44236,0.0,0.0,,0.0,0.0,False,1999,0.2471314008139817,0.6406673123860864,0.1754537786073485,0.1124075007883534,1.8841099163679809,1.1914525237013214,0.5588285328728431,0.043580036896184,0.2891712482531235,0.081443936539625,1.539461108302692,0.1089952644891661,0.1417025925344236,0.1103808001099598,0.1438571643318283,1.0087234811473782,0.5397091664475755,59.54458439393534,0.970561367809937,0.0217990478271278,1.0,0.0,1.0,0.0,1.0,0.0,2.705059708864372,0.5426991794123495,0.1933468443222784,0.9996786787590894,0.0258539231396413,0.0184936099030353,0.6503251625812907,,,0.5977988994497249,0.4904647931218728,9.0,3.0,1999.0,0.1704972374889186,0.1738731364316096,0.136677589311569,1.02692536007532,0.2311155577788894,0.832575508199044,0.887943971985993,0.290616727835456,0.887943971985993,10044.0,0.22705488742200922,0.35696933492632416,0.3421214535518263,1.5478921650510176,0.24713140081396498,1.0,-0.21219541724341084,0.4405918503674015,0.4345824983299933,0.47997327989311955,0.4946613226452905,0.006009352037408211,0.9969084829576288,0.9745028702322361,0.92628903227938,1.0,1.0,1.0,1.0,1.0,1.0,1.0,1.0,1.0,0.958698789454447,0.9845961074382804,1.0,1.0,1.0,1.0,1.0,1.0,1.8614465258838477,1.3354348575846473,0.4040800105486802,3.3425517097717146,2.8425439791686227,1.932082850133754,0.05835592441482529,0.02981328318647325,0.002264222288390183,0.6922434247826655,1.6805172245574596,2.2256259416388384,3.190165049673678,0.011458268717618125,0.03519869830923472,0.346760808066819,0.2891712482531234,0.23158168843942778,0.6169116353431614,0.04390343575534572,0.0003827230826848495,0.6303884998996455,0.04489666730385013,0.0003844065992329702,2.223899018821124,0.9645609025372165,0.35219820713035527,0.2603764683462756,0.3179660281599712,0.012346927821506266,0.1618887222042621,0.012346145532719024,0.16634062521463694,0.68204236344585,1.0111824965373908
openml_11_balance-scale,real_openml_multiclass,real_openml,5.8776,3,4,125,500,0.0,0.0,,0.0,0.0,False,500,0.5416493330559911,0.5781987954869026,0.2983683919643449,0.1725162448451482,5.923076923076923,2.320390317014861,0.0007600874409195,0.1644322702717361,0.435518252698799,0.5517097685387563,1.3170894310222006,0.0167115359047244,0.0171992201640036,0.0167450259566376,0.0172336875390818,1.0020040080160322,0.0459519698286834,9.135470591576926,0.8230013093294993,0.0187060502846893,1.0,0.0,1.0,0.0,1.0,0.0,3.4933066134602195,0.0143273102942509,2.143506561750603,0.963456,0.1441731345768417,0.0148775090326686,0.284,0.3685833345453166,0.147120212230044,0.2,0.4004006010017532,4.0,3.0,500.0,0.5409862701952389,0.6837359655687179,2.1414410958966155,1.3242087283528414,0.304,0.3176691082335754,0.366,0.6650679727127523,0.366,39.0,0.078,0.2153846153846154,0.5,4.274953548866592,0.5416493330527412,1.0,-0.7070417070161616,0.6259769617391723,0.769917995334632,0.8779429093619989,0.8759709496669311,-0.14394103359545973,0.8416487621149205,0.8248457212552008,0.8006650326926753,1.0,1.0,1.0,1.0,1.0,1.0,1.0,1.0,1.0,0.8113700872659555,0.8364769433187447,1.0,1.0,1.0,1.0,1.0,1.0,2.3214966449870493,2.3201423566006336,2.3197799098711274,3.505265324942962,3.496475634889689,3.475009859118538,0.16357621689071156,0.140616268750819,0.13188378391501754,2.319989735844616,2.3205429377708784,3.4853495994722516,3.504432648877657,0.13284047812760402,0.15194892520005676,0.8256359712794141,0.435518252698799,0.04540053411818385,0.044381769874655724,0.007837908651812657,0.004074427406245367,0.044470711297250186,0.00785361588357982,0.00408259259142823,1.0539057524392508,1.0052848002151815,0.9435406791945149,0.2404593934084914,0.6305771119891066,0.00473885032248002,0.026283004636291348,0.0047483470165130435,0.026335675988267915,0.9823212297597887,1.024967578471425
openml_1222_letter-challenge-unlabele,real_openml_multiclass,real_openml,3.6232,3,16,4000,16000,0.0,0.0,,0.0,0.0,False,2000,0.4475086591340999,0.7186979024395304,0.1842643273312271,0.1324303855473839,3.6231884057971016,2.783424908210661,0.2219067277700661,0.1316886375788909,0.2496360784904612,0.2366732432390936,1.424971556171536,0.1877530569826538,0.2111426600246826,0.185139066436644,0.2105568586320562,0.981787014432545,1.1193890808401132,56.81102071091479,0.984040835979592,0.0170824342648067,0.0836588242820064,0.1269950146739505,0.9256268137814662,0.062569074278806,0.8275584931643016,0.1439367622052251,4.1833138036882,0.2193381404513137,0.2172946643302697,0.999015,0.0250826606939974,0.019304706181845,0.697,,,0.5095,0.500034766175005,16.0,3.0,2000.0,0.3606866299647377,0.1806505674335026,0.2104780496876148,1.1182924690483242,0.809,0.8205266813809021,0.944,0.2959352514729319,0.944,2208.0,0.138,0.5763586956521739,1.610272363898547,2.5425307604024874,0.447508659134016,1.0,-0.28116531349146606,0.5,0.4713333333333333,0.4613333333333333,0.4653333333333333,0.028666666666666674,0.9995345085309868,0.9892351270975013,0.9376380761836132,0.23028736155363383,0.012014224842213176,0.008674886450172387,0.9976798143851509,0.8942006269592476,0.885,0.9912993039443155,0.7703761755485894,0.721,0.9738580322547981,0.998018781687319,0.010344555646192782,0.1211507931979235,0.8896003134796238,0.9459402206721992,0.7456880877742946,0.8808377397464524,3.2728615829220677,2.7731776476273398,2.408014027150128,4.694387939921684,4.172572771988804,3.8129258408204767,0.06512138409379276,0.021157336491730128,0.0034451991719191,2.6793302933958856,2.8724671942795803,4.082722173082196,4.276888443911621,0.008742390447576298,0.03688144674339078,0.4169893337102372,0.24963607849046113,0.08228282327068503,0.8596717647878723,0.09828007358143755,0.0017534250254727982,0.8969128530893484,0.09483233418647274,0.001723100184100335,4.324835174000285,0.594733216442103,0.076026348979915,0.16595945088057307,0.3333127061003492,0.043361422299912224,0.24421502949743906,0.04234395393523971,0.24038577878881057,0.2524646601384418,1.088375153211118
openml_12_mfeat-factors,real_openml_multiclass,real_openml,1.0,10,216,400,1600,0.0,0.0,,0.0,0.0,False,1600,0.0,0.6428573663898313,12.380303897207812,7.958769558464778,1.0,3.407915465114128,0.1014764062656962,0.0,0.9297578522844826,0.0474367450427904,3.321928094887362,0.2501939639863951,0.1971975589524465,0.2503504330070245,0.1973208845052623,1.0006253908692933,4.684825065576973,5.279373105114785,0.5090364252349903,0.1404715114492759,9.398379841927972e-30,5.657045689127825e-29,0.2027777777777777,0.1842379862419662,0.0,0.0,6.100615803458012,0.1763724948531804,94.48802265871396,0.978746875,0.6292277565434801,0.1802223917631999,,,,,,216.0,10.0,1600.0,0.0,7.798048933203923,26.317956321672757,,,2.1494773892863446e-09,0.1125,1.4805259076773967,0.1125,160.0,0.1,0.9824999999999999,7.046263703832061e-08,1.0,0.0,0.0,,0.18600000000000003,0.9506666666666667,0.9166666666666666,0.9766666666666666,-0.7646666666666666,0.9122103793641396,0.4949726192453954,0.17036829171483933,3.7905831789805443e-28,3.780167866779217e-40,0.0,0.6375,0.159375,0.0,0.0,0.0,0.0,0.4187494313453689,0.5970119999901917,4.5940402688805827e-57,1.2339517336208843e-35,0.053125,0.33125,0.0,0.0,3.459373587794011,3.4548464742052376,2.757621981219495,6.524182358533868,6.107679238253783,5.50069921892264,1.2804906450021187,0.6257099337936833,0.16960517680550868,3.417988693673117,3.459049605228568,5.990351746126404,6.235972847753526,0.5026842599921906,0.7546326087196193,0.9815263830382135,0.9369437979330039,0.8321882297894797,1.0,0.2053115209031982,1.7528680196413665e-05,1.0006253908692975,0.20543992085373142,1.7539642472959226e-05,48.75870316292738,0.021666255768884493,-6.481080989785554e-16,0.9129973927629826,0.9624447392951194,0.09468763220890024,0.35940693227614445,0.09474684898951838,0.35963170208995054,0.004615200449469066,0.14085151179305513
"openml_133_BNG(glass,nominal,137781)",real_openml_multiclass,real_openml,157.2541,7,9,27557,110224,0.0,0.0,,0.0,0.0,False,1996,0.9039245074577016,0.7472106458934096,1.4586254665952132,1.089900477011185,156.9959349593496,0.9329296182142436,0.357936480520999,0.1557483604668105,0.3353566568742712,0.2511937055238125,2.203344661706378,0.1030948963452889,0.1230121611875218,0.1068788814934482,0.1273697877897547,1.0354791305027844,0.4957587753806979,15.63319005328888,0.8491820147972705,0.1510621887521431,0.7142857142857143,0.4629100498862757,0.7311053229069215,0.4361078553361427,0.7142857142857143,0.4629100498862757,2.9953340972582323,0.3134637032782326,2.199160280335052,0.9988092417299528,0.140940182662389,0.1212039887600519,0.5075150300601202,,,0.3667334669338677,0.4820336525676643,9.0,7.0,1996.0,1.8462956541131936,0.9902759123332454,1.805285491941525,,0.0831663326653306,0.2464622425232417,0.6002004008016032,1.0304517532162127,0.6002004008016032,246.0,0.0022318188416315865,0.34878048780487814,3.8087657305168454,23.782411452623094,0.9039245074576441,5.0,0.7019011099476324,0.41616566466265864,0.5277221108884436,0.501002004008016,0.6065464261857048,-0.11155644622578492,0.9783537867847806,0.9190744489248583,0.5318876750647503,1.0,1.0,0.0,1.0,1.0,0.025735294117647058,1.0,1.0,0.0,0.8100692789298238,0.9379035622421903,0.0,1.0,0.11789772727272728,1.0,0.0,1.0,1.3206605401103093,1.1036872502054103,0.26073212131992685,3.336975192915249,3.0768438049030933,2.4269964371151507,0.38705962375852865,0.0777380487705619,0.03708034591115439,0.711092275290607,1.2067322029104424,2.853089296925647,3.2351316193393673,0.061347640071338194,0.18821997428686865,0.8022032426581718,0.2557737449436991,0.1188911683637244,0.540515325754829,0.05314946528457354,0.004898989436117469,0.5663657932333018,0.05604229532481218,0.004964395107715564,2.0369786577027824,0.9695918943275195,0.4268995386239341,0.1785237898388251,0.38398661288527475,0.020028535970089665,0.12054096960232508,0.020967375965473864,0.12588751893301658,0.8088042156829777,1.0555849183538077
openml_1459_artificial-characters,real_openml_multiclass,real_openml,2.36,10,7,2044,8174,0.0,0.0,,0.0,0.0,False,1996,0.2232286431656817,0.6453435726536142,0.6631953370668798,0.4279888481899581,2.3604166666666666,3.102565669003206,0.5355056278233273,0.0061377685974903,0.3006392780231665,0.2141576602643156,3.284565119662856,0.2562114167181556,0.164991712114098,0.2578285582979205,0.1678752399353412,1.003363293293879,0.8085448783144509,14.253493244510986,0.8584502360898121,0.0901646650848818,0.0829984395780986,0.1225348902885243,0.7577422121055547,0.104538375648598,0.4621763362028777,0.2552716843759829,6.1566914806790365,0.5346360887460927,1.326794088401626,0.9979628595869092,0.2304393079870255,0.095840767051888,0.6142284569138277,,,0.3647294589178356,0.4814748404734459,7.0,10.0,1996.0,0.2241117529374661,0.9078688491313522,0.7576467310399106,,0.6072144288577155,0.3383059115610994,0.7845691382765531,0.6084601758692872,0.7845691382765531,480.0,0.058722779544898455,0.6862499999999999,0.9658288203895905,1.3670755693749161,0.2232286431654087,6.0,-0.157294703163593,0.19410977242302543,0.5910307898259707,0.27242302543507363,0.3333333333333333,-0.3969210174029453,0.9787923727046479,0.8539911481691438,0.7357998144657271,0.5676340239833975,0.016204921870391038,0.0,0.9320113314447592,0.7602040816326531,0.5384615384615384,0.8941176470588236,0.4788135593220339,0.0,0.8014970724292825,0.9187870862153009,0.008505780858787356,0.12043965025474619,0.6752336448598131,0.8316326530612245,0.3186046511627907,0.6124197002141327,3.584787695731882,3.094710942917432,2.1859706277927216,6.726804233638657,6.246495463613751,5.208875524287853,0.33730541521156443,0.2616602231677243,0.09641809586358718,2.854172530293229,3.572072677996973,5.903393526477133,6.553939045129362,0.15507987284250024,0.3037658379906514,0.6565496610962367,0.21739975844567003,0.058607813847984566,0.6334637658328532,0.2313328844970834,0.017592115686994127,0.6478455079189981,0.23012707068520152,0.017472280482650718,2.3480805212113944,0.684623750435042,0.16149404603005235,0.15185295639164423,0.434105899994493,0.10474802249191106,0.37973419685408,0.10628003485522981,0.3793472128662423,0.42753498785306115,1.4871373798372702
openml_1466_cardiotocography,real_openml_multiclass,real_openml,10.9245,10,35,426,1700,0.0,0.0,,0.0,0.0,False,1700,0.7781221295162518,0.7550598524176259,4.962068585992891,3.7466587742259296,11.023809523809524,2.0762542848234324,1.4081457992312818,0.0764071326153257,1.0,1.7554167342883506e-16,2.9138699232658443,0.1674202334386729,0.167312139756408,0.1675187738939045,0.167410616589696,1.000588581518539,1.4005217915644936,7.319814874818117,0.5005434352542403,0.3648951252009878,,,0.0,0.0,0.0,0.0,4.592044478875053,1.375017345235592,inf,0.9379948096885812,0.3980797292142239,0.2545834218412979,0.0117647058823529,0.1776509385962842,0.0956613563578341,0.0005882352941176,0.0242535625036332,35.0,10.0,1700.0,0.6828737680831214,8.999999999999998,inf,,0.1488235294117647,0.0,0.042352941176470586,1.1983627533209338,0.042352941176470586,42.0,0.024705882352941175,0.980952380952381,6.807026117507733,3.369421142049864,0.7781221295116747,6.0,0.9434266940582174,0.4535121112372,0.9772543748809532,1.0,1.0,-0.5237422636437532,0.9736659123798576,0.5553743446656859,1.0760601101279304e-31,,,,0.0,0.0,0.0,0.0,0.0,0.0,7.279282883244786e-30,0.8502359985206314,,,0.0,0.0,0.0,0.0,3.458482142518752,2.5954822067723864,0.03383471519384565,6.2028133298112,4.641347383878846,2.913872813651357,0.962190302747322,0.32384846901612896,0.012060959733287024,0.5743170519873636,3.4406786656342465,2.913872813651357,5.906054740387361,0.21300837635641034,0.5517354001714887,1.0,1.0,0.9999999999999996,0.9999999999999998,0.1136051099144134,0.0006675542735833104,1.0005885815185436,0.11367197578251924,0.0006679471836913594,7.158856839851937,0.6500485000378348,-1.3377513714063122e-16,1.0,1.0,0.05420584576315947,0.23895972661118386,0.054237750322172054,0.23910037388994487,0.1804698267650502,1.1286750078826073
openml_1475_first-order-theorem-provi,real_openml_multiclass,real_openml,5.2551,6,51,1224,4894,0.0,0.0,,0.0,0.0,False,1995,0.6975912783901765,0.5141562059649978,0.1519373526767151,0.0781195327966256,5.251928020565552,2.9128295041909915,0.804665781331692,0.1338803032211736,0.3010065617517418,0.1027630019393297,2.298753416545845,0.2528141299899179,0.2248225724260495,0.2528430378516842,0.2397760675366847,0.983541068761718,2.4943521719391883,23.928662947443417,0.9795426390839322,0.014899688523757,1.567485215723579e-05,5.537452510117848e-05,0.9469262454270309,0.03324772455209,0.5099272654764351,0.1871737921371338,5.115515981200985,0.7780970326263283,0.5766695740857262,0.998376894617496,0.0960669395358526,0.0345928064849443,0.6781954887218045,,,0.5067669172932331,0.5000795556651495,51.0,6.0,1995.0,0.5655125840984244,0.4952656893583564,0.2622778414968655,,0.6952380952380952,0.586609035658595,0.8486215538847118,0.41097361974259106,0.8486215538847118,389.0,0.0794850837760523,0.42879177377892036,8.771948437606493,2.263798380451736,0.6975912783893213,4.0,1.5343244653671857,0.4181696726786907,0.4509018036072144,0.21643286573146292,0.45824983299933203,-0.03273213092852367,0.9983419152114335,0.9828937709755718,0.9343435257285847,0.0002152422000521133,1.2944635647978832e-08,4.052716638591078e-16,0.9801980198019802,0.9555555555555556,0.841225626740947,0.7346938775510204,0.485053037608486,0.14127423822714683,0.976069841103749,0.9896809597065093,9.447037607318331e-12,5.854727829646824e-07,0.943295804639362,0.963741923101529,0.41995494493269553,0.6774567919156727,3.584957612081234,3.106207153007746,0.6766865497356729,5.8020720350543105,5.3157811449452135,2.956823746868532,0.16404755671130467,0.09760278819453916,0.0076726002073899124,2.550798609035389,3.580648212602333,4.750512232240503,5.752976369702897,0.07609507074281119,0.1184214170353517,0.4558304373807273,0.2605666168211126,0.1902988880866159,1.0,0.18886705238776047,0.00029305950769142425,1.305607667365219,0.1788451597014858,0.0003520490153144827,16.55765871352213,0.16840176133808374,4.0948655792649563e-16,0.2524128441665082,0.34592402230381053,0.06708905173709862,0.3963593578994782,0.06104234780057759,0.39451948398594494,0.03255172740255635,0.7966538190130967
openml_1476_gas-drift,real_openml_multiclass,real_openml,1.8336,6,128,2782,11128,0.0,0.0,,0.0,0.0,False,1996,0.2327891757888816,0.3598960092422846,1.7682457176230293,0.6363845771322879,1.8332063975628328,3.5849567106471905,1.3375024930542705e-15,0.0129788720992598,0.8899362743519621,0.0855872763274237,2.545537231275559,0.5346444327207761,0.2493480412079523,0.5073581494291408,0.2970390579612375,1.040712478456476,6.677007129209352,6.214603883462528,0.7613730768602982,0.1202486493062722,3.386436395395786e-25,8.943536593379693e-25,0.6476348981583387,0.0983852946616074,0.0,0.0,5.720888232691721,0.182652736380719,29.013301539072547,0.9790005863430268,0.4096057092310263,0.182652736380719,,,,,,128.0,6.0,1996.0,0.1855590255859361,3.989233589513841,10.650898909155115,,,0.0001405859292799,0.11272545090180361,1.0804332077585896,0.11272545090180361,1313.0,0.11799065420560748,0.9847677075399848,6.038952038228674,1.393486561579491,0.23278917578875616,3.0,0.093222545817036,0.38235909570144305,0.9505329266296986,0.5341124015098471,0.9471996201237817,-0.5681738309282556,0.9955332308268333,0.7700672381014357,0.44629614731688366,2.631768865500011e-24,2.105610478549745e-44,1.3720255723135948e-76,0.7969543147208121,0.6396946564885496,0.49128367670364503,0.0,0.0,0.0,0.6577681208929035,0.8334019351253686,1.5515750845115849e-52,7.02300279473264e-33,0.5861583871301825,0.7281954225352112,0.0,0.0,3.584956710647189,3.584956710647189,3.584956710647189,6.016439011562742,5.765301514585317,5.226291257025581,0.9042026848971672,0.3651924273374316,0.11405493036000625,3.584956710647189,3.584956710647189,5.644436517155501,5.843996970869741,0.28649697105300764,0.4860574247672469,0.9561222268925796,0.9183615721373708,0.7439075676071873,0.9992106842926834,0.5443355347929579,2.024192377498789e-05,4.390273331490136,0.5180862223582449,1.0064469287874608e-05,71.16256859144212,0.0033512064997925214,4.931829524610203e-08,0.8885720547826864,0.9427179503399861,0.35269921052014175,0.7303391860104195,0.26905618988139046,0.7277263343085536,0.00034015428166938086,0.028134805096026453
openml_1477_gas-drift-different-conce,real_openml_multiclass,real_openml,1.8336,6,129,2782,11128,0.0,0.0,,0.0,0.0,False,1996,0.2327891757888816,0.334053261505458,1.790883978916343,0.5982506341348763,1.8332063975628328,3.580440109482192,0.0512987281011194,0.0129788720992598,0.8993395993502084,0.0694805384600081,2.545537231275559,0.5339202183843536,0.2483285813988723,0.5067257864123905,0.2956544025469221,1.0401706487565436,6.688562830827679,6.2198328401148615,0.7613600247216248,0.1197780987315211,9.67260358820366e-26,2.5583740936075738e-25,0.6476348981583387,0.0983852946616074,0.0,0.0,5.716715983304845,0.1880078990035301,30.462387396670533,0.9786772944686968,0.4092613574529039,0.1819798832031333,,,,,,129.0,6.0,1996.0,0.1855590255859361,4.063368755695736,11.3432149199787,,,0.0001083352336363,0.10521042084168336,1.082081603265777,0.10521042084168336,1313.0,0.11799065420560748,0.9870525514089871,6.1971420596223314,1.393486561579491,0.23278917578875616,3.0,0.093222545817036,0.38235909570144305,0.9545463081450719,0.5434724871429606,0.9518769801986838,-0.5721872124436289,0.9955332308268333,0.7692750469604671,0.44629614731688366,7.709221929242457e-25,4.749497320037019e-45,4.9818958594024514e-77,0.7969543147208121,0.6396946564885496,0.49128367670364503,0.0,0.0,0.0,0.6594976732546408,0.8333618020312461,3.2638776844916178e-53,5.52915985730665e-33,0.5861583871301825,0.7281954225352112,0.0,0.0,3.584956710647189,3.584956710647189,3.002315160362416,6.016439011562742,5.764482117965091,5.182668061784734,0.9042026848971672,0.3651843298532409,0.11405493036000625,3.584956710647189,3.584956710647189,5.639165534035877,5.843844201171655,0.28664974075109306,0.4843004303940388,0.9586364430077539,0.9213235329090552,0.7843646628034031,0.9992106842926834,0.5432487971262374,2.024192377498789e-05,4.390273331490136,0.5170782232500195,1.0064469287874608e-05,71.59797400156785,0.0033718893709522323,4.862382691594228e-08,0.8885833488189505,0.9437900092118773,0.3529157611079178,0.7288892527033752,0.2711282869332424,0.7261374698773844,0.0003430401182870335,0.03039027366993843
openml_1497_wall-robot-navigation,real_openml_multiclass,real_openml,6.7226,4,24,1092,4364,0.0,0.0,,0.0,0.0,False,1998,0.5919757743139804,0.6961099186438079,1.0882751587438872,0.7575591322152845,6.732824427480916,3.359581015586852,0.2536186800993044,0.1371941025875348,0.523124783395408,0.1182850952270657,1.7141350713126915,0.1699458768523708,0.1223834267772951,0.169841500290689,0.1226198297738914,0.9988999106215544,1.0260555366363695,5.186462261341061,0.9249606424003888,0.0598307132873477,0.0984145111238958,0.2011094034561576,0.3890120025404123,0.2537084632502533,0.0,0.0,4.743214294938279,0.2495252572701579,1.261157399266558,0.9939175912649386,0.3305017919612642,0.1392765310167515,0.1916916916916917,0.2796655287466488,0.1733607805333642,0.0945945945945946,0.2927274241133769,24.0,4.0,1998.0,0.5839486511270667,0.8489613445132298,0.6478120102111395,1.622469010363614,0.3118118118118118,0.3585845447053082,0.4494494494494494,0.8881598082522935,0.4494494494494494,262.0,0.06003666361136572,0.8969465648854962,6.327660671322103,3.652352628196296,0.5919757743134378,2.0,-0.13287149176238341,0.69712625250501,0.7938663994655979,0.5443540414161657,0.6457635270541082,-0.09674014696058786,0.9931392888135306,0.9454305705917094,0.7071984458659805,0.5085113419192632,0.020531550704566567,0.0002916285589446303,0.7252252252252253,0.3574924223288709,0.04739336492890995,0.0,0.0,0.0,0.9083295431996454,0.9617253886298868,0.015197838974870011,0.025533682519438966,0.24143755824790308,0.5721600882394801,0.0,0.0,3.584938648302024,3.4206480518257356,2.628203825340384,5.09089190156635,4.7609283555881206,4.167364686818299,0.6905269357768837,0.29508798797126046,0.17497420983477596,3.1883180098323,3.5847663822733202,4.6583906482882895,4.946178479391353,0.2165633371080895,0.39769743781208766,0.6270045115237299,0.5479841075812895,0.39438573108120484,0.647302655678775,0.15188068938025898,0.00308387643564983,0.6524228246510393,0.15309538264847,0.002987282404243979,4.562859424701713,0.6231276876733649,0.2817759572096647,0.4711849193312472,0.5874943095525097,0.07433686845499042,0.24359396169726574,0.07435323458496722,0.24581342073231346,0.4382108163065457,1.069219439801223
openml_1499_seeds,real_openml_multiclass,real_openml,1.0,3,7,42,168,0.0,0.0,,0.0,0.0,False,168,0.0,0.5976003404727875,8.998902473645623,5.377747182132034,1.0,2.321481364952841,0.0004035281343458,0.0,0.901444435658842,0.0419239590551554,1.584962500721156,0.6184995198044734,0.3270139683461771,0.6222031097434222,0.3289721358213038,1.005988023952096,1.8524150208307983,1.9854343918943247,0.3098993704826412,0.2116268890872769,0.0006517783731111,0.0006762995219203,0.1547619047619047,0.1478840267714862,0.0,0.0,3.10814878869141,0.35376142070868,9.681942922759813,0.8748937074829932,0.7982950769825872,0.3536853603338263,0.125,0.2884151073701189,0.126229362977292,0.0595238095238095,0.2373097965729027,7.0,3.0,168.0,0.0,1.6269617595034342,6.514672841515933,,0.2202380952380952,0.0319328936088002,0.20833333333333334,2.4947396185476154,0.20833333333333334,56.0,0.3333333333333333,0.8892857142857142,2.3149346316248794e-09,1.0,0.0,0.0,,0.6369047619047619,0.9166666666666666,0.9107142857142857,0.9821428571428571,-0.27976190476190477,0.6433673261889921,0.21439564926998017,0.150232052645784,0.001350185690243139,0.0006051494290903254,0.0,0.29464285714285715,0.16964285714285715,0.0,0.0,0.0,0.0,0.1713977960918988,0.40925248654496726,0.0003025747145451627,0.0009776675596667322,0.08482142857142858,0.23214285714285715,0.0,0.0,2.321774436557376,2.321774436557376,2.320748685941503,3.6085433813235825,3.032290027444738,2.711312129274417,1.1949119326961792,0.8739340345258575,0.29819355595494956,2.3212615612494396,2.321774436557376,2.839187941855394,3.363260049543172,0.5429640124274235,1.067548995423138,0.9310891514009295,0.9014444356588419,0.8717997199167543,0.9945234479291628,0.7513513716481548,0.029658246770688134,1.0004786781562836,0.755850481658024,0.029835841062728193,5.0769660333910895,0.06771874249892393,0.000805958833470358,0.8866220777877981,0.9162667935298857,0.2873477364966259,0.935066518610911,0.28906838162534826,0.940665719321156,0.011914147815504308,0.93629856865509
openml_14_mfeat-fourier,real_openml_multiclass,real_openml,1.0,10,76,400,1600,0.0,0.0,,0.0,0.0,False,1600,0.0,1.7028904713405135,9.236428201816976,15.728625574094924,1.0,3.459423167090097,9.014026471991538e-16,0.0,0.7182657617940349,0.227829065860933,3.321928094887362,0.1456769254977959,0.1034545905472366,0.1457680305168689,0.1035192901035513,1.0006253908692937,1.5585316668185702,11.434379615012489,0.7662356888971658,0.1792398335718705,3.841615860856883e-06,2.4805905344265706e-05,0.4498611111111111,0.2829650639753175,0.0,0.0,6.490830201217336,0.2275359675577865,29.95547464300936,0.988712890625,0.2905210607601236,0.2275359675577865,0.323125,0.4440532231258163,0.0808155849928674,0.215,0.4109507882264797,76.0,10.0,1600.0,0.0,5.058400007098612,15.899053725059913,2.165541444925469,0.84875,5.9888187224566925e-05,0.503125,0.7743762301129858,0.503125,160.0,0.1,0.9949999999999999,4.4321891933495304e-08,1.0,0.0,0.0,,0.19133333333333336,0.754,0.746,0.7826666666666666,-0.5626666666666666,0.933579528744332,0.8528057118676913,0.2912144643338034,0.0001665249191780619,8.247349516566995e-11,0.0,0.9625,0.475,0.0,0.0,0.0,0.0,0.6949241027025612,0.8940795998490754,6.506057428355506e-13,7.382702598204344e-09,0.28125,0.6875,0.0,0.0,3.459423167090096,3.459423167090096,3.4594231670900957,6.685536348548556,6.597712359922971,5.765547443406643,1.0158038185708156,0.18363890205448774,0.09581491342890214,3.459423167090096,3.459423167090096,6.437213041618703,6.642668267696118,0.13868299428134012,0.3441382203587551,0.9699613853188912,0.7578997199415347,0.2313608441672754,0.6742218492922373,0.12676251402559735,0.00028469516482423896,0.6746435014806624,0.12684179014443764,0.0002848732105808521,11.925883903377333,0.548362024654679,0.09949210102721692,0.6146980331286265,0.8810783201247141,0.06534798867125075,0.20488440088477577,0.06538885670669246,0.20501253371834985,0.3184470317794551,1.0525724274231556
openml_1500_seismic-bumps,real_openml_multiclass,real_openml,1.0,3,7,42,168,0.0,0.0,,0.0,0.0,False,168,0.0,0.5976003404727875,8.998902473645623,5.377747182132034,1.0,2.321481364952841,0.0004035281343458,0.0,0.901444435658842,0.0419239590551554,1.584962500721156,0.6184995198044734,0.3270139683461771,0.6222031097434222,0.3289721358213038,1.005988023952096,1.8524150208307983,1.9854343918943247,0.3098993704826412,0.2116268890872769,0.0006517783731111,0.0006762995219203,0.1547619047619047,0.1478840267714862,0.0,0.0,3.10814878869141,0.35376142070868,9.681942922759813,0.8748937074829932,0.7982950769825872,0.3536853603338263,0.125,0.2884151073701189,0.126229362977292,0.0595238095238095,0.2373097965729027,7.0,3.0,168.0,0.0,1.6269617595034342,6.514672841515933,,0.2202380952380952,0.0319328936088002,0.20833333333333334,2.4947396185476154,0.20833333333333334,56.0,0.3333333333333333,0.8892857142857142,2.3149346316248794e-09,1.0,0.0,0.0,,0.6369047619047619,0.9166666666666666,0.9107142857142857,0.9821428571428571,-0.27976190476190477,0.6433673261889921,0.21439564926998017,0.150232052645784,0.001350185690243139,0.0006051494290903254,0.0,0.29464285714285715,0.16964285714285715,0.0,0.0,0.0,0.0,0.1713977960918988,0.40925248654496726,0.0003025747145451627,0.0009776675596667322,0.08482142857142858,0.23214285714285715,0.0,0.0,2.321774436557376,2.321774436557376,2.320748685941503,3.6085433813235825,3.032290027444738,2.711312129274417,1.1949119326961792,0.8739340345258575,0.29819355595494956,2.3212615612494396,2.321774436557376,2.839187941855394,3.363260049543172,0.5429640124274235,1.067548995423138,0.9310891514009295,0.9014444356588419,0.8717997199167543,0.9945234479291628,0.7513513716481548,0.029658246770688134,1.0004786781562836,0.755850481658024,0.029835841062728193,5.0769660333910895,0.06771874249892393,0.000805958833470358,0.8866220777877981,0.9162667935298857,0.2873477364966259,0.935066518610911,0.28906838162534826,0.940665719321156,0.011914147815504308,0.93629856865509
openml_1501_semeion,real_openml_multiclass,real_openml,1.0452,10,256,319,1274,0.0,0.0,,0.0,0.0,False,1274,0.0136857109687305,1.5770112971741987,6.85504943919689,10.81049040830115,1.0483870967741935,0.8741919850207243,0.1178563986931942,2.311284930789359e-05,0.8068359123711201,0.1166172706317782,3.3217928021207856,0.0969972589468471,0.1062474204900332,0.0970734547512044,0.1063308827213687,1.0007855459544386,2.3036202934323247,22.26671876074174,0.8109620378889687,0.1025202809772395,,,0.7200062316364387,0.1014367825114544,0.0932376907771657,0.2560511319187414,4.046802824688317,0.1290139379864305,26.719127595083613,0.9893510839911378,0.1491819624531931,0.0776540867388013,,,,,,256.0,10.0,1274.0,0.0117311308559844,5.967654407902483,7.744448282050029,,,1.596561156341879e-05,0.43328100470957615,0.6973295389925374,0.43328100470957615,124.0,0.09733124018838304,0.6741935483870968,11.16426454067496,1.016978134255682,0.013685710968623104,6.0,-0.28526035329958993,0.19073436921938583,0.8336089530151684,0.7762930077691453,0.8610580836108029,-0.6428745837957826,0.9586019465192639,0.830547694164181,0.43261933078656506,,,,0.9841897233201581,0.7114624505928854,0.53515625,0.9723320158102767,0.0,0.0,0.761478103878129,0.8804653409305262,0.0,0.0,0.6627450980392157,0.7795275590551181,0.0,0.0,0.9994861751717058,0.9105205785473762,0.2388265411067384,4.276291719588825,4.070648308514606,3.5009958218978534,0.49066923747480384,0.13838821100891474,0.02969537592729754,0.826754315171601,0.9617669660181536,3.988666193449861,4.13632055657927,0.09926435095719643,0.1869575461756956,0.9410853985919218,0.8315601425731773,0.5832691187929864,0.8159250506004544,0.06722713762892629,3.938938831480199e-17,0.8165659972230722,0.06727994763491915,3.942033048943997e-17,19.641880476162548,0.269066889694317,0.0608686665359458,0.7475079226213458,0.8896365965537184,0.030888336611722883,0.12408170544302984,0.030912600819587945,0.12417917732476114,0.15006708939540456,0.7160151260952116
openml_1508_user-knowledge,real_openml_multiclass,real_openml,5.375,5,5,81,322,0.0,0.0,,0.0,0.0,False,322,0.572945596351868,1.0411776344898978,12.366443065593176,12.875663938088303,5.421052631578948,2.582116559840427,0.002455206314802,0.0912865374165056,0.355269963633551,0.4143267950687285,2.0477813097776982,0.1226217502525331,0.0722806574358232,0.1230037494745036,0.0725058308234737,1.003115264797508,0.3151294046724969,5.532048125661633,0.7649685475942349,0.3493750018873359,0.0819700876141466,0.1053778003300757,0.2786131509117964,0.3115279271853229,0.0805549042952651,0.1331661724554435,4.259730932660616,0.4927524560773088,14.448821991424726,0.9850507310674742,0.3701669369575094,0.4934521605549828,0.3416149068322981,0.4141415496062846,0.1108578215179022,0.2204968944099379,0.4152269975469838,5.0,5.0,322.0,0.5437230902009992,1.0198670675765114,14.359539627720263,1.2459329913771922,0.6459627329192547,0.0596761417705929,0.6459627329192547,1.0272981990450565,0.6459627329192547,19.0,0.059006211180124224,0.431578947368421,0.6523441140713742,3.2876819909971062,0.5729455963429713,2.0,-0.3094038313458691,0.5466135917849314,0.7391542632975655,0.8663897542402216,0.9130321910695742,-0.1925406715126341,0.9550229263413236,0.9019180633900451,0.14199690243977608,0.315645929410403,0.050161740223517465,0.0,0.775,0.17268685746040568,0.0,0.3463687150837989,0.0,0.0,0.8857163654580055,0.9401884803420245,0.0,0.11819514028161053,0.0,0.5081451612903226,0.0,0.09479508196721312,2.58349343743153,2.583220901775323,2.5777408211190282,4.531109253084982,4.471083115490275,3.382599958515482,1.248402253037539,0.15959603430798985,0.10016549412424602,2.5828978400205673,2.583229798855686,4.403221846879243,4.510640489333095,0.11488164156363112,0.2277892617541415,0.966899106402918,0.19401371087033825,0.06615332639060961,0.2342125991565271,0.124234036173032,0.039418428315705155,0.2349422334218121,0.12462105809257416,0.03954122715781016,1.460477772450148,1.0284103198655723,0.6214832416841855,0.12338801340329747,0.42589566110059185,0.05459820786125531,0.15999771040145833,0.054768295736212474,0.1604961456363537,0.817214565975546,1.0879904240120883
openml_1512_heart-long-beach,real_openml_multiclass,real_openml,5.6,5,13,40,160,0.0,0.0,,0.0,0.0,False,160,0.4021426985536353,0.5424554059952428,0.2564844656254724,0.1391313849323385,5.625,1.3945459001073337,0.8297947044048616,0.0444585031284511,0.345529555741333,0.0961779623465429,2.1736591361258952,0.1326889484674306,0.1455098323069183,0.133523470155905,0.1464249884849494,1.0062893081761013,0.7119838107827072,34.09786164505236,0.9567550940618706,0.0219768840931713,,,0.8502383282742662,0.1041476270730944,0.6099095052973291,0.2852305980657863,3.504457369040693,0.7975426386568869,0.6000540231045443,0.9906640625,0.0637476671925348,0.0406679133929222,0.825,0.548102107918245,0.1233462177788651,0.65,0.4784671541600979,13.0,5.0,160.0,0.6770313878454166,0.5053132968866109,0.2717379128979555,,0.925,0.5772063306718529,0.99375,0.4187061467563963,0.99375,8.0,0.05,0.25,1.5429583673326093,2.6309682187730967,0.40214269854106843,1.0,-1.022601891162083,0.3438155136268344,0.350104821802935,0.14430468204053107,0.3815513626834382,-0.0062893081761006275,0.9874053121046735,0.9563262190410649,0.9255214064809707,,,,0.9651162790697675,0.8996723996723996,0.660377358490566,0.9186046511627907,0.7567567567567568,0.16326530612244897,0.9367255446782599,0.9784131856565832,0.0,0.0,0.7865853658536586,0.9167532917532918,0.3719512195121951,0.8350815850815851,2.2927560513007377,1.5223368071545618,0.0,4.364394487615993,3.6084832829960125,2.173659190705612,0.12906477474207279,0.0712025156392615,-5.4579716746161466e-08,0.9224062617590724,2.2320765071070054,3.0395289918187407,4.295331921362866,0.041423241461783,0.08751266028444471,0.46224934922977695,0.33811962829048636,0.24362961715458245,0.6186060126476857,0.08940501611141942,4.163336342344336e-18,0.6224966165008159,0.08996731181023343,4.189520847642101e-18,3.025621440725401,0.7996321352024773,0.2041070747271324,0.28252882266017904,0.4011203613716403,0.03151621895018105,0.1792979967596893,0.03171443416370425,0.1804256571166688,0.5684494037334376,1.1911016043733187
openml_1523_vertebra-column,real_openml_multiclass,real_openml,2.5,3,6,62,248,0.0,0.0,,0.0,0.0,False,248,0.3563019682963632,0.4886743752865143,1.453154501938555,0.7101193684296092,2.5,2.5846559031443324,0.0005217879875641,0.0929378734432365,0.6230523788447486,0.1921633837581522,1.4918603462795097,0.3970857373511073,0.2658300529685548,0.3986933719152817,0.2669062880008161,1.0040485829959518,1.163046276668113,3.859112807596972,0.682241423863796,0.1501998086138156,0.0113601995351676,0.0167025849586392,0.4468303571428571,0.3068034455367798,0.235625,0.2811715168273628,3.689935078916812,0.2466589930261977,1.669565379888795,0.967514308012487,0.3865811705070303,0.2466370076480815,0.3911290322580645,0.4247862785684308,0.1172587757407018,0.2459677419354838,0.4315304078304678,6.0,3.0,248.0,0.2315884668827003,0.8133152996255831,1.3583704440682778,,0.5483870967741935,0.3233856267769724,0.4838709677419355,1.3214512342570768,0.4838709677419355,48.0,0.1935483870967742,0.625,0.9621512651602164,1.888888888888889,0.35630196829205313,2.0,0.13506152278474035,0.7740718973454795,0.7903320599471056,0.810265452052111,0.8304927025173866,-0.016260162601626105,0.8956776660826703,0.6110301008941978,0.5626868304926812,0.03055934320220781,0.0033483953609190916,0.00017286004237615965,0.7890625,0.355,0.19642857142857142,0.546875,0.16,0.0,0.5694819132334911,0.7958010208278797,0.0017606277016476257,0.01695386928156345,0.2757142857142857,0.57203125,0.08,0.3534375,2.58486892219824,2.58486892219824,2.5835908078747942,3.934863167178398,3.6935477778337935,3.2506482899381277,0.8260809785396219,0.38254243348223294,0.14186610129935184,2.58486892219824,2.58486892219824,3.6591861996224377,3.862840284832027,0.21388898364572262,0.41722354027445063,0.7589324105958909,0.6230523788447486,0.4871723470936063,0.8131138612128533,0.4646659921172513,0.012488797305145084,0.8164058201651324,0.4665472309517337,0.012539359237554571,3.213208826171745,0.6152207956290874,1.559343657595454e-16,0.5551123629691774,0.6909923947203197,0.1451011372736892,0.5927400705600061,0.14568859127074865,0.5951398279306943,0.3598363416928977,1.1332548665309887
openml_1527_volcanoes-a1,real_openml_multiclass,real_openml,50.8966,5,3,651,2601,0.0,0.0,,0.0,0.0,False,2601,1.7694001102119945,1.1292536042907293,1.2680906653333532,1.4319959543951182,50.234042553191486,3.700388527696298,3.842218386531472e-05,0.8741443344731633,0.2450802097326808,0.344924793761394,0.6267410829913024,0.0484716995464458,0.0488347618963205,0.0484903425078098,0.0488535444970498,1.0003846153846148,0.1087532876258211,5.960482263158448,0.8575722755658122,0.2314737056487047,0.6619803955430124,0.103294386096929,0.717412927961348,0.2806713163134355,0.6393317565873945,0.2720090127516409,4.221980219192022,0.1185333804151744,0.7047058100640281,0.9541849532630294,0.105149391495579,0.1185717512352372,,,,,,3.0,5.0,2601.0,1.1610301303350552,0.418139154310525,0.6973665031154686,,,0.5848551447770964,0.16366366366366367,0.9928390254164196,0.16366366366366367,47.0,0.018069973087274125,0.4382978723404254,0.46577447765329916,16.95971773147536,1.769400110208593,4.0,1.4996581269786464,0.9118770875083501,0.9198931195724782,0.9112104208416835,0.9112090848363393,-0.008016032064128154,0.9911331946363291,0.9908049362610453,0.5743313910705522,0.7866563676604198,0.5968922428468935,0.4178647310557944,0.925531914893617,0.8628376763088692,0.1318206374932469,0.8441558441558441,0.7268706669854172,0.10696920583468396,0.7825681636657987,0.9909690654486871,0.5343146443744853,0.6427019298780434,0.4649357601713062,0.9039643841424634,0.40631691648822266,0.8002032034425053,3.584934324506184,3.584921300398289,3.5848432288842678,4.175700810678198,4.169107398239125,3.966607197103936,0.24148696060617114,0.03889566384906562,0.032380322924013605,3.584882264641278,3.5849278124522366,4.06785729767153,4.1724041044586615,0.03563799338653961,0.14019131222761838,0.6541526701917169,0.0943995301932028,0.01562195827281474,0.0757061416237457,0.035326081985754564,0.0041133816831526795,0.07551621132350175,0.035327954188214494,0.004168433130899834,1.0806908823655395,1.0182501669087969,0.9122023873772729,0.055010744233008765,0.3742761001924598,0.01971973183445362,0.055516111804750135,0.019748193659557163,0.055422082755858124,0.9652262771430349,1.0494705246371683
openml_1528_volcanoes-a2,real_openml_multiclass,real_openml,50.7241,5,3,325,1298,0.0,0.0,,0.0,0.0,False,1298,1.767035438038081,1.1303226849658277,1.2488335541916271,1.4115848960492976,51.17391304347826,3.3218613598527957,5.985281788466856e-05,0.8727448190819558,0.2483138788940795,0.3487687341862301,0.6316314229118345,0.0532291832414159,0.0534093970991204,0.0532702234752181,0.0534505762796132,1.00077101002313,0.1192773169405839,6.679947650723904,0.8546936532142207,0.239845502137258,0.6251720242036771,0.1116226561696318,0.7256983645980059,0.2998043615729944,0.6350439260552785,0.2815578991796529,3.858936439520925,0.1134028809153674,0.7371442235251188,0.9521451753438382,0.0945563432437056,0.1134560025992956,0.1517719568567026,0.2575753937901273,0.1870407342517906,0.1186440677966101,0.3234938572551589,3.0,5.0,1298.0,1.1629808109277788,0.4282586072460013,0.7312327340367569,,0.1825885978428351,0.5742271185938008,0.2110939907550077,0.910955473530901,0.2110939907550077,23.0,0.017719568567026195,0.28695652173913044,0.4381100043210638,16.82276397515528,1.7670354380312743,4.0,1.4996334224892822,0.9067801442705216,0.8828889031448693,0.9044706754483506,0.9075446212186011,0.02389124112565222,0.9937407666074433,0.9925954809049421,0.5777447121302769,0.7866984699643167,0.6240887579409555,0.45269596616238883,0.9428571428571428,0.9006568144499179,0.15583333333333332,0.8714285714285714,0.7695675971538041,0.12833333333333333,0.7851700965176095,0.9931681237561927,0.5827432929041758,0.7120053914754496,0.6441831683168316,0.9189244663382594,0.5261963696369637,0.8335385878489326,3.3219212339091597,3.321861317353203,3.3218015282960236,3.9293388853135567,3.919353390209532,3.7281170430396844,0.22543561378130983,0.03413935005550561,0.02409406589430141,3.321831422824613,3.3218912756311814,3.823735216624608,3.9243461377615443,0.02911670797490351,0.12978748191840772,0.6499053090843414,0.07364999006827515,0.021386337529622195,0.1110060076945232,0.043020776785141435,0.005660765244583288,0.11109159443908333,0.04305394623524564,0.0056651297513254425,1.118096129227176,1.004583970741964,0.8796329301002501,0.04751816379894867,0.36177764957630826,0.024340771014862362,0.07701339223983232,0.02435953799328554,0.07707277033716448,0.942108450421107,1.06134004998457
openml_1529_volcanoes-a3,real_openml_multiclass,real_openml,47.2069,5,3,305,1216,0.0,0.0,,0.0,0.0,False,1216,1.7513327495817628,1.1619010710118922,1.245327728761006,1.4469476218082202,47.60869565217392,3.3218545462340434,4.617225867556308e-05,0.8634134553724921,0.2445234913822162,0.3574961179172973,0.6643742501557415,0.0511150444797372,0.0463453246577663,0.0511571144751938,0.0463834689578961,1.0008230452674896,0.1102451970356099,6.514808010229767,0.8520876950144776,0.2442396053580464,0.5892753238600383,0.1002289090238787,0.6823255035671456,0.2822525541456155,0.5887549847449115,0.2655628699850786,3.884249697525702,0.1218519850564632,0.7605995276364572,0.9519205278306788,0.101979098864083,0.1218974042547447,0.1603618421052631,0.259145018863668,0.1858528085579244,0.1200657894736842,0.3251721857734654,3.0,5.0,1216.0,1.156249043486005,0.4349821621651226,0.7561821967306116,,0.1800986842105263,0.5669124021475552,0.21628289473684212,0.9377052022300029,0.21628289473684212,23.0,0.018914473684210526,0.2782608695652175,0.4926155089730039,15.704813664596273,1.7513327495745616,4.0,1.4995747615460722,0.9021366741673255,0.8725374526140811,0.8988485475075514,0.898852601917736,0.029599221553244348,0.994751413307964,0.9914411045446445,0.5700705671908243,0.6946269287431085,0.6226504089153375,0.4248621338919588,0.9206349206349206,0.853448275862069,0.16100178890876565,0.8142857142857143,0.7278325123152709,0.13059033989266547,0.7807558358677344,0.9930962589263043,0.5431058230978658,0.6657965873007584,0.4962389380530974,0.8799719887955182,0.40575221238938053,0.7969066937119675,3.3219066553526773,3.3218382567803397,3.321818726569114,3.9584889841854696,3.950639969176883,3.743620139214754,0.24266076629366484,0.03557253775919822,0.027703992539386046,3.3218284916747267,3.3218724560665085,3.8471300541958184,3.9545644766811763,0.03163826514929213,0.13911665202643153,0.6561882342843365,0.0651973251374201,0.012184914724892163,0.10228462038907435,0.03910025997303091,0.011960253077106594,0.10236880526182252,0.039132441256959326,0.011970096906799682,1.1068881843724423,1.0087547535292032,0.8868261979008232,0.038691119931156134,0.3606927797108783,0.025530256525068754,0.07069244018105263,0.025551269081879505,0.07075062325939092,0.9477904757150132,1.0578214689508227
openml_1530_volcanoes-a4,real_openml_multiclass,real_openml,47.069,5,3,303,1212,0.0,0.0,,0.0,0.0,False,1212,1.752597607184421,1.0761183233165588,1.046091601934876,1.1257183407096918,47.47826086956522,3.321857830883054,9.160486087093328e-05,0.8641542857210364,0.2406706719175445,0.3240431193004527,0.6613370517976574,0.034357169123875,0.0530604487990688,0.0343855400314918,0.0531042641985726,1.0008257638315443,0.0958499965671132,6.499471325887801,0.8684041207962201,0.208166841450516,0.649149692358131,0.1616235505704289,0.8398186255608749,0.201473134865803,0.7357947122833717,0.2173133156493759,3.881442444884192,0.1056861239340875,0.6115298877326957,0.9566954220174492,0.101752437796519,0.1057429418185111,0.1740924092409241,0.2701430037405283,0.1915267669620053,0.1369636963696369,0.3439509432530903,3.0,5.0,1212.0,1.1588955893740298,0.3837750032956619,0.6044490675040095,,0.2021452145214521,0.6188813152026863,0.22854785478547854,0.8448790460577493,0.22854785478547854,23.0,0.018976897689768978,0.21739130434782614,0.31015877340362774,15.898832616658705,1.752597607177191,4.0,1.4994762504030361,0.900990099009901,0.8737623762376238,0.9034653465346535,0.9018151815181518,0.027227722772277252,0.9929319020845064,0.9841937548154398,0.6280867054887138,0.8201554564069437,0.7023934218569876,0.37824975997493354,0.971830985915493,0.882926412933351,0.27906976744186046,0.9154929577464789,0.7902554638876828,0.16815742397137745,0.8061402301520768,0.9885628284499731,0.5132687520360697,0.7918012593059269,0.8691635398554041,0.9173381494859684,0.7266411820921855,0.8487321973741596,3.3219202507607797,3.321900575455099,3.3217526664332824,3.946382085516374,3.938452729050235,3.759492520085967,0.22376478247247,0.044784898202521184,0.036707632714565896,3.321826620944191,3.3219104131079393,3.848972624568101,3.9424174072833047,0.04074626545854354,0.1342748403374956,0.6137858729438902,0.07845908213035435,0.02976706067838893,0.09553808204773877,0.006609800263576356,0.0009236250603100606,0.09561697394042892,0.006615258397567755,0.0009243877564787728,1.0966120537308677,1.0009530503918946,0.9049121873718711,0.05411307140437164,0.3461224775371223,0.0037667126619432083,0.05107394115565756,0.003769823077023264,0.05111611616899834,0.9529326188818829,1.0487825520613812
openml_1531_volcanoes-b1,real_openml_multiclass,real_openml,376.5769,5,3,2036,8140,0.0,0.0,,0.0,0.0,False,1998,1.905647921935876,1.1234860160125717,0.6422326937550709,0.7215394504599064,372.95238095238096,3.584919953412168,3.463849783106182e-05,0.9519924517416268,0.1811526510873129,0.2451667036625902,0.2894111862834335,0.0156154140408793,0.0092944901457363,0.0158735289220765,0.0095278816793437,1.0159782456246516,0.0401389420878101,7.463969541757709,0.9272632819084956,0.1225458583019339,0.3791083896668057,0.1846060888558638,0.6525272129818414,0.1084994433974075,0.3817392510031584,0.1939260975401073,3.8355567067796703,0.0337644854911911,0.2776407100809233,0.9628662696730764,0.0387744329159306,0.0337963876378333,0.076076076076076,0.2101388070836409,0.1486164971990064,0.05005005005005,0.2181028444877736,3.0,5.0,1998.0,1.597166134634859,0.2186622741574458,0.2741056972181059,,0.087087087087087,0.7820979595294428,0.10960960960960961,0.7295611247311746,0.10960960960960961,21.0,0.0025798525798525797,0.2285714285714286,0.7650910705268168,70.51825818683707,1.9056479219347058,4.0,1.4990496420864325,0.9639278557114227,0.9438877755511021,0.9599198396793587,0.9599198396793587,0.02004008016032055,0.9984144377044474,0.9976151421870035,0.7857602658340357,0.760269133098539,0.34282500127513893,0.16781192094832262,0.8727272727272727,0.6500055315853523,0.4535603715170279,0.7636363636363637,0.37951496388028894,0.1026438569206843,0.8916877040105196,0.9980147899457255,0.2725739722914272,0.4440165415289652,0.6034024029518494,0.6828007518796992,0.3347402597402597,0.44107551487414187,3.584955995579937,3.5849169505551717,3.584886914101395,3.8566515897327047,3.853404597936937,3.7966139326693704,0.07775324919400006,0.020923538901667982,0.017646510652123748,3.5849019323282834,3.5849364730675544,3.8250092653031538,3.8550280938348207,0.019285024776895865,0.04933839404783402,0.4638272952140086,0.05315687168832407,0.02647378635960629,0.025939095180292956,0.012993997228733109,0.007913149713612094,0.026505352914297647,0.013007875737683142,0.008107358114248814,1.0605468255605972,1.0047105764542983,0.9826773348590606,0.03981532902396518,0.25849208345116637,0.010453573471172602,0.019466546204513033,0.010557616925965978,0.019756614325990393,0.9936939556566795,1.0326287010074477
openml_1532_volcanoes-b2,real_openml_multiclass,real_openml,395.5769,5,3,2134,8534,0.0,0.0,,0.0,0.0,False,1997,1.910579946885396,1.1608973955575237,0.7343080219891395,0.8524562702641888,391.8095238095238,3.5849012689872803,8.406342925705526e-05,0.9553205362269108,0.1931060679298404,0.280860553085663,0.272385387870281,0.0278659981538955,0.0155024064442168,0.02722691785775,0.0147882006669043,0.9832747097315554,0.0611246390633362,6.141282076257411,0.90984222596204,0.1522262491816183,0.3251727510754254,0.216970454705868,0.6219396133953211,0.2290870359837283,0.3834765546665627,0.2830833185888958,3.812933477099976,0.0440420541855021,0.3672463474915051,0.9610670387153089,0.0443531797575852,0.0440893670599203,0.0645968953430145,0.2036157481287427,0.138905593647048,0.043565348022033,0.2041770896278506,3.0,5.0,1997.0,1.5934818970625089,0.2696351609731415,0.3650147429938612,,0.0711066599899849,0.7309611105580656,0.09213820731096645,0.9241379355352953,0.09213820731096645,21.0,0.0024607452542770095,0.2285714285714286,0.8777976424116442,74.46190670514278,1.9105799468842763,4.0,1.4991345926833057,0.9679585838343353,0.9479331997327988,0.9592852371409486,0.9572825651302604,0.020025384101536536,0.9981570298809295,0.9973024614851157,0.7340671865200746,0.6735118104430255,0.28451713969029113,0.0466704602459418,0.8653846153846154,0.6674243113010274,0.29411764705882354,0.75,0.3168469860896445,0.0,0.8656848240025952,0.9977297456830225,0.1498999837439817,0.5067502577215226,0.4082018379401651,0.8221496030659732,0.19835841313269492,0.6538461538461539,3.58495617205541,3.5849431420518143,3.5848044928546163,3.8385445358107124,3.8381773602323865,3.7620785352568293,0.09526302466886172,0.019012520492510898,0.018783994111382984,3.5848738174532153,3.5849496570536123,3.800127947744608,3.8383609480215495,0.01889825730194694,0.05713777258068631,0.5171142813103581,0.04321222655701156,0.018991695922152264,0.04412933243313339,0.026211411695650017,0.013257250332903151,0.04272352532220444,0.025690075047407057,0.01326715320363871,1.0222840630977164,1.014710432174204,0.9128296339227454,0.031101961239581914,0.2801632539336848,0.019734331014276584,0.035170372064391706,0.019478614125522882,0.03420680018480575,0.9637700330484746,1.0184972476359602
openml_1533_volcanoes-b3,real_openml_multiclass,real_openml,400.24,5,3,2078,8308,0.0,0.0,,0.0,0.0,False,1996,1.908746137183279,1.1332860020414903,0.7123500415332076,0.8072963306232586,400.2,3.584901572909899,5.916874254398802e-05,0.9546276881552338,0.1797610409606072,0.243032369440278,0.2760822075583171,0.0206971222456469,0.0232840931140416,0.0209095056593327,0.0236875005735068,1.0031140625242394,0.0531090496719709,7.100476081503424,0.9281568985093815,0.121023942993057,0.3001536466558273,0.2038589020128753,0.5787827620692162,0.2205771011183068,0.3426516840685913,0.2743467464339219,3.82210156969963,0.0332085706939489,0.2718876075968744,0.9551964650744376,0.0388822107685856,0.0332561852383775,0.0711422845691382,0.2023058793659075,0.1485444001645142,0.0465931863727454,0.210818709212566,3.0,5.0,1996.0,1.623319072363869,0.2150715607332349,0.2684352959141471,,0.0896793587174348,0.7856589643912878,0.10771543086172344,0.8542817797628185,0.10771543086172344,20.0,0.002407318247472316,0.25000000000000006,0.6750987893634313,74.06800858606842,1.9087461371821304,4.0,1.4991224661916176,0.9672678690714762,0.9492317969271876,0.9639278557114229,0.9645958583834334,0.018036072144288595,0.9982132804441955,0.9978467684972812,0.788410646586668,0.6337556352638577,0.23489961515664723,0.041253729266025045,0.8888888888888888,0.6431742508324084,0.23212435233160622,0.7407407407407407,0.31788143013061154,0.0,0.8931287075419746,0.9980300244707383,0.16272308163779536,0.47778375944454693,0.3905038759689923,0.7163474522556288,0.12998787143723467,0.585892265591243,3.584956710647189,3.5849089441691744,3.584839063913333,3.8414209638247887,3.8411277563695174,3.783755988904584,0.07728292930092184,0.019793515102132453,0.019570187902702596,3.5848740040412537,3.5849328274081818,3.812441872637051,3.8412743600971533,0.019681851502417524,0.04853822220152715,0.4600294664628182,0.0519532163925547,0.02730044002644834,0.04751070451915764,0.008999964516851497,0.00558069770093155,0.048191422021907966,0.008962791589434017,0.005574303366656257,1.0626721808469661,0.9859917827104034,0.9606782240153491,0.039626828209501516,0.2559913414276864,0.007290331108891523,0.02825533451800457,0.007268547478045137,0.028577106805670993,0.9733350033628763,1.0243319817786847
openml_1534_volcanoes-b4,real_openml_multiclass,real_openml,377.1154,5,3,2038,8152,0.0,0.0,,0.0,0.0,False,1998,1.9057864765483568,1.1036547709766846,0.6808520553512196,0.7514256192176553,373.5238095238095,3.584938595679328,2.3037800874486764e-05,0.9519924517416268,0.168681242407044,0.2449368122919281,0.2894111862834335,0.0083419345989347,0.0030630938218013,0.0082465757003968,0.0030447469425671,0.988206918725203,0.0211662882664685,7.859213915481987,0.9316399963037018,0.1157611080775335,0.348958598722,0.2430294455065669,0.6133422995066276,0.1907952020672221,0.4175837908457774,0.2272500143972137,3.837525337508677,0.0319426205438156,0.2571358001973821,0.9636440745049354,0.0368244444540843,0.0319564795020023,0.0735735735735735,0.2145403242967536,0.1497498058761852,0.05005005005005,0.2181028444877736,3.0,5.0,1998.0,1.5971002181349154,0.2053481686514143,0.2549187470830566,,0.0960960960960961,0.7951014147506708,0.11561561561561562,0.709889549798378,0.11561561561561562,21.0,0.002576054955839058,0.2571428571428572,1.0767170946835067,70.63443325463219,1.905786476547188,4.0,1.499052413295734,0.9626172344689378,0.9472585170340682,0.9612758851035403,0.953938543754175,0.015358717434869606,0.9984890493996142,0.9984603560017445,0.7979705835097463,0.7983574425606382,0.2616095799827431,0.0654529888292377,0.8909090909090909,0.5479876160990712,0.3421461897356143,0.7636363636363637,0.3351393188854489,0.15789473684210525,0.8982154697557454,0.9984747027006794,0.18182666680888768,0.5077047109684302,0.4902745995423341,0.7936849410131852,0.26144164759725397,0.589803707742639,3.584955995579937,3.584947321940981,3.5849124695170644,3.858088907397697,3.8537612014469524,3.8007259036813803,0.07364127818199018,0.020562454353545423,0.01626960082671758,3.5849298957290228,3.584951658760459,3.827243552564166,3.8559250544223245,0.0184160275901315,0.0471018662677678,0.4507057347328133,0.0461265505790453,0.009211441909273166,0.01053888997343076,0.009643995199865646,0.004842918623507917,0.010496766008904252,0.009460917791699434,0.004782043300586743,1.0083713443893778,0.9900854212648951,0.9661639905213363,0.027668996244159232,0.2484161426559293,0.007243456911686781,0.010091442586648203,0.0071214805461430886,0.009978841900301842,0.9781247058931157,0.9992283828271364
openml_1535_volcanoes-b5,real_openml_multiclass,real_openml,369.1923,5,3,1998,7991,0.0,0.0,,0.0,0.0,False,1998,1.9026483638312612,1.1256529771587596,0.6387101509410371,0.718965982948299,365.6666666666667,3.584902571387813,5.021714225523952e-05,0.949974310236426,0.1829057059434717,0.2425847152500048,0.2992389684226096,0.027463648319892,0.0036767919580931,0.0268386141657216,0.0036524442677884,0.9770365410033928,0.0472113464086092,7.081343271502139,0.927831045563428,0.1202806199664392,0.2612923166435874,0.1618473594291851,0.6096580347448279,0.2482610773086043,0.3492414262428415,0.281626933198996,3.841884166180923,0.0349987140193863,0.2763389370950541,0.9697430162895628,0.0422573736294996,0.0350472453244757,0.083083083083083,0.2236158647103471,0.1517986519926402,0.057057057057057,0.2320096775642622,3.0,5.0,1998.0,1.6034362033156266,0.2180581799458911,0.2722786449636789,,0.0960960960960961,0.7828106776009148,0.12462462462462462,1.0174692865916068,0.12462462462462462,21.0,0.0026279564510073832,0.24761904761904768,0.8332639228222833,68.70969089390144,1.902648363830071,4.0,1.4989867941470059,0.9619492317969272,0.9305851703406814,0.9532718770875084,0.9519358717434869,0.031364061456245707,0.9985621049967103,0.9959800822763243,0.7889509494172496,0.4988375478470573,0.2816464112650627,0.05184939062059217,0.9214876033057852,0.6916666666666667,0.11370716510903427,0.7944214876033058,0.25638774104683193,0.021806853582554516,0.8924655158467869,0.9972710936365172,0.12218238374688331,0.3521969567950211,0.4829028925619835,0.7791913558731265,0.13324468085106383,0.5905166635386224,3.584955995579937,3.5848953824356626,3.584856336147839,3.8667535275614684,3.8570365500572845,3.8018624209240155,0.0823325430785311,0.02709780080098767,0.01734177700898032,3.584875859291751,3.5849256890078,3.82944948549065,3.8618950388093767,0.022219788904983995,0.05471517193975939,0.4626106977239262,0.0561368736360501,0.029969546470439364,0.03016635466621908,0.028947843225538294,0.023276747067918838,0.029469827086695502,0.02837745827455199,0.022668557135917405,1.011338873767374,0.9965790212775394,0.9231917279652637,0.04305321005324473,0.25937378567998814,0.026112295146728567,0.029557098945878685,0.025523007705234697,0.028923642680623744,0.9598853746214016,1.0039589475224568
openml_1536_volcanoes-b6,real_openml_multiclass,real_openml,374.8462,5,3,2026,8104,0.0,0.0,,0.0,0.0,False,1998,1.9055391064369331,1.121896383255964,0.8284575858186806,0.9294435692109452,371.2857142857143,3.584925614989153,2.8449823686813727e-05,0.9519924517416268,0.1826025235875471,0.2621995349619268,0.2894111862834335,0.0218962581894062,0.0081111603161507,0.0222185382746273,0.0081473782028519,1.0155602234436705,0.0450255331049579,7.484404086265954,0.9210086275676777,0.1337943986186067,0.4147051500650575,0.1410548092003048,0.7135305056074216,0.1251029666070395,0.4394802630209952,0.2069229344863256,3.835668233548604,0.0349217712536494,0.3092391660673204,0.967752787822858,0.0386685677239834,0.0349475307745933,0.0705705705705705,0.2199839548849965,0.14833780941343,0.051051051051051,0.2201569895471549,3.0,5.0,1998.0,1.5934736219901509,0.2375282371301234,0.3060099273378137,,0.0915915915915916,0.7632261874886141,0.11261261261261261,0.8809342892841215,0.11261261261261261,21.0,0.0025913129318854886,0.24761904761904763,0.7879956551385726,70.44198746973777,1.9055391064357576,4.0,1.4990382557130877,0.969939879759519,0.9445557782231129,0.9625918503674015,0.96125584502338,0.025384101536406134,0.9995908728106698,0.9969110991740825,0.7665239107182807,0.6113554904761155,0.3806781386751006,0.17307384706601098,0.8928571428571429,0.6924776775698838,0.5263157894736842,0.6909090909090909,0.5422741345341964,0.09279419388284085,0.8817175049461816,0.9982509859923762,0.32246827525940236,0.5481054487382906,0.6284439194456646,0.8314405666572848,0.2448512585812357,0.5680116321337695,3.584955995579937,3.5849212486138264,3.584899600773698,3.8574919112035304,3.854121772765746,3.795391016676535,0.0789761651868357,0.0201890142913852,0.01684052369372946,3.584910424693762,3.5849386220968817,3.8247563947211405,3.8558068419846383,0.01851476899255733,0.04958258973911045,0.4840547863586061,0.05623816732016129,0.007514617083874205,0.028795790250628256,0.023931769241716846,0.012961215075873531,0.028949052560384343,0.02454581173484811,0.013160750528649528,1.0529618609021378,1.0281345828586879,0.9655842265701848,0.03187639220201775,0.2701464768393837,0.018446492158795187,0.02636377974617255,0.01885328113174882,0.026747432147616226,0.9968594047144363,1.040548221880413
openml_1537_volcanoes-c1,real_openml_multiclass,real_openml,392.8873,5,3,5726,22900,0.0,0.0,,0.0,0.0,False,1997,1.936208249527419,1.1895433232497763,0.7972994084418243,0.9484221879429686,391.49122807017545,3.584867864090292,8.500225976541476e-05,0.9685770579344168,0.1529794597219415,0.1864688737701614,0.208490451345444,0.017803532220478,0.0060578650814784,0.018005810599713,0.006234516974276,1.0100395436259897,0.0349789704360412,6.593743924851299,0.9534406028957952,0.0761200688245945,0.2928061258694759,0.1312907267051318,0.5727673059085753,0.2229237559896942,0.2828096070104428,0.2660344063017867,3.761738881359799,0.0174806033181015,0.1607138168692689,0.9569063159085148,0.0316194340759367,0.0175509930694302,0.0545818728092138,0.200088737684538,0.1372662542089175,0.0395593390085127,0.1949703387059528,3.0,5.0,1997.0,1.455276857932979,0.1397494270606762,0.1555693681059475,,0.0671006509764647,0.8609427750030993,0.07661492238357537,1.1504218919629152,0.07661492238357537,57.0,0.0024890829694323145,0.24912280701754386,0.8136435236148295,85.82468719101598,1.9362082495269963,4.0,1.4997183137351964,0.9772879091516365,0.96125584502338,0.9686038744154977,0.969939879759519,0.01603206412825653,0.9992073961894536,0.9955442461228724,0.86557016637506,0.557493522601169,0.3000991037999471,0.10636987514310874,0.8707551951343132,0.5699797160243407,0.04149590163934426,0.7627977698935631,0.23770549574471833,0.0,0.9305572062489662,0.997375821156163,0.23996668982966343,0.30772886230748847,0.5289689870681183,0.7166666666666667,0.038447745901639345,0.4987745098039216,3.58495617205541,3.5848608134989215,3.5847866067165435,3.7742473761604667,3.769204133248108,3.741765134670822,0.051681488730031866,0.02407292481387957,0.019103888683898784,3.5848237101077327,3.5849084927771657,3.755484633959465,3.7717257547042875,0.021588406748889177,0.03787720677195572,0.3669137890294669,0.06710063172417902,0.024923958412178426,0.023803124602306443,0.017918442722709392,0.0116890293364182,0.02422174014993553,0.018042820669102063,0.011752870980101582,1.0500465232101963,0.9948432943289293,0.985228813338845,0.04601229506817872,0.21700721037682297,0.014803736029563797,0.020860783662507917,0.014897845824601822,0.021132280409518797,0.9900360538338872,1.0224449087695628
openml_1538_volcanoes-d1,real_openml_multiclass,real_openml,147.5893,5,3,1751,7002,0.0,0.0,,0.0,0.0,False,1997,1.8607317910465777,0.9706305404475212,0.5023104414877221,0.4875578552936606,146.9111111111111,3.584906951713088,4.283984787176092e-05,0.9280645773721812,0.1441342818468187,0.1735577062661865,0.4026273835965565,0.012823081730751,0.0094708756846654,0.013085130344712,0.0096781759747565,1.0199623531973587,0.0273342747420942,11.082791761093247,0.959274476028499,0.0661325734710439,0.4174278380211356,0.1303080678072768,0.7324163989008295,0.1250012349912476,0.5382875279496361,0.1959831365635665,3.9512052774083664,0.0340320299164687,0.1384364033736903,0.980660023585704,0.0363290579012773,0.0340748667739503,0.1306960440660991,0.2662879787413264,0.164801737046095,0.0886329494241362,0.2842843984716585,3.0,5.0,1997.0,1.34491055218405,0.1225686284192543,0.1340941129396127,,0.1657486229344016,0.8779460230253259,0.1927891837756635,0.7313499203241162,0.1927891837756635,45.0,0.006426735218508998,0.2844444444444444,0.3638419499743607,36.95226486878661,1.8607317910452492,4.0,1.4986575070851316,0.9458917835671342,0.9071476285905143,0.9378757515030061,0.9365397461589847,0.03874415497661987,0.9985672699699922,0.9963341151747878,0.8829220429407166,0.6627996454622799,0.4013114993991329,0.22606997705198087,0.9515713549716641,0.7102403343782654,0.5538461538461539,0.910355486862442,0.45282131661442004,0.3409090909090909,0.9396280790577523,0.99745069257239,0.3509499213180199,0.4369875942864505,0.6824162679425837,0.8234605575995856,0.3908198380566802,0.6861523284512954,3.58495617205541,3.5848866160000123,3.5848780670838405,3.974526828035818,3.966935340298023,3.9121536638912593,0.07542989176070725,0.020578659298545965,0.012978622644578941,3.5848823415419266,3.5849213940277114,3.939544502094641,3.9707310841669203,0.016778640971562453,0.048004275529626605,0.34385893030919645,0.05858370110881265,0.029960214122447273,0.02375891638287283,0.007411080238553057,0.007299248570827188,0.024260459657170767,0.007530651030599433,0.007464280346366002,1.0496898119836011,1.014284004648845,0.9959132429596301,0.044271957615629964,0.20122131570900456,0.0073551644046901225,0.015584998310712942,0.007497465688482717,0.0158955553438851,1.0050986238042376,1.031986908316223
openml_1539_volcanoes-d2,real_openml_multiclass,real_openml,154.8214,5,3,1835,7337,0.0,0.0,,0.0,0.0,False,1998,1.8633252595515064,0.9685768684156048,0.4684062766534579,0.4536874845872197,154.11111111111111,3.584940106828791,1.3924863734859324e-05,0.9287953596129572,0.1434557139497128,0.183757861328488,0.4001107757169783,0.0302770384695046,0.0296021933677837,0.0305665218670549,0.0296216264003614,1.0177925651384527,0.074361856631802,9.367406122505246,0.9569472746418228,0.0708948675404867,0.4852738177054972,0.1613192737967039,0.7564740728814916,0.0956324872931473,0.6042181097576067,0.1435718253976707,3.942337801626207,0.0385647795022128,0.1475826038874967,0.9817372427482538,0.0427130809195632,0.038578541865464,0.1226226226226226,0.2708856815245563,0.1634147918944121,0.0890890890890891,0.2849436090906646,3.0,5.0,1998.0,1.356691295773378,0.1292725287945051,0.1447618232987651,,0.1561561561561561,0.8710853360553868,0.2047047047047047,0.7421496406342062,0.2047047047047047,45.0,0.006133296987869702,0.2711111111111111,0.335874675705358,37.443963338408025,1.8633252595502363,4.0,1.4987891101814919,0.9459278557114228,0.90187708750835,0.9359185036740149,0.9365865063460254,0.04405076820307274,0.9983603367870868,0.9973946555977568,0.8750868315406252,0.7908015198669235,0.4457124831082136,0.25038119415999605,0.8722966014418125,0.7602441150828247,0.5950759559979046,0.7986611740473738,0.6441676663608779,0.33280757097791797,0.936240743569191,0.9978774961924217,0.4253962853591834,0.5914443073307998,0.690690274151436,0.8277848911651728,0.4996219758064516,0.6823783610755442,3.584955995579937,3.584934298458907,3.5849300264475294,3.964643805736277,3.964562544455082,3.8978070546872603,0.08725971660965515,0.020482529720803555,0.020396996428230896,3.584932162453218,3.584945147019422,3.931184799571171,3.9646031750956796,0.020439763074517225,0.05387112316522935,0.3556063057077654,0.040704032451275976,0.0340568036900969,0.06416647036361467,0.017194919654498823,0.00946972539040034,0.06448760106555793,0.017408749695514703,0.009803214840092335,1.0819767790534278,1.035096568704125,0.9363043476578056,0.03738041807068644,0.1981551690795207,0.01333232252244958,0.040680695009056744,0.013605982267803518,0.040948175380536314,0.9857004581809652,1.0585366738787765
openml_1540_volcanoes-d3,real_openml_multiclass,real_openml,151.2241,5,3,1857,7428,0.0,0.0,,0.0,0.0,False,1997,1.8619662499710763,1.1068632433939116,0.4881483900740311,0.5403135102948584,152.54347826086956,3.5849315449291344,2.3930889461683112e-05,0.9287578286598712,0.132722716147551,0.1903625779399633,0.4009726452962781,0.0526705781813439,0.0040759808388171,0.0523039355246432,0.0044143682690503,0.9927443291168276,0.0924827536224835,10.321313913752558,0.9577406399329322,0.0705809764347989,0.652742906466341,0.1408883281605669,0.8116054064900207,0.0760936964397873,0.6449910428042431,0.1890885563579684,3.947055197873576,0.0353155059635946,0.1428946900257464,0.983800437762302,0.0388489923518366,0.0353364388636886,0.1352028042063094,0.275905088247339,0.1698924692859291,0.0976464697045568,0.2969103918109577,3.0,5.0,1997.0,1.3567774143495352,0.1253217803046474,0.1416349257995766,,0.1637456184276414,0.8748345175068308,0.19128693039559339,0.7155710361146557,0.19128693039559339,46.0,0.006192784060312331,0.26521739130434774,0.2794454522550568,36.76006405351682,1.861966249969823,4.0,1.4988202474912915,0.9459278557114228,0.9125517702070809,0.9379185036740147,0.9412571810287241,0.0333760855043419,0.999154165873369,0.9978233837576798,0.8762443701677478,0.9106848060252039,0.6291288385645517,0.497459647788046,0.9210526315789473,0.7981615904612238,0.71875,0.868421052631579,0.6587301587301587,0.25,0.9370338769627138,0.9984887748155244,0.5323510072357759,0.7494641062094386,0.7432345549126191,0.8717407814368355,0.5335112482833803,0.795411645128503,3.58495617205541,3.5849300856720085,3.5849083770599854,3.968679354939875,3.9661844258390366,3.9063018128418165,0.07962700450987148,0.019696596517226883,0.017223376028411508,3.5849192313659968,3.584943128863709,3.9362431193404266,3.967431890389456,0.018459986272819195,0.04966180051354918,0.3522261180760023,0.033050870654813505,0.012891159711836903,0.056312324640607495,0.053431735517611025,0.04826767438581343,0.05606018433850431,0.05340986764383197,0.04744175459159362,1.0993302041929016,0.9451652469582799,0.9337375361993018,0.022971015183325203,0.1926384943654079,0.05084970495171223,0.05487203007910926,0.05042581111771279,0.05473502599116814,0.9394513915787908,1.0222477255755908
openml_1541_volcanoes-d4,real_openml_multiclass,real_openml,145.7679,5,3,1731,6923,0.0,0.0,,0.0,0.0,False,1998,1.858421035024688,1.0051127356134444,0.5232886935444996,0.5259641302840974,145.11111111111111,3.5849010417247658,5.646587319173229e-05,0.9260197351074914,0.1474100075487274,0.1780635510891576,0.4120022157839146,0.0193399986043533,0.0159631413908952,0.0195295287929725,0.0162698223994589,1.010259998528113,0.0536782560250199,10.109927371921597,0.95724267789793,0.0690052409725149,0.4854874873050929,0.1839745038504473,0.7785179972363789,0.0932096089636235,0.6273656927211344,0.148138042428623,3.9561510146262857,0.0351062577659791,0.1463029828123602,0.9813239165091016,0.0407522428823942,0.0351534236166135,0.1351351351351351,0.2708133873982894,0.1686973477184109,0.095095095095095,0.2934196800300029,3.0,5.0,1998.0,1.3449507884555387,0.1286023874295097,0.1421459504114667,,0.1586586586586586,0.8719170078178666,0.2002002002002002,0.70928849400315,0.2002002002002002,45.0,0.0065000722230247,0.2577777777777777,0.3090337345788613,36.20840341082717,1.8584210350233459,4.0,1.4986377186288529,0.9451875638827856,0.9037445708015764,0.9378328276365315,0.9371661663353481,0.041442993081209134,0.9971848141991514,0.9969808434758296,0.8775623760188094,0.8738549861380451,0.419574889230265,0.27673846366746374,0.9375,0.7472636815920397,0.669826224328594,0.8625,0.6043292949478549,0.46875,0.9372716097473195,0.9970828288374904,0.3788134817996069,0.5812251060674053,0.7204171025104602,0.8160270442027961,0.4900210637177462,0.7206803417596385,3.584955995579937,3.5849039531203757,3.584843176473984,3.9769194472008023,3.975915653883305,3.9156179427947504,0.08134026856910115,0.020929738374593665,0.01998672170348792,3.5848735647971797,3.5849299743501564,3.9457667983390277,3.9764175505420534,0.020458230039040792,0.05113500347184741,0.3527820208426984,0.05329023363071411,0.03615776817277016,0.03409555852670259,0.021529191602228,0.0023952456841293277,0.034830039149790014,0.021320031424487,0.0024385158046406163,1.0684485406277218,0.9996569509675522,0.9626745039890656,0.04472400090174214,0.20303612723670625,0.011962218643178663,0.027812375064465295,0.011879273614563809,0.028075035287138506,0.981165727478309,1.034052745797637
openml_1542_volcanoes-e1,real_openml_multiclass,real_openml,120.3333,5,3,237,946,0.0,0.0,,0.0,0.0,False,946,1.7894392167316795,0.9125982825679672,0.5981908000684413,0.5459078967904177,123.71428571428572,3.169874994549026,3.842966279013685e-05,0.8854477613230232,0.1828430537400935,0.2238291543680934,0.5671158114515662,0.018360878885019,0.0115197241375201,0.0183803083864847,0.0115319143217926,1.0010582010582014,0.0357697820093603,8.900630578609961,0.9341600609391724,0.1008471967058952,0.4680377028531545,0.2090540280729762,0.7315446362304431,0.1623069936505062,0.5406535418948483,0.2229000565267042,3.673274442711179,0.0447826158609607,0.247335517555063,0.9655196688851244,0.0637163632894125,0.0448062837369578,0.1712473572938689,0.2876563990699163,0.1837480845681944,0.1226215644820296,0.3281758118955706,3.0,5.0,946.0,1.4224487812074549,0.2004937275932798,0.241042682719703,,0.2019027484143763,0.8007294201565464,0.24735729386892177,0.7327448979734446,0.24735729386892177,7.0,0.007399577167019027,0.19999999999999998,0.312630441875002,26.38185735832795,1.7894392167222217,4.0,1.4964393167631196,0.9154343312571159,0.8699785680798339,0.9027526622463332,0.9027493135088073,0.04545576317728206,0.9955802529071993,0.9891285917963701,0.8177713381139472,0.6960206499488774,0.5692102672928743,0.1910297890371949,0.9107142857142857,0.75,0.41924398625429554,0.8214285714285714,0.507361268403171,0.23711340206185566,0.9034499649551586,0.9923544223517847,0.24171141054510667,0.6293150605545309,0.6543035107587769,0.8681531176006314,0.375,0.7345063025210085,3.169904044392536,3.169889519909991,3.169831419344549,3.701359838911654,3.6968334809212124,3.621630008300671,0.1153898475434314,0.040113749874902904,0.03564549244990323,3.1698604696272703,3.1698967821512634,3.659231744610942,3.6990966599164334,0.037879621162403065,0.07775179870916715,0.44071072244382903,0.06899860052567501,0.038819838250776735,0.027935397085039997,0.021570525132245503,0.00557671443777174,0.02796495835179666,0.021593351084766392,0.0055826157228910794,1.0392178826606564,0.9956661771024972,0.9682905434114503,0.053909219388225876,0.254854661484752,0.013573619785008621,0.02475296110864275,0.013587983403828736,0.024779154718281526,0.9819783602569737,1.0174420298815767
openml_1543_volcanoes-e2,real_openml_multiclass,real_openml,123.0,5,3,216,864,0.0,0.0,,0.0,0.0,False,864,1.7784889588300468,1.0969412180848688,0.8158517231961122,0.8949413830193825,131.16666666666666,3.169884414375216,5.591577667702775e-05,0.878792881709902,0.1774408175965115,0.2319961833621458,0.5841824932093994,0.0245594172145566,0.0022426982187244,0.0245878754036812,0.002245296942037,1.0011587485515638,0.0427056620053677,8.47485259910327,0.9333668492204816,0.1091516591650432,0.3856122361419313,0.2410295325359679,0.5983960150380425,0.2409214052416907,0.4332977516471287,0.2300664064656023,3.685135621007287,0.0571773277485065,0.251027260776708,0.9678605109739368,0.0689312865773278,0.0572070232124411,0.1736111111111111,0.2966082371673527,0.170281117347257,0.125,0.3309104684394668,3.0,5.0,864.0,1.446782939023,0.2021001894371601,0.2469790548156495,,0.2129629629629629,0.7987022087166004,0.25462962962962965,0.8008573247363537,0.25462962962962965,6.0,0.006944444444444444,0.19999999999999998,0.25356455486768253,27.359512195121955,1.7784889588197548,4.0,1.4946190175349678,0.9108796296296297,0.8726851851851851,0.8969907407407408,0.8969907407407408,0.03819444444444453,0.997048188978165,0.995720658603864,0.8073317000794153,0.7106731583269619,0.45747211902813545,0.07988776676758878,0.875,0.6416494133885438,0.16897856242118536,0.75,0.41666666666666663,0.04791929382093316,0.9015261793416397,0.9963844237910146,0.1426383396735761,0.5732125241733699,0.49544072948328266,0.7950955943474647,0.29407294832826747,0.6122653812329081,3.1699250014423126,3.1699076075243386,3.169820634158996,3.724771041011638,3.7110456041381483,3.619590217872075,0.13451727677963676,0.04295752323024704,0.029319059722099805,3.1698641208416674,3.1699163044833254,3.6653179110051117,3.7179083225748935,0.03613829147617342,0.0887374000049419,0.4450414713192237,0.05434781019360072,0.03293317127671015,0.027063498896966506,0.02387910751307965,0.02273564523362383,0.0270948586871136,0.02390677739432305,0.022761990129607168,1.0283455741547698,1.0231944102893358,0.9519362612105855,0.04364049073515544,0.24969464075641223,0.02330737637335174,0.025471303205023076,0.02333438376196511,0.025500818040718326,0.9875653357499606,1.025769992222053
openml_1544_volcanoes-e3,real_openml_multiclass,real_openml,130.0,5,3,256,1021,0.0,0.0,,0.0,0.0,False,1021,1.7927494854537174,0.9289747661915828,0.61206077443879,0.568589014829314,133.71428571428572,3.321884940047392,4.232421203415146e-05,0.8873616462256776,0.1779694795300473,0.2352929914624763,0.558952572231512,0.0352195310849504,0.0189392526628703,0.0352540600369945,0.0189578205576378,1.0009803921568627,0.0666884110462023,8.761475138281162,0.9320069290830446,0.1088584546125863,0.5244631197127866,0.176726706382883,0.7526742533918964,0.1235874751986529,0.5792289347677023,0.1602235051091316,3.817040884038837,0.0519699205510679,0.256332922503053,0.9684557687197644,0.0637966282400668,0.0520001038814569,0.1714005876591577,0.2869698023502358,0.1772451768496366,0.1175318315377081,0.3222107765500333,3.0,5.0,1021.0,1.452039480352562,0.2057449905953097,0.2515763215542821,,0.2017629774730656,0.795208600310772,0.24975514201762977,0.6962963946611722,0.24975514201762977,7.0,0.0068560235063663075,0.19999999999999998,0.2938138664125317,27.726360017691285,1.7927494854449382,4.0,1.4963500757176578,0.9167500431257546,0.8765942153987695,0.9059743545512046,0.9049939623943418,0.040155827726985116,0.9955481946245414,0.9941620319797866,0.8063105606448059,0.7468317159177063,0.579302640645264,0.2540319305499164,0.9180327868852459,0.7529761904761905,0.5320041972717734,0.8524590163934426,0.5633633821626811,0.3672612801678909,0.9002362963122963,0.9948551133021639,0.3781066322749388,0.6604138007440503,0.6950998898851659,0.8320680628272251,0.47115384615384615,0.7048720186154741,3.3219218832679056,3.321894176518409,3.3218387603558615,3.8502766395133046,3.8436943716673437,3.7571516409358634,0.12372281456355427,0.03709696092002979,0.030570109236616627,3.3218664684371353,3.3219080298931574,3.8004230063016036,3.8469855055903244,0.03383353507832321,0.08040988774179203,0.4483386835694145,0.06598319558948874,0.01958655943123877,0.04810119157530602,0.04408368070537358,0.013473720974171733,0.04814834960626219,0.04412690000018277,0.013486930504538567,1.0733621171251257,0.9875493316453166,0.942029727700146,0.04278487751036376,0.25716093957945163,0.028778700839772655,0.046092436140339796,0.028806915252360666,0.04613762480322248,0.9647895296727313,1.030455724385221
openml_1545_volcanoes-e4,real_openml_multiclass,real_openml,127.1111,5,3,251,1001,0.0,0.0,,0.0,0.0,False,1001,1.7861215941451207,1.0235458760971927,0.8587638238469857,0.8789841704400382,130.71428571428572,3.32189280735056,2.4963663929519535e-05,0.8834828267764936,0.1933400834896407,0.2458413734844694,0.5732925447057874,0.0288976411269975,0.0243470965662092,0.0289265387681245,0.0243714436627754,1.001,0.0608125683368752,7.584848162327606,0.9233931787375894,0.1210949337965874,0.5141193844793438,0.2754160832592954,0.6521332208345032,0.2016427543100617,0.4759377531664435,0.2417894246528915,3.819601433639468,0.0627798027955801,0.299274243170491,0.9678403514567352,0.0755839184168793,0.0628046226940508,0.1798201798201798,0.2929864343491432,0.1827035443313044,0.1388611388611388,0.3459744234741951,3.0,5.0,1001.0,1.4585660146743022,0.2330171254848045,0.2925668217733656,,0.2137862137862138,0.7684963538065425,0.2597402597402597,0.8351231415440954,0.2597402597402597,7.0,0.006993006993006993,0.22857142857142856,0.3616082261340829,26.837635756056805,1.7861215941361992,4.0,1.4962186838539975,0.9061037084989181,0.8611575647503792,0.8991086895278512,0.9021146895398392,0.04494614374853889,0.9951546956277737,0.9914436307704607,0.7835812098145338,0.817022060347766,0.6551301529521316,0.16269788572616134,0.9180327868852459,0.602363154087292,0.28524945770065074,0.8333333333333334,0.4681245137258412,0.07049891540130152,0.8875124202924973,0.9932991631991173,0.21200266284392713,0.7357162061147206,0.5759413923449259,0.8286486486486486,0.32653846153846156,0.6339772374255133,3.321921632906739,3.32187839457247,3.32187839457247,3.862367813266387,3.8489092806989764,3.7475272069530403,0.14768697065948633,0.04626165857928122,0.03280312601187063,3.32187839457247,3.3219000137396044,3.7982182438260086,3.8556385469826817,0.039532392295575924,0.09697431461938377,0.47575792892095276,0.07699280499117293,0.027269516556796384,0.04724048995776925,0.03817712546383601,0.0012753079593873287,0.04728773044772703,0.038215302589299845,0.001276583267346716,1.0624270281780466,0.9997518660143667,0.940821105807587,0.05213116077398466,0.27637536695606285,0.01972621671161167,0.042708807710802627,0.019745942928323282,0.04275151651851344,0.9702864859109769,1.0310894470962066
openml_1546_volcanoes-e5,real_openml_multiclass,real_openml,112.2222,5,3,223,889,0.0,0.0,,0.0,0.0,False,889,1.7706137252442948,0.9925384964778694,0.4191498942049952,0.416022405793084,115.28571428571428,3.169879302698478,3.2868656648131124e-05,0.8742050984727346,0.1637647273025975,0.2202618490702152,0.6032943341643756,0.0424226450196356,0.0127159610306701,0.0424704182685316,0.0127302808066055,1.001126126126127,0.0757319574720084,9.442944076966924,0.9422347357068218,0.0934947711673417,0.5308245410614335,0.1900185174759942,0.7810591658686519,0.1356448909894144,0.5944013049030235,0.2113491846926668,3.709285263782691,0.044737149164914,0.2143547206973973,0.9718013313577648,0.0638883730801627,0.0447650418682258,0.1946006749156355,0.3039852202521746,0.1860673215610821,0.1439820022497188,0.3512691014844576,3.0,5.0,889.0,1.4071639248624572,0.1774872220371429,0.2113054528445984,,0.2170978627671541,0.8230447487121463,0.27334083239595053,0.5876713224400206,0.27334083239595053,7.0,0.007874015748031496,0.2571428571428571,0.31582521938003577,24.9280462184874,1.7706137252343366,4.0,1.4949263560445094,0.9077638244304911,0.8616571116571117,0.8987623987623987,0.9010184426851092,0.04610671277337941,0.9985522944731868,0.9938413728058553,0.8343105398414233,0.7338631641573886,0.6105376450892757,0.2417453715897302,0.9137931034482759,0.8390980193231016,0.558968058968059,0.8135593220338984,0.6844508266136455,0.30434782608695654,0.9140759563236394,0.996196833639521,0.3518887917626422,0.6784375964106552,0.6938775510204082,0.8778777171003319,0.3934948979591837,0.7758535169874323,3.169912199199005,3.1698792469397787,3.169846461956651,3.7366861321432685,3.7335098454259787,3.6576598137788263,0.11554671958455431,0.03963095069504785,0.03648744896088596,3.1698628544482146,3.169895723069392,3.6955848296024025,3.7350979887846236,0.038059199827966905,0.07758883513980108,0.41766541623974945,0.04970283789116383,0.02392592777687926,0.05706464774992651,0.03605268622353566,0.03415060108544464,0.05712890974063591,0.036093286095409065,0.034189058969549886,1.0583060019762043,1.0298351910795802,0.9152371853225967,0.036814382834021546,0.23368412706545663,0.03510164365449015,0.046558666986731084,0.035141172532479475,0.04661109791802249,0.9725361882010884,1.0440705965278922
openml_1548_autoUniv-au4-2500,real_openml_multiclass,real_openml,5.9847,3,100,500,2000,0.0,0.0,,0.0,0.0,False,2000,0.5409607194612193,0.1889943516309412,0.0379082864268038,0.0071644520146738,5.974522292993631,2.42813644537423,0.9496914712692156,0.1643036816705716,0.243443920213046,0.0298025170736535,1.318158540262701,0.018957883123984,0.0159739200908543,0.0189673668073877,0.0159819110463775,1.000500250125063,0.2480183227104781,242.89195385614312,0.9987631517450004,0.0021452034601372,0.8502580126127963,0.0900987040560723,0.979357243108476,0.0133124018210162,0.8786583234473273,0.0864879923954283,3.740868051894023,0.946561703278138,0.1272544898092934,0.9990685,0.0054269337429077,0.0068971031953672,0.7015,0.5018879926565413,0.0144584650230672,0.545,0.4980954221078149,100.0,3.0,2000.0,0.5353829808186086,0.1194180746013172,0.0752335522649225,1.1376737650145703,1.0,0.8840418174730356,0.9495,0.08365675115449243,0.9495,157.0,0.0785,0.2611464968152866,6.95965091153577,4.258439197194168,0.5409607194604078,1.0,-0.7026689321696086,0.5620774883099533,0.44926252505010017,0.4813199732798931,0.44659051436205743,0.11281496325985313,0.999996414900021,0.9992824384833063,0.9844743139087352,0.9542270917338019,0.8015291469658259,0.7950177991387609,0.9945740640260445,0.9736346516007532,0.9698630136986301,0.9782962561041779,0.8347031963470319,0.8229755178907722,0.9985510589520679,0.9997268760870051,0.7982734730522933,0.877878119349814,0.9717488326496917,0.9841043578133989,0.8288393571189021,0.9064997262256049,3.584956726082241,2.316421073721166,0.9930610464600561,4.898527852153645,3.6293833361202275,2.310674685643589,0.056340555334402076,0.003613228259816248,7.790841666333037e-05,1.584164097958732,3.5701574084160344,2.900809631444281,4.875552057527404,0.001324241680470406,0.008219365751406027,0.2645174821322543,0.243443920213046,0.2223703582938377,0.4003229833611567,0.015535536522155644,9.28222676042984e-06,0.4005232449836509,0.015543308176243852,9.286870195527543e-06,1.5929853024508156,0.9764410706892258,0.5355432609363514,0.23290713925344184,0.25398070117265015,0.007663852511321935,0.026695763620878027,0.00766768635449919,0.02670911817996817,0.8001542215634938,1.187597458431728
openml_1549_autoUniv-au6-750,real_openml_multiclass,real_openml,2.8947,8,40,150,600,0.0,0.0,,0.0,0.0,False,600,0.4013311184877976,0.3377703846114127,0.0938260231631257,0.0316916519303683,2.869565217391304,2.854314936359134,0.4854618760212965,0.0273003541306785,0.25718847443438,0.0679003048661126,2.894262944229949,0.0344536467292304,0.0263956511505501,0.0345111653381272,0.026439717346127,1.0016694490818034,0.2748951041612711,49.543847078679285,0.9878593773871642,0.0068018066129151,0.2495889258626662,0.0969392495836964,0.9094873264260332,0.0325735351886327,0.0315784481123126,0.1253931165943058,5.690159668946502,0.4718331906074042,0.5376947435532868,0.997925,0.0584182116425808,0.0229785909454313,0.895,0.5224961682855508,0.0268137200805729,0.8033333333333333,0.3978098079414075,40.0,8.0,600.0,0.3362554312423984,0.4906840880786523,0.1529876250681944,1.3787428320669743,1.0,0.5984861046239871,0.9966666666666667,0.17559158943929928,0.9966666666666667,46.0,0.07666666666666666,0.2695652173913043,4.345558529480468,1.6259905926682166,0.4013311184824465,6.0,1.0254781461787936,0.21666666666666667,0.15333333333333332,0.19499999999999998,0.19833333333333336,0.06333333333333335,0.9963584142165332,0.9899476168861995,0.9703439243274027,0.5237110075517276,0.25291595551578583,0.0982835444123228,0.9641434262948207,0.9227453580901857,0.8165137614678899,0.6175298804780877,0.0,0.0,0.9855517729216464,0.9925775471672633,0.19031033264570876,0.30145590203382144,0.8931865047542674,0.9305691554467564,0.0,0.0,3.0,2.998129608853227,0.9976824317031896,5.857437888671721,5.829863216156488,3.8821859318013585,0.13809908917622682,0.05875874868633302,0.0026299613730897953,2.9873948835769326,2.9995981352011523,5.806605672971812,5.841183057431664,0.048530240104185385,0.06639739466896621,0.3642636444464041,0.2491105786755201,0.1767844189119244,0.17572513711261245,0.02992012362283251,3.0403639550927703e-05,0.17601850128141514,0.029970073745742072,3.0454396879059497e-05,1.5987096937405756,0.9665802689064513,0.5645983385427293,0.2079035548986348,0.2971767846047708,0.013886917420131237,0.04901187065014863,0.013910100921667345,0.049093693472603,0.7911466623728136,1.1928230759066305
openml_1551_autoUniv-au6-400,real_openml_multiclass,real_openml,4.44,8,40,80,320,0.0,0.0,,0.0,0.0,False,320,0.6075051440111434,0.4563102307811572,0.2473737042132062,0.1128791520587178,4.45,2.4758726920039544,0.3788642226542059,0.0632290029959075,0.3554944769171412,0.0888330701667722,2.7668924249578315,0.0431679000156517,0.0339880550081052,0.0433032225862336,0.0340946006350898,1.0031347962382442,0.3484893438157805,32.19385223444908,0.9770806461833412,0.0110005800006236,0.0493864962577323,0.0469203579003126,0.803657230105963,0.060031406219553,0.0,0.0,5.156820371834419,0.3632891856272994,1.112920819531602,0.995908203125,0.0859447451273666,0.0347642351753241,0.890625,0.5206559208888085,0.0270191147722,0.76875,0.4222922222858654,40.0,8.0,320.0,0.4903952072575165,0.9319821479616714,0.3158156598153872,,1.0,0.3619254584248802,0.99375,0.2600263573012663,0.99375,20.0,0.0625,0.22000000000000003,4.5537204088545575,2.1139717668879077,0.6075051439959558,6.0,1.1194644967357705,0.2875154293775348,0.16566743078822077,0.21260212778463528,0.18444718744489508,0.12184799858931405,0.993747287749654,0.9779513966212063,0.9507906085815776,0.18522723902090937,0.027046555129202746,0.008649383521263836,0.9316770186335404,0.815140009492169,0.6716417910447762,0.0,0.0,0.0,0.9718995328448818,0.9859494414075177,0.017540146934180257,0.0723652787995687,0.7694823139277819,0.8297805642633229,0.0,0.0,2.584906261759072,2.5837160736244362,0.9952327259120533,5.298473736085686,5.258628132686491,3.7357567516458863,0.2385969490318427,0.08520680208191012,0.014629728401085451,2.5770779018477423,2.584737698076209,5.2397277207763935,5.27129199541328,0.06775409227169304,0.10214725547774184,0.4899133850063314,0.3708709078120722,0.22182984497334335,0.1992553899003369,0.03573916401568892,2.8096516989283682e-05,0.1998800149470464,0.035851199012603314,2.8184593845049476e-05,1.8042384526360506,0.9587135322986238,0.47538001257579016,0.30615683556873907,0.3967667647453821,0.016256231814385125,0.0630416385954185,0.016307191788724883,0.06323926128694016,0.707678329830489,1.2420061200493642
openml_1552_autoUniv-au7-1100,real_openml_multiclass,real_openml,1.9935,5,12,220,880,0.0,0.0,,0.0,0.0,False,880,0.2412465475280732,0.4400760345061221,0.2134501887288707,0.0939343126203848,2.0,2.0928931505054487,0.970284746519984,0.0183599060498655,0.2524751148792628,0.1088756248577343,2.280389307195377,0.0422621609248571,0.0438835108980853,0.0423102407438843,0.0439334352563313,1.00113765642776,0.210458315808664,52.40197742878161,0.9732405935834468,0.0283401005339346,0.9583262272342712,0.0171179054659142,0.983777869766372,0.0062225316407438,0.9622081713556392,0.0119007076908609,4.329765220010806,0.9676697586642568,0.3247467857417321,0.9983729338842976,0.0435172376900204,0.0312309895382495,0.8511363636363637,0.5461140807910457,0.0968911735175247,0.696590909090909,0.4599918047537187,12.0,5.0,880.0,0.1813604256758968,0.2905364395976741,0.163056786131048,1.0567334176287355,0.969318181818182,0.7357192513521107,0.9920454545454546,0.28291471169603377,0.9920454545454546,122.0,0.13863636363636364,0.3688524590163935,1.2943499344189155,1.4264715271167172,0.2412465475267025,3.0,0.348638365467902,0.3113889469325842,0.28862420963834906,0.3545773258108704,0.36025399921060575,0.022764737294235116,0.9988233466609757,0.9858234722981829,0.9109267784656645,0.9790549705123327,0.9605277583656857,0.9299215090170432,0.9954648526077098,0.9838218427424493,0.9742268041237113,0.9863945578231292,0.9641637878479984,0.9463722397476341,0.9637923112253487,0.9918775567755067,0.9464776594111111,0.9724449957889301,0.9809238765061798,0.9872172329068881,0.9528088415166871,0.9682923069016907,3.169911935743597,1.5779064558672382,0.9593160320543777,5.427126903060402,3.8328216535437662,3.188706148506386,0.09111641534500858,0.03556567177438885,0.009057696156073547,1.4095937703088777,3.1645012126997374,3.6367450755914854,5.383468298086979,0.01608575674377133,0.07699862803081292,0.3744285699544186,0.2557356999664026,0.1240004896298275,0.29488978687580936,0.03335278742210869,0.0010096840482046452,0.2952252701373315,0.03339073143510301,0.0010108327217520925,1.4786290127119746,0.990581598464561,0.6747950521280243,0.18858813495184656,0.3196226798938189,0.01317863778812325,0.05671310191684098,0.013193630550111992,0.05677762194177488,0.8670530935290813,1.0987844173517864
openml_1553_autoUniv-au7-700,real_openml_multiclass,real_openml,1.1449,3,12,140,560,0.0,0.0,,0.0,0.0,False,560,0.0597080482046446,0.7247029086236275,0.1105413699104238,0.0801096522973245,1.1461988304093569,1.9719006079247683,0.9403492564741376,0.0026169907168392,0.2239916730424749,0.1859883745833639,1.5823542353649505,0.0566941869720657,0.1152498347572363,0.0567956077001016,0.1154560061968733,1.0017889087656533,0.4429969666254004,65.97217292208343,0.9866884306817496,0.0224475065479207,0.8627661622617483,0.0834170247333211,0.90897265400463,0.087458870585027,0.8865357655310234,0.0959178767369044,3.5302696664298665,0.9219512948963624,0.1532936742983647,0.9970982142857144,0.0239851768598526,0.0383469790090983,0.7946428571428571,0.5298903483327309,0.0989514062966563,0.6267857142857143,0.484090749571398,12.0,3.0,560.0,0.0527907153792558,0.1349362146648957,0.144667717073192,1.0313937668685929,0.9357142857142856,0.8661446451064423,0.9767857142857143,0.1726448089830472,0.9767857142857143,171.0,0.3053571428571429,0.4713450292397661,0.976232888870761,1.096799280873456,0.05970804820432474,1.0,-0.6688778044849124,0.421434458436356,0.37317194717574226,0.38933931343798517,0.39462940601460533,0.04826251126061376,0.9998438333512926,0.9969470203718103,0.9273692263464947,0.9574827195049714,0.8305729867836351,0.8002427804966383,0.9845758354755784,0.9291553133514986,0.8131868131868132,0.9665809768637532,0.9128065395095368,0.7802197802197802,0.989526334882041,0.9982840211888689,0.8154078836401367,0.8940278531443033,0.8711710632691558,0.9568655744135385,0.8465131598646585,0.939693758186645,2.9999263906063187,1.581495101571499,0.7110835428577132,4.5688111264648965,3.1595775163313995,2.29140449357614,0.13759674590196003,0.010528206653459993,0.0008457798805436845,1.397216717451888,2.996042115872475,2.9457867100905624,4.500347725192519,0.0024200149662629844,0.023776121363729086,0.3555053139322353,0.22399167304247494,0.09247803215271462,0.8602179224927711,0.029081712539369593,0.0006732962094689532,0.8617567738746883,0.02913373706985143,0.000674500674959955,1.9312516893732035,0.9679436583090033,0.13413502433307342,0.1582348525975948,0.2897484934873551,0.01208214042000837,0.04998695460850753,0.01210375426691356,0.05007637670977516,0.8046043975632626,1.220383890741243
openml_1554_autoUniv-au7-500,real_openml_multiclass,real_openml,4.4651,5,12,100,400,0.0,0.0,,0.0,0.0,False,400,0.5097180593229947,0.4800509364045188,0.1583765660027925,0.0760288188141726,4.529411764705882,1.90742541420552,0.8246434679572402,0.0861689607281941,0.2383131822165916,0.0894086879294643,2.146313309722777,0.0448953855040957,0.037703135716959,0.0450079052672639,0.0377976297914376,1.0025062656641612,0.2029598771689481,47.88167992645398,0.978229412358297,0.0244355193628745,0.8907438157398678,0.04022281426971,0.9631552420038408,0.0108511527026173,0.903575014275544,0.0247018759804511,4.00891336873985,0.8117855141672874,0.2769872882794876,0.995975,0.0448253551884458,0.0350532896510381,0.795,0.5327706385429054,0.1092329278754433,0.64,0.4806011273488885,12.0,5.0,400.0,0.4313352479479747,0.2511544317045987,0.1544628852993683,1.1352510361502113,0.925,0.7683290734416915,0.9825,0.2113875494432083,0.9825,34.0,0.085,0.3058823529411765,1.261291201328911,2.1499991103519447,0.5097180593166233,3.0,0.8681871537862552,0.41501140911981443,0.2926158680282796,0.3899487524782104,0.39995511165974634,0.12239554109153483,0.9991823996780343,0.9894982870932039,0.9198339152053364,0.9557274483814286,0.8943035880619761,0.824984696207609,0.979253112033195,0.9661553724053724,0.9411764705882353,0.946058091286307,0.902162353775257,0.8677685950413223,0.9690531560117317,0.9953687731062363,0.8692980744230623,0.9143327514089686,0.9599171752397558,0.968063829787234,0.8902745830937321,0.9191279620853081,2.80720142468115,1.58259622409342,0.7857664475740261,4.916926382104192,3.66212521179547,2.9293795450622184,0.11408629212812027,0.03768057307573258,0.002700212234584498,1.3383166710278622,2.8036322327211867,3.4539957336010367,4.885177112892218,0.02108468922372697,0.0623178780795427,0.3657817924855194,0.2138031606166704,0.15986461514750644,0.1833046442418,0.03486426327926742,0.0013750220823637192,0.1837640543777445,0.034951642385230665,0.001378468252996206,1.3341061659941778,0.95168167551627,0.7291927012049529,0.19000999544496006,0.262106347388302,0.018219777922079572,0.06114164726677041,0.018265441525894294,0.061294884477965626,0.8728156845662464,1.119788140987005
openml_1555_autoUniv-au6-1000,real_openml_multiclass,real_openml,2.6966,8,40,200,800,0.0,0.0,,0.0,0.0,False,800,0.3597568623389969,0.6157199032100799,0.1042130806449813,0.0641660679279521,2.704225352112676,3.008309614379161,0.530075423696018,0.0230694155747063,0.2349163781113746,0.0636711011255128,2.921390245036667,0.029342758035395,0.0232181450259185,0.0293794823883805,0.0232472040309572,1.0012515644555695,0.2368876204863995,55.23761450702498,0.9895727486766166,0.0072602451401792,0.4151125931723302,0.0556248188245407,0.9457378067714454,0.016660645045903,0.1851736891091306,0.2392692959544908,5.876812161945383,0.5171647183103807,0.4435703247765724,0.998540625,0.0528876974704461,0.0286680924802586,0.925,0.5238837339313875,0.0230116781570257,0.86,0.3472041018773404,40.0,8.0,800.0,0.3448135178617085,0.4106239876459759,0.1302155986144166,1.2217639284557802,1.0,0.6527282367944268,0.9975,0.16369184063632214,0.9975,71.0,0.08875,0.3239436619718309,4.254871904675659,1.4362462309790727,0.35975686233539933,7.0,1.966107991902848,0.2825087062224851,0.15997859818084537,0.19247557094984655,0.18126777618202808,0.12253010804163972,0.9971250769464568,0.9906764107413131,0.9563702896839169,0.5095970684245738,0.41982907241641887,0.3210781873997704,0.972027972027972,0.9513214855320118,0.8895705521472392,0.6608391608391608,0.0,0.0,0.986589573117061,0.9940593242178779,0.36719137033295257,0.45966158482599007,0.9372014331210191,0.9563179347826087,0.0,0.4052733779305016,3.169915958164528,3.1658406017464973,0.9992379424945775,6.056286673742262,6.031128966021403,3.914426104591028,0.17548814007746927,0.04829379777766141,0.0031614033041345024,3.1575777981608013,3.169074609734575,6.018364108795987,6.039075607679053,0.0433543244774679,0.05690447136313348,0.33943049497458255,0.23498928478262557,0.15801753978224922,0.18184429987787037,0.024529143887099494,3.620601929448251e-06,0.182071889740046,0.024559843691714125,3.6251333461309054e-06,1.54183035476022,0.9623322548008821,0.6266191270852187,0.18682751591979266,0.26916114770028976,0.010824929289100085,0.041644446578029924,0.010838477385832372,0.04169656728713881,0.8198986959366141,1.1791021832663549
openml_1557_abalone,real_openml_multiclass,real_openml,1.0937,3,8,836,3341,0.0,0.0,,0.0,0.0,False,1999,0.0371267033902081,0.6500413273208578,1.1222717534479292,0.7295230202259984,1.0935727788279772,3.326569945125253,0.7052184385583976,0.0010208204816145,0.5068297095994027,0.2680203920245854,1.5839665058945394,0.6658018449999578,0.3827481000893359,0.6860720578505585,0.3916238881421605,1.0279533606343108,2.2250920275186634,4.543627745517663,0.6787205269324468,0.1400165287652902,0.0417744505739921,0.0510591620510895,0.8917372013113011,0.0881464216487324,0.8389778128536115,0.1080397537692144,4.561923713663141,0.6524631539438959,1.0533352980372026,0.9958886396675076,0.3486127373566506,0.0670065341923398,0.5702851425712856,0.4655257983553695,0.1391677970511388,0.4382191095547774,0.4962925914733755,8.0,3.0,1999.0,0.0254460258252134,0.585587639606242,0.9413765492501271,1.2748498569723306,0.7413706853426714,0.4632351911377027,0.7518759379689844,1.350304656728462,0.7518759379689844,1058.0,0.31667165519305596,0.5495274102079395,0.3109676118084864,1.061792024676518,0.03712670339017482,1.0,-0.4208942137986213,0.5663941215764864,0.559060788243153,0.5777274549098196,0.6391022044088176,0.007333333333333414,0.998693958297163,0.6374363367637494,0.5701636437140948,0.0995612965825026,0.023007643522312236,0.0027544116171616248,0.9849056603773585,0.8806426931905126,0.8096632503660323,0.9494339622641509,0.8339709257842387,0.7335285505124451,0.5894292509304768,0.7061452798869117,0.012881027569736931,0.06128447005240742,0.8451529717782724,0.9327741767839355,0.7837497381483419,0.8917024440241947,3.584943189563619,3.5826334976774725,1.5818538563653,4.876968391733381,4.790356903437326,2.9512264263343364,0.43447595673835515,0.3660193763996977,0.2145939359255027,3.5678114874586813,3.5849106334229974,4.733439987536087,4.808970911011444,0.336986490759162,0.3817631169261011,0.6963487462962636,0.5068297095994023,0.3173106729025411,0.9882740704549999,0.8944005136651474,0.002918239822206119,1.01270497902328,0.9061638602758988,0.0029143950527523678,6.475180691597925,0.14063387633093596,0.006637251873882873,0.4120701912509718,0.601589227947833,0.5571848468079454,0.9177239876797949,0.598577410096393,0.9332498372482765,0.05029242079899714,0.5443973289537988
openml_1565_heart-h,real_openml_multiclass,real_openml,12.5333,5,13,59,235,0.0,0.0,,0.0,0.0,False,235,1.1024479941931082,0.8828018593983726,0.7874775097859265,0.6951866098734161,12.5,1.3418162337585786,0.8789255423495754,0.4229729421952517,0.3822116522608488,0.2231963626698994,1.642920210651527,0.1207578202716759,0.1422713713067792,0.1212738793326658,0.1428793686200559,1.0042735042735038,0.6731878357615851,13.928609927220432,0.8916610349191039,0.1127914519222952,,,0.7965296696896044,0.1224553062924607,0.377733115837371,0.2358983344953703,2.8667835245397035,0.8641690003088027,1.236954636239463,0.9630239927569036,0.1179529198704027,0.1039273828384466,0.5234042553191489,0.441799910697267,0.1917967711138153,0.4297872340425532,0.4961022837124516,13.0,5.0,235.0,0.8548808802785408,0.733792837423092,0.9697553147798385,,0.5829787234042553,0.3938552457325887,0.6553191489361702,0.5460866357623878,0.6553191489361702,12.0,0.05106382978723404,0.35000000000000003,1.8555346217389224,4.138419913419914,1.102447994169652,4.0,1.4545550047519675,0.6255003786649357,0.5745428973277075,0.16969598615168235,0.6298279779292438,0.050957481337228216,0.9956260720411663,0.9515107235702956,0.6707565457037069,,,,0.9055555555555556,0.8382352941176471,0.47530864197530864,0.8,0.35852451641925326,0.0,0.8592848584065056,0.974874667203466,0.0,0.0,0.7858242134062927,0.8574700493305144,0.2077922077922078,0.5460556315549475,2.5844211210926167,1.1265699987768423,0.07074940739713892,4.175934184129858,2.4971157858954305,1.7067168005264572,0.2723744235329386,0.06775378420595324,0.006952817522208665,0.7904208493837215,2.1501698599819328,2.295364122523142,3.7253362864275066,0.030488119976020744,0.2262305813456944,0.7016571316488294,0.3213046163707052,0.18458024465315548,0.8251448860231921,0.07706758299226726,3.195455673920118e-05,0.8286711462198714,0.07739693163753325,3.209111467398399e-05,2.8696909632203704,0.9701293219892443,0.1587666863128216,0.2709773689082075,0.43253889972334647,0.026780633650520056,0.15127568535696168,0.02689508080287274,0.15192216264481181,0.6010164586676687,1.1294143998704969
openml_16_mfeat-karhunen,real_openml_multiclass,real_openml,1.0,10,64,400,1600,0.0,0.0,,0.0,0.0,False,1600,0.0,0.6224369531001823,5.782161149941244,3.599030768503674,1.0,3.4594227797609958,2.173605315365959e-06,0.0,0.8115559669984502,0.1152650695237895,3.321928094887362,0.1076040300734579,0.083836964996226,0.107671324651365,0.0838893958686439,1.0006253908692928,1.0918477286458157,11.940581057021744,0.7603499777126722,0.1524957571389477,9.584416540972286e-09,3.1989351585220025e-08,0.4160416666666667,0.1985438378287594,0.0,0.0,6.503145980010178,0.1805853286592238,30.27326688495071,0.986078125,0.2782048946381782,0.1805856690683925,0.095625,0.4168193084939669,0.0611979357028331,0.043125,0.2032019716336369,64.0,10.0,1600.0,0.0,6.0338960781557,11.426611871983049,1.9728719770958392,0.9125,1.0769508598814104e-05,0.171875,0.8267771635560611,0.171875,160.0,0.1,0.98125,3.4132393174143886e-08,1.0,0.0,0.0,,0.18800000000000003,0.9373333333333335,0.9233333333333333,0.9473333333333332,-0.7493333333333334,0.9607115432550504,0.7989860338792437,0.2804167529819365,2.1092634906660288e-07,1.735761571120879e-09,1.1923908024054679e-12,0.765625,0.440625,0.040625,0.0,0.0,0.0,0.6654646720138268,0.8703592524758259,2.477959589634404e-10,5.429675274483309e-09,0.234375,0.575,0.0,0.0,3.459423167090096,3.459423167090096,3.459410772558852,6.713000049306798,6.564354426269335,5.797171850308323,0.9841794116691354,0.21699683570812311,0.06835121267066047,3.459423167090096,3.459423167090096,6.430781748420793,6.62618399845132,0.1551672635261383,0.35056951355666444,0.9589199873591947,0.8386008547263494,0.5981046032331914,0.5878390118563139,0.08823189706344489,0.00012149749747158014,0.5882066410069428,0.08828707648624884,0.00012157348089714061,5.923698261636288,0.6722241438530467,0.005616605006999702,0.7482415903849108,0.893895465963877,0.041382277430128664,0.15853083940883034,0.04140815752858401,0.15862998314829813,0.3832874108689847,1.1342662076955392
openml_180_covertype,real_openml_multiclass,real_openml,38.5975,7,54,22079,88314,0.0,0.0,,0.0,0.0,False,1996,1.208583728884588,0.9324765402106256,1.4975897523062007,1.3964673108853738,38.60504201680672,0.8139706030846936,1.3465799067505444,0.2775014632245615,0.4268572605660829,0.2362983132720547,1.8658426622826385,0.0440075730497399,0.0872290945548799,0.0425990737392876,0.0747558419785856,1.0465360983813683,0.8400010447261811,52.84784890988528,0.9247499069276752,0.1413376558712602,,,0.7618479831170196,0.1886437940181401,0.3179144171517495,0.2763678782764713,2.6445073314311327,1.312835125281028,2.905745032611139,0.9984565825036849,0.035305933936199,0.0761266752451897,0.5831663326653307,0.4638525596393909,0.1579918778589102,0.3862725450901804,0.4870163201659729,54.0,7.0,1996.0,1.109916812984766,1.3724271896639757,1.946540174304695,,0.7414829659318637,0.1495594233295888,0.8306613226452906,0.47796055818430166,0.8306613226452906,1071.0,0.012127182553162578,0.39645191409897296,5.193406547782046,8.730815043432786,1.208583728884492,5.0,1.0264968648063215,0.6032064128256514,0.5664662658650634,0.08550434201736808,0.6386105544422178,0.036740146960587916,0.9994323415376049,0.979252518569854,0.46240715476731853,,,,0.9786585365853658,0.8152866242038217,0.2523364485981308,0.9451219512195121,0.3118131868131868,0.0,0.9357208185354227,0.9943611408840614,,,0.6711051930758988,0.8947885939036382,0.02857142857142857,0.5127161749745677,3.584948002243835,0.1472170677057829,0.0,5.418366484173926,1.9975486178303163,1.865842838554419,0.5267753322519662,0.014700588166477901,-1.7627178072743277e-07,0.034660738868825564,0.4711909171479898,1.8968316218592736,2.3101363303262237,0.0039395296070126595,0.04115762955253588,0.8127846673373664,0.34744693457247566,0.18719683475674093,0.9999999999999998,0.016861928612933806,1.4090618480861245e-18,0.792492646482587,0.01690289952627989,5.792270509435296e-37,3.5704273647524,0.9323197992174617,-1.3590400361486806e-15,0.2748947056412814,0.5485299057630362,0.004629174972253914,0.047092642951562375,0.004710893184278319,0.048224747811363364,0.4701268428368013,1.2664482954658913
openml_181_yeast,real_openml_multiclass,real_openml,92.6,10,8,297,1187,0.0,0.0,,0.0,0.0,False,1187,1.1092869294588157,2.767902505360366,12.029986213063443,33.29782897858897,92.5,2.330089153374141,1.4536025817619336,0.1504607260707983,0.4523584363976421,0.2387197691784392,2.49110189850608,0.0852352776554038,0.117112879037352,0.0853071455117742,0.1172116251410935,1.0008431703204042,0.4052180756623049,12.240712371967936,0.7065758199892693,0.1558749642774957,,,0.4707776089960013,0.3358290634040724,0.2280299336986049,0.271910833832906,4.617681499265385,1.3463615293880091,3.475821744894083,0.9977983901704012,0.2035095526148357,0.1535005982662909,0.6596461668070767,0.4790523735758268,0.1447899375186614,0.481044650379107,0.4998511621926105,8.0,10.0,1187.0,1.6280255412612994,2.035935137217208,1.0309198974100475,,0.8087615838247684,0.0731956570755024,0.8635214827295703,2.068101474225727,0.8635214827295703,4.0,0.003369839932603201,0.8,3.485079263201525,11.644421333571238,1.1092869294494703,6.0,0.979358292441108,0.39848058645527,0.5004198099134808,0.2257341345948941,0.5930933810680646,-0.10193922345821077,0.9672351234677432,0.6777361459777778,0.5405771462577456,,,,0.9761570827489481,0.5,0.0,0.9200561009817672,0.15,0.0,0.5866912743710588,0.7917350009958857,0.0,0.0,0.1111111111111111,0.773841961852861,0.0,0.3987730061349693,3.3162712796617884,3.268226603597982,0.08151831086753492,5.682275217203883,5.371172959905017,2.531209422440912,0.455900475364734,0.1839584111944763,0.026891664135973326,1.5298337053104134,3.296963476098068,3.9087067932294763,5.531838386696475,0.08021893428581572,0.29862517290315793,0.7124691493382527,0.5071210333705264,0.09474999990739466,0.5858862215730073,0.044018954867247204,0.0010436579583238122,0.5863802234461722,0.044056070343526724,0.0010445379397389211,1.8072874004089123,0.9716286743448057,0.4027674862835735,0.25585355173304336,0.6572041639720141,0.019701568765699513,0.11489679220332383,0.01971818054374829,0.11499366976841897,0.8065211402237055,1.0760011212313965
openml_182_satimage,real_openml_multiclass,real_openml,2.4496,6,36,1286,5144,0.0,0.0,,0.0,0.0,False,1997,0.3714122132633246,0.7255479265888183,6.144758604308395,4.458316864744757,2.45,3.5600636543605577,0.0147710458370591,0.032343714851486,0.610006329217809,0.381338090423183,2.483322107993965,0.4912714679009486,0.3210659244237678,0.49592559239032,0.324232679249005,1.009473532266279,3.554251879453173,2.847860838377238,0.3441934974403737,0.0758636302789128,6.468049598817356e-06,2.03580802036838e-05,0.4295791472691421,0.2414174936385403,0.0354050712712565,0.1048193716267749,5.171390166737918,0.1596365039113388,16.129182546311768,0.9711943980066244,0.8719955956166054,0.1532693603134922,0.1847771657486229,0.3701583752959581,0.1150552976651409,0.1136705057586379,0.3174901535348423,36.0,6.0,1997.0,0.3149703636449928,2.442213565259328,7.537086354087962,1.3355021597116152,0.4556835252879319,0.0053727782030194,0.25938908362543817,2.3025662402368865,0.25938908362543817,500.0,0.09720062208398134,0.7396,2.4248985014178737,1.7346444590618362,0.37141221326289137,3.0,0.040134367182059906,0.41816967267869076,0.8684034736138945,0.7929191716766867,0.8229792919171678,-0.4502338009352037,0.4926359069865648,0.32270497924093444,0.22397034885375247,7.938114197724461e-05,5.3359351701120614e-08,2.2314790324123745e-11,0.809593023255814,0.3644544431946007,0.028169014084507043,0.39123867069486407,0.0,0.0,0.2873750781591723,0.392876771606609,8.136547850449911e-09,6.473606992193875e-07,0.2860431344957094,0.6227305501478118,0.0,0.0,3.577345204117474,3.561990807247352,3.518205412785077,5.46793865408669,5.135728252403326,4.921306703244948,1.117339801317904,0.9099954388326505,0.5852236496725141,3.552784724153476,3.571053995605894,5.048542433486487,5.227338398726523,0.8182332570774329,0.9717204867199722,0.939608438254569,0.7740986846381563,0.15211793855134687,0.9628729946926444,0.33183121402863436,0.08947743003309093,0.9802383835623845,0.3365125124062839,0.09073016288558577,15.949451822795632,0.03283002990989424,0.007976257090103956,0.24873156250606088,0.9354750221389097,0.17965729702487226,0.803989706262604,0.17907011832696776,0.8138988705991534,0.017792877130110248,0.13365365753299718
openml_185_baseball,real_openml_multiclass,real_openml,21.3158,3,16,268,1072,0.0,0.0,,0.0,0.0,False,1072,1.216363541500833,0.5389109769029045,2.320937280050402,1.250778576922332,21.130434782608692,3.248124716585002,0.2369209191649776,0.8472175177114332,0.5322108319744969,0.2542196627049341,0.5401885107933424,0.5058545200125554,0.2840108151054415,0.5063268398258257,0.2842759979393401,1.0009337068160602,2.3203664240771804,4.10206939502188,0.7903049545105785,0.1043961796578561,0.0002680894094141,0.000225010421958,0.4591029436357393,0.2754138925830841,0.0597790773229369,0.1035403991529153,3.656626398421015,0.210980857640448,1.169839905398928,0.763851567721096,0.1316868289573295,0.062786324029816,0.126865671641791,0.2852334089544814,0.1376643866383002,0.085820895522388,0.2802301268732787,16.0,3.0,1072.0,0.6522942536792554,0.631124376247783,1.027998970203215,1.1695022445277146,0.2182835820895522,0.4318437727472367,0.166044776119403,1.4522396740389343,0.166044776119403,46.0,0.04291044776119403,0.5652173913043478,3.1570915724108883,13.43478260869565,1.216363541497429,2.0,0.7069271250020015,0.9067284269387456,0.9132513340531743,0.8404952297492554,0.9291034849694068,-0.006522907114428711,0.9988259438324004,0.7658833124860751,0.6386651513657674,0.0005270552343033364,0.00015683329439389473,0.00012037969954534267,0.75,0.4249512670565302,0.20235756385068762,0.1793372319688109,0.0,0.0,0.7364650304371702,0.8180715002861236,0.0001386064969696187,0.00034194426434861554,0.3136544154536089,0.5874756335282652,0.0,0.08966861598440545,3.32191807028362,3.321384554832221,2.3860706058543926,3.835188900191177,3.7094584269690225,2.919687074937724,0.21384472765790719,0.13902937733105314,0.006572041710010801,3.31947749277637,3.3218614979624475,3.6674380991260715,3.7293643028659886,0.11709867302805088,0.18174511829067796,0.7119712793841128,0.5322108319744969,0.3524503845648812,0.9836925654707335,0.5521556911661194,0.009613222937474247,0.98461104592402,0.5526712426984872,0.009622198869255279,9.414126313042168,0.19182477061803166,0.0029531288853299194,0.44233060826968906,0.6220910556793049,0.24293671231179056,0.7291418046315228,0.24316354397594744,0.7298226093043814,0.042566297209892204,0.6921407788063408
openml_186_braziltourism,real_openml_multiclass,real_openml,318.0,7,8,83,329,0.0,0.0,,0.0,0.0,False,329,1.8452376606244436,1.4587152776639485,16.826640892011635,24.545278140942298,255.0,1.8749293893152663,0.7148077365499522,0.6850883598839441,0.2132075192464329,0.1723389297868268,1.055095013860084,0.1255039050665665,0.1835759570652793,0.1258865389234768,0.18413563986121,1.0030487804878054,0.6231688589118687,14.785507433933748,0.9352524613065996,0.0848902417991559,,,0.1491540044138096,0.2679467801994967,0.049530666417325,0.2042324583442922,2.85866432178656,0.696698584026119,0.5425703825938918,0.9809591559575392,0.0713600813887908,0.046167835665079,0.4437689969604863,0.4219931063715799,0.1914265882550551,0.3191489361702128,0.4668569063889621,8.0,7.0,329.0,1.663397798867034,0.4212482111796526,0.4020751881266768,,0.4772036474164133,0.6216427991393879,0.5957446808510638,1.4607151422872715,0.5957446808510638,1.0,0.00303951367781155,,,51.222486772486775,1.845237660585183,5.0,1.881303999766742,,,,,,0.9857352977318627,0.9712344736647354,0.740382030796796,,,,0.9805825242718447,0.0,0.0,0.9352750809061489,0.0,0.0,0.9394243785060798,0.9829359684889538,0.0,0.0,0.0,0.25842696629213485,0.0,0.0,2.578712951256935,1.9816407435330983,0.6511973452396773,3.547068098220019,2.9322072490923294,1.6887838135392623,0.14909564390072738,0.0597976817445367,0.017508545560499078,1.5938984013741602,2.4995556039401454,2.5540370091620397,3.4950166270121343,0.049112505233068426,0.09524469814948577,0.5355104929874344,0.1826777961335183,0.05818139311880706,0.8628414851854002,0.07379173611352224,0.004737445842717104,0.8654720994695017,0.07401671091874636,0.004751889275164421,1.9637450738895323,0.9514455494193463,0.1347184514133926,0.10209433163835657,0.22939279425739234,0.04378147785961786,0.11275409848637963,0.043914957975043564,0.11309786098176522,0.6843485536465661,1.2673228629311957
openml_188_eucalyptus,real_openml_multiclass,real_openml,2.0381,5,19,148,588,0.0,0.0,,0.0,0.0,False,588,0.2927245743546596,0.792127568468342,1.6056949462770458,1.2719152334963413,2.0357142857142856,2.4045877062491137,0.5401422788241774,0.0271806125921955,0.4615932697784756,0.3048027113586404,2.261712133909535,0.1433346223882619,0.1738501062891198,0.1435788040277646,0.1741462734207873,1.0017035775127747,0.9821020794461736,11.20630173346857,0.897990215367952,0.1235186080123578,0.0165388606564164,0.0236881612320767,0.7439140070332232,0.1614325646686998,0.3820371686039202,0.3508337519091584,4.464474814588014,0.5187087336614333,4.379716547679249,0.9893765329260956,0.2018250255706341,0.1298599441818353,0.5884353741496599,0.4457731975146915,0.1823651887340392,0.4149659863945578,0.4931356737331265,19.0,5.0,588.0,0.2234544780080448,1.130987465373874,3.990150194274224,,0.7295918367346939,0.1399968021748042,0.79421768707483,0.9256214976989243,0.79421768707483,84.0,0.14285714285714285,0.5452380952380953,40.467170641328785,1.5145757918552034,0.2927245743521705,3.0,0.46858778571075077,0.4387755102040816,0.5323129251700679,0.5340136054421768,0.6581632653061225,-0.09353741496598628,0.9895660330661585,0.9545422367548745,0.47764575047307795,0.06280401797462425,0.002855605240605302,5.9431076233728275e-08,0.9568627450980393,0.7712089730948021,0.4319526627218935,0.8274509803921568,0.46262659109913595,0.0,0.8576902300265676,0.9735002493638931,1.0298602088306573e-05,0.02560347178541144,0.6939505234718,0.8312096974206349,0.0,0.6554594494047619,2.9999666179330755,2.3956052123863354,0.9755259511264972,5.10374365563422,4.428875656639621,3.2067773189341082,0.6565295830113209,0.18858908461910762,0.02741536162349023,2.1782733471049083,2.8994494274823195,4.209213539485006,4.951803410540744,0.15415721470900978,0.22905704892386325,0.8942064806797053,0.3784586571868104,0.1952492840605763,0.9790177113086937,0.07987196468626058,0.0002600920910728481,0.9806855438662879,0.080008032769201,0.0002605351781104501,3.844797816344906,0.8716776150869269,0.0036516521039240348,0.28893047142140305,0.5511214555438829,0.03092719232410239,0.172803612239617,0.030979879193479054,0.17309799658755481,0.27337408809483865,1.2416254347182094
openml_18_mfeat-morphological,real_openml_multiclass,real_openml,1.0,10,6,400,1600,0.0,0.0,,0.0,0.0,False,1600,0.0,0.8528787074559661,32.584028320357675,27.790223957575247,1.0,2.5375306172628007,1.0473784465762892,0.0,0.5999273310376952,0.3367699047872634,3.321928094887362,0.5712568604561582,0.3218782816348531,0.5716141192807102,0.3220795813732119,1.0006253908692953,1.5941686378475193,2.717347281813036,0.1889906100967404,0.1108022355034781,,,0.3819444444444445,0.2813682586673198,0.1965277777777777,0.2973801191915896,4.636969368546299,0.9519427603927336,36.94167191518091,0.978472265625,1.2224893436038642,0.2822905394011052,0.431875,0.3946251003858695,0.290462203381158,0.34125,0.4742773707338816,6.0,10.0,1600.0,0.0,2.7265466590081866,32.099464995786924,,0.415,0.0020179059123287,0.571875,3.6798987199425715,0.571875,160.0,0.1,0.9850000000000001,1.9849937873878293e-09,1.0,0.0,0.0,,0.19800000000000004,0.6753333333333332,0.6026666666666666,0.7360000000000001,-0.47733333333333317,0.369327197715011,0.18108461383295213,0.03162030767864677,,,,0.98125,0.440625,0.0,0.975,0.03125,0.0,0.14961018551729766,0.21905231703983885,0.0,0.0,0.121875,0.515625,0.0,0.33125,3.459423167090096,2.786426082929311,1.2829547171553994,5.664425182887441,4.587261626365594,3.4174183800286726,1.6165838222402877,1.1940517637508885,0.7877213521292306,1.6162613330414772,3.4594169485276938,3.9909965390258484,5.476721320879819,1.1345560033992341,1.3693653982901273,0.984778163503475,0.6460540820858435,0.06556190153726987,0.9721564390987627,0.6646374695095854,0.0007518850363649324,0.9727644168592992,0.6650531277144123,0.0007523552584014319,4.122082608974722,0.35847166223229976,0.006841689210357233,0.43332391155383615,0.8325399472493901,0.33791467508103673,0.7753139833874703,0.3381260038334344,0.7757988576735193,0.03175917043414712,1.0158902026065726
openml_20_mfeat-pixel,real_openml_multiclass,real_openml,1.0,10,240,400,1600,0.0,0.0,,0.0,0.0,False,1600,0.0,2.219137892946337,25.1001900518522,55.7007828642199,1.0,1.4987094632438012,0.3187781322827497,0.0,0.8539827199753435,0.0915197204655278,3.321928094887362,0.1728300127853757,0.1587499432634628,0.1729380990973117,0.1588492240284808,1.0006253908692944,3.6377943519493554,10.184244943764725,0.6342546325206005,0.1364063917778799,,,0.6363194444444444,0.1761141593612656,0.018125,0.1215861962765511,4.494454506443939,0.3444341835926661,40.86415831460138,0.97755390625,0.3261830516872243,0.1132774137508765,,,,,,240.0,10.0,1600.0,0.0,6.63058524802108,14.241493016175845,,,1.284980432440472e-06,0.286875,0.9796340082705531,0.286875,160.0,0.1,0.86625,1.1026504903344236e-07,1.0,0.0,0.0,,0.19866666666666669,0.902,0.9093333333333334,0.9433333333333334,-0.7033333333333334,0.9805242044438903,0.6334528747135588,0.27852056594156244,,,,0.975,0.584375,0.0,0.815625,0.0,0.0,0.5465976993916877,0.7302282246433955,0.0,0.0,0.53125,0.740625,0.0,0.0,2.334082272790989,1.5061194704921936,0.3820421652832067,5.455163736094795,4.4797629000019885,3.6787685456314954,0.6448105711908032,0.32732122470793623,0.025201714539073716,1.2824161687949804,1.6415750568992524,4.291979707899396,4.660129619023901,0.24452593604426287,0.39271305284977465,0.9666383138211456,0.8761816843057991,0.684121213290277,0.9377797620604906,0.13042648272161766,8.726723231788965e-07,0.9383662409611015,0.13050805025302548,8.732180844816924e-07,39.13266654113745,0.12249120504914227,0.015906451181598818,0.795270043525642,0.9224657899675481,0.060222840746685186,0.23259489824609653,0.06026050356141136,0.23274036097170342,0.055313514833971816,0.36616445637975464
openml_22_mfeat-zernike,real_openml_multiclass,real_openml,1.0,10,47,400,1600,0.0,0.0,,0.0,0.0,False,1600,0.0,0.5977541346398825,4.764797849420881,2.8481776152145515,1.0,3.459423167090098,1.795561255245292e-15,0.0,0.7180626185459952,0.2520694629194135,3.321928094887362,0.2569285682045014,0.2131439093621502,0.257089248985117,0.2132772076169106,1.0006253908692928,2.289624120026367,8.2776362823172,0.6231794021257104,0.1667548404604792,0.0011227363308674,0.0074650494869056,0.4834722222222222,0.2513984521417498,0.0099305555555555,0.0666161918296812,6.380037652440917,0.1739859932647945,20.63796794240698,0.99239453125,0.4013136095365425,0.1739859932647945,0.305625,0.4688627376899106,0.1785646669647678,0.215,0.4109507882264797,47.0,10.0,1600.0,0.0,5.148837430470037,7.606455470721131,,0.683125,0.000112860487218,0.415,1.1635487263106497,0.415,160.0,0.1,0.9600000000000002,2.6645851110883496e-08,1.0,0.0,0.0,,0.19000000000000003,0.7879999999999999,0.7366666666666667,0.8180000000000001,-0.5979999999999999,0.9299844330943908,0.5830614780598661,0.37587665464840975,0.05008622794656951,1.0268267860911147e-07,1.4670231726981725e-15,0.978125,0.49375,0.040625,0.446875,0.0,0.0,0.46417279549344603,0.7614502783945244,3.447084997358069e-09,9.23625153820796e-07,0.346875,0.671875,0.0,0.0,3.459423167090096,3.459423167090096,3.459423167090096,6.67565253178958,6.4075124146682905,6.013337755408021,0.7680135065694369,0.37383884730916783,0.10569873018787845,3.459423167090096,3.459423167090096,6.262360767484708,6.51235615475662,0.2689951072208374,0.5189904944927499,0.9401107105201478,0.7775728870300972,0.08927763332328052,0.9978352531308644,0.2084969086838644,0.00023956578900233736,0.9984592901872325,0.20862730074683108,0.00023971561125937438,12.226394518131425,0.08778564056379587,6.113854375959623e-06,0.689807908674005,0.8439395150522668,0.11033639098045933,0.3340040448640756,0.11040539435192932,0.33421292794404095,0.002866555528890113,0.7637902473628272
openml_23_cmc,real_openml_multiclass,real_openml,1.8889,3,9,295,1178,0.0,0.0,,0.0,0.0,False,1178,0.2481537872846507,0.5994558695607003,0.1932477622172722,0.1158435053406143,1.8909774436090223,1.5425596348750763,0.946481844636424,0.0438011792949926,0.3270767551573597,0.0913500642767397,1.538879262719534,0.1746895490632427,0.1502703604950693,0.1748379683912493,0.1503980328489315,1.00084961767205,0.687776169413322,43.41433649522621,0.9668855394417106,0.0233036944403633,0.765928515928516,0.048618072376628,0.964410844695904,0.0559053800862705,0.9579331317263924,0.0528566959491812,3.0459925591969537,0.9269513291033998,0.2551990985829858,0.9984557002891148,0.0354463383976569,0.0237330105433164,0.7249575551782682,,,0.5636672325976231,0.4961405486070596,9.0,3.0,1178.0,0.1739611338917678,0.2223032417718993,0.1812039869669327,1.0476130192346036,0.6960950764006791,0.7882659936078746,0.9210526315789473,0.3171461265444987,0.9210526315789473,266.0,0.22580645161290322,0.4834586466165414,0.5507227865030035,1.5528000931423913,0.24815378728401882,1.0,-0.2467226811558952,0.4244517145280504,0.44397924564227725,0.46859583528067716,0.5084882553530318,-0.019527531114226837,0.9957233586573003,0.9668147942256493,0.9123828940328125,0.8205128205128204,0.7500000000000001,0.7272727272727274,0.9978070175438597,0.9955555555555555,0.8998699609882965,0.9940740740740741,0.9824561403508771,0.8972691807542262,0.965179441720431,0.9782316091177337,0.7386363636363638,0.7852564102564102,0.947712758271926,0.9966812865497077,0.9398626605525517,0.9882651072124756,3.300051467306405,1.5286109825288547,0.37391912093479307,4.774309017802946,3.040995116386049,1.896541352621923,0.06615956293966585,0.03151362685293435,0.0031391920456669276,0.8092536759998264,1.6741973308225437,2.3449937466736936,3.1815629666891434,0.016257031032403946,0.0633120878890967,0.3916710050692694,0.32707675515735973,0.2624825052454501,0.6249243207482409,0.11921802931728362,0.008665573195750181,0.6254552674948477,0.1193193190618182,0.008672935619875822,2.5086534944114254,0.8680213894451763,0.35552302706960565,0.2947796302014049,0.35937388011331456,0.06313045682900167,0.27154446934655185,0.06318409358076862,0.2717751783264589,0.5887556892560573,1.067494028151213
openml_255_BNG(cmc),real_openml_multiclass,real_openml,1.8934,3,9,11060,44236,0.0,0.0,,0.0,0.0,False,1999,0.2484198176406688,0.6491941253215443,0.1845541632519504,0.1198114785867994,1.8932516569592288,1.671953045381137,1.0618640259529937,0.0437622774145497,0.3401826395929379,0.0568175789846746,1.5386748227524456,0.1068748874064567,0.1426962502126994,0.1069581819837646,0.1429083772644571,1.0050106804236378,0.5319789776436687,42.15062196964955,0.9647477308211008,0.0279099096599207,0.8398569428165427,0.0418486648095286,0.9929284078162648,0.0007089164758258,0.988333947141919,0.0011171008421541,3.1741236660399483,1.0424184572275683,0.2680490196352319,0.9990320322742662,0.0365042020936337,0.0260095395675768,0.7238619309654828,0.5235007448814328,0.2117852062585969,0.544272136068034,0.4981607392208769,9.0,3.0,1999.0,0.1762067017164874,0.2346766938425171,0.1691431790590542,1.027842012286278,0.7233616808404202,0.7783444232794395,0.9164582291145573,0.3353456945353175,0.9164582291145573,9958.0,0.2251107695089972,0.4964852379995983,0.6625672708747211,1.5548313700904144,0.24841981764065202,1.0,-0.27193326213929886,0.4369659318637275,0.4429512358049432,0.4683340013360053,0.4896419505678023,-0.005985303941215714,0.9936351083501813,0.9643970134447162,0.900729170782643,0.8727619849392908,0.8540516793570391,0.7927571641532981,0.9935442220787605,0.9930875576036866,0.992153443766347,0.989247311827957,0.988666085440279,0.987088444157521,0.9563459500849303,0.9834880074818343,0.8234044217551686,0.8634068321481649,0.9926205006850168,0.9933158898412235,0.9878772647989,0.9889566986341181,3.5849561804964467,1.6950742827998497,0.3753180103094602,5.067975243024167,3.1947978669016424,1.9036544122331855,0.08182907310613619,0.033696145378277365,0.004681147067877589,0.8161961059961579,1.8785086806953264,2.350189781680726,3.335354430341636,0.011049923879536738,0.055655760224725626,0.38035873498360334,0.3401826395929378,0.30000654420227224,0.5830182404066762,0.03928379052970782,0.0008932964777863147,0.5783580019055174,0.03933405485012547,0.0008947561391832031,2.1151844744090877,0.9548540082228025,0.36875622296241634,0.32009459189760503,0.36027068728827055,0.018352572866384465,0.1484538699428023,0.01855102508825874,0.1468610566404629,0.6627930993008857,1.0462038280255805
openml_265_BNG(glass),real_openml_multiclass,real_openml,155.8275,7,9,27557,110224,0.0,0.0,,0.0,0.0,False,1996,0.907525947810638,0.6692717911859705,0.6664536769266626,0.4460386460991835,156.076,3.105482961152184,0.9642526654372098,0.1570603617505649,0.2657625897442752,0.2669197394342786,2.199896145353281,0.1233675544757531,0.1038323070311823,0.1236746617825828,0.1054042176936225,1.0014633436472735,0.4860087489032114,11.596912564740428,0.8583384941125449,0.1468550382405975,0.1044237119385741,0.0910779920808722,0.6972289872618574,0.4018620885553617,0.5898154937582626,0.389997485366461,5.115682397741625,0.9854832624806354,1.735204312012083,0.9972625611945334,0.1896967087638399,0.0926092595303011,0.6012024048096193,0.4864433539997259,0.1023362670449039,0.4473947895791583,0.4973495933424501,9.0,7.0,1996.0,1.8456935091322333,0.7800092611438199,1.551015105818136,,0.7985971943887775,0.3281039216812183,0.7950901803607214,0.7264045818202488,0.7950901803607214,250.0,0.002268108578893889,0.21120000000000003,2.2567892658605047,23.451922772975305,0.9075259478105802,5.0,0.7106450855809856,0.45855834828961806,0.5521350599458623,0.5267281551053915,0.5287335044922509,-0.09357671165624426,0.9829400665787797,0.9647538735642229,0.6025625415795268,0.24805458090641355,0.09556769183883719,6.686118091103183e-07,0.9911439114391144,0.9360544217687075,0.04059040590405904,0.9527675276752767,0.7850340136054422,0.0,0.7728534121820971,0.9678977223911707,1.2651675865324808e-05,0.19690703513341504,0.12727272727272726,0.9575971731448764,0.0,0.87782340862423,3.584956710647189,3.584956710647189,1.113807076582659,5.71600942780533,5.538506521948632,2.9781268905165583,0.3355763314193818,0.17449369191814412,0.0653980923771349,3.5849523564455117,3.584956710647189,5.525956011310639,5.610995795548175,0.12565208998827604,0.2582108599841977,0.7797430251170862,0.18039397219116626,0.06430947740045795,0.46313842476727807,0.09250176281718331,0.0013452626917307563,0.47698373488159945,0.09188307835961773,0.0014158546877706408,1.8511675258371378,0.8679904223948997,0.5215490002191929,0.10035637724279407,0.28214192752712014,0.050236174583011176,0.14235790670370674,0.051190865115162056,0.14231149350895086,0.6332323341068772,1.012616182596378
openml_26_nursery,real_openml_multiclass,real_openml,2160.0,5,8,2592,10368,0.0,0.0,,0.0,0.0,False,2000,0.7663817354250111,1.116098228467788,2.8600375200587926,3.1920828094890243,1728.0,1.7070768024804697,0.3978171622090461,0.1494826666265185,0.3324181096752951,0.3919238674723855,1.7232298898390728,0.0148060257216195,0.0121062261515746,0.0149152220287576,0.0122046827690518,1.006409952096773,0.055864158970543,10.38522630638798,0.8867961891462651,0.2670754839666434,,,0.2657547302295219,0.3333489084104553,0.1377118644067796,0.3253328032303776,3.264375797893187,0.5143686804865639,3.588051050418821,0.9979175,0.1659308944263554,0.3268146061464796,0.3705,0.3937370833025249,0.1297876976954472,0.2065,0.4048947021880256,8.0,5.0,2000.0,1.4579420915580377,0.9028201522439226,3.443534003632819,,0.5555,0.1964621707672098,0.657,0.8548582614153374,0.657,2.0,0.00019290123456790122,0.2,1.171389430070742,522.470082286811,0.7663817354246416,2.0,-0.4098574917968328,0.6619999999999999,0.644,0.6666666666666667,0.7653333333333334,0.017999999999999905,0.9991210077138752,0.9896495469433375,0.22955123360557156,,,,1.0,0.16814793300416303,0.0,1.0,0.0,0.0,0.9635723514674367,0.9957162370982028,0.0,0.0,0.0,0.36046279388267516,0.0,0.0,2.321540784325804,1.5845724163541184,0.9999127151897329,3.8317689857456805,3.2827875774477366,2.350756502900935,0.9568633102879791,0.024999450462849016,0.007216901037793821,1.5843593054885299,1.9985640970128085,3.10572174249711,3.7046909932916643,0.017102993560216828,0.1072018641849164,0.8803146593634916,0.21448652306796673,0.020384733201756072,0.041083455706459736,0.01174195370455658,5.2959381042837615e-05,0.04153355749762421,0.011724791899457042,5.313730124293649e-05,1.081275523353789,1.0164507020930627,0.9213696229624251,0.06612120314095446,0.4807834296023076,0.004729650837684298,0.022772873428694596,0.004759232465983098,0.022854855580625187,0.9649588011949022,1.0463206677333179
openml_28_optdigits,real_openml_multiclass,real_openml,1.0325,10,64,1124,4496,0.0,0.0,,0.0,0.0,False,1996,0.0118196888394897,0.8869434418371578,11.161181286506748,9.899336545222772,1.0338600451467268,2.0056953999317093,1.2663889062702864,1.5004350625735796e-05,0.7965857569354027,0.1255341659310966,3.3218405697765614,,,0.1173843990793873,0.1343570502408859,0.9828118025897464,1.4585112846810842,10.562944549685882,,,,,0.5427161386415618,0.2749231486803505,0.0,0.0,5.013055423668167,1.0991791012840737,24.886242593257062,0.9772593784763915,0.3144805460401044,0.203213180914084,0.0581162324649298,0.3643081352890456,0.0679259861725045,0.0240480961923847,0.1532369066683871,64.0,10.0,1996.0,0.0096593095330995,5.837010427899264,6.736763213904806,,0.5265531062124249,2.3411203854937413e-05,0.3226452905811623,0.8268880815905911,0.3226452905811623,443.0,0.09853202846975088,0.9909706546275395,4.71348880026562,1.014867783069781,0.01181968883946341,5.0,0.2715513017597205,0.1961178045515395,0.9089692101740295,0.7757697456492637,0.9384203480589023,-0.71285140562249,,,,,,,0.9,0.6311881188118812,0.0,0.0,0.0,0.0,0.5615863835776373,0.8583852652155891,,,0.385,0.7506234413965087,0.0,0.0,3.296116363103486,2.5755544221688758,0.0,6.226159665475937,5.461660588290339,3.321840757708601,0.6881870728124877,0.35979891863602287,-1.8793203970801642e-07,0.5975725259845358,3.091588633212417,3.8152563857970447,5.974880266561517,0.10128211595513359,0.4761014081801087,0.9331382434275677,0.836954071339949,0.5756036664289941,,,,0.9215679937447702,0.0739341677843195,0.0,7.291258318532171,0.3874587237392141,-2.370363031986324e-17,0.7312983524942854,0.8966352009124035,0.028150547786402434,0.16943271167055093,0.021808389355453067,0.16134312268877757,0.16422952505020177,1.1673400832736087
openml_2_anneal,real_openml_multiclass,real_openml,85.5,5,38,180,718,0.0,0.0,,0.0,0.0,False,718,1.414596194620986,1.1176871172797462,14.722316284999527,16.454943248261785,91.16666666666669,0.4958094272760189,0.7505295649793104,0.6386093133700226,0.7228300428516616,0.1921369571581284,1.187764057925177,,,0.0617102016993802,0.1028349078087436,0.8169272553769354,0.8371129520397781,19.284343169938246,,,,,0.1059938583848623,0.1505329457585388,0.0,0.0,1.6219813403478132,0.6741228265803741,22.53660010173377,0.9723388241866529,0.0615921448533826,0.105890340591479,0.0891364902506963,0.1646632210365993,0.1389582518290329,0.0153203342618384,0.1229091597014693,38.0,5.0,718.0,1.613883494296594,2.200682914313693,20.22420748878936,,0.192200557103064,0.0089102641234819,0.24651810584958217,1.0170814950856595,0.24651810584958217,6.0,0.008356545961002786,0.3333333333333333,6.319229117216795,15.843330989217066,1.4145961946111352,4.0,1.4473861907820897,0.8370467224546722,0.9303637842863784,0.636523709902371,0.9192294281729428,-0.0933170618317063,,,,,,,0.3801916932907348,0.0,0.0,0.0,0.0,0.0,0.851884566209586,0.9790891050044741,,,0.0,0.2085682374215509,0.0,0.0,2.930868432563512,0.0,0.0,3.806836611434626,1.1877641727921369,1.1877641727921369,0.4108068203955093,-1.1486695994378238e-07,-1.1486695994378238e-07,0.0,0.6534668506987331,1.1877641727921369,1.8207061581567499,-1.1486695994378238e-07,0.0515450095577229,0.9761577683418428,0.702247840315204,0.5106667224343954,,,,0.8381006239800747,0.024430095147037128,0.0,3.8462291365249763,0.732255600484121,-5.948420735511878e-16,0.6401780989212676,0.7848997842455979,0.025027416432969962,0.11269460338070937,0.0,0.0849538873590393,0.13376876823891792,1.0731291134726182
openml_30_page-blocks,real_openml_multiclass,real_openml,175.4643,5,10,1095,4378,0.0,0.0,,0.0,0.0,False,1998,1.7466329791725113,0.58080356148889,2.547462934000275,1.4795755448282968,170.8695652173913,3.5163019603879517,0.1657360207990307,0.8603121729477431,0.5282248235075523,0.1513565318379489,0.6311890355422735,0.2987250173235078,0.2555313532789746,0.2847670518525008,0.2389828019063574,0.962423383119653,1.1760658243943245,4.061391542889877,0.8271035264669946,0.1037339517571128,0.0003529001027893,0.0010693152851141,0.2818713893961264,0.320488504693539,0.1403809538373371,0.3190635621441,3.99207898286114,0.2143218259014302,1.9971796615891777,0.8957583709835962,0.1554120130690851,0.0658134203118084,0.077077077077077,,,0.0445445445445445,0.206353192919591,10.0,5.0,1998.0,1.6040597838342672,1.1848122558683754,1.1325893956914823,,0.0940940940940941,0.2218466989468735,0.11361361361361362,1.0843647584363723,0.11361361361361362,23.0,0.005253540429419826,0.7304347826086959,54.18275832110941,31.108116453723163,1.7466329791705164,4.0,1.4896136174554808,0.9318637274549099,0.9498997995991983,0.9418837675350703,0.9405477621910489,-0.018036072144288484,0.9748996299789574,0.8402389679297013,0.6597563511837845,0.003395495201425914,3.748287338868343e-07,0.0,0.9874673629242819,0.23816167765939456,0.0,0.9660574412532638,0.0,0.0,0.7786220864418854,0.8895478927499003,4.1975343000822195e-08,4.01680192423797e-05,0.035909865757511185,0.27816382930880656,0.0,0.010268346111719605,3.5848561264952874,3.5842526422140546,3.0670320767881165,4.145612835431901,4.031140297962919,3.4194886770972,0.27873243523319013,0.16638736155601563,0.07028246031702423,3.5820252141501183,3.58479914376611,4.017839384471473,4.109831287605761,0.1062072706241961,0.194885545293064,0.7287568045078292,0.5024869410308911,0.3791686074605984,0.9584721081524676,0.19450606117847535,0.031231183710986144,0.8452368844018457,0.21535885220999912,0.030748099961706375,3.885670061099373,0.46758548819466805,0.012411633969506279,0.43426742772051624,0.5964443368179273,0.0824601179798311,0.4210757861140111,0.08607268124694016,0.4465153371930425,0.2697254229144567,1.4093808164415926
openml_32_pendigits,real_openml_multiclass,real_openml,1.0844,10,16,2199,8793,0.0,0.0,,0.0,0.0,False,1993,0.0399213566328149,1.0638405468220165,11.868343748458855,12.626025303232131,1.0841232227488151,3.236840352236515,0.343132189222928,0.0002045108144584,0.6798127340859498,0.2222199964847805,3.320732644055542,0.2734009707406783,0.2036430305310614,0.2731924434281091,0.2039566154401453,0.9980299219983784,1.361727017554566,4.551256462175903,0.4900871711260595,0.1373570812000945,0.0116072327928533,0.0398016009755328,0.3462082420909335,0.2860466558753971,0.0058902275769745,0.039512847795177,5.827943129978626,0.4531342309529206,16.763393832742587,0.9722037668719596,0.7296298663134306,0.2367153980027062,0.0526843953838434,0.2751741909144164,0.0903015038324919,0.0150526843953838,0.121793037197157,16.0,10.0,1993.0,0.0392235511380441,4.554361995530296,7.184143884806026,3.9193718253760896,0.1976919217260411,0.0004519978294199,0.0577019568489714,1.575577005027483,0.0577019568489714,844.0,0.09598544296599568,0.9926540284360189,1.6372114863791911,1.0464489160219288,0.03992135663276958,5.0,9.904267663997332e-05,0.19960189517291163,0.9738780743362451,0.8566539801055327,0.866035570854848,-0.7742761791633335,0.7761529249013167,0.4678527924970091,0.27498090699217154,0.18265794206896555,0.00013014048902286498,0.0,0.8894472361809045,0.39425587467362927,0.0,0.26506024096385544,0.0,0.0,0.40947166988913103,0.5548131675821512,0.0,0.0015873835297103127,0.05012531328320802,0.6031331592689295,0.0,0.0,3.5811896241182133,3.3564260135023525,2.4959571992455305,6.532261416677196,5.84801888988258,4.968433660372695,1.1867747437676819,0.6926865342417399,0.36966085149655914,3.1060934229845003,3.4456822553731157,5.55095788019573,6.143762666162932,0.6301334978285935,0.8186574790905969,0.9369164903490538,0.7364762199718388,0.21019826835353617,0.8571005529064426,0.21585691015190095,0.00019386800157416832,0.8546904203541651,0.21416305970209928,0.00019128492556176328,4.728939494389029,0.4751406825009805,0.026339420504216813,0.6140780015186945,0.8139936358450306,0.11430161095474574,0.38506700811179534,0.11375858420822324,0.38623909351423225,0.10094260103273904,1.1112656302176498
openml_35_dermatology,real_openml_multiclass,real_openml,5.6,6,34,74,292,0.0,0.0,,0.0,0.0,False,292,0.4518471918485108,0.5153104922292725,19.296182949537737,9.943525533872387,5.5625,1.125783969693812,0.4915635427793571,0.0496887195946887,0.915640187298926,0.1208166911697281,2.434537549231454,0.2289211900482101,0.2087793449077943,0.2297078608043892,0.2094967997012916,1.0034364261168374,1.812069761275778,5.590717258055117,0.4437704403838178,0.3003531571184611,,,0.066578831796223,0.1831748788287008,0.0,0.0,3.124860837073798,0.5633708775301841,114.80365458269428,0.883233252017264,0.4354606818514684,0.2284315098870612,0.0753424657534246,0.3169207372315508,0.0917994964669266,0.0342465753424657,0.182174100544489,34.0,6.0,292.0,0.5360296554849457,4.250371454444868,73.31475625153547,,0.1952054794520548,2.6035501388427827e-06,0.22602739726027396,1.762172887173129,0.22602739726027396,16.0,0.0547945205479452,0.9875,8.405214870063329,2.1673850376857895,0.4518471918392263,3.0,0.47231263342359586,0.49659863945578236,0.9110386422610283,0.8904200855599972,0.9622694438600182,-0.4144400028052459,0.9266941923132469,0.4218180211881343,0.057776341017523505,,,,0.6363636363636364,0.0,0.0,0.0,0.0,0.0,0.14382641676742536,0.7135902886589073,,,0.0,0.0,0.0,0.0,2.5646498715943515,1.0626138037834663,0.306424729870515,4.788857675230626,2.975011118673405,2.4345392225741773,0.821921549812969,0.4415079617521045,0.08880988860683203,0.8539639406276696,1.4024449625842044,2.65131834826207,3.6002130804744565,0.2656329931640534,0.6297131861582178,0.9932490736285895,0.9627091126085418,0.7018172307995659,0.9464529272258722,0.17157379147006327,0.0001490326206697063,0.9497053427833476,0.1721633921280361,0.00014954476025963638,9.261199485607698,0.4429500112494925,0.036319098210663425,0.9451398810808214,0.9752856383771118,0.08379745868218823,0.2955703755014255,0.08408542245772836,0.2965860812591617,0.13789098767303348,0.8879861095563231
openml_36_segment,real_openml_multiclass,real_openml,1.0,7,19,462,1848,0.0,0.0,,0.0,0.0,False,1848,0.0,1.2253027700701151,46.43435759856774,56.89614699195136,1.0,3.0599499022552856,1.2462819541743486,-2.220446049250313e-16,0.7524652145764299,0.2574946442700306,2.807354922057604,,,0.2462294692976196,0.3197947582743802,0.9478813438577466,1.770982930110834,3.229564533058252,,,,,0.1612554112554112,0.2663785769194609,0.0185786435786435,0.082151177388149,4.998037499470439,0.9717173373105176,54.80808272117982,0.950618487753228,0.8692673248424503,0.5785186952754593,0.0698051948051948,0.1787455122587014,0.1429406980473004,0.0275974025974025,0.1638606583616315,19.0,7.0,1848.0,0.0,3.728740854024064,32.98609239794823,,0.1558441558441558,8.86191780371992e-05,0.20725108225108224,1.0735487000694524,0.20725108225108224,264.0,0.14285714285714285,0.9787878787878787,1.1107696919018479e-08,1.0,0.0,0.0,,0.2850474281897128,0.9218997995991985,0.7943927855711422,0.9138931195724783,-0.6368523714094858,,,,,,,0.8712121212121212,0.0,0.0,0.3768939393939394,0.0,0.0,0.08263403517694201,0.897425248327548,,,0.0,0.35795454545454547,0.0,0.0,3.5849574313405004,3.5842635495878272,0.0,6.236092830224886,5.151714412488343,2.8073550175837916,1.521433873387819,1.2032710281799295,-9.552618784880451e-08,3.5814091641728982,3.584797800362093,4.927036325329202,5.609262688797257,0.37185584815546946,1.3995146093329853,0.9851782577652219,0.8386063571470471,0.3474232823037582,,,,0.9991638355233271,0.062227786058314964,0.0,7.616899113077739,0.4086836460850809,-1.7697432064341464e-17,0.6000819691374067,0.9479539842577455,0.021634568005501193,0.49188854285103795,0.01177493093078552,0.4591831454571498,0.00016142014894522568,0.9282012439584768
openml_375_JapaneseVowels,real_openml_multiclass,real_openml,2.0639,9,14,1993,7968,0.0,0.0,,0.0,0.0,False,1996,0.234170402908534,0.6540099834803165,4.106384426823641,2.685616411150758,2.0656,3.578679962015028,0.0206967384332286,0.0079082227678497,0.6572610954030028,0.2536305611454776,3.1317535440813176,0.2352342613540552,0.1626032114693228,0.2364865812896269,0.1632005114216865,1.0065362595553795,1.0736378992841316,8.191032363240701,0.6903342775127067,0.1887778208162752,0.0046729865770995,0.0048171270290798,0.5186776150137605,0.2427939423237222,0.0417292152433929,0.0915785242529784,6.328094210486205,0.2025843072500733,14.661824070444366,0.99043377335834,0.3823392956101409,0.2105383700767397,0.1402805611222445,0.3570949275522413,0.0933747476344153,0.0596192384769539,0.2368393707335097,14.0,9.0,1996.0,0.1951334359167562,3.90623641107163,5.512401579908292,,0.5345691382765531,0.0012296109994223,0.2665330661322645,0.9953936788311301,0.2665330661322645,625.0,0.07843875502008033,0.9836799999999999,2.412041994300891,1.3438058782433437,0.23417040290826957,6.0,0.7977640345625031,0.2500046947978956,0.9171193793208907,0.8308866729442821,0.9117713338323233,-0.6671146845229952,0.9462097887650359,0.7782204813763782,0.33874941985894136,0.016582044633534437,0.0022498302521624103,2.7830502764423802e-05,0.8895582329317269,0.5865595025079933,0.0234192037470726,0.35733333333333334,0.0,0.0,0.5604321135875903,0.8134311162871877,0.0015737129105938515,0.007413964665025157,0.36395253682487727,0.7360520506134061,0.0,0.00333175602488697,3.584956710647189,3.584956710647189,3.5074091407743238,6.5770895752982454,6.43006031833817,5.926035592288931,0.7906746624395753,0.28664993639033653,0.08813889749821868,3.584956710647189,3.584956710647189,6.192908556142307,6.469083773496828,0.2450458420377457,0.5238016985861991,0.9200254429663428,0.7125060364264054,0.1588604297506219,0.6821741243474256,0.20327088740558463,0.0008845961477147399,0.682739467908863,0.20852285220906516,0.0008715865658106459,3.9922218340887268,0.6608330645092602,0.052994140658854695,0.5784105007939109,0.8143025711207682,0.10765081916824998,0.33695941519058215,0.10886906847222337,0.33275968613811224,0.2977014361298356,1.3257651994571344
openml_377_synthetic_control,real_openml_multiclass,real_openml,1.0,6,60,120,480,0.0,0.0,,0.0,0.0,False,480,0.0,0.7238279983972159,11.137674164866768,8.061760397555895,1.0,2.8073173254296764,8.956737291214457e-16,0.0,0.6971273360697612,0.3422942514335964,2.584962500721156,0.4570227389213381,0.2716199887643938,0.4579768573742009,0.2721870451083695,1.0020876826722338,4.126403274315605,3.163523481745648,0.4017098717781208,0.2136714051243692,1.7054036460873353e-13,4.850652001164305e-13,0.1045833333333333,0.1739199237607709,0.0,0.0,4.575164822694381,0.3179255345704867,34.10760606416227,0.9375347222222222,0.8171150034564502,0.3179255345704867,0.0625,0.4199275842827306,0.0499867520159872,0.0145833333333333,0.1200027545496888,60.0,6.0,480.0,0.0,2.8985940317365526,18.287061160226997,1.571011507096463,0.81875,0.0006378878465666,0.12083333333333333,1.7162657515305106,0.12083333333333333,80.0,0.16666666666666666,1.0,5.233865280311367e-08,1.0,0.0,0.0,,0.31875,0.9729166666666668,0.9395833333333333,0.9729166666666668,-0.6541666666666668,0.9864296924867989,0.3991924408687474,0.14330671578133586,1.7577718175937024e-12,1.7491924140618567e-30,0.0,0.54375,0.0375,0.0,0.0,0.0,0.0,0.18841406755792695,0.5545068069346055,0.0,4.8927428082883965e-26,0.0,0.090625,0.0,0.0,2.8073173254296773,2.8073173254296773,2.8073173254296773,5.3341482825122855,4.64283430900587,4.119744159882599,1.2725356662682348,0.7494455171449625,0.05813154363854789,2.8073173254296773,2.8073173254296773,4.271818594202371,4.774930976867273,0.6173488492835608,1.1204612319484617,0.9737308504518412,0.8972994780998367,0.2543469939083614,0.9424319203054546,0.4437684156731204,0.0007907120974019405,0.9443994190952364,0.444694863305006,0.0007923628533464126,31.567019543470778,0.18948653597300735,0.03605017639403028,0.40133696424002796,0.9589223936487384,0.22568094767499675,0.6951460400051839,0.2261520978789109,0.6965972843475744,0.07129010550370968,0.4256803360251079
openml_378_ipums_la_99-small,real_openml_multiclass,real_openml,29.4569,7,60,1769,7075,0.0,0.0,,0.0,0.0,False,1997,1.477764262905758,1.11159533413192,2.616693325697004,2.908704091698926,29.37974683544304,1.4327346747433642,0.8663198196618062,0.4893583664348894,0.3978456203537432,0.2917135225215456,1.7547971513148075,,,0.1923047104695141,0.1962096016916377,0.996289227978072,2.1343547986103006,14.029227843592905,,,,,0.604873940824153,0.3886448993549332,0.2727323683420495,0.337575247886502,3.0624503054728307,0.8361689599696833,4.791218767902088,0.9394986320241504,0.1250815205853412,0.1221113990349998,0.3485227841762644,0.3657215456093611,0.1834531266296251,0.2699048572859289,0.4440213405492674,60.0,7.0,1997.0,1.2326503441414212,1.3751707219175704,4.011269953917869,,0.5653480220330496,0.102727632710307,0.4156234351527291,0.45957609041088343,0.4156234351527291,158.0,0.022332155477031802,0.4430379746835444,4.994838812933917,5.891962334648479,1.4777642629042957,6.0,1.9784580954530457,0.6998723014972382,0.7272724833871224,0.73929384874166,0.7700514818123528,-0.027400181889884134,,,,,,,0.9619047619047619,0.821969696969697,0.032448377581120944,0.8016528925619835,0.02857142857142857,0.0,0.8754357778843704,0.9609519914011012,,,0.13399339933993398,0.9354838709677419,0.0,0.6417112299465241,3.5839148099925118,1.2163485786852466,0.0,5.30723707167184,2.853614323411197,1.7547973155788523,0.8137741688653013,0.10970580425088206,-1.6426404481073575e-07,0.9724448864742904,1.767700720906179,2.596385619037502,3.279787021903749,0.048923973121687836,0.1649429792995829,0.8946785927621947,0.2885555381930681,0.14440680431067782,,,,0.956700147818286,0.12080762186966842,0.0,15.396340091590709,0.4140500568510338,0.0,0.1933715178289104,0.5290641877652114,0.047482946283760145,0.29617786492325093,0.04188122841554571,0.2865590172245008,0.1206692188169407,0.9898517245268512
openml_381_ipums_la_98-small,real_openml_multiclass,real_openml,67.6338,7,60,1497,5988,0.0,0.0,,0.0,0.0,False,1997,1.444355826937621,0.789105853619833,0.9480825802557854,0.7481375137948354,67.3859649122807,1.413817735002339,0.8756959883923676,0.4656882817496753,0.3781469816513,0.2916786079075746,1.7606295067544293,,,0.1906447315507267,0.2019118233751096,1.000646407127806,2.174454226924652,14.36118979360757,,,,,0.5550436128007528,0.3484441736215253,0.2094088047289249,0.2798995744071738,3.0518508878294552,0.8493003213452521,5.863783801006924,0.939223055915872,0.122596353927313,0.1292866535351271,0.3625438157235854,0.3626794924168202,0.1844224514087839,0.2924386579869805,0.454996654690296,60.0,7.0,1997.0,1.6112162691584897,1.283352889946435,5.321443144697928,,0.5202804206309464,0.0971751230753244,0.41812719078617927,0.4680640123845846,0.41812719078617927,57.0,0.009519038076152305,0.2807017543859649,4.1231351414938615,8.750037400783652,1.444355826935933,6.0,1.928218722459481,0.6940547762191049,0.7127588510354043,0.7261189044756179,0.7575150300601202,-0.01870407481629932,,,,,,,0.9905437352245863,0.6902654867256637,0.014604150653343582,0.8770685579196218,0.031746031746031744,0.0,0.8708961890535353,0.9689086727109564,,,0.15155526141628062,0.8253968253968254,0.0,0.4506578947368421,3.584487437583162,1.2613686782132034,0.0,5.310567381485317,2.863227303365922,1.760629679805002,0.87733322520709,0.11184551999792824,-1.730505727604026e-07,0.9120049170042641,1.7575902051921406,2.5382343765413156,3.294652727523188,0.03862192783444196,0.1728123759605914,0.9175011031578756,0.2391261679487699,0.1616482834909112,,,,0.9597448606035603,0.10987481260831508,0.0,15.493323190201103,0.3835113899640423,-9.56196755118945e-16,0.20709614125602935,0.4460770682394605,0.03662608490246444,0.2981212159049702,0.03386179878800509,0.29299925398759663,0.1271681281112707,0.9268397722769188
openml_382_ipums_la_97-small,real_openml_multiclass,real_openml,7.5116,8,60,1404,5615,0.0,0.0,,0.0,0.0,False,1996,0.5824048994633608,1.1720405798286213,0.6824034207951394,0.7998045009857698,7.48792270531401,1.4206824272655472,0.8989253334456926,0.0568736477100043,0.311833202953835,0.1865238026187701,2.7574752701469656,,,0.2018496808386811,0.2085921258044555,0.982624566407475,2.254889380037524,39.17638499309344,,,,,0.8479346224338427,0.1150052196032573,0.6064062879285358,0.2704935693745269,4.107771538234399,0.8731044571467058,1.3577170700766932,0.9992570310962606,0.0703861591781143,0.0906125893090587,0.8396793587174348,0.5469342640320013,0.105219693428964,0.7104208416833667,0.4536807123057896,60.0,8.0,1996.0,0.5896491582357524,0.8894263989113291,0.8924409246341749,,0.937875751503006,0.3401407638740152,0.9724448897795591,0.41338363633098824,0.9724448897795591,207.0,0.03686553873552983,0.3227053140096619,2.5722362295018026,2.6216635166057585,0.582404899462531,4.0,0.7253812002314507,0.3643042443655718,0.3068345526394154,0.10494482941787188,0.3656322014846292,0.0574696917261564,,,,,,,0.9937421777221527,0.8846035629541291,0.5453125,0.9474342928660826,0.6116462835021161,0.0,0.9229902349255328,0.9809836296971433,,,0.787853063744405,0.927674450883098,0.4095435049019608,0.8682093208856883,3.5831314725849306,1.2810349918076775,0.0,6.291925157063117,3.9670208435804177,2.757475416615131,0.6595635139788385,0.05173277221249517,-1.4646816559604758e-07,0.9624475427418251,1.7686299249525421,3.6798943542921503,4.3922393594282685,0.030612003366288443,0.08451031047966506,0.6867182245664601,0.2698305536659694,0.1404981569902763,,,,0.9896703265595393,0.12186726089711507,0.0,16.28664450417424,0.3682989702319349,0.0,0.18836785430656028,0.3545248884205095,0.03771622365634675,0.33747913899851734,0.03424315105370204,0.3263456586397942,0.11751700889906234,0.976629425927269
openml_39_ecoli,real_openml_multiclass,real_openml,71.5,8,7,68,268,0.0,0.0,,0.0,0.0,False,268,1.0806217528297286,1.3904436092650676,10.902902309432294,15.15987083859148,57.0,1.8760972985523647,1.198177166692035,0.1985069924403615,0.6066966620817651,0.29676232184491,2.204186171006015,0.1839227822713188,0.1878720737950331,0.1846116316431214,0.1885757145208574,1.0037453183520586,0.6896681683818878,4.522498223230299,0.4253396556567043,0.1439945335348072,,,0.173975762743428,0.2191643243541347,0.0477094571065105,0.1456477552395104,3.592901040155982,0.94093515131395,10.198296920814863,0.963786478057474,0.4873824294023988,0.3354427710389691,0.291044776119403,0.4049943029661157,0.135645122239318,0.2164179104477611,0.4125728227356194,7.0,8.0,268.0,1.1833556660845432,3.1049731324687806,4.0802442601354825,,0.4365671641791044,0.0058419336266726,0.5186567164179104,2.4034530691002356,0.5186567164179104,2.0,0.007462686567164179,0.2,11.519494483871146,12.825051102008176,1.0806217527974713,5.0,1.1834890669863247,0.6417910447761194,0.7873134328358209,0.7313432835820896,0.8694029850746269,-0.14552238805970152,0.670834060692284,0.4224404145954176,0.21740687881628554,,,,0.7843137254901961,0.10555555555555556,0.0,0.5617977528089888,0.0,0.0,0.3464786808815629,0.4868694368649088,0.0,0.0,0.02586206896551724,0.1813936063936064,0.0,0.0,2.5831867825307557,2.577054564906014,0.03547048239591826,4.412225878164227,4.042286817858357,2.211651014672987,0.9888698225009014,0.5608410618056574,0.028005638728946458,1.3876175485230333,2.580867081493901,3.0358570650786088,4.20621472011954,0.25676610826131174,0.6602141331293314,0.8961914253904169,0.6298124778945245,0.0483258886002923,0.7982106520738894,0.1281900336164605,0.008806313433063309,0.8012002050779126,0.12867014610191546,0.00883929588037813,2.1774858877597145,0.8582503489597305,0.13699216323540325,0.4974145706930383,0.838858850650523,0.05538508378331165,0.2740360240700992,0.05559251855403561,0.27506237622017465,0.5640015222437099,1.3627428920110711
openml_40474_thyroid-allbp,real_openml_multiclass,real_openml,52.6452,5,26,560,2240,0.0,0.0,,0.0,0.0,False,2240,1.0632819001726184,0.6457669138763784,0.9994271676681802,0.6453969977092905,52.2,1.045264385546558,1.4427238209228137,0.3522533463938434,0.4654170280861723,0.1672392359025685,1.5286413272552644,0.0621065829591247,0.1225953512656713,0.0621343214955068,0.1226501057771791,1.000446627958915,0.7002094953302147,31.269721861043717,0.9416648444518212,0.073958363879055,,,0.7760097735489775,0.1583157349061192,0.4476465798379143,0.3453288206806046,2.52502004205463,1.4062006307628263,1.3964402020439155,0.9957382015306122,0.0488856707471923,0.054211540938205,,,,,,26.0,5.0,2240.0,1.1539244347566595,0.9503589262060848,0.659822844268201,,,0.3193655975126832,0.7007007007007007,0.7225966867619177,0.7007007007007007,25.0,0.011160714285714286,0.256,1.5277028229232639,12.879390232333773,1.063281900170245,3.0,0.9140215989303289,0.6219104876419504,0.5958583834335337,0.18770875083500335,0.6887107548430195,0.02605210420841675,0.9986816588519142,0.9587072242890324,0.6591534075556078,,,,0.9807580174927114,0.8175663767127181,0.551219512195122,0.9346938775510204,0.4433709358155081,0.0,0.9275081537964367,0.9943295392160938,0.0,0.0,0.6261511828183768,0.8545190457237264,0.12688533781889544,0.6537758255704618,3.5818488691316808,0.3306480432101053,0.0,5.0374865796863295,1.848108049489841,1.5270657364840168,0.2371857518449234,0.034940626594946456,-1.0222316837449341e-07,0.11694689983918466,0.8506275948103561,1.6263939029350174,2.323351805152428,0.006000425676807308,0.0810630795089517,0.6325885554093761,0.49214524944033644,0.2269903617176449,0.9946021780429178,0.027174018975010074,0.0003337543313979059,0.9949107911743983,0.028068355330787543,0.00029686536542629474,3.339924329846142,0.9015598288997551,0.0053164686727053935,0.37407746061702507,0.5790351428252348,0.011029615301502479,0.052318780516003624,0.011105545219520946,0.05188093969947382,0.7215538332981286,1.1532114625253993
openml_40475_thyroid-allhyper,real_openml_multiclass,real_openml,52.6452,5,26,560,2240,0.0,0.0,,0.0,0.0,False,2240,1.0632819001726184,0.6457669138763784,0.9994271676681802,0.6453969977092905,52.2,1.045264385546558,1.4427238209228137,0.3522533463938434,0.4654170280861723,0.1672392359025685,1.5286413272552644,0.0621065829591247,0.1225953512656713,0.0621343214955068,0.1226501057771791,1.000446627958915,0.7002094953302147,31.269721861043717,0.9416648444518212,0.073958363879055,,,0.7760097735489775,0.1583157349061192,0.4476465798379143,0.3453288206806046,2.52502004205463,1.4062006307628263,1.3964402020439155,0.9957382015306122,0.0488856707471923,0.054211540938205,,,,,,26.0,5.0,2240.0,1.1539244347566595,0.9503589262060848,0.659822844268201,,,0.3193655975126832,0.7007007007007007,0.7225966867619177,0.7007007007007007,25.0,0.011160714285714286,0.256,1.5277028229232639,12.879390232333773,1.063281900170245,3.0,0.9140215989303289,0.6219104876419504,0.5958583834335337,0.18770875083500335,0.6887107548430195,0.02605210420841675,0.9986816588519142,0.9587072242890324,0.6591534075556078,,,,0.9807580174927114,0.8175663767127181,0.551219512195122,0.9346938775510204,0.4433709358155081,0.0,0.9275081537964367,0.9943295392160938,0.0,0.0,0.6261511828183768,0.8545190457237264,0.12688533781889544,0.6537758255704618,3.5818488691316808,0.3306480432101053,0.0,5.0374865796863295,1.848108049489841,1.5270657364840168,0.2371857518449234,0.034940626594946456,-1.0222316837449341e-07,0.11694689983918466,0.8506275948103561,1.6263939029350174,2.323351805152428,0.006000425676807308,0.0810630795089517,0.6325885554093761,0.49214524944033644,0.2269903617176449,0.9946021780429178,0.027174018975010074,0.0003337543313979059,0.9949107911743983,0.028068355330787543,0.00029686536542629474,3.339924329846142,0.9015598288997551,0.0053164686727053935,0.37407746061702507,0.5790351428252348,0.011029615301502479,0.052318780516003624,0.011105545219520946,0.05188093969947382,0.7215538332981286,1.1532114625253993
openml_40476_thyroid-allhypo,real_openml_multiclass,real_openml,52.6452,5,26,560,2240,0.0,0.0,,0.0,0.0,False,2240,1.0632819001726184,0.6457669138763784,0.9994271676681802,0.6453969977092905,52.2,1.045264385546558,1.4427238209228137,0.3522533463938434,0.4654170280861723,0.1672392359025685,1.5286413272552644,0.0621065829591247,0.1225953512656713,0.0621343214955068,0.1226501057771791,1.000446627958915,0.7002094953302147,31.269721861043717,0.9416648444518212,0.073958363879055,,,0.7760097735489775,0.1583157349061192,0.4476465798379143,0.3453288206806046,2.52502004205463,1.4062006307628263,1.3964402020439155,0.9957382015306122,0.0488856707471923,0.054211540938205,,,,,,26.0,5.0,2240.0,1.1539244347566595,0.9503589262060848,0.659822844268201,,,0.3193655975126832,0.7007007007007007,0.7225966867619177,0.7007007007007007,25.0,0.011160714285714286,0.256,1.5277028229232639,12.879390232333773,1.063281900170245,3.0,0.9140215989303289,0.6219104876419504,0.5958583834335337,0.18770875083500335,0.6887107548430195,0.02605210420841675,0.9986816588519142,0.9587072242890324,0.6591534075556078,,,,0.9807580174927114,0.8175663767127181,0.551219512195122,0.9346938775510204,0.4433709358155081,0.0,0.9275081537964367,0.9943295392160938,0.0,0.0,0.6261511828183768,0.8545190457237264,0.12688533781889544,0.6537758255704618,3.5818488691316808,0.3306480432101053,0.0,5.0374865796863295,1.848108049489841,1.5270657364840168,0.2371857518449234,0.034940626594946456,-1.0222316837449341e-07,0.11694689983918466,0.8506275948103561,1.6263939029350174,2.323351805152428,0.006000425676807308,0.0810630795089517,0.6325885554093761,0.49214524944033644,0.2269903617176449,0.9946021780429178,0.027174018975010074,0.0003337543313979059,0.9949107911743983,0.028068355330787543,0.00029686536542629474,3.339924329846142,0.9015598288997551,0.0053164686727053935,0.37407746061702507,0.5790351428252348,0.011029615301502479,0.052318780516003624,0.011105545219520946,0.05188093969947382,0.7215538332981286,1.1532114625253993
openml_40477_thyroid-allrep,real_openml_multiclass,real_openml,52.6452,5,26,560,2240,0.0,0.0,,0.0,0.0,False,2240,1.0632819001726184,0.6457669138763784,0.9994271676681802,0.6453969977092905,52.2,1.045264385546558,1.4427238209228137,0.3522533463938434,0.4654170280861723,0.1672392359025685,1.5286413272552644,0.0621065829591247,0.1225953512656713,0.0621343214955068,0.1226501057771791,1.000446627958915,0.7002094953302147,31.269721861043717,0.9416648444518212,0.073958363879055,,,0.7760097735489775,0.1583157349061192,0.4476465798379143,0.3453288206806046,2.52502004205463,1.4062006307628263,1.3964402020439155,0.9957382015306122,0.0488856707471923,0.054211540938205,,,,,,26.0,5.0,2240.0,1.1539244347566595,0.9503589262060848,0.659822844268201,,,0.3193655975126832,0.7007007007007007,0.7225966867619177,0.7007007007007007,25.0,0.011160714285714286,0.256,1.5277028229232639,12.879390232333773,1.063281900170245,3.0,0.9140215989303289,0.6219104876419504,0.5958583834335337,0.18770875083500335,0.6887107548430195,0.02605210420841675,0.9986816588519142,0.9587072242890324,0.6591534075556078,,,,0.9807580174927114,0.8175663767127181,0.551219512195122,0.9346938775510204,0.4433709358155081,0.0,0.9275081537964367,0.9943295392160938,0.0,0.0,0.6261511828183768,0.8545190457237264,0.12688533781889544,0.6537758255704618,3.5818488691316808,0.3306480432101053,0.0,5.0374865796863295,1.848108049489841,1.5270657364840168,0.2371857518449234,0.034940626594946456,-1.0222316837449341e-07,0.11694689983918466,0.8506275948103561,1.6263939029350174,2.323351805152428,0.006000425676807308,0.0810630795089517,0.6325885554093761,0.49214524944033644,0.2269903617176449,0.9946021780429178,0.027174018975010074,0.0003337543313979059,0.9949107911743983,0.028068355330787543,0.00029686536542629474,3.339924329846142,0.9015598288997551,0.0053164686727053935,0.37407746061702507,0.5790351428252348,0.011029615301502479,0.052318780516003624,0.011105545219520946,0.05188093969947382,0.7215538332981286,1.1532114625253993
openml_40478_thyroid-dis,real_openml_multiclass,real_openml,52.6452,5,26,560,2240,0.0,0.0,,0.0,0.0,False,2240,1.0632819001726184,0.6457669138763784,0.9994271676681802,0.6453969977092905,52.2,1.045264385546558,1.4427238209228137,0.3522533463938434,0.4654170280861723,0.1672392359025685,1.5286413272552644,0.0621065829591247,0.1225953512656713,0.0621343214955068,0.1226501057771791,1.000446627958915,0.7002094953302147,31.269721861043717,0.9416648444518212,0.073958363879055,,,0.7760097735489775,0.1583157349061192,0.4476465798379143,0.3453288206806046,2.52502004205463,1.4062006307628263,1.3964402020439155,0.9957382015306122,0.0488856707471923,0.054211540938205,,,,,,26.0,5.0,2240.0,1.1539244347566595,0.9503589262060848,0.659822844268201,,,0.3193655975126832,0.7007007007007007,0.7225966867619177,0.7007007007007007,25.0,0.011160714285714286,0.256,1.5277028229232639,12.879390232333773,1.063281900170245,3.0,0.9140215989303289,0.6219104876419504,0.5958583834335337,0.18770875083500335,0.6887107548430195,0.02605210420841675,0.9986816588519142,0.9587072242890324,0.6591534075556078,,,,0.9807580174927114,0.8175663767127181,0.551219512195122,0.9346938775510204,0.4433709358155081,0.0,0.9275081537964367,0.9943295392160938,0.0,0.0,0.6261511828183768,0.8545190457237264,0.12688533781889544,0.6537758255704618,3.5818488691316808,0.3306480432101053,0.0,5.0374865796863295,1.848108049489841,1.5270657364840168,0.2371857518449234,0.034940626594946456,-1.0222316837449341e-07,0.11694689983918466,0.8506275948103561,1.6263939029350174,2.323351805152428,0.006000425676807308,0.0810630795089517,0.6325885554093761,0.49214524944033644,0.2269903617176449,0.9946021780429178,0.027174018975010074,0.0003337543313979059,0.9949107911743983,0.028068355330787543,0.00029686536542629474,3.339924329846142,0.9015598288997551,0.0053164686727053935,0.37407746061702507,0.5790351428252348,0.011029615301502479,0.052318780516003624,0.011105545219520946,0.05188093969947382,0.7215538332981286,1.1532114625253993
openml_40496_LED-display-domain-7digit,real_openml_multiclass,real_openml,1.5405,10,7,100,400,0.0,0.0,,0.0,0.0,False,400,0.1204159457879229,0.4936159650284896,6.979325845288109,3.445106662370169,1.5862068965517242,0.8840852170456692,0.10110746281892,0.001767315419037,0.6698467341084269,0.1963993263752771,3.3110098462966446,0.1635853782281568,0.1173904717012788,0.1639953666447687,0.1176846834098032,1.00250626566416,0.5297099143510237,7.569604794348561,0.4206647810389928,0.0833200060102237,0.8,0.4045199174779452,0.9176149177159948,0.1886995427983897,0.8520447815095703,0.3473446109213216,3.7576865147786376,0.040665437957637,10.16808625402743,0.99403125,0.4374085485636756,0.1059977074965173,0.6425,,,0.3625,0.4813241447619545,7.0,10.0,400.0,0.128996408907404,3.3722987027740547,4.196258288395794,,0.065,0.0045842422529635,0.66,1.9267930582578907,0.66,29.0,0.0725,0.710344827586207,1.0310170667797127,1.1707164542460309,0.12041594578491258,4.0,-0.864460490718888,0.20003366625519023,0.6600082295290465,0.46012419107470165,0.7549283656903453,-0.4599745632738562,0.5325583609105279,0.40379979013048883,0.32816258183689806,1.0,1.0,0.0,1.0,1.0,0.43661971830985913,1.0,1.0,0.0,0.3540622760110065,0.4860040911865111,1.0,1.0,1.0,1.0,1.0,1.0,0.9814538950336537,0.9149263727797277,0.6855156779344391,3.8342010533890285,3.762459052679468,3.713780290655553,0.5636318950606483,0.4709121033206283,0.2705036341261793,0.8534672668183841,0.9498830199675479,3.727426868187277,3.7692557351759315,0.36614706008078035,0.5122590436383565,0.898639989729865,0.7059965968295328,0.37965573162038146,0.3999920823636002,0.15137334195188681,0.009719517146859194,0.40099456878556455,0.15175272376129018,0.0097438768389566,1.9834821725394411,0.9372994803406821,0.3983493047370585,0.5525138645740724,0.7998035457155319,0.07498334503202649,0.25361942954608724,0.07517127321506427,0.2542550672141213,0.6883150882174567,1.160891362798513
openml_40497_thyroid-ann,real_openml_multiclass,real_openml,37.5054,3,21,755,3017,0.0,0.0,,0.0,0.0,False,1999,1.2550145870158973,0.4951260287788659,3.7204535867737416,1.8420934096753705,37.7027027027027,1.161114167653557,1.526671235320337,0.8790811013147753,0.3924847352530107,0.346375914159891,0.4528430443844803,0.0527526681936001,0.0933681957149461,0.0521864051398604,0.0921850404364872,0.9461833436203372,0.5367892161774893,14.334193300491616,0.9422211501525444,0.1286932083333783,,,0.0334340241189556,0.0349606011360459,0.0,0.0,1.5823654067029616,1.479599409296881,0.7065850459761418,0.9786796850150938,0.0315918053350759,0.0693902690930538,0.1170585292646323,0.2781377605027986,0.1515180653019897,0.0740370185092546,0.2618966408352653,21.0,3.0,1999.0,0.7534841307340704,0.428064808723352,0.6843264413362358,,0.1715857928964482,0.5807817469521719,0.06753376688344172,1.7884831729263746,0.06753376688344172,74.0,0.024527676499834273,0.7783783783783784,37.61004742669971,19.335188129305774,1.2550145870146494,2.0,0.7050295894037735,0.9546319305277221,0.965310621242485,0.12607214428857716,0.9359599198396794,-0.010678690714762906,0.9996907114397217,0.9988057751068624,0.5031787764153959,,,,0.06974358974358974,0.030558482613277135,0.0,0.0,0.0,0.0,0.9899584351687629,0.9991845919558681,,,0.015279241306638568,0.05015103617843344,0.0,0.0,3.5817094018634044,0.2736159008202146,0.0,4.020100075192406,0.7246687076556944,0.45284309880099877,0.2848963678308718,0.0016443569197216457,-5.441651845794482e-08,0.10012269540433258,3.342959378184085,0.5519339816112995,3.684900025300691,0.0008485142048486605,0.01273310180673759,0.6374094929951597,0.392484735253011,0.1475599775108623,0.7765857786310549,0.021485341557780556,5.367353007152996e-18,0.7553440584788218,0.021707819184066626,1.8507434901018483e-35,2.577630126288251,0.9109425808842355,-3.331217007040449e-16,0.27002235638193667,0.5149471141240853,0.009193040757286339,0.05301859477680491,0.009053688866863863,0.051980215508329056,0.7427542360174847,1.1073119549864376
openml_40498_wine-quality-white,real_openml_multiclass,real_openml,439.6,7,11,980,3918,0.0,0.0,,0.0,0.0,False,1998,1.1278503099808852,0.9499072282407192,0.7360588893364295,0.69918765939151,439.5,3.570381202324715,0.0116670473777394,0.2393964271858538,0.1971388523418427,0.1963442111772478,1.859585472380131,0.1854353972117626,0.1962063752672064,0.1843641474139418,0.1944280919554359,0.9964298867913154,0.8852473714519398,20.315403445030096,0.9400126239840476,0.0666205493692768,0.0144724539807991,0.0297549226827723,0.595929642122942,0.3912538055896127,0.3394986382134325,0.3916478352003955,5.338430935460885,0.053750838653025,0.5822420405007281,0.9988399310221132,0.0915357392439604,0.0554632148086616,0.7067067067067067,0.4062600603367687,0.2241005333293969,0.4344344344344344,0.4958066071998941,11.0,7.0,1998.0,1.7972854974615429,0.4259376089300318,0.4707459868321601,,0.8148148148148148,0.609944085827398,0.8678678678678678,0.6971951815987336,0.8678678678678678,4.0,0.0010209290454313426,0.2,1.2870877027157506,61.080239470771815,1.1278503099788701,4.0,0.8295620136235474,0.4492656875834446,0.46194926568758343,0.44726301735647533,0.5060080106809078,-0.012683578104138837,0.9943144869471557,0.9679708083956592,0.7740185699004467,0.1296529997934969,0.003246306496203442,0.0,0.9939678284182306,0.6685082872928176,0.0,0.9470509383378016,0.08508287292817679,0.0,0.9280501251777968,0.9816372105296536,1.596797197142051e-14,0.014100489665597505,0.058823529411764705,0.9276859504132231,0.0,0.7697674418604651,3.584381351457653,3.569878138674421,3.543037920703934,5.397358786957382,5.358416897025597,5.205031331775787,0.22258429214041264,0.07928888379394206,0.03937623113705868,3.5658661696975447,3.57848545582689,5.329300060301717,5.366996988113162,0.0547674464177792,0.0983291335954144,0.5657498886320862,0.12343164647862113,0.04228306839512273,0.8365971664854084,0.10839237340939327,0.0009211407074174064,0.8203671268200357,0.1047836830691132,0.0008873616873158509,3.301445102144192,0.8682156070537128,0.01559427216395416,0.07630152041225985,0.2313669508770049,0.06040182573949105,0.26345183940529937,0.06104592514796205,0.2583823890155808,0.5059246939237065,1.1259183063126303
openml_40663_calendarDOW,real_openml_multiclass,real_openml,2.1818,5,32,80,319,0.0,0.0,,0.0,0.0,False,319,0.2386154512098441,0.3748614757149865,0.5027671394648283,0.1884680318407879,2.2,1.3556645378659056,0.4917298610223019,0.0164864669904449,0.5675061254087559,0.1197784130037629,2.275739008834458,0.2524776605273881,0.1757109671908215,0.2532716154347069,0.1762635174021133,1.0031446540880498,1.744960285958303,22.906059471597555,0.9485620368869394,0.0329540656875752,0.0048237724139766,0.0053415937194617,0.8805622084029432,0.0765167396795833,0.18784885253334,0.1827459260312279,3.532052586241352,0.4580024726279633,2.192802377474722,0.9815548196263796,0.0993509604590116,0.0625678794215169,0.6677115987460815,,,0.3855799373040752,0.4874967108794018,32.0,5.0,319.0,0.3113059457767465,1.3312934141709345,0.9088219449462752,,0.5078369905956113,0.1857781740975426,0.6175548589341693,0.3820021788837581,0.6175548589341693,35.0,0.109717868338558,0.34857142857142853,4.3019103241729235,1.4814856196435142,0.23861545120610406,1.0,-1.1200880902387738,0.3009463351554693,0.5863751249044848,0.33879974137424324,0.5392934814553576,-0.28542878974901553,0.9930350600863086,0.9535670918777004,0.8569054151564173,0.01274522371745616,0.002616495318364104,0.0,0.9507042253521126,0.9014531567723056,0.7128712871287128,0.5294117647058824,0.1200679252821896,0.0,0.9372340451761594,0.9730738861366572,0.0,0.010038982747463605,0.8809821428571428,0.9267122341894505,0.037027027027027024,0.31661846076458755,2.275152098075787,1.388235853749814,0.0,4.434865779133763,3.5929647692531397,2.275739055462745,0.25690836436059783,0.10316934080401241,-4.662828700929822e-08,1.1870318416819083,1.7183416400820204,3.2982603194087092,3.8859330003754318,0.05665516945201854,0.12665782026067007,0.690012078425893,0.5631571506561733,0.453698121896784,0.9702118602289732,0.21882786165258128,0.000524794041974468,0.9732628409215127,0.2195159995823061,0.0005264443377039474,8.94735362866746,0.41312674000740607,0.02021470495495332,0.47074787365763954,0.6599154024072896,0.119733290207651,0.35422433052240826,0.1201098099881786,0.35533824351147275,0.2000428463225835,0.8981158706668289
openml_40664_car-evaluation,real_openml_multiclass,real_openml,18.6154,4,21,346,1382,0.0,0.0,,0.0,0.0,False,1382,1.0825055912446406,0.7313110831082613,1.3472395342801196,0.9852512030206638,18.615384615384617,0.8570710925512257,0.0547355001332109,0.5069562793245246,0.4382476667377787,0.2804377615524126,1.205103129912393,0.0598165145369061,0.1300374704270846,0.0598598284504015,0.1301316322449177,1.0007241129616251,0.6551128391800342,26.768548016919546,0.9496014684417684,0.0643944596967507,,,0.5839923631035727,0.1726502531813998,0.135129731707187,0.1695044072312239,2.017154853869152,0.0608157627182517,1.5366711367091013,0.9954139536442288,0.0450193685944671,0.0635288312786741,0.2988422575976845,0.4544138925691848,0.0784677458799868,0.2141823444283647,0.4104024146636686,21.0,4.0,1382.0,0.7955011554733668,0.7334737284123773,1.3666337502320172,,0.5397973950795948,0.3590534940790803,0.6483357452966715,0.5010744917908763,0.6483357452966715,52.0,0.03762662807525326,0.4423076923076923,1.6620462859844776,8.651972620213662,1.0825055912415076,3.0,0.9144784853389144,0.7004338394793926,0.7120138954383979,0.8089864503756798,0.8842277342890377,-0.011580055959005242,0.9991848942945067,0.9718990660135594,0.7831254449922025,,,,0.7596685082872928,0.621268228739964,0.2647058823529412,0.3898039215686275,0.06545961002785515,0.0,0.9477330227019939,0.9866265074392956,0.0,0.0,0.5609014940491264,0.6775151181968114,0.0,0.25027124147801594,0.9221067243349335,0.8197668197814422,0.7918005271617937,2.1211093823009324,2.0046610054425162,1.9039649897972069,0.22174332251954265,0.02646018494112523,0.0006123435605296379,0.8095532957189372,0.917085128482334,1.9809628232076957,2.077257632229374,0.008859557874589807,0.042679732455569,0.7599071732007296,0.3097708041196006,0.2450650228930061,0.502979996785415,0.012014992670620736,0.0002288388952071419,0.5033442111205235,0.012023692882547544,0.0002290046004172823,1.5804042804094565,1.3138736723261502,-2.1606598851049484e-15,0.27741791350630335,0.5348389886601651,0.005360801367207684,0.019818486194297304,0.005364683192962463,0.019832837017030328,5.638262446051354e-16,1.4633762360781044
openml_40668_connect-4,real_openml_multiclass,real_openml,6.8961,3,42,13512,54045,0.0,0.0,,0.0,0.0,False,1998,0.7136716776031751,0.2035633687518709,0.0215578275135262,0.0043883839916251,6.896297732118628,0.6662320405826726,0.5598825614762083,0.3647837350250702,0.2082337058738824,0.0670126135427009,1.2174401128147587,0.0843620574454249,0.100726643272131,0.085174390868934,0.1029891453338776,1.0359222626414413,0.918073897547556,193.4015323972504,0.9980046488968124,0.0023724921597373,,,0.99643126887198,0.0016583121846156,0.9906679126681078,0.003777328818121,1.8773772699095683,0.5537440054289349,0.0964683090405111,0.9990443396349302,0.0062948834878625,0.0089774691573887,0.5620620620620621,0.4764227991275966,0.1241802578344761,0.4149149149149149,0.492830691925862,42.0,3.0,1998.0,0.4971069985312749,0.0912132428977645,0.0699088732647058,,0.6631631631631631,0.9104772768904044,0.8088088088088088,0.0975775246984872,0.8088088088088088,5159.0,0.09545748912942918,0.3779026943206048,2.5974255662640737,4.049765644082159,0.7136716776031354,2.0,0.500092772765855,0.6584395457581831,0.5423620574482299,0.25883500334001336,0.637752839011356,0.11607748830995324,0.9999559529336841,0.9987839090090024,0.9900137412433926,,,,0.9983407079646017,0.9956011730205279,0.9953519256308101,0.9950221238938053,0.9887118193891102,0.9882697947214076,0.9977244572059722,0.9994367987586561,0.0,0.0,0.995476549325669,0.9969709404925648,0.9884908070552589,0.9918669716414578,1.5745505772709216,0.545650699368535,0.011417731329369232,2.776920781096144,1.76014097012757,1.2282551028101776,0.03245936489194268,0.0015667079084624724,5.997570115168216e-05,0.15593849826464662,1.179443308098095,1.3727621719396748,2.3723537204724483,0.0007668009660076192,0.009270132936700426,0.25561877933495936,0.20823370587388207,0.16084863241280475,0.5849950227173174,0.05670033471133625,0.0002694281815303893,0.6475315725586431,0.05684973846473358,0.00032490195649644054,3.3647680410246643,0.6471535135601746,3.0531118084450583e-16,0.1845411691433434,0.2319262426044207,0.02687792307502842,0.09695273790312937,0.02699102294171284,0.09778965915937365,0.4180418754515467,1.2674656420571726
openml_40670_dna,real_openml_multiclass,real_openml,2.1621,3,180,638,2548,0.0,0.0,,0.0,0.0,False,2548,0.3943483055274502,0.2412457528147258,2.310376096126558,0.5573684205951989,2.161764705882353,0.8055242544808325,0.0653964250740052,0.1242980502181073,0.8480722078419398,0.0301090502369802,1.4797016542904289,0.0322657190035419,0.0414554847841829,0.0322783871303592,0.0414717609855118,1.0003926187671814,0.7050567391765604,68.52065691762033,0.9745506542055996,0.0589789772255859,0.3333333333333333,0.5773502691896258,0.9016780513858436,0.0851497402576,0.8967800922021701,0.0897151769871947,2.2636309369648844,0.0750219107989008,5.25509606784192,0.9984269066882882,0.0215949718063768,0.0510641764533145,,,,,,180.0,3.0,2548.0,0.3078347314065436,1.4393594943339778,3.094856426697605,,,0.0772754075788259,0.7403701850925463,0.29762560597098436,0.7403701850925463,612.0,0.2401883830455259,0.8715686274509805,11.832222143781031,1.7738789552435075,0.3943483055269859,2.0,0.7071020537065416,0.61950167000668,0.5954562458249834,0.912565130260521,0.9265838343353373,0.02404542418169664,0.9999349154736281,0.9925059167667308,0.5688436337131806,1.0,0.0,0.0,1.0,0.8492429229756419,0.8491155046826223,1.0,0.8492429229756419,0.8345473465140478,0.9785532147411016,0.9969054870072054,0.0,0.5,0.8491792138291321,0.924621461487821,0.8418951347448449,0.924621461487821,0.9999348322545741,0.8090894547009198,0.5738479835867765,2.3603673176745392,2.280859866282979,1.9498074843811801,0.3736326731028963,0.005463421561227033,4.677038589617766e-05,0.7662577196234921,0.8475140911978756,2.231221749905087,2.3172303830395444,0.002201853934845399,0.01643737033836057,0.8705249319464513,0.8485914973773114,0.8266580628081716,0.47834998874084395,0.024876628957765087,2.7968406676840726e-06,0.48006192847672924,0.02490048566812385,2.7798282003600007e-06,4.974464516058706,0.9443448057677275,0.1593364579426452,0.8376247800927414,0.8595582146618814,0.011741374928318263,0.04295101269687622,0.011747649620613023,0.04302594826706502,0.31297811198853837,1.417988680320056
openml_40672_fars,real_openml_multiclass,real_openml,4679.5556,8,29,20194,80774,0.0,0.0,,0.0,0.0,False,1998,1.0466506123392536,3.2899967587418515,9.02672267192258,29.69788833268688,4813.285714285715,1.069441127908818,0.8711404614094906,0.1861578284764962,0.3259209735007882,0.2943299699787021,2.1857890874938266,0.0854008734170268,0.1565520791072942,0.0860354751644328,0.1612404988710382,0.9968598557706108,0.984334807507319,16.847796068284683,0.9309677863741468,0.1119365858594578,,,0.279979172618403,0.3316249743206685,0.1337118210712133,0.310845203173169,3.125492825501037,0.8556106710472342,2.5355915920480503,0.9970368266164062,0.1297373899016079,0.2248292585935639,0.4809809809809809,,,0.3413413413413413,0.4742784125611611,29.0,8.0,1998.0,2.403958930540425,1.2633521541398929,1.2597141324774963,,0.586086086086086,0.1753957648584381,0.6911911911911912,0.49941360312884703,0.6911911911911912,7.0,8.666154950850522e-05,0.19999999999999998,3.032329795815891,428.85910607326826,1.04665061233915,4.0,1.113392111922819,0.5794392523364486,0.5854472630173565,0.6034712950600801,0.6982643524699599,-0.006008010680907949,0.9977857425440952,0.9753544307682145,0.5214341397547302,,,,0.9910313901345291,0.11598774333093007,0.0,0.9738219895287958,0.0,0.0,0.9339353673820106,0.9916546323061547,0.0,0.0,0.02802923149457803,0.46719071424303554,0.0,0.0023501762632197414,3.581650001354478,0.9899863569397022,0.0062095469537731315,5.689853633342784,2.722545830067964,2.1913697550259283,0.9769066882677206,0.06767366056916213,0.0006288794216713356,0.5076429545178032,1.5044860778267735,2.6567501382941496,3.538774210888114,0.006954068022822835,0.1151588427284369,0.7466365566745631,0.14310890843358226,0.07302745774175616,0.9810178845090903,0.03642610036587308,4.960097269439403e-05,1.0193763151807225,0.03627887751980127,4.706171608250617e-05,4.961621896709309,0.8241602911806077,0.0188354560651898,0.11490115602961073,0.5444357897981974,0.016481973862599655,0.07841363993285227,0.016678057386065336,0.07573168113293166,0.4880188024350087,1.191059960498512
openml_40677_led24,real_openml_multiclass,real_openml,1.1385,10,24,640,2560,0.0,0.0,,0.0,0.0,False,2560,0.0418534226124339,0.1572626560743266,3.936189161100797,0.6190155622856871,1.139240506329114,0.9652142729588608,0.0765893163414702,0.0002157332396802,0.5207869478089382,0.3080813721712666,3.3206551902120984,0.0269949960493361,0.0513548823376635,0.027005545090387,0.051374950677772,1.0003907776475167,0.283934726229394,28.016073350294945,0.8385879723371552,0.2564311703686794,1.0,0.0,1.0,0.0,1.0,0.0,4.167342675041418,0.2404643605628999,9.0100680043887,0.9993830871582032,0.1185267881295413,0.193377588892479,,,,,,24.0,10.0,2560.0,0.0355524974500304,3.2002844601047915,3.824038483991352,1.0447519845143325,,0.0068765189369797,0.8371743486973948,0.7495574800131414,0.8371743486973948,237.0,0.092578125,0.589029535864979,2.4890706884127245,1.0543884817116431,0.04185342261227049,4.0,-0.4868206137809218,0.1843687374749499,0.44154976619906483,0.7107548430193722,0.7247828991315964,-0.25718102872411497,0.9988470218618102,0.9955613862193411,0.35339957950594775,1.0,1.0,1.0,1.0,1.0,1.0,1.0,1.0,1.0,0.585978548302882,0.9971684190634691,1.0,1.0,1.0,1.0,1.0,1.0,1.0,0.9996494386752305,0.6938215528117525,4.319870443673068,4.31694722503353,3.7692699283363384,0.5302439539496167,0.003207850457818573,0.0008316881777163943,0.9837380318214313,0.9998716242425536,3.8233671790991393,4.318320791546183,0.0020437919399021176,0.24395295093139202,0.8908782948256518,0.6400518719469906,0.06719889064686034,0.3985710384407779,0.016819402352193577,3.91582179305084e-17,0.39592613020971856,0.016829391207183176,3.917779495419099e-17,2.0687735160024054,0.9748968984547437,0.5090987055547018,0.3674417204275865,0.758272823225658,0.00792483875597757,0.02753288965834833,0.007936431111003965,0.027551617642828402,0.8944125986691093,1.076642095390661
openml_40678_led7,real_openml_multiclass,real_openml,1.263,10,7,640,2560,0.0,0.0,,0.0,0.0,False,2560,0.0628408673505944,0.149787530277722,3.9129564417820086,0.5861120814988302,1.2638888888888888,0.878062263898409,0.1068779709608775,0.0004827630762348,0.6529848858755077,0.1972159259858523,3.318990003522703,0.1856754534414465,0.1028570237948925,0.1857480112583441,0.1028972180206801,1.0003907776475216,0.558660763774385,8.136322394896032,0.4419458815784285,0.0810801102280259,1.0,0.0,1.0,0.0,1.0,0.0,3.789129640657364,0.0245018245614487,9.033789614842188,0.9998495483398436,0.4079226267637486,0.0986934583817834,,,,,,7.0,10.0,2560.0,0.066802449494675,3.2180895570476906,3.816673379970026,,,0.0067263611352501,0.7017543859649122,1.7076568793054259,0.7017543859649122,216.0,0.084375,0.5287037037037037,0.2865717358176466,1.079372845607556,0.06284086735034893,4.0,-1.3592790848184677,0.18996359519574627,0.41870085552631364,0.7237567504486885,0.7484969939879761,-0.22873726033056738,0.6341125827886488,0.414262993316498,0.3873277849408557,1.0,1.0,1.0,1.0,1.0,1.0,1.0,1.0,1.0,0.39174156294584817,0.4323968304531458,1.0,1.0,1.0,1.0,1.0,1.0,0.9862498374158333,0.9232270086221106,0.6961459811288004,3.8125205824015294,3.8034477701942087,3.73849930871444,0.49431622519264407,0.44686268584418976,0.20253117146025224,0.8256899169428056,0.9519036120019388,3.7739787079122555,3.807289160178401,0.38813801295079986,0.4780803941484628,0.890157150719647,0.702825828446362,0.3722836853902639,0.45658871630338216,0.17826756547239617,0.049335469400347894,0.4576770315255837,0.17916940492449326,0.04955159157831015,2.1215360978465445,0.8882397139011562,0.4807596464346522,0.5359970835178611,0.7764251308412579,0.11036577503103322,0.23043249578955496,0.1114442471631758,0.23025810214863912,0.6467915506128605,1.1231844342801223
openml_40682_thyroid-new,real_openml_multiclass,real_openml,5.0,3,5,43,172,0.0,0.0,,0.0,0.0,False,172,0.7734087975960878,0.5132703095300563,6.000294880857543,3.079773210769363,5.0,2.3111954575311096,0.0107188858399329,0.4370001083775875,0.7671010939238274,0.1760813581827771,1.1851490029117324,0.4161863736983338,0.1561679733567537,0.4186202121410141,0.1570812363588399,1.005847953216374,0.9936044115929822,2.589115012756913,0.5145837660558671,0.134087876242107,0.0003966792935118,0.0003824334958388,0.1321321321321321,0.1186946196634935,0.0,0.0,3.038601564869511,0.2034686277558894,4.580633257614348,0.7615603028664143,0.4577428955733315,0.2119106928308876,0.1104651162790697,0.2619724864476815,0.1125923838694398,0.0523255813953488,0.2233329375152536,5.0,3.0,172.0,0.4777194975592747,1.2078928212977569,3.877272016581379,2.448007707129436,0.127906976744186,0.1203694458714453,0.12209302325581395,2.225433246644758,0.12209302325581395,24.0,0.13953488372093023,0.85,16.93260896989408,3.4841269841269837,0.7734087975825982,2.0,0.7027936955484725,0.7732405726961081,0.9361766485178463,0.9651139342609397,0.9131881427707199,-0.1629360758217382,0.6359619363951488,0.5514656021179486,0.2848292803364769,0.0007630651610338678,0.00042697271950154056,0.0,0.22972972972972974,0.16666666666666666,0.0,0.0,0.0,0.0,0.5347995833783212,0.5658624280514404,0.00021348635975077028,0.0005950189402677042,0.08333333333333333,0.1981981981981982,0.0,0.0,2.320308291703556,2.315799975034365,2.2966437385632283,3.1944605609544126,3.1816678749234484,2.795314008644367,0.7101432859709216,0.3192811030226492,0.28733218052054843,2.303150014008393,2.3200752683460064,2.8374314286413878,3.1841339511839384,0.30416506573618696,0.6677928426163513,0.8916094163354065,0.7671010939238274,0.6425927715122484,0.6842978177933918,0.4243450794169072,0.21439734131117402,0.6882995594179145,0.4268266295889359,0.2156511269328768,2.708942567172106,0.540880728543342,0.2623848681927701,0.7048469327180379,0.8293552551296169,0.28942059527755015,0.5121131151769583,0.2911131133785886,0.5151079287160049,0.4781683585301866,1.0388632436434657
openml_40685_shuttle,real_openml_multiclass,real_openml,4558.6,7,9,11600,46400,0.0,0.0,,0.0,0.0,False,2000,1.8738837613253072,4.035032687046143,64.56307809928931,260.5141305069453,4558.625,2.928782622978245,0.7335117316421365,0.7014268518964814,0.3110932183404286,0.3669552406263082,0.972366554869076,0.1947482463539104,0.2756936652174638,0.2083881903300539,0.287185414710551,1.1860558407089217,1.36674483050833,3.531345757102772,0.7084649922826561,0.2636517139844621,5.34852854527478e-10,1.8657792448923424e-09,0.0103692176345828,0.0462193573764937,0.0,0.0,3.625796204292322,0.6606680024240321,7.59103291258107,0.8179295,0.2753529735549985,0.2283009348917608,0.018,0.0525470739903686,0.0905557692318532,0.007,0.0833935083721707,9.0,7.0,2000.0,2.088755559216656,1.2539546860999926,7.053673352470415,,0.0265,0.0793733489640956,0.0305,1.9118103062406553,0.0305,8.0,0.00017241379310344826,0.7,21.27630600542848,569.2766362584127,1.8738837613250243,5.0,1.8909774077259411,0.8761651131824235,0.9853528628495339,0.9494007989347537,0.9394141145139814,-0.10918774966711042,0.9970712137770419,0.728129064863859,0.28320511154523115,8.12116578224901e-09,0.0,0.0,0.21204049014384657,0.0,0.0,0.0,0.0,0.0,0.5258812013001044,0.9798396774542462,0.0,0.0,0.0,0.0,0.0,0.0,3.5687283501979246,3.151655251491768,1.7189349646092886,4.314819500518212,4.0184271542063925,2.6744444810927277,0.6358917198241523,0.2849598949972423,0.01671843527758643,2.47172479889606,3.548469446833266,2.9489998071912593,4.098493629163155,0.04173292624709024,0.4879492588686869,0.9358595284614146,0.13985223183980638,0.03805998513080272,0.9143970699696135,0.049145560962728,0.0006964721000017483,0.9568667651744605,0.047395206275779686,0.00020952934688354993,3.7206339434345095,1.155120132456341,0.00036292822722361264,0.048871755116249534,0.4807558603817097,0.014524454452957684,0.2336263491869135,0.01001085856108986,0.2871653229159201,0.0006955350733242518,1.5851669809049864
openml_40686_solar-flare,real_openml_multiclass,real_openml,4.1905,5,12,63,252,0.0,0.0,,0.0,0.0,False,252,0.3568340816883547,0.7717776050487208,4.549718598823448,3.5113709238455826,4.117647058823529,0.6970069169957097,0.5662763904128412,0.0357375250788722,0.5319163747747058,0.3052198632687325,2.210782353002245,0.1552766806266268,0.1117506157388837,0.1558953128203585,0.1121958373155327,1.0039840637450206,0.6636311803086616,11.760054239058135,0.8248870687462664,0.1966742284679991,,,0.2649894371663258,0.4268888902489976,0.2418122852842516,0.392291904602052,2.719798440358779,0.3323299803485146,3.814313556752909,0.9805209120685312,0.1879908296391758,0.3045169158914497,0.7103174603174603,,,0.3174603174603174,0.4664145455488072,12.0,5.0,252.0,0.544705666340396,1.4112176138152124,2.373292317354455,,0.3293650793650793,0.111590702243468,0.6944444444444444,0.898653390663823,0.6944444444444444,17.0,0.06746031746031746,0.34117647058823536,1.6934766290709435,2.10095319338328,0.3568340816812747,1.0,-0.9809701402036264,0.48015873015873006,0.623015873015873,0.48412698412698413,0.6349206349206349,-0.14285714285714296,0.9859533182986899,0.9357468439583434,0.370604854125179,,,,0.916030534351145,0.0,0.0,0.9083969465648855,0.0,0.0,0.7260357012943504,0.9556056304191163,0.0,0.0,0.0,0.646551724137931,0.0,0.5288461538461539,1.8795052707192812,0.5429147529745018,0.0,3.274604300801828,2.7222366148131445,2.210782404247861,0.8285490102632718,0.03816441441804108,-5.1245615750872275e-08,0.329892694633442,0.9587379228631459,2.5231482183568597,2.929092667067676,0.025401704570352734,0.16782001768118326,0.8387810845482808,0.5142457591029702,0.26039289634460167,0.5471123595441968,0.1296707251638955,0.003417886854764635,0.5492920900603079,0.13018734159881157,0.0034315039338672715,2.7662994499640936,0.8480274206402563,0.3805566391186152,0.2741244700435733,0.7720376638341027,0.07101263726728234,0.2057722137615268,0.07129555614085731,0.20659202337810664,0.5483209321841113,1.2552371868615761
openml_40691_wine-quality-red,real_openml_multiclass,real_openml,68.1,6,11,320,1279,0.0,0.0,,0.0,0.0,False,1279,1.0694395764213451,0.7310652160201354,1.3058878947413093,0.9546892158671352,68.125,3.3043768757395253,0.023060107217419,0.2498989777344112,0.2457814711353357,0.2227295154869449,1.7101198592052465,0.2020777836540022,0.1878661644433175,0.2022359039855001,0.1880131645719902,1.000782472613459,0.9119548399097394,17.116831213174923,0.9327116123044942,0.0823467422531208,0.0212473618691446,0.0384355460613312,0.6125084804440432,0.2997813861858052,0.3030040429543822,0.3760595546604183,4.914588063888358,0.0753009346853953,0.7487328130107239,0.9976709227852828,0.0999086710564136,0.0645335346892942,0.6301798279906177,0.3680688523562009,0.2349442847229352,0.3682564503518373,0.4825201284929455,11.0,6.0,1279.0,1.1508105086258236,0.5004764060434462,0.6264517660857332,,0.7599687255668491,0.5460139072170609,0.8287724784988272,0.6414849174546347,0.8287724784988272,8.0,0.006254886630179828,0.225,1.7813188304639989,18.614462854324124,1.0694395764163283,4.0,0.5782000011093965,0.552772005438826,0.5871714806141035,0.541049576145397,0.5918736462490791,-0.03439947517527753,0.9947580431393027,0.9504277887363533,0.723782769937919,0.14020273737408948,0.0003884585554088864,0.0,0.9867298578199052,0.6865671641791045,0.13043478260869565,0.9478672985781991,0.16380952380952382,0.0,0.9325184944302607,0.9838623110026214,3.277794997085008e-05,0.0334615190832259,0.3476033834586466,0.8967221563834777,0.0,0.6910717226613965,3.319887266590459,3.312843285490063,3.2579175578400763,4.9866444734852085,4.93094902204861,4.716408737595562,0.25277197989596356,0.08990341722195794,0.03631867121010135,3.308687559074249,3.317565419229688,4.897917914723413,4.9607567881152175,0.04926574111350002,0.12723595593981285,0.6206163671075933,0.1395938062357153,0.0764891036276754,0.674780275039181,0.14802494429029694,0.002825518996425444,0.6753082721245027,0.14814076975531312,0.0028277298876589543,3.1218973715590757,0.6477514302575487,0.05845743198473174,0.11529213210065635,0.2769159466050381,0.058254391554887465,0.2527172155763714,0.058299974020892986,0.25291495987650947,0.38633130170317165,1.3916932069275765
openml_40700_cars1,real_openml_multiclass,real_openml,3.6029,3,7,79,313,0.0,0.0,,0.0,0.0,False,313,0.6222572744352484,0.6321997462883829,1.3183321807754,0.8334492702100185,3.6296296296296298,2.405499882127076,0.4112728563846671,0.2976567575356827,0.4794855935635183,0.3386837770070268,1.3257514675591269,0.6324889594055548,0.2334869104913144,0.6345161676087783,0.2342352659736583,1.0032051282051289,1.7843905871576586,5.07661561849199,0.7416582064680731,0.1546704534592491,0.0533537948441711,0.072999076265325,0.5740594220594221,0.2286504139815729,0.3958702878702879,0.1309418247215945,3.470102669701457,0.4612685758550149,1.131169211333733,0.9171268462472824,0.2611486799847458,0.1536300737895026,0.3929712460063898,0.346277392794485,0.2037060701081494,0.255591054313099,0.4368913922677659,7.0,3.0,313.0,0.4022243982421409,0.5745195696776644,1.070048669032328,,0.4408945686900958,0.4552549971309749,0.48562300319488816,0.9811859471383517,0.48562300319488816,54.0,0.17252396166134185,0.5222222222222223,0.6428265452157719,2.6358024691358026,0.6222572744292842,2.0,0.696928727373031,0.7155372405372405,0.7538766788766789,0.6805555555555557,0.7507936507936508,-0.038339438339438314,0.9699037689356171,0.6811009947658421,0.577662702089885,0.13740309870343245,0.016865479805564677,0.005792806023516364,0.8376068376068376,0.456,0.42857142857142855,0.5470085470085471,0.324,0.3166023166023166,0.6321511073470987,0.8493188823954851,0.01132914291454052,0.07713428925449856,0.4422857142857143,0.6468034188034189,0.3203011583011583,0.43550427350427356,2.584661579276251,2.5722813247942526,1.4764509622144004,3.867041931859111,3.597433986706058,2.4718149823252102,0.48538906765788914,0.3080763841875318,0.03212695702789148,2.5259644919711444,2.576588162331169,3.493632603072735,3.683581290437175,0.1681346690930965,0.33308950641685753,0.7189711889630594,0.4794855935635183,0.23999999816397713,0.9391133584130503,0.6691919905953713,0.28018544913624316,0.9421233371259126,0.6713368367190748,0.28108347942193673,4.976773874160944,0.1941589232696797,0.03267957625031006,0.3597427958637477,0.5992283912632889,0.42240586798462965,0.8318855736518468,0.42375973294611957,0.8345518735673982,0.100076463612528,0.8093352982649558
openml_40707_allbp,real_openml_multiclass,real_openml,257.7857,3,29,755,3017,0.0,0.0,,0.0,0.0,False,1998,1.3235339914781814,0.9909261034296908,6.318735128843261,6.261399579828957,262.45454545454544,0.9504654157653109,1.324186551023519,0.9334812213532266,0.3482730544248963,0.3020474661316151,0.2712907509546948,,,0.0773833120584038,0.1450415583216102,0.962806954779096,0.930447514945838,25.09498272848111,,,,,0.1924894664880852,0.3244222483790143,0.1264021429767286,0.2189349338212795,1.2109456093313051,1.3087936372421989,0.4797792483817339,0.957962466971476,0.0108105573887005,0.0212714680071354,0.0645645645645645,0.2292184447571024,0.1291488070005727,0.0365365365365365,0.1876679122395273,29.0,3.0,1998.0,1.165427642437989,0.3338209126734228,0.4613017550361348,,0.1066066066066066,0.6719062143994875,0.08608608608608609,0.8344304819261924,0.08608608608608609,11.0,0.003646005966191581,0.4,1.325010576839716,99.17774382480263,1.3235339914768653,2.0,0.7036168504263589,0.9553052772211088,0.9499625918503675,0.2147882431529726,0.9593052772211088,0.00534268537074134,,,,,,,0.5670517327975891,0.010416666666666666,0.0,0.37920642893018586,0.0,0.0,0.9938875591863859,0.9995215429834534,,,0.005208333333333333,0.2887341997321279,0.0,0.18960321446509293,3.580732396245698,0.32966612785859606,0.0,3.8232655000572286,0.5994114832348504,0.27129083666026405,0.08382583498051988,0.0009658743537237502,-8.570556919718086e-08,0.10016335127144245,0.8846900876114727,0.36720181162212584,1.1470440588172668,0.0003248107521471866,0.008936779748900836,0.5618528659667748,0.348273054424896,0.1346932428830172,,,,1.0223231128474657,0.02683749919089403,0.0,4.967001071738611,0.8937946355280652,0.0,0.2414831486539566,0.45506296019583536,0.014771506291936461,0.07727674307274673,0.0076739899222855465,0.06839759262114725,0.5180253383335391,1.1137711542848223
openml_40708_allrep,real_openml_multiclass,real_openml,107.2941,4,29,755,3017,0.0,0.0,,0.0,0.0,False,1997,1.6562867120242533,0.5354125215249226,6.201708414307986,3.320472339866968,108.07407407407408,0.9468250029586498,1.324831758383759,0.956611783549236,0.302461594594321,0.1881887872155765,0.2511614039620954,,,0.0768178559251477,0.14154381734908,0.9582531265763324,0.9128938183915414,20.40333484530881,,,,,0.2270312983256749,0.2773545263161514,0.0130838385555366,0.0227415276952487,1.1856765857142455,1.3120687581142445,0.4355664115589836,0.8564887892680282,0.0123098212064996,0.0243765485174255,0.0495743615423134,0.1796186504321325,0.1260067548464842,0.0330495743615423,0.1788108236863862,29.0,4.0,1997.0,1.0018502041903987,0.3452790878809572,0.3327537206666818,,0.0766149223835753,0.6795266281825527,0.08262393590385578,0.7610637238345818,0.08262393590385578,27.0,0.008949287371561154,0.3851851851851852,1.1726025663269368,46.4805996472663,1.6562867120220572,3.0,1.1546306815363845,0.9686038744154977,0.9619238476953907,0.5871743486973948,0.9198396793587175,0.006680026720106924,,,,,,,0.7222222222222222,0.10066052488450541,0.0,0.05555555555555555,0.0,0.0,0.9970489252696477,0.9991869600204214,,,0.06391624235657899,0.3153974085577859,0.0,0.01721060683324834,3.582035795082532,0.3356984659291019,0.0,3.820304559012605,0.5859285339076162,0.2511615447225176,0.1029478608765676,0.0017548997410175016,-1.4076042215149798e-07,0.09389260344052294,0.888453543051673,0.3441484502573993,1.1376905435699403,0.0008798784157164619,0.01289264003202284,0.49967371962522616,0.2828843428966052,0.12482672126113169,,,,0.9568235189897146,0.027317659769718266,0.0,4.887826937297364,0.9042551675470897,0.0,0.20385553207886845,0.3912790312609157,0.015268752763208633,0.07923769791719151,0.009016451740911202,0.0688456005286867,0.5064589115887247,1.1596311794846184
openml_40711_cleveland-nominal,real_openml_multiclass,real_openml,12.6154,5,7,61,242,0.0,0.0,,0.0,0.0,False,242,0.8818805309969359,0.9066939687957198,0.514683496992159,0.4666604225614805,13.1,1.0366678818378146,0.2944723894199268,0.270071802189065,0.2912127606870718,0.2626212826439426,1.8432431048504907,0.1448058220816279,0.1295946058901367,0.1454066761151619,0.1301323428440379,1.0041493775933623,0.5107816440572936,14.96996319534345,0.8575441047977741,0.0957814609225196,0.7444444444444445,0.1892154040658488,0.9787123022143206,0.0253285026994672,0.9769579162494082,0.025645972197486,2.756781552046552,0.2504606514521928,0.9519221635107776,0.981404958677686,0.1231294346417531,0.0852131461571055,0.5950413223140496,,,0.5289256198347108,0.5001971423015396,7.0,5.0,242.0,0.8328753022180443,0.5461293022405919,0.8676662726268708,,0.2231404958677686,0.4928355473102596,0.7479338842975206,0.5364063174670298,0.7479338842975206,10.0,0.04132231404958678,0.26,0.5703745539853926,3.94974697716077,0.8818805309787153,4.0,1.2629895914557696,0.5246913580246914,0.4506172839506173,0.36440329218107,0.5455246913580246,0.07407407407407407,0.9725411929825073,0.8440348570131787,0.7023415904488377,1.0,0.6666666666666667,0.4444444444444445,1.0,0.9843787551069454,0.9182389937106918,1.0,0.980330172110994,0.9182389937106918,0.8095330571792185,0.9324124893907293,0.6666666666666666,0.9166666666666667,0.9738529014844804,0.9984375,0.9671052631578947,0.9984375,1.5190505063944955,0.9999507304328823,0.6067293172263869,3.167128566839821,2.672822737906099,2.4319501354900157,0.24480856891080194,0.145006526243868,0.018022286586862002,0.9068237801883884,1.1586485292170798,2.6144766988908854,2.898308013154079,0.05189547504684078,0.17513885532852913,0.6815955086816956,0.18274096667478695,0.11777360071701783,0.3738478501083703,0.08543231456793009,0.005276378593368176,0.3753990860009372,0.08578680549974742,0.005298272280477587,2.0403619015696686,0.890034416084803,0.4969073559690375,0.15060937060998297,0.32334435675187584,0.040481393655572136,0.27097616229569066,0.04064936624335463,0.27210054471185624,0.7028887911753503,1.0979821935896628
openml_40966_MiceProtein,real_openml_multiclass,real_openml,1.4286,8,77,216,864,0.0,0.0,,0.0,0.0,False,864,0.0962250448649376,0.5983625726872343,4.004048315065595,2.395872650966635,1.4285714285714286,3.1500258172639546,0.0766931206779962,0.0014866204162535,0.8528965345818748,0.0907972602410746,2.993026787316555,0.2604495309214324,0.1975791689564479,0.2607513264381432,0.1978081135322955,1.0011587485515645,2.87178632977815,9.192650342145424,0.7926582449145352,0.1384024581162455,1.814067166118653e-13,6.867238441552163e-13,0.2500651777523875,0.3130598341675624,0.0,0.0,5.817463500685797,0.2080461088163479,62.78039809238544,0.989070269633059,0.3255891038947129,0.2017807551615794,0.0925925925925925,0.2908752259834476,0.0613721708069218,0.0034722222222222,0.0588572455801391,77.0,8.0,864.0,0.1175992233062495,5.14149234571611,45.42600545714836,,0.412037037037037,1.0906801381295372e-05,0.09606481481481481,0.7678813803076925,0.09606481481481481,84.0,0.09722222222222222,0.9690476190476192,6.28916732713671,1.1213151927437643,0.09622504486404665,1.0,-1.1547005383792515,0.2708333333333333,0.9803240740740741,0.7743055555555555,0.9745370370370371,-0.7094907407407407,0.9739751900943292,0.8256031601564723,0.331628338486967,3.375596676499878e-12,7.497295527323636e-20,0.0,0.8421052631578947,0.06310916179337231,0.0,0.0,0.0,0.0,0.7214588679968916,0.899456966751255,0.0,3.137866163171908e-16,0.0,0.6080043859649122,0.0,0.0,3.1699250014423126,3.1699250014423126,2.816186058346307,6.051336652796424,5.8986991194538945,5.101098652822916,1.0618531359359515,0.24681486514037765,0.11161513596244355,3.1699250014423126,3.1699250014423126,5.682419517797163,5.968788694370369,0.18556162964061862,0.41778599141554906,0.9891715463093035,0.8541513472288883,0.734768876420845,1.0,0.22081586435214579,7.734320217345014e-05,1.0011587485515632,0.22107173441512618,7.743282349694192e-05,19.23866261304834,0.14700611428376772,1.155309265653836e-16,0.7863544392676355,0.9097375467894078,0.101889173156526,0.37229716618268244,0.10200723708834118,0.37272856498474793,0.05245283501919736,0.46660659739010457
openml_40975_car,real_openml_multiclass,real_openml,18.6154,4,6,346,1382,0.0,0.0,,0.0,0.0,False,1382,1.0825055912446406,0.7746541433056934,0.8636358279118682,0.6690190723991715,18.615384615384617,1.79193894075254,0.2270908284705796,0.5069562793245246,0.2284483751404341,0.2248814901324503,1.205103129912393,0.0095032726783674,0.0077403549873999,0.0095101541212916,0.0077459598787738,1.0007241129616236,0.029642159120893,10.517585338143691,0.9574221421522348,0.0562258264785585,0.1111111111111111,0.1956312984628779,0.5436546427116093,0.1592191462560657,0.21024352386595,0.2394393887716822,2.8824622416292804,0.2999341128073906,0.3167325559662849,0.9929117598396584,0.1145798290356528,0.1034064629456004,0.2698986975397974,0.3983489984926278,0.0993752043554683,0.1685962373371924,0.3745304341789997,6.0,4.0,1382.0,0.7955011554733668,0.2577093495212963,0.2684373361945327,,0.447178002894356,0.7520470187790951,0.6143270622286541,0.4022590196878345,0.6143270622286541,52.0,0.03762662807525326,0.5884615384615385,0.5459042566032297,8.651972620213662,1.0825055912415076,3.0,0.9144784853389144,0.7004354113615644,0.7279402056021881,0.6396538715457889,0.68378917916313,-0.027504794240623687,0.9967088416637916,0.9803752838426926,0.8522929612572158,0.5000000000000001,0.02777777777777779,0.0,0.719626168224299,0.5894519767925022,0.2754901960784314,0.6431372549019608,0.16689675077670404,0.0,0.9461303484242202,0.9951426552273881,0.0,0.09722222222222224,0.48051364575760297,0.6301429964250894,0.03470185728250244,0.2621443081610982,1.9995716278761573,1.7919658516152897,1.584366608308958,3.202153349908545,2.930096679474027,2.527572089625629,0.2621605364475621,0.08720108133288806,0.002521407880005988,1.5846989344729379,1.9991067701593663,2.6192997923027947,3.1243895359043106,0.04209647808316175,0.18780021299871197,0.46003084473890915,0.2143864597884187,0.010927820893974743,0.02519509457045013,0.008304324423072938,0.0008571727404308163,0.02521333866499789,0.008310337692025273,0.0008577934303225124,1.0326881574117677,1.007429858366082,0.9573427974042027,0.11265714034119671,0.3372086522636639,0.003031090013925745,0.013423543902546794,0.003033284865492665,0.013433264064677545,0.9807539402874851,1.0225514935617614
openml_40982_steel-plates-fault,real_openml_multiclass,real_openml,12.2364,7,27,389,1552,0.0,0.0,,0.0,0.0,False,1552,0.7443151048377402,3.0424368536663824,10.680188819790796,32.49380006944718,12.227272727272728,3.081937638433922,0.8090315957919932,0.1086587036925381,0.5632883611994121,0.2077750104318268,2.411248759162973,0.2738740731100771,0.2480539604554968,0.2740506521385176,0.2482138920869966,1.0006447453255998,1.9200354046579504,5.789038196762869,0.7230466704240794,0.157508269728367,,,0.506170594712029,0.301482594747042,0.0983631405619225,0.1938942256392883,5.076666644710948,0.7831542305996368,5.3582955145349445,0.988564389812945,0.4165197528859461,0.1693506860931875,0.4271907216494845,0.3921312290853247,0.1606027229918628,0.2744845360824742,0.4463979972039693,27.0,7.0,1552.0,0.736863840690087,2.119614941976044,3.219168448557601,,0.5818298969072165,0.0441738785436161,0.5489690721649485,1.554588269590884,0.5489690721649485,44.0,0.028350515463917526,0.7818181818181817,1.6189829217565246,3.9005529287237772,0.7443151048343832,4.0,0.7045073492248539,0.4986666773976333,0.7052230297274603,0.5902299914420541,0.680470713850727,-0.206556352329827,0.9685441048214267,0.7275410831318012,0.42539001889435657,,,,0.9336437718277066,0.5734430082256169,0.0784313725490196,0.7077997671711292,0.0,0.0,0.6212473622209838,0.8302451704569375,0.0,7.078325514752177e-07,0.1741424802110818,0.7970401691331924,0.0,0.04230317273795535,3.459428629653646,3.4486353282163034,0.9698854619463239,5.717550470727666,5.32682381327227,3.070438512014303,0.7040038732412457,0.45372109219975254,0.12979198019648175,3.4060658987760837,3.459182826034451,5.2507045616243895,5.494922178712092,0.2749588621704522,0.5547417926603604,0.873490968364799,0.5619187916473797,0.2960205450918661,1.0,0.20175323750416352,0.0008151075253838896,1.0006447453256233,0.20188331696096867,0.0008156330621507407,9.470693126287301,0.25940686428968257,-1.5458183864907107e-16,0.426980756423853,0.6687644422336224,0.07823157461994461,0.3714698320046,0.07828201406199478,0.37170933544238527,0.030031211127646597,1.1312773224951134
openml_40997_jungle_chess_2pcs_endgame,real_openml_multiclass,real_openml,17.4,3,46,941,3763,0.0,0.0,,0.0,0.0,False,1998,0.6540843913862174,0.9219646007611207,2.152801704710187,1.984806964200988,17.396551724137932,1.5858761015851994,1.1910320040721618,0.2318010699283094,0.6770879900817218,0.3545633588947621,1.158513135687612,,,0.1481405201434555,0.2100471716125835,0.9392810199214078,1.760797599159826,11.524142257548206,,,,,0.7265182387233665,0.1616671579922174,0.527039269761868,0.2303132187816239,2.643860008303186,1.1736184573150017,6.406963335761893,0.9382072262452644,0.1005292289696264,0.1104795029582446,0.019019019019019,0.1741138091591528,0.0828213520425774,0.004004004004004,0.0631662009099017,46.0,3.0,1998.0,0.6391689450586611,1.0426114680965477,6.184776269670907,,0.0965965965965966,0.1138804219391409,0.06856856856856856,0.5378399915206364,0.06856856856856856,116.0,0.030826468243422802,0.8724137931034484,2.1900966179458963,10.892817326757125,0.654084391385696,1.0,-0.5897637796253299,0.8919265197060788,0.977313293253173,0.39159786239144956,0.9426225784903141,-0.08538677354709412,,,,,,,0.8688693856479092,0.7599293909973521,0.550755939524838,0.7867836861125451,0.44660194174757284,0.34773218142548595,0.8055375323883519,0.9916108777269941,,,0.6553426652610951,0.8143993883226306,0.39716706158652937,0.6166928139300589,3.221178007164388,0.999849649510923,0.0,4.316707574003631,2.089340931749165,1.1585131638031556,0.5817470758888859,0.06851433601093215,-2.8115543670992338e-08,0.8098218279788822,3.0285867588064446,1.8012261823649443,4.001927718653613,0.02737509090034229,0.14563911611273817,0.9278021455164871,0.6770879900817217,0.4263738346469563,,,,1.0005616601072906,0.04036441248722378,0.0,8.59768623312775,0.33601233869005,-4.2719531377338443e-16,0.551730912364339,0.8024450677991044,0.01293355692142554,0.2623725832280423,0.006751690901757233,0.22738201841246042,0.022375832412894033,0.9349749258036283
openml_41000_jungle_chess_2pcs_endgame,real_openml_multiclass,real_openml,12.7949,3,46,941,3763,0.0,0.0,,0.0,0.0,False,1998,0.6317171557056939,0.1762810887326348,1.32876877515987,0.2342368063591116,12.794871794871796,1.6146550836369309,1.2298135424811465,0.2197349352131202,0.596306967646554,0.3364169688719128,1.1981474407875834,,,0.1499223857966845,0.2287208085619879,0.9157680803355516,1.8761795764469784,15.968945727669055,,,,,0.6339897081277498,0.2673996709043837,0.3105427974947808,0.5378759031855334,2.73777268455778,1.2106513958590115,2.435498650819087,0.9684349013678344,0.0750298398667345,0.0790498207900592,0.024024024024024,0.2019416059143139,0.085889977462022,0.0025025025025025,0.0499748934837465,46.0,3.0,1998.0,0.6119282031417377,0.8243403762726224,2.2880939282705794,,0.1571571571571571,0.2650569228581036,0.11861861861861862,0.48249240678084615,0.11861861861861862,156.0,0.041456284879085835,0.8653846153846154,1.9474735558311522,8.120258956851137,0.6317171557051903,1.0,-0.5839807655286897,0.7718543754175017,0.9606479625918504,0.5630674682698732,0.8859211756847026,-0.1887935871743487,,,,,,,0.9389352818371608,0.523454157782516,0.4395796847635727,0.9316283924843424,0.0,0.0,0.8750543552687433,0.9929619571359658,,,0.48151692127304435,0.7311947198098384,0.0,0.4658141962421712,3.272991741680797,0.9997911029187702,0.0,4.459164095832575,2.1508659573570594,1.1981474649482808,0.26987197757814885,0.044402374295196,-2.416069744270999e-08,0.8240568251428696,3.087746504528149,1.8755017126976927,4.225316530743947,0.007476787909906746,0.12160729630454536,0.8341896876421073,0.5963069676465538,0.35842424765100017,,,,1.0134846530294195,0.027167711071102794,0.0,9.836706825553053,0.23909317818852704,-1.434706909602313e-15,0.47736560764877695,0.7152483276443306,0.01439336713661193,0.2740869014156525,0.006731506208153151,0.2016823309883594,2.7830379104589497e-16,0.9600344264833544
openml_41001_jungle_chess_2pcs_endgame,real_openml_multiclass,real_openml,5.32,3,46,8964,35855,0.0,0.0,,0.0,0.0,False,1999,0.5250460116302443,0.2534801489294083,1.7792776696584116,0.4510115686917847,5.319780853517877,1.685026910994401,1.1667632484798718,0.1682993989122323,0.6255120994383722,0.2960747266532602,1.3486789806468669,0.1456059886201544,0.2040039948313421,0.1455146245622254,0.2031040085314503,1.023082630519468,1.7001086298685448,13.842982746091872,0.9031765682026982,0.1144460261759929,,,0.8038718968497531,0.1184813723797464,0.7804193631608864,0.132878969500353,2.936278985505188,1.146222218174993,2.5098509997631324,0.9740991055808044,0.0974269061360799,0.0973920040368836,0.2116058029014507,0.3191184528135808,0.1481768088545454,0.129064532266133,0.3353552422076401,46.0,3.0,1999.0,0.4682415764170886,0.8701910168504028,2.300389829489144,,0.3491745872936468,0.2505202462806282,0.4012006003001501,0.5724720425465464,0.4012006003001501,3468.0,0.0967229117277925,0.761361014994233,2.238170472790097,3.55415319251197,0.5250460116302004,1.0,-0.44309144717384435,0.781187708750835,0.811190380761523,0.5563954575818304,0.8398944555778223,-0.03000267201068807,0.9998709618547538,0.93800331193306,0.5163903724608504,,,,0.937984496124031,0.7602291325695582,0.7134020618556701,0.9318936877076412,0.7258592471358429,0.6835051546391753,0.8782125239532651,0.989687436400121,0.0,0.0,0.7368155972126141,0.8491068143467946,0.7046822008875091,0.8288764674217421,3.2494390774373154,1.358214654983433,0.0,4.499988926736807,2.6358142324886975,1.348678994305346,0.38659282472692347,0.0605072062233758,-1.3658479236511312e-08,0.7731116293788738,3.0739177809448446,1.9596344051209813,4.268104705612627,0.022028164227281377,0.15368039108458587,0.8348685463928462,0.6255120994383725,0.41615565248389863,0.9796256473015238,0.04654184239383392,7.971620297228104e-05,0.9840215988783979,0.04693807674962502,8.039152548647102e-05,9.067564199446924,0.5013799514584664,-6.988128486472934e-16,0.5208338759611355,0.7301903229156094,0.016197201353746735,0.19200271394593932,0.01655850291990867,0.19024691962509765,0.10507075700720038,1.2062081132534352
openml_41002_jungle_chess_2pcs_endgame,real_openml_multiclass,real_openml,1.9544,3,46,1176,4704,0.0,0.0,,0.0,0.0,False,1998,0.2663486027030684,0.9326525845616952,6.897644090165287,6.433105588079358,1.955140186915888,1.6566425319981544,1.1869231494771275,0.0526586674891872,0.7907685785323577,0.1900398758916884,1.533065996101731,,,0.1631176916035332,0.2254926033276205,0.9613173361759018,1.8985611201446244,9.409043839628891,,,,,0.919789985250078,0.0201393740985174,0.8510190197199664,0.0363556785707397,3.026773162696997,1.1546311195416334,6.696484824884173,0.9691445699954208,0.1629353654028885,0.1598266937610971,0.0375375375375375,0.2144825188456787,0.0925085179309706,0.0095095095095095,0.0970762347471753,46.0,3.0,1998.0,0.1669304818040923,1.286745044017099,5.939485076349125,,0.1531531531531531,0.0820164664626319,0.11761761761761762,0.702866333854594,0.11761761761761762,1070.0,0.2274659863945578,0.9715887850467289,2.4224757489590947,1.5843137730260899,0.26634860270289856,2.0,0.09314178022440815,0.7538343353373413,0.9653079492317969,0.8091930527722111,0.9599639278557114,-0.21147361389445551,,,,,,,0.935880829015544,0.9262844378257632,0.8972046889089269,0.8830975428145942,0.8584310189359784,0.8115284974093264,0.7332729286927697,0.9742253081645962,,,0.9117445633673451,0.9310826334206537,0.8349797581726524,0.8707642808752862,3.2599520953755574,0.9999971088285391,0.0,4.619594442800426,2.4714998414934533,1.5330660019717133,0.6121785696747146,0.12137700161046161,-5.869982278028374e-09,0.8137537381255617,3.0707970108942737,2.089252428153803,4.46249100362946,0.024669090478788458,0.2614577770873734,0.9251470634712203,0.7907685785323584,0.6563900935934963,,,,1.0291396624310396,0.04922116979362134,0.0,9.91729898021807,0.28544298270239865,-2.565759455552486e-15,0.7235793360629273,0.8579578210017893,0.02269945717753378,0.26470647888726284,0.01604745479966466,0.21629387255412014,0.0008853504320553239,1.010738016781833
openml_41003_jungle_chess_2pcs_endgame,real_openml_multiclass,real_openml,3.7785,3,46,1176,4704,0.0,0.0,,0.0,0.0,False,1998,0.4542485051283674,0.0736424501840002,1.6800953426571497,0.123726337576,3.775080906148868,1.6567053920099262,1.1866023479224963,0.1327504170108613,0.6989897671838652,0.2171380184782668,1.4167731096342515,,,0.1608561963041526,0.2239472160601453,0.9575410714297672,1.8810053142786327,13.132045203426298,,,,,0.8241466372367912,0.0919654976353875,0.7151903791089742,0.0428201850960689,2.965591794913638,1.1560006686313506,3.083929955344103,0.9769529289048808,0.1078867067305403,0.0977438689193,0.1046046046046046,0.2519196503525714,0.1219660399398227,0.034034034034034,0.1813620167359048,46.0,3.0,1998.0,0.3802692456409783,1.024322308324176,2.660410587787888,,0.2642642642642642,0.1919140704624019,0.1921921921921922,0.5690967376231482,0.1921921921921922,618.0,0.13137755102040816,0.9352750809061489,2.308057796271551,2.64750395530916,0.4542485051280777,1.0,-0.3720814967091142,0.7269779559118237,0.9432531730126921,0.6628684034736139,0.8891970607882431,-0.2162752171008684,,,,,,,0.9302995391705069,0.7735849056603774,0.7685554668794893,0.7557100297914597,0.7194700460829493,0.6703910614525139,0.8519429507020119,0.9921887492893362,,,0.7710701862699334,0.8519422224154422,0.6949305537677316,0.7375900379372045,3.25794249191503,0.999392046204049,0.0,4.592983804826651,2.411968790908291,1.4167731200110167,0.31346158098715016,0.08167617866808574,-1.0376765224862083e-08,0.8118247720671827,3.0714337299653387,2.047301777067264,4.367178184472329,0.01857663209679372,0.1616229485062396,0.852529532503257,0.6989897671838654,0.5454500018644737,,,,1.0143310851900342,0.04846321102869873,0.0,9.637559494448476,0.281440650103634,-1.2266220422322624e-15,0.6222198845241695,0.7757596498435612,0.020395020193758533,0.26411508698090375,0.014339016187846491,0.22569923583015583,0.0010341569106138099,0.9827323820651296
openml_41004_jungle_chess_2pcs_endgame,real_openml_multiclass,real_openml,1.7097,3,46,941,3763,0.0,0.0,,0.0,0.0,False,1998,0.235767559738724,0.5272171681663974,7.081332998049574,3.7334003300749616,1.709146968139774,1.5872100807573208,1.1934011002728608,0.0434646853946268,0.890395663594464,0.0660910218163044,1.5461838780342188,,,0.1489298178092603,0.2085913173241212,0.96817004627677,1.7561462963127246,8.282458687643945,,,,,0.7102768464613266,0.1735064628148978,0.4541931127616475,0.4061750051825903,2.946712209283888,1.1408128440059326,9.680318743593975,0.9670754337921506,0.1866817495076514,0.1753459190022895,0.0465465465465465,0.2048493073231943,0.0953763074322341,0.012012012012012,0.1089663542355572,46.0,3.0,1998.0,0.1559457385464685,1.589976898660375,7.210915427911047,,0.1421421421421421,0.0351037596096853,0.12112112112112113,0.8208631669526258,0.12112112112112113,973.0,0.25857028966250334,0.9778006166495374,2.5468609641677267,1.4476730948870007,0.2357675597385361,2.0,0.5660326453861548,0.7082792251169004,0.9526065464261856,0.9212264529058117,0.9639532398129592,-0.24432732130928514,,,,,,,0.9027683997299122,0.6621428571428571,0.5659192825112107,0.7825793382849426,0.58,0.0,0.6409346419571269,0.9947451661671328,,,0.6140310698270339,0.7824556284363846,0.29,0.6812896691424712,3.224700541584293,0.9998373656026288,0.0,4.5993614674060845,2.54400739379222,1.546183883440675,0.560241825960639,0.1947860737917828,-5.406456171641594e-09,0.8259203617108586,3.041029359148935,2.0360910105470884,4.27301730828281,0.008040380262319458,0.34433828126911514,0.9371290732963192,0.8903956635944634,0.8436622538926076,,,,1.000343077261177,0.03953047025514376,0.0,8.684963445430583,0.3761790237208151,-2.231242092496632e-15,0.8670289587435356,0.9137623684453913,0.015375075999426184,0.26141958200407583,0.010733594070426896,0.2274955253279302,0.030226910643811097,0.9637247127780914
openml_41006_jungle_chess_2pcs_endgame,real_openml_multiclass,real_openml,8.1,3,46,1176,4704,0.0,0.0,,0.0,0.0,False,1998,0.5861141720205569,0.8873321440462195,2.2738686857070536,2.017676776167999,8.098684210526315,1.6245341427000657,1.145595153133978,0.1970820439087053,0.7021269327254986,0.3067866923761782,1.2711105098990758,0.1588300742279624,0.2018367994730528,0.1590503934399228,0.2025161613146611,0.9946056433368304,1.7468486439511792,12.063789466927217,0.8935100059889937,0.1263431662962339,,,0.8160184323948722,0.0809728556947256,0.6480482614593371,0.1472311031528649,2.790278878985153,1.131404994568389,5.745697633697701,0.9638868097326556,0.1053657736139888,0.1047683444087545,0.071071071071071,0.2223253637550136,0.1160641832419419,0.0315315315315315,0.1747929793647604,46.0,3.0,1998.0,0.5524574512450765,1.0800825339361495,5.437798335959848,,0.1601601601601601,0.1187649595385371,0.17617617617617617,0.507193718564083,0.17617617617617617,304.0,0.06462585034013606,0.7710526315789473,2.695785893390726,5.2480220158238735,0.5861141720201831,1.0,-0.538643562728419,0.865819639278557,0.9339064796259186,0.3217995991983968,0.9205611222444889,-0.06808684034736157,0.9999969010510515,0.9331783099549688,0.3242544174675826,,,,0.9015516318887106,0.8059574468085107,0.740546218487395,0.8159443552701979,0.5872340425531914,0.5409663865546218,0.861146962015753,0.9880407541483855,0.0,0.0,0.7732518326479528,0.8537545393486106,0.5641002145539067,0.7015891989116947,3.2599574496291477,0.9996812250800461,0.0,4.451824709494815,2.1902476863192546,1.271110528282019,0.5703097815792315,0.06849399533337164,-1.8382943167694066e-08,0.7678061429013842,2.865980181871932,1.8833216617509712,4.050394820320006,0.03990692556824604,0.1384274354423196,0.919057883282486,0.7021269327254984,0.48519598216851073,1.0,0.07008541290996446,4.873712124831179e-05,1.0001239124353685,0.06893365619295411,4.885112648148214e-05,8.420712187385124,0.3647986646944224,-2.0642206292701224e-15,0.5936614574470046,0.8105924080039922,0.021341134385774497,0.22816355095740676,0.021217970410859835,0.2280566768698138,0.05028682122405817,1.0032783742346056
openml_41027_jungle_chess_2pcs_raw_end,real_openml_multiclass,real_openml,5.32,3,6,8964,35855,0.0,0.0,,0.0,0.0,False,1999,0.5250460116302443,0.2917346137359813,0.6491400394351715,0.1893766186651794,5.319780853517877,2.6995363677584208,0.4326540129287133,0.1682993989122323,0.4334941569406429,0.1648578613698196,1.3486789806468669,0.0213950041791014,0.015600723919348,0.0211872265008743,0.015384010210862,0.9897621756047652,0.0652384785821395,17.113864937608017,0.9328721650315484,0.0882440610502944,1.0,0.0,1.0,0.0,1.0,0.0,3.969409129847192,0.382018123233813,0.5454956867153576,0.9966944452716604,0.0788062185580956,0.0688406546345067,0.4062031015507754,0.4059711837641245,0.1559977751018963,0.2706353176588294,0.4443991867797433,6.0,3.0,1999.0,0.4682415764170886,0.4030124826587883,0.4338416156491417,,0.5167583791895948,0.6273778131605964,0.5992996498249125,0.5778269800631645,0.5992996498249125,3468.0,0.0967229117277925,0.5296424452133796,0.4464913628426373,3.55415319251197,0.5250460116302004,1.0,-0.44309144717384435,0.5984074816299265,0.6931182364729459,0.7024689378757515,0.6704462257849032,-0.09471075484301938,0.9997949830429169,0.9814110305924297,0.8123167310272285,1.0,1.0,1.0,1.0,1.0,1.0,1.0,1.0,1.0,0.8643875492869332,0.993042377209996,1.0,1.0,1.0,1.0,1.0,1.0,3.13451895017686,2.796509305448377,2.1690051410762274,4.312327114368266,4.109069128869123,3.4866353437010567,0.1772021498767291,0.04129814852252944,0.024325839394509163,2.333678237654923,3.0400830433697767,3.6455081272454355,4.258541984645814,0.03412280808238832,0.12806103495308385,0.5500662686471542,0.43349415694064314,0.31692204523413203,0.05862083109518736,0.017868556743099385,0.00031399080484434324,0.057539440191118195,0.017985552870397638,0.00030805690365545344,1.0735147218194014,0.9967812122392287,0.9080561125218012,0.37520810108738756,0.4917802127938987,0.010514880194675537,0.02578044593286212,0.010423112436791377,0.025651781557928653,0.9376726338275864,1.033297818398728
openml_41082_USPS,real_openml_multiclass,real_openml,2.1935,10,256,1860,7438,0.0,0.0,,0.0,0.0,False,1995,0.2752138734869086,0.6062122872611335,5.9252166801370585,3.5919391561837064,2.1943462897526502,3.375432588619609,0.3557683586082598,0.009687186263341,0.8175492833273453,0.1152275733525693,3.2730602497673558,0.2083032517149472,0.1906251772775133,0.2095521652994092,0.1921520949838011,1.008028733853485,4.54918669100008,5.471349306626017,0.6513487612078452,0.1436376715638936,2.283286799929795e-17,1.5111238632922278e-16,0.3239134309842661,0.2421825985623541,0.0,0.0,6.050274726850282,0.4101243935159885,32.36539439244491,0.9814556441228384,0.5982181115366829,0.1672895719444334,,,,,,256.0,10.0,1995.0,0.2540961065514176,6.121700625307278,11.747443032180152,,,7.325317782676335e-06,0.49473684210526314,0.8237333192370404,0.49473684210526314,566.0,0.07609572465716591,0.7197879858657245,260.611193661215,1.3438224462204866,0.27521387348653864,8.0,1.5122805957887282,0.2744310575635877,0.7121820615796519,0.7730923694779118,0.8781793842034805,-0.4377510040160642,0.9624782301617306,0.6423104093884994,0.30599774288577164,1.013954828548339e-15,9.631470026824847e-56,0.0,0.797583081570997,0.26740947075208915,0.0,0.0,0.0,0.0,0.5537939824721437,0.7494665020935913,1.3035261905569072e-70,2.2741707405607386e-35,0.11174785100286533,0.5524079320113314,0.0,0.0,3.584957612081234,3.584957612081234,1.9269893968676566,6.703392109717115,6.166109744589407,4.696597359001772,0.9455512283883927,0.6031640752914322,0.15462575213147378,3.2770558818944218,3.584957612081234,5.8322021026009825,6.353679624963319,0.46107397973900066,0.7171028764512608,0.9599754659151497,0.8497646772826632,0.6274314794266206,0.9551977422853483,0.15314034094783568,1.2349923951201926e-05,1.0882845571278568,0.1538983053566056,1.209471290621628e-05,56.46122338063866,0.008540940855709393,8.213224368824974e-06,0.7236580982453585,0.8857737742780677,0.06600347133623727,0.2918083728681031,0.06653843641341682,0.29313457528862624,0.0009172178862887571,0.16732033349090933
openml_41166_volkert,real_openml_multiclass,real_openml,9.4093,10,180,11662,46648,0.0,0.0,,0.0,0.0,False,1996,0.6979686337470398,0.8843169913639259,1.3581587149980203,1.2010428286417452,9.40771349862259,2.488182747652444,1.4457322806506148,0.0594723402672215,0.4781729294877503,0.1902316825079992,2.958868963003276,,,0.1337444631186448,0.2032907054880018,0.8322998133346539,3.29079210773666,13.580527041208954,,,,,0.722196554268983,0.1966897225633053,0.0,0.0,5.229175853995308,1.3148848408482705,5.551013109945253,0.9971568889281568,0.2178758566604108,0.1666165885668556,,,,,,180.0,10.0,1996.0,0.6719523259271717,2.3473488986926667,3.3836117577472016,,,0.0365139665498193,0.906312625250501,0.5703122550178068,0.906312625250501,1089.0,0.02334505230663694,0.4664830119375574,25.732744818354533,3.456166401810067,0.6979686337468901,5.0,0.44073568480810354,0.3787575150300601,0.40414161656646624,0.3112892451569806,0.4822979291917168,-0.025384101536406134,,,,,,,0.9753086419753086,0.791907514450867,0.22957198443579765,0.0,0.0,0.0,0.6669705572977616,0.9652508170151092,,,0.5625,0.8725361366622865,0.0,0.0,3.584956710647189,3.5708348791710742,0.0,6.464893488518418,6.0518503936521295,2.958869194384847,0.6141097207860886,0.200139537268881,-2.3138157123625547e-07,1.072924966040519,3.5805482431964815,3.9545377585345154,6.219102562916623,0.07280874689307415,0.3634130681699299,0.8785656537499307,0.4159498102553535,0.2632269600378739,,,,1.1519951190969213,0.0436083683873221,0.0,36.37700319598322,0.1321330949715699,-5.137506023174744e-15,0.3607779072252438,0.5276048138222513,0.04407556745561776,0.2917174929026416,0.0,0.1652057781795167,7.260698745232161e-05,0.3890919714842573
openml_41168_jannis,real_openml_multiclass,real_openml,22.8346,4,54,16747,66986,0.0,0.0,,0.0,0.0,False,1998,0.6670449606453042,0.7151023704008102,0.4149992764808987,0.2967669663261118,22.827407407407406,3.56535468009069,0.1043431801141049,0.1723585150567665,0.3772216606367376,0.2385046429417218,1.5984999942142126,0.065718964877271,0.1455704441872534,0.0680798348623446,0.1536297537660838,1.016776341652647,1.2363595230295437,29.88613618361684,0.9596574154496268,0.0655629646088291,1.0833297476479023e-05,2.467979267174839e-05,0.8128647679551534,0.1903055142169505,0.3330466457121059,0.3744476854159446,5.110368335877171,0.1193724998658052,0.8393937467576594,0.9980478476474473,0.0534863384277318,0.058899646618679,0.6001001001001001,0.4968127210359372,0.0310075644162369,0.4794794794794795,0.4997037974210973,54.0,4.0,1998.0,0.90443184432327,0.5406574731701306,0.6981794411022332,,0.998998998998999,0.5144090088661156,0.8418418418418419,0.33340010889069777,0.8418418418418419,1350.0,0.020153464903114083,0.2574814814814815,5.322723947988982,9.087629154349095,0.6670449606452643,2.0,-0.13232009144106335,0.497995991983968,0.5240320641282565,0.5039866399465598,0.5954482297929191,-0.026036072144288547,0.9999533894248684,0.996401229326906,0.7563771450800879,6.112064841958087e-05,7.778281686918587e-08,1.115386132829577e-16,0.9682080924855492,0.8802944295427609,0.47291666666666665,0.7828251400124455,0.26042486231313927,0.0,0.9622822905723977,0.9986305353238227,2.5809878258340455e-12,2.8315669315292886e-06,0.750049251205775,0.9467042056854919,0.0,0.6511661883820031,3.584955995579937,3.584955995579937,2.9181614856485165,5.1763877382856425,5.156774961009001,4.509150026676684,0.22659011980602983,0.021986642233907894,0.007068251508506762,3.584955995579937,3.584955995579937,5.083710486712627,5.171484260885417,0.011550942734129155,0.08302074582765884,0.6411973794066769,0.3132196794153878,0.1772479230881475,0.9812967700853575,0.019493258083212575,4.310381408219058e-06,1.1822743628367298,0.01948232855545854,4.238055807057418e-06,8.085130127358417,0.911535206278143,0.0025782743802080957,0.24523380125176764,0.4772085294110323,0.009081924918327525,0.039059523027515156,0.009186773030449062,0.03929716891377069,0.45043121273508,1.0999539477604565
openml_41440_okcupid-stem,real_openml_multiclass,real_openml,7.4457,3,19,10158,40631,0.0,0.0,,0.0,0.0,False,1999,0.8189352580961072,0.5626665965015791,0.7664971687867469,0.4312823531893353,7.444956477214542,1.9778303465799336,1.0173998945171436,0.4750269264818875,0.3537899851733908,0.0867708403327158,1.123273664976186,0.0489678059264289,0.0632724014304448,0.0488108651809456,0.0636254378270482,0.9957930481221494,0.3500612037922165,50.36122738403055,0.9827187307642908,0.0316921271745784,0.3730954513553361,0.142584798143104,0.9697150593049532,0.0209560565557738,0.9528098940793176,0.0304798929345914,3.078799676985188,1.0052190055176726,0.3017495630049525,0.9979929934952468,0.0223043345709317,0.0320781546491185,0.5352676338169085,0.4824520571440133,0.0828301535831763,0.3946973486743371,0.4889078920153047,19.0,3.0,1999.0,0.5179309892000499,0.2578638859500218,0.2082349372653777,,0.8294147073536768,0.7568747452158112,0.7453726863431716,0.2823668639086625,0.7453726863431716,3906.0,0.09613349413009771,0.4226830517153098,2.4714929888939974,4.401998356628201,0.8189352580960467,2.0,0.6473166964795856,0.7158102872411489,0.5984074816299265,0.6477755511022044,0.703811623246493,0.1174028056112224,0.9999897739577903,0.9981954178575074,0.8805140683088769,0.5375620537444825,0.29745587334554446,0.2842684269759813,0.993912562257886,0.9577464788732394,0.9574861367837338,0.987825124515772,0.9383802816901409,0.9322242760320394,0.9853121711879833,0.9991139533325883,0.2908621501607629,0.4175089635450135,0.9576163078284866,0.9758295205655627,0.9353022788610901,0.9631027031029564,3.547706547510971,2.0979330756357077,0.0,4.5711143978588655,3.2143500073620164,1.1232736844236229,0.11502516625499082,0.009950755715424364,-1.9447436772068727e-08,1.2158672531676602,2.7144316734954304,2.3356617409301443,3.819372620638461,0.004575952331989708,0.02172258683357331,0.41514623478190926,0.35378998517339094,0.2924337355648726,0.6572485324234062,0.033963174447474535,4.6669888817186426e-05,0.6642942953718817,0.03415315909832334,4.6974736875248266e-05,1.8352286560222228,0.9381095594867772,0.3117212671152654,0.32311186036913175,0.38446810997765013,0.0191412902839727,0.06001422254228071,0.019258396151051113,0.060577468801372755,0.8136517602981808,1.1501776424998227
openml_41671_microaggregation2,real_openml_multiclass,real_openml,15.0229,5,20,4000,16000,0.0,0.0,,0.0,0.0,False,1998,0.948299197082598,0.4823790181688414,0.1051447497254872,0.050719621138189,15.033670033670033,2.3258171663224574,1.312136208521231,0.3022136072135956,0.2212532125032761,0.1071971123518112,1.7513523230563257,0.1802904310779257,0.2375875849912153,0.1766375012707982,0.2307354078796807,0.9963718599449946,1.299909898152471,48.379912512384855,0.9822050250500854,0.0090834162320759,0.0054832457721596,0.0062099615345881,0.9545184893474696,0.0220575763458619,0.7896863806084895,0.0578764260828395,4.040969499918115,1.2998243892506682,0.2521118915551288,0.9985588691794898,0.036199989460667,0.0198836962713763,0.6741741741741741,0.5120462966608251,0.1655913425338704,0.52002002002002,0.4997241097629943,20.0,5.0,1998.0,0.819347293469404,0.2302855988617801,0.1210241034598788,,0.7767767767767768,0.7859753827792699,0.8508508508508509,0.3831586354049193,0.8508508508508509,594.0,0.037125,0.28888888888888886,1.9677904719158705,4.760242151130387,0.9482991970823017,3.0,1.1387454330881481,0.5587454909819639,0.4439251837007348,0.30307147628590514,0.5534148296593187,0.1148203072812291,0.9946516199777838,0.9826038317467347,0.970104950339754,0.017831906299889365,0.0036730428223000528,1.2912721368144361e-05,0.9722222222222222,0.9609741248097412,0.9076558800315706,0.9136828644501279,0.773092834009199,0.7067226890756303,0.9741577411037232,0.9912270386386897,0.00036746695818616837,0.007483557531337753,0.9468965517241379,0.9713615830305411,0.7619958143074581,0.8221564798810739,3.584955995579937,2.53512341773476,0.5092352201320955,5.313824469371173,4.229622065947021,2.251208822724824,0.07220764569119975,0.0355785055360891,0.0077346914240972175,1.0522513371754167,3.584955995579937,2.7734723635874703,5.287385450805088,0.024487626332864276,0.045517399299031425,0.32857041912884993,0.22890770798264745,0.09862701491895981,0.99628118392051,0.09026184496868506,0.0004017969399177404,1.0628276950076978,0.0918449047589571,0.0004010468180803192,4.921845781281183,0.8986942282797915,-3.0814578770267026e-16,0.14949310593866055,0.30066781454726305,0.028225559970761475,0.22377167617821286,0.029428334499331625,0.21705287707551274,0.006960480876158613,1.3257337386791368
openml_41701_CPMP-2015-classification,real_openml_multiclass,real_openml,2.6667,4,25,106,421,0.0,0.0,,0.0,0.0,False,421,0.4101705184551965,0.7600556402872514,0.7842470006873695,0.5960713562507951,2.677419354838709,1.991646965402337,0.8203558134745453,0.0741168465377928,0.4735283773281745,0.1758227220935738,1.8792394563936263,,,0.2584710873617648,0.2648167732559603,0.922190476190476,1.86937659315221,9.835892337651975,,,,,0.7680657113592781,0.1037982057868727,0.418638395318848,0.1007232575056454,3.679827045393493,0.7938482017347684,1.1314389481626692,0.993844539356018,0.1910593764024707,0.1084498782271974,0.6888361045130641,0.5119184442855574,0.1215705592592523,0.5439429928741093,0.4986578525254637,25.0,4.0,421.0,0.299529524204599,0.7345146316139503,0.7695995690982036,,0.838479809976247,0.406838551564417,0.8432304038004751,0.6740710717550492,0.8432304038004751,62.0,0.14726840855106887,0.41612903225806447,2.3686595470368648,1.91099864222156,0.4101705184512994,2.0,0.29914365827175454,0.5272374197906112,0.4821513002364066,0.5463525835866261,0.5891421816953731,0.04508611955420461,,,,,,,0.8992248062015504,0.8017303532804614,0.6382978723404256,0.541095890410959,0.4097044630745625,0.2712765957446808,0.7490579696940203,0.9533465471268494,,,0.6826691035559657,0.8187542353738424,0.3695800381783474,0.4953089130651762,2.8072734823512775,2.1158066966020246,0.0,4.637685068368421,3.638420093385059,1.8792394836668318,0.35662605961059235,0.2075025319978927,-2.7273205471800566e-08,1.642286404987203,2.767604798364114,3.311619952133371,4.34162622631068,0.08658066390876407,0.27557981556989297,0.6594697907352449,0.45114784479590614,0.3099674964533725,,,,0.9868286050586628,0.16188796566875868,0.0,8.763128121640001,0.1297260430841725,0.0,0.3805576706246393,0.5553088177655755,0.09714110696013238,0.48398186374199537,0.0484371953446487,0.4268665237729979,0.03022327182669033,0.8810197217478593
openml_41703_MIP-2016-classification,real_openml_multiclass,real_openml,84.0,5,146,44,174,0.0,0.0,,0.0,0.0,False,174,0.750302708982418,2.131318374156131,3.4700915775004475,7.3958699391311375,63.0,1.3922339508675292,0.9676674495518794,0.1524692273598989,0.6860336558835265,0.2557432923014882,1.804507628694553,,,0.0486588935855573,0.1329521008113943,0.7440019003879962,1.7669973423648606,27.57319459957901,,,,,0.3530881699784427,0.3795932351422882,0.0,0.0,3.131297308236259,0.9240096712656224,6.299934037153936,0.98880301228696,0.0654442713258225,0.0496967377845399,,,,,,146.0,5.0,174.0,1.2275759865950044,2.0787826026912803,2.7523660388729474,,,0.0332153696735231,0.9367816091954023,0.6207544375981654,0.9367816091954023,1.0,0.005747126436781609,,,19.553801169590646,0.7503027089608576,2.0,-0.12250556503839205,,,,,,,,,,,,0.9365079365079365,0.2569444444444444,0.0,0.0,0.0,0.0,0.9787807272457631,0.9914737256364272,,,0.01812900641025641,0.7014430166420897,0.0,0.0,2.321832237372827,1.8284632565520664,0.0,4.069145693836934,3.545414620273174,1.8045077249828374,0.17397076374674691,0.07035343912792857,-9.62882844568469e-08,0.0,2.3213514109638216,1.8045077249828374,3.996420505180742,-9.62882844568469e-08,0.10433230774417657,0.8564470088079806,0.7901318244303328,0.3074239658654594,,,,1.005780346820811,0.006011569800247882,0.0,11.688724794181987,0.0019216353549020519,-7.631070946137892e-16,0.6448357225026526,0.8313297578112067,0.014503371360580442,0.0766418614450288,0.0,0.03498902218933453,1.801275300377975e-17,0.5577015990299878
openml_41919_CPMP-2015-runtime-classif,real_openml_multiclass,real_openml,2.6667,4,22,106,421,0.0,0.0,,0.0,0.0,False,421,0.4101705184551965,0.7600556402872514,0.7842470006873695,0.5960713562507951,2.677419354838709,2.135662760987827,0.5813720561264378,0.0741168465377928,0.4665229279764096,0.1692919623797955,1.8792394563936263,0.3205003673608485,0.2675871408440525,0.3212634634736124,0.2682242530841575,1.0023809523809524,1.961261418219325,9.327769946271191,0.838930525617675,0.1119191545866002,0.0618545912511676,0.0210584244030372,0.9274424514525748,0.0204329274600994,0.644337337546999,0.0628368390689287,3.8134350427814994,0.6098300229039508,1.0667958778878703,0.993714772541342,0.2014671745999545,0.0934595572262042,0.7030878859857482,0.5093972675909602,0.1257565454565974,0.5439429928741093,0.4986578525254637,22.0,4.0,421.0,0.299529524204599,0.7102504640358509,0.7140219062982343,,0.8194774346793349,0.4231219351752617,0.8527315914489311,0.5683221048849365,0.8527315914489311,62.0,0.14726840855106887,0.38064516129032255,2.1489983423566517,1.91099864222156,0.4101705184512994,2.0,0.29914365827175454,0.5415231340763255,0.4656366092536306,0.5630192502532928,0.5772543059777102,0.07588652482269487,0.9840688860967952,0.8288332096173543,0.6611514459448447,0.07596298677382425,0.06888293094113108,0.019712300908721957,0.944206008583691,0.93706592437438,0.8992248062015504,0.6952789699570815,0.6719628486385183,0.5271317829457365,0.7483174235860417,0.9556486415907155,0.06532045064943198,0.07238581327778167,0.9112428135424799,0.9426091825307952,0.6319957058698276,0.6787513997760358,2.8072734823512775,2.143548575797751,0.9993120829176144,4.637685068368421,3.710051374563282,2.6249431323079206,0.35662605961059235,0.21500328126965917,0.04837462239896517,1.7102795957105208,2.7473130646370625,3.3620958857182206,4.4187823802906205,0.11252823408555257,0.27389667558881925,0.6454276759285924,0.44529508695237696,0.30884602104825926,0.9844845941202793,0.23816341186112425,0.002518327662950994,0.9868286050586628,0.2387304676036508,0.0025243236811961153,8.723663301726432,0.19412950036121937,0.008688343602639323,0.3770705540003181,0.5453613814404847,0.09702988967097001,0.4943471964992593,0.0972609132178056,0.4955242136337802,0.041611753189261205,0.8659802891249431
openml_41939_MIP-2016-PAR10-classifica,real_openml_multiclass,real_openml,84.0,5,143,44,174,0.0,0.0,,0.0,0.0,False,174,0.750302708982418,2.131318374156131,3.4700915775004475,7.3958699391311375,63.0,1.4052050670579472,0.9605247209694098,0.1524692273598989,0.6818931674439686,0.2534353764778683,1.804507628694553,,,0.0499945026372791,0.1352487197295382,0.7525769028659204,1.779001874887709,27.242483169589967,,,,,0.3530881699784427,0.3795932351422882,0.0,0.0,3.143473960558607,0.9170752794218568,6.012504272478184,0.98880301228696,0.0662387351938928,0.0495871144605616,,,,,,143.0,5.0,174.0,1.2275759865950044,2.052601637378509,2.506619317500781,,,0.0361650303857041,0.9367816091954023,0.620754437598168,0.9367816091954023,1.0,0.005747126436781609,,,19.553801169590646,0.7503027089608576,2.0,-0.12250556503839205,,,,,,,,,,,,0.9365079365079365,0.2569444444444444,0.0,0.0,0.0,0.0,0.9788986748209618,0.9915927079095915,,,0.01812900641025641,0.7014430166420897,0.0,0.0,2.321832237372827,1.8318260897778216,0.0,4.069145693836934,3.546918914387646,1.8045077249828374,0.17397076374674691,0.07105798598475399,-9.62882844568469e-08,0.0628290250862837,2.3213514109638216,1.8582794704883256,3.996111065359016,0.0036890358729175787,0.10581319703078762,0.8454732678985957,0.787903321668399,0.3062927585404804,,,,1.005780346820811,0.007266629816352151,0.0,11.686729436462652,0.002496929492664672,-1.3163670654093601e-15,0.6416390097496089,0.8281574793627586,0.01432741993562272,0.07664168539513899,0.0,0.03587952527625521,8.111668601776994e-17,0.5586073163956489
openml_41972_Indian_pines,real_openml_multiclass,real_openml,202.5,8,220,1829,7315,0.0,0.0,,0.0,0.0,False,1995,1.1757799862508114,1.0259958388930075,21.208600043892996,21.759935393780268,202.5,3.5583468886980323,0.1146783138104208,0.2317230699931067,0.711814977647945,0.2452107100431715,2.0766995693428565,0.5966794045981386,0.3333537919501671,0.5918222706895024,0.3289345190918998,0.9941689896184148,10.04283763063124,3.003491239268626,0.3820106247643251,0.2676019645732022,1.5386681897383148e-20,8.141866760587053e-20,0.0919438845858289,0.195483453538266,0.0,0.0,4.943617915752698,0.2460371395600576,35.59101529398267,0.992972405952224,0.6914285422881903,0.2791611826224976,,,,,,220.0,8.0,1995.0,1.740657307245138,3.907533690746869,21.665680921434827,,,0.0002090006414003,0.569423558897243,2.3455754150800003,0.569423558897243,16.0,0.0021872863978127134,0.525,7.559732312089629,25.194166552335986,1.1757799862495255,5.0,1.187148609274939,0.5768726207434951,0.7226098783913208,0.6403825053051216,0.8389027050084104,-0.14573725764782575,0.997874506512105,0.30677063078656175,0.1270487255374259,4.308270931267281e-19,7.517755125658976e-164,0.0,0.9574022346368715,0.01809872790866591,0.0,0.0,0.0,0.0,0.15040440169327723,0.5017897530451219,0.0,3.094648523610949e-85,0.0,0.06545160894631394,0.0,0.0,3.584953255697,3.5846676395334742,2.7034093362089906,5.576737646058012,4.8402328949705025,4.673195213631264,0.9883045655086953,0.8182450887856145,0.029876883862298698,3.583067990850988,3.5848836696014446,4.7602652993065915,5.058007835489688,0.572703878355435,0.8981585724447716,0.9776913798515146,0.7330637466657843,0.36077518266453,0.9997441444707975,0.5772575959962687,5.422846197660292e-05,1.025414888042326,0.573480758127713,5.5328021311696565e-05,141.17752968698449,0.003173173344897613,0.00017045173197130655,0.554342764213682,0.9012445029632111,0.34308173195385167,0.9544775470959412,0.34360995929026994,0.9421164471661166,0.0010235521051406874,0.021147075857941584
openml_41_glass,real_openml_multiclass,real_openml,8.4444,6,9,43,171,0.0,0.0,,0.0,0.0,False,171,0.7657246611507086,0.7605338045565668,4.038296301484917,3.0712608500950367,8.714285714285714,2.0133231257717834,0.6255367816647759,0.1372331877058992,0.4952402596816022,0.2793125677497545,2.1710541960089595,0.2258034229398582,0.1858452032418385,0.2271316783689162,0.1869384103197317,1.0058823529411762,0.8775399847475475,6.237392686621452,0.7418372916022503,0.220974435597725,0.0005803555281076,0.0014870376751154,0.2423777527884163,0.2896679290052132,0.0509401709401709,0.1510175457156929,3.8363065324162,0.5652730526934941,5.338017573345689,0.9700420642248896,0.3480707893645435,0.1466219804361467,0.52046783625731,0.4050944338153044,0.1483825385792231,0.2982456140350877,0.4588314677411235,9.0,6.0,171.0,0.6404213726292659,1.538376616059349,4.254550775763367,,0.6023391812865497,0.0791696837652699,0.6432748538011696,1.2028528265184684,0.6432748538011696,7.0,0.04093567251461988,0.7999999999999999,2.0287666010079124,3.6669875776397514,0.7657246611238411,4.0,0.5715233282160512,0.4678362573099415,0.6842105263157894,0.40935672514619875,0.5730994152046783,-0.21637426900584789,0.9663682685807401,0.8527835998114336,0.40653723682808635,0.005706285733999443,0.0,0.0,0.8974358974358975,0.1323529411764706,0.0,0.5641025641025641,0.0,0.0,0.558338467554269,0.9408935604481053,0.0,0.00016922210609634554,0.0,0.36484848484848487,0.0,0.0,2.3218299885518627,2.321092549241649,0.6699960320994333,4.329481395113791,4.068979027805342,2.5486358006992873,0.5273610171511001,0.3572532878445349,0.09728501560106473,2.32061707856454,2.3218299885518627,3.9647857280995087,4.135630896716287,0.2924144274091054,0.4226922467681584,0.8998270800775416,0.4260244045377252,0.23472328659609248,0.7849957987270404,0.20736825824415928,0.025065670188734648,0.7896134210724937,0.20858807152794856,0.025213115307491898,2.4702111747270585,0.9262145485496204,0.0012442123571859416,0.26688126152274516,0.6487452656739068,0.06271885748492147,0.3085932654355107,0.06308779194071519,0.3104085199380723,0.3422783861179787,1.3757773291100615
openml_42167_stress,real_openml_multiclass,real_openml,53.0,3,12,41,161,0.0,0.0,,0.0,0.0,False,161,0.9928178486425951,0.9801047565941804,8.59048277981607,8.419573033938127,63.5,1.6848646605966204,0.9211888354377726,0.6246184950376095,0.5940048923253304,0.2478400924113175,0.8118923115303618,0.2368506246265645,0.1751299983298905,0.2383309410304806,0.1762245608194524,1.0062500000000008,1.0240285242124398,7.31919453218728,0.8821943956473347,0.1466129430563157,0.0518880724218866,0.089872777741521,0.3244198952068761,0.4707290732220314,0.0712788259958071,0.1234585481285992,2.3858305159493334,0.8553551583245453,1.6621372884129524,0.8498900505381737,0.1109264561776491,0.1358587229090329,0.2670807453416149,0.3194250049265069,0.1730580644812757,0.186335403726708,0.3905920017118146,12.0,3.0,161.0,0.9237425518088452,0.7671083356193051,1.4494925753899062,,0.3478260869565217,0.3366590510633173,0.37888198757763975,1.4603436412478965,0.37888198757763975,2.0,0.012422360248447204,0.4,1.8210862059325303,27.822916666666668,0.9928178486240955,2.0,0.5427269390116097,0.919212962962963,0.794675925925926,0.8443672839506173,0.8941358024691357,0.124537037037037,0.9993945256175049,0.9269476339993958,0.5579426612869401,0.15566421726565982,0.0,0.0,0.8679245283018868,0.058823529411764705,0.046511627906976744,0.2138364779874214,0.0,0.0,0.8625994496233972,0.9878151486725097,0.0,0.07783210863282991,0.052667578659370724,0.46337402885682577,0.0,0.1069182389937107,2.321817462345493,2.2415116793544163,0.0,3.0347456574078704,2.878212706084338,0.8118923582901637,0.44519637129090794,0.061894508469336085,-4.675980191937157e-08,1.038893181176647,2.2845597229658976,1.8308429043764975,2.9685831018410767,0.025210248091135812,0.1298668770936111,0.7692543023192736,0.5940048923253304,0.4187554823313872,0.685257837845677,0.18037145854794606,0.013255119906464273,0.6895406993322127,0.18149878016387092,0.013337964405879678,3.5260551496793675,0.6426102064106387,0.19737649154049527,0.5063801873283588,0.681629597322302,0.10691132592171844,0.3426361169263612,0.1075795217087292,0.3447775926571512,0.37440661008269893,1.0535434399306114
openml_42169_epiparo_extract,real_openml_multiclass,real_openml,123.0,6,18,45,179,0.0,0.0,,0.0,0.0,False,179,1.0898437655123687,0.8812100317550242,7.536901818922055,6.641593491186804,96.0,1.5994435926594854,0.6213898243960903,0.300135088894893,0.4989462595368025,0.2072109947394278,1.7552355461214402,0.1518833535711197,0.1228229051710788,0.1527366308383734,0.1235129214922647,1.0056179775280905,0.8322955035932048,11.501047079713535,0.8433252988976357,0.1331250002669909,,,0.3144057224304729,0.376398812117277,0.0655328693404567,0.1653012129159882,3.202063856541323,0.5880071079031263,2.96753156593521,0.9457257888330576,0.1526152822396027,0.1118990536400109,0.5027932960893855,0.4526451463231429,0.157844314735833,0.3798882681564245,0.486720265305795,18.0,6.0,179.0,1.2321102935791384,1.4164824348924443,1.9801149711193475,,0.6424581005586593,0.1423494875078618,0.664804469273743,0.9442979412929061,0.664804469273743,1.0,0.00558659217877095,,,24.911385671385673,1.0898437654758375,3.0,1.1547196076645543,,,,,,0.9669124457909085,0.8921788299420912,0.5409611529986483,,,,0.8656716417910447,0.03225806451612903,0.0,0.47761194029850745,0.0,0.0,0.8105160326586643,0.9295662712597096,0.0,0.0024818159907129835,0.010309278350515464,0.7136363636363636,0.0,0.0,2.318884678331877,1.6845528957612843,0.0,3.916760805236738,3.286011910412232,1.7552357035020425,0.41304856156638925,0.12244405356079979,-1.5738060232806106e-07,1.1713706685167466,2.1311232427680897,2.8354999821473794,3.6856166422114516,0.08035187249081388,0.1874292437060846,0.8151334101340794,0.43651637926414755,0.25896053557608684,0.5740933652431274,0.11524720969933089,0.004205627655063283,0.5773186088680899,0.11589466593359705,0.004229254776720939,3.767002016386373,0.7766442736044693,0.19363132856849125,0.42069590914614485,0.5634250635635539,0.05172715581846535,0.22204807919935265,0.0520177578174455,0.22329554031845025,0.5355395768966171,1.1063203030032553
openml_42345_Traffic_violations,real_openml_multiclass,real_openml,9.8066,3,20,14068,56272,0.0,0.0,,0.0,0.0,False,1998,0.6023043760031939,0.715843181826346,2.519954742119479,1.803892420657197,9.806060606060608,1.4576382759585504,1.4498096121889397,0.1961048686748645,0.3870446051965698,0.1837952299595544,1.2343556480042084,0.0472883831367656,0.0850094159166389,0.0438797438062989,0.0893788302576344,0.9522722204857326,0.502836375231862,34.76786392662054,0.981751808583019,0.0417774616744867,0.2301250393600034,0.3985882602653137,0.3319290854835878,0.5749180405674473,0.3294716517465332,0.5706616404786348,2.656491149026416,1.4092829459919287,0.4355771115072181,0.9987823158493828,0.035502774936343,0.0902280264247744,0.6216216216216216,0.482918788506112,0.0972946279394594,0.4269269269269269,0.4947553333977856,20.0,3.0,1998.0,0.596346594211942,0.3333877393794227,0.364808943521597,,0.8503503503503503,0.6842781748713433,0.8863863863863863,0.43991699034839804,0.8863863863863863,2805.0,0.04984717088427637,0.7214260249554367,1.2179837106978406,6.706943806175006,0.6023043760031618,1.0,-0.6972015596665556,0.5383593854375418,0.5303380093520375,0.5583567134268538,0.5850501002004008,0.00802137608550435,0.9999306227700757,0.9964105976418843,0.8410437039215323,0.6903751180800104,0.0,0.0,0.9957872564507636,0.0,0.0,0.9884149552395998,0.0,0.0,0.9909524681470996,0.9993230897049705,0.0,0.3451875590400052,0.0,0.4978936282253818,0.0,0.4942074776197999,3.556714681535178,0.7717367851586399,0.0415939491180952,4.7767165856150715,2.0018914060786805,1.2753095710451485,0.3356641199963386,0.007272699216563261,0.00015500087918574046,0.18054299064596502,3.0300027487506718,1.414151523581155,4.180489210781696,0.003280529096172047,0.011187359904927807,0.5170074586507118,0.38704460519657,0.25708175174242814,0.7881973406914318,0.0265718129295337,0.00036441058628072613,0.8336664444989719,0.020435266052245677,5.079299124248712e-05,2.421173752074501,0.9219762589545839,0.006776525693225981,0.32206317846949906,0.45202603192364094,0.0106795527222233,0.05194167180929798,0.007332347337076239,0.04446972292706425,0.7115531203693952,1.1524574230378564
openml_42530_Midwest_Survey,real_openml_multiclass,real_openml,8.0638,10,26,556,2222,0.0,0.0,,0.0,0.0,False,2222,0.6509455674548038,1.3006065996058227,9.482146246257503,12.332541986310089,8.08,1.1549881205078754,0.7358401219371975,0.0568408397737197,0.3348785813304913,0.2796642070550271,3.0627173090519912,0.1241397168052021,0.1390778067799836,0.1241956104192521,0.1391404262337342,1.0004502476361987,0.9501847187262134,16.199394481505347,0.8886153630544048,0.1375328219190222,0.333215148372371,0.3088375323336171,0.6490870343365561,0.281240640624244,0.4036166237522919,0.4299842475343606,4.02864173878126,0.438663945322408,3.6735588390076894,0.9989064838076968,0.1890636907786065,0.4125124327129266,,,,,,26.0,10.0,2222.0,0.6305536249541897,1.6349895277670392,1.993902211266446,,,0.0964991145537407,0.8186372745490982,0.5737346696445341,0.8186372745490982,75.0,0.03375337533753375,0.3653333333333333,2.62756742681104,2.367500390403541,0.6509455674518743,6.0,1.643078941786246,0.3810190662449397,0.4598876467795028,0.2439457227708429,0.5915297797737376,-0.07886858053456308,0.9909869026403862,0.9395507479711753,0.4909107837421251,0.9134097231679085,0.18509483834249063,0.0,0.9953703703703703,0.5540540540540541,0.008264462809917356,0.9953703703703703,0.029372496662216287,0.0,0.9095668483156891,0.9676595867218244,0.062291453912914845,0.3759043854307506,0.3195402298850575,0.9267563527653214,0.0,0.8734693877551021,3.5566504541405304,0.9674342487976828,0.24035930751970752,5.158466467024925,3.975526352135063,3.2923408997864296,2.181415774174006,0.051163427021989394,0.009751656710014434,0.7441646594422325,0.9986551954751997,3.7741602224560067,4.025144306649338,0.027677354224697637,0.07637927894131125,0.8177801388271809,0.16979789640671128,0.09112736890947756,0.8320914421391139,0.06234113626412056,0.0006269699096829063,0.8361259332304206,0.06289416477526122,0.0006279346008314639,4.200202501993674,0.6649134795881138,0.16114967990595633,0.12460749452291955,0.4561018854874663,0.027717121425921795,0.18509912934712947,0.027947387118123668,0.1853086115206978,0.4731729866712042,1.0399522933156191
openml_42532_Midwest_Survey_nominal,real_openml_multiclass,real_openml,8.0638,10,27,556,2222,0.0,0.0,,0.0,0.0,False,2222,0.6509455674548038,1.5742030737220851,10.703529427092802,16.84952892380428,8.08,1.2403500806966103,0.8469912186646147,0.0568408397737197,0.3509635285179439,0.3033097776294742,3.0627173090519912,0.1195757105906931,0.1367728513281622,0.1196295492717335,0.1368344329811691,1.000450247636199,0.9436640176600352,15.625954801103662,0.8821642290508512,0.1726792265133323,0.376767937522986,0.3106379658973752,0.6299122101199868,0.281687389457512,0.4322590943868772,0.400372877346445,4.107065459112294,0.5851484982946276,6.46140568247474,0.9985963942928946,0.1960019306363072,0.3950996906218666,,,,,,27.0,10.0,2222.0,0.6305536249541897,1.844553154793019,4.517381931426977,,,0.0464395100580113,0.8542084168336673,0.4487694483064685,0.8542084168336673,75.0,0.03375337533753375,0.2826666666666667,2.218100443019085,2.367500390403541,0.6509455674518743,6.0,1.643078941786246,0.37232698328383673,0.3910323994709633,0.3161624453726731,0.6022674532465198,-0.018705416187126567,0.9909869026403862,0.9429276093744761,0.21034673823353142,0.8670407979657037,0.3243583294422328,0.0,0.9926578560939795,0.5972222222222222,0.0113314447592068,0.986284289276808,0.3373493975903614,0.0,0.9100655322288818,0.973647327580301,0.07237709255574451,0.6971974734861023,0.425531914893617,0.9002624671916011,0.0,0.8556430446194225,3.418115446259108,0.9728520066284664,0.24035930751970752,6.025262783771492,3.976735167461604,3.2923408997864296,1.8970153524469655,0.05607707450977495,0.009751656710014434,0.7839741660722515,1.1815146746682956,3.8046131568378083,4.039028631062079,0.02962925564801977,0.20550244715515276,0.9038847938862036,0.172439004643312,0.09717153012059553,0.8320914421391139,0.06070979882064145,0.0003695115713889525,0.8361259332304206,0.06072100442577297,0.0003689613158930681,4.202155277109349,0.6581735381435297,0.16096775387298395,0.12440873450769753,0.45971233681520807,0.024130697385962154,0.1788255212777422,0.024222680164510395,0.17881923416311843,0.47599709693678016,1.0127493732908452
openml_42544_Touch2,real_openml_multiclass,real_openml,1.7407,8,10,53,212,0.0,0.0,,0.0,0.0,False,212,0.224837269581377,0.98889766681805,4.478890257552417,4.429164125627681,1.7272727272727273,2.08415818339505,0.7173328099799745,0.0084847513537706,0.5299490003727977,0.2830717074566153,2.965839814882638,0.2890523369408887,0.2498406582733023,0.2904222532297082,0.2510247372224651,1.0047393364928914,1.2081316388347263,5.162500537403616,0.6891471403439156,0.2213282158296002,,,0.2806567693944585,0.2437457759518798,0.0,0.0,4.475501241639237,0.5549432580257572,8.432230812445269,0.9759255962976148,0.5744967566384511,0.2842324182207186,0.4056603773584906,0.3831941308355439,0.1323049813248481,0.1886792452830188,0.3921796557839304,10.0,8.0,212.0,0.2027883636735127,2.4466991503473143,4.924057482008689,,0.5849056603773585,0.0175382384351694,0.6037735849056604,1.2345426625838458,0.6037735849056604,22.0,0.10377358490566038,0.5727272727272728,1.4804863355083553,1.2955472710519296,0.22483726957289263,6.0,1.0655239359217819,0.28786049631120053,0.7028839704896043,0.6227364185110664,0.6788061703554661,-0.41502347417840374,0.978298827637815,0.7698792848723046,0.3612394365303833,,,,0.7,0.2583333333333333,0.0,0.0,0.0,0.0,0.4884121286913554,0.8587722566271235,0.0,0.0,0.03260869565217391,0.471360153256705,0.0,0.0,2.321831944306104,2.317968119970155,0.04324154504802914,4.903748408646374,4.61614171475108,2.9973110683207262,0.9769684013127913,0.5278796210026746,0.01177029160994092,2.302961362711499,2.321831944306104,4.438463310537893,4.78991692635676,0.44467323837141093,0.7822908972468114,0.9116999376760995,0.5036247361016971,0.14888315899418603,0.9353150086232279,0.21532933179825467,0.00361617252334313,0.939747781175945,0.2163498499584361,0.0036333107817476044,3.655624987968735,0.4894900216138436,0.048475919458443636,0.3300674313483609,0.7426501535704395,0.07773338278493631,0.46840490809129726,0.07810178744268492,0.4706248365656637,0.2421226971718547,1.1971454421086232
openml_42585_penguins,real_openml_multiclass,real_openml,2.2353,3,6,69,275,0.0,0.0,,0.0,0.0,False,275,0.3080839211632746,0.224798312805462,6.774480199225167,1.522891718919828,2.259259259259259,2.163593763824106,0.6519313317391315,0.0649716960805436,0.9023248811109508,0.0929789404196007,1.5119416786397282,0.4275204970935538,0.2325275823653286,0.4290807908785666,0.233376223176881,1.0036496350364958,1.1872922703588908,2.380435084748164,0.4484262241764318,0.2873809772197678,0.0,0.0,0.1210407239819004,0.1251879690695655,0.0,0.0,3.04038194118712,0.481899674851249,17.245586566802697,0.8367338842975207,0.6351535012767142,0.3103042953025539,0.029090909090909,0.1779085682943055,0.0972018737568921,0.0036363636363636,0.0603022689155527,6.0,3.0,275.0,0.237339551685574,1.637025465505335,14.913761899203374,,0.08,0.0188601440249564,0.02181818181818182,1.9442272735392718,0.02181818181818182,54.0,0.19636363636363635,0.9851851851851853,0.91519886940038,1.774971941638608,0.30808392115991373,1.0,-0.3719951996444556,0.7709030100334449,0.9927138079311991,0.8474677496416626,0.9817247969421882,-0.22181079789775426,0.9961859065126931,0.3272852176331804,0.2198638266742325,0.0,0.0,0.0,0.25,0.11312217194570136,0.0,0.0,0.0,0.0,0.2963580031713766,0.4822374880991921,0.0,0.0,0.05656108597285068,0.18156108597285067,0.0,0.0,2.5845698717944963,2.5782595401571093,1.2021332083391096,3.442388731545636,3.278282128627543,2.21187251403,0.8245170864185787,0.7594917245661019,0.013058039324443271,1.7342370094175001,2.5836480775336623,2.841008756986809,3.3217319155459597,0.6792250840611312,0.7912926028107143,0.9680709203891904,0.9023248811109508,0.8365788418327111,0.8655754206049976,0.48341315552106306,0.057885746701872576,0.8687344549867682,0.4851774371105561,0.05809700855114931,3.2786846177408306,0.5239903705454921,0.10746272857412716,0.869451861471831,0.9351979007500706,0.233058169880582,0.5855186057962083,0.2339087471429198,0.5876555350144428,0.32791112733196776,1.1249113500505539
openml_42768_Midwest_survey,real_openml_multiclass,real_openml,8.0638,10,24,556,2222,0.0,0.0,,0.0,0.0,False,2222,0.6509455674548038,1.6436458375053216,10.564863936133698,17.36489463243624,8.08,1.0927888494148317,0.7103240980427872,0.0568408397737197,0.3262322287789712,0.2860945007809445,3.0627173090519912,0.1375960630538187,0.1429671245540744,0.1376580153559585,0.1430314951639581,1.0004502476361976,0.9716000977478104,18.338690138145733,0.898084038201981,0.1643136157972181,,,0.6047389358265226,0.2851480260813503,0.3977667029619433,0.3985745042833134,3.9884976488088006,0.3923957131985817,5.393511124182959,0.9990190963290748,0.1670085096580223,0.4086795678588434,,,,,,24.0,10.0,2222.0,0.6305536249541897,1.6126477108636377,4.261531048356148,1.7735395581056876,,0.0739666275947129,0.8957915831663327,0.41125061064868246,0.8957915831663327,75.0,0.03375337533753375,0.24533333333333332,1.9147918058379874,2.367500390403541,0.6509455674518743,6.0,1.643078941786246,0.3716576392409987,0.3569696286817276,0.3435666513750392,0.6102942162772668,0.014688010559271103,0.9876033105823602,0.940441206119488,0.21129060254059512,,,,0.9935691318327974,0.5894039735099338,0.0169971671388102,0.9935691318327974,0.2116788321167883,0.0,0.9171345310198581,0.9682460493937998,0.0,0.5834159695095338,0.4147058823529412,0.8866995073891626,0.0,0.7684729064039408,3.4181198004607847,0.9540258652738525,0.26073212131992685,4.857060779862417,3.978748754380875,3.302473686624567,1.9145822014975726,0.04720078311726472,0.011649644906020384,0.7069509318260292,0.995997026463284,3.742421767269173,4.008700147142727,0.02953503897646692,0.06902742125038885,0.8962107650210037,0.16442530141411604,0.08042408553341758,0.8381020920442012,0.0806122968007858,0.00016113678242411577,0.8379680719421174,0.08056528452256315,0.00016310755564909093,4.19079300648605,0.6472453674020116,0.15500116161666844,0.12450155175421218,0.4549709393083317,0.03238144988418555,0.20262587026785378,0.032518530344531504,0.20371030099364212,0.4646659391335635,1.0180293577738242
openml_43028_dgf_96f4164d-956d-4c1c-b1,real_openml_multiclass,real_openml,39.8,6,53,142,567,0.0,0.0,,0.0,0.0,False,567,1.2595667521361804,1.6794813819052288,31.667475446714327,53.18493542469768,39.75,1.1424773577481886,0.9962844198850191,0.3649545920135547,0.8238581485572082,0.1570919590802608,1.508276517572216,,,0.1708766045682814,0.1819853438068371,0.982865524368291,1.8222204216906912,8.974261148096522,,,,,0.2574291077032328,0.2973933353863169,0.0181102362204724,0.0701406432777721,2.482686945610862,0.9076986726537823,4537293.668368202,0.9342621364961166,0.1680669297095424,0.1278228728508241,0.2257495590828924,0.1763222320932801,0.2189389932197298,0.1146384479717813,0.3188664244021539,53.0,6.0,567.0,0.9936493439150204,3.492422779151253,4537283.712657561,,0.2204585537918871,2.6068320997754747e-09,0.30158730158730157,1.7110081682308727,0.30158730158730157,8.0,0.014109347442680775,0.47500000000000003,10.557426518907631,14.372472193555785,1.2595667521228515,4.0,0.9778668088783592,0.6772486772486772,0.8694885361552028,0.6984126984126985,0.6984126984126983,-0.19223985890652562,,,,,,,0.7471590909090909,0.07035175879396985,0.0,0.27165354330708663,0.0,0.0,0.6471590305508681,0.8917681769384409,,,0.0,0.5418855042016807,0.0,0.0,2.9999842378523263,0.9129137127710657,0.0,4.425789370794362,2.196874722253335,1.5082766784415282,0.536639334349085,0.11644161245391094,-1.6086931231562573e-07,0.14792723800140206,1.8114702413054304,1.539762143119707,3.042894290776837,0.08414412133770499,0.26804360723274456,0.999999889801928,0.8582577881049912,0.5964190221046712,,,,1.0017667844523035,0.118992379487266,0.0,9.940868233862528,0.3535507397644941,-1.2583773974265837e-15,0.7467764330714965,0.9178376097029544,0.051104282068361886,0.24538065585207394,0.04450582772648825,0.2417486373496232,0.0765709009170673,0.9754152947396133
openml_43044_drug-directory,real_openml_multiclass,real_openml,9857.2857,7,3,24043,96172,0.0,0.0,,0.0,0.0,False,1999,1.5537377438377218,1.2312788977166902,2.238566870434461,2.7563001486936445,9200.166666666666,2.4643576492926256,1.5098688449418678,0.426636759755083,0.3039770609328967,0.2300425498023158,1.165971928852544,0.0644215468126585,0.0913818461967797,0.063367080844297,0.1069425566620721,0.739734813682167,0.653156423790984,12.40969465838917,0.8695921678324985,0.1322983431610146,,,0.1967161442815606,0.255522004550049,0.1045781953674507,0.2206333135027537,3.536373041667108,1.4325186546723414,0.4984658816028423,0.9973826332876292,0.0939565364780612,0.0784791111879111,0.5822911455727864,,,0.3541770885442721,0.4783828600777246,3.0,7.0,1999.0,2.615624668785377,0.3830453101593079,0.3765226050302612,,0.4787393696848424,0.6472267274318244,0.6803401700850426,2.1475104076549263,0.6803401700850426,6.0,6.238822110385559e-05,0.46666666666666673,292866.16162887326,875.7579669167551,1.5537377438376088,5.0,1.0909982951547335,0.5733333333333334,0.648,0.41733333333333333,0.59,-0.07466666666666666,0.9874416030226502,0.8948487104570889,0.7264861900177558,,,,0.988665636269964,0.10460251046025104,0.0,0.9845440494590417,0.005025125628140704,0.0,0.8106674502374224,0.9411451567398695,0.0,0.0,0.0,0.33796698523023455,0.0,0.10451306413301663,3.584938841896512,3.060755114661991,0.7473789913193738,4.588075687104829,4.116211935586131,1.9048315023103644,0.16283508364422694,0.11051510792840347,0.008519417861553302,1.9040670529906825,3.3228469782792516,3.010521718948248,4.35214381134548,0.059517262894978384,0.1366750957863152,0.5230026068054027,0.3246197043687227,0.06430887162456508,0.16972279410404256,0.017634139305827797,0.005907707028105252,0.1868501050073149,0.0024425651441637025,0.0008085723814126929,1.288309490091102,0.9136803192559659,0.01721463169943363,0.1944642879966439,0.42381115558706267,0.011770923166966525,0.09367846670493518,0.0016255687627881976,0.0946463350757393,0.46544747547769977,1.100994904673534
openml_4340_Engine1,real_openml_multiclass,real_openml,257.0,3,5,77,306,0.0,0.0,,0.0,0.0,False,306,0.8423388832945329,0.266946716167259,1.6188558866770013,0.4321482628964619,211.0,2.583616330815381,0.002958716676766,0.437723690353053,0.3613390144204621,0.4078677367518684,0.9198607810099264,0.1999707765877267,0.2542651123065937,0.2006264184781783,0.2550987684125171,1.0032786885245903,0.7029182145612883,4.458452326928121,0.85663491992288,0.1704525073511208,0.0581230563967198,0.10067208677031,0.2859554159137404,0.4820969771798776,0.2185792349726776,0.3785903404522135,3.2971587049974125,0.1700273816360995,0.73595639748672,0.9315007048571062,0.2063184068278939,0.1693548929186946,0.1045751633986928,0.2788810307012098,0.1414584682676777,0.0490196078431372,0.2162626354299891,5.0,3.0,306.0,0.8341703555614554,0.4274878573677932,0.7306087336997134,,0.238562091503268,0.5747577498225973,0.3464052287581699,0.886582237454666,0.3464052287581699,1.0,0.0032679738562091504,,,102.41489361702128,0.8423388832862746,2.0,0.1388598837773298,,,,,,0.9970363304235375,0.94514262273354,0.6374607203341275,0.17436916919015952,0.0,0.0,0.8426229508196721,0.010526315789473684,0.0047169811320754715,0.6557377049180327,0.0,0.0,0.70931511052964,0.994219815593555,0.0,0.08718458459507976,0.007621648460774578,0.4265746333045729,0.0,0.32786885245901637,2.584962500721156,2.584962500721156,2.5783241020124748,3.4849338679194477,3.2232717451601594,3.1414692467112464,0.3633540350198361,0.2749131378622418,0.019889413811634782,2.5848700499009585,2.584962500721156,3.1602531738303354,3.475865491365875,0.028865339545010027,0.34457010790074705,0.6497450569049179,0.3613390144204621,0.07293297193600633,0.6746335719247254,0.07174659833567168,0.010965894410960951,0.6768454852752985,0.07198183308431322,0.011001848163128032,2.0950756263513552,0.9105199783888424,0.17625387466495,0.21713599317823423,0.5055420356626901,0.04678844498660408,0.2327380048384756,0.04694184972426508,0.23350108026417554,0.7210743979264904,1.1134695652913134
openml_43921_car_evaluation,real_openml_multiclass,real_openml,18.6154,4,6,346,1382,0.0,0.0,,0.0,0.0,False,1382,1.0825055912446406,0.7746541433056934,0.8636358279118682,0.6690190723991715,18.615384615384617,1.79193894075254,0.2270908284705796,0.5069562793245246,0.2284483751404341,0.2248814901324503,1.205103129912393,0.0095032726783674,0.0077403549873999,0.0095101541212916,0.0077459598787738,1.0007241129616236,0.029642159120893,10.517585338143691,0.9574221421522348,0.0562258264785585,0.1111111111111111,0.1956312984628779,0.5436546427116093,0.1592191462560657,0.21024352386595,0.2394393887716822,2.8824622416292804,0.2999341128073906,0.3167325559662849,0.9929117598396584,0.1145798290356528,0.1034064629456004,0.2698986975397974,0.3983489984926278,0.0993752043554683,0.1685962373371924,0.3745304341789997,6.0,4.0,1382.0,0.7955011554733668,0.2577093495212963,0.2684373361945327,,0.447178002894356,0.7520470187790951,0.6143270622286541,0.4022590196878345,0.6143270622286541,52.0,0.03762662807525326,0.5884615384615385,0.5459042566032297,8.651972620213662,1.0825055912415076,3.0,0.9144784853389144,0.7004354113615644,0.7279402056021881,0.6396538715457889,0.68378917916313,-0.027504794240623687,0.9967088416637916,0.9803752838426926,0.8522929612572158,0.5000000000000001,0.02777777777777779,0.0,0.719626168224299,0.5894519767925022,0.2754901960784314,0.6431372549019608,0.16689675077670404,0.0,0.9461303484242202,0.9951426552273881,0.0,0.09722222222222224,0.48051364575760297,0.6301429964250894,0.03470185728250244,0.2621443081610982,1.9995716278761573,1.7919658516152897,1.584366608308958,3.202153349908545,2.930096679474027,2.527572089625629,0.2621605364475621,0.08720108133288806,0.002521407880005988,1.5846989344729379,1.9991067701593663,2.6192997923027947,3.1243895359043106,0.04209647808316175,0.18780021299871197,0.46003084473890915,0.2143864597884187,0.010927820893974743,0.02519509457045013,0.008304324423072938,0.0008571727404308163,0.02521333866499789,0.008310337692025273,0.0008577934303225124,1.0326881574117677,1.007429858366082,0.9573427974042027,0.11265714034119671,0.3372086522636639,0.003031090013925745,0.013423543902546794,0.003033284865492665,0.013433264064677545,0.9807539402874851,1.0225514935617614
openml_43923_mushroom,real_openml_multiclass,real_openml,2160.0,5,8,2592,10368,0.0,0.0,,0.0,0.0,False,2000,0.7663817354250111,1.116098228467788,2.8600375200587926,3.1920828094890243,1728.0,1.7070768024804697,0.3978171622090461,0.1494826666265185,0.3324181096752951,0.3919238674723855,1.7232298898390728,0.0148060257216195,0.0121062261515746,0.0149152220287576,0.0122046827690518,1.006409952096773,0.055864158970543,10.38522630638798,0.8867961891462651,0.2670754839666434,,,0.2657547302295219,0.3333489084104553,0.1377118644067796,0.3253328032303776,3.264375797893187,0.5143686804865639,3.588051050418821,0.9979175,0.1659308944263554,0.3268146061464796,0.3705,0.3937370833025249,0.1297876976954472,0.2065,0.4048947021880256,8.0,5.0,2000.0,1.4579420915580377,0.9028201522439226,3.443534003632819,,0.5555,0.1964621707672098,0.657,0.8548582614153374,0.657,2.0,0.00019290123456790122,0.2,1.171389430070742,522.470082286811,0.7663817354246416,2.0,-0.4098574917968328,0.6619999999999999,0.644,0.6666666666666667,0.7653333333333334,0.017999999999999905,0.9991210077138752,0.9896495469433375,0.22955123360557156,,,,1.0,0.16814793300416303,0.0,1.0,0.0,0.0,0.9635723514674367,0.9957162370982028,0.0,0.0,0.0,0.36046279388267516,0.0,0.0,2.321540784325804,1.5845724163541184,0.9999127151897329,3.8317689857456805,3.2827875774477366,2.350756502900935,0.9568633102879791,0.024999450462849016,0.007216901037793821,1.5843593054885299,1.9985640970128085,3.10572174249711,3.7046909932916643,0.017102993560216828,0.1072018641849164,0.8803146593634916,0.21448652306796673,0.020384733201756072,0.041083455706459736,0.01174195370455658,5.2959381042837615e-05,0.04153355749762421,0.011724791899457042,5.313730124293649e-05,1.081275523353789,1.0164507020930627,0.9213696229624251,0.06612120314095446,0.4807834296023076,0.004729650837684298,0.022772873428694596,0.004759232465983098,0.022854855580625187,0.9649588011949022,1.0463206677333179
openml_44153_vehicle_reproduced,real_openml_multiclass,real_openml,1.0955,4,18,170,676,0.0,0.0,,0.0,0.0,False,676,0.0352555481887958,0.5748042923458149,0.754190817425052,0.4335121191037187,1.0943396226415094,2.9330501704658314,0.1351813419666068,0.0005460721042767,0.6734036141902636,0.269115890842766,1.9990928967963064,0.4061152993244932,0.3414857873705343,0.4067169516197885,0.3419916922407127,1.0014814814814803,2.251449784310543,8.133142575804214,0.8809034388299928,0.0769648243497051,0.0211116831845342,0.0516100078785464,0.756917655402683,0.147527313579022,0.1590365644564512,0.2577039910086006,4.686347192154337,0.1984206656726634,4.5551326929492335,0.9894217639438396,0.2457958751078003,0.113622682857849,0.4437869822485207,0.443489012785315,0.104359281110247,0.3180473372781065,0.4660628196176309,18.0,4.0,676.0,0.0336441530059816,1.5052640082217197,2.371027161907548,,0.7307692307692307,0.0849424423432484,0.6109467455621301,0.5971558648417534,0.6109467455621301,159.0,0.23520710059171598,0.8616352201257862,1.7381919305870068,1.049754857408845,0.0352555481885872,1.0,-0.957375915803265,0.39203539823008854,0.6967289413307113,0.4512291052114061,0.7781055391674861,-0.30469354310062274,0.9864906099358433,0.8878202645727707,0.7537852957198159,0.12646012332305812,3.512703038532098e-05,5.295229263164383e-06,0.9416909620991254,0.75482622131176,0.5855855855855856,0.6763848396501457,0.0841622303166153,0.0,0.8134762227796981,0.9501013139270887,5.759861390551998e-06,0.0001126235243874828,0.6428800307613433,0.8629657864754373,0.01882530120481928,0.10538837879498694,2.9998488956248255,2.9859248400000524,2.4729205231344404,4.878408041388578,4.748925599722269,4.074296342329664,0.412921505586179,0.23232243783097495,0.07959125213687646,2.939655375345195,2.995356036419206,4.600337829778507,4.821888885130889,0.15221771029323805,0.3654317830307534,0.8386623344707715,0.8186789034815914,0.36286960461842793,0.9964429814932656,0.22698575170273366,0.00016945258305032306,0.9979191933177007,0.2273220268904414,0.00016970362391410118,9.417739199242302,0.12439833303561887,0.00037068270472604857,0.5907742540500097,0.8286706189761814,0.10772113079031992,0.7799207643477412,0.10788071765075007,0.7810762025171448,0.024364499896942837,0.7973163647812872
openml_44468_yeast_seed_0_nrows_2000_n,real_openml_multiclass,real_openml,92.6,10,8,297,1187,0.0,0.0,,0.0,0.0,False,1187,1.1092869294588157,2.767902505360366,12.029986213063443,33.29782897858897,92.5,2.330089153374141,1.4536025817619336,0.1504607260707983,0.4523584363976421,0.2387197691784392,2.49110189850608,0.0852352776554038,0.117112879037352,0.0853071455117742,0.1172116251410935,1.0008431703204042,0.4052180756623049,12.240712371967936,0.7065758199892693,0.1558749642774957,,,0.4707776089960013,0.3358290634040724,0.2280299336986049,0.271910833832906,4.617681499265385,1.3463615293880091,3.475821744894083,0.9977983901704012,0.2035095526148357,0.1535005982662909,0.6596461668070767,0.4790523735758268,0.1447899375186614,0.481044650379107,0.4998511621926105,8.0,10.0,1187.0,1.6280255412612994,2.035935137217208,1.0309198974100475,,0.8087615838247684,0.0731956570755024,0.8635214827295703,2.068101474225727,0.8635214827295703,4.0,0.003369839932603201,0.8,3.485079263201525,11.644421333571238,1.1092869294494703,6.0,0.979358292441108,0.39848058645527,0.5004198099134808,0.2257341345948941,0.5930933810680646,-0.10193922345821077,0.9672351234677432,0.6777361459777778,0.5405771462577456,,,,0.9761570827489481,0.5,0.0,0.9200561009817672,0.15,0.0,0.5866912743710588,0.7917350009958857,0.0,0.0,0.1111111111111111,0.773841961852861,0.0,0.3987730061349693,3.3162712796617884,3.268226603597982,0.08151831086753492,5.682275217203883,5.371172959905017,2.531209422440912,0.455900475364734,0.1839584111944763,0.026891664135973326,1.5298337053104134,3.296963476098068,3.9087067932294763,5.531838386696475,0.08021893428581572,0.29862517290315793,0.7124691493382527,0.5071210333705264,0.09474999990739466,0.5858862215730073,0.044018954867247204,0.0010436579583238122,0.5863802234461722,0.044056070343526724,0.0010445379397389211,1.8072874004089123,0.9716286743448057,0.4027674862835735,0.25585355173304336,0.6572041639720141,0.019701568765699513,0.11489679220332383,0.01971818054374829,0.11499366976841897,0.8065211402237055,1.0760011212313965
openml_44469_yeast_seed_1_nrows_2000_n,real_openml_multiclass,real_openml,92.6,10,8,297,1187,0.0,0.0,,0.0,0.0,False,1187,1.1092869294588157,2.767902505360366,12.029986213063443,33.29782897858897,92.5,2.330089153374141,1.4536025817619336,0.1504607260707983,0.4523584363976421,0.2387197691784392,2.49110189850608,0.0852352776554038,0.117112879037352,0.0853071455117742,0.1172116251410935,1.0008431703204042,0.4052180756623049,12.240712371967936,0.7065758199892693,0.1558749642774957,,,0.4707776089960013,0.3358290634040724,0.2280299336986049,0.271910833832906,4.617681499265385,1.3463615293880091,3.475821744894083,0.9977983901704012,0.2035095526148357,0.1535005982662909,0.6596461668070767,0.4790523735758268,0.1447899375186614,0.481044650379107,0.4998511621926105,8.0,10.0,1187.0,1.6280255412612994,2.035935137217208,1.0309198974100475,,0.8087615838247684,0.0731956570755024,0.8635214827295703,2.068101474225727,0.8635214827295703,4.0,0.003369839932603201,0.8,3.485079263201525,11.644421333571238,1.1092869294494703,6.0,0.979358292441108,0.39848058645527,0.5004198099134808,0.2257341345948941,0.5930933810680646,-0.10193922345821077,0.9672351234677432,0.6777361459777778,0.5405771462577456,,,,0.9761570827489481,0.5,0.0,0.9200561009817672,0.15,0.0,0.5866912743710588,0.7917350009958857,0.0,0.0,0.1111111111111111,0.773841961852861,0.0,0.3987730061349693,3.3162712796617884,3.268226603597982,0.08151831086753492,5.682275217203883,5.371172959905017,2.531209422440912,0.455900475364734,0.1839584111944763,0.026891664135973326,1.5298337053104134,3.296963476098068,3.9087067932294763,5.531838386696475,0.08021893428581572,0.29862517290315793,0.7124691493382527,0.5071210333705264,0.09474999990739466,0.5858862215730073,0.044018954867247204,0.0010436579583238122,0.5863802234461722,0.044056070343526724,0.0010445379397389211,1.8072874004089123,0.9716286743448057,0.4027674862835735,0.25585355173304336,0.6572041639720141,0.019701568765699513,0.11489679220332383,0.01971818054374829,0.11499366976841897,0.8065211402237055,1.0760011212313965
openml_44470_yeast_seed_2_nrows_2000_n,real_openml_multiclass,real_openml,92.6,10,8,297,1187,0.0,0.0,,0.0,0.0,False,1187,1.1092869294588157,2.767902505360366,12.029986213063443,33.29782897858897,92.5,2.330089153374141,1.4536025817619336,0.1504607260707983,0.4523584363976421,0.2387197691784392,2.49110189850608,0.0852352776554038,0.117112879037352,0.0853071455117742,0.1172116251410935,1.0008431703204042,0.4052180756623049,12.240712371967936,0.7065758199892693,0.1558749642774957,,,0.4707776089960013,0.3358290634040724,0.2280299336986049,0.271910833832906,4.617681499265385,1.3463615293880091,3.475821744894083,0.9977983901704012,0.2035095526148357,0.1535005982662909,0.6596461668070767,0.4790523735758268,0.1447899375186614,0.481044650379107,0.4998511621926105,8.0,10.0,1187.0,1.6280255412612994,2.035935137217208,1.0309198974100475,,0.8087615838247684,0.0731956570755024,0.8635214827295703,2.068101474225727,0.8635214827295703,4.0,0.003369839932603201,0.8,3.485079263201525,11.644421333571238,1.1092869294494703,6.0,0.979358292441108,0.39848058645527,0.5004198099134808,0.2257341345948941,0.5930933810680646,-0.10193922345821077,0.9672351234677432,0.6777361459777778,0.5405771462577456,,,,0.9761570827489481,0.5,0.0,0.9200561009817672,0.15,0.0,0.5866912743710588,0.7917350009958857,0.0,0.0,0.1111111111111111,0.773841961852861,0.0,0.3987730061349693,3.3162712796617884,3.268226603597982,0.08151831086753492,5.682275217203883,5.371172959905017,2.531209422440912,0.455900475364734,0.1839584111944763,0.026891664135973326,1.5298337053104134,3.296963476098068,3.9087067932294763,5.531838386696475,0.08021893428581572,0.29862517290315793,0.7124691493382527,0.5071210333705264,0.09474999990739466,0.5858862215730073,0.044018954867247204,0.0010436579583238122,0.5863802234461722,0.044056070343526724,0.0010445379397389211,1.8072874004089123,0.9716286743448057,0.4027674862835735,0.25585355173304336,0.6572041639720141,0.019701568765699513,0.11489679220332383,0.01971818054374829,0.11499366976841897,0.8065211402237055,1.0760011212313965
openml_44471_yeast_seed_3_nrows_2000_n,real_openml_multiclass,real_openml,92.6,10,8,297,1187,0.0,0.0,,0.0,0.0,False,1187,1.1092869294588157,2.767902505360366,12.029986213063443,33.29782897858897,92.5,2.330089153374141,1.4536025817619336,0.1504607260707983,0.4523584363976421,0.2387197691784392,2.49110189850608,0.0852352776554038,0.117112879037352,0.0853071455117742,0.1172116251410935,1.0008431703204042,0.4052180756623049,12.240712371967936,0.7065758199892693,0.1558749642774957,,,0.4707776089960013,0.3358290634040724,0.2280299336986049,0.271910833832906,4.617681499265385,1.3463615293880091,3.475821744894083,0.9977983901704012,0.2035095526148357,0.1535005982662909,0.6596461668070767,0.4790523735758268,0.1447899375186614,0.481044650379107,0.4998511621926105,8.0,10.0,1187.0,1.6280255412612994,2.035935137217208,1.0309198974100475,,0.8087615838247684,0.0731956570755024,0.8635214827295703,2.068101474225727,0.8635214827295703,4.0,0.003369839932603201,0.8,3.485079263201525,11.644421333571238,1.1092869294494703,6.0,0.979358292441108,0.39848058645527,0.5004198099134808,0.2257341345948941,0.5930933810680646,-0.10193922345821077,0.9672351234677432,0.6777361459777778,0.5405771462577456,,,,0.9761570827489481,0.5,0.0,0.9200561009817672,0.15,0.0,0.5866912743710588,0.7917350009958857,0.0,0.0,0.1111111111111111,0.773841961852861,0.0,0.3987730061349693,3.3162712796617884,3.268226603597982,0.08151831086753492,5.682275217203883,5.371172959905017,2.531209422440912,0.455900475364734,0.1839584111944763,0.026891664135973326,1.5298337053104134,3.296963476098068,3.9087067932294763,5.531838386696475,0.08021893428581572,0.29862517290315793,0.7124691493382527,0.5071210333705264,0.09474999990739466,0.5858862215730073,0.044018954867247204,0.0010436579583238122,0.5863802234461722,0.044056070343526724,0.0010445379397389211,1.8072874004089123,0.9716286743448057,0.4027674862835735,0.25585355173304336,0.6572041639720141,0.019701568765699513,0.11489679220332383,0.01971818054374829,0.11499366976841897,0.8065211402237055,1.0760011212313965
openml_44472_yeast_seed_4_nrows_2000_n,real_openml_multiclass,real_openml,92.6,10,8,297,1187,0.0,0.0,,0.0,0.0,False,1187,1.1092869294588157,2.767902505360366,12.029986213063443,33.29782897858897,92.5,2.330089153374141,1.4536025817619336,0.1504607260707983,0.4523584363976421,0.2387197691784392,2.49110189850608,0.0852352776554038,0.117112879037352,0.0853071455117742,0.1172116251410935,1.0008431703204042,0.4052180756623049,12.240712371967936,0.7065758199892693,0.1558749642774957,,,0.4707776089960013,0.3358290634040724,0.2280299336986049,0.271910833832906,4.617681499265385,1.3463615293880091,3.475821744894083,0.9977983901704012,0.2035095526148357,0.1535005982662909,0.6596461668070767,0.4790523735758268,0.1447899375186614,0.481044650379107,0.4998511621926105,8.0,10.0,1187.0,1.6280255412612994,2.035935137217208,1.0309198974100475,,0.8087615838247684,0.0731956570755024,0.8635214827295703,2.068101474225727,0.8635214827295703,4.0,0.003369839932603201,0.8,3.485079263201525,11.644421333571238,1.1092869294494703,6.0,0.979358292441108,0.39848058645527,0.5004198099134808,0.2257341345948941,0.5930933810680646,-0.10193922345821077,0.9672351234677432,0.6777361459777778,0.5405771462577456,,,,0.9761570827489481,0.5,0.0,0.9200561009817672,0.15,0.0,0.5866912743710588,0.7917350009958857,0.0,0.0,0.1111111111111111,0.773841961852861,0.0,0.3987730061349693,3.3162712796617884,3.268226603597982,0.08151831086753492,5.682275217203883,5.371172959905017,2.531209422440912,0.455900475364734,0.1839584111944763,0.026891664135973326,1.5298337053104134,3.296963476098068,3.9087067932294763,5.531838386696475,0.08021893428581572,0.29862517290315793,0.7124691493382527,0.5071210333705264,0.09474999990739466,0.5858862215730073,0.044018954867247204,0.0010436579583238122,0.5863802234461722,0.044056070343526724,0.0010445379397389211,1.8072874004089123,0.9716286743448057,0.4027674862835735,0.25585355173304336,0.6572041639720141,0.019701568765699513,0.11489679220332383,0.01971818054374829,0.11499366976841897,0.8065211402237055,1.0760011212313965
openml_44503_steel-plates-fault_seed_0,real_openml_multiclass,real_openml,12.2364,7,27,389,1552,0.0,0.0,,0.0,0.0,False,1552,0.7443151048377402,3.0424368536663824,10.680188819790796,32.49380006944718,12.227272727272728,3.081937638433922,0.8090315957919932,0.1086587036925381,0.5632883611994121,0.2077750104318268,2.411248759162973,0.2738740731100771,0.2480539604554968,0.2740506521385176,0.2482138920869966,1.0006447453255998,1.9200354046579504,5.789038196762869,0.7230466704240794,0.157508269728367,,,0.506170594712029,0.301482594747042,0.0983631405619225,0.1938942256392883,5.076666644710948,0.7831542305996368,5.3582955145349445,0.988564389812945,0.4165197528859461,0.1693506860931875,0.4271907216494845,0.3921312290853247,0.1606027229918628,0.2744845360824742,0.4463979972039693,27.0,7.0,1552.0,0.736863840690087,2.119614941976044,3.219168448557601,,0.5818298969072165,0.0441738785436161,0.5489690721649485,1.554588269590884,0.5489690721649485,44.0,0.028350515463917526,0.7818181818181817,1.6189829217565246,3.9005529287237772,0.7443151048343832,4.0,0.7045073492248539,0.4986666773976333,0.7052230297274603,0.5902299914420541,0.680470713850727,-0.206556352329827,0.9685441048214267,0.7275410831318012,0.42539001889435657,,,,0.9336437718277066,0.5734430082256169,0.0784313725490196,0.7077997671711292,0.0,0.0,0.6212473622209838,0.8302451704569375,0.0,7.078325514752177e-07,0.1741424802110818,0.7970401691331924,0.0,0.04230317273795535,3.459428629653646,3.4486353282163034,0.9698854619463239,5.717550470727666,5.32682381327227,3.070438512014303,0.7040038732412457,0.45372109219975254,0.12979198019648175,3.4060658987760837,3.459182826034451,5.2507045616243895,5.494922178712092,0.2749588621704522,0.5547417926603604,0.873490968364799,0.5619187916473797,0.2960205450918661,1.0,0.20175323750416352,0.0008151075253838896,1.0006447453256233,0.20188331696096867,0.0008156330621507407,9.470693126287301,0.25940686428968257,-1.5458183864907107e-16,0.426980756423853,0.6687644422336224,0.07823157461994461,0.3714698320046,0.07828201406199478,0.37170933544238527,0.030031211127646597,1.1312773224951134
openml_44504_steel-plates-fault_seed_1,real_openml_multiclass,real_openml,12.2364,7,27,389,1552,0.0,0.0,,0.0,0.0,False,1552,0.7443151048377402,3.0424368536663824,10.680188819790796,32.49380006944718,12.227272727272728,3.081937638433922,0.8090315957919932,0.1086587036925381,0.5632883611994121,0.2077750104318268,2.411248759162973,0.2738740731100771,0.2480539604554968,0.2740506521385176,0.2482138920869966,1.0006447453255998,1.9200354046579504,5.789038196762869,0.7230466704240794,0.157508269728367,,,0.506170594712029,0.301482594747042,0.0983631405619225,0.1938942256392883,5.076666644710948,0.7831542305996368,5.3582955145349445,0.988564389812945,0.4165197528859461,0.1693506860931875,0.4271907216494845,0.3921312290853247,0.1606027229918628,0.2744845360824742,0.4463979972039693,27.0,7.0,1552.0,0.736863840690087,2.119614941976044,3.219168448557601,,0.5818298969072165,0.0441738785436161,0.5489690721649485,1.554588269590884,0.5489690721649485,44.0,0.028350515463917526,0.7818181818181817,1.6189829217565246,3.9005529287237772,0.7443151048343832,4.0,0.7045073492248539,0.4986666773976333,0.7052230297274603,0.5902299914420541,0.680470713850727,-0.206556352329827,0.9685441048214267,0.7275410831318012,0.42539001889435657,,,,0.9336437718277066,0.5734430082256169,0.0784313725490196,0.7077997671711292,0.0,0.0,0.6212473622209838,0.8302451704569375,0.0,7.078325514752177e-07,0.1741424802110818,0.7970401691331924,0.0,0.04230317273795535,3.459428629653646,3.4486353282163034,0.9698854619463239,5.717550470727666,5.32682381327227,3.070438512014303,0.7040038732412457,0.45372109219975254,0.12979198019648175,3.4060658987760837,3.459182826034451,5.2507045616243895,5.494922178712092,0.2749588621704522,0.5547417926603604,0.873490968364799,0.5619187916473797,0.2960205450918661,1.0,0.20175323750416352,0.0008151075253838896,1.0006447453256233,0.20188331696096867,0.0008156330621507407,9.470693126287301,0.25940686428968257,-1.5458183864907107e-16,0.426980756423853,0.6687644422336224,0.07823157461994461,0.3714698320046,0.07828201406199478,0.37170933544238527,0.030031211127646597,1.1312773224951134
openml_44505_steel-plates-fault_seed_2,real_openml_multiclass,real_openml,12.2364,7,27,389,1552,0.0,0.0,,0.0,0.0,False,1552,0.7443151048377402,3.0424368536663824,10.680188819790796,32.49380006944718,12.227272727272728,3.081937638433922,0.8090315957919932,0.1086587036925381,0.5632883611994121,0.2077750104318268,2.411248759162973,0.2738740731100771,0.2480539604554968,0.2740506521385176,0.2482138920869966,1.0006447453255998,1.9200354046579504,5.789038196762869,0.7230466704240794,0.157508269728367,,,0.506170594712029,0.301482594747042,0.0983631405619225,0.1938942256392883,5.076666644710948,0.7831542305996368,5.3582955145349445,0.988564389812945,0.4165197528859461,0.1693506860931875,0.4271907216494845,0.3921312290853247,0.1606027229918628,0.2744845360824742,0.4463979972039693,27.0,7.0,1552.0,0.736863840690087,2.119614941976044,3.219168448557601,,0.5818298969072165,0.0441738785436161,0.5489690721649485,1.554588269590884,0.5489690721649485,44.0,0.028350515463917526,0.7818181818181817,1.6189829217565246,3.9005529287237772,0.7443151048343832,4.0,0.7045073492248539,0.4986666773976333,0.7052230297274603,0.5902299914420541,0.680470713850727,-0.206556352329827,0.9685441048214267,0.7275410831318012,0.42539001889435657,,,,0.9336437718277066,0.5734430082256169,0.0784313725490196,0.7077997671711292,0.0,0.0,0.6212473622209838,0.8302451704569375,0.0,7.078325514752177e-07,0.1741424802110818,0.7970401691331924,0.0,0.04230317273795535,3.459428629653646,3.4486353282163034,0.9698854619463239,5.717550470727666,5.32682381327227,3.070438512014303,0.7040038732412457,0.45372109219975254,0.12979198019648175,3.4060658987760837,3.459182826034451,5.2507045616243895,5.494922178712092,0.2749588621704522,0.5547417926603604,0.873490968364799,0.5619187916473797,0.2960205450918661,1.0,0.20175323750416352,0.0008151075253838896,1.0006447453256233,0.20188331696096867,0.0008156330621507407,9.470693126287301,0.25940686428968257,-1.5458183864907107e-16,0.426980756423853,0.6687644422336224,0.07823157461994461,0.3714698320046,0.07828201406199478,0.37170933544238527,0.030031211127646597,1.1312773224951134
openml_44506_steel-plates-fault_seed_3,real_openml_multiclass,real_openml,12.2364,7,27,389,1552,0.0,0.0,,0.0,0.0,False,1552,0.7443151048377402,3.0424368536663824,10.680188819790796,32.49380006944718,12.227272727272728,3.081937638433922,0.8090315957919932,0.1086587036925381,0.5632883611994121,0.2077750104318268,2.411248759162973,0.2738740731100771,0.2480539604554968,0.2740506521385176,0.2482138920869966,1.0006447453255998,1.9200354046579504,5.789038196762869,0.7230466704240794,0.157508269728367,,,0.506170594712029,0.301482594747042,0.0983631405619225,0.1938942256392883,5.076666644710948,0.7831542305996368,5.3582955145349445,0.988564389812945,0.4165197528859461,0.1693506860931875,0.4271907216494845,0.3921312290853247,0.1606027229918628,0.2744845360824742,0.4463979972039693,27.0,7.0,1552.0,0.736863840690087,2.119614941976044,3.219168448557601,,0.5818298969072165,0.0441738785436161,0.5489690721649485,1.554588269590884,0.5489690721649485,44.0,0.028350515463917526,0.7818181818181817,1.6189829217565246,3.9005529287237772,0.7443151048343832,4.0,0.7045073492248539,0.4986666773976333,0.7052230297274603,0.5902299914420541,0.680470713850727,-0.206556352329827,0.9685441048214267,0.7275410831318012,0.42539001889435657,,,,0.9336437718277066,0.5734430082256169,0.0784313725490196,0.7077997671711292,0.0,0.0,0.6212473622209838,0.8302451704569375,0.0,7.078325514752177e-07,0.1741424802110818,0.7970401691331924,0.0,0.04230317273795535,3.459428629653646,3.4486353282163034,0.9698854619463239,5.717550470727666,5.32682381327227,3.070438512014303,0.7040038732412457,0.45372109219975254,0.12979198019648175,3.4060658987760837,3.459182826034451,5.2507045616243895,5.494922178712092,0.2749588621704522,0.5547417926603604,0.873490968364799,0.5619187916473797,0.2960205450918661,1.0,0.20175323750416352,0.0008151075253838896,1.0006447453256233,0.20188331696096867,0.0008156330621507407,9.470693126287301,0.25940686428968257,-1.5458183864907107e-16,0.426980756423853,0.6687644422336224,0.07823157461994461,0.3714698320046,0.07828201406199478,0.37170933544238527,0.030031211127646597,1.1312773224951134
openml_44507_steel-plates-fault_seed_4,real_openml_multiclass,real_openml,12.2364,7,27,389,1552,0.0,0.0,,0.0,0.0,False,1552,0.7443151048377402,3.0424368536663824,10.680188819790796,32.49380006944718,12.227272727272728,3.081937638433922,0.8090315957919932,0.1086587036925381,0.5632883611994121,0.2077750104318268,2.411248759162973,0.2738740731100771,0.2480539604554968,0.2740506521385176,0.2482138920869966,1.0006447453255998,1.9200354046579504,5.789038196762869,0.7230466704240794,0.157508269728367,,,0.506170594712029,0.301482594747042,0.0983631405619225,0.1938942256392883,5.076666644710948,0.7831542305996368,5.3582955145349445,0.988564389812945,0.4165197528859461,0.1693506860931875,0.4271907216494845,0.3921312290853247,0.1606027229918628,0.2744845360824742,0.4463979972039693,27.0,7.0,1552.0,0.736863840690087,2.119614941976044,3.219168448557601,,0.5818298969072165,0.0441738785436161,0.5489690721649485,1.554588269590884,0.5489690721649485,44.0,0.028350515463917526,0.7818181818181817,1.6189829217565246,3.9005529287237772,0.7443151048343832,4.0,0.7045073492248539,0.4986666773976333,0.7052230297274603,0.5902299914420541,0.680470713850727,-0.206556352329827,0.9685441048214267,0.7275410831318012,0.42539001889435657,,,,0.9336437718277066,0.5734430082256169,0.0784313725490196,0.7077997671711292,0.0,0.0,0.6212473622209838,0.8302451704569375,0.0,7.078325514752177e-07,0.1741424802110818,0.7970401691331924,0.0,0.04230317273795535,3.459428629653646,3.4486353282163034,0.9698854619463239,5.717550470727666,5.32682381327227,3.070438512014303,0.7040038732412457,0.45372109219975254,0.12979198019648175,3.4060658987760837,3.459182826034451,5.2507045616243895,5.494922178712092,0.2749588621704522,0.5547417926603604,0.873490968364799,0.5619187916473797,0.2960205450918661,1.0,0.20175323750416352,0.0008151075253838896,1.0006447453256233,0.20188331696096867,0.0008156330621507407,9.470693126287301,0.25940686428968257,-1.5458183864907107e-16,0.426980756423853,0.6687644422336224,0.07823157461994461,0.3714698320046,0.07828201406199478,0.37170933544238527,0.030031211127646597,1.1312773224951134
openml_44513_dilbert_seed_0_nrows_2000,real_openml_multiclass,real_openml,1.0733,5,100,400,1600,0.0,0.0,,0.0,0.0,False,1600,0.0247645159451986,0.4147155284029025,0.7528312891014705,0.3122108258579546,1.0718954248366013,3.459423167090097,4.463264492478967e-16,0.0001907265212294,0.713084645785237,0.1443956003194043,2.3214828182352,0.3126124954389276,0.2701751056438699,0.3128080004392021,0.2703440706880499,1.0006253908692933,4.134247172863877,16.522155386827567,0.8899820029142573,0.0653468887221405,4.198552993910057e-12,5.954730106663371e-12,0.879360375310602,0.041716858817533,0.0,0.0,5.640398723174377,0.0590212339522915,6.464672311806271,0.997299609375,0.140507262150919,0.0590212339522915,0.383125,0.4553208938840661,0.0572200681613044,0.203125,0.4024505726354904,100.0,5.0,1600.0,0.0213406399778005,2.0965091163934315,4.029561439886717,1.6558654520076943,0.9325,0.034893733787727,0.721875,0.5098207049016464,0.721875,306.0,0.19125,0.6490196078431373,7.827129244267608,1.0341497106214883,0.024764515945121298,2.0,-0.7619541925773331,0.29592518370073484,0.6993987975951903,0.533066132264529,0.794255177020708,-0.40347361389445546,0.9991041429997909,0.8873065196570269,0.7298736004797146,1.3616430855161046e-11,1.9911277473253491e-13,6.301611406330149e-26,0.9423076923076923,0.8883988648996548,0.7923664122137405,0.0,0.0,0.0,0.8341128855524146,0.9340821218410807,9.576202968244007e-19,1.0002701739335782e-11,0.8590341415943556,0.9051485588115296,0.0,0.0,3.459423167090096,3.459423167090096,3.459423167090096,5.768501864714597,5.624703276610043,5.524309194698353,0.25659679062694263,0.1562027087152531,0.0124041206106984,3.459423167090096,3.459423167090096,5.604353586196741,5.673946952181187,0.10695903314410837,0.17655239912855536,0.8950840785399373,0.7057557046636052,0.5457430952738004,0.9991304993763755,0.27186772754126115,2.6815001080331716e-05,0.9997553464679174,0.27203775113572093,2.683177093716742e-05,40.744681985581565,0.22543889258209826,0.0005452461830528011,0.6465149911446841,0.7723253593041581,0.05021017605904929,0.4696020059360347,0.05024157704470225,0.4698956907427488,0.04903399000677581,0.9070956174831564
openml_44514_dilbert_seed_1_nrows_2000,real_openml_multiclass,real_openml,1.0705,5,100,400,1600,0.0,0.0,,0.0,0.0,False,1600,0.0247645159451986,0.555730508817454,0.760618175337161,0.422698725595924,1.0718954248366013,3.459422919199472,1.743976164371253e-06,0.0001907265212294,0.7064393696687059,0.1380407544885941,2.3214828182352,0.2719419644359495,0.2644412650748264,0.2721120344574854,0.2646066442274686,1.0006253908692928,3.795358885307808,14.548763533786875,0.8864824094467992,0.0685906201849192,3.7488809988109725e-12,6.662121637352955e-12,0.8007335882378026,0.1792762691028853,0.0,0.0,5.621340093739661,0.0828379183059197,6.060597431581943,0.997269921875,0.1595656436950105,0.0828378735557865,0.375625,0.4592502919131692,0.0516089814936826,0.20375,0.4029111544422464,100.0,5.0,1600.0,0.0213406399778005,2.0533920817710154,3.7743493638244554,1.6048058520393798,0.951875,0.0394496173470699,0.71125,0.5049670853184814,0.71125,306.0,0.19125,0.6411764705882352,8.60215321103398,1.0341497106214883,0.024764515945121298,2.0,-0.7619541925773331,0.3600534402137608,0.696058784235137,0.5263861055444222,0.7722110888443554,-0.3360053440213762,0.9991317020091406,0.8711665907572754,0.7218109057275538,1.8083322633885256e-11,3.3892671816808826e-13,1.461525196651503e-26,0.94679186228482,0.8870496111313646,0.39274447949526814,0.0,0.0,0.0,0.8335895608469501,0.9455870223315337,2.008224540110524e-21,2.320400586332691e-12,0.7135990354295964,0.9026647286821705,0.0,0.0,3.459423167090096,3.459423167090096,3.459410772558852,5.769291453526407,5.610009844052172,5.382219683668022,0.3986863016572739,0.17089614127312336,0.01161453179888916,3.459423167090096,3.459423167090096,5.584821385445123,5.667822556491067,0.11308342883422928,0.196081501247362,0.8891273117216879,0.6881966044447139,0.5602369580637082,0.9999601835701737,0.2118164748862546,8.176351615247781e-06,1.0005855495386358,0.21194894297561473,8.181465030892075e-06,36.90602029809621,0.24694542529651034,2.328401075377982e-05,0.6340206114696646,0.7606153626437553,0.030610371745125965,0.43888746248050403,0.030629515192120968,0.4391619386921868,0.05942889397649388,0.8994933283711193
openml_44515_dilbert_seed_2_nrows_2000,real_openml_multiclass,real_openml,1.0733,5,100,400,1600,0.0,0.0,,0.0,0.0,False,1600,0.0247645159451986,0.5796409506753978,0.8928847165457994,0.5175525459421402,1.0718954248366013,3.459423167090097,4.463264492478967e-16,0.0001907265212294,0.7154563164005867,0.1346072957942992,2.3214828182352,0.2631813733694987,0.265974149134991,0.2633459645973721,0.2661404869393281,1.0006253908692937,3.743895653110853,16.97488256202272,0.8944676115822788,0.0762598044411851,1.0457795298337317e-10,3.085303282573435e-10,0.8287827457975411,0.0960458556074973,0.0,0.0,5.644146110271493,0.0752919925713047,6.717733228388731,0.996750390625,0.1367598750538025,0.0752919925713047,0.3325,0.4528765134800633,0.0525116431370275,0.171875,0.3773897173337109,100.0,5.0,1600.0,0.0213406399778005,2.101868334953148,4.377767862259083,1.6237589439841524,0.9375,0.0337832322453611,0.731875,0.47456975053702977,0.731875,306.0,0.19125,0.6196078431372549,8.342843942671863,1.0341497106214883,0.024764515945121298,2.0,-0.7619541925773331,0.3480293921175685,0.6893787575150302,0.5744822979291918,0.8022712090848363,-0.3413493653974617,0.9997934670426064,0.8881788547855569,0.6420701989532006,9.817022724414749e-10,1.7281904281014975e-12,5.27121387407681e-24,0.9314194577352473,0.853721283973804,0.6519083969465649,0.0,0.0,0.0,0.8492705215402709,0.9620928198829723,2.8772483568825132e-18,6.959007771672097e-12,0.752416956319203,0.9041145018257695,0.0,0.0,3.459423167090096,3.459423167090096,3.459423167090096,5.769383202920723,5.639424618763027,5.418820336683277,0.36208564864201875,0.14148136656226917,0.011522782404572496,3.459423167090096,3.459423167090096,5.617486313796301,5.679628042455688,0.10127794286960756,0.16341967152899417,0.9022467755120118,0.6753520002288528,0.6088744896326297,0.9986293810871759,0.18825394995256706,3.001790248649477e-06,0.9992539147839159,0.18837168225397577,3.0036675408625194e-06,36.46339631130466,0.24416907797113474,0.00035721553539440267,0.6216462848337061,0.7691620317957335,0.027590071923720802,0.4292272846050912,0.027607326502785075,0.42949571942973463,0.05187067449943024,0.9415476291934876
openml_44516_dilbert_seed_3_nrows_2000,real_openml_multiclass,real_openml,1.0733,5,100,400,1600,0.0,0.0,,0.0,0.0,False,1600,0.0247645159451986,0.4929702437289875,0.8185544897985562,0.4035230063414513,1.0718954248366013,3.459423043144784,1.23945312440199e-06,0.0001907265212294,0.7007825826755065,0.1304643494797877,2.3214828182352,0.265702011540403,0.25354454606382,0.2658681791523732,0.2537031105078874,1.0006253908692933,3.674753786074306,15.597878741859384,0.8873705250162227,0.0671187980672017,3.3937745409005003e-11,8.247827340191951e-11,0.830998392532004,0.1048835855797179,0.0,0.0,5.632072622152067,0.0743606732021912,5.698505576799653,0.996544921875,0.148833239227917,0.0743606457775529,0.31125,0.4486173321000644,0.0560897888233823,0.155625,0.3626127954163018,100.0,5.0,1600.0,0.0213406399778005,2.015447752180965,3.532250490678352,1.619848437553667,0.921875,0.0440401259857333,0.680625,0.4949234783190034,0.680625,306.0,0.19125,0.669281045751634,8.738770068087668,1.0341497106214883,0.024764515945121298,2.0,-0.7619541925773331,0.3613894455577822,0.7160988643954577,0.5691382765531062,0.7895791583166333,-0.3547094188376755,0.9990402992868427,0.8741265785947455,0.7724412027208418,2.6558147896753906e-10,3.497469048441604e-12,2.859506265179635e-27,0.9278846153846154,0.8631651017214397,0.5938931297709924,0.0,0.0,0.0,0.8290671195992187,0.9409136268019753,4.505546398052952e-21,1.2407093941030797e-11,0.7763371525521097,0.9103926259499014,0.0,0.0,3.459423167090096,3.459423167090096,3.459410772558852,5.768103101153809,5.624207715099901,5.424685221449058,0.35622076387623736,0.1566982702253945,0.012802884171486895,3.459423167090096,3.459423167090096,5.598990753839161,5.672158144698178,0.10874784062711762,0.1819152314861352,0.8828131523107365,0.6585960291403234,0.6031251201106428,0.9975433922184372,0.20085034192409834,5.014768147773574e-06,0.9981672467476532,0.2009759518940321,5.0179043379848145e-06,35.52934542348872,0.2428546329130471,0.0021151799086593344,0.6078662765266073,0.7515123352892228,0.03411054842980729,0.4358673041384912,0.03413188085534187,0.43613989157072286,0.04991821751197232,0.922924019701838
openml_44517_dilbert_seed_4_nrows_2000,real_openml_multiclass,real_openml,1.0733,5,100,400,1600,0.0,0.0,,0.0,0.0,False,1600,0.0247645159451986,0.6227415272287521,0.6751822933994764,0.4204640525494013,1.0718954248366013,3.459423167090097,4.463264492478967e-16,0.0001907265212294,0.6868802886812477,0.1297159735530756,2.3214828182352,0.2018092444380488,0.2408512699477078,0.2019354540968593,0.2410018961327908,1.0006253908692933,3.1440118931218657,19.55066018473909,0.9215415420501184,0.0637425737139353,2.9264330569108614e-11,7.993580773493187e-11,0.8587346487410377,0.1009271413631694,0.0,0.0,5.662164070919391,0.0733281272115715,4.963100881619919,0.997398828125,0.1187419144059037,0.0733281272115715,0.39,0.4684552566833965,0.0409601672533274,0.2175,0.4126744329580654,100.0,5.0,1600.0,0.0213406399778005,1.9376968252998032,2.9189499611166005,1.5272156025503578,0.98125,0.0547130811887253,0.804375,0.4177263147888857,0.804375,306.0,0.19125,0.5875816993464051,9.068061064449104,1.0341497106214883,0.024764515945121298,2.0,-0.7619541925773331,0.3152972611890448,0.6192384769539078,0.5217100868403474,0.7394789579158316,-0.303941215764863,0.9998065001418754,0.9152838979069422,0.658258447250453,2.5518011491913207e-10,3.641630330360597e-13,1.0195371708269553e-20,0.937799043062201,0.8955964685615848,0.6244274809160305,0.0,0.0,0.0,0.8702608771061897,0.9894381191655184,1.7486111153312825e-17,4.57660651436874e-12,0.8643690499662867,0.9199152079860284,0.0,0.0,3.459423167090096,3.459423167090096,3.459423167090096,5.771961630737893,5.648865681203164,5.477827708779134,0.30307827654616215,0.13204030412213186,0.008944354587402614,3.459423167090096,3.459423167090096,5.620829518924181,5.739176997967255,0.04172898735804087,0.16007646640111495,0.8630351136774712,0.6641651394049033,0.5561557622377128,0.9987284507506493,0.060959882672442775,2.1152539660089772e-05,0.9993530464046527,0.060998006426459334,2.116576826525557e-05,30.482695818226695,0.39356887192712436,0.0002910942290008983,0.617841586970779,0.7332038411153721,0.017072381752269338,0.3409246482098959,0.017083058663934315,0.34113785937200286,0.09683203392960274,0.9967628848436608
openml_44518_fabert_seed_0_nrows_2000_,real_openml_multiclass,real_openml,3.8361,7,100,400,1600,0.0,0.0,,0.0,0.0,False,1600,0.3732574095044866,0.3284206792367264,0.07479498535725,0.024564219894529,3.826530612244898,0.104147857877277,0.066726422094943,0.0269839400158575,0.3641793980183067,0.0849179360532699,2.7047180848369354,,,0.0102560771778713,0.0221245458307754,0.9806128830519067,0.2815690437955456,440.9730287124455,,,,,0.9612728152060948,0.0134538617318444,0.5215779046252307,0.0758361205940191,2.802732420007088,0.0661572501051906,0.9948506322827,0.999057421875,0.0061335227071237,0.0065037151769079,0.818125,,,0.774375,0.4181239369393374,100.0,7.0,1600.0,0.3867878403496132,0.8318150829635941,0.2905721140158157,,0.59375,0.4033584032668778,0.940625,0.19895391679044078,0.940625,98.0,0.06125,0.23673469387755106,4.2625934336757165,1.784305549062363,0.3732574095028536,4.0,0.24402899010467952,0.2446539665676735,0.2165763924099873,0.1771333832323281,0.2854249328643901,0.02807757415768619,,,,,,,0.9829059829059829,0.9618055555555556,0.9387755102040817,0.6623931623931624,0.5216741405082213,0.36200716845878134,0.9926168133355266,0.9974379813688341,,,0.9504132231404959,0.9734513274336283,0.5062761506276151,0.5606469002695418,0.3072683598607598,0.09694460606247313,0.0,3.0103936724881155,2.791745785588081,2.704718188144876,0.03331767776337369,0.0036534912830137323,-1.0330794042445746e-07,0.05475065807353418,0.13791682350913836,2.7546727730817815,2.840276995174432,0.0021285467692379045,0.0070812256490737635,0.4744995753444706,0.384587732610332,0.26226568073788725,,,,0.7449529864549408,0.0067395417822673775,0.0,1.7808563665694925,0.9976876847045189,-7.621399171486853e-16,0.29235164791138896,0.4092939684988911,0.004244796891473932,0.010035851450476708,0.003931326064270552,0.009858027171483215,0.8365595981244582,1.1272204784804218
openml_44519_fabert_seed_1_nrows_2000_,real_openml_multiclass,real_openml,3.8361,7,100,400,1600,0.0,0.0,,0.0,0.0,False,1600,0.3732574095044866,0.4980619604737589,0.0769767507066209,0.0383391913678394,3.826530612244898,0.1118787585478166,0.075608923096752,0.0269839400158575,0.3746156290500009,0.1135648911492362,2.7047180848369354,,,0.0117170513990258,0.0269995619625543,0.9806128830519082,0.3262431419412284,393.19281440187206,,,,,0.9592751067780318,0.0197865629029279,0.4960097982243456,0.0990158644480874,2.8097179839911712,0.0751110312326015,1.1323957543717618,0.999209765625,0.0068788593935811,0.0079246134874218,0.81,,,0.71375,0.452148992805258,100.0,7.0,1600.0,0.3867878403496132,0.9065061396798572,0.3815051300162615,,0.614375,0.3643393721590096,0.946875,0.22058322056437432,0.946875,98.0,0.06125,0.3918367346938776,5.880586126008815,1.784305549062363,0.3732574095028536,4.0,0.24402899010467952,0.24665797458370553,0.24199000410459473,0.20789638178633033,0.30681309070617807,0.0046679704791108,,,,,,,0.9863013698630136,0.9615384615384616,0.9158163265306123,0.664624808575804,0.5080500894454383,0.3333333333333333,0.989521453059002,0.9969941368065792,,,0.9468085106382979,0.974025974025974,0.43351063829787234,0.5735930735930735,0.3728821453025538,0.09694460606247313,0.0,3.0717667007777676,2.794050109141,2.704718188144876,0.039456252749312526,0.0035505535089150886,-1.0330794042445746e-07,0.0592772739873452,0.1484025626745489,2.7573621337374767,2.8409013502445535,0.0022820137670542806,0.007649214784966274,0.5255014759223305,0.3660585891075985,0.22871340252169192,,,,0.8389624958907596,0.006876965423763393,0.0,2.2646175597268092,0.9937305222360169,2.220446049250313e-16,0.2978201230232425,0.45623045976114673,0.004693032448326493,0.010503158686631497,0.00442346537409297,0.01029727698559242,0.7949857177404797,1.1592196724994732
openml_44520_fabert_seed_2_nrows_2000_,real_openml_multiclass,real_openml,3.8361,7,100,400,1600,0.0,0.0,,0.0,0.0,False,1600,0.3732574095044866,0.3930947536526618,0.0586292147939347,0.0230468367462707,3.826530612244898,0.0984652693143035,0.0620569505851807,0.0269839400158575,0.3494212222337696,0.1068538638407951,2.7047180848369354,,,0.0119763319292815,0.0297222878395672,0.990619136960599,0.3356774598672397,411.9601490300362,,,,,0.9620805414254217,0.0180137840621836,0.5564229392007054,0.0772613699151313,2.796617869379945,0.0610791464145828,0.965282415840778,0.999210546875,0.0065654847712945,0.0077826349090487,0.800625,,,0.739375,0.4391128806482674,100.0,7.0,1600.0,0.3867878403496132,0.7896598843725842,0.3731202318373048,,0.531875,0.4188720819751821,0.95625,0.20689087127469483,0.95625,98.0,0.06125,0.18775510204081636,3.4174380500658197,1.784305549062363,0.3732574095028536,4.0,0.24402899010467952,0.2613687884470413,0.24998323286465837,0.18916547955348448,0.292113007809461,0.011385555582382939,,,,,,,0.9850427350427351,0.9617151607963247,0.9256198347107438,0.6928104575163399,0.5614973262032086,0.41014799154334036,0.9910621795746235,0.9968668147668879,,,0.9494736842105264,0.9757412398921833,0.5035460992907801,0.6147186147186147,0.3421545624295361,0.08285086335456371,0.0,3.0380123806774995,2.781458955998426,2.704718188144876,0.05064948845574513,0.004343445414052294,-1.0330794042445746e-07,0.0501331557374261,0.13436343814893176,2.752945991716045,2.830082013984888,0.0023151019493025116,0.006927505261756228,0.5212788640183967,0.3217797423558657,0.24651487281029186,,,,0.5759194683411814,0.006361385724077335,0.0,2.0725972437565536,0.991785380728907,1.1102230246251565e-16,0.2684818690087743,0.4062885860658065,0.004262567304679296,0.009563869608387458,0.004076733693760089,0.009491313761953349,0.7850888656034877,1.1810307918702818
openml_44521_fabert_seed_3_nrows_2000_,real_openml_multiclass,real_openml,3.8361,7,100,400,1600,0.0,0.0,,0.0,0.0,False,1600,0.3732574095044866,0.3686273606735981,0.0490004034077301,0.0180628893801331,3.826530612244898,0.0970152156843783,0.067727172474747,0.0269839400158575,0.3529030783025603,0.1012001494417649,2.7047180848369354,,,0.0111420914304621,0.0280355556686447,0.9906191369606024,0.3178214772541281,451.5029845061809,,,,,0.9665269954988572,0.0190584516730335,0.5491155511093128,0.0903471871405785,2.795742823874088,0.0674558742706383,0.9697059418532212,0.9992828125,0.0059904766472255,0.00610600282646,0.821875,,,0.76,0.4272166561530098,100.0,7.0,1600.0,0.3867878403496132,0.7984508472877161,0.3619099748067185,,0.56125,0.4159010221521399,0.95375,0.20642369317669637,0.95375,98.0,0.06125,0.33877551020408164,4.859225029140743,1.784305549062363,0.3732574095028536,4.0,0.24402899010467952,0.2586900709048619,0.24396584333325286,0.1757960365174794,0.28139008941577937,0.014724227571609044,,,,,,,0.9862174578866769,0.9755244755244755,0.9178947368421052,0.7243491577335375,0.5402097902097902,0.4030612244897959,0.9899839056951916,0.9966333980799185,,,0.9574468085106383,0.9785330948121646,0.4769874476987448,0.6191780821917808,0.32992095574444513,0.08490859081321625,0.0,3.030580835882802,2.783151815738117,2.704718188144876,0.04300383381453399,0.004109235998445593,-1.0330794042445746e-07,0.04541469233379411,0.12716372266963571,2.743274037352868,2.8294739284321,0.002262321876318807,0.007756274157718068,0.5154969216587281,0.34323632791186653,0.2362050994096657,,,,0.7914632216582964,0.006138347698777466,0.0,1.886861901129928,0.9947783293369845,-2.220446049250313e-16,0.28298772812501544,0.3980632805233443,0.004117360106092228,0.009058449806491635,0.003982713202380606,0.008969646182540371,0.8051135442752515,1.1611369172303685
openml_44522_fabert_seed_4_nrows_2000_,real_openml_multiclass,real_openml,3.8361,7,100,400,1600,0.0,0.0,,0.0,0.0,False,1600,0.3732574095044866,0.2225300676370971,0.0471963727298297,0.0105026120157946,3.826530612244898,0.098180142186694,0.0673668432115096,0.0269839400158575,0.3485206033924971,0.0849905511159687,2.7047180848369354,,,0.0114326561770937,0.0260290737675422,0.9806128830519072,0.3172237289578776,445.5035862844098,,,,,0.9674976545390336,0.0131393193451765,0.5414046692691737,0.0790817242076929,2.796827079297536,0.0666323650576562,0.906845747014609,0.99935234375,0.0060711477260931,0.0053376323435199,0.841875,,,0.73125,0.4434482398921148,100.0,7.0,1600.0,0.3867878403496132,0.764916634829402,0.3005069361953336,,0.545,0.4355385714611574,0.9675,0.1990361053077367,0.9675,98.0,0.06125,0.3612244897959184,3.7061371102073046,1.784305549062363,0.3732574095028536,4.0,0.24402899010467952,0.23796589162260262,0.23194984346202444,0.19050148489750585,0.2961290720664891,0.006016048160578186,,,,,,,0.9846860643185299,0.9699115044247788,0.9408033826638478,0.6924460431654677,0.5440956651718983,0.4078014184397163,0.9903265547059958,0.9967642607237172,,,0.9581464872944694,0.9789473684210527,0.4863157894736842,0.5627705627705628,0.3493806996886519,0.08490859081321625,0.0,3.0493065276569244,2.7810792545595975,2.704718188144876,0.028815655817796326,0.004554399163117173,-1.0330794042445746e-07,0.05359628248950716,0.12442736451691082,2.7498667842230655,2.824746527880659,0.002558869356416693,0.00819190952922999,0.4806964490091764,0.33530930896274713,0.23442199372782413,,,,0.4712802897328669,0.006312037092999066,0.0,1.8159879289036307,0.9834957011127394,-6.661338147750939e-16,0.30786646107167037,0.38882811317906896,0.004363874606082202,0.009386079027659571,0.004127309432337259,0.009227750611031246,0.781474410761959,1.1611578344140645
openml_44553_vehicle_seed_0_nrows_2000,real_openml_multiclass,real_openml,1.0955,4,18,170,676,0.0,0.0,,0.0,0.0,False,676,0.0352555481887958,0.5748042923458149,0.754190817425052,0.4335121191037187,1.0943396226415094,2.9330501704658314,0.1351813419666068,0.0005460721042767,0.6734036141902636,0.269115890842766,1.9990928967963064,0.4061152993244932,0.3414857873705343,0.4067169516197885,0.3419916922407127,1.0014814814814803,2.251449784310543,8.133142575804214,0.8809034388299928,0.0769648243497051,0.0211116831845342,0.0516100078785464,0.756917655402683,0.147527313579022,0.1590365644564512,0.2577039910086006,4.686347192154337,0.1984206656726634,4.5551326929492335,0.9894217639438396,0.2457958751078003,0.113622682857849,0.4437869822485207,0.443489012785315,0.104359281110247,0.3180473372781065,0.4660628196176309,18.0,4.0,676.0,0.0336441530059816,1.5052640082217197,2.371027161907548,,0.7307692307692307,0.0849424423432484,0.6109467455621301,0.5971558648417534,0.6109467455621301,159.0,0.23520710059171598,0.8616352201257862,1.7381919305870068,1.049754857408845,0.0352555481885872,1.0,-0.957375915803265,0.39203539823008854,0.6967289413307113,0.4512291052114061,0.7781055391674861,-0.30469354310062274,0.9864906099358433,0.8878202645727707,0.7537852957198159,0.12646012332305812,3.512703038532098e-05,5.295229263164383e-06,0.9416909620991254,0.75482622131176,0.5855855855855856,0.6763848396501457,0.0841622303166153,0.0,0.8134762227796981,0.9501013139270887,5.759861390551998e-06,0.0001126235243874828,0.6428800307613433,0.8629657864754373,0.01882530120481928,0.10538837879498694,2.9998488956248255,2.9859248400000524,2.4729205231344404,4.878408041388578,4.748925599722269,4.074296342329664,0.412921505586179,0.23232243783097495,0.07959125213687646,2.939655375345195,2.995356036419206,4.600337829778507,4.821888885130889,0.15221771029323805,0.3654317830307534,0.8386623344707715,0.8186789034815914,0.36286960461842793,0.9964429814932656,0.22698575170273366,0.00016945258305032306,0.9979191933177007,0.2273220268904414,0.00016970362391410118,9.417739199242302,0.12439833303561887,0.00037068270472604857,0.5907742540500097,0.8286706189761814,0.10772113079031992,0.7799207643477412,0.10788071765075007,0.7810762025171448,0.024364499896942837,0.7973163647812872
openml_44554_vehicle_seed_1_nrows_2000,real_openml_multiclass,real_openml,1.0955,4,18,170,676,0.0,0.0,,0.0,0.0,False,676,0.0352555481887958,0.5748042923458149,0.754190817425052,0.4335121191037187,1.0943396226415094,2.9330501704658314,0.1351813419666068,0.0005460721042767,0.6734036141902636,0.269115890842766,1.9990928967963064,0.4061152993244932,0.3414857873705343,0.4067169516197885,0.3419916922407127,1.0014814814814803,2.251449784310543,8.133142575804214,0.8809034388299928,0.0769648243497051,0.0211116831845342,0.0516100078785464,0.756917655402683,0.147527313579022,0.1590365644564512,0.2577039910086006,4.686347192154337,0.1984206656726634,4.5551326929492335,0.9894217639438396,0.2457958751078003,0.113622682857849,0.4437869822485207,0.443489012785315,0.104359281110247,0.3180473372781065,0.4660628196176309,18.0,4.0,676.0,0.0336441530059816,1.5052640082217197,2.371027161907548,,0.7307692307692307,0.0849424423432484,0.6109467455621301,0.5971558648417534,0.6109467455621301,159.0,0.23520710059171598,0.8616352201257862,1.7381919305870068,1.049754857408845,0.0352555481885872,1.0,-0.957375915803265,0.39203539823008854,0.6967289413307113,0.4512291052114061,0.7781055391674861,-0.30469354310062274,0.9864906099358433,0.8878202645727707,0.7537852957198159,0.12646012332305812,3.512703038532098e-05,5.295229263164383e-06,0.9416909620991254,0.75482622131176,0.5855855855855856,0.6763848396501457,0.0841622303166153,0.0,0.8134762227796981,0.9501013139270887,5.759861390551998e-06,0.0001126235243874828,0.6428800307613433,0.8629657864754373,0.01882530120481928,0.10538837879498694,2.9998488956248255,2.9859248400000524,2.4729205231344404,4.878408041388578,4.748925599722269,4.074296342329664,0.412921505586179,0.23232243783097495,0.07959125213687646,2.939655375345195,2.995356036419206,4.600337829778507,4.821888885130889,0.15221771029323805,0.3654317830307534,0.8386623344707715,0.8186789034815914,0.36286960461842793,0.9964429814932656,0.22698575170273366,0.00016945258305032306,0.9979191933177007,0.2273220268904414,0.00016970362391410118,9.417739199242302,0.12439833303561887,0.00037068270472604857,0.5907742540500097,0.8286706189761814,0.10772113079031992,0.7799207643477412,0.10788071765075007,0.7810762025171448,0.024364499896942837,0.7973163647812872
openml_44555_vehicle_seed_2_nrows_2000,real_openml_multiclass,real_openml,1.0955,4,18,170,676,0.0,0.0,,0.0,0.0,False,676,0.0352555481887958,0.5748042923458149,0.754190817425052,0.4335121191037187,1.0943396226415094,2.9330501704658314,0.1351813419666068,0.0005460721042767,0.6734036141902636,0.269115890842766,1.9990928967963064,0.4061152993244932,0.3414857873705343,0.4067169516197885,0.3419916922407127,1.0014814814814803,2.251449784310543,8.133142575804214,0.8809034388299928,0.0769648243497051,0.0211116831845342,0.0516100078785464,0.756917655402683,0.147527313579022,0.1590365644564512,0.2577039910086006,4.686347192154337,0.1984206656726634,4.5551326929492335,0.9894217639438396,0.2457958751078003,0.113622682857849,0.4437869822485207,0.443489012785315,0.104359281110247,0.3180473372781065,0.4660628196176309,18.0,4.0,676.0,0.0336441530059816,1.5052640082217197,2.371027161907548,,0.7307692307692307,0.0849424423432484,0.6109467455621301,0.5971558648417534,0.6109467455621301,159.0,0.23520710059171598,0.8616352201257862,1.7381919305870068,1.049754857408845,0.0352555481885872,1.0,-0.957375915803265,0.39203539823008854,0.6967289413307113,0.4512291052114061,0.7781055391674861,-0.30469354310062274,0.9864906099358433,0.8878202645727707,0.7537852957198159,0.12646012332305812,3.512703038532098e-05,5.295229263164383e-06,0.9416909620991254,0.75482622131176,0.5855855855855856,0.6763848396501457,0.0841622303166153,0.0,0.8134762227796981,0.9501013139270887,5.759861390551998e-06,0.0001126235243874828,0.6428800307613433,0.8629657864754373,0.01882530120481928,0.10538837879498694,2.9998488956248255,2.9859248400000524,2.4729205231344404,4.878408041388578,4.748925599722269,4.074296342329664,0.412921505586179,0.23232243783097495,0.07959125213687646,2.939655375345195,2.995356036419206,4.600337829778507,4.821888885130889,0.15221771029323805,0.3654317830307534,0.8386623344707715,0.8186789034815914,0.36286960461842793,0.9964429814932656,0.22698575170273366,0.00016945258305032306,0.9979191933177007,0.2273220268904414,0.00016970362391410118,9.417739199242302,0.12439833303561887,0.00037068270472604857,0.5907742540500097,0.8286706189761814,0.10772113079031992,0.7799207643477412,0.10788071765075007,0.7810762025171448,0.024364499896942837,0.7973163647812872
openml_44556_vehicle_seed_3_nrows_2000,real_openml_multiclass,real_openml,1.0955,4,18,170,676,0.0,0.0,,0.0,0.0,False,676,0.0352555481887958,0.5748042923458149,0.754190817425052,0.4335121191037187,1.0943396226415094,2.9330501704658314,0.1351813419666068,0.0005460721042767,0.6734036141902636,0.269115890842766,1.9990928967963064,0.4061152993244932,0.3414857873705343,0.4067169516197885,0.3419916922407127,1.0014814814814803,2.251449784310543,8.133142575804214,0.8809034388299928,0.0769648243497051,0.0211116831845342,0.0516100078785464,0.756917655402683,0.147527313579022,0.1590365644564512,0.2577039910086006,4.686347192154337,0.1984206656726634,4.5551326929492335,0.9894217639438396,0.2457958751078003,0.113622682857849,0.4437869822485207,0.443489012785315,0.104359281110247,0.3180473372781065,0.4660628196176309,18.0,4.0,676.0,0.0336441530059816,1.5052640082217197,2.371027161907548,,0.7307692307692307,0.0849424423432484,0.6109467455621301,0.5971558648417534,0.6109467455621301,159.0,0.23520710059171598,0.8616352201257862,1.7381919305870068,1.049754857408845,0.0352555481885872,1.0,-0.957375915803265,0.39203539823008854,0.6967289413307113,0.4512291052114061,0.7781055391674861,-0.30469354310062274,0.9864906099358433,0.8878202645727707,0.7537852957198159,0.12646012332305812,3.512703038532098e-05,5.295229263164383e-06,0.9416909620991254,0.75482622131176,0.5855855855855856,0.6763848396501457,0.0841622303166153,0.0,0.8134762227796981,0.9501013139270887,5.759861390551998e-06,0.0001126235243874828,0.6428800307613433,0.8629657864754373,0.01882530120481928,0.10538837879498694,2.9998488956248255,2.9859248400000524,2.4729205231344404,4.878408041388578,4.748925599722269,4.074296342329664,0.412921505586179,0.23232243783097495,0.07959125213687646,2.939655375345195,2.995356036419206,4.600337829778507,4.821888885130889,0.15221771029323805,0.3654317830307534,0.8386623344707715,0.8186789034815914,0.36286960461842793,0.9964429814932656,0.22698575170273366,0.00016945258305032306,0.9979191933177007,0.2273220268904414,0.00016970362391410118,9.417739199242302,0.12439833303561887,0.00037068270472604857,0.5907742540500097,0.8286706189761814,0.10772113079031992,0.7799207643477412,0.10788071765075007,0.7810762025171448,0.024364499896942837,0.7973163647812872
openml_44557_vehicle_seed_4_nrows_2000,real_openml_multiclass,real_openml,1.0955,4,18,170,676,0.0,0.0,,0.0,0.0,False,676,0.0352555481887958,0.5748042923458149,0.754190817425052,0.4335121191037187,1.0943396226415094,2.9330501704658314,0.1351813419666068,0.0005460721042767,0.6734036141902636,0.269115890842766,1.9990928967963064,0.4061152993244932,0.3414857873705343,0.4067169516197885,0.3419916922407127,1.0014814814814803,2.251449784310543,8.133142575804214,0.8809034388299928,0.0769648243497051,0.0211116831845342,0.0516100078785464,0.756917655402683,0.147527313579022,0.1590365644564512,0.2577039910086006,4.686347192154337,0.1984206656726634,4.5551326929492335,0.9894217639438396,0.2457958751078003,0.113622682857849,0.4437869822485207,0.443489012785315,0.104359281110247,0.3180473372781065,0.4660628196176309,18.0,4.0,676.0,0.0336441530059816,1.5052640082217197,2.371027161907548,,0.7307692307692307,0.0849424423432484,0.6109467455621301,0.5971558648417534,0.6109467455621301,159.0,0.23520710059171598,0.8616352201257862,1.7381919305870068,1.049754857408845,0.0352555481885872,1.0,-0.957375915803265,0.39203539823008854,0.6967289413307113,0.4512291052114061,0.7781055391674861,-0.30469354310062274,0.9864906099358433,0.8878202645727707,0.7537852957198159,0.12646012332305812,3.512703038532098e-05,5.295229263164383e-06,0.9416909620991254,0.75482622131176,0.5855855855855856,0.6763848396501457,0.0841622303166153,0.0,0.8134762227796981,0.9501013139270887,5.759861390551998e-06,0.0001126235243874828,0.6428800307613433,0.8629657864754373,0.01882530120481928,0.10538837879498694,2.9998488956248255,2.9859248400000524,2.4729205231344404,4.878408041388578,4.748925599722269,4.074296342329664,0.412921505586179,0.23232243783097495,0.07959125213687646,2.939655375345195,2.995356036419206,4.600337829778507,4.821888885130889,0.15221771029323805,0.3654317830307534,0.8386623344707715,0.8186789034815914,0.36286960461842793,0.9964429814932656,0.22698575170273366,0.00016945258305032306,0.9979191933177007,0.2273220268904414,0.00016970362391410118,9.417739199242302,0.12439833303561887,0.00037068270472604857,0.5907742540500097,0.8286706189761814,0.10772113079031992,0.7799207643477412,0.10788071765075007,0.7810762025171448,0.024364499896942837,0.7973163647812872
openml_44578_Diabetes130US_seed_0_nrow,real_openml_multiclass,real_openml,4.8341,3,49,400,1600,0.0,0.0,,0.0,0.0,False,1600,0.5254469823397979,0.6521576929727804,0.1046616707223636,0.0682559137209734,4.848314606741573,1.1173754400421476,1.2194727786746111,0.1817242333138373,0.2741842355616239,0.0883429512237927,1.3628971862917243,,,0.0283650218082212,0.0514444552289867,0.8372579801151212,0.5555395654673891,237.29917256216615,,,,,0.9911855136560596,0.0015310022286121,0.9415147853681484,0.0244098559942977,2.4745292553327163,1.2146612891423985,0.1747485022180681,0.998726171875,0.0057433710011554,0.0087238931282771,0.6875,0.5065796209799251,0.0621425949048257,0.539375,0.4986030359837198,49.0,3.0,1600.0,0.4246396925968098,0.1581584670919536,0.1278212367427219,,0.95875,0.8469216238243257,0.911875,0.16559145085324192,0.911875,178.0,0.11125,0.3157303370786517,3.7748967376907756,3.177530769900772,0.5254469823388127,1.0,-0.13661474217977876,0.5663874415497662,0.47566466265865065,0.12608283233132933,0.5637167668670675,0.09072277889111552,,,,,,,0.9922644163150492,0.9918588873812755,0.989433237271854,0.9676511954992968,0.937584803256445,0.9193083573487032,0.9965899737531074,0.9993194108867545,,,0.9906460623265647,0.9920616518481624,0.9284465803025741,0.952617999377871,3.459423167090096,0.7691928290130138,0.0,4.806713324873966,2.1275345864433484,1.3628971987700114,0.04902791474341983,0.0022146213695137806,-1.2478286848249809e-08,0.0252118658929347,1.830431282298794,1.3875989465786125,3.1876182914481705,0.0004135694528657474,0.009428865218212401,0.33665213544200023,0.27418423556162397,0.21171633568124773,,,,0.5394338514196263,0.011699700277345598,0.0,2.521003211469946,0.892752892508012,-1.9309883816984342e-16,0.24295028562143586,0.3054181855018121,0.010117495360485756,0.04903998183798711,0.0,0.03519487338735269,0.5558057938748213,1.064585015350238
openml_44579_Diabetes130US_seed_1_nrow,real_openml_multiclass,real_openml,4.8341,3,49,400,1600,0.0,0.0,,0.0,0.0,False,1600,0.5254469823397979,0.5588272853089719,0.0886471805665311,0.0495384632662888,4.848314606741573,1.1120929193725728,1.2202879103969797,0.1817242333138373,0.2557008900644612,0.1341848325508299,1.3628971862917243,,,0.0278458615505312,0.0529656460337209,0.7964161274265754,0.5842634106537841,206.70017530680943,,,,,0.9905781822322672,0.0039810473356273,0.9317332551637988,0.0307411849432037,2.4683965109357557,1.2140259222536662,0.1666816526886257,0.998747265625,0.0065935947285421,0.0098590650918942,0.7025,0.5034454031130742,0.0598116811431005,0.5325,0.4990986246707334,49.0,3.0,1600.0,0.4246396925968098,0.1487714596462096,0.1401326395525219,,0.96875,0.8544072628559017,0.904375,0.17275427856039283,0.904375,178.0,0.11125,0.3112359550561798,3.913909368088136,3.177530769900772,0.5254469823388127,1.0,-0.13661474217977876,0.5610554442217769,0.4943527054108216,0.19274816299265196,0.5777261189044757,0.06670273881095529,,,,,,,0.9950773558368495,0.989145183175034,0.9875120076849183,0.9641350210970464,0.9280868385345997,0.9029779058597502,0.9960873535837481,0.9993879322162843,,,0.9883285954299761,0.9921112695059418,0.915532372197175,0.946110929815823,3.459423167090096,0.7624434069014201,0.0,4.806560748343446,2.121244676384002,1.3628971987700114,0.047043428020164146,0.0018072191005273908,-1.2478286848249809e-08,0.00755381268406785,1.8148846196573862,1.3698947445608771,3.17552279888699,5.426339848213502e-05,0.011690264298581887,0.35058389509353444,0.25570089006446123,0.16081788503538802,,,,0.5206011018977974,0.009857747602325157,0.0,2.5667606808238026,0.8237266456776619,-4.982416286730881e-16,0.20825938754992462,0.30314239257899783,0.012115295455548538,0.051944427436795906,0.0,0.03316792051968452,0.4333092771240198,1.0691572539385272
openml_44580_Diabetes130US_seed_2_nrow,real_openml_multiclass,real_openml,4.8341,3,49,400,1600,0.0,0.0,,0.0,0.0,False,1600,0.5254469823397979,0.4910921796123369,0.0623421656822296,0.0306157500266395,4.848314606741573,1.1173775888370838,1.228763291334639,0.1817242333138373,0.2272847312960772,0.0782614996939399,1.3628971862917243,,,0.0279721725014117,0.0510668240084592,0.8168370537708493,0.5650371278418338,242.3615710753085,,,,,0.9861412497684862,0.0054703674839433,0.938414484702851,0.0183034911525617,2.47465137047664,1.222722911186637,0.1172763894835955,0.998817578125,0.0056234046521683,0.0083740015248802,0.7025,0.5090893646430967,0.0620660395681137,0.56625,0.4957464476299462,49.0,3.0,1600.0,0.4246396925968098,0.1094415604950046,0.0868104018930004,,0.965,0.8929200027428178,0.936875,0.13325976084613816,0.936875,178.0,0.11125,0.30337078651685395,3.7372249154725585,3.177530769900772,0.5254469823388127,1.0,-0.13661474217977876,0.5557194388777555,0.45028323313293256,0.1834134936539746,0.5310233800935203,0.10543620574482299,,,,,,,0.989451476793249,0.989145183175034,0.9798270893371758,0.9507735583684951,0.9470827679782904,0.9173871277617676,0.9967728920255079,0.9994659176469649,,,0.9844861362561048,0.9892983299841415,0.9322349478700289,0.9489281631733928,3.459423167090096,0.7430211316307087,0.0,4.8035401786420975,2.105651781051393,1.3628971987700114,0.03838702370943503,0.001807782832729865,-1.2478286848249809e-08,0.00755381268406785,1.7897462477981718,1.3698947445608771,3.148465655594638,0.00026653687104039037,0.007835924176224474,0.28262396843549104,0.2272847312960772,0.17194549415666338,,,,0.5148680635104864,0.009511049839925591,0.0,2.4858976614780457,0.8653993798527453,-1.6393635742306333e-16,0.19961511272637028,0.25495434986578414,0.009819865446315953,0.04999573048014678,0.0,0.03580953645744846,0.47653360573949644,1.0703030528889055
openml_44581_Diabetes130US_seed_3_nrow,real_openml_multiclass,real_openml,4.8341,3,49,400,1600,0.0,0.0,,0.0,0.0,False,1600,0.5254469823397979,0.6262693277196318,0.0893312141862216,0.0559453994527834,4.848314606741573,1.117306516243004,1.229463706363734,0.1817242333138373,0.2396145142324951,0.099913692110062,1.3628971862917243,,,0.0271450210514537,0.0517336893139546,0.7964161274265767,0.5772004746411793,238.6406184815848,,,,,0.991231799454938,0.0032238214992461,0.9370547700425506,0.0285176196713599,2.4744926161531917,1.2242005822618105,0.1359057814143076,0.998796484375,0.0057110863815369,0.0084086345061227,0.698125,0.5081484224399692,0.061300113817175,0.550625,0.4975860270183714,49.0,3.0,1600.0,0.4246396925968098,0.1248129767328135,0.1065176503623437,,0.970625,0.8779352720444045,0.92375,0.14856811445339949,0.92375,178.0,0.11125,0.28539325842696633,3.6353911294743155,3.177530769900772,0.5254469823388127,1.0,-0.13661474217977876,0.5610394121576486,0.4456392785571142,0.11407748830995323,0.5490193720774883,0.11540013360053442,,,,,,,0.9932157394843962,0.9929676511954993,0.9875120076849183,0.969760900140647,0.9240162822252375,0.9173871277617676,0.9961800648383994,0.9994903223526788,,,0.9902398294402088,0.9930916953399478,0.9207017049935025,0.9468885911829422,3.459423167090096,0.7414381911358081,0.0,4.805309012768673,2.1032491313213235,1.3628971987700114,0.04154879354892893,0.001416952389760695,-1.2478286848249809e-08,0.0252118658929347,1.8294972518349013,1.3875989465786125,3.1833998158930124,0.000170946963984564,0.00834046483409745,0.3102641634569049,0.23961451423249516,0.16896486500808544,,,,0.5210324830290843,0.009452970245517032,0.0,2.637714486368944,0.856203906787433,-2.585868579689239e-17,0.20428968962029032,0.2749393388447,0.011589419930045265,0.0467752711897712,0.0,0.03396405493683302,0.4287488576300921,1.0715072918859914
openml_44582_Diabetes130US_seed_4_nrow,real_openml_multiclass,real_openml,4.8341,3,49,400,1600,0.0,0.0,,0.0,0.0,False,1600,0.5254469823397979,0.3625898065602388,0.0749567114342488,0.0271785394993359,4.848314606741573,1.1115875462416644,1.2272099333956412,0.1817242333138373,0.2456873309456519,0.0635590832357909,1.3628971862917243,,,0.0274368703022918,0.0518911193320026,0.7964161274265785,0.5785668775781893,225.2721589651304,,,,,0.9803213997073432,0.0131553230817308,0.9035902401132212,0.0543381707810381,2.4684347297609524,1.2208382778059534,0.1342491565664728,0.998779296875,0.0060500027724361,0.0081305192529788,0.684375,0.5083089119172964,0.062070146294531,0.555,0.4971211682376276,49.0,3.0,1600.0,0.4246396925968098,0.1247642862361707,0.0922587534515255,,0.971875,0.8786395477745729,0.9125,0.15897071710049568,0.9125,178.0,0.11125,0.2865168539325843,3.788868699197589,3.177530769900772,0.5254469823388127,1.0,-0.13661474217977876,0.5390180360721443,0.4522912491649967,0.13607748830995325,0.5476993987975951,0.08672678690714758,,,,,,,0.9943741209563994,0.9782903663500678,0.968299711815562,0.9662447257383966,0.8751696065128901,0.8693563880883766,0.996574856195482,0.9994261434993683,,,0.9732950390828149,0.9863322436532336,0.8722629973006333,0.9207071661256434,3.459423167090096,0.7458204988433779,0.0,4.801085803179124,2.108129604786329,1.3628971987700114,0.03265359999111528,0.0021661324322113096,-1.2478286848249809e-08,0.019687941294785915,1.8204792393201379,1.3812119173496131,3.1771986327365243,9.955271008732502e-05,0.011296412438206005,0.2906303897076799,0.24568733094565193,0.20074427218362395,,,,0.5191739448276002,0.009045968814510353,0.0,2.5491616551783434,0.8355603861058813,-6.17009216318512e-17,0.22321580156463794,0.2681588603266659,0.010768332303237442,0.05133209677053019,0.0,0.034162137685198254,0.4445876147752148,1.057400025065506
openml_44588_eucalyptus_seed_0_nrows_2,real_openml_multiclass,real_openml,2.0381,5,19,148,588,0.0,0.0,,0.0,0.0,False,588,0.2927245743546596,0.792127568468342,1.6056949462770458,1.2719152334963413,2.0357142857142856,2.4045877062491137,0.5401422788241774,0.0271806125921955,0.4615932697784756,0.3048027113586404,2.261712133909535,0.1433346223882619,0.1738501062891198,0.1435788040277646,0.1741462734207873,1.0017035775127747,0.9821020794461736,11.20630173346857,0.897990215367952,0.1235186080123578,0.0165388606564164,0.0236881612320767,0.7439140070332232,0.1614325646686998,0.3820371686039202,0.3508337519091584,4.464474814588014,0.5187087336614333,4.379716547679249,0.9893765329260956,0.2018250255706341,0.1298599441818353,0.5884353741496599,0.4457731975146915,0.1823651887340392,0.4149659863945578,0.4931356737331265,19.0,5.0,588.0,0.2234544780080448,1.130987465373874,3.990150194274224,,0.7295918367346939,0.1399968021748042,0.79421768707483,0.9256214976989243,0.79421768707483,84.0,0.14285714285714285,0.5452380952380953,40.467170641328785,1.5145757918552034,0.2927245743521705,3.0,0.46858778571075077,0.4387755102040816,0.5323129251700679,0.5340136054421768,0.6581632653061225,-0.09353741496598628,0.9895660330661585,0.9545422367548745,0.47764575047307795,0.06280401797462425,0.002855605240605302,5.9431076233728275e-08,0.9568627450980393,0.7712089730948021,0.4319526627218935,0.8274509803921568,0.46262659109913595,0.0,0.8576902300265676,0.9735002493638931,1.0298602088306573e-05,0.02560347178541144,0.6939505234718,0.8312096974206349,0.0,0.6554594494047619,2.9999666179330755,2.3956052123863354,0.9755259511264972,5.10374365563422,4.428875656639621,3.2067773189341082,0.6565295830113209,0.18858908461910762,0.02741536162349023,2.1782733471049083,2.8994494274823195,4.209213539485006,4.951803410540744,0.15415721470900978,0.22905704892386325,0.8942064806797053,0.3784586571868104,0.1952492840605763,0.9790177113086937,0.07987196468626058,0.0002600920910728481,0.9806855438662879,0.080008032769201,0.0002605351781104501,3.844797816344906,0.8716776150869269,0.0036516521039240348,0.28893047142140305,0.5511214555438829,0.03092719232410239,0.172803612239617,0.030979879193479054,0.17309799658755481,0.27337408809483865,1.2416254347182094
openml_44589_eucalyptus_seed_1_nrows_2,real_openml_multiclass,real_openml,2.0381,5,19,148,588,0.0,0.0,,0.0,0.0,False,588,0.2927245743546596,0.792127568468342,1.6056949462770458,1.2719152334963413,2.0357142857142856,2.4045877062491137,0.5401422788241774,0.0271806125921955,0.4615932697784756,0.3048027113586404,2.261712133909535,0.1433346223882619,0.1738501062891198,0.1435788040277646,0.1741462734207873,1.0017035775127747,0.9821020794461736,11.20630173346857,0.897990215367952,0.1235186080123578,0.0165388606564164,0.0236881612320767,0.7439140070332232,0.1614325646686998,0.3820371686039202,0.3508337519091584,4.464474814588014,0.5187087336614333,4.379716547679249,0.9893765329260956,0.2018250255706341,0.1298599441818353,0.5884353741496599,0.4457731975146915,0.1823651887340392,0.4149659863945578,0.4931356737331265,19.0,5.0,588.0,0.2234544780080448,1.130987465373874,3.990150194274224,,0.7295918367346939,0.1399968021748042,0.79421768707483,0.9256214976989243,0.79421768707483,84.0,0.14285714285714285,0.5452380952380953,40.467170641328785,1.5145757918552034,0.2927245743521705,3.0,0.46858778571075077,0.4387755102040816,0.5323129251700679,0.5340136054421768,0.6581632653061225,-0.09353741496598628,0.9895660330661585,0.9545422367548745,0.47764575047307795,0.06280401797462425,0.002855605240605302,5.9431076233728275e-08,0.9568627450980393,0.7712089730948021,0.4319526627218935,0.8274509803921568,0.46262659109913595,0.0,0.8576902300265676,0.9735002493638931,1.0298602088306573e-05,0.02560347178541144,0.6939505234718,0.8312096974206349,0.0,0.6554594494047619,2.9999666179330755,2.3956052123863354,0.9755259511264972,5.10374365563422,4.428875656639621,3.2067773189341082,0.6565295830113209,0.18858908461910762,0.02741536162349023,2.1782733471049083,2.8994494274823195,4.209213539485006,4.951803410540744,0.15415721470900978,0.22905704892386325,0.8942064806797053,0.3784586571868104,0.1952492840605763,0.9790177113086937,0.07987196468626058,0.0002600920910728481,0.9806855438662879,0.080008032769201,0.0002605351781104501,3.844797816344906,0.8716776150869269,0.0036516521039240348,0.28893047142140305,0.5511214555438829,0.03092719232410239,0.172803612239617,0.030979879193479054,0.17309799658755481,0.27337408809483865,1.2416254347182094
openml_44590_eucalyptus_seed_2_nrows_2,real_openml_multiclass,real_openml,2.0381,5,19,148,588,0.0,0.0,,0.0,0.0,False,588,0.2927245743546596,0.792127568468342,1.6056949462770458,1.2719152334963413,2.0357142857142856,2.4045877062491137,0.5401422788241774,0.0271806125921955,0.4615932697784756,0.3048027113586404,2.261712133909535,0.1433346223882619,0.1738501062891198,0.1435788040277646,0.1741462734207873,1.0017035775127747,0.9821020794461736,11.20630173346857,0.897990215367952,0.1235186080123578,0.0165388606564164,0.0236881612320767,0.7439140070332232,0.1614325646686998,0.3820371686039202,0.3508337519091584,4.464474814588014,0.5187087336614333,4.379716547679249,0.9893765329260956,0.2018250255706341,0.1298599441818353,0.5884353741496599,0.4457731975146915,0.1823651887340392,0.4149659863945578,0.4931356737331265,19.0,5.0,588.0,0.2234544780080448,1.130987465373874,3.990150194274224,,0.7295918367346939,0.1399968021748042,0.79421768707483,0.9256214976989243,0.79421768707483,84.0,0.14285714285714285,0.5452380952380953,40.467170641328785,1.5145757918552034,0.2927245743521705,3.0,0.46858778571075077,0.4387755102040816,0.5323129251700679,0.5340136054421768,0.6581632653061225,-0.09353741496598628,0.9895660330661585,0.9545422367548745,0.47764575047307795,0.06280401797462425,0.002855605240605302,5.9431076233728275e-08,0.9568627450980393,0.7712089730948021,0.4319526627218935,0.8274509803921568,0.46262659109913595,0.0,0.8576902300265676,0.9735002493638931,1.0298602088306573e-05,0.02560347178541144,0.6939505234718,0.8312096974206349,0.0,0.6554594494047619,2.9999666179330755,2.3956052123863354,0.9755259511264972,5.10374365563422,4.428875656639621,3.2067773189341082,0.6565295830113209,0.18858908461910762,0.02741536162349023,2.1782733471049083,2.8994494274823195,4.209213539485006,4.951803410540744,0.15415721470900978,0.22905704892386325,0.8942064806797053,0.3784586571868104,0.1952492840605763,0.9790177113086937,0.07987196468626058,0.0002600920910728481,0.9806855438662879,0.080008032769201,0.0002605351781104501,3.844797816344906,0.8716776150869269,0.0036516521039240348,0.28893047142140305,0.5511214555438829,0.03092719232410239,0.172803612239617,0.030979879193479054,0.17309799658755481,0.27337408809483865,1.2416254347182094
openml_44591_eucalyptus_seed_3_nrows_2,real_openml_multiclass,real_openml,2.0381,5,19,148,588,0.0,0.0,,0.0,0.0,False,588,0.2927245743546596,0.792127568468342,1.6056949462770458,1.2719152334963413,2.0357142857142856,2.4045877062491137,0.5401422788241774,0.0271806125921955,0.4615932697784756,0.3048027113586404,2.261712133909535,0.1433346223882619,0.1738501062891198,0.1435788040277646,0.1741462734207873,1.0017035775127747,0.9821020794461736,11.20630173346857,0.897990215367952,0.1235186080123578,0.0165388606564164,0.0236881612320767,0.7439140070332232,0.1614325646686998,0.3820371686039202,0.3508337519091584,4.464474814588014,0.5187087336614333,4.379716547679249,0.9893765329260956,0.2018250255706341,0.1298599441818353,0.5884353741496599,0.4457731975146915,0.1823651887340392,0.4149659863945578,0.4931356737331265,19.0,5.0,588.0,0.2234544780080448,1.130987465373874,3.990150194274224,,0.7295918367346939,0.1399968021748042,0.79421768707483,0.9256214976989243,0.79421768707483,84.0,0.14285714285714285,0.5452380952380953,40.467170641328785,1.5145757918552034,0.2927245743521705,3.0,0.46858778571075077,0.4387755102040816,0.5323129251700679,0.5340136054421768,0.6581632653061225,-0.09353741496598628,0.9895660330661585,0.9545422367548745,0.47764575047307795,0.06280401797462425,0.002855605240605302,5.9431076233728275e-08,0.9568627450980393,0.7712089730948021,0.4319526627218935,0.8274509803921568,0.46262659109913595,0.0,0.8576902300265676,0.9735002493638931,1.0298602088306573e-05,0.02560347178541144,0.6939505234718,0.8312096974206349,0.0,0.6554594494047619,2.9999666179330755,2.3956052123863354,0.9755259511264972,5.10374365563422,4.428875656639621,3.2067773189341082,0.6565295830113209,0.18858908461910762,0.02741536162349023,2.1782733471049083,2.8994494274823195,4.209213539485006,4.951803410540744,0.15415721470900978,0.22905704892386325,0.8942064806797053,0.3784586571868104,0.1952492840605763,0.9790177113086937,0.07987196468626058,0.0002600920910728481,0.9806855438662879,0.080008032769201,0.0002605351781104501,3.844797816344906,0.8716776150869269,0.0036516521039240348,0.28893047142140305,0.5511214555438829,0.03092719232410239,0.172803612239617,0.030979879193479054,0.17309799658755481,0.27337408809483865,1.2416254347182094
openml_44592_eucalyptus_seed_4_nrows_2,real_openml_multiclass,real_openml,2.0381,5,19,148,588,0.0,0.0,,0.0,0.0,False,588,0.2927245743546596,0.792127568468342,1.6056949462770458,1.2719152334963413,2.0357142857142856,2.4045877062491137,0.5401422788241774,0.0271806125921955,0.4615932697784756,0.3048027113586404,2.261712133909535,0.1433346223882619,0.1738501062891198,0.1435788040277646,0.1741462734207873,1.0017035775127747,0.9821020794461736,11.20630173346857,0.897990215367952,0.1235186080123578,0.0165388606564164,0.0236881612320767,0.7439140070332232,0.1614325646686998,0.3820371686039202,0.3508337519091584,4.464474814588014,0.5187087336614333,4.379716547679249,0.9893765329260956,0.2018250255706341,0.1298599441818353,0.5884353741496599,0.4457731975146915,0.1823651887340392,0.4149659863945578,0.4931356737331265,19.0,5.0,588.0,0.2234544780080448,1.130987465373874,3.990150194274224,,0.7295918367346939,0.1399968021748042,0.79421768707483,0.9256214976989243,0.79421768707483,84.0,0.14285714285714285,0.5452380952380953,40.467170641328785,1.5145757918552034,0.2927245743521705,3.0,0.46858778571075077,0.4387755102040816,0.5323129251700679,0.5340136054421768,0.6581632653061225,-0.09353741496598628,0.9895660330661585,0.9545422367548745,0.47764575047307795,0.06280401797462425,0.002855605240605302,5.9431076233728275e-08,0.9568627450980393,0.7712089730948021,0.4319526627218935,0.8274509803921568,0.46262659109913595,0.0,0.8576902300265676,0.9735002493638931,1.0298602088306573e-05,0.02560347178541144,0.6939505234718,0.8312096974206349,0.0,0.6554594494047619,2.9999666179330755,2.3956052123863354,0.9755259511264972,5.10374365563422,4.428875656639621,3.2067773189341082,0.6565295830113209,0.18858908461910762,0.02741536162349023,2.1782733471049083,2.8994494274823195,4.209213539485006,4.951803410540744,0.15415721470900978,0.22905704892386325,0.8942064806797053,0.3784586571868104,0.1952492840605763,0.9790177113086937,0.07987196468626058,0.0002600920910728481,0.9806855438662879,0.080008032769201,0.0002605351781104501,3.844797816344906,0.8716776150869269,0.0036516521039240348,0.28893047142140305,0.5511214555438829,0.03092719232410239,0.172803612239617,0.030979879193479054,0.17309799658755481,0.27337408809483865,1.2416254347182094
openml_44603_cnae-9_seed_0_nrows_2000_,real_openml_multiclass,real_openml,1.0,9,100,216,864,0.0,0.0,,0.0,0.0,False,864,0.0,0.6604120551676219,0.5077878997875,0.3353492504879133,1.0,0.0459482273953886,0.0752038044315088,0.0,0.5746897130305362,0.1729135730359617,3.1699250014423126,,,0.0078202939658984,0.049029899806479,0.9110544611819202,0.5739158013423487,200.58875382763247,,,,,0.8478009259259258,0.0845897757991655,0.599826388888889,0.153247440519552,3.2000701245212637,0.0553228904056361,6.257574642799797,0.9950234160665294,0.0158031043164376,0.0325588685929267,0.7743055555555556,,,0.5752314814814815,0.494594129640633,100.0,9.0,864.0,0.0,2.8514398562854004,2.7266507545084875,,0.099537037037037,0.0182904431479296,0.75,0.49059261517591574,0.75,96.0,0.1111111111111111,0.21250000000000002,0.0,1.0,0.0,0.0,,0.17013888888888887,0.4155092592592593,0.37152777777777773,0.44097222222222227,-0.24537037037037043,,,,,,,0.9791666666666666,0.8541666666666666,0.734375,0.8333333333333334,0.6041666666666666,0.2916666666666667,0.9720276300507364,0.9907300115874855,,,0.796875,0.8984375,0.47265625,0.7174479166666666,0.4856488087699634,0.012959198296063307,0.0,3.6524793776541986,3.1792099093455066,3.169925156893003,0.21277326848731049,0.0036742903928699278,-1.554506905421249e-07,0.012959198296063307,0.04256591576655208,3.1792099093455066,3.201723948752136,0.0036742903928694837,0.011074727456737765,0.8553727488072758,0.5510639752526776,0.35660146635963885,,,,1.001158748551564,0.0020116693570711498,0.0,3.004691785698893,1.0023188398013296,-9.204960850671528e-16,0.4451833119892307,0.7020866731939709,0.0011587485515643136,0.005104380585284965,0.0011600912497700569,0.0040445329189848405,0.594022915932983,1.0688862898886544
openml_44604_cnae-9_seed_1_nrows_2000_,real_openml_multiclass,real_openml,1.0,9,100,216,864,0.0,0.0,,0.0,0.0,False,864,0.0,0.7458049684984328,0.808390254836618,0.602901468542864,1.0,0.0507860856816163,0.0781424836359294,0.0,0.5819102774889855,0.1898763931229386,3.1699250014423126,,,0.0107614593645355,0.057512558593508,0.9210660486674338,0.6455999869203626,163.72382972747445,,,,,0.8084490740740741,0.1068124636546471,0.566695601851852,0.1601730691635218,3.2013496721929515,0.0426038507685049,6.772016829050672,0.9915297603737996,0.0193614149309773,0.0443798686124059,0.7731481481481481,,,0.5648148148148148,0.4960684015958312,100.0,9.0,864.0,0.0,2.9613278810361026,2.811878969932653,,0.0856481481481481,0.0144280951316796,0.7291666666666666,0.529048881989139,0.7291666666666666,96.0,0.1111111111111111,0.5916666666666667,4.239645553595194e-09,1.0,0.0,0.0,,0.18171296296296294,0.3993055555555555,0.4212962962962963,0.43634259259259256,-0.2175925925925926,,,,,,,0.9739583333333334,0.7760416666666666,0.6822916666666666,0.8489583333333334,0.6015625,0.2552083333333333,0.9721254355400698,0.9907300115874855,,,0.7291666666666666,0.921875,0.44661458333333337,0.6731770833333333,0.3681656408929366,0.012959198296063307,0.0,3.416611286651655,3.1792099093455066,3.169925156893003,0.2630053153831935,0.0036742903928699278,-1.554506905421249e-07,0.012959198296063307,0.05133953650099524,3.1792099093455066,3.206995052732728,0.0036742903928694837,0.012547341864387551,0.8588726244352828,0.5973518978525219,0.3320493569039697,,,,1.001158748551564,0.0023228741265697156,0.0,3.608261472467893,1.0023188398013292,-1.364106489166843e-15,0.41831888586876065,0.7207870969315389,0.0016396681739202096,0.005522081395262383,0.0011600912497700582,0.00456215122762778,0.47627165972896135,1.061885455356398
openml_44605_cnae-9_seed_2_nrows_2000_,real_openml_multiclass,real_openml,1.0,9,100,216,864,0.0,0.0,,0.0,0.0,False,864,0.0,0.9176475463742906,0.645997975750777,0.592798457410459,1.0,0.0553832903760326,0.0851575130152495,0.0,0.5568446556531756,0.2127569408790769,3.1699250014423126,,,0.0119735260787229,0.0534254125709264,0.9010428736964046,0.6251609680116219,170.82954321288466,,,,,0.8328993055555556,0.1171610419867653,0.591724537037037,0.1822354410644051,3.2067522215870268,0.0605319286663093,8.872912892029955,0.9947983646262004,0.0185560702313183,0.0421738953153254,0.8113425925925926,,,0.6041666666666666,0.4893121901884069,100.0,9.0,864.0,0.0,2.797466375481592,4.545190984693117,,0.1192129629629629,0.0117868311590125,0.7835648148148148,0.4985371305881082,0.7835648148148148,96.0,0.1111111111111111,0.8604166666666667,1.7472937469514055e-08,1.0,0.0,0.0,,0.17476851851851852,0.39699074074074076,0.4085648148148148,0.41898148148148145,-0.22222222222222224,,,,,,,0.9791666666666666,0.890625,0.65625,0.8645833333333334,0.6744791666666667,0.10416666666666667,0.9721254355400698,0.9907300115874855,,,0.734375,0.9166666666666666,0.4296875,0.7291666666666666,0.4856488087699634,0.023601646914854366,0.0,3.6524793776541986,3.1861600508104067,3.169925156893003,0.2717143769812598,0.005476371339297126,-1.554506905421249e-07,0.012959198296063307,0.05344840072363409,3.1792099093455066,3.2074040151989243,0.0036742903928694837,0.011074727456737765,0.9053527269713029,0.49589060970314985,0.29372780542340987,,,,1.001158748551564,0.002324225806411215,0.0,3.4744938155478877,1.0023188398013292,-9.527711152277578e-16,0.439465227344091,0.6176775300161809,0.001894058292658553,0.00643643152493675,0.0011600912497700604,0.005267772231764467,0.5131076190795831,1.046244872193627
openml_44606_cnae-9_seed_3_nrows_2000_,real_openml_multiclass,real_openml,1.0,9,100,216,864,0.0,0.0,,0.0,0.0,False,864,0.0,1.3502455793172805,1.1108438050770255,1.499911937117241,1.0,0.0406422041032673,0.063380063429656,0.0,0.5478789901052482,0.206219957012986,3.1699250014423126,,,0.008557904870561,0.0544086782901385,0.9210660486674368,0.6146626893154983,195.3577521038782,,,,,0.8230613425925927,0.1411530326264862,0.6100983796296297,0.1611491508655268,3.194340949012096,0.02695783776438,7.181897984692368,0.9968894675925926,0.016226256533484,0.0441338063770826,0.7951388888888888,,,0.6087962962962963,0.4883025060016535,100.0,9.0,864.0,0.0,2.699057797083038,4.227751224801056,,0.0868055555555555,0.0185650354811731,0.78125,0.49002860888132205,0.78125,96.0,0.1111111111111111,0.33958333333333335,0.0,1.0,0.0,0.0,,0.20833333333333334,0.38078703703703703,0.3969907407407407,0.4166666666666667,-0.1724537037037037,,,,,,,0.9791666666666666,0.875,0.5625,0.9010416666666666,0.6276041666666666,0.2604166666666667,0.9721254355400698,0.9907300115874855,,,0.7916666666666666,0.9166666666666666,0.5104166666666666,0.7200520833333333,0.46383799505496753,0.012959198296063307,0.0,3.3008157902316038,3.1792099093455066,3.169925156893003,0.39415725446287686,0.0036742903928699278,-1.554506905421249e-07,0.012959198296063307,0.04256591576655208,3.1792099093455066,3.2015010806896536,0.0036742903928694837,0.011074727456737765,0.8992848060065566,0.5541683161644948,0.2234909600620532,,,,1.001158748551564,0.0020116693570711814,0.0,3.0068138410630536,1.002318839801331,-1.804513586205585e-15,0.4435441214058129,0.6404319869351622,0.0016396681739202102,0.004437937386751542,0.0011600912497700582,0.0036878106447573887,0.5416179086519284,1.0751463153838272
openml_44607_cnae-9_seed_4_nrows_2000_,real_openml_multiclass,real_openml,1.0,9,100,216,864,0.0,0.0,,0.0,0.0,False,864,0.0,0.663863403125823,0.4013562420001517,0.2664457206800121,1.0,0.0433409749698497,0.0800174800297738,0.0,0.502761373563417,0.1640502405105483,3.1699250014423126,,,0.0076239126485997,0.0457356484680377,0.8710081112398578,0.5739794726667647,243.4806716519731,,,,,0.8794849537037037,0.0753130122670964,0.6707175925925927,0.1356117591412047,3.200246770493537,0.0641986157681617,3.74172041328274,0.9980575917352538,0.0130192059186256,0.0276940045001625,0.8287037037037037,,,0.6793981481481481,0.4669782637000283,100.0,9.0,864.0,0.0,2.210539359859972,1.2985796985987623,,0.0983796296296296,0.0601377205819555,0.8692129629629629,0.44871893527242473,0.8692129629629629,96.0,0.1111111111111111,0.27916666666666673,0.0,1.0,0.0,0.0,,0.15625,0.3148148148148148,0.30439814814814814,0.36111111111111116,-0.15856481481481483,,,,,,,0.984375,0.9296875,0.7708333333333334,0.9010416666666666,0.6744791666666667,0.4375,0.9721254355400698,0.9907300115874855,,,0.796875,0.9375,0.5546875,0.7838541666666666,0.5782667935187458,0.023601646914854366,0.0,3.743495681949111,3.1861600508104067,3.169925156893003,0.20080630836484126,0.004810649476324258,-1.554506905421249e-07,0.012959198296063307,0.03336844603980402,3.1792099093455066,3.1954424114746818,0.0036742903928694837,0.009509700957975431,0.7516307187888378,0.4787490709154286,0.23928639001552102,,,,1.001158748551564,0.0017501944068056157,0.0,2.507884440943214,1.00231883980133,-1.1168585047102905e-15,0.4228180844223012,0.5839910609496525,0.0016396681739202154,0.004556870960003202,0.001160091249770054,0.0036878106447573887,0.48476456022125614,1.0782498220489574
openml_44613_cmc_seed_0_nrows_2000_ncl,real_openml_multiclass,real_openml,1.8889,3,9,295,1178,0.0,0.0,,0.0,0.0,False,1178,0.2481537872846507,0.5994558695607003,0.1932477622172722,0.1158435053406143,1.8909774436090223,1.5425596348750763,0.946481844636424,0.0438011792949926,0.3270767551573597,0.0913500642767397,1.538879262719534,0.1746895490632427,0.1502703604950693,0.1748379683912493,0.1503980328489315,1.00084961767205,0.687776169413322,43.41433649522621,0.9668855394417106,0.0233036944403633,0.765928515928516,0.048618072376628,0.964410844695904,0.0559053800862705,0.9579331317263924,0.0528566959491812,3.0459925591969537,0.9269513291033998,0.2551990985829858,0.9984557002891148,0.0354463383976569,0.0237330105433164,0.7249575551782682,,,0.5636672325976231,0.4961405486070596,9.0,3.0,1178.0,0.1739611338917678,0.2223032417718993,0.1812039869669327,1.0476130192346036,0.6960950764006791,0.7882659936078746,0.9210526315789473,0.3171461265444987,0.9210526315789473,266.0,0.22580645161290322,0.4834586466165414,0.5507227865030035,1.5528000931423913,0.24815378728401882,1.0,-0.2467226811558952,0.4244517145280504,0.44397924564227725,0.46859583528067716,0.5084882553530318,-0.019527531114226837,0.9957233586573003,0.9668147942256493,0.9123828940328125,0.8205128205128204,0.7500000000000001,0.7272727272727274,0.9978070175438597,0.9955555555555555,0.8998699609882965,0.9940740740740741,0.9824561403508771,0.8972691807542262,0.965179441720431,0.9782316091177337,0.7386363636363638,0.7852564102564102,0.947712758271926,0.9966812865497077,0.9398626605525517,0.9882651072124756,3.300051467306405,1.5286109825288547,0.37391912093479307,4.774309017802946,3.040995116386049,1.896541352621923,0.06615956293966585,0.03151362685293435,0.0031391920456669276,0.8092536759998264,1.6741973308225437,2.3449937466736936,3.1815629666891434,0.016257031032403946,0.0633120878890967,0.3916710050692694,0.32707675515735973,0.2624825052454501,0.6249243207482409,0.11921802931728362,0.008665573195750181,0.6254552674948477,0.1193193190618182,0.008672935619875822,2.5086534944114254,0.8680213894451763,0.35552302706960565,0.2947796302014049,0.35937388011331456,0.06313045682900167,0.27154446934655185,0.06318409358076862,0.2717751783264589,0.5887556892560573,1.067494028151213
openml_44614_cmc_seed_1_nrows_2000_ncl,real_openml_multiclass,real_openml,1.8889,3,9,295,1178,0.0,0.0,,0.0,0.0,False,1178,0.2481537872846507,0.5994558695607003,0.1932477622172722,0.1158435053406143,1.8909774436090223,1.5425596348750763,0.946481844636424,0.0438011792949926,0.3270767551573597,0.0913500642767397,1.538879262719534,0.1746895490632427,0.1502703604950693,0.1748379683912493,0.1503980328489315,1.00084961767205,0.687776169413322,43.41433649522621,0.9668855394417106,0.0233036944403633,0.765928515928516,0.048618072376628,0.964410844695904,0.0559053800862705,0.9579331317263924,0.0528566959491812,3.0459925591969537,0.9269513291033998,0.2551990985829858,0.9984557002891148,0.0354463383976569,0.0237330105433164,0.7249575551782682,,,0.5636672325976231,0.4961405486070596,9.0,3.0,1178.0,0.1739611338917678,0.2223032417718993,0.1812039869669327,1.0476130192346036,0.6960950764006791,0.7882659936078746,0.9210526315789473,0.3171461265444987,0.9210526315789473,266.0,0.22580645161290322,0.4834586466165414,0.5507227865030035,1.5528000931423913,0.24815378728401882,1.0,-0.2467226811558952,0.4244517145280504,0.44397924564227725,0.46859583528067716,0.5084882553530318,-0.019527531114226837,0.9957233586573003,0.9668147942256493,0.9123828940328125,0.8205128205128204,0.7500000000000001,0.7272727272727274,0.9978070175438597,0.9955555555555555,0.8998699609882965,0.9940740740740741,0.9824561403508771,0.8972691807542262,0.965179441720431,0.9782316091177337,0.7386363636363638,0.7852564102564102,0.947712758271926,0.9966812865497077,0.9398626605525517,0.9882651072124756,3.300051467306405,1.5286109825288547,0.37391912093479307,4.774309017802946,3.040995116386049,1.896541352621923,0.06615956293966585,0.03151362685293435,0.0031391920456669276,0.8092536759998264,1.6741973308225437,2.3449937466736936,3.1815629666891434,0.016257031032403946,0.0633120878890967,0.3916710050692694,0.32707675515735973,0.2624825052454501,0.6249243207482409,0.11921802931728362,0.008665573195750181,0.6254552674948477,0.1193193190618182,0.008672935619875822,2.5086534944114254,0.8680213894451763,0.35552302706960565,0.2947796302014049,0.35937388011331456,0.06313045682900167,0.27154446934655185,0.06318409358076862,0.2717751783264589,0.5887556892560573,1.067494028151213
openml_44615_cmc_seed_2_nrows_2000_ncl,real_openml_multiclass,real_openml,1.8889,3,9,295,1178,0.0,0.0,,0.0,0.0,False,1178,0.2481537872846507,0.5994558695607003,0.1932477622172722,0.1158435053406143,1.8909774436090223,1.5425596348750763,0.946481844636424,0.0438011792949926,0.3270767551573597,0.0913500642767397,1.538879262719534,0.1746895490632427,0.1502703604950693,0.1748379683912493,0.1503980328489315,1.00084961767205,0.687776169413322,43.41433649522621,0.9668855394417106,0.0233036944403633,0.765928515928516,0.048618072376628,0.964410844695904,0.0559053800862705,0.9579331317263924,0.0528566959491812,3.0459925591969537,0.9269513291033998,0.2551990985829858,0.9984557002891148,0.0354463383976569,0.0237330105433164,0.7249575551782682,,,0.5636672325976231,0.4961405486070596,9.0,3.0,1178.0,0.1739611338917678,0.2223032417718993,0.1812039869669327,1.0476130192346036,0.6960950764006791,0.7882659936078746,0.9210526315789473,0.3171461265444987,0.9210526315789473,266.0,0.22580645161290322,0.4834586466165414,0.5507227865030035,1.5528000931423913,0.24815378728401882,1.0,-0.2467226811558952,0.4244517145280504,0.44397924564227725,0.46859583528067716,0.5084882553530318,-0.019527531114226837,0.9957233586573003,0.9668147942256493,0.9123828940328125,0.8205128205128204,0.7500000000000001,0.7272727272727274,0.9978070175438597,0.9955555555555555,0.8998699609882965,0.9940740740740741,0.9824561403508771,0.8972691807542262,0.965179441720431,0.9782316091177337,0.7386363636363638,0.7852564102564102,0.947712758271926,0.9966812865497077,0.9398626605525517,0.9882651072124756,3.300051467306405,1.5286109825288547,0.37391912093479307,4.774309017802946,3.040995116386049,1.896541352621923,0.06615956293966585,0.03151362685293435,0.0031391920456669276,0.8092536759998264,1.6741973308225437,2.3449937466736936,3.1815629666891434,0.016257031032403946,0.0633120878890967,0.3916710050692694,0.32707675515735973,0.2624825052454501,0.6249243207482409,0.11921802931728362,0.008665573195750181,0.6254552674948477,0.1193193190618182,0.008672935619875822,2.5086534944114254,0.8680213894451763,0.35552302706960565,0.2947796302014049,0.35937388011331456,0.06313045682900167,0.27154446934655185,0.06318409358076862,0.2717751783264589,0.5887556892560573,1.067494028151213
openml_44616_cmc_seed_3_nrows_2000_ncl,real_openml_multiclass,real_openml,1.8889,3,9,295,1178,0.0,0.0,,0.0,0.0,False,1178,0.2481537872846507,0.5994558695607003,0.1932477622172722,0.1158435053406143,1.8909774436090223,1.5425596348750763,0.946481844636424,0.0438011792949926,0.3270767551573597,0.0913500642767397,1.538879262719534,0.1746895490632427,0.1502703604950693,0.1748379683912493,0.1503980328489315,1.00084961767205,0.687776169413322,43.41433649522621,0.9668855394417106,0.0233036944403633,0.765928515928516,0.048618072376628,0.964410844695904,0.0559053800862705,0.9579331317263924,0.0528566959491812,3.0459925591969537,0.9269513291033998,0.2551990985829858,0.9984557002891148,0.0354463383976569,0.0237330105433164,0.7249575551782682,,,0.5636672325976231,0.4961405486070596,9.0,3.0,1178.0,0.1739611338917678,0.2223032417718993,0.1812039869669327,1.0476130192346036,0.6960950764006791,0.7882659936078746,0.9210526315789473,0.3171461265444987,0.9210526315789473,266.0,0.22580645161290322,0.4834586466165414,0.5507227865030035,1.5528000931423913,0.24815378728401882,1.0,-0.2467226811558952,0.4244517145280504,0.44397924564227725,0.46859583528067716,0.5084882553530318,-0.019527531114226837,0.9957233586573003,0.9668147942256493,0.9123828940328125,0.8205128205128204,0.7500000000000001,0.7272727272727274,0.9978070175438597,0.9955555555555555,0.8998699609882965,0.9940740740740741,0.9824561403508771,0.8972691807542262,0.965179441720431,0.9782316091177337,0.7386363636363638,0.7852564102564102,0.947712758271926,0.9966812865497077,0.9398626605525517,0.9882651072124756,3.300051467306405,1.5286109825288547,0.37391912093479307,4.774309017802946,3.040995116386049,1.896541352621923,0.06615956293966585,0.03151362685293435,0.0031391920456669276,0.8092536759998264,1.6741973308225437,2.3449937466736936,3.1815629666891434,0.016257031032403946,0.0633120878890967,0.3916710050692694,0.32707675515735973,0.2624825052454501,0.6249243207482409,0.11921802931728362,0.008665573195750181,0.6254552674948477,0.1193193190618182,0.008672935619875822,2.5086534944114254,0.8680213894451763,0.35552302706960565,0.2947796302014049,0.35937388011331456,0.06313045682900167,0.27154446934655185,0.06318409358076862,0.2717751783264589,0.5887556892560573,1.067494028151213
openml_44617_cmc_seed_4_nrows_2000_ncl,real_openml_multiclass,real_openml,1.8889,3,9,295,1178,0.0,0.0,,0.0,0.0,False,1178,0.2481537872846507,0.5994558695607003,0.1932477622172722,0.1158435053406143,1.8909774436090223,1.5425596348750763,0.946481844636424,0.0438011792949926,0.3270767551573597,0.0913500642767397,1.538879262719534,0.1746895490632427,0.1502703604950693,0.1748379683912493,0.1503980328489315,1.00084961767205,0.687776169413322,43.41433649522621,0.9668855394417106,0.0233036944403633,0.765928515928516,0.048618072376628,0.964410844695904,0.0559053800862705,0.9579331317263924,0.0528566959491812,3.0459925591969537,0.9269513291033998,0.2551990985829858,0.9984557002891148,0.0354463383976569,0.0237330105433164,0.7249575551782682,,,0.5636672325976231,0.4961405486070596,9.0,3.0,1178.0,0.1739611338917678,0.2223032417718993,0.1812039869669327,1.0476130192346036,0.6960950764006791,0.7882659936078746,0.9210526315789473,0.3171461265444987,0.9210526315789473,266.0,0.22580645161290322,0.4834586466165414,0.5507227865030035,1.5528000931423913,0.24815378728401882,1.0,-0.2467226811558952,0.4244517145280504,0.44397924564227725,0.46859583528067716,0.5084882553530318,-0.019527531114226837,0.9957233586573003,0.9668147942256493,0.9123828940328125,0.8205128205128204,0.7500000000000001,0.7272727272727274,0.9978070175438597,0.9955555555555555,0.8998699609882965,0.9940740740740741,0.9824561403508771,0.8972691807542262,0.965179441720431,0.9782316091177337,0.7386363636363638,0.7852564102564102,0.947712758271926,0.9966812865497077,0.9398626605525517,0.9882651072124756,3.300051467306405,1.5286109825288547,0.37391912093479307,4.774309017802946,3.040995116386049,1.896541352621923,0.06615956293966585,0.03151362685293435,0.0031391920456669276,0.8092536759998264,1.6741973308225437,2.3449937466736936,3.1815629666891434,0.016257031032403946,0.0633120878890967,0.3916710050692694,0.32707675515735973,0.2624825052454501,0.6249243207482409,0.11921802931728362,0.008665573195750181,0.6254552674948477,0.1193193190618182,0.008672935619875822,2.5086534944114254,0.8680213894451763,0.35552302706960565,0.2947796302014049,0.35937388011331456,0.06313045682900167,0.27154446934655185,0.06318409358076862,0.2717751783264589,0.5887556892560573,1.067494028151213
openml_44618_car_seed_0_nrows_2000_ncl,real_openml_multiclass,real_openml,18.6154,4,6,346,1382,0.0,0.0,,0.0,0.0,False,1382,1.0825055912446406,0.7746541433056934,0.8636358279118682,0.6690190723991715,18.615384615384617,1.79193894075254,0.2270908284705796,0.5069562793245246,0.2284483751404341,0.2248814901324503,1.205103129912393,0.0095032726783674,0.0077403549873999,0.0095101541212916,0.0077459598787738,1.0007241129616236,0.029642159120893,10.517585338143691,0.9574221421522348,0.0562258264785585,0.1111111111111111,0.1956312984628779,0.5436546427116093,0.1592191462560657,0.21024352386595,0.2394393887716822,2.8824622416292804,0.2999341128073906,0.3167325559662849,0.9929117598396584,0.1145798290356528,0.1034064629456004,0.2698986975397974,0.3983489984926278,0.0993752043554683,0.1685962373371924,0.3745304341789997,6.0,4.0,1382.0,0.7955011554733668,0.2577093495212963,0.2684373361945327,,0.447178002894356,0.7520470187790951,0.6143270622286541,0.4022590196878345,0.6143270622286541,52.0,0.03762662807525326,0.5884615384615385,0.5459042566032297,8.651972620213662,1.0825055912415076,3.0,0.9144784853389144,0.7004354113615644,0.7279402056021881,0.6396538715457889,0.68378917916313,-0.027504794240623687,0.9967088416637916,0.9803752838426926,0.8522929612572158,0.5000000000000001,0.02777777777777779,0.0,0.719626168224299,0.5894519767925022,0.2754901960784314,0.6431372549019608,0.16689675077670404,0.0,0.9461303484242202,0.9951426552273881,0.0,0.09722222222222224,0.48051364575760297,0.6301429964250894,0.03470185728250244,0.2621443081610982,1.9995716278761573,1.7919658516152897,1.584366608308958,3.202153349908545,2.930096679474027,2.527572089625629,0.2621605364475621,0.08720108133288806,0.002521407880005988,1.5846989344729379,1.9991067701593663,2.6192997923027947,3.1243895359043106,0.04209647808316175,0.18780021299871197,0.46003084473890915,0.2143864597884187,0.010927820893974743,0.02519509457045013,0.008304324423072938,0.0008571727404308163,0.02521333866499789,0.008310337692025273,0.0008577934303225124,1.0326881574117677,1.007429858366082,0.9573427974042027,0.11265714034119671,0.3372086522636639,0.003031090013925745,0.013423543902546794,0.003033284865492665,0.013433264064677545,0.9807539402874851,1.0225514935617614
openml_44619_car_seed_1_nrows_2000_ncl,real_openml_multiclass,real_openml,18.6154,4,6,346,1382,0.0,0.0,,0.0,0.0,False,1382,1.0825055912446406,0.7746541433056934,0.8636358279118682,0.6690190723991715,18.615384615384617,1.79193894075254,0.2270908284705796,0.5069562793245246,0.2284483751404341,0.2248814901324503,1.205103129912393,0.0095032726783674,0.0077403549873999,0.0095101541212916,0.0077459598787738,1.0007241129616236,0.029642159120893,10.517585338143691,0.9574221421522348,0.0562258264785585,0.1111111111111111,0.1956312984628779,0.5436546427116093,0.1592191462560657,0.21024352386595,0.2394393887716822,2.8824622416292804,0.2999341128073906,0.3167325559662849,0.9929117598396584,0.1145798290356528,0.1034064629456004,0.2698986975397974,0.3983489984926278,0.0993752043554683,0.1685962373371924,0.3745304341789997,6.0,4.0,1382.0,0.7955011554733668,0.2577093495212963,0.2684373361945327,,0.447178002894356,0.7520470187790951,0.6143270622286541,0.4022590196878345,0.6143270622286541,52.0,0.03762662807525326,0.5884615384615385,0.5459042566032297,8.651972620213662,1.0825055912415076,3.0,0.9144784853389144,0.7004354113615644,0.7279402056021881,0.6396538715457889,0.68378917916313,-0.027504794240623687,0.9967088416637916,0.9803752838426926,0.8522929612572158,0.5000000000000001,0.02777777777777779,0.0,0.719626168224299,0.5894519767925022,0.2754901960784314,0.6431372549019608,0.16689675077670404,0.0,0.9461303484242202,0.9951426552273881,0.0,0.09722222222222224,0.48051364575760297,0.6301429964250894,0.03470185728250244,0.2621443081610982,1.9995716278761573,1.7919658516152897,1.584366608308958,3.202153349908545,2.930096679474027,2.527572089625629,0.2621605364475621,0.08720108133288806,0.002521407880005988,1.5846989344729379,1.9991067701593663,2.6192997923027947,3.1243895359043106,0.04209647808316175,0.18780021299871197,0.46003084473890915,0.2143864597884187,0.010927820893974743,0.02519509457045013,0.008304324423072938,0.0008571727404308163,0.02521333866499789,0.008310337692025273,0.0008577934303225124,1.0326881574117677,1.007429858366082,0.9573427974042027,0.11265714034119671,0.3372086522636639,0.003031090013925745,0.013423543902546794,0.003033284865492665,0.013433264064677545,0.9807539402874851,1.0225514935617614
openml_44620_car_seed_2_nrows_2000_ncl,real_openml_multiclass,real_openml,18.6154,4,6,346,1382,0.0,0.0,,0.0,0.0,False,1382,1.0825055912446406,0.7746541433056934,0.8636358279118682,0.6690190723991715,18.615384615384617,1.79193894075254,0.2270908284705796,0.5069562793245246,0.2284483751404341,0.2248814901324503,1.205103129912393,0.0095032726783674,0.0077403549873999,0.0095101541212916,0.0077459598787738,1.0007241129616236,0.029642159120893,10.517585338143691,0.9574221421522348,0.0562258264785585,0.1111111111111111,0.1956312984628779,0.5436546427116093,0.1592191462560657,0.21024352386595,0.2394393887716822,2.8824622416292804,0.2999341128073906,0.3167325559662849,0.9929117598396584,0.1145798290356528,0.1034064629456004,0.2698986975397974,0.3983489984926278,0.0993752043554683,0.1685962373371924,0.3745304341789997,6.0,4.0,1382.0,0.7955011554733668,0.2577093495212963,0.2684373361945327,,0.447178002894356,0.7520470187790951,0.6143270622286541,0.4022590196878345,0.6143270622286541,52.0,0.03762662807525326,0.5884615384615385,0.5459042566032297,8.651972620213662,1.0825055912415076,3.0,0.9144784853389144,0.7004354113615644,0.7279402056021881,0.6396538715457889,0.68378917916313,-0.027504794240623687,0.9967088416637916,0.9803752838426926,0.8522929612572158,0.5000000000000001,0.02777777777777779,0.0,0.719626168224299,0.5894519767925022,0.2754901960784314,0.6431372549019608,0.16689675077670404,0.0,0.9461303484242202,0.9951426552273881,0.0,0.09722222222222224,0.48051364575760297,0.6301429964250894,0.03470185728250244,0.2621443081610982,1.9995716278761573,1.7919658516152897,1.584366608308958,3.202153349908545,2.930096679474027,2.527572089625629,0.2621605364475621,0.08720108133288806,0.002521407880005988,1.5846989344729379,1.9991067701593663,2.6192997923027947,3.1243895359043106,0.04209647808316175,0.18780021299871197,0.46003084473890915,0.2143864597884187,0.010927820893974743,0.02519509457045013,0.008304324423072938,0.0008571727404308163,0.02521333866499789,0.008310337692025273,0.0008577934303225124,1.0326881574117677,1.007429858366082,0.9573427974042027,0.11265714034119671,0.3372086522636639,0.003031090013925745,0.013423543902546794,0.003033284865492665,0.013433264064677545,0.9807539402874851,1.0225514935617614
openml_44621_car_seed_3_nrows_2000_ncl,real_openml_multiclass,real_openml,18.6154,4,6,346,1382,0.0,0.0,,0.0,0.0,False,1382,1.0825055912446406,0.7746541433056934,0.8636358279118682,0.6690190723991715,18.615384615384617,1.79193894075254,0.2270908284705796,0.5069562793245246,0.2284483751404341,0.2248814901324503,1.205103129912393,0.0095032726783674,0.0077403549873999,0.0095101541212916,0.0077459598787738,1.0007241129616236,0.029642159120893,10.517585338143691,0.9574221421522348,0.0562258264785585,0.1111111111111111,0.1956312984628779,0.5436546427116093,0.1592191462560657,0.21024352386595,0.2394393887716822,2.8824622416292804,0.2999341128073906,0.3167325559662849,0.9929117598396584,0.1145798290356528,0.1034064629456004,0.2698986975397974,0.3983489984926278,0.0993752043554683,0.1685962373371924,0.3745304341789997,6.0,4.0,1382.0,0.7955011554733668,0.2577093495212963,0.2684373361945327,,0.447178002894356,0.7520470187790951,0.6143270622286541,0.4022590196878345,0.6143270622286541,52.0,0.03762662807525326,0.5884615384615385,0.5459042566032297,8.651972620213662,1.0825055912415076,3.0,0.9144784853389144,0.7004354113615644,0.7279402056021881,0.6396538715457889,0.68378917916313,-0.027504794240623687,0.9967088416637916,0.9803752838426926,0.8522929612572158,0.5000000000000001,0.02777777777777779,0.0,0.719626168224299,0.5894519767925022,0.2754901960784314,0.6431372549019608,0.16689675077670404,0.0,0.9461303484242202,0.9951426552273881,0.0,0.09722222222222224,0.48051364575760297,0.6301429964250894,0.03470185728250244,0.2621443081610982,1.9995716278761573,1.7919658516152897,1.584366608308958,3.202153349908545,2.930096679474027,2.527572089625629,0.2621605364475621,0.08720108133288806,0.002521407880005988,1.5846989344729379,1.9991067701593663,2.6192997923027947,3.1243895359043106,0.04209647808316175,0.18780021299871197,0.46003084473890915,0.2143864597884187,0.010927820893974743,0.02519509457045013,0.008304324423072938,0.0008571727404308163,0.02521333866499789,0.008310337692025273,0.0008577934303225124,1.0326881574117677,1.007429858366082,0.9573427974042027,0.11265714034119671,0.3372086522636639,0.003031090013925745,0.013423543902546794,0.003033284865492665,0.013433264064677545,0.9807539402874851,1.0225514935617614
openml_44622_car_seed_4_nrows_2000_ncl,real_openml_multiclass,real_openml,18.6154,4,6,346,1382,0.0,0.0,,0.0,0.0,False,1382,1.0825055912446406,0.7746541433056934,0.8636358279118682,0.6690190723991715,18.615384615384617,1.79193894075254,0.2270908284705796,0.5069562793245246,0.2284483751404341,0.2248814901324503,1.205103129912393,0.0095032726783674,0.0077403549873999,0.0095101541212916,0.0077459598787738,1.0007241129616236,0.029642159120893,10.517585338143691,0.9574221421522348,0.0562258264785585,0.1111111111111111,0.1956312984628779,0.5436546427116093,0.1592191462560657,0.21024352386595,0.2394393887716822,2.8824622416292804,0.2999341128073906,0.3167325559662849,0.9929117598396584,0.1145798290356528,0.1034064629456004,0.2698986975397974,0.3983489984926278,0.0993752043554683,0.1685962373371924,0.3745304341789997,6.0,4.0,1382.0,0.7955011554733668,0.2577093495212963,0.2684373361945327,,0.447178002894356,0.7520470187790951,0.6143270622286541,0.4022590196878345,0.6143270622286541,52.0,0.03762662807525326,0.5884615384615385,0.5459042566032297,8.651972620213662,1.0825055912415076,3.0,0.9144784853389144,0.7004354113615644,0.7279402056021881,0.6396538715457889,0.68378917916313,-0.027504794240623687,0.9967088416637916,0.9803752838426926,0.8522929612572158,0.5000000000000001,0.02777777777777779,0.0,0.719626168224299,0.5894519767925022,0.2754901960784314,0.6431372549019608,0.16689675077670404,0.0,0.9461303484242202,0.9951426552273881,0.0,0.09722222222222224,0.48051364575760297,0.6301429964250894,0.03470185728250244,0.2621443081610982,1.9995716278761573,1.7919658516152897,1.584366608308958,3.202153349908545,2.930096679474027,2.527572089625629,0.2621605364475621,0.08720108133288806,0.002521407880005988,1.5846989344729379,1.9991067701593663,2.6192997923027947,3.1243895359043106,0.04209647808316175,0.18780021299871197,0.46003084473890915,0.2143864597884187,0.010927820893974743,0.02519509457045013,0.008304324423072938,0.0008571727404308163,0.02521333866499789,0.008310337692025273,0.0008577934303225124,1.0326881574117677,1.007429858366082,0.9573427974042027,0.11265714034119671,0.3372086522636639,0.003031090013925745,0.013423543902546794,0.003033284865492665,0.013433264064677545,0.9807539402874851,1.0225514935617614
openml_44623_mfeat-factors_seed_0_nrow,real_openml_multiclass,real_openml,1.0,10,100,400,1600,0.0,0.0,,0.0,0.0,False,1600,0.0,0.7107816348430194,11.33191990186826,8.054520553760069,1.0,3.4178205607294005,0.0814067133212426,0.0,0.8904826375397025,0.0753354691246625,3.321928094887362,0.2571026929007951,0.1986131314938498,0.2572634825774059,0.1987373423328078,1.0006253908692926,3.250739171452288,5.221568912453018,0.5056839923973291,0.1378468999269914,2.0071497126794852e-14,8.044198522756294e-14,0.2666666666666666,0.2263414870278977,0.0,0.0,6.103555176112003,0.187949210215346,60.1110332778986,0.97998046875,0.6361934795047584,0.18267756827474,0.09125,0.3696019863048081,0.0754528576578795,0.046875,0.2114371666054453,100.0,10.0,1600.0,0.0,7.182037413102852,18.73714210450427,,0.513125,8.786453735571785e-08,0.12375,1.4929241911730504,0.12375,160.0,0.1,0.97875,6.449367067295361e-08,1.0,0.0,0.0,,0.18600000000000003,0.9499999999999998,0.9173333333333334,0.9733333333333333,-0.7639999999999998,0.8039852231698636,0.49671754541274593,0.17036829171483933,4.558689325461425e-13,4.905387138650472e-19,0.0,0.65625,0.234375,0.0,0.0,0.0,0.0,0.425883495031958,0.5773378024859446,3.1505954847758416e-28,4.836342483870745e-16,0.05625,0.478125,0.0,0.0,3.459373587794011,3.45838243746221,3.072700396802923,6.524182358533868,6.106217379122767,5.50069921892264,1.2804906450021187,0.6257186089780582,0.2567298938845797,3.420637624720631,3.4591331599220396,6.003946322665868,6.237714879755162,0.5033378875080319,0.7491658107904722,0.9743377768787438,0.9093291876633056,0.7349649958662593,1.0,0.21687869819213582,6.237124689980657e-05,1.0006253908692906,0.2170143321497293,6.24102533081241e-05,24.227763091229704,0.0571950492815696,-2.007872175048005e-17,0.8504267658405337,0.935897280044728,0.09581970553278712,0.37510362316719287,0.09587963030172574,0.3753382095481606,0.011941840061884108,0.30544368799253124
openml_44624_mfeat-factors_seed_1_nrow,real_openml_multiclass,real_openml,1.0,10,100,400,1600,0.0,0.0,,0.0,0.0,False,1600,0.0,0.6492357231744443,10.003988654029644,6.494946808427871,1.0,3.408066455110951,0.1089926412829433,0.0,0.8869466295935914,0.0748313335161746,3.321928094887362,0.253561547065102,0.1944682391412188,0.2537201221414404,0.1945898578023453,1.0006253908692928,3.197365534327803,5.305730512006349,0.5113502730390556,0.1351923017900342,7.857781676483216e-14,4.209232398106809e-13,0.2980555555555556,0.2021549047344809,0.0,0.0,6.103892623530287,0.1801467182366551,55.11361324573295,0.981192578125,0.6261019264680262,0.173946954162356,0.095,0.3730014627445023,0.0752618031080119,0.045,0.2073689373377987,100.0,10.0,1600.0,0.0,7.124866741533355,16.956160391414976,,0.5525,1.3789191607876828e-07,0.111875,1.4778200336847986,0.111875,160.0,0.1,0.98125,6.131126768906228e-08,1.0,0.0,0.0,,0.18600000000000003,0.948,0.906,0.9726666666666667,-0.7619999999999999,0.8469487114350945,0.4973788128821537,0.24658022319143605,2.811804011377342e-12,4.0426391765062014e-18,0.0,0.70625,0.321875,0.0,0.0,0.0,0.0,0.42525128757823694,0.5764925587113505,2.9313112936583582e-24,4.320719815285506e-16,0.11875,0.46875,0.0,0.0,3.459373587794011,3.4494688764596924,2.757621981219495,6.451900150044772,6.096341484120879,5.61151810902018,1.0009577723306,0.638601386234499,0.16960517680550868,3.4204334165572687,3.4589668299490466,5.985970044341373,6.243446137136299,0.5046217225991936,0.7556901030417005,0.9717555282374937,0.9087501827230875,0.733561917801813,1.0,0.2103279006033446,0.00020826938288103788,1.0006253908692906,0.21045943775193932,0.00020839963265144497,22.97997828813265,0.06268085308087532,6.774703841028028e-17,0.8497271786955274,0.9386622186365253,0.10138833990188151,0.3619378998634067,0.10145174724390886,0.36216425252123285,0.012700481859260145,0.3555852405808646
openml_44625_mfeat-factors_seed_2_nrow,real_openml_multiclass,real_openml,1.0,10,100,400,1600,0.0,0.0,,0.0,0.0,False,1600,0.0,0.6054419572162448,9.831558823540686,5.952438216611114,1.0,3.4064780115404445,0.0995888802607249,0.0,0.8907249542368036,0.075919068571676,3.321928094887362,0.2454405086449544,0.1924545469015415,0.2455940048980156,0.1925749062179277,1.0006253908692933,3.1208014645024496,5.3283372752377405,0.5120871991968314,0.1380346142884256,5.996948267565083e-15,3.0635606772291966e-14,0.2582638888888888,0.1795140659495444,0.0,0.0,6.104960569238319,0.1788785293386235,58.92944471127963,0.978065625,0.6234455371894874,0.177982414753362,0.085625,0.3691432206181467,0.0746610520883268,0.04375,0.2046023003617526,100.0,10.0,1600.0,0.0,7.186628136683732,17.430962626065543,,0.5075,9.076209227174441e-08,0.116875,1.475810863202917,0.116875,160.0,0.1,0.98125,6.421153192998901e-08,1.0,0.0,0.0,,0.18133333333333335,0.944,0.9193333333333333,0.9739999999999999,-0.7626666666666666,0.8306902322535282,0.5099514955975198,0.2492697529603893,1.9879026662575968e-13,5.780871827124757e-19,0.0,0.6375,0.25625,0.0,0.0,0.0,0.0,0.41149463001950426,0.5788961889885338,2.5142970490035214e-25,5.0582488620753555e-17,0.090625,0.38125,0.0,0.0,3.4593236665296914,3.458106134863267,3.0547446199877863,6.524182358533868,6.113449512299834,5.61151810902018,1.0144403665318107,0.612141883860617,0.23658860688671535,3.4204334165572687,3.4590764890563106,5.999922305439407,6.254533899885621,0.49672434371558993,0.7539312933601281,0.9724934314219109,0.9045367522721559,0.728080929436672,0.999997191554669,0.20294723725802333,6.237124689980657e-05,1.0006225806675821,0.20307415860715222,6.24102533081241e-05,23.06974228756974,0.07041333321003412,2.3155716521676265e-06,0.8581974872201181,0.9407959142110972,0.09173044785219736,0.3512769354467532,0.09178781523672035,0.3514966208347748,0.0157545307309353,0.3394615971477446
openml_44626_mfeat-factors_seed_3_nrow,real_openml_multiclass,real_openml,1.0,10,100,400,1600,0.0,0.0,,0.0,0.0,False,1600,0.0,0.7248343971860939,10.8074777891558,7.833631648404843,1.0,3.3930657599861203,0.1246370937539687,0.0,0.8844343138920457,0.0814530043977979,3.321928094887362,0.2521687597898993,0.1966908233018306,0.2523264638297931,0.1968138319467975,1.0006253908692937,3.1999453652153664,5.361941594827776,0.5141185469715595,0.1473771372465969,7.629545150173614e-14,4.948312604972734e-13,0.2480555555555555,0.2111560199027288,0.0,0.0,6.095455570813888,0.1740653534040584,55.84696341842551,0.97939765625,0.6195382840595938,0.189058959792886,0.105,0.3704341430764516,0.0767440727926676,0.045,0.2073689373377987,100.0,10.0,1600.0,0.0,7.093093235710665,17.94962116041554,,0.53,1.4493470489483338e-07,0.145,1.445896627665234,0.145,160.0,0.1,0.9862500000000001,5.814010567431457e-08,1.0,0.0,0.0,,0.19133333333333336,0.9393333333333332,0.9226666666666667,0.9733333333333333,-0.7479999999999999,0.9122103793641396,0.49601263803814954,0.17036829171483933,3.321512426216119e-12,2.481197579403883e-18,0.0,0.6375,0.1875,0.0,0.0,0.0,0.0,0.41836529999407324,0.6003022992210505,1.2846896152848183e-25,2.0984969910597457e-16,0.0625,0.415625,0.0,0.0,3.459373587794011,3.451783240148198,2.757621981219495,6.450299995761276,6.094782425041084,5.50069921892264,1.2804906450021187,0.612141883860617,0.16960517680550868,3.4090671287494736,3.4590022235724014,5.989739356312029,6.221305474277916,0.49252622796940027,0.7435447772316888,0.973256644707776,0.8977501002328159,0.7029355046063277,1.0,0.21187519979528108,1.7528680196413665e-05,1.0006253908692937,0.21200770461066232,1.7539642472959226e-05,24.706189710349896,0.0635365554938987,1.7238809361136194e-16,0.8618845517277257,0.9325412350432603,0.09738000096855581,0.3615069393043637,0.09744090153201324,0.36173302244339145,0.01570363008558834,0.3617222079989714
openml_44627_mfeat-factors_seed_4_nrow,real_openml_multiclass,real_openml,1.0,10,100,400,1600,0.0,0.0,,0.0,0.0,False,1600,0.0,0.5938509901415608,10.086398829436217,5.989817931823377,1.0,3.408511441264204,0.0842372805623202,0.0,0.8871067934114675,0.0783690113456798,3.321928094887362,0.2618410160635812,0.1955694421237446,0.262004769044234,0.1956917494671616,1.0006253908692937,3.270076809420777,5.15758202926856,0.4930767567611479,0.1272686501520114,1.5725172710499058e-14,7.60297530618843e-14,0.2656944444444444,0.193900565682113,0.0,0.0,6.08635320344064,0.1707698959640117,58.913340331169,0.98081796875,0.644086332710926,0.168713183384988,0.095625,0.3728642883151057,0.0764249647208286,0.045,0.2073689373377987,100.0,10.0,1600.0,0.0,7.131759781765379,19.345938722035445,,0.555625,1.1050288968172708e-07,0.12125,1.531707970851549,0.12125,160.0,0.1,0.9775,5.5279731983160525e-08,1.0,0.0,0.0,,0.19600000000000004,0.9506666666666667,0.9053333333333334,0.9693333333333333,-0.7546666666666666,0.8173692368932872,0.48141359609050877,0.24419295851732437,4.728401550791679e-13,2.7204337862167364e-19,0.0,0.6375,0.24375,0.0,0.0,0.0,0.0,0.41555338446994783,0.5642530025204964,6.830895346925412e-26,2.05326253525029e-16,0.08125,0.4125,0.0,0.0,3.459373587794011,3.448859398458997,3.072700396802923,6.451900150044772,6.095403613568642,5.61151810902018,1.0775558135687255,0.6509864946119608,0.215289519834597,3.407928562403427,3.459036405733728,5.978725356628748,6.221305474277916,0.521811644923283,0.7674309644863191,0.9751154505770239,0.8995669482387711,0.7214730000059459,1.0,0.2234656888068811,0.00026362328882865174,1.0006253908692906,0.22360544220826067,0.00026378815642641814,25.669054859863515,0.0625700332929689,2.972503145887947e-18,0.8625274301943855,0.9392260936209388,0.1066649826183893,0.37339597617545867,0.10673168992459214,0.37362949460959094,0.015749298960737134,0.33299192304298453
openml_44633_segment_seed_0_nrows_2000,real_openml_multiclass,real_openml,1.0035,7,16,400,1600,0.0,0.0,,0.0,0.0,False,1600,0.002165063509461,1.0735545133331126,31.923397730163806,34.27150771414539,1.0043859649122806,3.0770478785208355,1.043231012741526,9.113626878720638e-07,0.6636824370616109,0.3147584479614248,2.807351540033797,0.307013701598166,0.3473069333442046,0.3072057051638938,0.3475241359291605,1.000625390869296,1.851018869544492,3.0640677506251026,0.449150102690415,0.405696372880716,4.8557621563902125e-06,1.743361829405527e-05,0.2346664165023032,0.2996229739836376,0.052685963632641,0.1625320688001954,4.968182229995056,0.803285054501898,44.156582982313175,0.954415625,0.9162171885595763,0.5303256317887732,0.185,,,0.08875,0.2844714660724004,16.0,7.0,1600.0,0.002165063509461,3.13821066639966,25.93271352279892,14.825046570880271,0.22375,0.0003573236359618,0.31875,1.0624339112948866,0.31875,228.0,0.1425,0.8394736842105264,22.290888450279326,1.0025062656641606,0.0021650635094516246,3.0,-0.2886751345948867,0.2856180902635257,0.8428168250825614,0.7036630154552747,0.8274313016930783,-0.5571987348190357,0.9756951124776512,0.24479381704910244,0.058180897944477346,7.994495690867977e-05,1.4653060166370528e-11,0.0,0.881578947368421,0.03728070175438596,0.0,0.6271929824561403,0.0,0.0,0.08086824279479833,0.9200299108582003,0.0,6.0741206668159e-07,0.0,0.5120350109409191,0.0,0.0,3.459423167090096,3.4588070888931766,0.2365313365689275,5.943828202758077,4.978283160064447,3.0172933553965335,1.4444586002878452,1.2018991197401694,0.02654461670506958,3.45712624595696,3.4593766232638954,4.879088027301232,5.351629520879804,0.435592784100983,1.3575595019391284,0.9812596153284907,0.6882779783564628,0.2246705223994644,0.9985649593844654,0.08939564475326214,0.0002553659055546777,0.9991894527924623,0.08945155197324553,0.0002555256090603405,7.354232257956151,0.4140532308400552,2.539472760049303e-12,0.45464407091831305,0.939201314206507,0.020462337081430457,0.5940639869256035,0.02047513404020557,0.5944355091188037,0.00024955322785286864,0.9042148249771711
openml_44634_segment_seed_1_nrows_2000,real_openml_multiclass,real_openml,1.0035,7,16,400,1600,0.0,0.0,,0.0,0.0,False,1600,0.002165063509461,1.112335553292542,31.17559417440096,34.67772179520603,1.0043859649122806,3.0756494198797784,1.0466262562668036,9.113626878720638e-07,0.6726691424180427,0.3022602163126009,2.807351540033797,0.3134818420108011,0.3482029524991362,0.3136778906924839,0.3484207154462901,1.000625390869294,1.8709534358151825,3.037923255258571,0.4489856157245562,0.3996561667124134,7.96886297490337e-06,3.140485028422604e-05,0.2525846006854925,0.3020462448494143,0.0557095693281343,0.1653287300791106,4.958898767676052,0.8025182650857114,44.58511452238854,0.95361796875,0.9241021922375228,0.5304366991565426,0.176875,,,0.08125,0.2733040833050606,16.0,7.0,1600.0,0.002165063509461,3.1717088427952507,26.03963204942176,10.500540608629215,0.23,0.0003426069082692,0.29625,1.0904692731024273,0.29625,228.0,0.1425,0.8482456140350876,35.02512328120421,1.0025062656641606,0.0021650635094516246,3.0,-0.2886751345948867,0.2836140822474937,0.86756645821764,0.7163899418649883,0.8408020860999107,-0.5839523759701464,0.9667363505805401,0.2449326391244188,0.05675057212087429,0.00014473811710579584,3.849400845672872e-11,0.0,0.8925438596491229,0.0611353711790393,0.0,0.6447368421052632,0.0,0.0,0.08706990682828568,0.9076603648905697,0.0,1.908352860749856e-06,0.0,0.5098468271334792,0.0,0.0,3.459423167090096,3.459150569219408,0.24229218908241482,5.936364701586498,4.968978681772474,3.022425137743332,1.4551842760614822,1.1948054137990605,0.027218591372879963,3.4572199326606032,3.459351875919655,4.881795078203732,5.322962367456905,0.4393590420764295,1.3731532977677152,0.9813344222187091,0.6869598105489619,0.25148962695329724,0.9986246486092772,0.10198646524838562,0.0003142348266003789,0.9992491793463675,0.1020502466525435,0.00031443134619174844,7.3764852482697885,0.3661499758421348,2.666823955563945e-12,0.4771584187570333,0.9382748746961919,0.025480061603423164,0.6099552637449571,0.02549599660129901,0.61033672419758,0.0002438201560595827,0.9018580760311218
openml_44635_segment_seed_2_nrows_2000,real_openml_multiclass,real_openml,1.0035,7,16,400,1600,0.0,0.0,,0.0,0.0,False,1600,0.002165063509461,1.094723422174393,34.32943548012623,37.581237090118805,1.0043859649122806,3.075321947461966,1.047257062564512,9.113626878720638e-07,0.6652291503477653,0.3120913238833956,2.807351540033797,0.3091759520731231,0.3456190643101363,0.3093693078905547,0.3458352113172098,1.000625390869291,1.851765336205542,3.072157666855239,0.4517577356435809,0.4024157956136759,5.319111896211903e-06,1.7858688805880613e-05,0.2252525085068296,0.303917806842204,0.0592645537716516,0.1837143807892667,4.968868974686531,0.8073769416069075,44.77674766333045,0.952856640625,0.9138045128092316,0.5266890165401692,0.18375,,,0.0875,0.2826547072882745,16.0,7.0,1600.0,0.002165063509461,3.142183907050911,26.48961335056488,,0.2275,0.0003498548602493,0.320625,1.090491440936622,0.320625,228.0,0.1425,0.7210526315789474,6.081446742278682,1.0025062656641606,0.0021650635094516246,3.0,-0.2886751345948867,0.284950087591515,0.842142115556414,0.7130298079425249,0.8227230900891476,-0.557192027964899,0.971929905682635,0.2590839422819572,0.056456466128574946,8.190047181673957e-05,4.1783786681818637e-11,0.0,0.8864628820960698,0.0350109409190372,0.0,0.7183406113537117,0.0,0.0,0.0828091329841905,0.9141115508632958,0.0,1.0918209551736968e-06,0.0,0.5065502183406113,0.0,0.0,3.459423167090096,3.4588945700015077,0.2394192126777184,5.931355329342758,4.994405424489871,3.0135056684671206,1.4433101262522934,1.1825685987396737,0.02761275757630255,3.4563953556637372,3.459307115483103,4.880077522077881,5.356974789822425,0.4269686997383404,1.367290910630143,0.9816428189695527,0.6895199545576224,0.23374904378227895,0.9986437931138447,0.09676902947498436,0.00032018213649785617,0.9992683358237365,0.0968295479424485,0.00032038237548253013,7.331693183151804,0.4029372965815843,2.5429542292508386e-12,0.45367980944411507,0.9387875154993325,0.02530911552373819,0.6107915732151283,0.02532494361349628,0.6111735566880581,0.00023918428782010264,0.9182939614133494
openml_44636_segment_seed_3_nrows_2000,real_openml_multiclass,real_openml,1.0035,7,16,400,1600,0.0,0.0,,0.0,0.0,False,1600,0.002165063509461,1.1287264035177789,29.32849833272002,33.10385044366824,1.0043859649122806,3.0759097801848285,1.0468083549578595,9.113626878720638e-07,0.6722432364380793,0.3037704011706352,2.807351540033797,0.3133886037820587,0.3476416610493573,0.3135845941534044,0.3478590729699636,1.0006253908692897,1.8690440317944288,3.0497519664306463,0.4526069497148094,0.404716921335903,4.6631796222872505e-06,1.6800708090991435e-05,0.2435075889616383,0.2922798392934164,0.0532458059810357,0.1621846253619238,4.962743333531514,0.8010404295679552,41.142022768299846,0.95216328125,0.9205179866871112,0.527887720463814,0.18625,,,0.09,0.2862712341682187,16.0,7.0,1600.0,0.002165063509461,3.172848096757304,22.91861923540116,,0.2175,0.000391662825773,0.315625,1.0632692162875714,0.315625,228.0,0.1425,0.9894736842105264,5.26246327722809,1.0025062656641606,0.0021650635094516246,3.0,-0.2886751345948867,0.2856180902635257,0.8561889508602211,0.715731328788769,0.832780688552473,-0.5705708605966954,0.9784997109023967,0.24699817226942503,0.06352364464251675,7.744240652290693e-05,3.013734328949372e-11,0.0,0.8971553610503282,0.0787746170678337,0.0,0.6433260393873085,0.0,0.0,0.08481622137601649,0.9209240520641115,0.0,3.7442915944280476e-07,0.0,0.49671772428884026,0.0,0.0,3.459423167090096,3.4592215064081695,0.2307099556914764,5.93317430689221,4.978365664847765,3.0192216900267033,1.4235015420468438,1.1974381115737533,0.01883980569856991,3.4578845734865347,3.459358211771305,4.873418898632722,5.323709050858263,0.4327006767464112,1.3635480263970448,0.9788725997655187,0.6979605811814589,0.24239478829053265,0.9986687030026624,0.09098888374186745,0.0015660228235849503,0.9992932612909687,0.09104578735896682,0.0015670021999598944,7.371374054636391,0.35659933397624066,2.6077166532519998e-12,0.47370949194313616,0.9374739498047233,0.029784775762111283,0.6080403845511304,0.02980340288891668,0.60842064745579,0.00025409212558952807,0.9095104828245655
openml_44637_segment_seed_4_nrows_2000,real_openml_multiclass,real_openml,1.0035,7,16,400,1600,0.0,0.0,,0.0,0.0,False,1600,0.002165063509461,1.10397845307211,31.505190099290623,34.78105102955762,1.0043859649122806,3.078088135524584,1.0410770097101767,9.113626878720638e-07,0.669812467489188,0.3058988857122959,2.807351540033797,0.3061286545944476,0.3496182093016529,0.3063201046598598,0.349836857337489,1.0006253908692908,1.8555773285142287,3.0671829156331847,0.4484939918784878,0.4035165982313557,7.563813448318379e-06,3.224450672928468e-05,0.2516219492478629,0.2999759870758482,0.05241221214963,0.1702492448768838,4.970153037215114,0.8035341933495674,43.74007041091309,0.95324453125,0.9152866383432668,0.5318580671560631,0.163125,,,0.0825,0.2752109884799525,16.0,7.0,1600.0,0.002165063509461,3.159763091023848,24.78855707840587,,0.223125,0.0003468710743869,0.303125,1.0923483157875364,0.303125,228.0,0.1425,0.9894736842105264,5.584483287182567,1.0025062656641606,0.0021650635094516246,3.0,-0.2886751345948867,0.2856180902635257,0.8595276228494472,0.7163899418649883,0.8387766161506414,-0.5739095325859215,0.971480252605694,0.2474778078575136,0.05874148609948054,0.00014822996977808669,1.2102141666772684e-10,0.0,0.8796498905908097,0.05908096280087528,0.0,0.6761487964989059,0.0,0.0,0.08174709390552465,0.9072359792369964,0.0,1.0541172469345332e-06,0.0,0.5065502183406113,0.0,0.0,3.459423167090096,3.4588714565953644,0.22482610934573594,5.942589266132939,4.986086760837147,3.007590040122095,1.4512293471869633,1.1898336587322182,0.024587609257437748,3.4566813799660228,3.4592183430107206,4.879978940312462,5.35571430534269,0.4200324627084151,1.3747685375867302,0.9804198649523924,0.6859782306889671,0.2551313334182026,0.9986898645703866,0.08838094551220402,0.0004971010813755414,0.9993144360929442,0.08843621814854685,0.0004974119638529492,7.354748301421758,0.4101203132844866,2.6375585893704075e-12,0.4607041223266416,0.9408103519077906,0.01854673546567344,0.6050926695318294,0.018558334424688728,0.6054710889624306,0.00022300332452478407,0.9375714704986872
openml_44638_dna_seed_0_nrows_2000_ncl,real_openml_multiclass,real_openml,2.1625,3,100,400,1600,0.0,0.0,,0.0,0.0,False,1600,0.393331126406238,0.3726550073940595,2.204217351862344,0.8214126335563761,2.161458333333333,0.8054351034875523,0.0627513765846426,0.1236621992168585,0.7523582206076018,0.055019711139979,1.4802330251266864,0.0342281145451742,0.0428686594655821,0.0342495204954839,0.0428954691337907,1.0006253908692933,0.5488787848796346,70.25634727328156,0.9756433319964164,0.0554804695320071,0.3333333333333333,0.5773502691896258,0.7511392116655274,0.2436033272305982,0.6472431077694235,0.3084100943982201,2.26459909951472,0.0699505327962576,2.711217050494174,0.998309375,0.021069029099519,0.0500028133826349,0.511875,0.4366010572533851,0.1476688925086864,0.34625,0.4759227894979155,100.0,3.0,1600.0,0.3060646776288319,1.1351129528456003,1.6744917656030618,,0.911875,0.1835803865295654,0.839375,0.28877722966346675,0.839375,384.0,0.24,0.7286458333333333,8.305868932206943,1.7723085780080599,0.39333112640550055,2.0,0.7070585764817096,0.6344261857047427,0.5510420841683367,0.8245544422177687,0.8412398129592518,0.08338410153640607,0.9999402462872908,0.9923572195166785,0.615936115669839,1.0,0.0,0.0,1.0,0.7402597402597403,0.5131578947368421,1.0,0.5131578947368421,0.42857142857142855,0.9782173686147553,0.997273295968624,0.0,0.5,0.6267088174982912,0.8701298701298701,0.4708646616541353,0.756578947368421,0.9999898560267187,0.8097884613289749,0.6446739597380446,2.3593811668673492,2.2809121193247925,2.042510004953659,0.3389624872841428,0.005573716661436023,4.290538075002459e-05,0.7632931887429442,0.8401150897014005,2.2288918886920466,2.312808810113259,0.0019596488182461735,0.016567487040847984,0.791263031453606,0.7523582206076018,0.7134534097615975,0.478232521100454,0.02447059423393068,3.330669073875434e-18,0.4785316033525478,0.024485897920130686,3.332752043902909e-18,3.0391983103701685,0.9409387624466059,0.19192628427913375,0.7329058151845996,0.7718106260306039,0.012087143753933865,0.04328029676111789,0.012094702943273292,0.04330736386353254,0.5687572496816794,1.3189883978950547
openml_44639_dna_seed_1_nrows_2000_ncl,real_openml_multiclass,real_openml,2.1625,3,100,400,1600,0.0,0.0,,0.0,0.0,False,1600,0.393331126406238,0.1215410050103554,0.7803772005918673,0.0948478292471032,2.161458333333333,0.7991216798296068,0.0639102076902238,0.1236621992168585,0.7376681345609523,0.0034094728077706,1.4802330251266864,0.0347371990256812,0.0412044177487954,0.0347589233527767,0.04123018661543,1.0006253908692944,0.539237203940081,79.35562730028937,0.9779066030366392,0.0363722806642409,0.0,0.0,0.8458740221453739,0.0210603294110811,0.6458825885197492,0.0836284386761433,2.2607015473229306,0.0786913068930035,2.3877723884223907,0.998437109375,0.0186531576333628,0.0304366369021306,0.57,0.4400697787311562,0.1464871988164118,0.3925,0.4884596918314652,100.0,3.0,1600.0,0.3060646776288319,1.088320177998097,1.2110046663537506,,0.91,0.207777373413322,0.7925,0.2986073219873267,0.7925,384.0,0.24,0.7963541666666666,8.344833283589438,1.7723085780080599,0.39333112640550055,2.0,0.7070585764817096,0.5870554442217769,0.5670354041416165,0.7171649966599866,0.8265624582498331,0.02002004008016045,0.9999892098024304,0.9918794588288288,0.7824916990919779,0.0,0.0,0.0,0.8701298701298701,0.8352553542009885,0.8322368421052632,0.7158154859967051,0.6685855263157895,0.5532467532467532,0.9792741212654436,0.9962811852550859,0.0,0.0,0.8337460981531258,0.8526926121654292,0.6109161397812714,0.6922005061562473,0.9713150221528495,0.802748533022468,0.560856376219103,2.360926848722999,2.274470083812801,1.9353299296693804,0.16029528141865512,0.006000410767668551,7.687052050897591e-06,0.7758259004732616,0.8396652408658088,2.2472492207819874,2.3119822798824923,0.002659475034712866,0.015382354713184054,0.740078995903598,0.7376681345609523,0.7352572732183065,0.42911912391129076,0.025831363024923157,5.717648576819512e-17,0.42938749109322805,0.025847517723500253,5.721224342033326e-17,3.2272748243044838,0.9259019853448927,0.22123367444410205,0.7364627038896294,0.7388735652322751,0.011970533086461383,0.0444754109495945,0.011978019348554062,0.044503225465510984,0.5808711729688427,1.3065357461675897
openml_44640_dna_seed_2_nrows_2000_ncl,real_openml_multiclass,real_openml,2.1625,3,100,400,1600,0.0,0.0,,0.0,0.0,False,1600,0.393331126406238,0.3967702825142074,2.2079153878188875,0.8760352121923659,2.161458333333333,0.8004868721784909,0.065887111263415,0.1236621992168585,0.7807345912283802,0.0569413461312914,1.4802330251266864,0.0351733743276166,0.0419468231004675,0.0351953714347633,0.0419730562606304,1.0006253908692917,0.5477312950464921,64.54382666813292,0.9732452749581988,0.0619283984842913,0.3333333333333333,0.5773502691896258,0.9035586124401912,0.0839319373949325,0.8983638072453862,0.088020980648514,2.2577861311878125,0.0783366602943222,3.281688112438884,0.9981546875,0.0229337661173646,0.0545062265874093,0.475625,0.4305215873938161,0.150623102277934,0.31375,0.4641611692013577,100.0,3.0,1600.0,0.3060646776288319,1.2223353207803354,2.06784273130186,1.9183368739795563,0.9025,0.1472379024782227,0.809375,0.2942016150887024,0.809375,384.0,0.24,0.7635416666666667,8.600427480947813,1.7723085780080599,0.39333112640550055,2.0,0.7070585764817096,0.6250848363393454,0.5997541750167,0.8225290581162324,0.8612358049432197,0.025330661322645387,0.9999508600768534,0.9923665155315601,0.5371071233336641,1.0,0.0,0.0,1.0,0.8636363636363636,0.8470394736842105,1.0,0.8480519480519481,0.8470394736842105,0.9743748911936835,0.9968739147675112,0.0,0.5,0.8553379186602871,0.9318181818181819,0.8475457108680793,0.924025974025974,0.99994477112571,0.804775109363394,0.584238811642856,2.3517941339459716,2.2797136121024764,1.958988048755535,0.39804680411144355,0.005439813525046633,3.534664585203018e-05,0.7632931887429442,0.847672670970384,2.2230173397507134,2.3147193769071928,0.0022195293272774252,0.018829469980847557,0.8209982032077068,0.7807345912283802,0.7404709792490536,0.4673868588554363,0.026484819621135813,1.1102230246251635e-18,0.46767915832939694,0.026501382985501823,1.1109173479676363e-18,3.2588642874397706,0.9213261143390284,0.18983284578862464,0.7606027852387169,0.8008663972180434,0.012504981450498633,0.044678561712280046,0.012512801951718437,0.044706503276828145,0.580482673394213,1.3097752032379835
openml_44641_dna_seed_3_nrows_2000_ncl,real_openml_multiclass,real_openml,2.1625,3,100,400,1600,0.0,0.0,,0.0,0.0,False,1600,0.393331126406238,0.4535260261944253,0.5494623210932525,0.2491954630289881,2.161458333333333,0.8022117601153351,0.0569567094813696,0.1236621992168585,0.7097334657532495,0.0443402458463556,1.4802330251266864,0.0342284806411224,0.0424196576837839,0.0342498868203852,0.0424461865503778,1.0006253908692953,0.5453778070634238,93.06045763749871,0.98092171765201,0.0294384869900568,0.0,0.0,0.8621347226648318,0.0541624346858217,0.7742559347860439,0.0980491535636872,2.2665386414006417,0.069902892846739,2.070862571548809,0.99852265625,0.0159061438413798,0.0253295294852822,0.584375,0.4381369249556354,0.1515697235829265,0.39625,0.4892704297941163,100.0,3.0,1600.0,0.3060646776288319,1.0094092422219534,1.2183257446632294,1.8698063440196908,0.905625,0.2433368212184977,0.813125,0.2837267897848294,0.813125,384.0,0.24,0.8041666666666666,8.036960357510603,1.7723085780080599,0.39333112640550055,2.0,0.7070585764817096,0.5897408149632598,0.5837287909151637,0.6497568470273881,0.7792104208416833,0.006012024048096087,0.9998542234698817,0.9923687596073214,0.7877599394364599,0.0,0.0,0.0,0.9246753246753247,0.8311367380560132,0.8305921052631579,0.8311367380560132,0.8305921052631579,0.6610389610389611,0.9747472145589551,0.9971353428954435,0.0,0.0,0.8308644216595855,0.8779060313656689,0.7458155331510594,0.8308644216595855,0.9716771029323628,0.8072901065980329,0.5939760926692158,2.3678949545892785,2.28146698123377,1.9625006420933437,0.15659896153717234,0.005665083010944594,0.00010465708119244965,0.7647062276081578,0.8401150897014005,2.233459272143869,2.3145143955617753,0.0020670194753744653,0.01867357123535096,0.7410867542706863,0.7097334657532495,0.6783801772358128,0.44599631923431793,0.025023343880333795,1.589560737199742e-05,0.4462752412601102,0.025038993251115645,1.5905548339709814e-05,3.079954721392572,0.9314564787805126,0.2148576934295485,0.6940568214945312,0.7254101100119679,0.01199537213405526,0.04359036356892372,0.012002873930261865,0.043617624584289416,0.5700160233811006,1.357305747264229
openml_44642_dna_seed_4_nrows_2000_ncl,real_openml_multiclass,real_openml,2.1625,3,100,400,1600,0.0,0.0,,0.0,0.0,False,1600,0.393331126406238,0.3831746767094007,2.1521821554893763,0.824661701649383,2.161458333333333,0.8110411085816552,0.0646533857817251,0.1236621992168585,0.7462755962334005,0.0485310461919724,1.4802330251266864,0.0345673755638457,0.0433328101119255,0.0345889936848988,0.0433599100557104,1.0006253908692957,0.5546260424527695,71.85982044844175,0.9757497598479756,0.0575236151740768,0.0,0.0,0.6932148989554912,0.1611421161409541,0.5443527780999601,0.139037029711593,2.2706752369133136,0.0713273679920373,2.587594146657458,0.998212109375,0.0205988967950278,0.0511317128057976,0.510625,0.4371680909093227,0.1500650709385541,0.33125,0.4708099151835557,100.0,3.0,1600.0,0.3060646776288319,1.1162097935115225,1.5596672944318144,2.44525716281897,0.899375,0.1926478625255922,0.811875,0.2864886937565309,0.811875,384.0,0.24,0.7692708333333332,7.7261824310742355,1.7723085780080599,0.39333112640550055,2.0,0.7070585764817096,0.6250941883767535,0.5863861055444222,0.7451863727454909,0.8318931195724782,0.03870808283233129,0.9999435449763795,0.9941206453923355,0.6277934827813421,0.0,0.0,0.0,0.8187808896210873,0.7493506493506493,0.5115131578947368,0.6968698517298187,0.5115131578947368,0.42467532467532465,0.9832981289088455,0.9975061777867126,0.0,0.0,0.6304319036226931,0.7840657694858684,0.46809424128503074,0.6041915048122778,0.9998095107863565,0.8161936656965703,0.6003758148579871,2.3591873422933816,2.292721358973664,1.9730873321891989,0.33513956025611646,0.004273422356871226,4.072110640906956e-05,0.7680760424595696,0.8487663484759919,2.2386558313725957,2.3229833616000537,0.001804596973502104,0.012472933693177368,0.7805922280938218,0.7462755962334005,0.7119589643729792,0.46666754655492787,0.025006019512439033,3.104744997694168e-05,0.46695939617753807,0.02502165804871961,3.10668667686724e-05,3.1669520206136452,0.9283818529193242,0.19916634257954705,0.7291172803031899,0.7634339121636111,0.011879536882441092,0.043858300632026406,0.01188696623633878,0.04388572921278522,0.5699229028241335,1.3353675328979489
openml_44663_first-order-theorem-provi,real_openml_multiclass,real_openml,5.2516,6,51,400,1600,0.0,0.0,,0.0,0.0,False,1600,0.6977911578688856,0.4191187319375836,0.1748319055461878,0.0732753265547496,5.25984251968504,2.844664654597353,0.7655763936471129,0.1333012307529122,0.3242084399997341,0.111665856994904,2.2999009494867684,0.2441420580994931,0.2178289264325204,0.2442947423134385,0.2179651546541787,1.0006253908692913,2.337675098402288,23.37921377017687,0.9791763901238484,0.0156064325077297,2.215085120133888e-08,5.4899932236632544e-08,0.9356259013509668,0.0266326370477142,0.3478203011017805,0.1797468320689468,5.0461918532773,0.7441079096970268,0.6872359974700972,0.9979375,0.0983737508068206,0.0300180336929113,0.663125,,,0.4725,0.4993992638815945,51.0,6.0,1600.0,0.5659425971877398,0.5754326173089315,0.3077755494147469,,0.669375,0.534043065873567,0.846875,0.39451577419269707,0.846875,127.0,0.079375,0.36692913385826786,9.28951943386817,2.2643334474014236,0.6977911578662689,4.0,1.5338559453655618,0.4181696726786907,0.4936539746158985,0.1783567134268537,0.44422177688710757,-0.07548430193720779,0.9973021601802514,0.9827661870959674,0.9230146267916207,2.093414036703257e-07,1.9262981199249904e-11,6.384819203846575e-22,0.9716684155299056,0.9379310344827586,0.8739495798319328,0.6663168940188877,0.33737864077669905,0.0,0.9740818329970515,0.9902475252639668,1.6237031826027598e-13,1.3134097750617577e-08,0.9246053200692042,0.9573103553754786,0.23074425300846596,0.5018400368565804,3.459423167090096,3.042778049697217,0.676313559431441,5.698115751304836,5.250395081389775,2.938558997556839,0.15360827107079267,0.09892450653483209,0.013190576958913791,2.4759908735878975,3.4556930433501103,4.693198766032102,5.636284349419732,0.08308672953322382,0.10940665888284906,0.4851214200940802,0.2915982622984479,0.19280003718287916,1.0,0.18614703104000954,2.1465485439139463e-05,1.0006253908692893,0.18626344569356856,2.147890975773807e-05,15.208049648171393,0.17924841226997396,-2.7305625864351514e-16,0.2726215520623792,0.37890092836088407,0.06372325223366677,0.37129298398924027,0.06376310417377537,0.37152518723125977,0.04036986564003887,0.9083179516963271
openml_44664_first-order-theorem-provi,real_openml_multiclass,real_openml,5.2516,6,51,400,1600,0.0,0.0,,0.0,0.0,False,1600,0.6977911578688856,0.4752720988517974,0.1735082175122029,0.0824636147050589,5.25984251968504,2.8563113270299976,0.7704210226641345,0.1333012307529122,0.3206130999551057,0.090563439890926,2.2999009494867684,0.2399679163979662,0.2148295491103227,0.2401179901418048,0.2149639015487907,1.000625390869294,2.301157134343711,23.41236071782135,0.9778060755479318,0.0160991759460648,5.376409309936864e-06,1.2283915881955948e-05,0.9462887572788375,0.0211192345767319,0.4267918404807533,0.2004340237126569,5.057977802120679,0.7418040567852349,0.6371657169786366,0.998203515625,0.0982344743960867,0.0364882233002963,0.671875,,,0.483125,0.4998713874613165,51.0,6.0,1600.0,0.5659425971877398,0.5467707458936223,0.2587368780396563,,0.6775,0.5547679444624347,0.843125,0.4779122060268323,0.843125,127.0,0.079375,0.35590551181102376,7.5929583127214135,2.2643334474014236,0.6977911578662689,4.0,1.5338559453655618,0.4181696726786907,0.4869739478957915,0.16232464929859722,0.47428189712758845,-0.06880427521710081,0.9981607134590832,0.9821854125544667,0.9323773816167941,4.007589984355053e-05,5.0392603668366295e-12,2.174190799361492e-22,0.9800629590766002,0.9448275862068966,0.8973214285714286,0.7733473242392445,0.4368932038834951,0.13230769230769232,0.9729739413785036,0.9890810273043042,2.687684330218252e-13,1.865145889257216e-08,0.9342636495939158,0.9600185724536744,0.27992679637834716,0.5289739572690325,3.459423167090096,3.0485710714155516,0.6847895738233728,5.682930689777288,5.2577355819592775,2.959844710263057,0.16370143641181567,0.09525812760554508,0.009006355710204694,2.471486952322058,3.4553247328607304,4.6849046415563915,5.627885800258294,0.07459491630566895,0.12642706274126203,0.45337930113898084,0.29356803203469883,0.2360641568297184,1.0,0.18112761324358886,0.00042396820654353915,1.0006253908692853,0.1812408887990889,0.00042423335238877575,14.81468917996748,0.17049742954230276,7.854597998246268e-17,0.2505459486469089,0.36950806112522144,0.06682663556370319,0.35919270860291796,0.0668684283314106,0.35941734444319473,0.041873334908492266,0.9238225621399808
openml_44665_first-order-theorem-provi,real_openml_multiclass,real_openml,5.2516,6,51,400,1600,0.0,0.0,,0.0,0.0,False,1600,0.6977911578688856,0.4724098518712948,0.1626682842968434,0.0768461000888294,5.25984251968504,2.864143214152467,0.7522790082264543,0.1333012307529122,0.3171186473312246,0.1084801634726062,2.2999009494867684,0.2487637202814618,0.2166219000397116,0.2489192948407373,0.2167573733980853,1.000625390869293,2.3567549590977617,22.47603212122359,0.977564348522312,0.0170544578273129,2.822150854960201e-07,6.563065971903097e-07,0.944148372294011,0.0298419498325802,0.4443353733430863,0.1556774455088763,5.0617173411341625,0.7276762089989479,0.6552035431994799,0.998253125,0.1023268225050731,0.0348019076260361,0.68,,,0.51125,0.5000297051838934,51.0,6.0,1600.0,0.5659425971877398,0.5498929658941016,0.3157608274690214,,0.67125,0.5495759068765694,0.84375,0.3996748459302336,0.84375,127.0,0.079375,0.373228346456693,8.790463875067,2.2643334474014236,0.6977911578662689,4.0,1.5338559453655618,0.4181696726786907,0.4602538410153641,0.19572478289913162,0.45958583834335337,-0.04208416833667339,0.996465032115094,0.9806582546778259,0.9118366645163976,2.5299453296763064e-06,3.7193110622972884e-09,2.475617331156892e-13,0.9776286353467561,0.9495798319327731,0.8615916955017301,0.6726128016789087,0.4538834951456311,0.10726643598615918,0.9737681094383128,0.9881518342952826,1.0494661962468326e-10,2.2112707754835056e-07,0.9325372746185854,0.9652610441767069,0.3665835840137516,0.5335481846272692,3.459423167090096,3.0545151843245666,0.6724191399885977,5.687887907727993,5.271430952026502,2.9640514144150374,0.16857297562705487,0.10411340885728926,0.00826867506032869,2.5017339851309948,3.454855153535315,4.712511761825175,5.617234047583823,0.08516453530814139,0.12540272474849568,0.4898810606523514,0.31519261612858757,0.20336215310240177,0.9999999999999998,0.17976295496258443,4.170176692959038e-05,1.00062539086929,0.17987537707325502,4.1727846833861656e-05,15.573668690876097,0.21054014133759877,1.4955561187362175e-16,0.2521669907415603,0.32499041603122214,0.077359962855637,0.38415590428906743,0.07740834307005548,0.3843961518839971,0.04299203614934845,0.8967314185331863
openml_44666_first-order-theorem-provi,real_openml_multiclass,real_openml,5.2516,6,51,400,1600,0.0,0.0,,0.0,0.0,False,1600,0.6977911578688856,0.5038214972517969,0.1597212994302697,0.080471024221961,5.25984251968504,2.838153684959549,0.7637479384092953,0.1333012307529122,0.3203976562305376,0.0977663421691083,2.2999009494867684,0.248055752149036,0.2132827901288194,0.2482108839515056,0.2134161752383432,1.000625390869294,2.337325092168132,23.166111493581717,0.9786894319453944,0.0147171238610068,2.273503631891237e-06,6.63654744906485e-06,0.952004356824529,0.0119587052639039,0.4085073808620009,0.1662708943472826,5.0387759553238425,0.7347566541323929,0.6503551711383554,0.99795,0.0992786791224745,0.0362442132583639,0.666875,,,0.498125,0.5001528065438436,51.0,6.0,1600.0,0.5659425971877398,0.5515063212346177,0.2952130169162554,,0.68125,0.5501815317194808,0.829375,0.3589865496753336,0.829375,127.0,0.079375,0.37480314960629935,8.442763461316332,2.2643334474014236,0.6977911578662689,4.0,1.5338559453655618,0.41015364061456244,0.4649298597194389,0.23380093520374082,0.4509018036072144,-0.054776219104876456,0.9966794418951704,0.981782487963501,0.9231845857917216,2.5521231575545627e-05,2.5816537978148737e-08,8.357527119426399e-16,0.9723076923076923,0.9518072289156626,0.9326113116726835,0.7093389296956978,0.43526785714285715,0.1,0.9759527163993547,0.9878469353766519,7.653810195240216e-11,4.086092460138679e-07,0.947187390132427,0.9587049667715986,0.3119159101767797,0.4857114779874214,3.459423167090096,3.035975834542236,0.6826712633361288,5.6875784633240425,5.247002257278444,2.975602623709096,0.1661579203204555,0.1026773964431138,0.006969589113801522,2.499463563753463,3.457708949594045,4.70798837366117,5.622312653394216,0.08173224096954534,0.12294844759946733,0.47741619958354753,0.2808213979241637,0.22085703847924149,1.0,0.18980343492922497,0.0002669628017518188,1.000625390869287,0.18992213626439022,0.0002671297578504765,15.22201356535949,0.18307171745642728,1.834794918113408e-17,0.2802750562069576,0.3426185889587781,0.08424553210035648,0.37006865218772633,0.08429821848691119,0.370300089743815,0.04226552557494011,0.915717837922924
openml_44667_first-order-theorem-provi,real_openml_multiclass,real_openml,5.2516,6,51,400,1600,0.0,0.0,,0.0,0.0,False,1600,0.6977911578688856,0.4043579359176448,0.1672244738263867,0.0676185430713519,5.25984251968504,2.8396187194633016,0.7704694074960148,0.1333012307529122,0.3212616856262675,0.1079023628013119,2.2999009494867684,0.2448690157718968,0.2181140392840597,0.2450221546185333,0.2182504458126927,1.0006253908692917,2.342908331675577,23.659865882611232,0.9770286194485394,0.0164153842652801,2.645027382338873e-06,9.98992447776766e-06,0.9470975426779566,0.0150676028669017,0.3840569247923964,0.1745103195715257,5.04231282251663,0.7447398144887618,0.6762101589152657,0.997981640625,0.0972068464334396,0.0367176404592382,0.66875,,,0.495,0.5001313148389647,51.0,6.0,1600.0,0.5659425971877398,0.5626170328495775,0.3382912366959442,,0.666875,0.540726208636256,0.84,0.46333714883292987,0.84,127.0,0.079375,0.3496062992125985,11.33959841061845,2.2643334474014236,0.6977911578662689,4.0,1.5338559453655618,0.4114896459585838,0.48096192384769537,0.16833667334669342,0.4609218436873747,-0.06947227788911159,0.9979417331876318,0.9809747386796951,0.9246912381473943,3.8753698336349894e-05,8.687295615170117e-09,5.519451996133742e-18,0.9723270440251572,0.9440993788819876,0.9238754325259516,0.683105981112277,0.44966442953020136,0.03793103448275862,0.9725610626943428,0.9883601847389978,1.3890655634795077e-11,1.2958143254680406e-07,0.9346285671308234,0.9593838441012371,0.22721452460582894,0.4954873646209386,3.459423167090096,3.0566295122510008,0.673304433466334,5.685478906363303,5.28769375228021,2.9612671965612227,0.1638906110627918,0.09607595327775353,0.010283136786809699,2.4809441095728113,3.4560545674560763,4.691018668832806,5.624135139701503,0.07522350253041266,0.11984445375741748,0.5027708116342723,0.2893238420996134,0.22363013624466682,1.0,0.18455571841141508,2.8089727238998122e-05,1.0006253908693035,0.18467113787258513,2.810729429793401e-05,15.218171741387021,0.18222194602855937,3.735560149177381e-16,0.26592088491341076,0.3246627532393744,0.06395283281546105,0.37220413521787665,0.06399282833316883,0.372436908285558,0.03741102554106342,0.9271909269779417
openml_44668_GesturePhaseSegmentationP,real_openml_multiclass,real_openml,2.9604,5,32,400,1600,0.0,0.0,,0.0,0.0,False,1600,0.41088699784734,0.5843649561609949,0.3846944354573571,0.2248019469114172,2.950617283950617,3.459422005102792,3.6705732629469513e-06,0.050297204577709,0.2901787573491833,0.1627729579946579,2.1935789632068894,0.1161396479921537,0.1699397087731849,0.116212280667571,0.1700459875153821,1.0006253908692937,1.1643042130445964,13.64872974822711,0.9667301530346476,0.0481756933428486,4.857963860552222e-07,1.1833222518071238e-06,0.8928091481071283,0.0520258013817568,0.5029266063655785,0.1665980091579729,5.492284256669038,0.0708312880587907,0.5091125303954797,0.998559765625,0.1607167116406435,0.0708321749732097,0.694375,0.4870108720402765,0.0825944539779336,0.49125,0.5000797309788059,32.0,5.0,1600.0,0.3482636565640809,0.4162999524298567,0.3086491241229221,1.5713287197077843,0.900625,0.6318946967435554,0.8975,0.24622820169213502,0.8975,162.0,0.10125,0.41481481481481486,6.345465196056587,1.9835339037790019,0.41088699784605603,2.0,-0.0942645269617465,0.44458917835671335,0.44793987975951904,0.3497368069472278,0.43524515698062793,-0.003350701402805689,0.999738102863409,0.9946198618139954,0.8264118892911699,3.7114698839798973e-06,4.6883876724574375e-11,9.112281955256555e-20,0.9767726161369193,0.8957251539669122,0.803125,0.7750611246943765,0.5277646246423991,0.16568047337278108,0.9447814669080365,0.9962863481388403,1.419375805479693e-12,3.21428205563218e-08,0.87459152613533,0.9224895099921769,0.40979299854844187,0.5889274093585374,3.459423167090096,3.459423167090096,3.459410772558852,5.593824502639186,5.507500398684473,5.308280401445105,0.3447217288518809,0.14550173161251223,0.05917762765779955,3.459423167090096,3.459423167090096,5.465608256386941,5.541564391099631,0.11142844329892165,0.18739387391004514,0.4856472289267656,0.27776402981684645,0.11953974083627456,0.9466311195997683,0.054235460125842155,0.0004060480861373388,0.9472231340585543,0.05426937848739679,0.0004063020249029032,4.859991847446525,0.460145034229971,0.033303670046702954,0.18047437393207433,0.3874684132339553,0.023650290521802314,0.1322803819538924,0.02366508119755076,0.13236310889695305,0.12384061110406888,1.6122615407588978
openml_44669_GesturePhaseSegmentationP,real_openml_multiclass,real_openml,2.9604,5,32,400,1600,0.0,0.0,,0.0,0.0,False,1600,0.41088699784734,0.5410840904216742,0.4433068187160011,0.2398662667826734,2.950617283950617,3.4594221981018185,3.192093573431944e-06,0.050297204577709,0.3027684224662359,0.1622028755800884,2.1935789632068894,0.1056419573437593,0.1664762456126527,0.1057080248592963,0.1665803583366131,1.0006253908692933,1.11523639405278,13.702865021974862,0.9618087014723103,0.0541822233056422,2.3003099039194318e-07,4.69348789538432e-07,0.8691109315584631,0.0793588783640524,0.4737432886620215,0.1563879468971934,5.492919385731913,0.0714204177075182,0.5486996827318984,0.99856640625,0.1600817755767946,0.0714213058082587,0.68,0.4858638021007344,0.0780226678532784,0.47875,0.4997044154440292,32.0,5.0,1600.0,0.3482636565640809,0.4456041891101214,0.3148163791492257,1.5046163712926663,0.895,0.610779069574834,0.895625,0.23583215641608385,0.895625,162.0,0.10125,0.38518518518518513,8.579420289660774,1.9835339037790019,0.41088699784605603,2.0,-0.0942645269617465,0.4492705410821644,0.4385905143620574,0.41587975951903805,0.42323446893787575,0.010680026720106983,0.999891593717634,0.9941291598451256,0.8103421644282484,1.1604786414390217e-06,4.151676916583113e-09,1.9344539968899852e-14,0.960880195599022,0.9039453097219259,0.7453125,0.7004889975550123,0.49616848019344284,0.20118343195266272,0.9420121672825522,0.9976252976636144,4.977985142199631e-10,3.367493796219172e-08,0.8121655390273226,0.9297346491699061,0.36547092878486054,0.574279797827939,3.459423167090096,3.459423167090096,3.459410772558852,5.5999644265801605,5.508469163646381,5.31189595687874,0.3411061734182459,0.14453296665060478,0.053025309185581015,3.459423167090096,3.459423167090096,5.466450672086564,5.5450729417554125,0.10792918854157274,0.18655145821042107,0.4893235377711607,0.28872835701592087,0.1442934380619412,0.9432694428679246,0.04480670232479923,0.0003857685578482364,0.9438593549647779,0.04483472402731632,0.0003860098139819749,4.56788569047345,0.4983541562514169,0.03173422447141789,0.18025737463976813,0.41123940484238863,0.019543557447320323,0.10046837551272941,0.01955577980970137,0.10053120751742772,0.15391009133503958,1.4860190709384113
openml_44670_GesturePhaseSegmentationP,real_openml_multiclass,real_openml,2.9604,5,32,400,1600,0.0,0.0,,0.0,0.0,False,1600,0.41088699784734,0.5651303822701044,0.40175859358744,0.2270459875743694,2.950617283950617,3.459422972760021,1.0992969109832054e-06,0.050297204577709,0.2959773975177498,0.1540913985206036,2.1935789632068894,0.109185579138619,0.1682245324518619,0.1092538628028708,0.1683297385384484,1.0006253908692937,1.1343957771076243,14.783796761777642,0.9632734115216872,0.0500726523570296,2.238454771320759e-07,3.607728215972976e-07,0.8798671206287769,0.058794137462879,0.4950393581869037,0.1806066085707272,5.504624695765786,0.0684616683150722,0.5108902230532726,0.99855703125,0.1483772402011246,0.0684618897882457,0.670625,0.4876884252113498,0.0778845697412904,0.47625,0.4995917658026261,32.0,5.0,1600.0,0.3482636565640809,0.4216429566596268,0.2925762496049245,1.5424625422025553,0.898125,0.6294378526438655,0.903125,0.28582642584510765,0.903125,162.0,0.10125,0.42469135802469143,7.725133694234585,1.9835339037790019,0.41088699784605603,2.0,-0.0942645269617465,0.4339078156312625,0.4392598530394121,0.37447160988643957,0.4299171676686706,-0.005352037408149601,0.9997600055702297,0.9890025586418292,0.8173981262957019,8.366269002869171e-07,1.7235186782873661e-09,4.7874409876254345e-17,0.9570957095709571,0.8920685953340122,0.7935483870967742,0.7078239608801956,0.5463338311642131,0.07692307692307693,0.9428117481342959,0.9980704627391541,7.026721585147052e-11,5.039388296354113e-07,0.8330082038709069,0.9111994168266837,0.4496530008996273,0.6056368710850677,3.459423167090096,3.459423167090096,3.4594169485276938,5.59453573192745,5.512809231773085,5.326787866303454,0.32621426399353126,0.14019289852390093,0.05846639836953571,3.459423167090096,3.459423167090096,5.484527762338807,5.553892237946053,0.09910989235093237,0.16847436795817794,0.47576385931978404,0.2872464181255013,0.13365289450021273,0.9452215484174765,0.04923387748224994,0.0004956000079011637,0.9458126813433168,0.04926466789968724,0.0004959099516209271,4.640006678720176,0.5254915219970178,0.03472304894934764,0.1897748806457315,0.39344893499751965,0.023445427660736196,0.10987379134853557,0.023460090217121896,0.10994250541441966,0.13350629793931126,1.5323176729220565
openml_44671_GesturePhaseSegmentationP,real_openml_multiclass,real_openml,2.9604,5,32,400,1600,0.0,0.0,,0.0,0.0,False,1600,0.41088699784734,0.5844122515226139,0.3529840607519994,0.2062882096956711,2.950617283950617,3.4594227797609944,2.191064273068752e-06,0.050297204577709,0.2810158021211394,0.1601861906486405,2.1935789632068894,0.1095622997898966,0.1760648715339173,0.109630819051804,0.1761749808969779,1.0006253908692933,1.1729479378099588,14.441192190574032,0.9678872897878076,0.0451636882706977,1.1171339117302434e-06,2.43807187932178e-06,0.9095451812453116,0.0444618395038328,0.5047418274048079,0.1727562574068405,5.501104383369093,0.0660873139305002,0.4727470523326456,0.998611328125,0.1518973595987919,0.0660874303209845,0.7075,0.4891643955656379,0.0792845205383745,0.50625,0.5001172470411238,32.0,5.0,1600.0,0.3482636565640809,0.3928583711907175,0.2677078720346338,1.5189274023350838,0.889375,0.6505023107597403,0.89625,0.23878330705720396,0.89625,162.0,0.10125,0.3950617283950617,8.044803907737874,1.9835339037790019,0.41088699784605603,2.0,-0.0942645269617465,0.42590380761523045,0.45928790915163664,0.3518610554442218,0.42255978623914486,-0.0333841015364062,0.9993487261511927,0.9954262698145104,0.8390063539254414,7.199019708012906e-06,4.091810278926086e-08,4.673055647707908e-14,0.9743276283618582,0.9110961391997188,0.851409978308026,0.784841075794621,0.5697299959587796,0.13313609467455623,0.9514339791896539,0.9976772494114331,4.1635616699482125e-09,5.734198051401511e-08,0.8715863586470445,0.9471108316069843,0.4198336693548387,0.5740885390754045,3.459423167090096,3.459423167090096,3.459410772558852,5.58779718050744,5.5104793338799,5.321064469017912,0.3319376612790732,0.1425165991514632,0.06520494978954527,3.459423167090096,3.459423167090096,5.479747587312165,5.546982978574218,0.10601915172276732,0.17325454298482068,0.4595375213205919,0.26440289058373073,0.13571990599650452,0.9467128933047013,0.0398906449055804,1.4075412131375736e-06,0.947304958904016,0.039915592150674556,1.4084214765604255e-06,4.990666975175499,0.5053802655682234,0.030409415378940156,0.1510275976570264,0.39439109504784375,0.016505803817015996,0.10901310404013301,0.016516126396013533,0.10908127984003299,0.12283694906151496,1.5690390066822952
openml_44672_GesturePhaseSegmentationP,real_openml_multiclass,real_openml,2.9604,5,32,400,1600,0.0,0.0,,0.0,0.0,False,1600,0.41088699784734,0.5334366871808219,0.4050090703581578,0.2160466967700401,2.950617283950617,3.4594221981018185,3.192093573431944e-06,0.050297204577709,0.2963774804829821,0.1671238806541731,2.1935789632068894,0.0959630712091994,0.1636011063288844,0.096023085637723,0.1637034209669888,1.0006253908692933,1.072793932163907,13.556848780756663,0.9627606376489344,0.0521653804124108,5.603535765906464e-06,1.376061847145566e-05,0.8978441106090033,0.0465048527175913,0.4995440921768295,0.1224462777687451,5.491195198973229,0.0679627049626667,0.5352567636212056,0.998534765625,0.1618059623354784,0.0679636728571801,0.68375,0.4886046400753084,0.0809571105421375,0.48625,0.4999671659012841,32.0,5.0,1600.0,0.3482636565640809,0.4351496182044925,0.3133242051208386,1.487023957004368,0.89375,0.618037173921107,0.9025,0.229485041924362,0.9025,162.0,0.10125,0.41111111111111115,7.25890672133673,1.9835339037790019,0.41088699784605603,2.0,-0.0942645269617465,0.43323981295925185,0.453937207748831,0.39324916499666,0.44791983967935867,-0.02069739478957916,0.9996741908431884,0.9900622416692508,0.8113696438533187,4.415469642790008e-05,3.286602042007489e-08,2.2093129646080723e-12,0.9657701711491442,0.901439480303277,0.7984375,0.7102689486552567,0.5122225510506067,0.28994082840236685,0.9421386295854526,0.9981067624119005,4.233949155529135e-09,3.8953156071132925e-06,0.8794644004626655,0.9219491575700047,0.43813119614564994,0.5550415941811101,3.459423167090096,3.459423167090096,3.459410772558852,5.582853375469362,5.496767279226862,5.311292050059298,0.34171008023768756,0.1562348510701228,0.07013636029637915,3.459423167090096,3.459423167090096,5.469529055299529,5.543107210856858,0.10989491944012753,0.18347307499745624,0.4884397485582427,0.2890475080346824,0.11897515730432087,0.9416700323504558,0.040232923398731746,7.955848296591775e-06,0.9422589441905752,0.04025808470167028,7.960823811473938e-06,4.230963311476307,0.5395308517481976,0.036673915055462546,0.18087931435057997,0.4045456741670845,0.017951549472988288,0.08083472982297858,0.017962776208118356,0.08088528312493158,0.16796676156991977,1.542359866665509
openml_44688_wine-quality-white_seed_0,real_openml_multiclass,real_openml,449.0,7,11,400,1600,0.0,0.0,,0.0,0.0,False,1600,1.127552313087956,1.482175575355367,1.654236269302941,2.4518685942278027,359.0,3.447575121720581,0.0108534748949052,0.2389726625874304,0.2007653763288786,0.1972718946777741,1.8624317407097253,0.1763754376084371,0.1848798298963043,0.1764857411966851,0.1849954520538379,1.000625390869294,0.8439379194784993,20.39003814618297,0.940836368322114,0.0697814960045609,0.0071781688267975,0.0158283490907777,0.5826031600493043,0.3817382195537576,0.3015198659712217,0.3532221481283913,5.218666585018497,0.0587185738033495,0.5974240384633701,0.998619921875,0.0913402774118092,0.0592160829466189,0.72375,0.4306128057593845,0.2034003385452307,0.455625,0.4981826729320843,11.0,7.0,1600.0,1.6856273932888186,0.4364214201436517,0.4798116541017155,,0.848125,0.6024438066649813,0.905625,0.6943598927338397,0.905625,2.0,0.00125,0.2,1.088345296033279,53.54599776486451,1.1275523130830232,4.0,0.8308095565898655,0.4719626168224299,0.47997329773030706,0.44793057409879844,0.5260347129506009,-0.008010680907877155,0.9966191778593388,0.9612839765736866,0.7576166334682339,0.05610359478707227,0.001202649285229326,0.0,0.9748743718592965,0.6431535269709544,0.0,0.931323283082077,0.043568464730290454,0.0,0.9328302795926987,0.984988653811486,1.8679902367529105e-11,0.005852836438162945,0.06779661016949153,0.9002590673575129,0.0,0.6686046511627907,3.4586756667996696,3.4515307720530317,3.422704298307001,5.280697568108027,5.233426836292867,5.079700771972033,0.23426174079072393,0.07550055636492825,0.035514995877624855,3.442518059987216,3.4552079850429074,5.19040402344759,5.261005309168587,0.04785523350384091,0.10441317240836101,0.5694192887427234,0.14727752937224348,0.03419130049727723,0.8407540811797486,0.11272069327652366,0.00195690593335243,0.8412798811054392,0.11279118776887917,0.0019581297644552208,3.1715147454468413,0.9626791935570133,0.028771573247026602,0.07145306932949302,0.23200565284821695,0.05719478368533659,0.25340209917398193,0.05723055278082469,0.25356057453306524,0.5174205330500067,1.110443173412216
openml_44689_wine-quality-white_seed_1,real_openml_multiclass,real_openml,449.0,7,11,400,1600,0.0,0.0,,0.0,0.0,False,1600,1.127552313087956,1.6030859733884728,2.4461278824082178,3.9213532974030616,359.0,3.4473644178115985,0.010839412582496,0.2389726625874304,0.216475587299395,0.2003649901427412,1.8624317407097253,0.1744726556052302,0.1923592617925782,0.1745817692109869,0.1924795615185272,1.000625390869293,0.8575483991325263,19.11119941687857,0.9271724650632795,0.0809702692951404,0.0138879804788578,0.0269738701921317,0.5420780839985392,0.3931279052765193,0.2805802739529668,0.3643000739126119,5.212343785172905,0.0642820430529822,0.6756889536565018,0.99857578125,0.0974523733484183,0.0660746772009395,0.70125,0.434355674234028,0.2036529660558264,0.465,0.4989294355051708,11.0,7.0,1600.0,1.6856273932888186,0.481900725754212,0.5340067413841357,,0.83625,0.5680625270887215,0.903125,0.7692888687013256,0.903125,2.0,0.00125,0.30000000000000004,1.423618455491515,53.54599776486451,1.1275523130830232,4.0,0.8308095565898655,0.4746328437917223,0.48598130841121495,0.4532710280373832,0.5253671562082778,-0.011348464619492626,0.998060084728714,0.9519935626421525,0.7325713529197428,0.11313164397839508,0.000606371089858069,0.0,0.9916247906197655,0.6161825726141079,0.0,0.964824120603015,0.002074688796680498,0.0,0.9209531728115826,0.974298029037147,7.674038193517201e-14,0.01788533368886208,0.05084745762711865,0.9037735849056604,0.0,0.655483870967742,3.4588331578236575,3.4505625845207115,3.427127108672114,5.277728273079966,5.236133520882757,5.059198351134165,0.25471465144177863,0.07071951986859482,0.03703564323505404,3.443680548456303,3.4548539189404286,5.201324139549932,5.250917877021991,0.06097117805258723,0.10242612112758698,0.5900104934788467,0.15229949669901116,0.04791615274845342,0.8318607758107572,0.1064120591252916,0.0007667918684499955,0.8323810139444724,0.10647860825545116,0.0007672714130831722,3.2074799825781373,0.912120543020946,0.016276445815967336,0.08968053628909767,0.25371512518869377,0.04854095532045577,0.23958419692956262,0.04857131239069991,0.2397340306987492,0.5031274963934095,1.1464243996153134
openml_44690_wine-quality-white_seed_2,real_openml_multiclass,real_openml,449.0,7,11,400,1600,0.0,0.0,,0.0,0.0,False,1600,1.127552313087956,1.1938150387825126,2.2882191221489925,2.7317104000511865,359.0,3.4421423683075094,0.0165760676872922,0.2389726625874304,0.2216991500088837,0.188752404529782,1.8624317407097253,0.17901353739117,0.1933412104888555,0.1791254908229342,0.1934621243165531,1.0006253908692926,0.8701513468212995,21.531935150448938,0.9367895545982884,0.0600496689519324,0.0101360898589112,0.0160192164146392,0.4780565611357698,0.4344566189490852,0.3081307729530321,0.3789750021329751,5.2180778546073805,0.0512788243890391,0.6162029728326516,0.998578125,0.0864962544098547,0.0480488286793491,0.71,0.4274188610699603,0.2065566763103119,0.448125,0.4974571832386404,11.0,7.0,1600.0,1.6856273932888186,0.4730404297668418,0.4306698271016168,,0.841875,0.5846613514214205,0.913125,0.9073201186866494,0.913125,2.0,0.00125,0.30000000000000004,1.0362471941670333,53.54599776486451,1.1275523130830232,4.0,0.8308095565898655,0.45193591455273696,0.4893190921228304,0.4412550066755674,0.5200267022696929,-0.03738317757009346,0.9973231195031901,0.950978140359077,0.7929456913236506,0.056023632347122154,0.0005858641957924546,0.0,0.990787269681742,0.2572614107883817,0.0,0.9564489112227805,0.0,0.0,0.9120437758811168,0.97762893489643,2.06017529011118e-14,0.012065010974142011,0.05802047781569966,0.9188679245283019,0.0,0.6967741935483871,3.459162081516989,3.449377660272711,3.409265424715384,5.277712438118944,5.2352778256954595,5.088194456547121,0.2058677334242418,0.07938571069562705,0.0373156244641093,3.431442379175139,3.4549378222140827,5.1962886206944034,5.247234374746106,0.055707482455738866,0.09247433295639151,0.5486590081017707,0.17273653849752546,0.05951099111003144,0.838214703183684,0.10366054522322443,0.00839852657654944,0.8387389150055623,0.10372537358171321,0.008403778938385925,3.257529604077524,0.9122171063586653,0.014618044266065111,0.0790582109886298,0.2897239261449702,0.05180736415688891,0.24470208703853902,0.051839764009394745,0.24485512148946947,0.49265301493855596,1.1175983206989337
openml_44691_wine-quality-white_seed_3,real_openml_multiclass,real_openml,449.0,7,11,400,1600,0.0,0.0,,0.0,0.0,False,1600,1.127552313087956,1.699064133266844,2.3058156666831437,3.917728697186105,359.0,3.4413784839474904,0.0149134340849949,0.2389726625874304,0.2117080976948981,0.1980886220063533,1.8624317407097253,0.1773329747574163,0.1879927647725379,0.177443877180654,0.1881103337311197,1.000625390869292,0.8535297298439065,19.40629750471677,0.9366132583647766,0.068685029523162,0.0136668320583106,0.0243999387276965,0.5489292167990708,0.3856263856030128,0.3020935635542385,0.3741951394016848,5.207839741866408,0.052036232769354,0.6287500247736423,0.99860703125,0.0959704827908082,0.0557118809185083,0.720625,0.4389645955597316,0.2035107700076017,0.484375,0.4999120466732179,11.0,7.0,1600.0,1.6856273932888186,0.465117422619435,0.4789959562921159,,0.855,0.5846322579803142,0.901875,0.7489881703983952,0.901875,2.0,0.00125,0.2,1.47932103082373,53.54599776486451,1.1275523130830232,4.0,0.8308095565898655,0.4205607476635514,0.4766355140186916,0.4672897196261682,0.5226969292389854,-0.05607476635514019,0.9948962437525383,0.9510915905687282,0.761039787486171,0.09805724408510018,0.0005278411148226654,0.0,0.9899497487437185,0.58298755186722,0.0,0.9522613065326633,0.0,0.0,0.927496652520313,0.9811674698638982,3.0480660939173915e-10,0.018091864228908624,0.0847457627118644,0.9248704663212435,0.0,0.727391874180865,3.459237815864465,3.4439327227025514,3.4109076467665607,5.253103543920569,5.225652232607773,5.07498568183972,0.23562613188947878,0.0792074486565797,0.047687154868512494,3.436315490332376,3.451773063897939,5.194472867347924,5.239238961149486,0.062362110612745436,0.09841092354283987,0.569091934065669,0.1721166034350139,0.028077572652718114,0.8340490201560447,0.0885518691055095,0.002574448988028258,0.8345706267977939,0.08860724863590701,0.0025760590249188295,3.1881390169584334,0.8764855179575998,0.01675631414530683,0.07480974225729384,0.25788296389594384,0.058195029600806206,0.24184946652344227,0.05823142424095668,0.2420007169715493,0.5135619811322396,1.1254555465390195
openml_44692_wine-quality-white_seed_4,real_openml_multiclass,real_openml,449.0,7,11,400,1600,0.0,0.0,,0.0,0.0,False,1600,1.127552313087956,1.504720048000804,1.736470805756398,2.612902434189762,359.0,3.4474553977770985,0.0099654924966836,0.2389726625874304,0.1892235590527357,0.1982592751442425,1.8624317407097253,0.1816049041856708,0.1905736849062539,0.1817184782345674,0.1906928679487219,1.000625390869293,0.8694632674386251,20.44385943567111,0.9436495884315032,0.0632614588950462,0.0159565413732194,0.0342722336838183,0.5578280991070685,0.3764553803071379,0.3092356870222328,0.3774352967857591,5.218787326997213,0.0461684336892718,0.5589096796857018,0.998549609375,0.0910998114896101,0.0487921767482522,0.705625,0.420639649646967,0.2131792982014126,0.4475,0.497391570077077,11.0,7.0,1600.0,1.6856273932888186,0.411367032707107,0.4554154022382422,,0.830625,0.6211301600848269,0.90125,0.6968656225804453,0.90125,2.0,0.00125,0.2,1.683356799211761,53.54599776486451,1.1275523130830232,4.0,0.8308095565898655,0.4492656875834446,0.48664886515353806,0.4325767690253671,0.5180240320427236,-0.03738317757009346,0.9956705804585386,0.9687741986986532,0.7860416163058014,0.1481863822629702,0.003096928438132016,0.0,0.990787269681742,0.5850622406639004,0.0,0.949748743718593,0.014522821576763486,0.0,0.9328148112963266,0.9844947019650929,2.8660222141573144e-10,0.014660863524231264,0.06228373702422145,0.9075471698113208,0.0,0.6683870967741935,3.459088614115018,3.4477882602812744,3.4249424587146162,5.270841348050489,5.229553449881973,5.109003894231131,0.2072222995309696,0.08484992652045964,0.0374296563938632,3.44470246462796,3.453990747172944,5.206250248553992,5.242617508231593,0.06234111666787445,0.09628451989452991,0.5593844299184589,0.11942385577632106,0.02854223885801411,0.8284569603777693,0.1060999329721607,0.005818639642091095,0.828975069796393,0.10616628690147384,0.005822278566194974,3.2533563987916723,0.8989945352557269,0.014271777515491496,0.06375183269172716,0.2273853256869075,0.06118589461162818,0.25926929876035076,0.06122415971144784,0.2594314434124837,0.49286982222061126,1.1251722740254082
openml_44698_Fashion-MNIST_seed_0_nrow,real_openml_multiclass,real_openml,1.0,10,100,400,1600,0.0,0.0,,0.0,0.0,False,1600,0.0,0.8026792156215178,5.633069732845506,4.521547994701743,1.0,2.168931212737192,1.1133921231018171,0.0,0.7167533760323026,0.1897356267463458,3.321928094887362,0.2099261488047817,0.1847858600964369,0.2100574347014699,0.1849014234861156,1.0006253908692913,2.798316556530414,9.054819524101624,0.6835603805655904,0.1570995298138157,,,0.5452777777777778,0.3012474230002103,0.0,0.0,5.123990803393713,1.0224564903310578,21.449160399034724,0.992188671875,0.3668685042308393,0.1912986380259352,0.3975,0.4422882368105699,0.0826202445459903,0.26125,0.4394532249973828,100.0,10.0,1600.0,0.0,4.91161548293796,9.312495376243923,,0.7575,0.0001605904099512,0.68875,1.1215013692762168,0.68875,160.0,0.1,0.7175,3.001619456435521e-07,1.0,0.0,0.0,,0.20000000000000004,0.618,0.5313333333333333,0.7566666666666667,-0.4179999999999999,0.9943714821763603,0.6682578261628499,0.3413021146460623,,,,0.946875,0.63125,0.0,0.0,0.0,0.0,0.5897038988468637,0.7683162438887904,0.0,0.0,0.4,0.740625,0.0,0.0,3.459173185136938,2.496533674298286,0.00755381268406785,6.627071384906937,5.255234036196609,3.327405832508189,0.7482757979254124,0.3909444634869903,0.002076075063240701,1.3067341152195864,3.1341094950030373,4.302940315550743,5.9427453485350465,0.23279869982444013,0.4851633148191954,0.9502790429934465,0.7617382253723849,0.3464648335211011,0.8956103046565955,0.15997147646385798,3.560099730299388e-05,0.8961704111635741,0.16007152116458584,3.562326184164463e-05,22.55347443928931,0.28958684426168646,0.054361185856014266,0.6297912719787903,0.8418528875556768,0.053942374419646395,0.3283446463695743,0.05397610948807593,0.3285499901133928,0.14571114968930432,0.6974827815466523
openml_44699_Fashion-MNIST_seed_1_nrow,real_openml_multiclass,real_openml,1.0,10,100,400,1600,0.0,0.0,,0.0,0.0,False,1600,0.0,0.824683360309516,6.064082159141471,5.000947652193773,1.0,2.291667075980348,1.0469807906838893,0.0,0.7225502741353252,0.1792384793170955,3.321928094887362,0.2242505316301592,0.1833818701072438,0.224390775865075,0.1834965554544029,1.0006253908692937,2.898541080226306,8.39772773465357,0.6612398324334514,0.1581828553421835,,,0.5152083333333334,0.297765262041107,0.0,0.0,5.218020534507534,0.9693234780784746,21.657591308243436,0.991665625,0.3955746363601773,0.1850972999436191,0.4,0.4433609442791935,0.0874078237909984,0.27125,0.4447438146426708,100.0,10.0,1600.0,0.0,4.955721547620542,9.512329871166736,,0.758125,0.0001516827806083,0.6725,1.215944446030275,0.6725,160.0,0.1,0.655,1.5881418247011166e-07,1.0,0.0,0.0,,0.19866666666666669,0.6246666666666667,0.5773333333333333,0.742,-0.42600000000000005,0.9941602526974497,0.6405680938289935,0.34842006576366585,,,,0.9625,0.603125,0.0,0.0,0.0,0.0,0.5551161139438234,0.7656231769352078,0.0,0.0,0.3125,0.746875,0.0,0.0,3.4592311000117113,2.5555943064946867,0.06372123785493036,6.620604677253345,5.326087214053525,3.3715619136987067,0.7811932861830364,0.39250076761654995,0.01279331981334142,1.718222316068934,3.2215797559194974,4.543644505976901,6.098195908567474,0.27699791494979364,0.5242982509591196,0.951248447650002,0.7722806364018208,0.3850587388591919,0.9124435963046115,0.1858240466416718,4.925689229345467e-05,0.9130142301984814,0.1859402593037361,4.9287697104144514e-05,24.2924293702539,0.2650712268657216,0.04728134794281921,0.6361012626426493,0.8301316017147603,0.06918636598948004,0.33682164938819653,0.0692296345110492,0.33703229457230494,0.12411837264751566,0.6189356971805592
openml_44700_Fashion-MNIST_seed_2_nrow,real_openml_multiclass,real_openml,1.0,10,100,400,1600,0.0,0.0,,0.0,0.0,False,1600,0.0,0.7569168424265384,6.00816440439415,4.547680829753544,1.0,2.0156752361651997,1.0859570186362706,0.0,0.7157716280074112,0.1899422920521596,3.321928094887362,,,0.2098846133487401,0.1751012035466023,0.9906191369606,2.7350669734897117,8.631887453869409,,,,,0.5090972222222223,0.3108927576179086,0.0,0.0,4.952759562799044,0.9670867166227476,21.855753601831623,0.99102109375,0.3848437682535173,0.1870718392302019,0.37,0.4398343342983806,0.0838483238285019,0.2425,0.4287290874130145,100.0,10.0,1600.0,0.0,4.8995858056236425,10.014005769619995,,0.765625,0.00015968726819,0.67625,1.1069797837524928,0.67625,160.0,0.1,0.6075,1.2197380445711735e-06,1.0,0.0,0.0,,0.19933333333333336,0.6053333333333333,0.5486666666666666,0.7479999999999999,-0.4059999999999999,,,,,,,0.96875,0.5875,0.0,0.0,0.0,0.0,0.5685446114777448,0.750599102743996,,,0.23125,0.721875,0.0,0.0,3.4583067340551064,2.248327182084106,0.0,6.608001604419584,5.034030817137711,3.3219282828106604,0.8296595551986741,0.4162715557510972,-1.8792329825600973e-07,1.0154119667005173,2.939189045713385,4.035452371185816,5.720315629556197,0.23955465781657292,0.5038315778650071,0.9535232100276162,0.7731689791705448,0.36744798887624935,,,,0.956596188013563,0.17139322816850472,0.0,21.058265695344044,0.27158303150432145,0.0,0.5964464218665128,0.8304027583800581,0.07277816077096086,0.31206555178095147,0.06757676357282083,0.30874344279706784,0.13539685450271016,0.6281843826140205
openml_44701_Fashion-MNIST_seed_3_nrow,real_openml_multiclass,real_openml,1.0,10,100,400,1600,0.0,0.0,,0.0,0.0,False,1600,0.0,0.811452103137589,5.720081145409934,4.64157187556056,1.0,2.1923531755939094,1.1830195137244386,0.0,0.6855086773866268,0.2013590879643455,3.321928094887362,0.2169784119603171,0.195600625936354,0.2171141082779911,0.1957229527818429,1.0006253908692937,2.922982575646061,9.02025729350038,0.6863838039826746,0.1747451127845074,,,0.5724999999999999,0.2992396852099424,0.0,0.0,5.146007064236511,1.0792255585459665,18.086351942888346,0.995083203125,0.3682742062447602,0.2096535255527438,0.428125,0.4554559421285553,0.0743562992339634,0.286875,0.4524441130373328,100.0,10.0,1600.0,0.0,4.553663179397925,8.49170372104561,,0.8225,0.0003992455007766,0.655625,1.0273807066496319,0.655625,160.0,0.1,0.6987500000000001,5.602804012563738e-08,1.0,0.0,0.0,,0.19933333333333336,0.6586666666666666,0.46399999999999997,0.7206666666666667,-0.45933333333333326,0.9945456365092074,0.6711887214894536,0.3447082876049653,,,,0.9625,0.66875,0.0,0.0,0.0,0.0,0.562566859234189,0.813767159489928,0.0,0.0,0.4,0.75625,0.0,0.0,3.459211932380683,2.607567068390494,0.013857061462907848,6.628492307683715,5.402607347595439,3.3328807246632426,0.7937454386844376,0.41052286924200443,0.0029044316870274756,1.3374141639182389,3.214083347358041,4.219558834571103,6.047288762875326,0.19158231011762938,0.5147792381603966,0.9458566679093818,0.7501590823922866,0.35317717561502526,0.9268405330212187,0.16360635604864016,3.45029580946065e-06,0.9274201706278595,0.16370867396987088,3.452453592956255e-06,25.152466644835982,0.30107933639715984,0.02435295532473842,0.6020463427328168,0.8203483975010276,0.048265406387968286,0.3447485834303526,0.04829559113242578,0.3449641860466345,0.1457058038013337,0.6925251075445233
openml_44702_Fashion-MNIST_seed_4_nrow,real_openml_multiclass,real_openml,1.0,10,100,400,1600,0.0,0.0,,0.0,0.0,False,1600,0.0,0.8306890115345605,7.048885954459973,5.855432105930202,1.0,2.0309938057210006,1.10106345965583,0.0,0.7185385593589989,0.2042211949653792,3.321928094887362,0.2083453495556891,0.1781980126007533,0.2084756468349612,0.1783094560107603,1.000625390869293,2.7431721481317157,8.579057936504627,0.6666594451033988,0.1782929156818501,,,0.5621527777777778,0.2640462964217457,0.0,0.0,4.965708278847834,0.9925802003596192,23.75934402097695,0.9922046875,0.3872136217605284,0.2085221998349849,0.385,0.4461460911032406,0.0814321932160251,0.259375,0.4384287247851102,100.0,10.0,1600.0,0.0,4.980329323356049,10.848875233929808,,0.74625,0.0001124408856304,0.6175,1.2200837197142154,0.6175,160.0,0.1,0.7925,6.367543532406668e-08,1.0,0.0,0.0,,0.19600000000000004,0.6726666666666666,0.5933333333333333,0.7479999999999999,-0.47666666666666657,0.9898635965461143,0.6729368348116322,0.33510697659343025,,,,0.95625,0.603125,0.0,0.0,0.0,0.0,0.5363542285433684,0.8049144771959426,0.0,0.0,0.503125,0.71875,0.0,0.0,3.4589200097070147,2.2636687458580846,0.013857061462907848,6.613354296556568,4.9916882458266025,3.3316252173981633,0.8168586217712015,0.38128750135430733,0.0041599389521067565,1.0034462711999677,3.0025692572881764,4.058031401087639,5.74252768615217,0.21160678548939127,0.5564973625966574,0.9568718846924774,0.7823163747859889,0.35278320608899943,0.9146287755217016,0.161468389793336,3.316798804595629e-05,0.9152007760066915,0.16156937064999277,3.3188731002832506e-05,21.26399905859844,0.2822093675138027,0.0459868179242609,0.671850415962689,0.8335026568742873,0.06413439751633743,0.3062259668187147,0.0641745065829514,0.306417477742305,0.1375210115530438,0.6472265552689015
openml_44703_connect-4_seed_0_nrows_20,real_openml_multiclass,real_openml,6.8953,3,42,400,1600,0.0,0.0,,0.0,0.0,False,1600,0.7132567253450891,0.2077595400838925,0.0552128015731132,0.0114709862615732,6.882352941176471,0.6671707988768659,0.5585778931570877,0.3637277864946703,0.2381464060837014,0.0715678173535191,1.2189225441260574,0.0843668410107857,0.1004660239287889,0.0844196032628251,0.1005288544628283,1.000625390869293,0.8504594415365856,170.38842428059044,0.9967355443153464,0.0040946763209667,,,0.9916238467046754,0.0066528802565817,0.9849481123614624,0.0095524707859684,1.8789395557120756,0.5510513797841942,0.1274157443075428,0.99876015625,0.0071537872908477,0.0104691832332368,0.5525,0.4711643381057427,0.1221610738914886,0.394375,0.4888688268146625,42.0,3.0,1600.0,0.4965808237005973,0.1185493739419131,0.0909622545674046,,0.6675,0.884383144710854,0.820625,0.1228213501934919,0.820625,153.0,0.095625,0.30718954248366015,2.4889909750618133,4.04336839078553,0.7132567253437517,2.0,0.500276919983215,0.6584395457581831,0.5390247160988645,0.10940280561122244,0.638432865731463,0.1194148296593186,0.9999180760975911,0.9983021219137038,0.9815746815891888,,,,0.9986178299930891,0.9908789386401327,0.9853747714808044,0.9958534899792675,0.9809286898839138,0.9780621572212066,0.9958993461267085,0.9993836688588317,0.0,0.0,0.9881268550604685,0.994748384316611,0.9794954235525601,0.9883910899315906,1.5807714042242327,0.5602120761526383,0.00755381268406785,2.7799466368171517,1.778045045358952,1.2260996216876565,0.03828480786922617,0.002053713000774393,2.5730729947159858e-05,0.1718213662432001,1.1678583390717574,1.3894550172038593,2.3736902680104985,0.0006027017289350622,0.009299406441439895,0.2887524950490951,0.2381464060837014,0.18754031711830774,0.5925656431205667,0.056796864097324574,0.0008392598701986803,0.5929362282632352,0.05683238433753501,0.000839784735658461,3.287894212214538,0.6670996443318591,-3.521069555938662e-16,0.2128433616010046,0.2634494505663983,0.0245710571668878,0.09775305142246936,0.024586423681688667,0.09781418528827426,0.4553076638893423,1.1633285004995417
openml_44704_connect-4_seed_1_nrows_20,real_openml_multiclass,real_openml,6.8953,3,42,400,1600,0.0,0.0,,0.0,0.0,False,1600,0.7132567253450891,0.2546668786813727,0.0361945294912861,0.0092175478508867,6.882352941176471,0.6636218364934042,0.5598928358016851,0.3637277864946703,0.2340228503163239,0.0501750851111457,1.2189225441260574,0.0851297368772931,0.1013973299043065,0.0851829762374416,0.1014607428685995,1.0006253908692933,0.8582631034936685,156.66249770619808,0.9967150667430024,0.0039012047610029,,,0.9906982190488532,0.0021655513015251,0.9792143692367492,0.0052381204273452,1.874763816911024,0.5521849842308594,0.1193570717207448,0.99878046875,0.0077805637084377,0.0113643962865751,0.5625,0.4731534999693474,0.1241945834010919,0.40125,0.4903046875965745,42.0,3.0,1600.0,0.4965808237005973,0.1120509281062638,0.0783197947818933,,0.67625,0.8908121699194727,0.81,0.13106264924646754,0.81,153.0,0.095625,0.3032679738562091,2.8060310719359443,4.04336839078553,0.7132567253437517,2.0,0.500276919983215,0.6584395457581831,0.5717100868403473,0.20541082164328658,0.648432865731463,0.08672945891783579,0.9999334485472546,0.9980736455050603,0.9799391427305392,,,,0.9926873857404022,0.9910158949550795,0.988391376451078,0.9847961299239807,0.978441127694859,0.9744058500914077,0.995736683433238,0.9993273298895475,0.0,0.0,0.9897036357030787,0.9918516403477409,0.9764234888931334,0.9816186288094199,1.5799286285817622,0.49037517777776074,0.013857061462907848,2.790573919046985,1.708411567179954,1.2285364398571572,0.05074891610253429,0.002989581855142198,2.247811195044136e-05,0.17103040132259442,1.1899957923328661,1.389665419854426,2.384753605588812,0.0007846030672031823,0.008895834729670038,0.26950199324502727,0.23402285031632394,0.19854370738762062,0.5787024651063621,0.05775364833917319,0.00015356467292694886,0.5790643803440918,0.05778976694351308,0.00015366071087124215,3.318840789220866,0.6249966947649604,4.4345537001953235e-16,0.2162832788519723,0.2517624217806756,0.024494801325382166,0.09738071659189719,0.024510120150476055,0.09744161760290065,0.45115592113806025,1.1968834036930172
openml_44705_connect-4_seed_2_nrows_20,real_openml_multiclass,real_openml,6.8953,3,42,400,1600,0.0,0.0,,0.0,0.0,False,1600,0.7132567253450891,0.5055667429994374,0.0454960676647104,0.0230012987485296,6.882352941176471,0.664630389000004,0.5545010376567785,0.3637277864946703,0.2391211240181623,0.0611963129742157,1.2189225441260574,,,0.0844075078539531,0.1037447418536577,0.9529765627326584,0.8928996933569558,174.32742882991818,,,,,0.9922186824616516,0.0052669934554998,0.987902775694706,0.0048742775472632,1.8765607887899265,0.5480944122994342,0.1265432570558559,0.9988203125,0.0069921443361348,0.0094233030287126,0.575625,0.4733516042848905,0.1218167593861441,0.406875,0.4914047807425009,42.0,3.0,1600.0,0.4965808237005973,0.1181028126250569,0.0866565828827864,,0.6725,0.884955987201681,0.80875,0.12009288714249139,0.80875,153.0,0.095625,0.29281045751633994,2.5125884153124085,4.04336839078553,0.7132567253437517,2.0,0.500276919983215,0.6584395457581831,0.5610434201736806,0.14607348029392117,0.6470901803607214,0.0973961255845025,,,,,,,0.9972356599861782,0.9926873857404022,0.9867330016583747,0.9930891499654457,0.9872029250457038,0.9834162520729685,0.9951684258702753,0.9992339123429288,,,0.9897101936993884,0.9949615228632902,0.9853095885593361,0.9901460375055748,1.5804716019695912,0.555350590209117,0.0,2.780052250212125,1.7709969009517135,1.218922560963597,0.03809048169108031,0.0029030860522767377,-1.6837539584813044e-08,0.1888748702177029,1.1823178914277763,1.4053328543648231,2.3719950178210074,0.0008366204551252254,0.009838919989439643,0.2823934519058446,0.23912112401816235,0.19584879613048012,,,,0.6756136086365058,0.05895671457922539,0.0,3.3150410377688595,0.5912811029009921,-4.512556171391815e-16,0.21748496007432122,0.2607572879620035,0.03383998203291797,0.10058081203461636,0.02680916705077453,0.09526842662935514,0.4248218710857205,1.1073977270550954
openml_44706_connect-4_seed_3_nrows_20,real_openml_multiclass,real_openml,6.8953,3,42,400,1600,0.0,0.0,,0.0,0.0,False,1600,0.7132567253450891,0.3365078882568897,0.0423337412188127,0.0142456378595563,6.882352941176471,0.6700859761392649,0.5537935189935277,0.3637277864946703,0.2066385223394518,0.0633570300745939,1.2189225441260574,,,0.0852205834855327,0.1024028190957161,0.9768009768009784,0.8768015532257052,178.1859526149533,,,,,0.99412196768683,0.0062360936370686,0.9856326285433746,0.0149986963760465,1.8821677871646607,0.54695176074921,0.0943842192277646,0.998757421875,0.0068407331006617,0.0105660407283728,0.55625,0.4735491040597071,0.1193409239945576,0.395,0.48900353044021,42.0,3.0,1600.0,0.4965808237005973,0.0894130710891373,0.0674881188156105,,0.66875,0.9122428021422588,0.80375,0.1155813527333913,0.80375,153.0,0.095625,0.32679738562091504,2.60263805092346,4.04336839078553,0.7132567253437517,2.0,0.500276919983215,0.6584395457581831,0.5723941215764863,0.2188376753507014,0.6377661990647963,0.0860454241816968,,,,,,,0.9993089149965446,0.9958540630182421,0.9872029250457038,0.9979267449896337,0.9900497512437811,0.9689213893967094,0.9973902828025993,0.9991844394919195,,,0.991528494031973,0.9975814890073933,0.9794855703202452,0.9939882481167075,1.5800863918336028,0.5740913698867838,0.0,2.7869122770324024,1.791130652844518,1.218922560963597,0.04823677056284614,0.0013485828438088987,-1.6837539584813044e-08,0.17067767339267403,1.1689725848909531,1.388908093414733,2.3644863183388023,0.0005727170328246323,0.007948904409856072,0.2514387079410373,0.20663852233945187,0.16183833673786646,,,,0.6014046715545608,0.05970567295544594,0.0,3.378467766289957,0.6000833260651921,-3.2424044730824314e-16,0.18423842953865915,0.2290386151402446,0.03043113818182174,0.10054207785570617,0.02588974777689397,0.09830986957312696,0.42272215567728944,1.1719516661309846
openml_44707_connect-4_seed_4_nrows_20,real_openml_multiclass,real_openml,6.8953,3,42,400,1600,0.0,0.0,,0.0,0.0,False,1600,0.7132567253450891,0.1717148405351185,0.0306898924666588,0.0052699099909522,6.882352941176471,0.6590943293741274,0.5594674349802878,0.3637277864946703,0.2054389774552686,0.0464018989230078,1.2189225441260574,,,0.0831694470092498,0.1014959691722365,0.952976562732661,0.8770370285077361,197.74093548807485,,,,,0.9952339286905172,0.001075787023391,0.9869853189949888,0.0061634174392788,1.8718526337027068,0.5538090778760509,0.0908947727528871,0.998837890625,0.0061642397974776,0.0083554924607158,0.5675,0.4761681520173903,0.1163579695687273,0.415625,0.4929835239100585,42.0,3.0,1600.0,0.4965808237005973,0.0865634831393937,0.0601790473341971,,0.6775,0.9151280790383162,0.799375,0.10754433925763299,0.799375,153.0,0.095625,0.31111111111111117,2.343345485516825,4.04336839078553,0.7132567253437517,2.0,0.500276919983215,0.6584395457581831,0.570379425517702,0.21210688042752168,0.6337595190380761,0.08806012024048104,,,,,,,0.9963436928702011,0.995162404975812,0.9941956882255389,0.9910158949550795,0.9900497512437811,0.979890310786106,0.9967196483490834,0.999582750804453,,,0.9946790466006754,0.9957530489230065,0.9849700310149436,0.9905328230994304,1.580981257096981,0.5569538694870428,0.0,2.7778054390425586,1.769417091946372,1.218922560963597,0.031111389355603425,0.0022233541429098613,-1.6837539584813044e-08,0.16346307973002613,1.1989122426516041,1.3817225224169551,2.3996324997763185,0.00061590146317686,0.008795909476675079,0.23825007484366023,0.20543897745526862,0.17262788006687704,,,,0.5684140978953591,0.05821832127749762,0.0,3.3411272468433957,0.5930673164626548,-1.8809499953349227e-16,0.18903342876107285,0.22184452614946443,0.0318485770089809,0.10205294098399306,0.024853641551842116,0.09871766943957587,0.40962140035853084,1.1259688485218313
openml_44718_jungle_chess_2pcs_raw_end,real_openml_multiclass,real_openml,5.3041,3,6,400,1600,0.0,0.0,,0.0,0.0,False,1600,0.5246702833685171,0.3277960634860354,0.6419928974168774,0.2104427445592465,5.309677419354839,2.632606417698068,0.4610924968906203,0.1678041467396586,0.4133607979998858,0.1571441091960266,1.3494894294961377,0.014008823870875,0.0102521541404241,0.0140175848614134,0.0102585657440142,1.000625390869292,0.0420510388739378,17.92826791287932,0.9393922104349413,0.0813807386020867,1.0,0.0,1.0,0.0,1.0,0.0,3.906824246164265,0.4129097518655538,0.4799929681479633,0.99616796875,0.0752716010299405,0.0614331742972713,0.423125,0.408737344672186,0.1459187049951839,0.26625,0.4421347243166149,6.0,3.0,1600.0,0.4678721537095271,0.3664285697012175,0.379458105526907,,0.529375,0.6587000250725384,0.62,0.567311691985102,0.62,155.0,0.096875,0.5045161290322581,0.4707278959585626,3.5485772568544065,0.5246702833675333,1.0,-0.44348396891942937,0.6070808283233132,0.7104849699398796,0.6877875751503005,0.6510875083500335,-0.10340414161656641,0.99889685000417,0.9848035623292566,0.8341121138214821,1.0,1.0,1.0,1.0,1.0,1.0,1.0,1.0,1.0,0.8724719935614181,0.9952326681973214,1.0,1.0,1.0,1.0,1.0,1.0,3.142111057873007,2.787704093836779,1.962339396742713,4.346901208473179,4.08665183836219,3.2961528621419585,0.16020693450894896,0.05054168497072675,0.01567596409689198,2.326206652917943,2.904480291924794,3.6411002807334225,4.120666435682226,0.03459580168065768,0.12167254402896743,0.5244784632359155,0.4133607979998858,0.3022431327638561,0.03578304566909167,0.00995225014893851,0.0020529050795651247,0.03580542405912881,0.009958474195310573,0.0020541889476574163,1.0613072869664126,1.0054962745705909,0.9369647055194841,0.357801965381871,0.46891963061790065,0.006242212192447347,0.018387166637915835,0.006246116014956662,0.018398665804043236,0.9819585688849435,1.0166554210918572
openml_44719_jungle_chess_2pcs_raw_end,real_openml_multiclass,real_openml,5.3041,3,6,400,1600,0.0,0.0,,0.0,0.0,False,1600,0.5246702833685171,0.4334074604574395,0.6278290082501264,0.2721057760672001,5.309677419354839,2.6367644123366767,0.3702751211897451,0.1678041467396586,0.410568633304157,0.156591848590637,1.3494894294961377,0.0255214244179522,0.0183597965317178,0.0255373852837545,0.0183712785808308,1.000625390869293,0.0761772275176426,17.458595159686524,0.9408558236038874,0.0789300440869737,0.9166666666666666,0.0721687836487032,0.918861017020526,0.1010573197194025,0.918861017020526,0.1010573197194025,3.90895727718068,0.3285869865886164,0.4719397893204289,0.9963359375,0.0772965646521336,0.0597408340892424,0.41375,0.4100072022491882,0.1485143701847014,0.26875,0.4434482398921148,6.0,3.0,1600.0,0.4678721537095271,0.3616542123515197,0.3731535071833995,,0.534375,0.6627773842739448,0.606875,0.5456660504441612,0.606875,155.0,0.096875,0.5458064516129032,0.44989899362912156,3.5485772568544065,0.5246702833675333,1.0,-0.44348396891942937,0.581063460253841,0.7051476285905144,0.6904595858383434,0.6604408817635271,-0.12408416833667335,0.999702347248543,0.9822442174994648,0.8188321836856327,1.0,0.875,0.875,1.0,0.950920245398773,0.8056628056628057,1.0,0.950920245398773,0.8056628056628057,0.8929332837078648,0.9947728068095324,0.875,0.9375,0.8782915255307893,0.9754601226993864,0.8782915255307893,0.9754601226993864,2.9705216918490662,2.7882799526883852,2.1565744053325604,4.155021139376094,4.09080955511417,3.4687171801725536,0.16498998196910897,0.0469598270703524,0.026169852151433748,2.331507011674023,2.9003308182664163,3.6497940969020064,4.1319003556353975,0.039584946146686506,0.11791989212715559,0.5212957913211336,0.41056863330415705,0.2998414752871805,0.07505858046563148,0.023793789768221996,0.0037667684698807842,0.07510552141651673,0.02380867018708895,0.003769124172488621,1.1021245544498866,0.9978490487557985,0.8867838205090366,0.3552050542956688,0.4659322123126453,0.012948153453684242,0.031885329898979416,0.012956251110628394,0.03190527069316247,0.9651150190881058,1.0481689098487212
openml_44720_jungle_chess_2pcs_raw_end,real_openml_multiclass,real_openml,5.3041,3,6,400,1600,0.0,0.0,,0.0,0.0,False,1600,0.5246702833685171,0.286061741416111,0.6931038542300262,0.1982704955232597,5.309677419354839,2.637376419626261,0.3709717981704361,0.1678041467396586,0.4174695631482294,0.1632918655520953,1.3494894294961377,0.018046636246122,0.0107587954729955,0.0180579224476518,0.0107655239254489,1.0006253908692966,0.0510446060708981,16.922706561280037,0.936847139544132,0.0896034666330476,0.9166666666666666,0.0721687836487032,0.9291570273165364,0.0838697532131165,0.9291570273165364,0.0838697532131165,3.9071215467196234,0.3232253042270135,0.4970455962433538,0.9963265625,0.0797443024027748,0.0696548945660225,0.425625,0.4189008830494217,0.1455189812202885,0.27875,0.4485244378594082,6.0,3.0,1600.0,0.4678721537095271,0.3752259056658306,0.3966851464046169,,0.5475,0.6506785846355944,0.621875,0.5852370424224521,0.621875,155.0,0.096875,0.455483870967742,0.48955784983005296,3.5485772568544065,0.5246702833675333,1.0,-0.44348396891942937,0.6324248496993988,0.7118116232464929,0.6831209084836338,0.6644408817635271,-0.07938677354709411,0.9998441418094033,0.9859040853376966,0.7866407808936541,1.0,0.875,0.875,1.0,0.950920245398773,0.8365508365508365,1.0,0.950920245398773,0.8365508365508365,0.8952094860889552,0.9948348644946499,0.875,0.9375,0.8937355409748047,0.9754601226993864,0.8937355409748047,0.9754601226993864,2.9822453255194414,2.7930937889745504,2.165935287960555,4.137340077981427,4.094766345553359,3.48235153986752,0.19713538392715435,0.04781687291732872,0.02052148540479548,2.3243021373736967,2.889662501859926,3.6458145838228755,4.126697317475357,0.03612745065718159,0.11166238523901417,0.532934348592718,0.4174695631482294,0.3020047777037408,0.039383253985563686,0.01539481137603055,0.0034340050741298368,0.039407883913009395,0.015404439150499634,0.003436152669548337,1.0623474831926236,1.0056971407769626,0.9227229810723918,0.3597371704259851,0.47520195587047376,0.009391547037431305,0.02593078700185838,0.009397420425197103,0.025947003879282914,0.9732181225036285,1.0350961474324814
openml_44721_jungle_chess_2pcs_raw_end,real_openml_multiclass,real_openml,5.3041,3,6,400,1600,0.0,0.0,,0.0,0.0,False,1600,0.5246702833685171,0.2855003806484178,0.6937736782096161,0.1980726492126983,5.309677419354839,2.649904625561177,0.3741490208064536,0.1678041467396586,0.4197078064738776,0.1493381291870936,1.3494894294961377,0.021927512944254,0.0162666201907669,0.0219412262106356,0.0162767931865085,1.0006253908692904,0.0661221205482807,16.918867495270906,0.9384469654888826,0.0852672167825834,1.0,0.0,1.0,0.0,1.0,0.0,3.9196316578476114,0.3278967512556405,0.4905781940188204,0.99605078125,0.0797623972097033,0.065937975806518,0.415,0.4008838241662504,0.1502886024046415,0.25125,0.4338675929129906,6.0,3.0,1600.0,0.4678721537095271,0.3746111624593289,0.3811128291751407,,0.520625,0.6526150600065795,0.60875,0.5162715798749331,0.60875,155.0,0.096875,0.5316129032258065,0.4569461022239413,3.5485772568544065,0.5246702833675333,1.0,-0.44348396891942937,0.5990768203072813,0.7351476285905143,0.6917835671342685,0.6671142284569139,-0.13607080828323304,0.9999033120473056,0.9843564914473855,0.8031634265799724,1.0,1.0,1.0,1.0,1.0,1.0,1.0,1.0,1.0,0.8901382523808288,0.996216546901299,1.0,1.0,1.0,1.0,1.0,1.0,2.9804315179811405,2.7961156033848384,2.1714496330701576,4.186614672781012,4.096075243251501,3.489258243050428,0.18827872249618416,0.04952978962947485,0.02623915025243395,2.336940657549042,2.9276036908029424,3.65268478287354,4.132677747315629,0.03445956796932392,0.11405302528340289,0.5253058103117842,0.4197078064738776,0.31410980263597105,0.06317879849487293,0.01992870877802199,0.000701827592995545,0.06321830993858463,0.01994117201052863,0.0007022665095640185,1.105204365347564,0.9945136398219769,0.9263699776579616,0.36690880455492436,0.47250680839283093,0.009038413173825019,0.029927932878317798,0.00904406571489682,0.02994664953427654,0.9533042042979643,1.0313156575377218
openml_44722_jungle_chess_2pcs_raw_end,real_openml_multiclass,real_openml,5.3041,3,6,400,1600,0.0,0.0,,0.0,0.0,False,1600,0.5246702833685171,0.3000021940849455,0.6781748613599515,0.2034539463812392,5.309677419354839,2.6077682629837446,0.4412092805995273,0.1678041467396586,0.4228895476810483,0.1930045241194664,1.3494894294961377,0.0200857510304554,0.0168775333315345,0.0200983124757527,0.0168880883867761,1.000625390869292,0.0634098978918236,18.223947609808786,0.9350626793246778,0.0904297258508736,1.0,0.0,1.0,0.0,1.0,0.0,3.883207357262183,0.3999724672404539,0.54473208934739,0.996318359375,0.0740503352176997,0.0669633314298835,0.43,0.4185520856620577,0.1497852839434212,0.281875,0.4500534156331633,6.0,3.0,1600.0,0.4678721537095271,0.394921885406345,0.4553678319701189,,0.545,0.6307454216153991,0.63125,0.558691447715588,0.63125,155.0,0.096875,0.4735483870967742,0.4905675722034866,3.5485772568544065,0.5246702833675333,1.0,-0.44348396891942937,0.6290901803607215,0.6884622578490314,0.6951289245156981,0.6751088844355378,-0.05937207748830986,0.9993130320502387,0.9832096239261879,0.7854237392613946,1.0,1.0,1.0,1.0,1.0,1.0,1.0,1.0,1.0,0.8893459871186368,0.9966738674325009,1.0,1.0,1.0,1.0,1.0,1.0,2.9780555277818612,2.7934342560590024,1.9631575932441288,4.190826114453193,4.108658006663477,3.2983849208885156,0.18020961974747607,0.04217188298386576,0.014262101851750586,2.304183352413071,2.931429734185286,3.6091663174443904,4.1397005070656725,0.03264715832651377,0.11255367596984911,0.5593643554856056,0.4228895476810483,0.286414739876491,0.061888147356410586,0.01612746112427063,0.0014220211288497847,0.06192685163868452,0.01613754709120268,0.0014229104478797128,1.1031360148283453,0.996582182846798,0.9286799957906277,0.35465214377876964,0.491126951583327,0.009432808032160997,0.029214780944278013,0.009438707224176116,0.02923305160152896,0.9559060795636518,1.026463988537135
openml_44733_volkert_seed_0_nrows_2000,real_openml_multiclass,real_openml,9.3404,10,100,400,1600,0.0,0.0,,0.0,0.0,False,1600,0.6963296633061096,1.082881082082218,1.620979782140203,1.7553283405173812,9.236842105263158,2.420627522871717,1.3523359662774217,0.0589012534067938,0.4363201854720775,0.1993654319921434,2.963524405637425,,,0.1299333396508057,0.1913091023234835,0.8505315822388988,2.3401696895574724,13.846168876407797,,,,,0.7181702985060064,0.2055707355017429,0.0042198993418505,0.0283079453597534,5.170119842659972,1.2301996915762148,4.583399334902836,0.99704453125,0.2140320858491704,0.1634804802782507,0.659375,0.496423787636314,0.0597828436049235,0.536875,0.498794277941635,100.0,10.0,1600.0,0.6668865797621143,2.031350342040805,2.860956297259884,,0.9475,0.0590521631823529,0.915,0.5685535831641447,0.915,38.0,0.02375,0.29473684210526313,21.68158299283119,3.4241670721240434,0.6963296633017576,5.0,0.443800573284568,0.37433233267069616,0.34427087105938786,0.2767261430491505,0.5080254216599195,0.030061461611308293,,,,,,,0.975609756097561,0.7651888341543513,0.0525,0.18989547038327526,0.0,0.0,0.6893431365919456,0.9693966107856677,,,0.5949367088607594,0.889261744966443,0.0,0.0,3.459423167090096,3.4450301093693314,0.0,6.332954699138553,5.918619403432152,2.963524636188466,0.5976538893944161,0.18763464174757294,-2.305510409250644e-07,1.1426176819344918,3.4561728662252578,4.027178028818736,6.13330807511995,0.07706661726514707,0.33030503023172364,0.8608117153810028,0.39794089690421647,0.2346294121428406,,,,0.9984313360155839,0.05297694269939873,0.0,18.87800017806618,0.21191103213896947,-2.9431206498052834e-15,0.3033852663339296,0.4744136751865351,0.042654161475887936,0.257142197412218,0.0,0.15050216306310366,0.050931947169189314,0.6288391481837872
openml_44734_volkert_seed_1_nrows_2000,real_openml_multiclass,real_openml,9.3404,10,100,400,1600,0.0,0.0,,0.0,0.0,False,1600,0.6963296633061096,0.9031118948536736,1.3730635925852688,1.2400300628542744,9.236842105263158,2.439625946157127,1.40285297745793,0.0589012534067938,0.4136967031942406,0.2050290584639164,2.963524405637425,,,0.133771318029226,0.2059452424749364,0.8205128205128193,2.4858080080513645,13.905998009120855,,,,,0.710733463406044,0.2026033411883092,0.0024003097173828,0.0161017670853643,5.190039117081756,1.2747015950254588,4.067444124192047,0.99803515625,0.2131112347127957,0.1567375046879104,0.683125,0.5010706099289818,0.0520743660753532,0.531875,0.4991389552874313,100.0,10.0,1600.0,0.6668865797621143,1.876599978620853,2.59465417535387,,0.95875,0.0759743678197024,0.91375,0.479497473094663,0.91375,38.0,0.02375,0.33684210526315783,17.155706141424975,3.4241670721240434,0.6963296633017576,5.0,0.443800573284568,0.3743376981540054,0.3623096259453311,0.26808100806700413,0.4732664794112991,0.0120280722086743,,,,,,,0.971042471042471,0.7241379310344828,0.1975,0.10801393728222997,0.0,0.0,0.7148251682472533,0.9735391196392997,,,0.5844594594594594,0.8903846153846153,0.0,0.0,3.459423167090096,3.44622943814546,0.0,6.334915342967859,5.9737915934213675,2.963524636188466,0.49965055642892775,0.21043403780002867,-2.305510409250644e-07,1.1174396964953732,3.4564067635964593,4.01195302018873,6.113097785995098,0.06909857824782739,0.34269853637415415,0.8495935041650092,0.4160149435389656,0.1850623501956733,,,,1.0006253908692977,0.03927520265322157,0.0,19.902037545598226,0.16290309803498648,-2.2160724498618015e-15,0.2626176663412902,0.4613066067053883,0.03848084367324459,0.3150692665907511,0.0,0.15631802580332005,0.01616101382267113,0.5654196764259882
openml_44735_volkert_seed_2_nrows_2000,real_openml_multiclass,real_openml,9.3404,10,100,400,1600,0.0,0.0,,0.0,0.0,False,1600,0.6963296633061096,0.7660531920860478,1.506274009789876,1.1538860133557851,9.236842105263158,2.3972597571310907,1.4199510175725076,0.0589012534067938,0.4445203052357943,0.2038556330233521,2.963524405637425,,,0.1251416160939091,0.1998067536095211,0.8105065666041285,2.3902214986572248,12.76682682204077,,,,,0.6761923169158907,0.1946789071972406,0.0042617530422408,0.0200144391685842,5.128657225750684,1.2782669981976722,4.892325889660262,0.9972328125,0.2321269370178319,0.1676872813100997,0.660625,0.4911508868515258,0.0721849830886962,0.513125,0.4999839741021449,100.0,10.0,1600.0,0.6668865797621143,2.1108416688251266,3.068649847250481,,0.923125,0.0516019329127655,0.8775,0.6512821654158395,0.8775,38.0,0.02375,0.31052631578947365,9.754835476340528,3.4241670721240434,0.6963296633017576,5.0,0.443800573284568,0.3629534839424498,0.44919021443154045,0.2519939477348271,0.5033494029558447,-0.08623673048909064,,,,,,,0.9671814671814671,0.7269076305220884,0.18840579710144928,0.10104529616724739,0.0,0.0,0.6397862302168397,0.9752309962827113,,,0.5316455696202531,0.8217054263565892,0.0,0.0,3.459423167090096,3.437387521100317,0.0,6.269367920906225,5.928620424387292,2.963524636188466,0.5272771509915675,0.23644138840769502,-2.305510409250644e-07,0.8520097704864518,3.456438912800402,3.74288051710265,6.041810968778579,0.06745977689870875,0.3797397501615245,0.8684573797294322,0.41447955964373223,0.23489343299310983,,,,1.0006253908692946,0.0344203746139181,0.0,20.519779899261316,0.1603397414045585,-1.5234289213324748e-15,0.2748115745153118,0.5160015122879442,0.036882038353939606,0.28771900903965564,0.0,0.14072471117205834,0.0007625394961815207,0.6158384491716992
openml_44736_volkert_seed_3_nrows_2000,real_openml_multiclass,real_openml,9.3404,10,100,400,1600,0.0,0.0,,0.0,0.0,False,1600,0.6963296633061096,0.828211891579549,1.5708456916810671,1.3009930816867616,9.236842105263158,2.4868216507690493,1.372200927491824,0.0589012534067938,0.4350803294320426,0.2027828642596464,2.963524405637425,,,0.1313428911268183,0.1967449240624745,0.8305190744215122,2.395385898853659,13.508574735768631,,,,,0.7004892299403226,0.2245501754694953,0.0019357336430507,0.0129852960365841,5.230965073319452,1.2494630048614292,4.073026544443254,0.99716484375,0.2193809830870215,0.1577661034266496,0.6575,0.4907339054422048,0.0635039096310564,0.49125,0.5000797309788059,100.0,10.0,1600.0,0.6668865797621143,2.0326211578270224,2.2339466687276497,,0.93875,0.0651444244694758,0.911875,0.5550839745783125,0.911875,38.0,0.02375,0.32631578947368417,13.890404774921,3.4241670721240434,0.6963296633017576,5.0,0.443800573284568,0.37099231931064275,0.40643938479368374,0.3027983678199773,0.5013641741313953,-0.035447065483040996,,,,,,,0.9608695652173913,0.7529880478087649,0.06426735218508997,0.08710801393728224,0.0,0.0,0.6966434422097973,0.9577455557322688,,,0.5847457627118644,0.8431952662721893,0.0,0.0,3.459423167090096,3.4484068563893144,0.0,6.342578387726082,5.963837707721688,2.963524636188466,0.5779332417862664,0.21896492432651238,-2.305510409250644e-07,1.2048488901951475,3.454746622137777,4.090093778481513,6.11854370963514,0.06952675468570124,0.3362669279275208,0.831131942466767,0.3686927933877456,0.23491964977531696,,,,1.0006253908692946,0.045751154206710096,0.0,18.8006180027149,0.17918249768766753,-3.3462376224252654e-15,0.28374225629159183,0.5322738260689939,0.041497993588459646,0.27824538206383587,0.0,0.15886408979675956,0.040033775046859184,0.5876768309018935
openml_44737_volkert_seed_4_nrows_2000,real_openml_multiclass,real_openml,9.3404,10,100,400,1600,0.0,0.0,,0.0,0.0,False,1600,0.6963296633061096,0.8089678502565776,1.3869113699102444,1.1219667094126955,9.236842105263158,2.5163693462191765,1.3638127093610268,0.0589012534067938,0.4358763356530201,0.1968564735432443,2.963524405637425,,,0.1390373343500414,0.2020186951277362,0.8405253283302063,2.479797634597805,13.277698450822554,,,,,0.7277999468131037,0.187153314983598,0.0018970189701897,0.0127255901158524,5.256698111692486,1.2382827505880167,4.280394065386063,0.997778125,0.2231956401641155,0.1640222691056641,0.656875,0.4968829026419342,0.0606260360620386,0.51,0.5000562820105716,100.0,10.0,1600.0,0.6668865797621143,2.0199133892477947,2.567409809008569,,0.94875,0.0636359268109197,0.934375,0.5870195809864065,0.934375,38.0,0.02375,0.33157894736842103,11.001723986507118,3.4241670721240434,0.6963296633017576,5.0,0.443800573284568,0.37164556690355277,0.4010685360010517,0.28811840548567014,0.5053359731511214,-0.02942296909749892,,,,,,,0.9651567944250871,0.7616438356164383,0.16709511568123395,0.08536585365853659,0.0,0.0,0.6603442564978904,0.9718243218274176,,,0.6317567567567568,0.8716981132075472,0.0,0.0,3.459423167090096,3.446868221103398,0.0,6.340574656424298,5.956662027037732,2.963524636188466,0.588128390650426,0.21429751259287722,-2.305510409250644e-07,1.390141262058076,3.4553061168981216,4.271782052281637,6.1350052644458435,0.07812748572549377,0.3555441323168571,0.8483422505641058,0.4154342943530651,0.23559315196857708,,,,1.0006253908692944,0.0481083588609309,0.0,19.9058913919193,0.16745690287171044,-5.2348634532077445e-15,0.28956701621424097,0.5123806716853508,0.0413029865025979,0.2997151771584223,0.0,0.18306918350390586,0.040596868950577444,0.5687529579981834
openml_44738_robert_seed_0_nrows_2000_,real_openml_multiclass,real_openml,1.0885,10,100,400,1600,0.0,0.0,,0.0,0.0,False,1600,0.0269548233160597,0.6200027017940859,0.4034602784787842,0.2501464627234405,1.091503267973856,3.4589895422182497,0.0007186454276344,8.978304541962245e-05,0.3837692113609969,0.1388514378921203,3.321405449538839,0.0857307910984698,0.1170889741214019,0.0857844063524401,0.1171622004967123,1.0006253908692933,1.4520045616647406,29.095309669214917,0.9479783999593332,0.0390567957430091,0.0016226607696737,0.0014499828579706,0.9369734652842074,0.0220923349618696,0.0,0.0,6.666238947800176,0.0619009422601968,2.0579317838211844,0.99910625,0.1141560439569111,0.0616176137815042,0.8575,0.5161347905220547,0.0275090524875049,0.74375,0.4366979828269512,100.0,10.0,1600.0,0.0231983778535484,1.4797470427354489,0.81502693066332,1.453011245366758,0.999375,0.1782378725566847,0.98875,0.30442147392795915,0.98875,153.0,0.095625,0.29411764705882354,7.498823214631596,1.033499560118175,0.02695482331589132,6.0,0.3365846824065737,0.14829659318637275,0.21108884435537742,0.2985971943887776,0.29124916499666,-0.06279225116900466,0.9939709788279192,0.9661101845541761,0.8565848755199078,0.005502360321078386,0.0011927409744976985,0.00013011562249182294,0.9661538461538461,0.9411764705882353,0.8695652173913043,0.0,0.0,0.0,0.9153655378970488,0.9775080214625186,0.0005112218316729081,0.0023908804774394527,0.9242902208201893,0.9516129032258065,0.0,0.0,3.459410772558852,3.4591606327028592,3.4532512184986763,6.734584855928321,6.695759402617474,6.495007400772411,0.2856900081878875,0.08487732988813912,0.04605083305128499,3.4589331968495043,3.45930119339966,6.650886126566016,6.709748903299871,0.07095590514795491,0.12972780858742472,0.6701074448656666,0.35526766102363233,0.24349335485060533,0.92546863771064,0.04649973538174898,2.702881471947245e-05,0.92604741734648,0.04652881589168133,2.7045718293405874e-05,9.383293659032624,0.4990869424022726,0.013301611788496074,0.29003807867246134,0.4190387135061579,0.020787308872415474,0.09143228788234553,0.020800309065581512,0.09148946880034564,0.233947486768493,1.0459118273911892
openml_44739_robert_seed_1_nrows_2000_,real_openml_multiclass,real_openml,1.0942,10,100,400,1600,0.0,0.0,,0.0,0.0,False,1600,0.0273861278752583,0.7057587881539856,0.3990394666560439,0.2816256104127823,1.091503267973856,3.459128513621481,0.0002820203856511,9.267002427992832e-05,0.3799076252969263,0.1342232226278323,3.32138843606479,0.0781038480563597,0.1107469622257126,0.0781526934897908,0.1108162223646905,1.0006253908692928,1.3559350199514013,34.91193015635895,0.955238246915988,0.0395910860874885,0.0020519682543998,0.0012549778722707,0.9479820491343408,0.0108166042759407,0.0,0.0,6.685380747786538,0.0553310374601982,1.968798789262019,0.999113671875,0.0951362018997343,0.0552215205685995,0.855,0.5136836883290276,0.0263686146162348,0.730625,0.4437738093569396,100.0,10.0,1600.0,0.023139395999288,1.4430952217695534,0.7607590209479267,1.423140135485017,0.999375,0.188590990930642,0.9925,0.2801759819092325,0.9925,153.0,0.095625,0.2836601307189543,7.8750923923057154,1.0343653502863588,0.02738612787508714,6.0,0.29953577363563777,0.16443864972247038,0.21189366685177582,0.30614374666334004,0.27273154072535966,-0.04745501712930544,0.9965335716860106,0.970770521303594,0.8400429968946798,0.006311598891237707,0.0018681520555953542,0.0005844768778397328,0.9664634146341463,0.9504643962848297,0.9261538461538461,0.0,0.0,0.0,0.9433970432055389,0.9833440940990985,0.0011528583199031312,0.00235110045647061,0.939873417721519,0.9556962025316456,0.0,0.0,3.459410772558852,3.4592281538867304,3.4578982726045226,6.74061223540676,6.703927477173555,6.492319059324698,0.28756462850331044,0.07680803690155891,0.040019952561613614,3.458998870600977,3.4593245235449817,6.684325588442337,6.718656337656888,0.06205451235278692,0.09579298317502505,0.6573150776919113,0.3634470871705654,0.23283157949066702,0.945434883921276,0.03882790973759751,1.687030362082566e-05,0.9460261502651915,0.03885219235782114,1.6880854154672313e-05,7.755367815075935,0.4998771276179051,0.026802419103972776,0.27397679101634087,0.41233236367763876,0.017068971396098198,0.08441247165949005,0.01707964617495758,0.08446526244852039,0.2721153714824945,1.09267542651786
openml_44740_robert_seed_2_nrows_2000_,real_openml_multiclass,real_openml,1.0885,10,100,400,1600,0.0,0.0,,0.0,0.0,False,1600,0.0269548233160597,0.5982224505207439,0.3813443710677253,0.2281287641524265,1.091503267973856,3.458850196925113,0.0014299614862347,8.978304541962245e-05,0.3822521358270552,0.1250390982177265,3.321405449538839,0.0768830894892297,0.1156709863684941,0.0769311714713994,0.1157433259472111,1.000625390869293,1.389684002862242,31.27099497149125,0.956087884528632,0.0344420487418759,0.0015529791568235,0.0015586431867833,0.941124748048092,0.0192575195644998,0.0,0.0,6.674042030537536,0.0558790021096084,1.9256248067603323,0.999137109375,0.1062136159264154,0.0551802057368256,0.854375,0.5152417544036916,0.0245948727849948,0.76375,0.4249103205239958,100.0,10.0,1600.0,0.0231983778535484,1.4401284667639274,0.6831083011488099,1.4343050482525903,1.0,0.1918625839393974,0.98625,0.28085116802851895,0.98625,153.0,0.095625,0.28104575163398693,7.84023498760328,1.033499560118175,0.02695482331589132,6.0,0.3365846824065737,0.14295257181028723,0.20841683366733466,0.2939211756847027,0.28724114896459585,-0.06546426185704743,0.99513087715318,0.9671828913003593,0.8616656029002026,0.007951037048382866,0.000995003638056918,0.00018786256554900036,0.9723076923076923,0.9442724458204335,0.89937106918239,0.0,0.0,0.0,0.9518191850923852,0.9807831904587957,0.000628071630138535,0.0021110833309733175,0.93125,0.9535603715170279,0.0,0.0,3.4594169485276938,3.459208971084556,3.4495496209826455,6.740261672153025,6.69562794067456,6.534635666172677,0.24122160293337913,0.08507701226869635,0.040369126857235926,3.4590444407098735,3.4593178849046966,6.670643904907261,6.710046109395877,0.07062482358295119,0.10962791631654079,0.6370723413423429,0.3624581141338674,0.2561682642337246,0.9272864498422726,0.03631479636444998,5.071856349065385e-05,0.9278663663212235,0.03633750730651656,5.0750282417164463e-05,9.099655181520365,0.5348021272800022,0.015203629607959982,0.29812014220092364,0.38551176365516904,0.016575974807954974,0.07428414362265968,0.016586341271249486,0.07433060024781461,0.27946375317140065,1.0493287441587382
openml_44741_robert_seed_3_nrows_2000_,real_openml_multiclass,real_openml,1.0833,10,100,400,1600,0.0,0.0,,0.0,0.0,False,1600,0.0260708170182677,0.608859950800881,0.3725014788968329,0.226801232114381,1.0849673202614378,3.458786627854041,0.00145509631179,8.395456577414695e-05,0.383132988911782,0.1341263167500742,3.3214385426920274,0.0843419977503471,0.121644660194278,0.0843947444656381,0.1217207356540618,1.0006253908692937,1.4810610136959883,32.076247386195966,0.954591822476672,0.0305022224178235,0.0027830637296152,0.0016606070029614,0.9494257499254078,0.0129671411873964,0.0,0.0,6.67667694363841,0.0481001381166821,1.9826342202682252,0.999108203125,0.1035482269076591,0.0472235245522899,0.863125,0.5154909314665176,0.0267480194133653,0.743125,0.4370464682211897,100.0,10.0,1600.0,0.0221468819656706,1.4650369354918111,0.6916330916907469,1.4431655521606828,0.99875,0.1846725647155201,0.989375,0.2925021541663176,0.989375,153.0,0.095625,0.27712418300653596,7.479963979187577,1.0326633783246855,0.02607081701810482,6.0,0.19839860751119348,0.15375060697029935,0.20989502431905308,0.2921183732927703,0.273414298476471,-0.05614441734875372,0.9961534832532479,0.963540127808125,0.8778852093494461,0.008150359814964247,0.002419771931952752,0.0005417543195207997,0.9693251533742331,0.9507692307692308,0.9153605015673981,0.0,0.0,0.0,0.9333791689889944,0.9768067168920527,0.0017668075421210622,0.0038149510782349923,0.9418960244648318,0.9559748427672956,0.0,0.0,3.459410772558852,3.4592433358859136,3.4503006465635426,6.730634927804944,6.693064837535379,6.554478610838874,0.22530460335501523,0.08765601478516682,0.050140565352173816,3.459021567005358,3.4593131225028317,6.662142650758141,6.7062058318760815,0.074510426705102,0.11866158790129333,0.6394179090867645,0.35716156614488453,0.23331677707490436,0.9070766187307837,0.041299108111241836,1.176031124917593e-06,0.9076438961658845,0.0413249361963646,1.1767666040451262e-06,8.923759341495522,0.4875623266998707,0.02237164119456275,0.2777525253422258,0.41748744438897156,0.018956920646193535,0.0849401315814709,0.018968776131275653,0.08499325236419844,0.24240926748436697,0.9640134259749167
openml_44742_robert_seed_4_nrows_2000_,real_openml_multiclass,real_openml,1.0833,10,100,400,1600,0.0,0.0,,0.0,0.0,False,1600,0.0260708170182677,0.624118746966539,0.3189223545156885,0.1990454202799498,1.0849673202614378,3.458996095706563,0.0007985750883291,8.395456577414695e-05,0.3769556997452958,0.1281692554679991,3.3214385426920274,0.0853340037561317,0.1193968723855058,0.085387370862921,0.1194715420993178,1.0006253908692933,1.468385812698609,34.22963328645842,0.9573747759613336,0.0302933683227252,0.0010361807815575,0.0007694357323851,0.939986515217318,0.0179905827067657,0.0,0.0,6.683400629448047,0.050139366869056,1.8667296574039212,0.999083203125,0.0970340089505434,0.049787291971316,0.864375,0.5150759600168768,0.0268392492186305,0.748125,0.4342255511462823,100.0,10.0,1600.0,0.0221468819656706,1.4102792605119605,0.6566827738876733,1.4272038410289034,0.999375,0.1999159701072672,0.978125,0.2830728357732035,0.978125,153.0,0.095625,0.2718954248366013,7.463514382439546,1.0326633783246855,0.02607081701810482,6.0,0.19839860751119348,0.1604279509487516,0.19451620778370662,0.2974503223314098,0.2700286785082883,-0.03408825683495503,0.9967955886267343,0.9660530007910889,0.8610523099933058,0.004010962458829286,0.0008647363004141224,0.00017037555370325445,0.9660493827160493,0.9389067524115756,0.9012345679012346,0.0,0.0,0.0,0.9481812455586094,0.9764215855167175,0.00046599436286788283,0.0012980031319443377,0.9287925696594427,0.9561128526645768,0.0,0.0,3.4593982922488937,3.4592498446902775,3.454663815302565,6.74012023181392,6.704309276644661,6.54553096870221,0.2352689785056592,0.07644377568913052,0.04033406202671408,3.4590601861382337,3.459313112135142,6.680676351698936,6.714473481446571,0.06630123901008522,0.10007352645336409,0.6295904528935456,0.36201298664404896,0.21799030189569535,0.9226616799863289,0.04288021003398226,6.14633535110048e-05,0.9232387041764355,0.04290702692581088,6.150179213108678e-05,8.211987027776724,0.4988625535907211,0.020436895013374718,0.3150367008240422,0.406824712462754,0.018790503564377822,0.09185574680747659,0.01880225497373644,0.09191319255282218,0.23532224033104332,1.0551483348437576
openml_44743_shuttle_seed_0_nrows_2000,real_openml_multiclass,real_openml,786.0,5,9,400,1600,0.0,0.0,,0.0,0.0,False,1600,1.4913277955399342,2.5982882203446893,210.7032664753183,547.4678152709675,629.0,2.6905482597754125,0.830762193223085,0.6813795716758236,0.3724952858414824,0.3888992252899973,0.9589353757410476,0.2044180688787774,0.2750340590353339,0.2045459100725725,0.2752060628245986,1.000625390869295,1.0194420350523372,3.5787368274763245,0.7205262988280753,0.2795841939146586,3.76785914590572e-07,8.30827082725719e-07,0.0270219655700475,0.0837950706071063,0.0,0.0,3.381530046870693,0.7227982052407355,7.776074969121871,0.812408984375,0.2679535886457668,0.2218003898112701,0.013125,0.0507784362607363,0.0668348393382275,0.003125,0.0558317348300573,9.0,5.0,1600.0,1.63978918667687,1.008738774189991,7.64306257402337,,0.025625,0.1017357372334089,0.029375,2.3190879864769585,0.029375,2.0,0.00125,0.4,6.968131833134134,113.94346938775512,1.491327795535274,4.0,1.3788325390980025,0.8624833110814419,0.9853137516688919,0.9385847797062751,0.9445927903871829,-0.12283044058744996,0.9995126824809201,0.74930948433241,0.28234714190981447,2.400532783918784e-06,0.0,0.0,0.2654690618762475,0.0,0.0,0.0,0.0,0.0,0.5339113237091024,0.9777473358870693,0.0,0.0,0.0,0.0,0.0,0.0,3.452221142282053,3.020576748281565,1.207466511106678,4.108909545386116,3.623476361879844,2.1568432815117196,0.6077319069405784,0.2750272921816088,0.009558605336005943,2.474984125038183,3.271211044210881,2.935483646352737,3.95511912777032,0.034318017174804094,0.45695641266411746,0.9403724106522398,0.24181281647796143,0.06598309975776681,0.9151514378925824,0.09205073932627356,2.362707235978376e-05,0.9157237652458605,0.09210830701816022,2.3641848515105712e-05,3.1837910885730594,0.936250457138789,0.0003368920140232704,0.16814810791331336,0.4461599944061304,0.018034301150971564,0.23918972298455454,0.01804557963824549,0.23933931005333714,0.0007473120280550836,1.3734273432813484
openml_44744_shuttle_seed_1_nrows_2000,real_openml_multiclass,real_openml,786.0,5,9,400,1600,0.0,0.0,,0.0,0.0,False,1600,1.4913277955399342,2.432012637653266,72.2260871781428,175.6547567854898,629.0,2.7848398528598968,0.687588460907118,0.6813795716758236,0.3456506972531351,0.3956630894976963,0.9589353757410476,0.1960405119506823,0.2773612306870826,0.1961631138968683,0.2775346898682511,1.0006253908692924,1.010095473698289,3.6082478923464576,0.7352455030794187,0.2759565618641986,4.545561242687159e-09,1.3783131048975034e-08,0.0221523698446337,0.0686722248513452,0.0,0.0,3.4780131733455195,0.6062597409170877,6.475306186785788,0.783941015625,0.2657620552554243,0.2218567973154131,0.020625,0.0767695549481897,0.0916910420268653,0.006875,0.0826559397607702,9.0,5.0,1600.0,1.63978918667687,0.9475454592188997,6.389049531974583,,0.0325,0.1243637469883889,0.041875,1.3026935165672051,0.041875,2.0,0.00125,0.2,4.5439150527497585,113.94346938775512,1.491327795535274,4.0,1.3788325390980025,0.8711615487316422,0.9739652870493992,0.9305740987983979,0.9365821094793058,-0.10280373831775702,0.9940457992417006,0.7902152098372237,0.2785460775271261,4.374312483079431e-08,0.0,0.0,0.21756487025948104,0.0,0.0,0.0,0.0,0.0,0.504933914938295,0.9710570191445457,0.0,0.0,0.0,0.0,0.0,0.0,3.4267274929663762,3.013680487370531,1.652660687369072,4.119453077979383,3.6685268204485286,2.604610051767571,0.585134706913887,0.2645246332133726,0.006986011342548171,2.4175573776780537,3.3543899193829865,2.8496804084811265,3.954370897010755,0.03411402638010097,0.4433519582796217,0.9298734303577474,0.19991070146147308,0.0529079557318467,0.9267638433161784,0.063782046648062,9.079946301173392e-05,0.9273434329617785,0.06382193535766036,9.085624816683745e-05,3.176979667598622,0.981506431991249,0.0003208470356568673,0.15659946882871567,0.38896192988589245,0.021550104257500195,0.24898970749766727,0.02156358149593508,0.2491454233872843,0.0007770426246826691,1.3119447177911314
openml_44745_shuttle_seed_2_nrows_2000,real_openml_multiclass,real_openml,786.0,5,9,400,1600,0.0,0.0,,0.0,0.0,False,1600,1.4913277955399342,0.4039248526880857,9.108431725488574,3.679121942937458,629.0,2.818426847216067,0.7027048717209775,0.6813795716758236,0.5140075969677996,0.4232492568595632,0.9589353757410476,0.244346178256102,0.2950608767079092,0.2444989901249313,0.2952454050860896,1.000625390869298,1.1405060220195822,3.482198566294837,0.7008442666426143,0.2941200341093442,4.2711280015881847e-10,1.3506492663141931e-09,0.0214903526280771,0.0679584620249092,0.0,0.0,3.501980059222155,0.6086811474203969,8.25521893899838,0.725253515625,0.27538216373496,0.2444637554884648,0.020625,0.0562239933225816,0.0837528701253511,0.00875,0.093160408911822,9.0,5.0,1600.0,1.63978918667687,1.5942350392589657,6.132897554117438,,0.02875,0.0430470584251248,0.035,2.4798661573878973,0.035,2.0,0.00125,0.30000000000000004,10.085025730200641,113.94346938775512,1.491327795535274,4.0,1.3788325390980025,0.8818424566088118,0.9806408544726302,0.9405874499332443,0.9532710280373832,-0.09879839786381839,0.9998674827157688,0.8253330022005937,0.2547424216601836,4.271128001588185e-09,0.0,0.0,0.21490352628077178,0.0,0.0,0.0,0.0,0.0,0.5205240667228526,0.9639631894035551,0.0,0.0,0.0,0.0,0.0,0.0,3.4342403005336783,3.2058885764774114,1.657501141741474,4.168787645564032,3.6715157925154673,2.608427315472754,0.7200322405772668,0.2753627679708339,0.008009202009767957,2.4777452574497887,3.40334980776517,2.9402209193026883,3.940224194371697,0.03835179465742655,0.44542472283265644,0.9272564475343049,0.5290066021921767,0.07076073595254034,0.9630628648023742,0.1083569071760791,0.0014623906492624134,0.9636651555245869,0.10842467259645183,0.0014633052150217994,3.3230940422252635,0.9977995200612213,0.0002940488770924471,0.19595978077553478,0.8470544183844415,0.019817080760205618,0.2986674646584795,0.019829474181569273,0.2988542485638327,0.00066435210412947,1.5199492264560879
openml_44746_shuttle_seed_3_nrows_2000,real_openml_multiclass,real_openml,786.0,5,9,400,1600,0.0,0.0,,0.0,0.0,False,1600,1.4913277955399342,0.6764716701240978,8.505146623773651,5.7534907412344936,629.0,2.7233357737738384,0.7837080350917969,0.6813795716758236,0.350387872585516,0.399730353962008,0.9589353757410476,0.2104746192202928,0.2784923823050045,0.2106062481253714,0.2786665488980663,1.000625390869293,1.0385935555592218,3.626386082789746,0.7228393691094714,0.2800479756797702,1.0212881009623427e-09,3.2295965462690062e-09,0.025626749200654,0.0782352379155892,0.0,0.0,3.417838363306048,0.6889071006372868,7.09525722169614,0.795272265625,0.2644327862088383,0.2275401381577584,0.019375,0.0702028430654222,0.0916943989523841,0.0075,0.0863041438940408,9.0,5.0,1600.0,1.63978918667687,0.970439712655792,6.993931768888609,,0.025,0.1133757644192225,0.03375,1.197641942974465,0.03375,2.0,0.00125,0.2,4.181672699771184,113.94346938775512,1.491327795535274,4.0,1.3788325390980025,0.8738317757009346,0.9873164218958612,0.9305740987983979,0.9432576769025367,-0.1134846461949266,0.9973046883393147,0.7429095634494538,0.2791986714891863,1.021288100962343e-08,0.0,0.0,0.2481703260146374,0.0,0.0,0.0,0.0,0.0,0.5023699526068073,0.9787746001670679,0.0,0.0,0.0,0.0,0.0,0.0,3.4431149922794457,3.0360149247313912,1.1848765538557393,4.09900113659269,3.693056244468539,2.139722437470872,0.5962135681400795,0.26071797794385043,0.0040894921259151396,2.4047197867037506,3.2708414099131518,2.841940509138968,3.9588694841933543,0.02718584769918886,0.4691704576815088,0.9353636255026864,0.2085067411053957,0.049174382628586685,0.9329421739624862,0.08528688146087987,0.0005308230582456286,0.9335256274796636,0.08534021909781624,0.0005311550301394611,3.2892794735224733,0.9621453002842391,0.0003062537667956288,0.1270288634107433,0.43186575028016855,0.023884462041596582,0.23709436213108867,0.023899399166075377,0.2372426387803269,0.0008006423686043485,1.2795785731564302
openml_44747_shuttle_seed_4_nrows_2000,real_openml_multiclass,real_openml,786.0,5,9,400,1600,0.0,0.0,,0.0,0.0,False,1600,1.4913277955399342,1.0584993044944997,11.280030099935074,11.939904015458294,629.0,2.79281015811298,0.6958457281323638,0.6813795716758236,0.4232313055919899,0.3845781049075436,0.9589353757410476,0.1951383434589158,0.2876992266090647,0.1952603811971643,0.2878791510784892,1.000625390869296,1.0335814420799094,3.695365809016949,0.7260440773007073,0.2736508612480439,,,0.0233343899239187,0.0713062108121861,0.0,0.0,3.4922487951546604,0.6124530324835628,7.9957535704087155,0.824092578125,0.2594967386993674,0.2198787509710184,0.013125,0.0693912093147216,0.0780326531377219,0.00375,0.0611414255738345,9.0,5.0,1600.0,1.63978918667687,1.1601999084552346,7.649643902456787,,0.024375,0.0849669393731371,0.049375,1.8341196257759245,0.049375,2.0,0.00125,0.2,4.511545872655437,113.94346938775512,1.491327795535274,4.0,1.3788325390980025,0.8644859813084113,0.9799732977303071,0.9465954606141522,0.9532710280373832,-0.1154873164218958,0.9998363512576487,0.8064767070847575,0.26542901807471203,,,,0.2262142381902861,0.0,0.0,0.0,0.0,0.0,0.5303774381858163,0.9563611197931806,0.0,0.0,0.0,0.0011904761904761906,0.0,0.0,3.4470769424768015,3.007721433610297,1.6086263172991304,4.143409384724723,3.6677920071993633,2.5616699894598147,0.5896425062292678,0.2522174846086527,0.005891703580363394,2.4570620410912603,3.3865217157120218,2.927255456730246,3.970768032654517,0.031008624082371483,0.48083585958557906,0.9404192172415058,0.3410571541245844,0.07039169687728512,0.9113845832444883,0.031305544348967,0.0011161553904182563,0.9119545548412639,0.03132512255056093,0.0011168534238081404,3.0615926793075645,0.9864868351066822,0.0003767130729789478,0.16971614293798265,0.5945723167785917,0.009199586340340786,0.2494327240225731,0.009205339677639441,0.24958871697067933,0.0007251143293204619,1.6228501447300954
openml_44768_okcupid-stem_seed_0_nrows,real_openml_multiclass,real_openml,7.4583,3,19,400,1600,0.0,0.0,,0.0,0.0,False,1600,0.8187323471379399,0.4084474723732172,0.614215332251029,0.2508746999508086,7.435064935064935,1.9069699013088997,0.984573109570623,0.4745509089719933,0.360991770898208,0.0664921076028869,1.1239182797817773,0.0490117229557845,0.0635600176474876,0.0490423744398096,0.0635997675021765,1.000625390869297,0.3494312188535051,46.12052185719718,0.9832263511542596,0.0303432070464503,0.2881695903675285,0.2079804023223728,0.926057686910753,0.0673301802738818,0.87466370456893,0.0995615539289285,3.006519023186051,0.9724798179721654,0.3090795196468618,0.99656171875,0.0243691579046256,0.0320370080509926,0.505625,0.4730132739659672,0.0838984640308929,0.36375,0.4812282986505873,19.0,3.0,1600.0,0.5176329336744254,0.2650513176859225,0.1997185560058748,,0.815625,0.7513594345938381,0.754375,0.2725440480021167,0.754375,154.0,0.09625,0.35714285714285715,2.424627186954016,4.397865700191281,0.8187323471364047,2.0,0.647478442298522,0.7158102872411489,0.6197408149632598,0.6677902471609887,0.6978009352037408,0.09606947227788909,0.9995684769315706,0.9965469379080244,0.8937948665182275,0.528276923076923,0.1722631320569465,0.16396871596871598,0.9937759336099585,0.9252747252747253,0.859122401847575,0.9896265560165975,0.8175824175824176,0.8167821401077752,0.9909758955192556,0.9979738964520966,0.16811592401283124,0.3502700275669347,0.8921985635611502,0.9595253294423419,0.8171822788450964,0.9036044867995076,3.421787206626499,2.000783675806367,0.00755381268406785,4.506865675201148,3.1206677352537797,1.131170920697922,0.12104295206254934,0.015844516100542716,0.00030117176792310296,1.2099135715399782,2.635466383476807,2.3296912985488594,3.7399833822756685,0.004693614156029424,0.023966052764999413,0.4080087910795949,0.360991770898208,0.31397475071682107,0.6813810241409981,0.03529170760663328,0.00022932111628881232,0.681807153612006,0.0353137787183329,0.00022946453162107631,1.827665925664248,0.970433578473417,0.286855368420328,0.33748326080751456,0.38450028098890143,0.01805056479130719,0.06087447901941141,0.018061853449713314,0.06091254936276339,0.8107533096264299,1.1572037412385645
openml_44769_okcupid-stem_seed_1_nrows,real_openml_multiclass,real_openml,7.4583,3,19,400,1600,0.0,0.0,,0.0,0.0,False,1600,0.8187323471379399,0.5989761598280083,0.6242347460313603,0.3739017310090762,7.435064935064935,1.938783302247464,0.9847598848102748,0.4745509089719933,0.3472584886954768,0.0929021052787577,1.1239182797817773,0.0481570965912217,0.060115291392385,0.0481872135997217,0.0601528869467276,1.0006253908692933,0.3353582096778137,45.41071957857051,0.9843909791082504,0.0279298617275841,0.129002379809884,0.0556603706314022,0.9411755782391988,0.0463631688239259,0.8863048822954145,0.0748593779129298,3.037951516621509,0.971195121752232,0.2916923590204652,0.99744375,0.0247500654077315,0.0371943758528252,0.536875,0.4787453295128484,0.0873687451989381,0.39125,0.488182741392115,19.0,3.0,1600.0,0.5176329336744254,0.2498077171073586,0.2055860087055632,,0.835,0.7637117067671001,0.7575,0.27313269248542216,0.7575,154.0,0.09625,0.36623376623376624,2.5894435613156035,4.397865700191281,0.8187323471364047,2.0,0.647478442298522,0.7158102872411489,0.5963941215764863,0.6637902471609887,0.7131449565798264,0.11941616566466262,0.9997989237197376,0.9959412446510135,0.8960493159671198,0.1795260225434565,0.1381440176081702,0.06933709927802532,0.9854771784232366,0.945054945054945,0.8929946112394149,0.9723374827109267,0.8505494505494505,0.836027713625866,0.987502543721127,0.9990947426560792,0.10374055844309776,0.15883502007581335,0.91902477814718,0.9652660617390908,0.8432885820876583,0.9114434666301886,3.4224633977820265,2.0492256625075935,0.013857061462907848,4.525061391955895,3.1671236972074825,1.1372169442256215,0.1449796560308796,0.011382031362042078,0.0005583970190636833,1.2232758562271404,2.6523059791330326,2.34197392948402,3.7519005263057608,0.006134355971646022,0.023402158060933376,0.412950197324593,0.3472584886954768,0.2815667800663607,0.5882557654827258,0.03427203448053892,2.5308413974875995e-05,0.5886236552672832,0.03429346789797499,2.5324241625892224e-05,1.7918174177931339,0.9744306512922178,0.3754177033105928,0.31441263438091877,0.38010434301003493,0.014088955698756764,0.057917571238049484,0.014097766803008654,0.057953792358274046,0.7980439392008583,1.1567298017866874
openml_44770_okcupid-stem_seed_2_nrows,real_openml_multiclass,real_openml,7.4583,3,19,400,1600,0.0,0.0,,0.0,0.0,False,1600,0.8187323471379399,0.5069672307010373,0.6465460280762144,0.3277776493745535,7.435064935064935,1.92934663282934,0.9705774154897188,0.4745509089719933,0.3586306257057562,0.0801446654566732,1.1239182797817773,0.0461826753443959,0.0625766362485606,0.0462115575678757,0.0626157711055015,1.0006253908692928,0.3385749205666485,45.763099001859366,0.9828755396524514,0.0285028030331201,0.2622619857712431,0.1715704899745344,0.91898052382945,0.0746335234294254,0.8711343741721403,0.1025850392604071,3.028705424632908,0.9581999652387752,0.3087507027033983,0.997549609375,0.0245594879782095,0.0347603272892781,0.529375,0.4806500256824677,0.0821147753843455,0.393125,0.4885969082093079,19.0,3.0,1600.0,0.5176329336744254,0.2636550187893665,0.208423150838062,,0.82375,0.7520712302014615,0.75625,0.1907907071227187,0.75625,154.0,0.09625,0.3467532467532468,2.6614497542709787,4.397865700191281,0.8187323471364047,2.0,0.647478442298522,0.7158102872411489,0.5984034736138945,0.6524301937207749,0.7151422845691382,0.11740681362725447,0.9999438766052955,0.99588962145395,0.8939684327692038,0.4601987382379989,0.17051957295373674,0.15606764612199392,0.995850622406639,0.9142857142857143,0.8468052347959969,0.9868603042876902,0.8351648351648352,0.7913779830638953,0.9824924963600774,0.9977992674807759,0.16329360953786531,0.3153591555958678,0.8805454745408556,0.9550681683461766,0.8132714091143652,0.9110125697262628,3.418132262620441,2.094475187305485,0.0,4.498544120742204,3.1405590735547753,1.1239182992012295,0.1395012990911617,0.010204465571154842,-1.941945226846542e-08,1.2493087842256025,2.6086551879790827,2.369078559242861,3.7119493362080576,0.006697276912223327,0.02737116630230063,0.41530146212609714,0.3586306257057562,0.3019597892854153,0.66365039330077,0.03334326732713519,0.001111372050827933,0.6640654341971426,0.03336411990207367,0.0011120670927609146,1.781249302536971,0.9390558812223401,0.2976683311416782,0.3302952074955857,0.3869660439159267,0.015911809548564547,0.05511910091436299,0.015921760648970218,0.0551535718967989,0.8025269549405819,1.1611272065359968
openml_44771_okcupid-stem_seed_3_nrows,real_openml_multiclass,real_openml,7.4583,3,19,400,1600,0.0,0.0,,0.0,0.0,False,1600,0.8187323471379399,0.5919822904944336,0.5992691943951531,0.3547567503207968,7.435064935064935,1.9264418358462745,0.9913934674838576,0.4745509089719933,0.3268291563012982,0.1110801834238107,1.1239182797817773,0.0452337398049726,0.0582899478949483,0.0452620285728307,0.0583264018961335,1.0006253908692948,0.321222338593903,52.40673881115013,0.9858541652868444,0.0281060207765053,0.36347853391825,0.3828936980067803,0.9671404214119804,0.0250863993347602,0.9220492557272526,0.0611608427973021,3.0289140515287025,0.9777689388090244,0.262337147708821,0.997717578125,0.0214460640993492,0.0350012830902305,0.544375,0.4836342578877849,0.0809236097105386,0.41125,0.4922142412477054,19.0,3.0,1600.0,0.5176329336744254,0.2259734019667042,0.1966426800777269,,0.830625,0.7841565965664927,0.769375,0.2467140398021503,0.769375,154.0,0.09625,0.37272727272727274,2.4262305131749757,4.397865700191281,0.8187323471364047,2.0,0.647478442298522,0.7158102872411489,0.6077314629258517,0.6764582498329994,0.7058183032732132,0.10807882431529725,0.9999636895257618,0.997148885719171,0.8955211327217883,0.8055826621734737,0.14636839927681786,0.13848454030445848,0.995850622406639,0.9561200923787528,0.9494505494505494,0.9923928077455049,0.8923076923076924,0.8814472671285605,0.9918688235086113,0.999264976972955,0.14242646979063817,0.4759755307251458,0.9527853209146511,0.975985357392696,0.8868774797181265,0.9423502500265986,3.4300963767225268,2.005426977873383,0.0,4.522747251787224,3.1229986072856817,1.1239182992012295,0.12918652834790212,0.007727782743319311,-1.941945226846542e-08,1.2255732104551074,2.648818034482898,2.3467982279811457,3.756018187542362,0.0038511636738779442,0.01851056747286206,0.4053747072557203,0.3268291563012982,0.24828360534687613,0.5864665717044729,0.030194983719298813,0.0001933759665817045,0.5868333425435635,0.030213867386415225,0.00019349690214554683,1.761645086052361,0.9648173706987712,0.3690552931469371,0.2875563808240872,0.36610193177850925,0.014397434547507743,0.056065943032307546,0.014406438571614999,0.05610100616115804,0.7883318772889659,1.1797430203380883
openml_44772_okcupid-stem_seed_4_nrows,real_openml_multiclass,real_openml,7.4583,3,19,400,1600,0.0,0.0,,0.0,0.0,False,1600,0.8187323471379399,0.4984342320556585,0.6861394078020296,0.3419953688109289,7.435064935064935,1.9092356704358004,0.9878535953787538,0.4745509089719933,0.353984217297374,0.0886871344193905,1.1239182797817773,0.0517071428166693,0.0652382946213993,0.0517394799916643,0.0652790940551839,1.0006253908692977,0.3624291100907081,45.08368522095395,0.9818605797666268,0.0297257323683808,0.2309989870597172,0.0801063112549794,0.9682643221870652,0.0169223102631752,0.9309984471206476,0.0450424829404791,3.008224349314868,0.9759445262868236,0.3028242234474892,0.997452734375,0.0249296009027097,0.0358842927884238,0.53375,0.4783443753252744,0.0856185869117335,0.39,0.4879024292702434,19.0,3.0,1600.0,0.5176329336744254,0.2584750600027921,0.2101192093745315,,0.81125,0.7562561320420813,0.73,0.2975460841535274,0.73,154.0,0.09625,0.35064935064935066,2.5712744477043805,4.397865700191281,0.8187323471364047,2.0,0.647478442298522,0.7224863059452238,0.6257568470273881,0.621064796259185,0.7091476285905144,0.09672945891783569,0.9999894859424504,0.9944260377690192,0.8908611442939492,0.3200457193201549,0.2081558125380402,0.16479542932095648,0.9854771784232366,0.9676674364896074,0.9516483516483516,0.9757952973720608,0.9314857582755967,0.8857142857142857,0.9827867843531526,0.9992516151533044,0.18647562092949832,0.26410076592909754,0.9596578940689795,0.976572307456422,0.9086000219949412,0.9536405278238287,3.4216116028424346,1.8713449237398598,0.00755381268406785,4.494139661267641,2.975725073204159,1.131170920697922,0.14070844074527367,0.012314231838034928,0.00030117176792310296,1.2100849103232614,2.6613222946512742,2.325180824554793,3.766360466546874,0.005673331625347888,0.020823451087761624,0.41669549144932794,0.35398421729737406,0.2912729431454202,0.6772348449815953,0.03628311141788235,0.0006643643592536502,0.677658381470013,0.036305802544472854,0.0006647798466578186,1.8813434797915192,0.9391591183343068,0.2895493082471287,0.3226285802213971,0.385339854373351,0.017770565934860098,0.06329266293965995,0.01778167948453797,0.06333224559315628,0.77635217463265,1.1729641869237586
openml_44778_KDDCup99_seed_0_nrows_200,real_openml_multiclass,real_openml,1147.0,8,41,400,1600,0.0,0.0,,0.0,0.0,False,1600,1.5250983574838706,4.869340581043256,586430780.0816407,2855531195.4243865,916.0,0.5803174246516595,0.6224809934892539,0.3915059304951201,0.8440955293448061,0.3058592001354303,1.480175417584381,,,0.1279576140515732,0.2384676991129727,0.7565704174865376,1.7858491888532089,4.062232672065503,,,,,0.0185142944902015,0.091817452146694,0.0,0.0,1.6961179929658323,0.2605892429707396,9344.27729358648,0.610010546875,0.3643748492702078,0.3987784958741066,0.01,0.0163881793191429,0.0648964567046095,0.00375,0.0611414255738345,41.0,8.0,1600.0,1.456415431610256,5.548779940464131,8793.72364622129,,0.010625,1.0602884377345386e-11,0.009375,5.710133078533129,0.009375,1.0,0.000625,,,193.76528523338106,1.5250983574762451,5.0,1.4708273607882982,,,,,,,,,,,,0.48656716417910445,0.0,0.0,0.0,0.0,0.0,0.1213844284083673,0.8549150836872179,,,0.0,0.0,0.0,0.0,2.0494213072844314,0.3541520312773542,0.0,2.5577088614978742,1.641388176020608,1.4801758394974307,1.226990303237887,0.17113123620529525,-4.21913049608591e-07,0.00755381268406785,0.8840231818176586,1.4801779655314116,1.7605873576246331,0.0014613192890793325,0.7167170638920091,0.9999431461141942,0.9551567811281415,0.15725289887448246,,,,1.000625390869291,0.006645186385058444,0.0,9.969806827250832,0.02815370331931857,-1.2342352969419921e-15,0.9024144361768304,0.995743503471582,0.01818798153253119,0.30440055425076823,0.0,0.13343144424223163,1.508164114096864e-15,0.8937197468404252
openml_44779_KDDCup99_seed_1_nrows_200,real_openml_multiclass,real_openml,1147.0,8,41,400,1600,0.0,0.0,,0.0,0.0,False,1600,1.524419971661353,5.047622596416671,6950658.761705841,35084302.22556792,917.0,0.5745863309163669,0.6227640212829596,0.3919710170522348,0.9596170844454838,0.0508639846354403,1.4922391739109304,,,0.1317624695914125,0.2410377449990781,0.7809759148248104,1.8074309872637155,4.055442996665085,,,,,0.0003401360544217,0.0017998308238534,0.0,0.0,1.6988659070378462,0.2541877115749258,48320.480181332045,0.6076636718749999,0.367959597789451,0.4046912202570232,0.010625,0.013644578226946,0.0504494378400173,0.00125,0.0353442818771775,41.0,8.0,1600.0,1.591006848628816,6.461577510915519,47424.31354478648,,0.008125,2.614529163319721e-14,0.0075,11.486223126712353,0.0075,1.0,0.000625,,,152.83834418708813,1.5244199716537308,5.0,1.4804401323074963,,,,,,,,,,,,0.009523809523809525,0.0,0.0,0.0,0.0,0.0,0.14374060310938513,0.8026146007084871,,,0.0,0.0,0.0,0.0,2.0475286791233307,0.36124148642566023,0.0,2.560498289176044,1.6533437285802364,1.4922395769232004,1.264533700200138,0.1786915779507008,-4.030122700005023e-07,0.00755381268406785,0.8647315964311596,1.4983201434947468,1.7543691119969202,0.0014728431002513087,0.7339432974502484,0.9999894570515537,0.974547405310409,0.8621696121219087,,,,1.0005635698122255,0.010304692740283842,0.0,10.123674581591743,0.03348904927225874,-1.3461802134378914e-15,0.9420952535326266,0.9982113047846306,0.01504291000988751,0.3184376801209713,0.0,0.1400738588098699,7.202360712763014e-05,0.9341698315818378
openml_44780_KDDCup99_seed_2_nrows_200,real_openml_multiclass,real_openml,1147.0,8,41,400,1600,0.0,0.0,,0.0,0.0,False,1600,1.52357720513271,2.9482870303312625,671340.0736402058,1979303.232055053,914.0,0.5785839982241545,0.6215286403949835,0.3900591046404261,0.8399472298155731,0.2674610657758484,1.4766752432984174,,,0.1340750283687855,0.239967828834503,0.756570417486537,1.812282875518803,4.092116743927715,,,,,0.0088463759478185,0.0339641635143113,0.0,0.0,1.6944007089575728,0.2595100464456674,26388.318241941568,0.617227734375,0.3608585325649991,0.3965130320689206,0.0125,0.0192054025890202,0.065036113339805,0.003125,0.0558317348300573,41.0,8.0,1600.0,1.458478003504469,5.367791972359703,25826.5704531559,,0.010625,9.27390884964726e-12,0.0125,8.616781870534366,0.0125,1.0,0.000625,,,166.52967627711124,1.5235772051250922,5.0,1.460837010320241,,,,,,,,,,,,0.17661290322580644,0.0,0.0,0.0,0.0,0.0,0.15271988807236336,0.8216941135710669,,,0.0,0.0,0.0,0.0,2.0505726087975047,0.3774787854800526,0.0,2.547791407135982,1.6599578953739387,1.476675661414502,1.2290894036662792,0.18835916962416577,-4.181160846439269e-07,0.00755381268406785,0.8746979615834899,1.4766777874484827,1.758830251282027,0.0014331871032498,0.709819242731387,0.9999806406552723,0.920052126288338,0.25073642183543154,,,,1.0005848629709986,0.010427097568017737,0.0,9.913366116045822,0.023009807442434548,-1.3893197221244917e-15,0.8577523277899681,0.9966783821750167,0.025539245464380265,0.3301165320946296,0.0,0.14766317385338606,1.0975750322491547e-15,0.5829625558841263
openml_44781_KDDCup99_seed_3_nrows_200,real_openml_multiclass,real_openml,1147.0,8,41,400,1600,0.0,0.0,,0.0,0.0,False,1600,1.2245815611873303,1.581710596004884,63468.37235331292,100388.59706241848,917.0,0.5794184871559344,0.6198914759508296,0.3620785544647912,0.8982399884429224,0.1050877744150131,1.4673858179630732,,,0.1384085780038797,0.2439923804717855,0.7321649201482591,1.8506086897091047,4.0080757033185135,,,,,0.0019839366282356,0.0042266350314723,0.0,0.0,1.6806969941348011,0.2569842174401485,619.0777450942966,0.6076328125,0.3661073109842065,0.4010722947130896,0.0075,0.0150696198317528,0.0488162268484518,0.00125,0.0353442818771775,41.0,6.0,1600.0,1.5748034481404585,4.07834914551571,512.3943479113982,,0.0075,4.433863401594425e-07,0.009375,5.6568316245007635,0.009375,1.0,0.000625,,,148.74494555703902,1.2245815611827382,3.0,1.0596632769692833,,,,,,,,,,,,0.012307692307692308,0.0,0.0,0.0,0.0,0.0,0.1404501194178338,0.8729229754018573,,,0.0,0.0012116316639741518,0.0,0.0,2.048511731964904,0.3751846558121807,0.0,2.5279958515383356,1.628900094370434,1.467386055774846,1.2321713280755997,0.1879817744185912,-2.378117727186435e-07,0.0,0.8817255380783358,1.467386055774846,1.7595314857920537,-2.378117727186435e-07,0.7114148460726768,0.9990256150715268,0.9129974821608476,0.7611229101413471,,,,1.0006122164042897,0.006336107008394901,0.0,10.364119691880202,0.021327415601804563,-1.1845817883633492e-15,0.8231071670908229,0.9949467677500677,0.03955478940014334,0.40290731361640897,0.0,0.18979279105513894,1.1784873155941935e-15,0.6830897269365817
openml_44782_KDDCup99_seed_4_nrows_200,real_openml_multiclass,real_openml,1147.0,8,41,400,1600,0.0,0.0,,0.0,0.0,False,1600,1.510959959760681,5.0522833641877725,800317365.4554373,4043430111.561092,906.0,0.6023860987599909,0.6675814926380196,0.3832985029770529,0.8490847468136159,0.3009156734435041,1.5032601996146178,,,0.1298800140322007,0.2368471748861804,0.7809759148248153,1.7789339895577267,4.122716159397019,,,,,0.0036194140664144,0.0136609753541052,0.0,0.0,1.7410177036584298,0.3099799794348733,2781.939447887313,0.6229046874999999,0.364628594716179,0.3996610704877845,0.01,0.0184912063548616,0.0629499838156202,0.0025,0.0499530736639928,41.0,8.0,1600.0,1.6063266178796678,5.589915806044543,1853.2713834160645,,0.011875,1.7609173750968044e-12,0.015,7.317561665475373,0.015,1.0,0.000625,,,149.4140565771358,1.5109599597531267,5.0,1.446767444047276,,,,,,,,,,,,0.06990881458966565,0.0,0.0,0.0,0.0,0.0,0.1442387288155763,0.8190831688417952,,,0.0,0.0,0.0,0.0,2.4089448126449557,0.38431154412649704,0.0,2.9086537284836416,1.6880703995694255,1.5032606003746691,1.2574487907880538,0.18150781139116323,-4.007600513666887e-07,0.00755381268406785,0.867643528313296,1.5093724588439024,1.7831452287677187,0.00144155345478314,0.7237951880600004,0.9997303159426505,0.9943018399793524,0.1777306982550124,,,,1.000598821564286,0.011054011040697117,0.0,9.887714051801968,0.03258663396603315,-1.2957144545879696e-15,0.8873556193921261,0.9985595673670222,0.016723446308041137,0.31272575408363235,0.0,0.12044140820437196,2.165399310754029e-05,0.9008809532810687
openml_45067_okcupid_stem,real_openml_multiclass,real_openml,6.8262,3,13,5336,21341,0.0,0.0,,0.0,0.0,False,1998,0.8247288825571959,0.6166259033239845,1.1118165681292214,0.6855748956532535,6.826743669480231,1.7566406274393211,1.2056731554475626,0.4843595804648304,0.3856261231391544,0.1688664796228324,1.1212956455802188,0.0618593919817184,0.0894554350414107,0.0613568434640988,0.0880274895580644,0.9975698683884728,0.3871248201722576,36.35267634407434,0.9680019315266346,0.0611666817390707,0.3813998305671044,0.1567127343305657,0.9501657478297444,0.0397522361340719,0.9178592666945125,0.0571708104482613,2.847091346088514,1.1881044208552134,0.4186654584932885,0.9974869764659554,0.0308449269310262,0.048217953164367,0.51001001001001,0.46190649438226,0.1240968246420867,0.3718718718718719,0.4834254335720619,13.0,3.0,1998.0,0.5026372525746673,0.3259309016348771,0.3423865396287483,1.0399802051179452,0.6796796796796797,0.6921457833230011,0.7447447447447447,0.51761702509611,0.7447447447447447,2251.0,0.10547771894475423,0.5011994669035983,1.8715180109593494,4.2027535120432145,0.82472888255708,2.0,0.6738680050246658,0.7131476285905144,0.6304248496993988,0.6551115564462258,0.7211449565798264,0.08272277889111557,0.9995446048881342,0.9942088517413227,0.7811615393729413,0.5518152123217712,0.34889725658956433,0.24348702278997794,0.9848993288590604,0.9587878787878787,0.9068100358422939,0.982662192393736,0.8963636363636364,0.8745519713261649,0.9804234013184964,0.9977658450098891,0.29619213968977115,0.45035623445566775,0.9327989573150863,0.9718436038234696,0.8854578038449006,0.9395129143786862,3.562035390524732,1.653356355728124,0.0062095469537731315,4.678754655246699,2.7628280607579967,1.1272692880132633,0.15590447690407272,0.009532830349501697,0.00023590452072852486,0.7618956802208204,2.254373252183874,1.874405544824893,3.3640761551875182,0.0045763808582517385,0.028817171689544452,0.5050327559955587,0.38562612313915423,0.2662194902827497,0.6599121714639631,0.03534865558967865,0.000748675925219366,0.6495841123013562,0.034969336925397956,0.0007718264280829266,1.7596257233854646,0.9640326607510664,0.2951487187789429,0.325922806710952,0.4453294395673565,0.018565367883925685,0.061365350846426095,0.01848734364512738,0.06099551652113442,0.8253864761246542,1.0949264873213918
openml_45282_AfriSenti,real_openml_multiclass,real_openml,1.0874,3,2,22344,89376,0.0,0.0,,0.0,0.0,False,1998,0.0368038012069318,0.6576319877836996,0.0134141211124698,0.0088215551315648,1.0873836967087904,2.2088796379853326,1.20481946881829,0.0010163856998082,0.0573663298442462,0.0621533239273506,1.584002393486017,0.0734481314571108,,0.0730361568518371,,0.9944045362030852,0.1035500867245682,55.79706370581363,0.995053017672082,0.0047543270002734,1.0,0.0,1.0,0.0,1.0,0.0,3.764493397943293,1.166532656244326,0.0105513186609924,0.9999977454932408,0.0283886335280574,0.0382868125739639,0.6726726726726727,,,0.6166166166166166,0.4863321319613081,2.0,3.0,1998.0,0.0290382467237463,0.0104448272748159,0.0103712624945694,,0.019019019019019,0.9895570206336282,0.6976976976976977,0.12300703477889662,0.6976976976976977,28804.0,0.32227891156462585,0.4156297736425496,0.0037494792389945832,1.0578897286870828,0.036803801206930616,2.0,0.6199900054704875,0.3858530394121576,0.32510086840347363,0.3624662658650635,0.37249832999332,0.060752171008683964,0.9984148345339536,0.995053017672082,0.9916912008102103,1.0,1.0,1.0,1.0,1.0,1.0,1.0,1.0,1.0,0.9933721092411462,0.9967339261030178,1.0,1.0,1.0,1.0,1.0,1.0,3.0608156544923197,2.2088796379853326,1.3569436214783457,4.589356549649211,3.7644933979432924,2.9396302462373733,0.055461498329125725,0.028388633528057428,0.0013157687269891305,1.7829116297318393,2.634847646238826,3.3520618220903327,4.176924973796251,0.014852201127523279,0.041925065928591576,0.10131536666656003,0.057366329844246305,0.013417293021932583,0.07344813145711084,0.07344813145711084,0.07344813145711084,0.07303615685183719,0.07303615685183719,0.07303615685183719,1.0676255047184826,0.9944045362030853,0.9211835676876879,0.03539181143308945,0.07934084825540316,0.07344813145711084,0.07344813145711084,0.07303615685183719,0.07303615685183719,0.9577940519453866,1.031015020460784
openml_452_analcatdata_broadwaymult,real_openml_multiclass,real_openml,5.619,7,7,57,228,0.0,0.0,,0.0,0.0,False,228,0.7803074107545994,1.2004955022417518,0.658503008792543,0.7905299002681085,5.529411764705882,1.9237809316283372,0.7328876756186955,0.1397236799295391,0.2318199934173528,0.1886130840365807,2.4797364687855645,0.1256211591575551,0.1498396642710833,0.1261745563344606,0.1504997508978282,1.0044052863436137,0.5122902472870643,12.98224233278444,0.9115768101183148,0.0551714318227088,0.3397984322407699,0.1533184698756,0.7175720724430978,0.1564959543545473,0.413279305448025,0.2682327056536181,4.212507526678653,0.7384572518367445,0.6371686107754146,0.993344105878732,0.1910098737352493,0.1828163564397731,0.8333333333333334,0.5763028724008704,0.1322950802048982,0.7543859649122807,0.4313977591345247,7.0,7.0,228.0,0.6732863888375104,0.5003175334370803,0.3861779823487971,,0.9166666666666666,0.5699807424253304,0.9956140350877193,0.5215822574671054,0.9956140350877193,17.0,0.07456140350877193,0.4235294117647059,0.6543052109289776,2.198990479382636,0.7803074107306427,6.0,1.9285247213185055,0.41228070175438597,0.21491228070175436,0.4824561403508772,0.41228070175438597,0.1973684210526316,0.9753889729808278,0.9252948760792777,0.8398685282123804,0.6561354200978402,0.25616193788429964,0.1278780914630046,0.9130434782608695,0.7567567567567568,0.4117647058823529,0.8043478260869565,0.46296296296296297,0.0,0.86629508465572,0.9539475621221385,0.21788392636520404,0.4547091581779359,0.6216216216216216,0.8490566037735849,0.2972972972972973,0.6037735849056604,2.5846294301756623,2.2551092316378276,0.9621461334087001,4.956219984729988,4.567019630504208,3.3739398929236395,0.5727214742131754,0.13725955014353897,0.030899468694530974,1.2889514110240783,2.543339452064007,3.4668774083557894,4.828309180940576,0.08804431175093197,0.21004999979681793,0.5278180725215142,0.17059472454396019,0.04005605042240619,0.5390297448117614,0.05016401479121773,0.0022607150556575527,0.5414043251853814,0.050385001640518394,0.0022706741528190446,1.9743639656241774,1.0121875655026842,0.33342697750195516,0.10466417434387436,0.34202547928231264,0.01862165025275087,0.2356678553704249,0.01870368395430492,0.23670603975531643,0.7775934256752886,1.0778358222129505
openml_4538_GesturePhaseSegmentationP,real_openml_multiclass,real_openml,2.9559,5,32,1975,7898,0.0,0.0,,0.0,0.0,False,1998,0.4111751671477904,0.5754236389456696,0.3759427233764396,0.2163263299204161,2.957393483709273,3.584955317544905,2.2337134746726524e-06,0.0503855242882173,0.2894494635504988,0.1637473802363106,2.193392650020663,0.1050178477078459,0.1597230667530854,0.1059195067446618,0.1628997778832837,1.00574035237827,1.103806681806306,13.813136798361697,0.9650069397952656,0.0500586827342243,1.5545579905168388e-07,4.471578186856307e-07,0.9091581576203336,0.0424122372481867,0.5774141200173812,0.1247662624912724,5.619557630364186,0.0695288761153878,0.5100206117507832,0.9987657827998168,0.1587903372013813,0.0695295479659659,0.6751751751751752,0.4799452787491917,0.0842980730533112,0.4609609609609609,0.4985984136001079,32.0,5.0,1998.0,0.3483249304455111,0.4155635814014506,0.3126540017783461,1.5539377420937797,0.8688688688688688,0.6319183773573522,0.8828828828828829,0.22911823051866276,0.8828828828828829,798.0,0.10103823752848823,0.5488721804511278,7.2595161528679295,1.984928124212748,0.41117516714753016,2.0,-0.09327668470700526,0.459941215764863,0.46795056780227123,0.4325370741482966,0.45725985303941213,-0.008009352037408213,0.9996509308640091,0.9943721015880542,0.822550925031048,1.4255394668837933e-06,1.187459157254456e-09,1.497601299027696e-15,0.9490695396669931,0.9224357315389924,0.804755944931164,0.761998041136141,0.6077817675983437,0.3933649289099526,0.9382000866409639,0.9980407886584433,1.4833823920934008e-10,2.5095435651313776e-08,0.8972848188350405,0.9336084188027844,0.46569058096814564,0.6618955219961917,3.584955995579937,3.584955995579937,3.58494732194098,5.724442625041224,5.628084644505492,5.443361008912239,0.3349876366883606,0.15026400109510796,0.0538973469204187,3.584955995579937,3.584955995579937,5.586651439615377,5.666896056992297,0.11145258860830332,0.19169720598522266,0.4880416226765132,0.2681855584082825,0.1333851147089173,0.9440316930585493,0.05353929311950578,0.00016573008502643346,0.9928658230650453,0.05265803055108723,0.00015445316998937575,4.598427266578021,0.5178857371199106,0.03871073585364121,0.16794987976313688,0.3896851421956445,0.023174603335878473,0.10835140253721806,0.02278430133045275,0.10831809882314784,0.1735666207413519,1.4832364007004533
openml_4541_Diabetes130US,real_openml_multiclass,real_openml,4.8309,3,49,20354,81412,0.0,0.0,,0.0,0.0,False,1999,0.5247063738659065,0.6113414659933372,0.0864952158520026,0.0528781120603734,4.83115024766098,1.160383186900348,1.269847917411534,0.1814641234632695,0.2572447840267121,0.0877436512701651,1.3634673258172807,,,0.0262065796099993,0.0513657648506105,0.7937444917084322,0.5776513773432536,235.36086151411996,,,,,0.9885532051453968,0.0079462839250547,0.9373451993744388,0.0393261985296631,2.5180574198599386,1.2648257304677302,0.1531307242336536,0.9990110112585056,0.0057930928576902,0.0080558868761864,0.6838419209604802,0.504898203595474,0.0603384251741401,0.5267633816908455,0.4994081377268473,49.0,3.0,1999.0,0.4237240988369637,0.1400487061561198,0.1135180560385385,,0.9709854927463732,0.863835749919865,0.9319659829914958,0.1871930141451979,0.9319659829914958,9085.0,0.11159288556969489,0.3212328013208586,3.933266432541861,3.1682153132503728,0.5247063738658871,1.0,-0.13604744213822606,0.5554175016700067,0.4379305277221109,0.125500334001336,0.5447214428857715,0.11748697394789581,,,,,,,0.9971846846846847,0.9869331283627979,0.9815418023887079,0.982545045045045,0.9185242121445042,0.9109663409337676,0.9933908199456728,0.9989707219243726,,,0.9842374653757529,0.9920589065237413,0.914745276539136,0.9505346285947747,3.5849561804964467,0.7492602264010191,0.0,4.938909560497743,2.1101677316440126,1.3634673382670655,0.040730325192917416,0.002214477388382541,-1.2449784758672422e-08,0.029476622318129607,2.0838287879038995,1.3923295572363854,3.440439402806204,0.00022813792378695297,0.008603678973941875,0.3192889148459131,0.2572447840267119,0.1952006532075107,,,,0.5436010974376912,0.008572331078310815,0.0,2.557179728804381,0.8296382510189537,-3.0984679191156516e-16,0.2262227186171113,0.2882668494363125,0.0007407015619451856,0.03824618052215996,1.8941202906511104e-35,0.03102384099913852,0.45308432395116555,1.059116271087326
openml_454_analcatdata_halloffame,real_openml_multiclass,real_openml,21.3158,3,16,268,1072,0.0,0.0,,0.0,0.0,False,1072,1.216363541500833,0.5389109769029045,2.320937280050402,1.250778576922332,21.130434782608692,3.248124716585002,0.2369209191649776,0.8472175177114332,0.5322108319744969,0.2542196627049341,0.5401885107933424,0.5058545200125554,0.2840108151054415,0.5063268398258257,0.2842759979393401,1.0009337068160602,2.3203664240771804,4.10206939502188,0.7903049545105785,0.1043961796578561,0.0002680894094141,0.000225010421958,0.4591029436357393,0.2754138925830841,0.0597790773229369,0.1035403991529153,3.656626398421015,0.210980857640448,1.169839905398928,0.763851567721096,0.1316868289573295,0.062786324029816,0.126865671641791,0.2852334089544814,0.1376643866383002,0.085820895522388,0.2802301268732787,16.0,3.0,1072.0,0.6522942536792554,0.631124376247783,1.027998970203215,1.1695022445277146,0.2182835820895522,0.4318437727472367,0.166044776119403,1.4522396740389343,0.166044776119403,46.0,0.04291044776119403,0.5652173913043478,3.1570915724108883,13.43478260869565,1.216363541497429,2.0,0.7069271250020015,0.9067284269387456,0.9132513340531743,0.8404952297492554,0.9291034849694068,-0.006522907114428711,0.9988259438324004,0.7658833124860751,0.6386651513657674,0.0005270552343033364,0.00015683329439389473,0.00012037969954534267,0.75,0.4249512670565302,0.20235756385068762,0.1793372319688109,0.0,0.0,0.7364650304371702,0.8180715002861236,0.0001386064969696187,0.00034194426434861554,0.3136544154536089,0.5874756335282652,0.0,0.08966861598440545,3.32191807028362,3.321384554832221,2.3860706058543926,3.835188900191177,3.7094584269690225,2.919687074937724,0.21384472765790719,0.13902937733105314,0.006572041710010801,3.31947749277637,3.3218614979624475,3.6674380991260715,3.7293643028659886,0.11709867302805088,0.18174511829067796,0.7119712793841128,0.5322108319744969,0.3524503845648812,0.9836925654707335,0.5521556911661194,0.009613222937474247,0.98461104592402,0.5526712426984872,0.009622198869255279,9.414126313042168,0.19182477061803166,0.0029531288853299194,0.44233060826968906,0.6220910556793049,0.24293671231179056,0.7291418046315228,0.24316354397594744,0.7298226093043814,0.042566297209892204,0.6921407788063408
openml_45548_Otto-Group-Product-Classi,real_openml_multiclass,real_openml,8.3577,9,93,12376,49502,0.0,0.0,,0.0,0.0,False,1995,0.7208763179169575,0.9337550099441276,0.8897082143829166,0.8307695025684922,8.35904082955282,0.975838693125699,0.526780231715853,0.0741368825633129,0.5911231951754583,0.2557957056063603,2.8117561790771006,0.0728218557287028,0.0944766167297448,0.0705743180400761,0.0950261469594067,0.999914466599399,1.1852996956802402,28.31827038077301,0.9028808297022222,0.0840008957879012,,,0.7456581275401206,0.1258488905421343,0.039050620929453,0.1451207943262517,3.688303632262306,0.494971479744391,9.045288366411944,0.993457830038756,0.0992912399404934,0.0622567931721947,0.4601503759398496,0.4616018021252545,0.0959570436359952,0.3473684210526316,0.4762533926254226,93.0,9.0,1995.0,0.6218808722085868,3.2534331560421337,3.256825163037996,,0.7218045112781954,0.0062237588733158,0.6140350877192983,0.6416033035118427,0.6140350877192983,1543.0,0.03117045775928245,0.5565780946208684,10.255352083273369,3.0403343842886676,0.7208763179168264,5.0,0.7674391192142047,0.36898428718212867,0.6357051452302195,0.4545650873366546,0.665784044662283,-0.2667208580480908,0.9883258625599936,0.926952316122638,0.3586940519729442,,,,0.9679075738125802,0.7706349742273843,0.44,0.7560975609756098,0.0,0.0,0.8728119424220224,0.9543653861949574,0.0,1.2554669059324074e-45,0.6712927298988927,0.8521124146124146,0.0,0.0,2.58413030970386,0.8468353119624287,0.13890004483291768,5.2274360915170845,3.584652881145148,2.937533900899757,0.3064908940276445,0.07958898960314631,0.009820223699734676,0.6320000850322365,1.254252250015391,3.3615612348206696,3.9373848468405326,0.05448724942156602,0.14220536429943875,0.8746903110269083,0.668415372750016,0.24251081017854687,0.8772806863591553,0.039589900901133485,2.0010502874829038e-05,1.375592858243016,0.03732519376081643,1.1235637091548245e-05,7.751481679098759,0.6320215847285363,0.06541214212916237,0.35941226282899397,0.8044574060751639,0.01686207924585631,0.087895990023131,0.01618950221129186,0.08491463055083848,0.3497979361550907,1.1086782698118847
openml_455_cars,real_openml_multiclass,real_openml,3.4795,3,7,82,324,0.0,0.0,,0.0,0.0,False,324,0.6222791714091344,0.6342818003311664,1.5203593987393935,0.9643362965828324,3.5,2.431243360486252,0.3860393848519448,0.2981176739527342,0.4903832453862196,0.3505627722509576,1.3262860396547338,0.6410453291881587,0.2187168153280959,0.643029989650042,0.2193939571712169,1.0030959752321988,1.7931269789802868,4.6588809723082765,0.7138975371601205,0.1675417579319201,0.0453831240649571,0.0607430300381721,0.5477468964517307,0.248700568030102,0.396181430746684,0.1866465261230045,3.4728503006881355,0.4667329793158887,1.2604770360378756,0.9073788294467308,0.284679099452849,0.1683466275169805,0.3703703703703703,0.3334838537313521,0.189380092133515,0.2314814814814814,0.42243173698412,7.0,3.0,324.0,0.414313575916807,0.6038457119993192,1.197997674795401,,0.4567901234567901,0.4282055271572421,0.4876543209876543,1.0366318336687879,0.4876543209876543,58.0,0.17901234567901234,0.5517241379310345,0.5873957184242257,2.602809706257982,0.6222791714033725,2.0,0.704172503358172,0.7222222222222222,0.7098765432098766,0.6882716049382717,0.7098765432098766,0.012345679012345623,0.9607382345421864,0.6528652405190558,0.5433259360878737,0.11518918678600008,0.016400473077151843,0.0045597123317195065,0.8347107438016529,0.41379310344827586,0.39473684210526316,0.6115702479338843,0.2950191570881226,0.2819548872180451,0.587206062596411,0.832970611889453,0.010480092704435675,0.06579482993157595,0.40426497277676954,0.6242519236249644,0.28848702215308386,0.45329470251100346,2.58463414710852,2.574239166401689,1.555884491404814,3.859802486379494,3.5994618736752457,2.4771729279028207,0.5102570854899011,0.311458313088008,0.03763737427563152,2.5709907653003348,2.5809820939440313,3.461498256141646,3.7252591522880483,0.17681226900423663,0.38988819265396457,0.738268558876427,0.4903832453862196,0.24249793189601215,0.9357409038629226,0.7093944173095101,0.32027812366339026,0.9386379345250375,0.7115906848553601,0.32126969680166745,5.002743566570449,0.203353486067165,0.03600963450190284,0.36644058864111584,0.6143259021313232,0.432721846446117,0.819680474540232,0.43406154256514584,0.8222181849877256,0.10615459376550179,0.7836279759774363
openml_45714_PriceRunner,real_openml_multiclass,real_openml,2.4869,10,4,7060,28240,0.0,0.0,,0.0,0.0,False,1994,0.259887562135266,1.1416815977698096,2083.3827456475237,2378.5597418169173,2.486440677966102,3.4561065152798065,0.247905496826488,0.0084396843690811,0.5985273376781084,0.4672590665969491,3.273405009246145,0.3419701049066151,0.3591677036768987,0.34320263969867,0.3598806664146545,1.004120895027719,0.9502064442804864,1.850127116628373,0.4151366240456067,0.4841793833752981,0.0,0.0,0.0,0.0,0.0,0.0,4.960224982090144,1.492412624022601,12159.47236287969,0.9798711581082264,1.769286542435808,1.3186157598630577,0.0727181544633901,0.0834494338214034,0.0989886720961262,0.0050150451354062,0.0706569046018197,4.0,10.0,1994.0,0.2404486047037968,2.087933001743334,11882.71922018391,1.7739579815859443,0.1389167502507522,2.756245453478124e-07,0.09478435305917753,1.4964394731982695,0.09478435305917753,1770.0,0.0626770538243626,0.9983050847457627,0.14901121487669508,1.416023340858421,0.259887562135174,4.0,0.4463154507481773,0.2713915112688563,0.9712544231703032,1.0,1.0,-0.6998629119014469,0.9160917821312193,0.3722273570256039,1.1869409011751502e-29,0.0,0.0,0.0,0.0,0.0,0.0,0.0,0.0,0.0,0.00040038644161078914,0.7869635946295999,0.0,0.0,0.0,0.0,0.0,0.0,3.5849545185161618,3.5775381865654614,3.084395169472142,6.26400665032642,5.15173340778937,3.273426462455415,3.0843737162628724,1.706608684747854,0.5795550839846513,3.4487163361667297,3.5849283656785387,3.9203620111563433,6.191596378723171,0.6630375478387034,2.8128576793449587,0.9999579247447894,0.6387520713867019,0.1166472831942403,0.9284789061116835,0.28051216151405545,0.022376086856575706,0.9293312523603262,0.2821367818059285,0.0225397520631902,2.30691915377178,0.8191119052429336,0.07134061585323014,0.23864174440143715,0.9986376646633731,0.05730247618954397,0.4879095896499742,0.057415293516579785,0.49095655000386984,0.4890213555453412,1.3342114447253117
openml_458_analcatdata_authorship,real_openml_multiclass,real_openml,5.7636,4,70,169,672,0.0,0.0,,0.0,0.0,False,672,0.5003364797518981,0.2332553051678223,4.859190263551706,1.133431907793264,5.75,2.7733126706085973,0.3344567148341882,0.0973528809915665,0.9386471991852078,0.0253321283217205,1.7873756212282004,0.147925249493768,0.115022802144581,0.1481457044110462,0.1151942221179708,1.001490312965722,1.5699667094864822,6.823592497890224,0.7508295467013536,0.1367172438890264,4.4240561228655684e-14,6.82592526288175e-14,0.2704786233001885,0.1617780880652341,0.0,0.0,4.29874773460381,0.3365918350719034,25.10411609376685,0.9184869260204082,0.2619405572329878,0.1633886274330526,0.0223214285714285,0.4352548106072249,0.0264186887911839,0.0089285714285714,0.0941384066135842,70.0,4.0,672.0,0.5781972104110091,2.644459127065321,12.034429602950404,,0.9672619047619048,0.0014194797662517,0.043154761904761904,1.0839425128360072,0.043154761904761904,44.0,0.06547619047619048,1.0,8.527872765673484,3.148493743155273,0.5003364797489199,2.0,-0.41715257587742355,0.6666666666666666,0.9940476190476191,0.9791666666666666,0.9955357142857143,-0.32738095238095244,0.9703087189254422,0.7687704823738677,0.3895613630505583,1.4092775044564343e-13,6.590598501226367e-16,5.482012009373179e-26,0.5346938775510204,0.272343385514741,0.04377104377104377,0.0,0.0,0.0,0.6804307072654144,0.8473503826917012,2.0256221144906322e-20,9.272763258833307e-14,0.20335047514762816,0.30761125319693094,0.0,0.0,2.999139064598728,2.940827913230389,1.1830056806765854,4.720533487982749,4.40710993862853,2.8297285560358865,0.7914883757343176,0.24222453082733075,0.029068643286847884,2.704251229490837,2.9721082327785826,4.1337986755131855,4.497728223941127,0.13069012195844376,0.32501453510022693,0.9608746590531648,0.9440007624766467,0.9110661760258115,0.7174117191942355,0.12222006100934411,1.547008200075534e-05,0.7184808871811116,0.12240220715093783,1.5493137264541814e-05,10.706014070927395,0.609701835860553,0.1054248741386155,0.9275334692512291,0.9524377107649058,0.05636717129626036,0.2111363366378584,0.056451176022484284,0.21145099585788518,0.40460930937971035,0.9695190048994724
openml_45927_Products,real_openml_multiclass,real_openml,1.3008,5,3,14701,58802,0.0,0.0,,0.0,0.0,False,1998,0.1134570300507846,1.2420627009050182,5104.000199394979,6339.488273080279,1.3007301902100423,2.708693552942883,1.517731071411787,0.0041615146101134,0.3530266728625468,0.5605512589910252,2.313164178242666,0.3372507655464523,0.5739576733754612,0.3335801085730395,0.5676531157319595,0.9928757062155228,0.9891062159488296,7.055048778717618,0.6652036449772881,0.5760832552403363,,,0.3977855895049547,0.5135405428456915,0.3959171997711552,0.511127628389599,4.693984140116895,2.061849379637121,60047995031605.62,0.999192135078021,0.3278735910686539,0.5441183082253334,0.8518518518518519,0.5858639915238917,0.2779014862061202,0.6231231231231231,0.4847249666520176,3.0,5.0,1998.0,0.1314734423779387,1.0023189231700458,60047995031605.62,,0.7227227227227228,1.6614733255003066e-14,0.9819819819819819,0.8659935419905845,0.9819819819819819,11093.0,0.18865004591680556,0.5409176958442261,1.0000097761786868,1.1203073955382317,0.11345703005077495,4.0,1.4999996840836491,0.43420173680694724,0.36806947227788905,0.4268537074148297,0.2458249832999332,0.06613226452905818,0.9978054674659321,0.9978054674659321,3.0803522256239333e-29,,,,0.9965397923875432,0.0,0.0,0.9919261822376009,0.0,0.0,0.49890273373296606,0.9978054674659321,0.0,0.0,0.0,0.9930080707583393,0.0,0.9891589339745884,3.584955995579937,3.584955995579937,0.9561686676687735,5.8843934344788495,5.884393434478849,2.3131655513929856,0.9561672945184538,0.013726739343754346,0.013726739343753458,2.2705623316243555,3.584955995579937,4.098779492935917,5.884393434478849,0.013726739343753902,0.4849470169311041,0.9999999999999903,0.0464766392995838,0.017225996752964243,0.9999999999999999,0.005876148319678548,0.005876148319678541,0.9890494669213926,0.0058454294110681735,0.005845429386657457,1.9781688348741193,1.0004582837724483,5.595823733756027e-17,0.03185131802627402,0.5232383196497871,0.005876148319678544,0.5029380741598393,0.005845429398862815,0.4974474481662304,0.5002291418862241,1.4893135593232838
openml_45938_credit-score-classificati,real_openml_multiclass,real_openml,2.9826,3,16,20000,80000,0.0,0.0,,0.0,0.0,False,1998,0.4425590176038672,0.6695705289812669,0.5473216991088224,0.36647047959522,2.982681250876455,3.2305810599336136,0.8901203122988091,0.1485695078442932,0.3543024757237671,0.1643755976625228,1.445617030961903,0.0355924617381246,0.0804953454236692,0.0341216768555841,0.0816334587984526,0.8564459247364594,0.4641609308062897,15.174025473543669,0.9401519465249356,0.1334370519600775,,,0.962342409820128,0.0340002099261301,0.9038804274661584,0.0667503941494476,4.580928906493369,0.8719157378677955,0.3444429668822072,0.9987667848028208,0.0952691844021466,0.0713532034308271,0.6491491491491491,0.4949237295063048,0.0991634020991024,0.477977977977978,0.4996398457676625,16.0,3.0,1998.0,0.2777308602527623,0.2780798257148928,0.2843595819400638,1.2864285985252928,0.8568568568568569,0.7344687836765885,0.8213213213213213,0.10130748185752671,0.8213213213213213,14262.0,0.178275,0.5845884167718414,7.510129768133313,2.1476560267163194,0.4425590176038506,2.0,0.4153779492595946,0.6101509686038744,0.5480507682030727,0.39854776219104876,0.5987975951903808,0.062100200400801664,0.999939751715686,0.9988164681498592,0.4859505398185987,,,,0.9890377588306942,0.9739252995066948,0.9240641711229947,0.9567600487210719,0.9260042283298098,0.8288770053475936,0.9521400670229088,0.999333993936759,,,0.9489947353148447,0.9814815291686945,0.8774406168387017,0.9413821385254408,3.584955995579937,3.547338564026184,0.0,5.021049168478498,4.834359703985055,1.4456170395404884,0.22843778744415122,0.09350253566056166,-8.578585397600591e-09,3.377220042239264,3.581664922264117,4.6632669639368585,4.976007062311709,0.03175951969124036,0.14359101275320496,0.4705335754925284,0.35430247572376694,0.23807137595500544,0.5767702137797961,0.012274134382292645,1.0727463009434642e-18,0.5820927361982535,0.011020374778603428,3.0861170866495514e-36,2.1227335354097447,0.8254379988183373,1.2043089724855085e-35,0.29618692583938616,0.41241802560814766,0.006469720558927984,0.030041998882449787,0.005031526976457929,0.02544770627807643,0.6521686054008649,0.995087257072415
openml_45968_BraidFlowSessionLevel,real_openml_multiclass,real_openml,2.1729,3,123,473,1891,0.0,0.0,,0.0,0.0,False,1891,0.3389868749397973,0.5475682233586985,7.801326985417895,4.271758757245548,2.176470588235294,3.0457694391549928,0.8717341321317398,0.0899174752519571,0.9611155487391448,0.0106455064051383,1.505175215911497,,,0.1109255336006262,0.1492709306263087,0.9923947175979704,2.064433683510066,8.180820987455135,,,,,0.0,0.0,0.0,0.0,4.366956370978669,0.8726598282227954,25.22843903967233,0.9763960266015564,0.1839882840878201,0.2153562670771866,,,,,,123.0,3.0,1891.0,0.2145278449718597,1.8475995228629167,15.19941474222276,,,0.0055971066470256,0.04336329984135378,0.9856067634727517,0.04336329984135378,425.0,0.22474881015335801,0.9854117647058824,12.517993867205552,1.7197361458446594,0.3389868749392595,2.0,0.5540443555531362,0.7751837007348029,0.9913293253173013,0.8852518370073481,1.0,-0.21614562458249842,,,,,,,0.0,0.0,0.0,0.0,0.0,0.0,0.9350925708790899,0.9929436234841882,,,0.0,0.0,0.0,0.0,3.584955437815546,3.5796713219572838,0.0,5.088500395522339,4.761235716945605,1.5051752225375206,1.5051685758148112,0.0980362193538804,-6.6260235076498475e-09,2.6167715538545693,3.584955437815546,3.919456636751865,5.035481324046453,0.03935987148327014,0.2889234972537169,0.968643058507383,0.9611155487391447,0.9535880389709066,,,,1.0005291005291013,0.06805356734390433,0.0,12.867140848201348,0.14537415664784514,-1.5187871374214686e-15,0.9573517938550257,0.9648793036232639,0.025557310198804323,0.14008650906268144,0.023882395981627787,0.13896329044899464,0.008138685589468689,0.99202713378355
openml_460_analcatdata_reviewer,real_openml_multiclass,real_openml,2.6111,4,7,76,303,0.0,0.0,,0.0,0.0,False,303,0.405322989358207,0.6563682699998339,0.4503038796579255,0.2955651784652859,2.627906976744186,1.3179925703368287,0.6081076894217081,0.069973476857312,0.3431436701925053,0.1587103932315772,1.8788369781013232,0.1445722823824646,0.0599601156463588,0.1450509985492943,0.0601586590756515,1.003311258278148,0.4140116427584714,21.46192391752829,0.9329550546631866,0.0818328421390406,1.0,0.0,1.0,0.0,1.0,0.0,3.109286745410747,0.5787009717117206,0.5135569132189137,0.9958500800575107,0.0875428030274046,0.1017719899063981,0.7095709570957096,,,0.6204620462046204,0.4860747473162751,7.0,4.0,303.0,0.3063984221732707,0.4036207130189924,0.3676120984148949,,0.4125412541254125,0.6355339482436412,0.9042904290429042,0.507911434522105,0.9042904290429042,43.0,0.1419141914191419,0.41395348837209306,1.0754090623210206,1.9340987393312974,0.4053229893528562,2.0,0.06701949244927821,0.5478547854785478,0.42574257425742573,0.5148514851485149,0.49504950495049505,0.12211221122112209,0.9831664173357455,0.9632916434379976,0.7537834525607515,1.0,1.0,1.0,1.0,1.0,1.0,1.0,1.0,1.0,0.9375584177241233,0.977663516929782,1.0,1.0,1.0,1.0,1.0,1.0,1.9331673969931924,1.46186191370962,0.0,3.710113269080808,3.2715614824753225,1.8788370055128507,0.30414564603925465,0.0544756989691888,-2.74115274923048e-08,1.4286468722973762,1.486812468530118,3.1334511820183186,3.318796548384806,0.03203833124750055,0.09505082054995762,0.5184578218140007,0.30172186339415114,0.20925132536936425,0.2592785828828024,0.13241006052343804,0.024353718220308625,0.2601371212367199,0.1328485044324563,0.024434359671369296,1.8873602018544717,0.8985530917208772,0.6396661237439674,0.2554865943817577,0.4100898426040759,0.09968365889296603,0.18433493025358147,0.10001373723367128,0.18494531081733534,0.7819527395683423,1.0168469557455182
openml_46174_Flare,real_openml_multiclass,real_openml,7.6977,6,11,214,852,0.0,0.0,,0.0,0.0,False,852,0.5371228526179741,0.9613604555575048,4.869979745488837,4.681805946678969,7.794117647058823,0.750083247876346,0.6394821291734956,0.0672573898960106,0.4431917982296579,0.3216265806904059,2.360418192636169,0.1713761752071558,0.1178635578043398,0.1715775573166824,0.118002057872265,1.0011750881316095,0.6886304415816361,10.139050092723808,0.7966945758253825,0.2136018289853045,,,0.4252750233586357,0.4596877876860678,0.3846880903514507,0.4636173168527314,2.8776967723187856,0.4125503095790028,4.47186119372399,0.9735268024421962,0.2328046681937295,0.3451344235876441,0.4366197183098591,,,0.3251173708920187,0.4686938225018162,11.0,6.0,852.0,0.6362511987002984,1.395869479716598,3.5282830656497706,,0.1725352112676056,0.1040126775860358,0.5892018779342723,0.8790198868408337,0.5892018779342723,34.0,0.03990610328638498,0.35294117647058826,4.042330120514026,2.8833014115382523,0.5371228526141916,3.0,0.1635374926692704,0.5352112676056338,0.664319248826291,0.6725352112676056,0.7488262910798121,-0.12910798122065725,0.9894352819111395,0.8266954420405075,0.2505673957410556,,,,0.9866666666666667,0.17532467532467533,0.0,0.975,0.03571428571428571,0.0,0.766001903009355,0.9502454613526212,0.0,0.0,0.0,0.9505597850425437,0.0,0.9217644424540976,2.126216524563219,0.607485542439183,0.04307048235072914,3.7175932095310724,2.8500170918078966,2.3943019593339865,1.0478324366495668,0.09664765293254263,0.009186715652911737,0.22543617700455615,0.9880692185973531,2.560097629729886,3.1419381172795804,0.03696091213121644,0.17870604042003158,0.8827036585431093,0.39311092204534637,0.11423634568232509,0.4393822305841094,0.1463680236900026,0.009861899694232621,0.43989854342850965,0.14654001901748778,0.009873488295518538,2.842950466600751,0.8203051600051691,0.37448572997830126,0.18051530353352443,0.6453927613439848,0.07439990129195645,0.2498295993785474,0.07448732773295742,0.2501231711757048,0.5721694087736681,1.1267401278427265
openml_46264_mabbob_ela_as_2d_classify,real_openml_multiclass,real_openml,36.4444,5,45,224,896,0.0,0.0,,0.0,0.0,False,896,1.0383147867869644,1.1236029962042442,0.922440858408846,1.0364573123293943,37.5,3.1498407534995585,0.1111002970673516,0.3483578236507785,0.3535759936230843,0.0732234153456537,1.567451753694467,0.3750729439520975,0.2681029799346011,0.3754920198671279,0.2684025363367627,1.0011173184357538,3.0956846561671467,38.87820649209785,0.9889571006698792,0.0099656805539484,1.666612261040771e-07,5.16541530676283e-07,0.5505507321424574,0.3061378475598673,0.1386258635336945,0.2439483470586543,4.676975530277585,0.1109466278692102,0.6061193425270849,0.9974477339764032,0.0403169769164392,0.017299792853146,0.6863839285714286,0.498994000794173,0.1031006153372756,0.5122767857142857,0.5001284252467805,45.0,5.0,896.0,0.982879070533227,0.5161489387308519,0.2515881367551816,,0.9151785714285714,0.5721046103564789,0.9073660714285714,0.8905821779205714,0.9073660714285714,14.0,0.015625,0.3,6.214934608223454,11.826829268292682,1.0383147867811704,4.0,1.0136759350339908,0.5825944797348357,0.4821365775553111,0.2488645971283847,0.5959499599709696,0.1004579021795246,0.9993212122136135,0.990749778744232,0.9615203955612043,1.6366207964206806e-06,7.420530167021786e-13,9.918936909008406e-19,0.965166908563135,0.4742445054945055,0.1746031746031746,0.5921625544267054,0.0,0.0,0.9847943712504514,0.9970434350871017,7.312157006895358e-16,5.461687764866355e-09,0.3053434332045224,0.8553867505551443,0.0,0.16592920353982302,3.1699070242463456,3.1699070242463456,2.441077645946517,4.721528891344486,4.697076408093179,3.9765912993736388,0.10025564935022402,0.03758417179339091,0.015829886596326226,3.1699070242463456,3.1699070242463456,4.687700659904643,4.707723674081187,0.029635103859625644,0.0472754728825171,0.4483470952360421,0.3442882244307347,0.27738043039482596,0.9999999975506142,0.3534474405209233,6.935923070177014e-05,1.0011173159836313,0.3538423538622875,6.943672704892298e-05,20.03170263521688,0.10964321347565956,2.6631334912265432e-11,0.30977224036426376,0.3880919776895553,0.132134850850101,0.5621654079956391,0.13228248755496122,0.5627935257699359,0.018995961409664978,0.6213344557842788
openml_46270_mabbob_ela_as_5d_classify,real_openml_multiclass,real_openml,61.4167,4,45,224,896,0.0,0.0,,0.0,0.0,False,896,0.9794860575129412,0.4722819581794981,0.2664646364191045,0.1258464402736026,59.0,3.167870998551691,0.013379272592124,0.4296613478316629,0.3652537890862202,0.0996140108854657,1.320707351082399,0.4340800020197636,0.3172890044215879,0.4345650076086126,0.3176435172756902,1.001117318435754,3.610249368131252,35.53103361494103,0.987407814186669,0.0133904904181469,6.608925024717202e-08,1.1341457366269363e-07,0.7047890669381768,0.2760679536251561,0.126262813191027,0.18691104229143,4.451407819629383,0.0188698202114464,0.5061553956365201,0.9963291713169644,0.0371705300047064,0.0137905546362065,0.5669642857142857,0.4834884850193472,0.0867423304652573,0.4073660714285714,0.4916184466910242,45.0,4.0,896.0,1.2117410224113334,0.4200768936549027,0.2805211570877494,,0.859375,0.6312311966956049,0.7801339285714286,0.7641135805762654,0.7801339285714286,10.0,0.011160714285714286,0.28,2.5625834722442895,16.368942776132965,0.9794860575085685,3.0,0.9009951409035171,0.6584812911045769,0.5770128616641602,0.4262418352001078,0.6618220316790495,0.08146842944041666,0.9997083529236327,0.9918917333653477,0.936643649397825,2.8022149212104907e-07,3.5038504577822126e-09,2.0733892288154904e-27,0.9606815203145478,0.7137891921305344,0.40601503759398494,0.40235910878112713,0.013513513513513514,0.0,0.9821567995711218,0.9973452362470012,3.6083512626807086e-22,8.373165656370467e-08,0.47646857923497266,0.9562706114248891,0.0,0.2528998142602631,3.1699070242463456,3.1699070242463456,3.08013056041622,4.47031132805885,4.456321851649497,4.367064862401789,0.08325387958734964,0.033773049096829766,0.020303047269894847,3.1699070242463456,3.1699070242463456,4.447864275172043,4.46196817343455,0.028646201894194867,0.04198974357033958,0.46804696301152005,0.35855757919649883,0.269156825050642,0.9999999999880513,0.4215824951654672,9.348005925071851e-05,1.0011173184237918,0.42205353705950677,9.358450624429477e-05,23.571156256660593,0.04433038822041697,4.20579903397768e-13,0.3138572021235704,0.4133022711040094,0.12635137659554047,0.7206550902327788,0.1264925513179935,0.7214602914509164,0.002204065118681267,0.40529817381748084
openml_46331_autos_clean,real_openml_multiclass,real_openml,22.3333,6,25,41,164,0.0,0.0,,0.0,0.0,False,164,0.61931531344364,0.8043534450187981,2.7663035587887403,2.2250857974794847,27.0,1.7337673127792277,0.7935765205062785,0.088630691494619,0.5824732922719947,0.2013724635431496,2.26391871224389,0.2578849245829482,0.2397406488046421,0.2594670406846842,0.241211450331051,1.0061349693251536,1.7699729218261175,8.337866277300275,0.8207004629913311,0.1062824228969054,,,0.34415876198118,0.3039846752308056,0.0,0.0,3.72616347513438,0.6895474692976459,4.212029153698258,0.9801829268292684,0.271522549888738,0.14572357177936,0.5304878048780488,0.3075684351732017,0.2359556887050183,0.2378048780487804,0.4270429767893841,25.0,6.0,164.0,1.1820353425226648,1.8585791573446315,2.411619103413668,,0.5548780487804879,0.0705830139731553,0.7926829268292683,0.813077028372787,0.7926829268292683,2.0,0.012195121951219513,0.2,2.9339548234087176,6.6454178999295275,0.6193153134209821,4.0,0.19146140781740506,0.49390243902439024,0.5914634146341463,0.3780487804878049,0.5365853658536586,-0.09756097560975607,0.9832554060297527,0.8483950999132321,0.6121197248464659,,,,0.7835051546391752,0.3953488372093023,0.0,0.0,0.0,0.0,0.7730868086889441,0.8848601265008175,0.0,0.0,0.0,0.5677349851871802,0.0,0.0,2.3218201524515236,2.2331641332232053,0.0,4.380305186276896,4.147738288555037,2.263918812591649,0.5208470704368571,0.300708790912259,-1.0034775899114834e-07,1.0696403513047128,2.312593436184146,3.09355799486988,4.250746655846625,0.1996901300538907,0.3607212029509643,0.8407639636282433,0.6004759509627017,0.29053151574977853,0.9857588686731245,0.16910091247695697,0.0002412107511516691,0.9918064690944338,0.17013834138785852,0.00024269057171088186,8.374476964975088,0.44084192753489043,0.004887816272330106,0.5202515597139455,0.6603434713053048,0.07543638084100002,0.3989529589962141,0.07589918072346022,0.40140052316183494,0.1375104699885629,1.0264609216307174
openml_46332_anneal_clean,real_openml_multiclass,real_openml,85.5,5,38,180,718,0.0,0.0,,0.0,0.0,False,718,1.414596194620986,1.1176871172797462,14.722316284999527,16.454943248261785,91.16666666666669,0.4958094272760189,0.7505295649793104,0.6386093133700226,0.7228300428516616,0.1921369571581284,1.187764057925177,,,0.0617102016993802,0.1028349078087436,0.8169272553769354,0.8371129520397781,19.284343169938246,,,,,0.1059938583848623,0.1505329457585388,0.0,0.0,1.6219813403478132,0.6741228265803741,22.53660010173377,0.9723388241866529,0.0615921448533826,0.105890340591479,0.0891364902506963,0.1646632210365993,0.1389582518290329,0.0153203342618384,0.1229091597014693,38.0,5.0,718.0,1.613883494296594,2.200682914313693,20.22420748878936,,0.192200557103064,0.0089102641234819,0.24651810584958217,1.0170814950856595,0.24651810584958217,6.0,0.008356545961002786,0.3333333333333333,6.319229117216795,15.843330989217066,1.4145961946111352,4.0,1.4473861907820897,0.8370467224546722,0.9303637842863784,0.636523709902371,0.9192294281729428,-0.0933170618317063,,,,,,,0.3801916932907348,0.0,0.0,0.0,0.0,0.0,0.851884566209586,0.9790891050044741,,,0.0,0.2085682374215509,0.0,0.0,2.930868432563512,0.0,0.0,3.806836611434626,1.1877641727921369,1.1877641727921369,0.4108068203955093,-1.1486695994378238e-07,-1.1486695994378238e-07,0.0,0.6534668506987331,1.1877641727921369,1.8207061581567499,-1.1486695994378238e-07,0.0515450095577229,0.9761577683418428,0.702247840315204,0.5106667224343954,,,,0.8381006239800747,0.024430095147037128,0.0,3.8462291365249763,0.732255600484121,-5.948420735511878e-16,0.6401780989212676,0.7848997842455979,0.025027416432969962,0.11269460338070937,0.0,0.0849538873590393,0.13376876823891792,1.0731291134726182
openml_46334_glass_clean,real_openml_multiclass,real_openml,8.4444,6,9,43,171,0.0,0.0,,0.0,0.0,False,171,0.7657246611507086,0.7605338045565668,4.038296301484917,3.0712608500950367,8.714285714285714,2.0133231257717834,0.6255367816647759,0.1372331877058992,0.4952402596816022,0.2793125677497545,2.1710541960089595,0.2258034229398582,0.1858452032418385,0.2271316783689162,0.1869384103197317,1.0058823529411762,0.8775399847475475,6.237392686621452,0.7418372916022503,0.220974435597725,0.0005803555281076,0.0014870376751154,0.2423777527884163,0.2896679290052132,0.0509401709401709,0.1510175457156929,3.8363065324162,0.5652730526934941,5.338017573345689,0.9700420642248896,0.3480707893645435,0.1466219804361467,0.52046783625731,0.4050944338153044,0.1483825385792231,0.2982456140350877,0.4588314677411235,9.0,6.0,171.0,0.6404213726292659,1.538376616059349,4.254550775763367,,0.6023391812865497,0.0791696837652699,0.6432748538011696,1.2028528265184684,0.6432748538011696,7.0,0.04093567251461988,0.7999999999999999,2.0287666010079124,3.6669875776397514,0.7657246611238411,4.0,0.5715233282160512,0.4678362573099415,0.6842105263157894,0.40935672514619875,0.5730994152046783,-0.21637426900584789,0.9663682685807401,0.8527835998114336,0.40653723682808635,0.005706285733999443,0.0,0.0,0.8974358974358975,0.1323529411764706,0.0,0.5641025641025641,0.0,0.0,0.558338467554269,0.9408935604481053,0.0,0.00016922210609634554,0.0,0.36484848484848487,0.0,0.0,2.3218299885518627,2.321092549241649,0.6699960320994333,4.329481395113791,4.068979027805342,2.5486358006992873,0.5273610171511001,0.3572532878445349,0.09728501560106473,2.32061707856454,2.3218299885518627,3.9647857280995087,4.135630896716287,0.2924144274091054,0.4226922467681584,0.8998270800775416,0.4260244045377252,0.23472328659609248,0.7849957987270404,0.20736825824415928,0.025065670188734648,0.7896134210724937,0.20858807152794856,0.025213115307491898,2.4702111747270585,0.9262145485496204,0.0012442123571859416,0.26688126152274516,0.6487452656739068,0.06271885748492147,0.3085932654355107,0.06308779194071519,0.3104085199380723,0.3422783861179787,1.3757773291100615
openml_46342_odds,real_openml_multiclass,real_openml,94.5,4,2,60,237,0.0,0.0,,0.0,0.0,False,237,0.9763078507070974,0.3570351727581293,0.1813705164505683,0.0647556536741598,151.0,2.583778904409069,0.0002018249637544,0.4021259520140398,0.1882550419597491,0.0783394106004119,1.2605087114185811,0.3642849530263425,,0.3658285333357763,,1.0042372881355932,0.5173596733465128,17.647669935127524,0.95789953289992,0.0242051740430544,0.0371332485589183,0.0415805985254586,0.4446159094507907,0.4660749976118049,0.4205963574513625,0.4643275596068032,3.772861262317403,0.0282085662158569,0.0810807994131977,0.9893713614271216,0.0714263535102472,0.0284103911796118,0.679324894514768,0.4965837688610361,0.2416828727319024,0.4978902953586498,0.5010537419485809,2.0,4.0,237.0,1.2878346706739934,0.0770169848997537,0.0631116391609894,,0.6413502109704642,0.9240309245284803,0.8438818565400844,0.6485907557606443,0.8438818565400844,1.0,0.004219409282700422,,,41.52051282051283,0.9763078506906196,2.0,0.6644228821105899,,,,,,0.9750151756055645,0.95789953289992,0.9407838901942757,0.08988813766116363,0.03240560841048065,0.0,0.9675925925925926,0.40977443609022557,0.006578947368421052,0.9398148148148148,0.38011695906432746,0.0,0.9493417115470979,0.9664573542527423,0.0,0.0672779068587791,0.023268398268398268,0.8371001031991744,0.0,0.8077055383556931,2.583921616209553,2.583778904409069,2.583636192608586,3.7928077307761856,3.772861262317403,3.752914793858621,0.09151553376951327,0.07142635351024729,0.051337173250981305,2.5837075485088277,2.583850260309311,3.762888028088012,3.7828344965467946,0.061381763380614296,0.08147094363988028,0.2436493704294577,0.18825504195974913,0.13286071349004058,0.36428495302634256,0.36428495302634256,0.36428495302634256,0.3658285333357763,0.3658285333357763,0.3658285333357763,1.3700658214713695,1.0042372881355932,0.6384087547998168,0.16055787772489485,0.21595220619460342,0.36428495302634256,0.36428495302634256,0.3658285333357763,0.3658285333357763,0.821323021467705,1.1871515548034812
openml_46361_Risk_Level_Classification,real_openml_multiclass,real_openml,9.7758,3,18,15720,62880,0.0,0.0,,0.0,0.0,False,1999,1.0070538998320442,0.4761266951757509,17.032062885607594,8.109419813749907,9.77578906851424,1.598505153395178,1.2132741842206052,0.6605359580756476,0.8905983441160188,0.1547170326277382,0.8951824028291722,0.1641860375424359,0.2460868074945525,0.1644050397512273,0.2471341286790402,0.9983033728822892,1.256673316074326,5.700020547359023,0.8253638949848077,0.20173900369608,,,0.0,0.0,0.0,0.0,2.336638577998485,1.1547825808798655,2591374.6371046654,0.8822097391867519,0.1570489782258653,0.1927050220086673,0.0445222611305652,0.1502177527394602,0.1207757207483044,0.0105052526263131,0.1019808557640407,18.0,3.0,1999.0,0.5772774436979315,1.610268181269522,2591373.071235157,,0.1140570285142571,1.5039566736463445e-07,0.0865432716358179,0.8298458984232985,0.0865432716358179,5196.0,0.08263358778625954,1.0,3.9804325154769495,6.158321815043362,1.0070538998319962,2.0,0.7036965950742692,0.9178904475617902,0.9686239144956579,0.8484542418169673,0.9859826319305277,-0.05073346693386771,0.9999946863612198,0.8483403801136492,0.25265699143017767,,,,0.0,0.0,0.0,0.0,0.0,0.0,0.7856517889717526,0.9902074662023757,0.0,0.0,0.0,0.0,0.0,0.0,3.5849561804964467,0.9201191731882112,0.2779430531284723,4.435619490530925,1.653604887785113,0.9761227627376451,0.8291435121100283,0.14025404288387877,3.6928974966876638e-06,0.7702072105756125,2.8095382181627278,1.628966773533533,3.3114483610280816,0.013271392202226728,0.1908411917871539,0.9999998070521536,0.8905983441160188,0.781196881179884,1.0,0.029018093882440803,0.00019577252159318345,1.0054786689961381,0.029876876426595842,0.00019779373491141323,5.226896186184584,0.9502869038310795,-7.00482946025017e-17,0.8358976126479514,0.9452990755840862,0.010966935582107318,0.25405170763278406,0.01070019497484297,0.2513043706164904,0.13081440912744657,1.244634515532609
openml_46372_Multiclass_Classification,real_openml_multiclass,real_openml,1.0,10,7,1000,4000,0.0,0.0,,0.0,0.0,False,2000,0.0,1.1428349464819592,2.2045900925534925,2.519482600438028,1.0,3.584954871162618,3.4072074353510326e-06,0.0,0.4449679824007408,0.3066383932141849,3.321928094887362,0.1002684517916111,0.1017901914466392,0.1024593397944089,0.1046050169743049,1.0163556400055864,0.3835470781298252,6.0027041390285305,0.6599120186202263,0.1951528418526176,0.022569433517774,0.0361760426474514,0.4986111111111111,0.1702292534712343,0.1057222222222222,0.1240837123750239,6.353477697699543,0.2700880954969052,4.285977906722236,0.99666825,0.5534052683504369,0.2700899579694057,0.588,0.4767831326944942,0.1082732128779236,0.4455,0.4971451766469547,7.0,10.0,2000.0,0.0,1.9501381626903649,1.97463774134824,,0.781,0.0622867261603788,0.6855,1.153232372870027,0.6855,400.0,0.1,0.7,9.88242106935302e-09,1.0,0.0,0.0,,0.18466666666666667,0.5833333333333334,0.7206666666666667,0.5333333333333333,-0.3986666666666667,0.9957393425208646,0.6109471906296403,0.4645347986879591,0.18978418686860116,0.00785085940314622,0.0,0.805,0.505,0.0,0.425,0.0625,0.0,0.5139168265358068,0.7601645727157529,0.0011058720209529034,0.03297098809452906,0.4275,0.615,0.0,0.1775,3.584956726082241,3.584956726082241,3.584948061116923,6.876726224285708,6.321083355800398,6.0025633180385665,0.9043171834589927,0.5858014651692054,0.030149931718577605,3.584954566346219,3.584956726082241,6.225869257227765,6.4111162356583,0.49576858531130297,0.6810155637418385,0.8147543255138104,0.43134867426010765,0.025882657971361314,0.29519699910572844,0.03719477925782838,0.001572690841393944,0.30541003654153936,0.03708719798243827,0.0015853976634319796,1.6955793851222236,0.9552353263749144,0.6049420771412926,0.2225631180068391,0.6988319915231147,0.019410617846397943,0.16386121053763267,0.01953187236410378,0.16820611832705698,0.7635987986919718,1.1657675470083662
openml_46382_company_quality_and_valua,real_openml_multiclass,real_openml,3.9545,6,9,144,575,0.0,0.0,,0.0,0.0,False,575,0.3785116609890981,1.3077352346451652,0.9822139500757252,1.2844757904740332,3.971428571428572,2.999984674159116,0.0,0.0326187630455111,0.2465351515353158,0.2686579945572301,2.469730160461239,0.0729095955933867,0.0905519923621601,0.073036615794769,0.0907097484464148,1.001742160278746,0.3464193799051636,12.318192206029437,0.9060302229807328,0.1103209459849816,0.0008536665000145,0.0026704289215217,0.7160138421611476,0.2695480098663269,0.3502828612362972,0.369179610108627,5.269220304322932,0.1374398642831724,1.1388750885490324,0.9967879017013233,0.2004945302974222,0.1374398642831724,0.7530434782608696,0.5179770575410837,0.0834366604983511,0.5826086956521739,0.4935579546801841,9.0,6.0,575.0,0.4596021555537936,0.5926063768707567,1.0581672747876356,3.772525790833564,0.9304347826086956,0.4487020671004968,0.9460869565217391,0.6155383135528727,0.9460869565217391,35.0,0.06086956521739131,0.4857142857142857,4.2674102388597825,2.00190583696165,0.37851166098514843,2.0,-0.39395404182545274,0.29217568353694007,0.4243837260034904,0.3617655613728912,0.3826534322280395,-0.13220804246655032,0.9949307945160237,0.9565645648981261,0.7140771139009335,0.01040618987106818,2.167207817769601e-05,4.4680316843286386e-07,0.9662447257383966,0.86,0.1386861313868613,0.8354430379746836,0.19402985074626866,0.0,0.8302321149253448,0.9904201904311482,5.1155885930163065e-06,0.00017310048005664004,0.5627752813987632,0.9360939907550077,0.0,0.7310477657935286,2.9999846741591156,2.9999846741591156,2.9999846741591156,5.428872194865595,5.214377699351843,5.106045765463042,0.36366906915731256,0.2553371352685119,0.04084263975475988,2.9999846741591156,2.9999846741591156,5.178003149921701,5.412552319564832,0.05716251505552261,0.2917116846986536,0.7170291782071805,0.16274746511823251,0.042946056274576365,0.4872964936122977,0.05393848435605688,1.2063725773965401e-06,0.4881454422074411,0.054032453840997745,1.2084742717822486e-06,1.6823091660774212,0.9738704556287325,0.4678680926788604,0.12250358481677706,0.18744947325981298,0.014576411916935364,0.09576086812377922,0.014601806362783685,0.09592769890448266,0.8644249766130511,1.1176562780825492
openml_46420_Apple_Stock_Price_Trends_,real_openml_multiclass,real_openml,1.2208,3,18,504,2012,0.0,0.0,,0.0,0.0,False,2012,0.0942579724542827,0.5874638177375371,0.0370464274657906,0.0217634357125901,1.2199036918138042,3.5849525180602395,9.500589466908078e-06,0.006860120094704,0.1661843028731406,0.0808691474723825,1.5786816870259317,0.509007050740493,0.4067517248383451,0.5092601621530942,0.4069539882519894,1.0004972650422674,2.7622003171371405,84.74713033273306,0.9896374507034332,0.0058180545044675,0.3898595813487906,0.0682544669523141,0.9928211075319971,0.0012661288089393,0.9371275546582334,0.0064776136527495,5.145006061798869,0.0047819558091734,0.064537159176938,0.9992490385717504,0.0186281432873034,0.0047782361147759,,,,,,18.0,3.0,2012.0,0.0842088893344819,0.0617742640557734,0.0525130402174337,,,0.9388185275952758,0.9829914957478739,0.17567169550985626,0.9829914957478739,623.0,0.3096421471172962,0.4616372391653291,0.6590093620388647,1.1459338670178063,0.09425797245414223,2.0,0.7023322881437062,0.38851169004676017,0.34311823647294587,0.3818329993319973,0.39185571142284575,0.0453934535738143,0.9965143984724268,0.9930508115588503,0.9783157075811424,0.45635951386461526,0.38056134630463784,0.36455701006644764,0.9935691318327974,0.9934497816593887,0.991304347826087,0.941304347826087,0.9381368267831149,0.9284565916398714,0.9836399825454223,0.9939918522365048,0.37255917818554274,0.4184604300846265,0.9923770647427379,0.993509456746093,0.9332967092114932,0.939720587304601,3.5849561804964467,3.5849561804964467,3.584943189563619,5.1544846354562175,5.145587115901904,5.135441419390632,0.02820883202631652,0.018063135515043793,0.009165615960730733,3.5849561804964467,3.5849561804964467,5.142899275541086,5.1475690586464005,0.01608119277054798,0.020749888959085805,0.22297116436997813,0.16743902796257923,0.11190689155518033,0.9998727791373824,0.485271606885183,0.00011963710654024908,1.0001885083721904,0.48632644205591136,0.00011970433035841416,11.420783156773677,0.016090917089075958,7.816174086397847e-06,0.13967295975887978,0.19520509616627868,0.0814964299936244,0.9077716163079588,0.08146355246510736,0.9086910680687484,0.00029083475077736905,0.3259571880880032
openml_46435_Apple_Stock_Price_Trends_,real_openml_multiclass,real_openml,1.2208,3,22,504,2012,0.0,0.0,,0.0,0.0,False,2012,0.0942579724542827,0.5874638177375371,0.0370464274657906,0.0217634357125901,1.2199036918138042,3.507288481868497,0.2725540699090345,0.006860120094704,0.1822516364091077,0.067924718144404,1.5786816870259317,0.3934593116717093,0.4114878580675948,0.3936549652329581,0.4116924765947292,1.0004972650422668,2.6686825254496447,90.71519918740404,0.9910818017303248,0.006193452784064,0.3898595813487906,0.0682544669523141,0.9928211075319971,0.0012661288089393,0.9371275546582334,0.0064776136527495,5.0685675538842965,0.2699511841677406,0.0743452168946389,0.9992268061610456,0.0174026150101331,0.0059304315614496,,,,,,22.0,3.0,2012.0,0.0842088893344819,0.0710450852825919,0.0559992665820579,,,0.9299102671083432,0.9814907453726863,0.16256074303939588,0.9814907453726863,623.0,0.3096421471172962,0.441733547351525,1.1104246912584212,1.1459338670178063,0.09425797245414223,2.0,0.7023322881437062,0.38851169004676017,0.33711022044088174,0.3764943219772879,0.3992037408149633,0.051401469605878436,0.9995554067801007,0.9933258684639137,0.9783157075811424,0.45635951386461526,0.38056134630463784,0.36455701006644764,0.9935691318327974,0.9934497816593887,0.991304347826087,0.941304347826087,0.9381368267831149,0.9284565916398714,0.9865764416014546,0.9941815590326755,0.37255917818554274,0.4184604300846265,0.9923770647427379,0.993509456746093,0.9332967092114932,0.939720587304601,3.5849561804964467,3.5849561804964467,2.3209148562045234,5.1544846354562175,5.144445598038665,3.8944370363318264,0.02820883202631652,0.017600888882887133,0.005171890793198131,3.5849529197461165,3.5849561804964467,5.137512489956643,5.147107661010235,0.015151588656303616,0.020749888959085805,0.23025641337011876,0.1830945269933939,0.13593264061666907,0.9998727791373824,0.14582087739856012,0.00011963710654024908,1.0001885083721904,0.1462031336496376,0.00011970433035841416,12.294288414537757,0.10564892980519028,7.807597635604626e-06,0.1595135838050315,0.20667547018175633,0.02104176013774723,0.8740818753595107,0.0210615020912773,0.87254934518635,0.00046533584288041086,0.8690653528776661
openml_46441_Credit_Score_Classificati,real_openml_multiclass,real_openml,2.9826,3,16,20000,80000,0.0,0.0,,0.0,0.0,False,1998,0.4425590176038672,0.6695705289812669,0.5473216991088224,0.36647047959522,2.982681250876455,3.2305810599336136,0.8901203122988091,0.1485695078442932,0.3543024757237671,0.1643755976625229,1.445617030961903,0.0355924617381246,0.0804953454236692,0.0341216768555841,0.0816334587984526,0.8564459247364594,0.4641609308062897,15.174025473543669,0.9401519465249356,0.1334370519600775,,,0.962342409820128,0.0340002099261301,0.9038804274661584,0.0667503941494476,4.580928906493369,0.8719157378677955,0.3444429668822071,0.9987667848028208,0.0952691844021466,0.0713532034308271,0.6491491491491491,0.4949237295063048,0.0991634020991024,0.477977977977978,0.4996398457676625,16.0,3.0,1998.0,0.2777308602527623,0.2780798257148927,0.2843595819400638,1.2864285985252928,0.8568568568568569,0.7344687836765885,0.8213213213213213,0.10130748185752671,0.8213213213213213,14262.0,0.178275,0.5845884167718414,7.510129768133313,2.1476560267163194,0.4425590176038506,2.0,0.4153779492595946,0.6101509686038744,0.5480507682030727,0.39854776219104876,0.5987975951903808,0.062100200400801664,0.999939751715686,0.9988164681498592,0.4859505398185987,,,,0.9890377588306942,0.9739252995066948,0.9240641711229947,0.9567600487210719,0.9260042283298098,0.8288770053475936,0.9521400670229088,0.999333993936759,,,0.9489947353148447,0.9814815291686945,0.8774406168387017,0.9413821385254408,3.584955995579937,3.547338564026184,0.0,5.021049168478498,4.834359703985055,1.4456170395404884,0.22843778744415122,0.09350253566056166,-8.578585397600591e-09,3.377220042239264,3.581664922264117,4.6632669639368585,4.976007062311709,0.03175951969124036,0.14359101275320496,0.47053357549252844,0.354302475723767,0.23807137595500552,0.5767702137797961,0.012274134382292645,1.0727463009434642e-18,0.5820927361982535,0.011020374778603428,3.0861170866495514e-36,2.1227335354097447,0.8254379988183373,1.2043089724855085e-35,0.2961869258393863,0.4124180256081477,0.006469720558927984,0.030041998882449787,0.005031526976457929,0.02544770627807643,0.6521686054008649,0.995087257072415
openml_46442_Success-Rates-2,real_openml_multiclass,real_openml,251.5,6,13,432,1727,0.0,0.0,,0.0,0.0,False,1727,1.2649983475528326,0.9583797420502544,0.7985117542497125,0.7652774890619357,268.3333333333333,2.620564593520448,1.494770468095156,0.3357641399074272,0.1839927264371451,0.1647999881906031,1.3888928571114163,,,0.3022946358718466,0.4128407776717576,0.7696764417506058,1.888856413666036,17.46197963961138,,,,,0.4897480787332781,0.2391462885499375,0.2272140791717537,0.3153798967544625,3.929919340647999,1.449382274610185,0.3213467096006399,0.9984556730211172,0.0795381099838647,0.0462879289642895,0.6265199768384482,0.4949587634561771,0.2189331965999144,0.4632310364794441,0.4987906410525844,13.0,6.0,1727.0,1.397535741489509,0.2779027613393623,0.1994453590511163,,0.6606832657788072,0.7419675001445237,0.8187608569774175,0.8082990951501383,0.8187608569774175,3.0,0.0017371163867979154,0.20000000000000004,0.6572054753410801,71.34864904878229,1.2649983475484377,4.0,0.6920104676158398,0.561415220293725,0.548064085447263,0.48598130841121495,0.636181575433912,0.013351134846461998,,,,,,,0.9893948845913911,0.4146341463414634,0.24390243902439024,0.9750467872738615,0.0,0.0,0.9176085478772166,0.9438145492595563,,,0.31004339961581684,0.5959772003933392,0.0,0.41205527849578866,3.459426297732537,3.4106241626533995,0.0,4.752058935943898,4.690577527653252,1.3888930714951713,0.11604917452337649,0.097027204018719,-2.1438375497062623e-07,3.263256048526128,3.4216977857812467,4.555121701618825,4.7214515560118455,0.08048907645182002,0.1089394921115634,0.40777606751020756,0.0949422956251676,0.03198525316253973,,,,1.000579374275808,0.07201908471970857,0.0,6.465021180156728,0.023662098445065446,-4.922598464765638e-49,0.07564346114068003,0.3096165547471305,0.09062162573836581,0.9085340995760899,0.0,0.8358587991846239,2.2935906026335137e-17,0.08790087947757244
openml_46443_credit_risk_china,real_openml_multiclass,real_openml,247.7282,5,12,5505,22017,0.0,0.0,,0.0,0.0,False,1998,1.819979242261645,0.4542187732070167,0.1098762504197894,0.0499078556702637,245.9277108433735,2.6073817800636845,1.240336336374657,0.9034761721749822,0.1231329545962039,0.1113675154465882,0.4597322176023025,0.1662153860142659,0.2160644850382789,0.0762245325746563,0.1333117632586309,0.6475976295312826,0.6778809324303589,19.597257781456847,0.9936401693950132,0.0058365690904482,,,0.4767549587960767,0.1976804509365861,0.1072180130285156,0.2685912491226581,3.0436549901492675,1.2275205096457915,0.1042704870906205,0.9911267623980335,0.0234590075167203,0.0167344115943882,0.1756756756756756,0.3311487560778391,0.15378265593115,0.1121121121121121,0.3155833213154367,12.0,5.0,1998.0,1.504769551913964,0.0978550685206015,0.0810656703003837,,0.2412412412412412,0.9039484965474138,0.24974974974974976,0.7117457618377282,0.24974974974974976,83.0,0.0037698142344551938,0.37108433734939755,0.728645823897892,61.03421017142741,1.8199792422612313,4.0,1.4909870581328213,0.9285237140948563,0.8851035404141617,0.21376085504342016,0.9178356713426853,0.04342017368069462,0.9987009019760529,0.9970190706381746,0.9804610490384258,,,,0.956610515569168,0.4441964285714286,0.21875,0.8667687595712098,0.013433637829124127,0.0,0.989111890649174,0.9977655520424105,0.0,0.0,0.36162753320027635,0.5297365620010643,0.0,0.05993790356320988,3.584955995579937,3.375363793493224,0.3375344435331666,4.029495778477758,3.7886135370963565,0.7944049279166273,0.05416636052439605,0.01972974278153261,0.002356309598014139,1.962918771501692,3.5687903582350495,2.413246555104471,3.992728692649598,0.010738674711908341,0.03689525728246468,0.273837203394278,0.10219657230769812,0.01430147037514139,0.9791238584509562,0.06793782716713513,0.002229993218263083,0.6685236940259528,0.017745360762921172,0.00011792119467680657,2.311421995261182,0.5117131472411565,0.0019572570482842364,0.05787680062261405,0.16745272628128796,0.02339215216596504,0.25814112932933886,0.006366813500345299,0.07019846782572474,0.08690449900841475,0.9655045748673048
openml_46475_EDA-Home-Mortgage-NY,real_openml_multiclass,real_openml,45611.0,7,28,17587,70344,0.0,0.0,,0.0,0.0,False,1996,0.9951453207236468,1.7791796380413174,21.906422876764623,38.97546152466212,15.98159509202454,2.07489307841356,1.2473835061128344,0.265796963688176,0.3990417037583119,0.3678545713709625,1.985224182531776,0.0952286501718157,0.1472334410396714,0.0943427530008087,0.1471738533323152,1.1088637892998847,1.09072387287765,13.760843638758296,0.879723675069702,0.2450565628957138,,,0.4972027947416411,0.4111689717952547,0.4155345309827272,0.3479145241919713,3.915851092776673,1.316744581233507,17071389.89647373,0.9896363368018604,0.1442661681686626,0.1705362091901339,0.5155310621242485,0.4558666334115792,0.1566600504356151,0.4008016032064128,0.4901836991012618,28.0,6.0,1996.0,0.8808054385250628,1.3374393494057402,17071389.469078213,,0.6673346693386774,4.01340027538489e-08,0.6793587174348698,0.25602141258746586,0.6793587174348698,2282.0,0.03244057773228705,0.2641542506573182,3.0611008212673645,4.7461896974915545,0.9951453207235619,4.0,1.4077490236765255,0.6590906042339029,0.5608365325027566,0.5735071213377223,0.6590906042339029,0.09825407173114631,0.9995355183325109,0.9824127938730652,1.7112645621676893e-29,,,,0.9815157116451017,0.4823045267489712,0.0,0.9075785582255084,0.4288065843621399,0.0,0.9306713767037706,0.9958587118258645,0.0,0.0,0.0,0.8967940060454048,0.0,0.7049970605526161,3.584956710647189,1.7607602310687671,0.0,5.550144848585878,3.4898858022303245,1.9852242900186399,0.5963960611662262,0.05832780744950927,-1.0748686407602293e-07,0.9946175079922192,3.5844220742940007,2.8656056227655267,5.4484952824114234,0.024616696052657483,0.24250344361497722,0.9999999707112315,0.1989050179945021,0.13196029086739416,0.9722393010596327,0.04861065063725302,0.00041851726276835886,0.9703746961190102,0.04886695996421914,0.0004950709752674857,3.982023222249861,0.8089169040844795,0.0245805193729689,0.15927466520218095,0.5050685740162513,0.018302444960306724,0.10574235807645799,0.019266350664117277,0.09854101514803226,0.36170502085941103,1.4176337186617893
openml_46479_EDA-Home-Mortgage-NY-2,real_openml_multiclass,real_openml,16.0829,6,28,17586,70344,0.0,0.0,,0.0,0.0,False,1997,0.9961397303186916,1.7504473285970066,21.92968995258072,38.38676719445553,16.08153371529308,2.040144790484789,1.2575098722923357,0.2661200981588488,0.3949507158967998,0.3704119342434908,1.984703666164156,0.092939790589541,0.1466292165867297,0.0893804508636167,0.1440777257293639,0.956318537874132,0.9415920586708384,14.78850019651904,0.8733393678131033,0.2476937145962322,,,0.4966016261230173,0.4098856780167985,0.3750678770195375,0.3169603663587325,3.890642577770752,1.325516221796454,228872297.45755845,0.990251777265297,0.1342058788781922,0.1652012420506937,0.5413119679519279,0.4572639660700242,0.1581883087075687,0.42864296444667,0.4950059322500597,28.0,6.0,1997.0,0.883168237380385,1.32875034405699,228872297.0476228,,0.6870305458187281,3.030872627211547e-09,0.7045568352528793,0.3309661125920558,0.7045568352528793,2269.0,0.032255771636529054,0.27060379021595415,3.0456589560548437,4.7758865066738085,0.9961397303186067,4.0,1.406188073776253,0.6593186372745491,0.5798263193052772,0.5664662658650635,0.6593186372745491,0.07949231796927192,0.998751367050511,0.9870957163164129,1.598147592028806e-29,,,,0.9571428571428572,0.48355263157894735,0.0,0.7985212569316081,0.3684210526315789,0.0,0.9065359761409248,0.9961605535862408,,,0.0,0.9203616226618897,0.0,0.6746766607877719,3.58495617205541,1.734120827948741,0.0,5.549716253907311,3.472138440465531,1.9847037736804582,0.6051093764502653,0.0654746789051297,-1.0751630230565468e-07,0.9646946822371085,3.5847418709542866,2.790072981074385,5.471977703635413,0.024694767257694927,0.19773400588026524,0.9999999978153752,0.23437118471409984,0.1043337607186854,0.972676844666236,0.049825299828838945,3.283936578157094e-18,0.9860297492607647,0.04691267988661671,6.175326474989132e-36,3.8187490119643677,0.6650073659750868,2.2204460458451893e-16,0.14387491566773947,0.4921737205680989,0.01737444870592285,0.10382014715193,0.01713615624372559,0.09917016138137437,0.2709187225192212,1.3047591914679202
openml_46481_Financial-Risk-Assessment,real_openml_multiclass,real_openml,6.0,3,10,3000,12000,0.0,0.0,,0.0,0.0,False,2000,0.6164414002968976,0.6217830471675075,0.0017352151254011,0.001078927348163,6.0,3.048343999586632,0.725209602723658,0.2645914396887158,0.0873809318821829,0.0129244325909102,1.2954618442383217,0.0186530225612465,0.0143947208265615,0.018746472496559,0.0144318016234843,1.0057408582130958,0.0786413726071543,169.74748201642663,0.9984539640576664,0.0009760714019253,0.9552267129884352,0.0262399973990519,0.982367724867725,0.011587867819752,0.963637566137566,0.0213719244402322,4.336174143909,0.7220189409818906,0.0155632084747132,0.99893225,0.0076316999159549,0.0038359551771174,0.669,0.5052352387525504,0.0731566031987679,0.496,0.500109042636967,10.0,3.0,2000.0,0.463547228508435,0.0154378954709943,0.0094036940010086,,0.955,0.9846191358249848,0.9195,0.08703653268992151,0.9195,1200.0,0.1,0.28316666666666673,1.1705951105822014,3.6666666666666665,0.6164414002967435,2.0,0.2390631469295448,0.6,0.4593333333333333,0.6,0.6,0.14066666666666666,0.9997725813437112,0.9987151505933802,0.9969737399135801,0.9854984759546661,0.9412100896031257,0.9389715734075139,0.9938888888888889,0.9825,0.9707142857142858,0.9855555555555555,0.9625,0.9428571428571428,0.9977181270991333,0.9991835633435582,0.9400908315053198,0.9633542827788959,0.9766071428571429,0.9881944444444445,0.9526785714285715,0.9740277777777777,3.584956726082241,3.447143374642816,1.5849122887687017,4.871558689668676,4.731864183896734,2.877942406105197,0.013272142691948652,0.008199779418256448,0.001474812564956185,2.5293058588825916,3.508748425090749,3.81899948414754,4.792371242763953,0.005275744855130049,0.00953204987678724,0.09651988581020389,0.08738093188218293,0.07824197795416199,0.051551498466652926,0.015983007064300173,0.0003854212463047401,0.050985796542671644,0.01599518473675596,0.00039757601717853704,1.1192875187108742,1.003771862579592,0.8997614887329892,0.08281145491817246,0.09195040884619342,0.007345927829901477,0.026401135033810495,0.0074670159370736474,0.026705476688840626,0.9412210874820317,1.0642066894148154
openml_46505_total_score,real_openml_multiclass,real_openml,9.4773,4,10,144,575,0.0,0.0,,0.0,0.0,False,575,0.8077863050063213,0.8040829483643241,0.6702666976942332,0.5389500224723982,9.542857142857144,2.999984674159116,0.0,0.2987638033092897,0.2932396923781082,0.2834123009023612,1.5576043647036584,0.0658582061749814,0.0795145130299128,0.0659729417258089,0.0796530400560973,1.0017421602787455,0.3249006704845543,13.924129562564197,0.93974331397016,0.0776988406838347,0.0003045732280848,0.000458067334498,0.6381400574566379,0.2681812613338759,0.2896957627142213,0.3684609313249387,4.445725359506374,0.0823391896659627,0.655712793538115,0.9942563327032136,0.1118636793564005,0.0823391896659627,0.6191304347826087,0.4836734233014619,0.0929987747418455,0.4504347826086956,0.4979704301569627,10.0,4.0,575.0,0.6390477074772547,0.4186136161635636,0.6183312087312877,,0.8295652173913044,0.5955024846873,0.808695652173913,0.4428333946072504,0.808695652173913,35.0,0.06086956521739131,0.46285714285714286,4.3311657955958545,4.148525103158412,0.807786305000702,3.0,0.8219504348822118,0.5808700552646888,0.5269960732984292,0.4972549447353112,0.5895597004072135,0.05387398196625959,0.9989535691809183,0.9802527618941892,0.8147350664908465,0.0010597657726481508,3.590423112891242e-05,2.4321417008455565e-07,0.985200845665962,0.6931690381888416,0.2845528455284553,0.9133192389006343,0.1745635910224439,0.0,0.8727725490673051,0.9964810361908699,9.869359460713873e-06,0.0005297991956785391,0.436763694212744,0.7893822577574718,0.0,0.4440779120160763,2.9999846741591156,2.9999846741591156,2.9999846741591156,4.538095901296079,4.455688761533582,4.342125785973826,0.21546325288894863,0.10190027732919216,0.019493137566695573,2.9999846741591156,2.9999846741591156,4.363728124604727,4.521766431793633,0.03582260706914164,0.19386091425804763,0.6181258110858284,0.1648449766850689,0.09674828936342723,0.4865583454677217,0.04664204777184106,0.000356137050364796,0.4874060080904878,0.04672330569478852,0.0003567574981877311,1.6163530061940317,0.9712054829312385,0.4559181290544329,0.13079663302424807,0.3914853938854487,0.018457326887912445,0.08710407509804038,0.01848948250966837,0.08725582435779307,0.8410569584683997,1.1565285120558033
openml_46506_Credit_Score,real_openml_multiclass,real_openml,2.9624,3,21,10000,40000,0.0,0.0,,0.0,0.0,False,1999,0.4420828598803622,0.6660389659051802,0.5195023618853672,0.3460088158954287,2.962416481069042,3.0682654902695106,0.9198103484269916,0.1485250419405506,0.3892423264595248,0.147216620576826,1.4463874769314644,0.0365172984836208,0.0713501584332819,0.0373759863966989,0.072652510697477,1.1022394348816096,0.6549868022384743,16.446126923619254,0.9745027880234052,0.0480351476847925,,,0.9797645794250812,0.0178915402232268,0.9267220072285652,0.0521443723596865,4.426705970096494,0.9158459430056356,0.4101786969390528,0.998573573930537,0.0879469971044806,0.0697350230741085,0.5942971485742872,0.4896304646192229,0.0801250309964904,0.4342171085542771,0.4957777430037592,21.0,3.0,1999.0,0.2766140453616109,0.3246919107893078,0.3216753638768238,19.038515566867,0.8859429714857429,0.6950970446043472,0.8244122061030515,0.14426088328320294,0.8244122061030515,7184.0,0.1796,0.550445434298441,7.649967697558062,2.1376940632832864,0.442082859880329,2.0,0.4294441633754327,0.5930567802271209,0.5577074148296594,0.39092184368737476,0.5710447561790247,0.035349365397461585,0.9998344535887427,0.9980597647665611,0.8202333051120894,,,,0.9957317073170732,0.983134223471539,0.960427807486631,0.9780487804878049,0.9283204497540407,0.8737967914438503,0.9619860555519084,0.9993104040335122,0.0,0.0,0.971781015479085,0.9894329653943061,0.9010586205989455,0.9531846151209228,3.5849561804964467,3.4989180396092645,0.006206801842550608,5.021684634034834,4.831341907180492,1.4521396376331726,0.22831339472504286,0.09524659072704633,0.00045464114084237117,3.060672653937933,3.5748573596815167,4.3968988465400045,4.966912636026786,0.027794697148216585,0.12565404548687908,0.4933401971727651,0.3892423264595245,0.28514445574628383,0.5691090387568404,0.015198392947882536,7.307785179296096e-05,0.5852040447747098,0.01561057546250989,8.813614930711764e-05,3.3453056160496057,0.9307091039490591,0.37760349471136795,0.33719339110290414,0.4412912618161448,0.00747520179653561,0.03323770946508957,0.007616512782014104,0.03422084599678549,0.7581679253713185,1.1759870232291953
openml_46507_Interest_Rate,real_openml_multiclass,real_openml,2.0929,3,11,6573,26289,0.0,0.0,,0.0,0.0,False,1998,0.2828595742078227,0.5777699991931063,0.0967915244732573,0.0559232390168134,2.0927777777777776,2.526871934845292,1.032296804199434,0.0547160641195614,0.2640201646898501,0.1857591379985621,1.5231653819017723,0.1006228547628147,0.1220750373000348,0.1003589745344257,0.1242095594164433,0.9965419365830696,0.5291212543057999,83.09233337220589,0.9841170800257368,0.0165458026727167,0.2903753042902897,0.05834084544338,0.9884819689936328,0.0067156345264175,0.9742123526317124,0.009252694245697,4.031706318927099,1.0337657959324624,0.2031981260986591,0.9990891792693596,0.0183309978199657,0.0137155352066686,0.7527527527527528,0.5181163262897823,0.0956333700184941,0.575075075075075,0.4944553554337793,11.0,3.0,1998.0,0.2252611762539304,0.17391975207568,0.1852818195147983,,0.9064064064064064,0.8288316090563651,0.9569569569569569,0.2592121673399783,0.9569569569569569,5400.0,0.20540910647038685,0.41896296296296304,1.232703413883673,1.6823313864552913,0.2828595742077905,1.0,-0.4623824572977811,0.458312625250501,0.40359786239144957,0.49632064128256514,0.5083340013360053,0.05471476285905141,0.9998873129931763,0.9899593378430227,0.9547617386061942,0.3543721291292389,0.27659663541862595,0.2401571483230042,0.9962216624685138,0.9850275807722616,0.9841966637401229,0.9848866498740554,0.9692712906057945,0.9684791174152876,0.9749696781660995,0.9978650949496584,0.2583768918708151,0.3154843822739324,0.9846121222561923,0.9906246216203878,0.9688752040105411,0.977078970239925,3.58494732194098,2.665032087988295,0.8804326807374999,5.088532748895668,4.184286048712995,2.4033511788450515,0.038472621423453646,0.01696810430940321,0.00024688379422110884,1.6600413540382184,3.5211389096317705,3.1477686882034437,5.019997847191809,0.007595775057445353,0.03202412921185238,0.39537171083600103,0.2640201646898502,0.13266861854369932,0.6832224811015228,0.06079052442182485,0.00016606478392549014,0.7176403019914843,0.059173357499653,0.00015953145364199092,2.269076511297386,0.9804080966715721,0.3160214433338897,0.19834439161677475,0.3296959377629256,0.020804045475271662,0.11700675533238486,0.021284269824431747,0.11935598895244715,0.7165609201678762,1.0988598769193114
openml_46515_Financial-Risk-Assessment,real_openml_multiclass,real_openml,6.0,3,21,3000,12000,0.0,0.0,,0.0,0.0,False,2000,0.6164414002968976,0.442923497356704,0.0022324455498878,0.0009888025906147,6.0,2.0371414094800704,1.1546271150485148,0.2645914396887158,0.1211147464483562,0.0193434819418171,1.2954618442383217,0.0296063311490139,0.0638598625341281,0.0296858103284187,0.0640731059065481,1.0045449952719276,0.3237084501194984,303.9029481927814,0.9986349212117512,0.0010884522935559,0.9552267129884352,0.0262399973990519,0.982367724867725,0.011587867819752,0.963637566137566,0.0213719244402322,3.328340505193108,1.1507793829845558,0.0301827466574152,0.9989875,0.0042627485252842,0.0042537483237185,0.675,0.5065129747243827,0.0636964102318018,0.5245,0.4995242859522728,21.0,3.0,2000.0,0.463547228508435,0.0297117339081326,0.0185052830810164,1.0160695522778789,0.98,0.970497985630032,0.9235,0.0871396728551347,0.9235,1200.0,0.1,0.2886666666666667,2.052047798947474,3.6666666666666665,0.6164414002967435,2.0,0.2390631469295448,0.6,0.48266666666666663,0.5866666666666666,0.596,0.11733333333333335,0.9999644916790882,0.9991066643624106,0.9961682321105805,0.9854984759546661,0.9412100896031257,0.9389715734075139,0.9938888888888889,0.9825,0.9707142857142858,0.9855555555555555,0.9625,0.9428571428571428,0.9979844005129994,0.9993202625681457,0.9400908315053198,0.9633542827788959,0.9766071428571429,0.9881944444444445,0.9526785714285715,0.9740277777777777,3.584956726082241,1.9977920716634172,0.7908580905528101,4.871558689668676,3.2920578037623813,2.084041112020354,0.013272142691948652,0.002278822770777733,0.00013777175016915777,0.8221855039190834,3.4439167473019694,2.116999090040103,4.729776316912036,0.0006482581173021806,0.007539678184626197,0.13479265370117466,0.12111474644835621,0.10743683919553777,0.5148070858091504,0.016662673060457718,0.00012780734265977332,0.5198519492160836,0.016678763899595293,0.00012784732992767085,1.566981348945753,1.0108061444907013,0.318569623611955,0.114275792821947,0.12795370007476545,0.0074158367375703575,0.027849515885846172,0.007477914345081875,0.028078889825441492,0.9010152157815742,1.1391946159447852
openml_46519_Credit_Risk_Modeling,real_openml_multiclass,real_openml,5.5487,4,61,10268,41068,0.0,0.0,,0.0,0.0,False,1999,0.8726753572547369,0.7160132835469231,5.108649301085303,3.6578607605597817,5.549116760017234,1.410509755192891,1.123151680791645,0.3680158205228946,0.542239278204171,0.3115049460092282,1.539708541327859,,,0.1070154169377978,0.1997330957873972,0.9001413566416386,1.7912686347661402,22.466120087901363,0.9317621396154816,0.1411928571363548,,,0.215143056057624,0.3495847643348216,0.0,0.0,2.881683608051911,1.0658030102019496,3.2354342096339708,0.9979594599701052,0.0685346884688395,0.1677723553567306,0.5612806403201601,0.4689064247073303,0.1306160406858658,0.4192096048024012,0.4935532092471408,61.0,4.0,1999.0,0.6361974951525213,1.0761409672585651,2.776873905803569,,0.720360180090045,0.1786720181000245,0.6333166583291646,0.4567506323507309,0.6333166583291646,4642.0,0.1130320444141424,0.6067212408444637,114.65054297489694,3.1514391667733714,0.8726753572546518,3.0,1.1429450866836335,0.7628590514362057,0.6158984635938544,0.23714094856379422,0.8363393453573814,0.14696058784235133,0.9998064971061208,0.9796997266126128,0.2966373630637587,,,,0.8121761658031088,0.0,0.0,0.0,0.0,0.0,0.9713398440631659,0.990763814103311,,,0.0,0.35901162790697677,0.0,0.0,3.5849561804964467,1.3648259476267428,0.0,5.105683469106683,2.7962577498445484,1.539708580906431,1.2638715538306884,0.025832151436929962,-3.957857197534054e-08,0.5309692317953905,2.076841089395984,2.065945652062906,3.4968038762318723,0.01080143676430323,0.0632811759783718,0.857455986567438,0.5346780881566311,0.2345837598884546,,,,1.0358356147186554,0.03993743144068033,0.0,11.928606221947806,0.3847625032868144,-1.1825819250696797e-15,0.38463092402254284,0.6960670373620346,0.012692783596511797,0.10675535373141982,0.00843782319450807,0.10514191987428537,0.00011522478026563255,0.9695007655234734
openml_46520_Credit_score_classificati,real_openml_multiclass,real_openml,2.9826,3,27,20000,80000,0.0,0.0,,0.0,0.0,False,1998,0.4425590176038672,0.6857705713899105,0.5420045456439799,0.3716907669622009,2.982681250876455,3.284314456692785,0.5453960100255512,0.1485695078442932,0.3795487378744653,0.1711486601728466,1.445617030961903,0.0394044875879204,0.068537768437026,0.0393945301639554,0.0694189200500252,0.9913962303965116,0.4253919011096094,20.42119355760557,0.9767873078393408,0.0428325813920863,0.3146340837534718,0.0770812033840306,0.9658660179948988,0.0362726124381747,0.9128616402582456,0.0582439813103114,4.659141451465863,0.5761843199924455,0.4059704829027861,0.9988815141467794,0.0707900361888252,0.069182546049825,0.6536536536536537,0.4933659194888947,0.0623325357763522,0.4764764764764764,0.4995713708060048,27.0,3.0,1998.0,0.2777308602527623,0.3174063527231597,0.3343464402568216,,0.9774774774774776,0.6993409350753144,0.8693693693693694,0.1037942962637978,0.8693693693693694,14262.0,0.178275,0.6011919786846165,6.318428088017922,2.1476560267163194,0.4425590176038506,2.0,0.4153779492595946,0.5580574482297929,0.5133440213760855,0.4553333333333333,0.5921122244488978,0.04471342685370738,0.999939751715686,0.9973189362307426,0.8111295089410042,0.3979462061096903,0.3001042021166686,0.24585184303405672,0.9890377588306942,0.9844961240310077,0.9240641711229947,0.9524969549330086,0.9400986610288936,0.8459893048128342,0.9724310093179293,0.9994014853658769,0.27297802257536263,0.34902520411317944,0.9542801475770012,0.986766941430851,0.8930439829208638,0.9462978079809511,3.584955995579937,3.5272050662929493,1.385980241397943,5.025538524029568,4.858057551633874,2.690188427141219,0.22843778744415122,0.037141314887110255,0.005034502512271999,3.2683755122029052,3.584942985121502,4.589150317041633,4.993373527910241,0.010257739170550728,0.12122886466207516,0.5005691160736776,0.3795487378744655,0.2585283596752535,0.6004296293719006,0.019650278149974446,4.505877163731234e-05,0.6060286258811626,0.019197543725676995,4.421389189181265e-05,2.7297269877276644,0.9454812926419808,0.297751206782147,0.31903854877485954,0.44005892697407156,0.00978708137092845,0.03584601161192916,0.00959969469601742,0.03563500501265694,0.7950995622694752,1.10156492060139
openml_46525_Corporate_Credit_Rating_C,real_openml_multiclass,real_openml,671.0,10,41,406,1623,0.0,0.0,,0.0,0.0,False,1623,1.044534034592164,3.540449482410194,10.960072908717748,38.80358445684774,268.0,2.468826941378096,1.3948068357331076,0.1468110396209259,0.2276224465109109,0.1440549869872141,2.2959116532406125,0.054357329143274,0.1588245357306198,0.0543908416766546,0.1589224546798989,1.000616522811346,1.0749606054739318,27.307458465557986,0.9850065690815104,0.0243604186119014,,,0.3710230999377588,0.4183626619098103,0.1519033452712309,0.2854762123422807,4.680662236647263,1.3483211406538609,0.6832258091614882,0.9989894192729362,0.0840763579714447,0.0730255415919327,0.8052988293284042,0.5544741302894582,0.1580643564426869,0.6481823783117683,0.4776845987073294,41.0,9.0,1623.0,1.354747628232264,0.5597587001761049,0.3743043392789296,,0.8502772643253235,0.5402210282326328,0.9155884165126309,0.9472561396066205,0.9155884165126309,2.0,0.0012322858903265558,0.2,18.649481282410807,50.434642031844184,1.0445340345863716,5.0,0.6187904520248535,0.3643048128342246,0.47058823529411764,0.14705882352941177,0.38168449197860965,-0.10628342245989303,0.9990346324334493,0.9929961754106714,0.8685320819443728,,,,0.9892008639308856,0.0638348817163107,0.0,0.8488120950323974,0.0,0.0,0.9861194678893399,0.9961466494712775,0.0,0.0,0.01519296306530349,0.8786937832116473,0.0,0.2012501307668166,3.4594234015330385,3.4594234015330385,0.1535178715958106,5.702986691488168,5.5332661691423635,2.4448587220118148,0.23637856413648795,0.06412096245499566,0.004270550190284883,0.5506572296373832,3.4594234015330385,2.835207488130721,5.6537588224584905,0.023795865744629996,0.10627422931460462,0.5218803825540281,0.19714603713593204,0.07369512828078201,0.9999972036787358,0.012232675732164569,3.3940454263462306e-05,1.0006137247660851,0.012240217455797245,3.396137932774314e-05,4.9503428154724585,0.9472845936644367,1.7544697620455845e-17,0.1357181249416596,0.26611779546116654,0.0031184468517240498,0.03645307038783195,0.003120369445344102,0.03647554453726939,0.16566159523173352,1.1744698728294571
openml_46528_EDA-Home-Mortgage-NY-Samp,real_openml_multiclass,real_openml,16.0825,6,28,8793,35172,0.0,0.0,,0.0,0.0,False,1997,0.9961157674078126,1.7612447346244129,22.785821208198183,40.13140762703233,16.088183421516757,2.0675548145514044,1.2501334847775,0.2661200981588488,0.3898594730877226,0.3735710558801229,1.984703666164156,,,0.0922388932344006,0.1443250113953872,0.9205796784005712,0.9392950146321798,13.783382488402449,0.8643481900486668,0.2554712935273091,,,0.504499435519686,0.414929463480314,0.4057016867910285,0.3388490105533921,3.908265983385234,1.3219536889165309,29914132.773756664,0.9893691313133948,0.1439924973303263,0.1714495205047186,0.5232849273910867,0.4529916024053044,0.1606945803300901,0.3980971457185778,0.4896282837923522,28.0,6.0,1997.0,0.8832418282056709,1.3181733789467434,29914132.373867773,,0.6670005007511267,2.3432206423698163e-08,0.71407110665999,0.33670437768592404,0.71407110665999,1134.0,0.03224155578300921,0.2596119929453263,3.1718873438669415,4.776703884898443,0.9961157674076426,4.0,1.4060784754348177,0.6593186372745491,0.5818303273213092,0.561122244488978,0.6593186372745491,0.07748830995323985,0.9987472463856347,0.9897320948339509,3.2923001235288924e-29,,,,0.9759704251386322,0.4942434210526316,0.0,0.8872458410351202,0.4506578947368421,0.0,0.8984662399617772,0.9953891941035315,,,0.0,0.9263601215133941,0.0,0.7187458081824278,3.58495617205541,1.737404630590656,0.0,5.550396997098151,3.4631651030181154,1.9847037736804582,0.592317646652583,0.04876767477239863,-1.0751630230565468e-07,0.973665001520047,3.5846474522172698,2.8171973400570134,5.489657581904152,0.03088519048571481,0.270030066055978,0.9999999832854934,0.2054474090652824,0.11602700249173523,,,,0.9720779656739326,0.05032263804595766,0.0,3.873909208765,0.6457981964566679,-2.498001861154774e-16,0.133050118537699,0.4947728520584043,0.028621252213168587,0.12304851109044138,0.0200392434359492,0.10299558972799591,0.25110599578378234,1.2564318037487046
openml_46531_dataset_china,real_openml_multiclass,real_openml,247.7282,5,27,5505,22017,0.0,0.0,,0.0,0.0,False,1998,1.819979242261645,1.5477412539467923,280.07089932527344,433.47728491570456,245.9277108433735,1.3726909899533022,1.4284727135766695,0.9034761721749822,0.4766777039302284,0.3779230914804064,0.4597322176023025,0.1118816403519882,0.1954487301524377,0.0860110756895525,0.1782002726589846,0.7983216875172359,1.0894839909817349,11.702711109890204,0.8710619760797969,0.2783948185821943,,,0.00625,0.0197642353760523,0.0,0.0,1.7931389585225948,1.438494435041043,77.5170233177606,0.9689431673916158,0.0392842490330102,0.0766386813642747,0.071071071071071,0.2213943871633135,0.1225611683647215,0.034034034034034,0.1813620167359048,27.0,5.0,1998.0,1.504769551913964,1.337364122919101,77.0653613842413,,0.1091091091091091,0.0086221396648131,0.0985985985985986,1.5864260457169883,0.0985985985985986,83.0,0.0037698142344551938,0.9325301204819277,12.29432167170525,61.03421017142741,1.8199792422612313,4.0,1.4909870581328213,0.98062792251169,0.9545758183032732,0.2698730794923179,0.991315965263861,0.02605210420841675,0.9996347045336084,0.9969996604227217,0.015214715489083699,,,,0.0625,0.0,0.0,0.0,0.0,0.0,0.9882623090305598,0.9982196973547379,,,0.0,0.0,0.0,0.0,3.584955995579937,0.6935098900498112,0.0,4.029495778477758,1.1420288758996442,0.45973241539217463,0.3736075442946583,0.011753808800027077,-1.9778987209173593e-07,0.16028550319431736,2.88703431816635,0.5435860653525885,3.3120983328370346,0.0023874221697900433,0.03707652376931736,0.9935744669346241,0.3818553566661998,0.14942563545389154,1.0,0.03564942039666308,0.0,1.0401689242161625,0.02237990338259228,0.0,4.0754016247657985,0.30645115280573715,-1.7298545999408347e-15,0.22281947275444242,0.6357135878419862,0.015050800218267862,0.08741173136735425,0.006070033605971165,0.056948863787412735,0.04101673852757644,1.048430329094733
openml_46536_dataset_credit_risk_file_,real_openml_multiclass,real_openml,5.5487,4,61,10268,41068,0.0,0.0,,0.0,0.0,False,1999,0.8726753572547369,0.7160132835469231,5.108649301085303,3.6578607605597817,5.549116760017234,1.410509755192891,1.123151680791645,0.3680158205228946,0.542239278204171,0.3115049460092282,1.539708541327859,,,0.1070154169377978,0.1997330957873972,0.9001413566416386,1.7912686347661402,22.466120087901363,0.9317621396154816,0.1411928571363548,,,0.215143056057624,0.3495847643348216,0.0,0.0,2.881683608051911,1.0658030102019496,3.2354342096339708,0.9979594599701052,0.0685346884688395,0.1677723553567306,0.5612806403201601,0.4689064247073303,0.1306160406858658,0.4192096048024012,0.4935532092471408,61.0,4.0,1999.0,0.6361974951525213,1.0761409672585651,2.776873905803569,,0.720360180090045,0.1786720181000245,0.6333166583291646,0.4567506323507309,0.6333166583291646,4642.0,0.1130320444141424,0.6067212408444637,114.65054297489694,3.1514391667733714,0.8726753572546518,3.0,1.1429450866836335,0.7628590514362057,0.6158984635938544,0.23714094856379422,0.8363393453573814,0.14696058784235133,0.9998064971061208,0.9796997266126128,0.2966373630637587,,,,0.8121761658031088,0.0,0.0,0.0,0.0,0.0,0.9713398440631659,0.990763814103311,,,0.0,0.35901162790697677,0.0,0.0,3.5849561804964467,1.3648259476267428,0.0,5.105683469106683,2.7962577498445484,1.539708580906431,1.2638715538306884,0.025832151436929962,-3.957857197534054e-08,0.5309692317953905,2.076841089395984,2.065945652062906,3.4968038762318723,0.01080143676430323,0.0632811759783718,0.857455986567438,0.5346780881566311,0.2345837598884546,,,,1.0358356147186554,0.03993743144068033,0.0,11.928606221947806,0.3847625032868144,-1.1825819250696797e-15,0.38463092402254284,0.6960670373620346,0.012692783596511797,0.10675535373141982,0.00843782319450807,0.10514191987428537,0.00011522478026563255,0.9695007655234734
openml_46537_dataset_credit_score,real_openml_multiclass,real_openml,2.9826,3,27,20000,80000,0.0,0.0,,0.0,0.0,False,1998,0.4425590176038672,0.6857705713899105,0.5420045456439799,0.3716907669622009,2.982681250876455,3.286203261057006,0.5459693943189079,0.1485695078442932,0.3802646197917353,0.1696046492412891,1.445617030961903,0.0381137048868031,0.0601226979326988,0.0380647002584127,0.0608327091081508,0.9914380914993044,0.3847965339759456,20.48181580763084,0.9772000981087806,0.0426598401481054,0.3511773421375455,0.0530715682367223,0.9658660179948988,0.0362726124381747,0.9109680797672652,0.0582364450471921,4.661239780772279,0.5770824868679498,0.4063792123834432,0.9988750011272534,0.0705805112466305,0.0692005175295919,0.6516516516516516,0.4938605229154266,0.061381710015896,0.4804804804804805,0.4997439197703064,27.0,3.0,1998.0,0.2777308602527623,0.3179680991749666,0.3336769858370295,,0.975975975975976,0.6989887097466377,0.8603603603603603,0.10333656974450343,0.8603603603603603,14262.0,0.178275,0.6054129855560231,6.2589792432868485,2.1476560267163194,0.4425590176038506,2.0,0.4153779492595946,0.5580574482297929,0.520688042752171,0.46000534402137605,0.5881082164328658,0.03736940547762191,0.999939751715686,0.9973189362307426,0.8111295089410042,0.39755058736685045,0.36268557433282345,0.2932958647129629,0.9890377588306942,0.9844961240310077,0.9240641711229947,0.9549330085261876,0.9330514446793516,0.8449197860962567,0.9724310093179293,0.9994014853658769,0.32799071952289316,0.38011808084983695,0.9542801475770012,0.986766941430851,0.8889856153878042,0.9439922266027696,3.584955995579937,3.5272050662929493,1.385980241397943,5.025538524029568,4.893366156900513,2.690188427141219,0.22843778744415122,0.037141314887110255,0.005034502512271999,3.2683755122029052,3.584951658760459,4.589150317041633,4.993373527910241,0.010257739170550728,0.12122886466207516,0.500193217391016,0.3802646197917351,0.26033602219245416,0.43445441233603355,0.019600730099498587,4.505877163731234e-05,0.43986192846707767,0.018920466061199404,4.421389189181265e-05,2.538102552772301,0.9464998657598752,0.4767452757840225,0.3203003209920946,0.44022891859137553,0.00978708137092845,0.03639481277416709,0.00959969469601742,0.036493713017599023,0.793802040845548,1.107650219034606
openml_46549_Corporate_Credit,real_openml_multiclass,real_openml,671.0,10,25,406,1623,0.0,0.0,,0.0,0.0,False,1623,1.044534034592164,4.01777834484371,9.699612890771087,38.97089462590698,268.0,3.438988878903745,0.0821400510423891,0.1468110396209259,0.1511006412121935,0.1115693146159706,2.2959116532406125,0.0924581617331551,0.2539119967661767,0.0925151642989585,0.254068539304257,1.0006165228113448,1.3499510072645369,18.678153441002564,0.9887940753675584,0.0187995741756196,2.34843032147411e-24,1.407210624959396e-23,0.3710705022889154,0.4184211407993013,0.1808160124894083,0.2976067702776502,5.611980905185914,0.0983364344808596,0.2928857385422195,0.9990034656617044,0.122919626958444,0.0654261683748709,0.8200862600123229,0.5317665758684941,0.129157994577017,0.6383240911891559,0.4806337277250751,25.0,9.0,1623.0,1.354747628232264,0.2697852139450304,0.1393322104001571,,0.8841651263093038,0.7550889761788125,0.9309919901417129,0.9472630624191006,0.9309919901417129,2.0,0.0012322858903265558,0.2,17.89080957382469,50.434642031844184,1.0445340345863716,5.0,0.6187904520248535,0.3643048128342246,0.4304812834224599,0.13435828877005349,0.35093582887700536,-0.06617647058823528,0.9990346324334493,0.9959833961940671,0.9100609168076906,8.443565057424739e-23,2.2576404729651003e-53,0.0,0.9892008639308856,0.0638348817163107,0.0,0.8509719222462203,0.0,0.0,0.9893587582049128,0.9966403919911818,3.793020689090369e-77,1.0930163523745012e-35,0.01519296306530349,0.879973646692876,0.0,0.38594336163371223,3.4594234015330385,3.4594234015330385,3.0511570172677054,5.702986691488168,5.649888838498342,5.255216376842811,0.23637856413648795,0.09934137561331013,0.05155205798897722,3.4594234015330385,3.4594234015330385,5.560384285930415,5.688823582295577,0.06651147247807376,0.18354022517146795,0.34970398046879453,0.14220531789898838,0.015140103539135205,0.9999972036787358,0.0025367058114956096,3.3940454263462306e-05,1.0006137247660851,0.002538269748494069,3.396137932774314e-05,4.941612815057921,0.6003478992952647,5.882070340937023e-07,0.07185851400684307,0.21602946955749805,0.0014165882886794385,0.013170339008843016,0.0014174616476736923,0.013178458823275126,0.0016983671979648035,1.0809830718694025
openml_46556_Loan_Status,real_openml_multiclass,real_openml,20404.0,3,8,5252,21005,0.0,0.0,,0.0,0.0,False,2000,0.98182269180712,0.6739212763128591,2.565704294162175,1.7290827125631565,16344.0,3.3131913648618,0.3706036396187161,0.6041721595307636,0.2958720722276797,0.2991603853868929,0.7689204084478931,0.1667679733327741,0.2564182486389244,0.1574680508843591,0.240234279333922,0.9562077437173132,0.8052235623760471,20.00208066206148,0.9630792401936792,0.0522567620144779,0.169108667269985,0.2929048037118742,0.3311299202113106,0.5710276913280995,0.3249958312489578,0.5629092919712759,4.04366975213005,0.3477706623919903,0.3539015753487421,0.99583,0.0384420211796429,0.0434521779223052,0.352,0.4305539028297089,0.1025538376422046,0.2355,0.4244170294739052,8.0,3.0,2000.0,0.981583971216556,0.264577502433437,0.3467384510586599,,0.5615,0.737253637000286,0.498,0.8256530583946766,0.498,1.0,4.7607712449416804e-05,,,7002.502432045779,0.9818226918069797,2.0,0.47142905228672377,,,,,,0.9999893131817741,0.9947224479871213,0.8711553517425102,0.5073260018099552,0.0,0.0,0.9904952476238119,0.0022522522522522522,0.0006422607578676942,0.9749874937468734,0.0,0.0,0.9382728445056034,0.9978975259322764,0.0,0.2536630009049776,0.0014472565050599733,0.49637374993803207,0.0,0.4874937468734367,3.584956726082241,3.54329945286024,2.612252168488703,4.3487388914685745,4.218206769077541,3.376920480536276,0.106652764147392,0.012181243861916657,0.004252096400319871,3.070223449256699,3.564378425394602,3.8310458113053203,4.286583899396442,0.005283913156164943,0.07696896924024799,0.5074104093971322,0.29587207222767953,0.08433373505822682,0.8849858116611875,0.04194296380199241,0.0013699616106785354,0.7860571403493842,0.03920965715766107,0.0014091577946972712,2.415222067653434,0.9641025856198143,0.08219422297892656,0.19010290364295318,0.4016412408124059,0.016519175701592607,0.12598360164459393,0.01585518583173555,0.12481922052085453,0.2770705795817874,1.26246347739522
openml_46561_EDA-Home-Mortgage-NY-Samp,real_openml_multiclass,real_openml,16.0825,6,100,8793,35172,0.0,0.0,,0.0,0.0,False,1997,0.9961157674078126,1.6735596244819817,24.1118556575466,40.35262809980743,16.088183421516757,0.6995045053073692,0.9726644714286248,0.2661200981588488,0.5789540466746024,0.3558370098049286,1.984703666164156,0.0592770305972648,0.1094379314907159,0.0586636054845853,0.1075238846453859,1.0098530716005816,1.2656384493022013,37.86116664285394,0.9171998244834312,0.1812281916589839,,,0.4828164060772823,0.3967441938971528,0.2273918378017534,0.2258513415562942,2.631787608605992,0.9691441693285544,729555.5163899934,0.9935173165356448,0.0524205628655332,0.1043843235837792,0.4832248372558838,0.428726121731018,0.1898794094694055,0.357035553329995,0.4792454252186899,100.0,6.0,1997.0,0.8832418282056709,2.18241885099214,729551.7772137825,,0.6044066099148723,2.017911456144829e-07,0.6229344016024037,0.44934579778826766,0.6229344016024037,1134.0,0.03224155578300921,0.30405643738977073,5.719466190466297,4.776703884898443,0.9961157674076426,4.0,1.4060784754348177,0.6593186372745491,0.6653306613226453,0.6259185036740146,0.6593186372745491,-0.006012024048096198,0.9998052044257171,0.9868793993211931,3.2923001235288924e-29,,,,0.9490196078431372,0.47944078947368424,0.0,0.6705882352941176,0.21798365122615804,0.0,0.952519416902512,0.9960994329058267,,,0.0,0.8471332472421274,0.0,0.3489509862340695,3.58494749407312,0.3963952390555693,0.0,5.5530038301912885,2.279851790071421,1.9847037736804582,0.5965927841113063,0.017407719747669415,-1.0751630230565468e-07,0.1344561056973685,0.844701491629489,2.102988825979486,2.732218045848571,0.0036218049273378794,0.04027122016459039,0.9999993146483888,0.5616874515569771,0.21342510672889559,1.0,0.028433965949741756,8.826869438988794e-19,1.0021897944258573,0.0281757164306452,7.719158093736416e-37,8.247334623257672,0.7851482319441851,-2.88618426698519e-15,0.2479319774218154,0.8717263830169357,0.011823482541019028,0.059565794463864424,0.01208257610600589,0.058699868968571926,0.08180561354694241,1.2602872786040438
openml_46566_Apple_Stock_Price_Trends,real_openml_multiclass,real_openml,1.2208,3,22,504,2012,0.0,0.0,,0.0,0.0,False,2012,0.0942579724542827,0.5874638177375371,0.0370464274657906,0.0217634357125901,1.2199036918138042,3.507288481868497,0.2725540699090345,0.006860120094704,0.1784697475049401,0.0718843672355075,1.5786816870259317,0.3944631130413024,0.4105532479700284,0.3946592657578817,0.4107574017482332,1.0004972650422674,2.66878961575389,90.71519918740417,0.9911804469361216,0.0063216462801668,0.3898595813487906,0.0682544669523141,0.9928211075319971,0.0012661288089393,0.9371275546582334,0.0064776136527495,5.0685675538842965,0.2699511841677405,0.0720579866296998,0.9992319937235434,0.017402615010133,0.0059304315614497,,,,,,22.0,3.0,2012.0,0.0842088893344819,0.0688702638018035,0.055496239225239,,,0.931986338538368,0.9774887443721861,0.16128604412716968,0.9774887443721861,623.0,0.3096421471172962,0.45842696629213486,1.1061780261409868,1.1459338670178063,0.09425797245414223,2.0,0.7023322881437062,0.38851169004676017,0.34046626586506346,0.37983166332665336,0.3965370741482966,0.048045424181696716,0.9999680863260212,0.9933258684639137,0.9783157075811424,0.45635951386461526,0.38056134630463784,0.36455701006644764,0.9935691318327974,0.9934497816593887,0.991304347826087,0.941304347826087,0.9381368267831149,0.9284565916398714,0.9865764416014546,0.9941815590326755,0.37255917818554274,0.4184604300846265,0.9923770647427379,0.993509456746093,0.9332967092114932,0.939720587304601,3.5849561804964467,3.5849561804964467,2.320914856204523,5.1544846354562175,5.144445598038665,3.8944370363318255,0.02820883202631652,0.017600888882887133,0.005171890793199019,3.5849529197461165,3.5849561804964467,5.137512489956643,5.147107661010235,0.015151588656303616,0.020749888959085805,0.22935880793941607,0.17941503237810488,0.1294712568167937,0.9998727791373824,0.14582087739856012,0.00011963710654024908,1.0001885083721904,0.1462031336496376,0.00011970433035841416,12.294714307059323,0.10551585609755679,7.808921709374606e-06,0.1544431445974493,0.20438692015876048,0.024069546955677673,0.8740818753595107,0.024098023859371653,0.87254934518635,0.00046539633696114863,0.8693645253416102
openml_46569_Corporate_Credit_Rating,real_openml_multiclass,real_openml,671.0,10,45,406,1623,0.0,0.0,,0.0,0.0,False,1623,1.044534034592164,3.532508388577415,10.982984319528512,38.79748424034868,268.0,2.280481960821385,1.4591824300894651,0.1468110396209259,0.2446958597559492,0.142832793693176,2.2959116532406125,0.0512991988463756,0.1472683820679967,0.0513308259726681,0.1473591763849314,1.000616522811345,1.0463001921797417,29.336423138624827,0.9828622403575412,0.0254692829436481,,,0.3710230999377588,0.4183626619098103,0.1487143070949373,0.2856428925981985,4.498132142225721,1.4117151922654418,0.7560839681402285,0.9989548727492086,0.0782614718362777,0.0715021675313851,0.7960566851509551,0.5564647923024842,0.1679435585315264,0.6401725200246458,0.4800975751717725,45.0,9.0,1623.0,1.354747628232264,0.6218169589330071,0.3782294043263506,,0.8416512630930376,0.5051477329526617,0.9081947011706716,0.947252968837126,0.9081947011706716,2.0,0.0012322858903265558,0.2,18.876214399446624,50.434642031844184,1.0445340345863716,5.0,0.6187904520248535,0.3643048128342246,0.47927807486631013,0.14906417112299467,0.39505347593582885,-0.11497326203208552,0.9990346324334493,0.9925615973942983,0.8866891501536619,,,,0.9892008639308856,0.0638348817163107,0.0,0.8488120950323974,0.0,0.0,0.9818693535809947,0.9961448971185836,0.0,0.0,0.01519296306530349,0.8786937832116473,0.0,0.11770582696934825,3.4594234015330385,3.4243854580185995,0.019447034459997025,5.702986691488168,5.529118504823962,2.310435056404,0.23637856413648795,0.061233955182055766,0.004270550190284883,0.5489455116492805,3.4594234015330385,2.8179457914731905,5.652733071658556,0.016166722416751433,0.10260198311509505,0.5238619904476782,0.21475168706570374,0.08963122241388907,0.9999972036787358,0.013118251276954901,3.3940454263462306e-05,1.0006137247660851,0.013126338978112106,3.396137932774314e-05,4.951313225185825,0.9619292358982865,-1.8828514242442262e-16,0.1411844144509392,0.31567010051499633,0.003964505301474044,0.036036810330542846,0.0039669495094280865,0.03605902784616,0.16564858975593372,1.2037709079288483
openml_46570_Corporate_Credit_Ratings,real_openml_multiclass,real_openml,671.0,10,45,406,1623,0.0,0.0,,0.0,0.0,False,1623,1.044534034592164,3.532508388577415,10.982984319528512,38.79748424034868,268.0,2.280481960821385,1.4591824300894651,0.1468110396209259,0.2446958597559492,0.142832793693176,2.2959116532406125,0.0512991988463756,0.1472683820679967,0.0513308259726681,0.1473591763849314,1.000616522811345,1.0463001921797417,29.336423138624827,0.9828622403575412,0.0254692829436481,,,0.3710230999377588,0.4183626619098103,0.1487143070949373,0.2856428925981985,4.498132142225721,1.4117151922654418,0.7560839681402285,0.9989548727492086,0.0782614718362777,0.0715021675313851,0.7960566851509551,0.5564647923024842,0.1679435585315264,0.6401725200246458,0.4800975751717725,45.0,9.0,1623.0,1.354747628232264,0.6218169589330071,0.3782294043263506,,0.8416512630930376,0.5051477329526617,0.9081947011706716,0.947252968837126,0.9081947011706716,2.0,0.0012322858903265558,0.2,18.876214399446624,50.434642031844184,1.0445340345863716,5.0,0.6187904520248535,0.3643048128342246,0.47927807486631013,0.14906417112299467,0.39505347593582885,-0.11497326203208552,0.9990346324334493,0.9925615973942983,0.8866891501536619,,,,0.9892008639308856,0.0638348817163107,0.0,0.8488120950323974,0.0,0.0,0.9818693535809947,0.9961448971185836,0.0,0.0,0.01519296306530349,0.8786937832116473,0.0,0.11770582696934825,3.4594234015330385,3.4243854580185995,0.019447034459997025,5.702986691488168,5.529118504823962,2.310435056404,0.23637856413648795,0.061233955182055766,0.004270550190284883,0.5489455116492805,3.4594234015330385,2.8179457914731905,5.652733071658556,0.016166722416751433,0.10260198311509505,0.5238619904476782,0.21475168706570374,0.08963122241388907,0.9999972036787358,0.013118251276954901,3.3940454263462306e-05,1.0006137247660851,0.013126338978112106,3.396137932774314e-05,4.951313225185825,0.9619292358982865,-1.8828514242442262e-16,0.1411844144509392,0.31567010051499633,0.003964505301474044,0.036036810330542846,0.0039669495094280865,0.03605902784616,0.16564858975593372,1.2037709079288483
openml_46593_HCV_data,real_openml_multiclass,real_openml,76.1429,5,11,123,492,0.0,0.0,,0.0,0.0,False,492,1.665707140013084,0.4655058763130522,1.9817433151288828,0.9225131585366038,71.0,2.806246756832223,0.001260845277919,0.8104375163429021,0.547513725337029,0.2066427100690463,0.8190741307568706,0.1476077113482231,0.1253639962101836,0.14790833805158,0.1256193200313856,1.0020366598778,0.6411489278011628,5.811522674670127,0.806675931734424,0.1080720551468659,0.0003441075219002,0.0005932527336978,0.3716743207086975,0.2053548588072487,0.0,0.0,3.484381210225904,0.0646836655276803,2.7711357417045464,0.8606856038072576,0.14093967736319,0.06527107270817,0.1605691056910569,0.3489486423066133,0.097171618698476,0.0934959349593495,0.2914224786855642,11.0,5.0,492.0,1.3781874645666885,1.3271887466037662,1.8245505987965704,,0.2804878048780488,0.1593957233086103,0.1565040650406504,1.005420138485402,0.1565040650406504,6.0,0.012195121951219513,0.26666666666666666,8.627612844968619,15.002244582043346,1.665707139996156,4.0,1.4951397782844167,0.8922764227642276,0.9085365853658537,0.8841463414634146,0.9166666666666666,-0.016260162601626105,0.9449270588288092,0.8342365501130663,0.5998717873996048,0.0018988821592195039,3.188893167904344e-05,2.6614130705882617e-06,0.8055555555555556,0.3144186046511628,0.13333333333333333,0.0,0.0,0.0,0.7385130128705957,0.8990501725533288,1.2964478643376285e-05,0.0004999383711558412,0.23881289692232535,0.4917428861788618,0.0,0.0,2.8073251823709406,2.8068258568704674,2.803505477911814,3.565407805345308,3.4925435687232333,3.3212577647981516,0.3048045596688116,0.13385574440457804,0.058196036250876215,2.805806202134665,2.8071357422780867,3.4741661314302483,3.5165167320198893,0.10757731413369664,0.15122077249029986,0.8037172255374782,0.5411933079504909,0.30395105990965604,0.5261282573380149,0.13305083493936393,0.0001329162205526674,0.5271998016503128,0.13332181423659273,0.00013318692568617594,2.42986487238394,0.763309627644281,0.3863800430031198,0.4525428455516873,0.6361641877358326,0.05154814311513847,0.2156125299462054,0.05165312914999616,0.21605165933509785,0.5221241051950921,1.2537947287087465
openml_46597_Estimation_of_Obesity_Lev,real_openml_multiclass,real_openml,1.2904,7,8,423,1688,0.0,0.0,,0.0,0.0,False,1688,0.0825651724653286,1.1964202901606502,8.004886111175345,9.577208163835364,1.288990825688073,2.952483163749196,0.6122815314641001,0.0013419871408794,0.3764273653236745,0.3517651405784112,2.802553972773211,0.1226814119395008,0.1069966312036472,0.1227541335826184,0.1070600554070873,1.0005927682276217,0.4571308853668854,5.511355497391431,0.806685800374969,0.2739479223700423,0.1030335184846755,0.1686382433334093,0.3138501916181468,0.3402572348814153,0.1771575095867157,0.2957070758986273,5.2465317472221376,0.6019154095932633,21.70103905691741,0.989984010354664,0.5085053893002697,0.3863326629690137,0.2790284360189573,0.309417688160627,0.174057764939166,0.1510663507109004,0.3582196646444039,8.0,7.0,1688.0,0.0737146608840656,1.4688789388178851,20.964756734894213,,0.4212085308056872,0.0247517463563047,0.46327014218009477,0.603463691121363,0.46327014218009477,218.0,0.12914691943127962,0.8284403669724771,1.8317417518486387,1.1059062952154026,0.08256517246498626,5.0,0.9634072435904246,0.29124916499666,0.792251169004676,0.6018704074816299,0.8697394789579159,-0.501002004008016,0.9781147863551396,0.9171726104760172,0.15225555027053345,0.5631131897049767,0.01989863024492936,0.0,0.9202586206896551,0.17555555555555555,0.0,0.8199566160520607,0.0,0.0,0.8120641067088814,0.945475379037654,0.0,0.10043570234027069,0.0,0.6724511930585684,0.0,0.4942084942084942,3.4594128891877127,3.116696434161296,1.7855963258299603,6.009789030808157,5.438507304757069,4.272843531647096,1.44145679464319,0.3789498985620994,0.2521778311527658,2.8032332732515917,3.429216172844939,4.773855716609667,5.6683522911525515,0.3211917836462117,0.472483507885497,0.9769710952965709,0.24815639567952238,0.07653750061477711,0.456984887948689,0.06372318116008033,0.00653604298091463,0.4572557740707684,0.06376095423723524,0.006539917339528121,1.8072485895298354,0.9544780475414805,0.36340815572843327,0.12325950633422691,0.5323757950092749,0.050576827877969896,0.19900967449111856,0.050606808214589974,0.1991276411031469,0.7433451193906461,1.1257814840293547
openml_46600_maternal_health_risk,real_openml_multiclass,real_openml,1.4926,3,6,203,811,0.0,0.0,,0.0,0.0,False,811,0.1631352444738962,0.662155986724481,0.7012259651455331,0.4643209708677669,1.4976958525345625,2.3605268353592312,0.8139365192796628,0.0198346958335682,0.4675330544803938,0.3084609632287011,1.5656836738340123,0.2903801424600897,0.2115690080350366,0.290738636463126,0.2118302043412521,1.0012345679012316,0.8708944408099427,8.615783018156707,0.8583633379267795,0.1252478160772655,0.1730709967159583,0.1913613713857819,0.8662963285076173,0.1145798222270883,0.7939715592442119,0.1477367710785282,3.744487771917418,0.7641594436093216,0.9535311202258768,0.9919981268653426,0.1817227372758257,0.1108392965238733,0.4895191122071516,,,0.1664611590628853,0.3727239463144081,6.0,3.0,811.0,0.0986211776247653,0.5323224798995118,0.8871949366799037,,0.2256473489519112,0.4969229916183327,0.6004932182490752,1.1893219829056234,0.6004932182490752,217.0,0.2675709001233046,0.7778801843317973,2.8664691423513475,1.3151685425339341,0.16313524447329275,2.0,0.04532291821103043,0.5560566716778279,0.763204409821876,0.6004965605211608,0.6177303995262174,-0.20714773814404808,0.9673042505681954,0.8823385512146696,0.631327805962575,0.39203792936623116,0.08926410070200919,0.037910960079634765,0.9403292181069959,0.9242424242424242,0.7343173431734318,0.9012345679012346,0.8552188552188552,0.6254612546125461,0.8324411147034864,0.948881312354274,0.06358753039082198,0.24065101503412017,0.829279883707928,0.93228582117471,0.7403400549157007,0.8782267115600448,3.1333678210285445,2.664885756697273,0.947407258941337,4.534843680000595,4.030097840928699,2.479750169317205,0.3505641231942196,0.18058142793599052,0.03334076345814463,2.046769483564437,2.85013420887742,3.380182835779066,4.178968909932266,0.11697190319656858,0.23227032161938355,0.6856478933107426,0.4675330544803938,0.24941821565004496,0.7867973239531565,0.27627928272141533,0.0309045678224862,0.7877686786740834,0.27662036825563807,0.03094272160992127,2.6589950828925772,0.7586642647906112,0.21247306591933626,0.3584756350652194,0.5765904738955682,0.1073288488882182,0.43408066341387275,0.10746135363993176,0.43461656546746935,0.5302224825394191,1.0630676966165769
openml_46601_Cirrhosis_Patient_Surviva,real_openml_multiclass,real_openml,9.28,3,11,84,334,0.0,0.0,,0.0,0.0,False,334,0.6153550503576333,0.5190064318966221,0.7221858964308785,0.3748191252726537,9.25,2.4133905935587303,0.2906855572471093,0.2246352199739322,0.4601111490666505,0.1793449741934888,1.2454035498307443,0.1570033830226551,0.1012101977882052,0.1574748646533536,0.1015141323160976,1.0030030030030026,0.6197394200955162,13.284018957851304,0.9198250440557092,0.0508236777978671,0.0106788036270912,0.0166823082721073,0.6395731959285993,0.2652751730608775,0.2887941601597865,0.4532519567102829,3.565042127995467,0.2912748986338092,0.650482437150435,0.9868765463085803,0.0937520153940061,0.0650870907711444,0.5119760479041916,0.4742023514259943,0.0927417743865845,0.3832335329341317,0.4869038906725283,11.0,3.0,334.0,0.5661142036647858,0.4555691587593301,0.5255146923646582,,0.7155688622754491,0.5826980098389581,0.6916167664670658,0.5563414543979349,0.6916167664670658,20.0,0.059880239520958084,0.35000000000000003,2.608599526273388,5.711369509043927,0.6153550503521061,1.0,-0.369659607262119,0.6677659802659802,0.6257239382239382,0.6974474474474475,0.694524882024882,0.04204204204204198,0.9766719128720542,0.9224028729579367,0.8168583080352503,0.02993997346521472,0.0012825510272734602,0.0008138863887855196,0.945859872611465,0.4899328859060403,0.48292682926829267,0.8121019108280255,0.03414634146341464,0.020134228187919462,0.8867525731346242,0.9658890794887142,0.00104821870802949,0.01561126224624409,0.4864298575871665,0.7178963792587526,0.02714028482566705,0.4231241261457201,2.58475498985803,2.491314525660987,1.574199711543875,3.7769121870419546,3.6207109462658855,2.7241010841940785,0.24885751709557757,0.09052542787248408,0.02561399222376659,2.417136252149398,2.5663439477240395,3.5604634313293335,3.716259667714234,0.04606265654580777,0.10301199841060615,0.5869271964905928,0.4601111490666505,0.3332951016427082,0.4194384687489814,0.14514353815338904,0.0019517086497718623,0.4206980437302097,0.1455794046343299,0.001957569636708112,2.5421475342791267,0.8430139906171983,0.4229313814180046,0.39670312535467933,0.5235191727786216,0.07673536705347697,0.20481996231638194,0.07696580359117511,0.2054350372782929,0.665023396217119,1.048422921409199
openml_46603_regensburg_pediatric_appe,real_openml_multiclass,real_openml,483.0,5,15,157,625,0.0,0.0,,0.0,0.0,False,625,1.2268046299227926,0.7391389347374632,1.4098832731597135,1.0420996206274389,386.0,2.862655070299154,0.3113401765450396,0.426379840062108,0.2602591348494347,0.2896984343374023,1.1586605800978758,0.1880712255959271,0.2056813336756816,0.1883726217907922,0.2060109511975975,1.0016025641025634,1.0783359492836713,10.62772094216858,0.9146316817386532,0.1059807748247623,,,0.2540436939538545,0.3988913116062446,0.1036067700106011,0.2257242680296388,3.9122931622828983,0.43903450778771,0.9322318356446856,0.9917568,0.109022488114131,0.1390984154640911,0.4352,0.4736761692828889,0.0756955708036901,0.3152,0.4649676029519388,15.0,5.0,625.0,1.1857712741156383,0.5227148176629316,0.8742545324680726,,0.8016,0.5039286932445802,0.6064,0.6446909805832222,0.6064,1.0,0.0016,,,127.6113530655391,1.2268046299129782,3.0,0.75438988478315,,,,,,0.9990516878927019,0.9733394565838466,0.6250505231265496,,,,0.9384359400998337,0.00489879414298019,0.0,0.7138103161397671,0.0,0.0,0.8550795681578673,0.9900399607585906,0.0,1.0003227794070842e-06,0.0030953919035314383,0.5456796917996698,0.0,0.08544303797468354,2.9999871145818036,2.996839478857445,1.8483478124231667,4.135324120770985,4.089846347550438,2.433265345382272,0.5737430471387701,0.04366995213943348,0.022524701941174285,2.935439030632923,2.9980142077891605,3.943126062850439,4.119062749784689,0.034533252872829934,0.13398869436214245,0.682974771298401,0.16477619124017595,0.028509385618986124,0.8555751713359682,0.10357196483858543,0.002765408687882557,0.8569462853925968,0.10373794555146763,0.002769840432574673,4.0668079351304245,0.6456436216630244,0.02517055755858761,0.11276341463115558,0.3122719114584551,0.049547939236913946,0.2573753100401212,0.0496273429856911,0.25778777047287765,0.3971416296459182,1.1683059733512584
openml_46614_Ecoli,real_openml_multiclass,real_openml,71.5,8,7,68,268,0.0,0.0,,0.0,0.0,False,268,1.0806217528297286,1.3904436092650676,10.902902309432294,15.15987083859148,57.0,1.8760972985523647,1.198177166692035,0.1985069924403615,0.6066966620817651,0.29676232184491,2.204186171006015,0.1839227822713188,0.1878720737950331,0.1846116316431214,0.1885757145208574,1.0037453183520586,0.6896681683818878,4.522498223230299,0.4253396556567043,0.1439945335348072,,,0.173975762743428,0.2191643243541347,0.0477094571065105,0.1456477552395104,3.592901040155982,0.94093515131395,10.198296920814863,0.963786478057474,0.4873824294023988,0.3354427710389691,0.291044776119403,0.4049943029661157,0.135645122239318,0.2164179104477611,0.4125728227356194,7.0,8.0,268.0,1.1833556660845432,3.1049731324687806,4.0802442601354825,,0.4365671641791044,0.0058419336266726,0.5186567164179104,2.4034530691002356,0.5186567164179104,2.0,0.007462686567164179,0.2,11.519494483871146,12.825051102008176,1.0806217527974713,5.0,1.1834890669863247,0.6417910447761194,0.7873134328358209,0.7313432835820896,0.8694029850746269,-0.14552238805970152,0.670834060692284,0.4224404145954176,0.21740687881628554,,,,0.7843137254901961,0.10555555555555556,0.0,0.5617977528089888,0.0,0.0,0.3464786808815629,0.4868694368649088,0.0,0.0,0.02586206896551724,0.1813936063936064,0.0,0.0,2.5831867825307557,2.577054564906014,0.03547048239591826,4.412225878164227,4.042286817858357,2.211651014672987,0.9888698225009014,0.5608410618056574,0.028005638728946458,1.3876175485230333,2.580867081493901,3.0358570650786088,4.20621472011954,0.25676610826131174,0.6602141331293314,0.8961914253904169,0.6298124778945245,0.0483258886002923,0.7982106520738894,0.1281900336164605,0.008806313433063309,0.8012002050779126,0.12867014610191546,0.00883929588037813,2.1774858877597145,0.8582503489597305,0.13699216323540325,0.4974145706930383,0.838858850650523,0.05538508378331165,0.2740360240700992,0.05559251855403561,0.27506237622017465,0.5640015222437099,1.3627428920110711
openml_46617_mice,real_openml_multiclass,real_openml,1.4286,8,77,219,876,0.0,0.0,,0.0,0.0,False,876,0.1015917600972008,0.5708674660571316,3.955871654549119,2.258278427479688,1.4285714285714286,3.1484976194173524,0.0824045497707889,0.0016544552115339,0.854391350645412,0.0876917817909108,2.9921995266478616,0.2562208394522557,0.1946925872688852,0.2565136632687726,0.1949150930829068,1.0011428571428571,2.826821358145944,9.218007113635696,0.7940601503734115,0.1384159529873883,4.1857298217181294e-14,1.7843087247523285e-13,0.2556023048839419,0.3094884569619223,0.0,0.0,5.81609341233391,0.207224594457433,63.29492461050945,0.989234742811868,0.3246037337313033,0.1996839262550868,0.091324200913242,0.2890928555785418,0.0651922830126469,0.0045662100456621,0.0674577976839052,77.0,8.0,876.0,0.1201678246613445,5.156031151965827,46.1595308626954,,0.3881278538812785,1.0733383979270894e-05,0.0958904109589041,0.7607329234087608,0.0958904109589041,84.0,0.0958904109589041,0.980952380952381,6.372651474237275,1.1343537414965987,0.10159176009627308,5.0,-1.1914950296623115,0.2671232876712329,0.9794520547945206,0.7819634703196346,0.9771689497716896,-0.7123287671232876,0.9769257485417784,0.8323228421361858,0.3280598946363271,9.420984711009232e-13,1.0641730365045681e-19,0.0,0.8421052631578947,0.06980994152046784,0.0,0.0,0.0,0.0,0.707186353748914,0.9013560055399176,5.276075246169944e-29,8.406208373832262e-16,0.009868421052631578,0.6003472222222221,0.0,0.0,3.169908100328594,3.169908100328594,2.789808588850033,6.05698415338636,5.9088488797999,5.1050476273680045,1.0570599996084509,0.24437849220780183,0.105123473590095,3.169908100328594,3.169908100328594,5.661046889475618,5.962973413960375,0.1935437285713828,0.4119433444752527,0.9893408808614467,0.8519741845663225,0.741652930828877,1.0,0.21520973877620442,0.00013518165483197354,1.0011428571428578,0.21545569276337723,0.00013533614815178146,18.749659792717914,0.15182532513816582,1.7341769474709591e-16,0.7914216561672132,0.9074640729634054,0.10111455877657236,0.3647573806836391,0.10123011827231708,0.3651742462615635,0.05233226510732379,0.4764065990949827
openml_46652_news_channel,real_openml_multiclass,real_openml,3.9426,6,16,4057,16227,0.0,0.0,,0.0,0.0,False,1997,0.4413014312107101,0.4982280112584995,0.2518604063147149,0.125483909352938,3.941626794258373,3.0475768544187423,0.9631574147496436,0.043493509882141,0.3059212115107758,0.1596431124089849,2.4241717016264275,0.2121179059705588,0.2121447370687933,0.1212173794333131,0.1804451416531374,0.8006825035195078,0.9610425670756896,34.8687890793536,0.9477510825081036,0.0425147408372892,0.0508628208513724,0.0664096884915849,0.9759613318852572,0.0137016003123316,0.8959252943034046,0.0463060078338579,5.402225874999104,0.9449253600963794,0.6992044463779726,0.9990626901794856,0.0695226810460653,0.0366155822529368,0.7886830245368052,,,0.6499749624436655,0.4770969423070941,16.0,6.0,1997.0,0.475067815101843,0.5698826316196152,0.2827350209883331,,0.944416624937406,0.5328044126640891,0.9248873309964948,0.5640701537886752,0.9248873309964948,1045.0,0.06439884143711098,0.3362679425837321,2.5023706874694986,2.281851612078376,0.44130143121054694,2.0,-0.4725838661855121,0.3072812291249165,0.342685370741483,0.2237808951235805,0.4649298597194389,-0.035404141616566465,0.9986014387600163,0.9540691501037496,0.875194238584528,0.26267167369481353,0.025909133204339754,0.0022138071361184177,0.9931740614334471,0.9777306468716861,0.9376146788990826,0.9601820250284414,0.9061371841155235,0.7743119266055046,0.9265071583076355,0.9886702350921412,0.014068898394159618,0.06067835137175093,0.9705181711606097,0.9850703256246203,0.895201693441894,0.9161084978014111,3.58495617205541,3.5814442725185036,0.4182762670294305,5.970092753335878,5.888240285134824,2.837379159795523,0.1269232870441126,0.05694656482392446,0.005068808860335228,2.8211526135588905,3.584952908039431,5.191325751559256,5.947349333260298,0.04503397065368553,0.10793327341207637,0.4694845717642349,0.30950799252619093,0.12411576196876221,0.9287929749108299,0.12696819813642043,0.0030007057837905912,0.733096606616237,0.0476806894410987,0.00014176107959637716,3.458512673285002,0.5354328420457327,4.32525651232104e-16,0.16830535064569424,0.45819238134134277,0.05984247919912446,0.32604626567811873,0.00452226619950173,0.14790957957013853,0.06616142420081843,0.9444886399968407
openml_46701_social_bias_frames,real_openml_multiclass,real_openml,29.8036,4,4,29428,117711,0.0,0.0,,0.0,0.0,False,1998,0.8168526421937645,1.1713528888352625,4.067199427883093,4.764125799319988,29.80371485943775,2.2940182416144896,1.4485796939564517,0.2500303234760008,0.3444123153078127,0.5013336332912159,1.4276678794818352,0.054480829862748,0.0619210990928858,0.0546495470898016,0.0612111099630744,1.0100387543079912,0.1584484117632584,5.522225254571212,0.7758102543264236,0.4168930462607456,0.4605698877881874,0.1234477652251325,0.8542258046955196,0.1598239807985173,0.8316705913179793,0.1611817386455576,3.4631548563131584,1.619537646625138,5.700522725877975,0.9780984688392096,0.2585312647831658,0.4619962887422393,0.2117117117117117,,,0.1441441441441441,0.3513237621083667,4.0,4.0,1998.0,0.9254147147495522,0.8585303525450074,5.692517682834329,1.062148853053417,0.0925925925925925,0.1482332740233329,0.27427427427427425,0.4617679586535872,0.27427427427427425,1992.0,0.016922802456864693,0.14176706827309235,0.24135505948030336,11.65312227839427,0.8168526421937368,2.0,0.06676844104406134,0.870495657982632,0.8404635938543753,0.8691569806279226,0.870495657982632,0.030032064128256653,0.9997839303720035,0.9762323471649856,0.1509923926037193,0.6412937463033782,0.46709783271818894,0.3053323513705363,0.9905956112852664,0.871668892481432,0.5543175487465181,0.9881154499151104,0.8411301281600712,0.5481894150417828,0.7580657435551885,0.9939768579362207,0.3750103880744866,0.5204867009987322,0.8513216388321518,0.9623407197924159,0.8010273372988269,0.948131546754339,3.576751751811699,2.570645446923346,0.45803032079956657,4.979860425767477,3.5122443481952077,1.848270303094743,0.9514426273867826,0.030993551356358173,0.020695329033164178,1.479779889199876,3.3848837993379597,2.184508823844959,4.7908903806634076,0.023593236402834172,0.2659315797366898,0.9222686165903653,0.08543384196040019,0.025534487372671985,0.17091262591005782,0.04232753750633404,0.0013652649595293647,0.16893004940814316,0.04277888736019937,0.0013787346306500167,1.1687981279303274,1.0288346829511805,0.8136875233992766,0.055484164666536086,0.5038512292753827,0.01366217355725221,0.05996560516658954,0.013742085259992869,0.06167040125482028,0.919799869342022,1.1190735679171497
openml_46720_OSMI_Mental_Health_in_Tec,real_openml_multiclass,real_openml,2.2733,3,5,287,1146,0.0,0.0,,0.0,0.0,False,1146,0.4147266679554375,0.6235593380514239,0.1734241133688823,0.1081402253344553,2.278195488721805,1.245647427284813,1.162946224943783,0.1372939870672711,0.1885121503679567,0.2294660741342819,1.468735698251574,0.0892459451970772,0.0780965718086876,0.0893238892540181,0.0781647784216211,1.0008733624454185,0.2595911835809827,55.53262411628171,0.9689622178604492,0.0295392333972824,0.6616501946690626,0.1554793026309944,0.9961000164746344,0.0006130690371259,0.9961000164746344,0.0006130690371259,2.68793496606933,1.1655845938755298,0.140991383160002,0.9997281690012152,0.0264481594670573,0.0225004952205968,0.6404886561954625,,,0.5575916230366492,0.4968889702973166,5.0,3.0,1146.0,0.3115978915960198,0.123728340851302,0.1403015756292238,1.1024372638286015,0.1771378708551483,0.8763564738777275,0.9502617801047121,0.42812406778864526,0.9502617801047121,266.0,0.23211169284467714,0.3827067669172933,0.03055425664607441,1.8399831696028393,0.4147266679543519,2.0,0.7057547127641832,0.5287958115183246,0.41012216404886565,0.40924956369982546,0.5078534031413612,0.11867364746945891,0.9994950002883115,0.9833203214760066,0.9339283212322671,0.8301886792452831,0.6309523809523809,0.5238095238095238,0.9965909090909091,0.9962962962962963,0.9954128440366973,0.9965909090909091,0.9962962962962963,0.9954128440366973,0.9408399172614502,0.9872275290442106,0.5773809523809523,0.730570530098832,0.9958545701664968,0.9964436026936028,0.9958545701664968,0.9964436026936028,3.3057990182586283,0.728510490763849,0.5330617363560325,4.750797377564353,2.1451008592569094,1.9921325667635947,0.052145329758513714,0.02373733894584973,0.00036317777087191416,0.679542255134878,0.9813236359106771,2.101947870370412,2.4496961563913793,0.009664867844011882,0.04633008301603958,0.3507691674405625,0.1885121503679567,0.026255133295350896,0.2364897134902546,0.06933159066998872,9.718523972474198e-05,0.23669625472474468,0.06939214227756108,9.727011766336654e-05,1.3086022293277142,0.9485903068188638,0.6525462792957596,0.1073836418316538,0.2696406589042596,0.03157874438595949,0.14682039193475893,0.03160632407537959,0.14694861935129577,0.894876249190079,1.1997517475946753
openml_46745_Advanced_IoT_Dataset,real_openml_multiclass,real_openml,1.0,6,12,6000,24000,0.0,0.0,,0.0,0.0,False,1998,0.0,1.0960190881127363,27.143966261691293,29.75030514990177,1.0,3.584955995579937,4.638360521155014e-16,0.0,0.8999331877686638,0.1077353279051284,2.584962500721156,0.329522965631692,0.2690303056338781,0.3389229122351599,0.2798991791640557,1.023739742560432,1.5183020965802347,1.5721843509292934,0.3891537968840472,0.1724342365289745,0.0,0.0,0.0,0.0,0.0,0.0,4.525733131402108,0.3446901393510967,210.2097385434716,0.910326993660327,1.644185364898986,0.3446901393510967,0.0095095095095095,0.0074498629008521,0.0026837369084376,0.0,0.0,12.0,6.0,1998.0,0.0,4.095826315752648,149.42246524683873,357.1827001701334,0.009009009009009,2.25459752989938e-06,0.0,1.9755459434632716,0.0,4000.0,0.16666666666666666,1.0,0.015701360759708138,1.0,0.0,0.0,,0.332,1.0,1.0,1.0,-0.6679999999999999,0.798315167291803,0.3628102410547763,0.195108624766338,0.0,0.0,0.0,0.0,0.0,0.0,0.0,0.0,0.0,0.24381942243151347,0.4822873743839818,0.0,0.0,0.0,0.0,0.0,0.0,3.584955995579937,3.584955995579937,3.584955995579937,5.484573934645378,4.423440769092078,4.231065943033967,1.9388525532671261,1.7464777272090148,0.6853445616557154,3.584955995579937,3.584955995579937,4.295638963715771,4.623969184347688,1.5459493119534051,1.8742795325853228,0.9966704855833775,0.9339136386824538,0.7485903359565755,0.9642741297978662,0.30473081207835595,0.0010523408751895553,1.0262691342611712,0.30938057119209716,0.0010601485424406858,4.82019149592794,0.2590669425904823,0.003918047544455877,0.8302536414217119,0.9902378371991998,0.10777262640574868,0.5290895741353362,0.1083335229598616,0.5490174855768379,0.09866727210505055,1.2606887971950882
openml_46752_student_lifestyle_dataset,real_openml_multiclass,real_openml,3.4646,3,7,400,1600,0.0,0.0,,0.0,0.0,False,1600,0.4478603646785458,0.5048960552580456,3.918202050536832,1.978284759020032,3.457983193277311,3.455444291676621,0.002212134400907,0.1388992256343616,0.4771037739990272,0.4650875549637691,1.4310580705885445,0.167544063929544,0.2141348686828846,0.1676488444573296,0.2142687866745558,1.000625390869292,0.7090959255430257,6.697162247630044,0.8547157771337144,0.2111429655797346,0.0997709155910124,0.1023208893594766,0.2592441120988289,0.2524973664749715,0.0,0.0,4.672821101803698,0.3122676144658617,1.876253046427228,0.9922234375,0.2136812604614677,0.3111705927936129,0.2225,0.4008982634723647,0.0894648403598347,0.125,0.3308223120140613,7.0,3.0,1600.0,0.3292476176200944,0.6715624561104065,1.8537850583407207,,0.585625,0.3427117703561754,0.46375,0.8264624332671818,0.46375,238.0,0.14875,0.7050420168067225,1.119112378640087,2.4165302484630216,0.44786036467770607,1.0,-0.03557251601465959,0.7244849699398798,0.8198904475617903,0.8492251169004676,0.7865130260521043,-0.09540547762191054,0.9998792555685511,0.9487937252157578,0.4433883746400523,0.20446410733814788,0.09484863943488947,0.0,0.5044052863436124,0.27332704995287466,0.0,0.0,0.0,0.0,0.8017779965010905,0.9936965457547294,0.047424319717444735,0.14965637338651866,0.13666352497643733,0.3888661681482435,0.0,0.0,3.459423167090096,3.455687306360613,3.4532229850249374,4.8767163989509115,4.823242067750156,4.015050214182234,0.8692450404965539,0.06439556387901568,0.007596809748110722,3.453615464561812,3.4562728270685406,4.623418515335134,4.8739510005361595,0.014785623602890041,0.26248008095040687,0.8059703379593794,0.4771037739990272,0.14823721003867493,0.7258391764550216,0.03392653266912982,0.0005543511784168176,0.7262931096485498,0.0339477500128878,0.0005546978645821803,2.158489582817028,1.0190123291053876,-9.718012497940122e-28,0.31267049201885105,0.6415370559792033,0.008736937094027324,0.3477001653694397,0.008742401094711524,0.3479176138781131,0.6325962015001381,1.280841710581176
openml_46760_Indicators_of_Anxiety_or_,real_openml_multiclass,real_openml,1.0,3,5,3219,12873,0.0,0.0,,0.0,0.0,False,1998,0.0,0.6878876451955278,0.4375446772722873,0.3009815777166709,1.0,3.452407646534206,0.2806420529845772,0.0,0.2681578362623716,0.3422385123812081,1.584962500721156,0.4936403943176309,0.3865521367313879,0.5028736475683866,0.3915651955620898,1.023495745335183,1.3982101001845904,9.982712421556206,0.8613897286670937,0.1259438961524403,0.548345647249152,0.1840060809553516,0.975975975975976,0.018858643674295,0.9637137137137136,0.025792777467182,4.878599421044852,0.2234987013465152,0.352511379524707,0.998597446295144,0.1587707262105098,0.1395332510905707,0.6501501501501501,,,0.4904904904904905,0.5000347105224302,5.0,3.0,1998.0,0.0,0.2609444496547361,0.3518266353013587,1.0335726415269384,0.6586586586586587,0.7392336400500713,0.8253253253253253,0.8092153893765134,0.8253253253253253,4291.0,0.3333333333333333,0.5389885807504079,0.13724631833696316,1.0,0.0,0.0,,0.5306666666666667,0.5513333333333333,0.57,0.5660000000000001,-0.02066666666666661,0.9994769126191053,0.7816884692701213,0.7622294831466362,0.7607353018935845,0.44727075923921433,0.43703088061465706,0.9872372372372372,0.9864864864864865,0.9542042042042042,0.978978978978979,0.9782282282282282,0.933933933933934,0.7648087912038382,0.9987449870957674,0.4421508199269357,0.6040030305663995,0.9703453453453453,0.9868618618618619,0.9560810810810811,0.9786036036036037,3.579545683508491,3.5777888486852114,2.950384597338543,5.155728990804715,4.903343320580673,4.5305234176189195,0.27025331780936224,0.2501930928376144,0.004823680440779299,3.5761339367394105,3.5781851663993773,4.892498031597005,4.910903344622952,0.0074186763158188285,0.2611648636489745,0.5101570091503207,0.26815783626237194,0.026158663374423154,0.9831189982446491,0.2683835925438066,0.12474469049675153,0.9954121037049442,0.2736078159190719,0.1288016208944147,3.1662652591484624,0.15028807079938433,5.647854014642138e-05,0.14715824981839754,0.3891574227063463,0.17011843189955952,0.9114703356572147,0.1752959392268642,0.9269995857146643,0.0672787078456284,1.7335902103422935
openml_46761_mental_health_detection,real_openml_multiclass,real_openml,157.0,10,15,108,432,0.0,0.0,,0.0,0.0,False,432,1.073724799532131,0.6897405805037249,2.0934574560898893,1.4439425610232914,128.0,1.762061438976424,0.3034341110718545,0.1350543694616,0.2989237303786931,0.1613017865670422,2.4348969144343715,0.551646500638199,0.3670343264766247,0.5529264229134618,0.3678859142410717,1.0023201856148498,2.56840044259496,27.603741670113997,0.9460479792162176,0.0311392276131253,,,0.2706012198703128,0.382666509885381,0.186950545368242,0.3489249627062538,4.108749409002705,0.2692672487332934,1.264692689089253,0.99210176611797,0.0882089444080903,0.0487376662280246,0.7939814814814815,0.6082556720097432,0.3189065791545598,0.7083333333333334,0.4550566625435672,15.0,10.0,432.0,1.5203508826483416,1.0123447000493797,0.4056364984695609,,0.7615740740740741,0.3239044269930499,0.8356481481481481,0.7852284225790856,0.8356481481481481,1.0,0.0023148148148148147,,,23.5486905814492,1.0737247995072765,6.0,0.5783617470960454,,,,,,0.9600449202797723,0.9546009656971612,0.834703298771389,,,,0.9831460674157303,0.07446808510638298,0.0,0.9719101123595506,0.0,0.0,0.9529339998032512,0.9554100330136495,0.0,0.07510474291681743,0.010869565217391304,0.7619047619047619,0.0,0.0,2.8073161794722563,1.717020879590258,1.5638366453404913,5.037621111476344,4.08711419735594,3.91434673642512,0.20499924467119968,0.06957457679237056,0.042415857768958176,1.6397239403361854,1.7180325616656722,3.991253879235302,4.090832608483224,0.06439937003966678,0.08439109547144752,0.5371950471070732,0.2781664029588985,0.08430487594691569,0.9973054475570574,0.43274331745117867,0.013499483636296264,0.9996193813100916,0.43374736227125094,0.01353080494403711,9.836054989333064,0.00847253384830186,0.0001781313334297972,0.17409837986337398,0.4207821988097077,0.19767666849457807,0.9910188472878799,0.1981353150572103,0.9933181949614008,0.0021499687024488017,0.5871943528909025
openml_46762_air-quality-and-pollution,real_openml_multiclass,real_openml,4.0,4,9,1000,4000,0.0,0.0,,0.0,0.0,False,2000,0.4472135954999579,0.7155461246605428,6.024272439117435,4.310644797709796,4.0,3.5839147531425337,0.0011862512440773,0.0844686648501361,0.489910383719719,0.4506752075916986,1.846439344671016,0.4948342597491135,0.1448699276693271,0.4890485165865702,0.1431530081407718,0.987679132462682,1.5271773069173185,3.0142830732526926,0.4989495770013363,0.2023172503257111,0.0145031459394214,0.0215051025570922,0.5006706349206349,0.3520151287773482,0.1449444444444444,0.2284907405531316,4.817790745335,0.3279092119202568,13.721333250528444,0.95444025,0.6125633524785499,0.3271552509412435,0.1805,0.3707490844867687,0.0995372846072939,0.0995,0.2994070344633591,9.0,4.0,2000.0,0.4012247182011256,1.1262528377048482,13.481092745271177,1.1992456847854354,0.4565,0.0556297382599938,0.293,1.4377541149690731,0.293,400.0,0.1,0.726,4.277926858300728,2.3055555555555554,0.44721359549951073,2.0,0.0,0.6693333333333333,0.8826666666666667,0.9133333333333334,0.9366666666666666,-0.21333333333333337,0.8274278149423415,0.4557146033298435,0.16710432655292207,0.047864997965399884,0.0016861639056920915,6.166781325194694e-08,0.875,0.5964285714285714,0.002,0.5016666666666667,0.0,0.0,0.39952171561099226,0.6105445384279095,0.0003559116068469392,0.027323286489947824,0.2500892857142857,0.74875,0.0,0.276,3.5847667526643967,3.584465511712776,3.581215102235184,5.263691683709844,4.838009983906038,4.188030734239353,1.241591645284875,0.5917072298755937,0.16692367278251297,3.583277869110616,3.584715324738206,4.770638196870372,5.0326506874845265,0.39850398192469516,0.6605630572431593,0.9648546200619558,0.43663685949488257,0.06823967160231803,0.9715922684893182,0.4893080222292524,0.2770000637966763,0.9331278250164613,0.4843233566891074,0.2699460466985099,4.951712983117398,0.4310287123602903,0.016421173987604364,0.25243826554860027,0.7007457397784191,0.40299776075097743,0.5735285327657762,0.40067793025857246,0.5653429404093047,0.3949072919403555,0.5962634274904623
openml_46764_football-player-position,real_openml_multiclass,real_openml,4.5739,4,11,723,2888,0.0,0.0,,0.0,0.0,False,2888,0.5232928202508532,0.6749455327270656,2.2026621999808587,1.486677011983851,4.572463768115942,3.4164737643191514,0.6285603200705346,0.1183170392156607,0.7119792263714567,0.1448792462400095,1.7973831716339717,0.166494747798042,0.17180182600771,0.1665524183029945,0.1718613347801408,1.000346380325598,0.7900183713727035,6.529914949442338,0.7999603613394709,0.1326750776179392,0.0283422568942114,0.0536764479188171,0.637906365747707,0.3441017984072246,0.4348692931468036,0.4377100576600936,4.938603248033731,0.5895405038455805,4.497522997896269,0.9909515494432976,0.2752536879193917,0.1891525669706394,,,,,,11.0,4.0,2888.0,0.4180612160233093,1.5627232483356406,3.113521621218533,,,0.0857875057075419,0.48398398398398396,0.9512841612428419,0.48398398398398396,276.0,0.09556786703601108,0.977536231884058,2.3243321364324654,2.5593349158753953,0.5232928202501284,2.0,0.26800808663699277,0.5454041416165665,0.7563527054108216,0.7823794255177021,0.8197635270541083,-0.21094856379425508,0.9851823499036148,0.7303422253806721,0.6336684913078829,0.10190074306116567,0.0030273424059899085,7.91094506746744e-07,0.9775933609958506,0.642567177500911,0.21710526315789475,0.9394190871369295,0.20675895347675458,0.0,0.7060093626697204,0.9260839304742894,2.950993493810851e-06,0.010964239558645207,0.37375252869877196,0.8963991216927376,0.03940731399747793,0.7087179254527638,3.584955995579937,3.5180962454754052,1.5711870119594609,5.338684919485679,5.022545446270003,3.3227978696584968,0.589860374232142,0.2742153027532863,0.04118870676276565,3.155375825721725,3.5756770938139084,4.5557211258492565,5.099252828891914,0.09653213558030238,0.3714241903304556,0.8717873612363657,0.6861054515436149,0.5778990971977532,0.7978579202609648,0.10213072524666857,0.0005553762549436162,0.8122966447851222,0.10100092857978532,0.0005622235463093507,2.5956144085656554,0.7518254176493719,0.17866207549429558,0.6320022743706841,0.7789464063899902,0.042696968044562134,0.22309714020531968,0.042722160217264056,0.22395285694797024,0.4370635158906552,1.199224471816073
openml_46806_product_sentiment_machine,real_openml_multiclass,real_openml,31.1031,4,3,1019,4072,0.0,0.0,,0.0,0.0,False,1999,0.9186280498173188,0.716166148440576,1.2716817051614784,0.9107353888278402,30.935897435897434,2.9261976408631827,1.1410032605646894,0.3411520288959768,0.2672941641298588,0.418542566020109,1.3354298389615744,0.0268096723570853,0.0221815449817309,0.0260699920544553,0.021286155639389,0.9788984552967438,0.0630704687332041,5.563170953420896,0.8113414518091323,0.3241752144262722,0.6134076505922234,0.327171670859382,0.8614213515465371,0.1782189736360209,0.8384615598172247,0.2024404085481955,4.021579160234579,1.5204784048761244,1.290450900181558,0.9961341351015678,0.240048319590178,0.379520607857002,0.3371685842921461,0.3599747296065813,0.2265715913174125,0.2341170585292646,0.4235516548290899,3.0,4.0,1999.0,0.8992778934089672,0.5646942696750343,1.2888549662027715,,0.3386693346673337,0.4362034052457818,0.4832416208104052,0.8979128292194204,0.4832416208104052,78.0,0.019155206286836934,0.223076923076923,0.0705955563664793,11.241873729392639,0.9186280498164165,2.0,0.45087973259452324,0.877755511022044,0.7722110888443554,0.6720106880427522,0.8209752839011356,0.10554442217768856,0.9986668056561986,0.9983413454269401,0.4370162043442586,0.9818076484517715,0.6050610899532859,0.3027514920301157,0.9945474372955289,0.9609258146700437,0.6069868995633187,0.9896401308615049,0.9501092500448717,0.5589519650655022,0.7176787748855993,0.9985040755415693,0.31453081284648426,0.87732316950382,0.7299189771798112,0.9844005374654262,0.6805805396565822,0.9809431575308021,3.5849561804964467,3.5849561804964467,1.6086805615966544,4.906200096097257,4.892637996638363,2.2658993879681177,0.6782110125901109,0.027748022819658935,0.014185923360764185,2.5968183710465507,3.5849561804964467,3.5792686923032404,4.89941904636781,0.02096697309021156,0.3529795177048849,0.7504001072794719,0.037332799037266905,0.014149586072836583,0.05238818530241671,0.01517180391879071,0.01286902785004873,0.05062402860534158,0.01475468511699395,0.012831262441030595,1.023230486921404,1.0067712969378837,0.9066935820309443,0.025741192555051744,0.39386645315836943,0.01402041588441972,0.03377999461060371,0.013792973779012271,0.032689356861167765,0.956732439484414,1.0150008919296438
openml_46807_melbourne_airbnb,real_openml_multiclass,real_openml,3.8335,10,49,3664,14652,0.0,0.0,,0.0,0.0,False,1996,0.3295381308508179,1.2213890347807752,46.65913227737892,56.98895253597635,3.832137733142037,1.487454314710118,1.269215782452446,0.0138822032740956,0.2482510624706467,0.1961092636886296,3.248491743906833,,,0.0697021503166691,0.1405230799230171,0.9974465520238042,1.1466145204909526,27.727312307021208,,,,,0.0,0.0,0.0,0.0,4.618787507224134,1.197366748590274,1.4437254766408012,0.9992901634933192,0.117158551392817,0.3801431599996247,0.8587174348697395,0.5575605400517996,0.1110479457966772,0.7695390781563126,0.4212334055257,49.0,10.0,1996.0,0.3645069611740364,0.8623280565962165,1.058622160731407,,0.9443887775551102,0.3369923107045219,0.9463927855711423,0.3944614673980318,0.9463927855711423,697.0,0.04757029757029757,0.27517934002869443,5.203937396825373,1.5103741016743473,0.32953813085059297,7.0,1.1695598460077692,0.30702368592606905,0.2521683259423801,0.47357767744323986,0.30235034996364885,0.054855359983688956,,,,,,,0.0,0.0,0.0,0.0,0.0,0.0,0.9716501554096251,0.9947895057794268,,,0.0,0.0,0.0,0.0,3.584956710647189,0.9640061290213716,0.0,6.784074617663107,4.174991684076582,3.2484919391500733,2.621484910415959,0.01612328617893688,-1.9524324024189355e-07,0.531488486202368,2.6281624011008,3.778152862970491,5.4125139468356895,0.003921322932617599,0.0703285391713333,0.7171040392219601,0.17215497363127769,0.09727824213056256,,,,1.0031867914357189,0.023682816345263813,0.0,5.112007631306724,0.6627860605533178,-7.705706300666356e-16,0.14945383285307332,0.22024622329729407,0.00938597468197644,0.06091907330305396,0.007819280810486608,0.057860452303883876,0.26028053559030284,1.1810051449238597
openml_46825_SOCC,real_openml_multiclass,real_openml,118.4286,4,4,209,834,0.0,0.0,,0.0,0.0,False,834,1.2808292440372824,0.7189273025454611,0.206297996419805,0.1483132620866236,110.5,1.1153815666646991,1.438310627306761,0.6760400812311846,0.0654088918635146,0.0749847080900977,0.9068344570871364,,,0.0179314593187683,0.0252004230098321,0.7509003601440604,0.5039877184849487,50.76949616428836,,,,,0.8421697418709077,0.164080869864136,0.8312349956119737,0.1684611080776946,2.004354226302583,1.40981119276917,0.0246155651299076,0.9979987233234996,0.0178617974492528,0.0306190676132647,0.4040767386091127,,,0.2865707434052758,0.4524305340564731,4.0,4.0,834.0,1.3147325159887395,0.0240803822991531,0.0233761963129341,,0.1474820143884892,0.9759480542090294,0.6654676258992805,0.4785053796238445,0.6654676258992805,6.0,0.007194244604316547,0.10000000000000002,0.002141982864139983,28.568474104970452,1.2808292440311395,3.0,1.041404040582368,0.7949640287769785,0.6906474820143885,0.3741007194244605,0.7949640287769785,0.10431654676258995,,,,,,,0.99875,0.9049970205158764,0.6153846153846154,0.9975,0.8895675491614881,0.6013986013986014,0.9875750156363745,0.9952104297121316,,,0.7149828541281984,0.9591830022365478,0.697540226853073,0.9542757531903696,3.0149532330020192,0.7232865168283893,0.0,3.858347640409656,1.6261173579486785,0.9068345489033192,0.06344004967949957,0.004003615966847229,-9.181618276787873e-08,0.0,1.8386680834930886,0.9068345489033192,2.7236370353479424,-9.181618276787873e-08,0.02186550523228281,0.15113646753096094,0.03307095435144567,0.012019253708137263,,,,0.05539309133614021,0.003870533040919227,0.0,1.0685698251128235,0.967515807731709,0.0,0.022545104029791468,0.0921037109412033,0.02606653992338073,0.04986398419006752,0.0,0.03527621539143311,0.6947084842101434,1.023707683665626
openml_46827_QSAR_Bioconcentration_cla,real_openml_multiclass,real_openml,7.1875,3,9,156,623,0.0,0.0,,0.0,0.0,False,623,0.6233098415875875,0.3953400533984604,0.1953555359793625,0.077231868025766,7.215686274509804,2.3080176965365444,0.8719499912508102,0.2571210895571291,0.3107206700956967,0.1359704867247199,1.2716288634064865,0.2386316010626485,0.1658237093858597,0.239015253154389,0.166090306989374,1.0016077170418,0.8692134572862837,25.885063273577725,0.9658780005065832,0.037547989408423,0.0776934763921315,0.0179415156685702,0.928232862649541,0.0526476089200635,0.8079002969358157,0.1509032144595263,3.530520589109322,0.845538381116863,0.2466447454847138,0.9955994012300036,0.0491259708337088,0.035146476624083,0.5842696629213483,,,0.391653290529695,0.488512074366495,9.0,3.0,623.0,0.5120836274061064,0.2115826429095947,0.1983800849778705,1.0908890043319486,0.6099518459069021,0.7960392316963998,0.7993579454253612,0.30915528800355646,0.7993579454253612,51.0,0.08186195826645265,0.4470588235294118,0.9802758109432765,4.339869281045751,0.623309841584586,2.0,0.04246777689452373,0.6292502787068004,0.5682367149758454,0.62123745819398,0.6677737520128825,0.06101356373095501,0.9987087290036305,0.9822018515690796,0.883561771182716,0.09012335549158333,0.08583198812303196,0.05712508556177942,0.9737762237762237,0.9403341288782816,0.8705882352941177,0.9300699300699301,0.8544152744630071,0.6392156862745098,0.9570563992184306,0.9925922754147044,0.07147853684240568,0.08797767180730764,0.9054611820861996,0.9570551763272527,0.7468154803687584,0.8922426022664687,2.998114604247898,2.3962055045657618,0.7365615543097459,4.210979203689171,3.5941803748252723,2.006493249955924,0.10449751669318097,0.0529909516641589,0.0016971677603083712,2.3394211819922943,2.9974283374325164,3.572462055232933,4.18811842784302,0.025680446080291297,0.07365399314697596,0.40686632329998157,0.3107206700956967,0.2145750168914118,0.7357744223172575,0.21503833675873124,0.005894586883863607,0.7369573393949378,0.21538405755737877,0.005904063711651158,2.638174546684361,0.6599823071012721,0.1075140231291366,0.26264784349355424,0.3587934966978391,0.10536302965587584,0.31743783149044846,0.10553242359422942,0.3179481817018479,0.4496446811504336,1.3785120393058103
openml_46828_Cervical_Cancer_Risk_Fact,real_openml_multiclass,real_openml,75.6,5,30,172,686,0.0,0.0,,0.0,0.0,False,686,1.703572162953807,0.3803405346912204,0.2080230313906491,0.079119590987208,75.5,0.6392356960411506,0.8933180365278055,0.833130928368412,0.2631503480810293,0.0906053832447326,0.7318105057045978,,,0.0797599630533171,0.16654314437895,0.9013138686131364,1.0556565401142992,71.80532742114131,,,,,0.8299074466712728,0.1047724844034523,0.4642887724909301,0.2618408020144745,1.360854611065958,0.8837672504827391,0.3365419196194475,0.9837291434691328,0.0101915906797903,0.0107859387394553,0.2798833819241982,,,0.19533527696793,0.39674786140248,30.0,5.0,686.0,1.287111031044141,0.3016204291994421,0.1708752120302185,,0.3236151603498542,0.7273771898128334,0.41545189504373176,0.3658233010523035,0.41545189504373176,8.0,0.011661807580174927,0.2,1.6435131756058963,18.640584415584414,1.7035721629413905,4.0,1.4895925295836483,0.8760821267141653,0.7959217548967032,0.03206797926402615,0.81774304757527,0.08016037181746205,,,,,,,0.9675925925925926,0.8416666666666667,0.6363636363636364,0.8858024691358025,0.4398692810457516,0.0,0.9797908181896597,0.9958556401802263,,,0.7604166666666666,0.9111512791991101,0.3333333333333333,0.6556729699666296,2.9713370019609684,0.28141404849801466,0.0,3.6544258095594957,1.0045520528056313,0.7318106496211572,0.0487216981060703,0.00867250139698128,-1.4391655933643221e-07,0.05928450408825218,0.7020062204640916,0.7892531670848179,1.4230088837259633,0.0032252012454579426,0.01192331587382317,0.3820183524902014,0.2476955638706968,0.1751919120925223,,,,0.9858668483044872,0.02161149295231255,0.0,4.75827172561506,0.7317253517063119,-1.0156181120374968e-15,0.20422443997854545,0.3066214719731807,0.011803266953966586,0.08682671250628327,0.0029303943398512307,0.06710373213003645,0.10763774102705764,1.247548053807051
openml_46850_hepatitis_c_virus_hcv_for,real_openml_multiclass,real_openml,1.0904,4,28,277,1108,0.0,0.0,,0.0,0.0,False,1108,0.0372558979071304,0.3590136462212808,0.0256830319542546,0.0092205589479146,1.0943396226415094,2.5914449756550537,1.0375181017218582,0.0006171487105538,0.1640757482632251,0.0260755039089626,1.998999332858041,0.0268336118774126,0.0394838850119916,0.0268578518158746,0.0395195524781271,1.0009033423667593,0.2526107875407936,153.73761406323175,0.9970607546946952,0.0026515077163916,0.3304355118203079,0.3124945234539092,0.9853347517224402,0.0057390389052842,0.9372470286314996,0.012861074176564,4.5774416393547455,1.0309828605711238,0.0845989746285491,0.998809934965919,0.0130026691583483,0.0077833483615868,0.8772563176895307,0.5245632672301662,0.0359783255340911,0.7707581227436823,0.4205349576031713,28.0,4.0,1108.0,0.0275887345531751,0.0821224173126243,0.0382025667679026,1.0391437950313056,1.0,0.9200312217745164,0.9954873646209387,0.08703876121818355,0.9954873646209387,265.0,0.23916967509025272,0.38113207547169814,2.7728988150854135,1.056014638719601,0.037255897906995995,2.0,0.06823965959317031,0.23374838252887034,0.24185893210283452,0.2626235992089651,0.26354403183671476,-0.008110549573964176,0.9997507076325737,0.9978220383117369,0.9898275872970114,0.9456679224924337,0.24342142740392655,0.06089492447480934,0.9927927927927928,0.985558390438299,0.975609756097561,0.9567567567567568,0.9381357319743763,0.9163763066202091,0.9959214505609584,0.9991377648564442,0.20114757599839275,0.287468664563634,0.9841508644683576,0.9879952161765593,0.9356927110610447,0.9389333882736026,3.321918676613882,3.278608118008906,0.9991513719453445,5.313924681749415,5.259126251713877,2.992408627555358,0.02567195986956783,0.014359522129376856,0.00025344483682587793,0.9999782594244917,3.3198617195457527,2.9986282309618173,5.300808953008598,0.006183226994179614,0.018471789502251035,0.19182500693964166,0.1603211923579677,0.14008104549206596,0.43212386633452016,0.019663545621897947,1.488866459316762e-05,0.43251422213066587,0.01968130853573901,1.490211415467905e-05,1.8936874381661393,0.9832886458404007,0.5382439904021867,0.15020111892501684,0.1760730996488047,0.00908604058074066,0.03465185568149131,0.009094248386143334,0.03468315817081521,0.8612648824402198,1.103992933446086
openml_46863_Fetal_cardiotocography_da,real_openml_multiclass,real_openml,10.9245,10,36,426,1700,0.0,0.0,,0.0,0.0,False,1700,0.7781221295162518,2.347281065980777,113.0965400810402,265.46936716016165,11.023809523809524,1.951745921864855,1.4209880290948986,0.0764071326153257,0.9999999999999998,2.6331251014325263e-16,2.9138699232658443,,,0.1659816088045333,0.1694708346983657,0.972794454254136,1.4324449799614738,7.253291422565999,,,,,0.0,0.0,0.0,0.0,4.46388513371872,1.3864880810972255,inf,0.9211010380622836,0.401730711411979,0.2731275267357392,0.0105882352941176,0.1685380275249216,0.0869375721929577,0.0,0.0,36.0,10.0,1700.0,0.6828737680831214,8.999999999999998,inf,,0.1141176470588235,0.0,0.04,1.2297216373154987,0.04,42.0,0.024705882352941175,0.980952380952381,6.792798095563644,3.369421142049864,0.7781221295116747,6.0,0.9434266940582174,0.4535121112372,0.9772543748809532,1.0,1.0,-0.5237422636437532,,,,,,,0.0,0.0,0.0,0.0,0.0,0.0,7.279282883244786e-30,0.8248324949596577,,,0.0,0.0,0.0,0.0,3.458482142518752,1.9445611288760747,0.0,6.2028133298112,4.476401643395216,2.9138701561088816,0.962190302747322,0.31961570706388853,-2.3284303729553812e-07,0.5047530882716253,3.4406132715285755,2.913872813651357,5.838350510824299,0.21004936207390223,0.578835640901459,1.0,1.0,0.9999999999999993,,,,1.0005885815185436,0.11410773433108871,0.0,7.158529055150396,0.5452274983143327,-6.20024684089627e-16,0.9999999999999997,1.0,0.059317357487020175,0.2489523725114447,0.04848112346770271,0.24038564341657695,0.12751788939906125,1.100057015725353
openml_46900_TESTFORDESCRIPTION-anneal,real_openml_multiclass,real_openml,85.5,5,38,180,718,0.0,0.0,,0.0,0.0,False,718,1.414596194620986,1.2091445620808543,13.36958204852954,16.165757431273303,91.16666666666669,0.4950574019235328,0.7461082258427318,0.6386093133700226,0.7503344476596869,0.1606912558827575,1.187764057925177,,,0.0625723919305641,0.1012680910364087,0.8169272553769372,0.8322831149943921,19.671355656965417,,,,,0.1077354854310385,0.1521234088707306,0.0,0.0,1.6224410733294612,0.6713569718564382,27.277456596056663,0.9729343347739388,0.0603803865192484,0.1047408304146574,0.0974930362116991,0.165703886980554,0.143763820224587,0.0278551532033426,0.1646724356662251,38.0,5.0,718.0,1.613883494296594,2.329472172530604,24.68812167454614,,0.1963788300835654,0.0061379823649776,0.23119777158774374,1.0777107678500737,0.23119777158774374,6.0,0.008356545961002786,0.46666666666666673,7.807919578977132,15.843330989217066,1.4145961946111352,4.0,1.4473861907820897,0.8370467224546722,0.9234135285913528,0.6142317526731752,0.9164225941422594,-0.08636680613668068,,,,,,,0.3753993610223642,0.0,0.0,0.0,0.0,0.0,0.8186579144922079,0.9779351562441883,,,0.0,0.21784384639931922,0.0,0.0,2.915127293940547,0.0,0.0,3.78915982698419,1.1877641727921369,1.1877641727921369,0.40401752814091907,-1.1486695994378238e-07,-1.1486695994378238e-07,0.0,0.646166794931131,1.1877641727921369,1.8133490307183826,-1.1486695994378238e-07,0.05021434869698199,0.9803425430616105,0.7062634764061577,0.6084682947648219,,,,0.7935182767523057,0.02397673023398387,0.0,3.8460983743689674,0.732030637653865,-6.852881683444201e-16,0.6693681959935396,0.7872297280723052,0.024691898984800977,0.12102736911726286,0.0,0.08571307694027457,0.14138134153738283,1.0682716097573466
openml_46936_internet_firewall,real_openml_multiclass,real_openml,697.037,4,11,13107,52425,0.0,0.0,,0.0,0.0,False,1999,0.8262517356318277,0.4413031274576822,2.4570165809297184,1.084289101379666,700.2790697674419,2.5077073917301878,0.6500358447123666,0.2946460160030162,0.537579799368835,0.399440444188222,1.417111569661892,0.3053097813591732,0.3916660765942467,0.0351002780723104,0.0820945481156771,0.3986703970298108,0.5474006092767861,1.8166002632048857,0.8743132455753226,0.2065137308353457,,,0.1824557370429103,0.1843032026353802,0.0,0.0,3.144729032768049,0.6890445742316099,3.878424649881961,0.843653192278981,0.7800899286240291,0.2748294381238845,0.0340170085042521,0.0850346960039352,0.1221303135020983,0.0150075037518759,0.121612816433313,11.0,4.0,1999.0,1.2251707935022762,1.1860814589748794,3.151251141413035,,0.0435217608804402,0.138945499685856,0.015507753876938469,1.100405488187561,0.015507753876938469,43.0,0.0008202193609918931,0.3767441860465116,2.7485213883637356,204.13211864067168,0.8262517356317647,3.0,0.5246080013002871,0.798,0.9873333333333334,0.988,0.8786666666666667,-0.18933333333333335,0.9967323467337982,0.9954730083974921,0.4342807896801782,,,,0.4617196702002356,0.16648841354723706,0.0,0.0,0.0,0.0,0.8739712221831042,0.9959508540799276,0.0,0.0,0.025477408354646208,0.2827952421410365,0.0,0.0,3.5849561804964467,2.4182617466028353,1.476739320533652,4.781237901472574,2.9506534277522025,2.364688088794109,1.0683405634192553,0.9098922410304748,0.2208298486857645,2.0633464598316404,2.9317360039858804,2.7047977527169413,3.392404201134882,0.740419667446022,0.9365810641377621,0.8712684824052417,0.6464918096602579,0.09497910604100396,0.9994958855754527,0.05601721089994524,0.015199399078943352,0.3747203003719597,0.003946863198574664,9.869915231278516e-05,1.5337839145871062,0.089345456787931,-6.343891554138974e-18,0.3707354578506309,0.7588801460327498,0.028859630839173454,0.7874497122273119,0.0014429806528939815,0.014886993595887577,2.5644007996645413e-05,0.6238113158090024
openml_46943_MIC,real_openml_multiclass,real_openml,119.0,8,119,340,1359,0.0,0.0,,0.0,0.0,False,1359,2.167391103921394,1.1935997251755035,1.95418266784527,2.332511895282847,114.2,0.7654628623113886,0.8378875711746125,0.7894801648852782,0.567928466124133,0.2508127709542755,1.0196281527024011,0.0940195102528467,0.2003326735802245,0.0940887440601022,0.2004801939584132,1.0007363770250377,2.4157139246853383,37.29360516198232,0.9518048855536948,0.1123856601320584,,,0.5274698643356956,0.334471316113443,0.0307062690726191,0.1086296975961307,1.7577504522477685,0.8253919858384609,1403948.4689965893,0.9632937909914066,0.0273405627660215,0.0359437471700967,,,,,,119.0,8.0,1359.0,1.7233313058517126,2.635241474881344,1403945.062499688,,,7.664629980118117e-08,0.19205298013245034,0.5624450821171713,0.19205298013245034,10.0,0.007358351729212656,0.2,8.784493398931042,16.490464505040915,2.1673911039086358,7.0,2.249606557896281,0.8859455481972037,0.8896247240618101,0.25680647534952167,0.8719646799116999,-0.003679175864606421,0.9984618562635318,0.9837610829557407,6.013564472763987e-30,,,,0.9056910569105691,0.6577277970011534,0.0,0.5422764227642276,0.0,0.0,0.9482798465209341,0.9935381726056687,,,0.27594339622641506,0.7625,0.0,0.0,3.4585221973180893,0.41318013766156164,0.0,4.397449912338628,1.4238226870633384,1.0196284473419968,0.22929503214688518,0.01409435845000262,-2.946395956104908e-07,0.19707527708288397,0.9582052232615381,1.1882035588176163,1.9562548252561753,0.006657998473056148,0.03262404915152073,0.9999996438608987,0.4822666705029121,0.3343056471940142,0.9954123075237804,0.029814534002341242,2.8792243487330927e-06,0.9961453062774779,0.029836488740193068,2.881344543393476e-06,21.910698849033658,0.4843998583967001,8.032687255073668e-05,0.39594604729475547,0.6835176033607974,0.01390468026293778,0.06046291368217422,0.013914919350023877,0.06050743718267756,0.11316049515373441,0.9935206953001752
openml_46944_Mobile_Price,real_openml_multiclass,real_openml,1.0,4,20,400,1600,0.0,0.0,,0.0,0.0,False,1600,0.0,1.0160916198681371,8.11532368411275,8.245912387944383,1.0,2.6168017943284805,1.1186642443203805,0.0,0.4219298020601367,0.4662103017465802,2.0,0.0309889293310731,0.0803271096111802,0.031008309524526,0.0803773454520875,1.000625390869294,0.3843964150966182,27.9750304433092,0.9504791807565256,0.1872232906568575,0.3110008702469717,0.2336837779333827,0.4377083333333333,0.3993106690493839,0.39125,0.4296728406590298,4.545309468196685,1.0936422685594855,11.450626615663923,0.998889453125,0.0714923261317966,0.259723158410109,0.748125,0.506856939348774,0.051083900768694,0.5675,0.4955776914674177,20.0,4.0,1600.0,0.0,0.9687783645087932,11.39971388259163,1.0268180250979486,0.994375,0.0767014761228465,0.944375,0.34279784075826,0.944375,400.0,0.25,0.49700000000000005,1.7248814403405643e-08,1.0,0.0,0.0,,0.5,0.4533333333333333,0.8066666666666666,0.9326666666666666,0.04666666666666669,0.9995327533640977,0.9963545047654314,0.15672904158216414,0.5702046984346661,0.3007597043742699,0.0,0.8475,0.44625000000000004,0.0,0.83125,0.3675,0.0,0.9942413794344228,0.9984250179488862,0.15760916062067104,0.5134815272904321,0.1053125,0.7825,0.0,0.7696875,3.459423167090096,3.25410740334782,0.8012209808507773,5.444545601838336,5.127774759077948,2.8008260565494547,1.1736439912889036,0.013272102380952777,0.00033692736339041574,0.9999988728933252,3.455089555968623,2.999521025258887,5.404218049307628,0.002311651441346041,0.017515079485334484,0.9588289617348523,0.18748779064622856,0.11947265379932943,0.652551591129284,0.017444997591123036,0.0001838773859094446,0.6529596909361124,0.01745590753333136,0.00018399238114766175,1.7021811540041054,0.9857072292377789,0.3403755770459858,0.153480222222779,0.5731583761905404,0.009131270646700124,0.028393912603929122,0.009136981259987575,0.028411669897615163,0.8993600512992518,1.1045515054541855
openml_46955_SDSS17,real_openml_multiclass,real_openml,3.4024,3,11,15611,62442,0.0,0.0,,0.0,0.0,False,1999,0.5881718178072836,0.2540918237416174,2.6634975949414046,0.6767729614300733,3.4024117909781157,3.492325861031308,0.3071840772467784,0.2686720694828967,0.6589858789281033,0.2348564292973508,1.3524566287001756,0.2563573511442204,0.3033120148053312,0.0831073729123482,0.1650132240581052,0.7375985867846004,0.7708743247928369,7.30116678325461,0.8916415725565677,0.1745003904717424,0.0198190138703623,0.0335906679908462,0.3263242528088456,0.4827425793932023,0.262779890156316,0.455148120958108,4.659544065675473,0.3767581502151959,2.452943784257249,0.9961478988618871,0.1852384240560105,0.2902414801969859,0.3501750875437719,0.4153632825901581,0.1025787478517335,0.1995997998999499,0.3997995492738324,11.0,3.0,1999.0,0.3826253792391892,0.9236823196355912,2.131996585796664,,0.6273136568284142,0.241709245054828,0.34217108554277137,1.042975960622425,0.34217108554277137,11195.0,0.17928637775855993,0.9068691380080393,1.9227465040052794,2.4909018215203798,0.5881718178072554,2.0,0.6935096076890244,0.8172144288577154,0.8559158316633266,0.9246319305277222,0.8439011356045424,-0.038701402805611185,0.9999671472290049,0.9398634289909242,0.4035743885520543,0.058603042324973986,0.0008539992861131989,0.0,0.8808618504435995,0.09811090798293723,0.0,0.788339670468948,0.0,0.0,0.8758309003920222,0.9975064521475372,0.00042699964305659946,0.02972852080554359,0.049055453991468614,0.4894863792132684,0.0,0.394169835234474,3.5849561804964467,3.5849561804964467,2.566131023365721,4.923475077051921,4.799937997644964,3.9092005718745058,1.028212237322117,0.12884546777697548,0.00536419870364524,3.5849496850300326,3.5849561804964467,4.7236458007,4.871247763448332,0.02446092994984106,0.16330367655746159,0.8250544526895188,0.6589858789281036,0.49291730516668836,0.9774173765876948,0.14550189533209615,0.002139732053712987,0.9600252714964397,0.021529299840645777,0.00012345102667966996,2.5986681191987,0.768041287983168,5.841758561874008e-05,0.575951592047396,0.7420201658088112,0.023627606685727845,0.33478363033508196,0.006651232672641792,0.05926320332039908,0.01572588316493068,0.985118897218802
openml_46960_students_dropout_and_acad,real_openml_multiclass,real_openml,2.7821,3,36,885,3539,0.0,0.0,,0.0,0.0,False,1998,0.3925861666326484,0.5797565975452206,0.8568734028939011,0.4967780085887631,2.7826771653543307,1.8681535914256933,1.2419923291435575,0.1122915715025858,0.5763390090105618,0.3026031119006552,1.4709755062710426,0.1019979278701841,0.1598098136347111,0.1008476390081902,0.1576875160311132,0.993978971439102,1.1242337480295133,20.7621607529176,0.9405346922781024,0.1040453370557399,0.0192430034303009,0.0160312689557781,0.988148619804782,0.0034741912462429,0.9494289517231456,0.0141675430814175,3.2682802335646954,1.2002641696635994,1.814930622096308,0.9976159843527213,0.0708488641320404,0.1103928581227757,0.5165165165165165,0.4674967698049589,0.0999230752763859,0.3713713713713714,0.4832924358906364,36.0,3.0,1998.0,0.2605975308667292,0.7559019499465132,1.6637728649479522,1.1234665881356,0.7572572572572572,0.3261128899297921,0.6566566566566566,0.5877900348502302,0.6566566566566566,635.0,0.17942921729302064,0.43653543307086623,3.207939821551331,2.042439352073075,0.3925861666323156,2.0,0.137410924158471,0.7102832331329325,0.642875083500334,0.6561790247160989,0.7630086840347362,0.06740814963259856,0.9999992201541632,0.9868238258357424,0.5928507535763434,0.033765362312272694,0.02192302128692015,0.0020406266917100705,0.992,0.9871951219512195,0.9852507374631269,0.961,0.9536585365853658,0.9336283185840708,0.943877703324392,0.9959233370960325,0.011981823989315112,0.02784419179959642,0.9862229297071732,0.9895975609756098,0.9436434275847183,0.9573292682926828,3.5787389666123604,2.1186667998507644,0.07752367909749608,5.019348617751881,3.5336624824913576,1.5476008969379773,0.4687878568192936,0.028059852642958738,3.5045189328286597e-07,0.6170220590772566,3.0484481420367366,2.081550597181442,4.425596024259967,0.009659279648168873,0.06457683321955021,0.7903117214436662,0.5763390090105616,0.3623662965774569,0.9425328771816,0.04468123474287401,4.793418476237732e-05,0.9314033600535779,0.04404300219121077,4.6545389651258385e-05,6.091283426440672,0.7412843245919721,0.01920778057134686,0.46935265279400923,0.6833253652271138,0.018140971716182275,0.10344038271434348,0.018264440362784372,0.10308316848087526,0.3914517074894851,1.1577649221592983
openml_46963_website_phishing,real_openml_multiclass,real_openml,6.8155,3,9,271,1082,0.0,0.0,,0.0,0.0,False,1082,0.5640828202315699,0.7851103251742658,0.9785815808557564,0.7682945031552101,6.853658536585366,1.3045906318812062,0.3475422363355184,0.1860625493884644,0.4931797305954512,0.3692774427593194,1.3010896004181671,0.0923444692448684,0.1067307308116039,0.0924298942857978,0.1068294641426044,1.000925069380201,0.420415561436383,9.486544892892091,0.9021689630528472,0.1566115691926007,0.4166666666666667,0.1443375672974064,0.8156681000159262,0.1241231600190456,0.8022822105430801,0.1254284660059547,2.4685291815102683,0.3372096264880127,1.3769198340465008,0.9909970240637418,0.1371510507891049,0.1402602020438058,0.2754158964879852,,,0.1469500924214417,0.3542198830338744,9.0,3.0,1082.0,0.5235159221669031,0.6228183230712661,1.3200023146008162,1.1586013659988774,0.1580406654343807,0.4078218449380489,0.3576709796672828,0.5295205198891881,0.3576709796672828,82.0,0.07578558225508318,0.5902439024390242,0.9254290354746413,4.492742324683521,0.5640828202300059,1.0,-0.5152533209646374,0.8151636400943879,0.8576613316918026,0.8179337231968811,0.8188647789063301,-0.04249769159741468,0.9996846360139723,0.969117850865603,0.5193803488374948,0.5,0.5,0.25,0.9115384615384615,0.86,0.6754658385093167,0.8884615384615384,0.86,0.6583850931677019,0.9376993976009919,0.9927867798843045,0.375,0.5,0.7677329192546584,0.8857692307692308,0.7591925465838509,0.8742307692307691,1.5843201454474358,1.425691578655954,0.5190726407671249,2.831942371248732,2.503983671416555,1.8164760636162847,0.44416028900029536,0.07182533667374535,0.003686177569007354,1.3192563254807514,1.5283551252528476,2.2251446344126666,2.719668595302296,0.05102962670290401,0.2229534819814023,0.7542983145097931,0.4931797305954512,0.23206114668110933,0.41582714740054194,0.048607116108225296,0.00678717751916648,0.41621181636206056,0.04865208106299662,0.006793456129267481,1.8065442565441923,0.9428921652942545,0.4749338270025991,0.3626204386382803,0.6237390225526221,0.032754015426245224,0.11928901479285899,0.03278431516299461,0.11939936540783927,0.7502729321101661,1.2396911465773282
openml_469_analcatdata_dmft,real_openml_multiclass,real_openml,1.2602,6,4,160,637,0.0,0.0,,0.0,0.0,False,637,0.0827272347017607,0.5867103844263339,0.1021966575047956,0.059959840211725,1.2653061224489797,1.9564470062672228,0.8829646680223656,0.0016725910158595,0.1588707197294546,0.0731118589126202,2.580167665496701,0.1677626818741977,0.2167423175172532,0.1680264596758864,0.2170831073246694,1.001572327044025,0.5196298197344871,56.08761912727704,0.970926090738276,0.015979589794335,0.9444444444444444,0.0813250060790444,0.9944419125766304,0.0108800612763644,0.9944419125766304,0.0108800612763644,4.490612225847266,0.8530345813067179,0.1222572251944769,0.9996032225231596,0.0460024459166584,0.0334420056728592,0.8414442700156985,,,0.8461538461538461,0.3610847496363316,4.0,6.0,637.0,0.0736418276505296,0.1169956540903963,0.0624668126728387,1.0231329033431429,0.2621664050235479,0.8872917701559361,0.9984301412872841,0.28115393848328213,0.9984301412872841,98.0,0.15384615384615385,0.3367346938775511,0.16688154517833362,1.1076554821724816,0.0827272347009815,4.0,1.1580681969818967,0.1773850651076269,0.18208728260548615,0.20878731508548146,0.21345262349780023,-0.004702217497859262,0.994553041175772,0.964936149949813,0.9592790218777059,1.0,1.0,0.8333333333333333,1.0,1.0,0.9656652360515021,1.0,1.0,0.9656652360515021,0.963188101639356,0.972674139048733,0.8333333333333333,1.0,0.9955454581531014,1.0,0.9955454581531014,1.0,2.904742254818553,1.960722898180652,0.9995999738890341,5.399193897921244,4.4937110309339925,3.575832943599834,0.08571602239400988,0.047179532743361285,0.003934695785901443,1.3365391788878118,2.580630725560063,3.88157867777713,5.102744579004128,0.03512816660738316,0.0580538120526366,0.2424750105118467,0.16232504993179597,0.0683577685423799,0.6097263074655537,0.0831052510120602,0.06434207925199006,0.6106849966282333,0.08323591964572706,0.06444324604326701,1.6459163403578119,0.9849913579512023,0.3903902519158848,0.12355553281782869,0.1976402368434219,0.07520780306849026,0.09106772431518136,0.07532605433117637,0.09121091256096019,0.7599057132512016,1.226657971744026
openml_46_splice,real_openml_multiclass,real_openml,2.1578,3,60,638,2552,0.0,0.0,,0.0,0.0,False,2552,0.3934528327918877,0.1859660855281807,1.7390665822209483,0.3234074047685019,2.1563517915309447,1.9742861643225116,0.0585054955765918,0.1237390448847981,0.6623239224322635,0.0398269834381241,1.4801702169281388,0.0244980142572207,0.0204767330990913,0.0245076175556359,0.0204847600426817,1.0003920031360256,0.2473877485768982,26.59414608256885,0.9785984328411302,0.0539770129945582,0.4166666666666667,0.1443375672974064,0.7724948428425602,0.0823653442966782,0.6973048319847969,0.12339304337481,3.398798635657596,0.1475660063963596,1.5839003526602191,0.9984783586049666,0.0556577455930542,0.0920006854487391,,,,,,60.0,3.0,2552.0,0.3078147238764248,0.8789321450618985,0.9112079997879776,1.1499238942962955,,0.3128066476809175,0.871935967983992,0.19637179000219993,0.871935967983992,614.0,0.24059561128526646,0.7752442996742671,8.328059635889428,1.7709011943539632,0.3934528327914252,2.0,0.707106781186548,0.6321923847695391,0.510685370741483,0.8565156980627923,0.775058116232465,0.12150701402805608,0.9999546189789885,0.994603199168085,0.6636363084325585,0.5,0.5,0.25,0.8254281949934124,0.8035343035343036,0.6811594202898551,0.8254281949934124,0.6811594202898551,0.5769230769230769,0.9809785154915662,0.998537390748425,0.375,0.5,0.7423468619120793,0.814481249263858,0.629041248606466,0.7532938076416338,1.9991135501260187,1.9926883517805034,1.6690224699287934,3.474411140893015,3.457706654801439,2.7635285546146098,0.38571888715831326,0.014203091091084863,0.0034618547133766775,1.985024174895378,1.9961866727038582,3.406181390244931,3.4661573492971076,0.008229814818091818,0.05823696451552307,0.6990125544184755,0.6693314348902182,0.6396503153619608,0.17647693681827736,0.02173391774438483,1.914063994775188e-06,0.17549262056131412,0.02169856217206923,1.9227889762778622e-06,1.9097082855689138,0.956484302460971,0.6120704611348508,0.6544908751260895,0.6841719946543469,0.010323214840077456,0.03628755942423925,0.010300054476515066,0.03628966825928161,0.803939740724102,1.1289279136523822
openml_47155_waveform,real_openml_multiclass,real_openml,1.0581,3,21,160,640,0.0,0.0,,0.0,0.0,False,640,0.0254836037973438,0.2666691567389427,1.8174986033855456,0.4846708199390296,1.0631067961165048,2.999998658172793,6.149024747554408e-06,0.000484268420027,0.6785732960589863,0.0028893962462046,1.584492255334028,0.3068280209841361,0.2194805055063198,0.3073081900310596,0.2198239804758133,1.0015649452269169,1.73007131901003,6.759523776956019,0.7616247801891097,0.1233573388913234,0.0011226157658022,0.0008840830468357,0.7423013658762102,0.0717022988991376,0.1598933767055209,0.1384945250979459,4.350082054596413,0.1248070610984476,1.706999793277539,0.99,0.2344088589104074,0.1248061433046358,0.3546875,0.4749880218489649,0.0381500857103343,0.2640625,0.4411775349798446,21.0,3.0,640.0,0.017486042646739,0.9209317848593812,0.863025500759274,1.1022572387611524,0.9890625,0.2910893648004663,0.6171875,0.9528033858742124,0.6171875,206.0,0.321875,0.758252427184466,2.6550812501903525,1.041800255889215,0.025483603797224433,1.0,-0.4310415657281579,0.5734719845553069,0.7280797975809165,0.7953431910256973,0.7953139397130445,-0.15460781302560955,0.9987574351989891,0.710816931113254,0.6245984374234762,0.001740255873370551,0.0015177086021150317,0.00010988282192105234,0.8018433179723502,0.7623529411764706,0.66270783847981,0.24235294117647058,0.23732718894009217,0.0,0.6824732571223293,0.8475068845657842,0.000813795712018042,0.0016289822377427913,0.7125303898281403,0.7820981295744104,0.11866359447004608,0.23984006505828137,3.0,3.0,2.999971821628644,4.5717793980445585,4.298241435549189,4.184331295007256,0.4001609603267715,0.286250819784839,0.012712857289469248,3.0,3.0,4.27534934501673,4.4648284371455675,0.11966381818846017,0.30914291031729757,0.6806164077382126,0.6785732960589863,0.6765301843797601,0.7331847868949019,0.2882443716265364,0.00107333733153123,0.7343321809276008,0.288695458280099,0.0010750170456650813,7.918101071714354,0.4164668597238028,0.23025448934224005,0.6775517402193733,0.6795948518985995,0.09566486450410741,0.4861628151415557,0.09581457477719679,0.48692363331861643,0.32163481267713445,0.834318335702235
openml_47171_Uber_Ride_Analytics,real_openml_multiclass,real_openml,10.3333,5,10,30000,120000,0.0,0.0,,0.0,0.0,False,2000,1.072846680565308,1.1606615952236767,2.117336956378872,2.457511689416746,10.333333333333334,1.725153721304277,1.5209645077663243,0.3948075155287893,0.2441128513569318,0.2029312567372615,1.6535405379439116,,,0.0143415019040521,0.0281610544519152,0.5824970723191949,0.5125516845967847,3.7287594478885753,,,,,0.2081369138959931,0.2353820772894676,0.1002,0.2326894926721015,2.9352383160442805,1.165852093587756,0.4399323288117002,0.970256,0.443455943203908,0.407753640590355,0.187,,,0.1295,0.3358364826392984,10.0,5.0,2000.0,0.7955810316087248,0.361907621673339,0.2866518835340766,,0.1035,0.6716716731368049,0.2455,0.832776676701447,0.2455,7200.0,0.06,0.9882777777777778,1.2222518992897846,4.296825396825397,1.0728466805652634,4.0,1.3552696308804653,0.62,0.8273333333333333,0.9499999999999998,0.6253333333333333,-0.20733333333333326,,,,,,,0.708,0.1264599317988065,0.0,0.708,0.0,0.0,0.8894147155658779,0.9856953413862451,,,0.025362318840579712,0.27675,0.0,0.0,3.5795479739962355,2.4004233796291032,0.0,4.777628925478185,3.4144749688339715,1.653540614764029,0.959601918100951,0.5318336811827664,-7.682011737841776e-08,0.0,2.9567583384597063,1.653540614764029,3.695873977564592,-7.682011737841776e-08,0.8161131394349918,0.4720052941544957,0.2522230556366152,1.6301332238815589e-18,,,,0.10373977387340974,0.0,0.0,1.2272228353524008,0.8466940044701998,-9.985843301713928e-17,0.13134991777963878,0.36498598921390796,0.01625452203746271,0.06711932994258804,0.0,0.01072334742088147,1.783870080887131e-17,0.9518920378726942
openml_473_cjs,real_openml_multiclass,real_openml,2.4818,6,8,560,2236,0.0,0.0,,0.0,0.0,False,2236,0.2971662314469159,1.3049757068587309,61.722312025827954,80.54611776485999,2.4840182648401825,2.7013062727100685,0.6827687723745861,0.0210390879394815,0.35153795964995,0.3787004519702319,2.520411882179175,0.2851610084853063,0.3009628572405009,0.2852885973034192,0.3010975162370274,1.00044742729306,1.1621065393387695,5.17396965114525,0.805370252043023,0.3184492237144152,0.0,0.0,0.0,0.0,0.0,0.0,4.734585053592198,0.4851557447158636,28.49731567392678,0.9883792934610424,0.4871331012970448,0.7552384395451577,,,,,,8.0,6.0,2236.0,0.2440551521998444,1.191550814664081,28.238755337713847,1.3506051586322765,,0.0268690290067112,0.4782173259889835,0.7181067090923372,0.4782173259889835,219.0,0.09794275491949911,0.5497716894977169,3.4089708600824173,1.5669721764945983,0.29716623144611853,3.0,0.12916759266595887,0.44889779559118237,0.7515030060120239,0.8096192384769539,0.9458917835671343,-0.30260521042084154,0.9856711305715788,0.9229869207434676,0.03480599994119687,0.0,0.0,0.0,0.0,0.0,0.0,0.0,0.0,0.0,0.8351264848516718,0.9552126458848883,0.0,0.0,0.0,0.0,0.0,0.0,3.58495617205541,2.530997007859841,1.8630669525460937,5.434972078184617,4.804895647782575,3.833028659196533,2.2721375739466345,0.1861202292952231,0.051154326028417074,2.354726645126597,3.116385274062513,4.519302542005903,4.966041635200532,0.08341443922627922,0.40744518461680435,0.9827461694175219,0.24403669318144058,0.0370222157392353,0.9160466273661956,0.123477665875495,0.014453174610660407,0.9323505669007449,0.1244138996232998,0.014502300979148819,3.7410504324919405,0.8161313027568635,0.054557615350921955,0.12515773188121002,0.4051555651152361,0.04084379319074772,0.5381368222450446,0.04093091485554009,0.5456376040240909,0.2724054307416684,1.0646543745787163
openml_474_analcatdata_marketing,real_openml_multiclass,real_openml,101.5,6,32,73,291,0.0,0.0,,0.0,0.0,False,291,1.1933110299020138,0.8840196196290061,1.6680398716256088,1.474579972840487,81.0,1.6783000833604371,0.3108081415795601,0.3439300137816564,0.4197340077772891,0.1450173761585825,1.6455224903918466,0.1168124864348091,0.1086755346747384,0.1172152881121706,0.1090502778977548,1.003448275862069,0.9052276822054603,30.713055925248288,0.958344158241466,0.0503155104047941,0.0032788661751717,0.0081724092346959,0.5759864354596906,0.3147711259607184,0.1435646221662015,0.3028311994943642,3.270245277686505,0.3050861572902025,1.409621449037919,0.9923477521521948,0.0535772960657787,0.0346031454153626,0.6529209621993127,0.5057760706645525,0.0506221895127995,0.5051546391752577,0.500834710297468,32.0,6.0,291.0,1.409437032219525,0.965003343975606,0.8107329159126929,,0.993127147766323,0.3167232523588991,0.8797250859106529,0.6152135190838391,0.8797250859106529,2.0,0.006872852233676976,0.2,5.170674412129317,14.527984749455337,1.1933110298774094,4.0,1.093794440062736,0.532569674067076,0.48455361360415683,0.43304204062352386,0.4983467170524327,0.048016060462919175,0.9974011848143512,0.9743249929285042,0.7381737595339475,0.03145727999999999,2.8156757354736314e-05,0.0,0.967741935483871,0.7222222222222222,0.12643678160919541,0.8218623481781376,0.0,0.0,0.9523696621023009,0.9881786073422848,0.0,0.0017931323807999994,0.2727272727272727,0.7965969889262162,0.0,0.0,2.25596465652874,1.6656243708596763,0.9590550044058676,3.822538697304871,3.272283662986057,2.5976508852973037,0.20757367635011414,0.04502898234511976,0.006899644264697802,1.5365530922401378,1.8830622634823326,3.1264794198418824,3.4820821858495004,0.034291979819169094,0.06448604610395081,0.6691318536582312,0.36423227545792314,0.2977287485496071,0.7811419885513514,0.0899566631404859,0.00022573757105537199,0.7838355816153233,0.09026685853062547,0.00022651597647280447,4.399725666467999,0.745603143573798,0.17381133407541224,0.3576065353929408,0.4099706258277428,0.03824518701495643,0.16411326365924417,0.038377066970180534,0.16467917146496586,0.4616767247822567,1.2259390787140692
openml_475_analcatdata_germangss,real_openml_multiclass,real_openml,1.0,4,5,80,320,0.0,0.0,,0.0,0.0,False,320,0.0,0.5959763862448509,0.2843237738223355,0.1694502552461338,1.0,1.8373693975131808,0.7704054742205111,0.0,0.1953682594378119,0.2276755544447954,2.0,0.058464664969151,0.0575806743504097,0.0586479397809665,0.0577611780317589,1.0031347962382435,0.179475613376954,31.119107950712817,0.9602032276480822,0.0824844817977958,0.3247201812481582,0.175015939341485,0.9010416666666666,0.0680552012462432,0.9010416666666666,0.0680552012462432,3.7731002030630174,0.7094859707927169,0.2737685770973058,0.997470703125,0.0642691944501638,0.1334754458344527,0.96875,0.8956867342973659,0.1444732260288337,0.975,0.1563694684339216,5.0,4.0,320.0,0.0,0.2181785865707705,0.265085204256837,1.3757608054429722,0.8,0.7836437915316273,0.98125,0.7792410211580382,0.98125,80.0,0.25,0.4525,0.0,1.0,0.0,0.0,,0.3500264503614883,0.17201551754540645,0.35308293657791096,0.33738905542820197,0.17801093281608182,0.9988724258669461,0.9973827102621196,0.8126778017685635,0.5151515151515151,0.30451574569221623,0.10606060606060605,0.9875,0.903125,0.8,0.9875,0.903125,0.8,0.9945235487404163,0.997559651602365,0.2061794414735591,0.484636537541846,0.8656250000000001,0.9453125,0.8656250000000001,0.9453125,2.5462815424210086,2.320032430127366,0.9989853671667238,4.316581379179173,4.243271481946618,2.9950251301621327,0.3030100604743904,0.004994446492601057,0.0018891060117298686,0.9999718221790316,2.3215758256717733,2.9980827161673016,4.31254030785986,0.003960237004591249,0.007492122267506396,0.457754746119285,0.07835799170023566,0.04999204049391501,0.16839112207198456,0.03224792544506776,0.006489065881284139,0.16891899392800946,0.03234901612044411,0.006509407780598504,1.2520666730466812,1.0279593200514827,0.7524391463089497,0.06417501609707534,0.26805636890976037,0.023747123078965735,0.06608276834826021,0.023821565471062768,0.06628992436189109,0.9519279863906307,1.0312808553934736
openml_488_colleges_aaup,real_openml_multiclass,real_openml,617.0,4,14,233,928,0.0,0.0,,0.0,0.0,False,928,0.7865109722772372,0.5247441917320179,2.940930361839298,1.5432361256635134,493.0,3.166853621329516,0.0070545756744727,0.248484682466916,0.4302382043199972,0.3825496559733944,1.434708717652421,0.5629356531391564,0.3260537505796955,0.5635429192158976,0.3264054806234708,1.0010787486515642,2.4333732517116022,3.656928922176735,0.6258087517285027,0.1795862285826487,0.0005403203179487,0.0009859988033185,0.3198183684508103,0.4254085902037536,0.2146619116107507,0.3388137774024033,4.209236223767635,0.2158002683595458,2.477465330181301,0.9900973543400712,0.3923261152143014,0.2176904908501548,0.3642241379310345,0.4271801541549163,0.1050357122309543,0.2435344827586207,0.4294463545187465,14.0,4.0,928.0,1.1814481167869997,0.8480032159402119,2.301871646711917,,0.6045258620689655,0.2574135514568589,0.46551724137931033,1.4964235942038728,0.46551724137931033,1.0,0.0010775862068965517,,,155.70275419641135,0.7865109722738471,2.0,0.20328500710430816,,,,,,0.9920976595059018,0.6537945971352228,0.3666105418352002,0.0024458260263753354,1.0040220798591152e-06,0.0,0.8993630573248408,0.10078740157480315,0.0,0.7464968152866241,0.0,0.0,0.47392113819495474,0.6928369850241952,0.0,0.0005960678889081208,0.0,0.6638729634602126,0.0,0.40610599078341014,3.169858087507764,3.169293178311159,3.142947139070846,4.579024837801084,4.2803191099348155,3.841671638527691,0.7622939274688854,0.3238765866263096,0.021190285044766277,3.168391673364711,3.1696119342601037,4.0490620817586676,4.302809795882814,0.301598175162455,0.5547550570969566,0.834949979299381,0.3811811220446316,0.07458351161597915,0.989977474359603,0.5256571818876286,0.03133923037733574,0.9910454112251473,0.5262242338637744,0.03137303752984636,9.127154825932653,0.10054107236753848,0.0003695891940353147,0.22788231683030538,0.6080655506720063,0.4406777690359541,0.9080725926691962,0.44115314958507623,0.9090521747540607,0.016808696711976844,0.5877511687369377
openml_54_vehicle,real_openml_multiclass,real_openml,1.0955,4,18,170,676,0.0,0.0,,0.0,0.0,False,676,0.0352555481887958,0.5748042923458149,0.754190817425052,0.4335121191037187,1.0943396226415094,2.9330501704658314,0.1351813419666068,0.0005460721042767,0.6734036141902636,0.269115890842766,1.9990928967963064,0.4061152993244932,0.3414857873705343,0.4067169516197885,0.3419916922407127,1.0014814814814803,2.251449784310543,8.133142575804214,0.8809034388299928,0.0769648243497051,0.0211116831845342,0.0516100078785464,0.756917655402683,0.147527313579022,0.1590365644564512,0.2577039910086006,4.686347192154337,0.1984206656726634,4.5551326929492335,0.9894217639438396,0.2457958751078003,0.113622682857849,0.4437869822485207,0.443489012785315,0.104359281110247,0.3180473372781065,0.4660628196176309,18.0,4.0,676.0,0.0336441530059816,1.5052640082217197,2.371027161907548,,0.7307692307692307,0.0849424423432484,0.6109467455621301,0.5971558648417534,0.6109467455621301,159.0,0.23520710059171598,0.8616352201257862,1.7381919305870068,1.049754857408845,0.0352555481885872,1.0,-0.957375915803265,0.39203539823008854,0.6967289413307113,0.4512291052114061,0.7781055391674861,-0.30469354310062274,0.9864906099358433,0.8878202645727707,0.7537852957198159,0.12646012332305812,3.512703038532098e-05,5.295229263164383e-06,0.9416909620991254,0.75482622131176,0.5855855855855856,0.6763848396501457,0.0841622303166153,0.0,0.8134762227796981,0.9501013139270887,5.759861390551998e-06,0.0001126235243874828,0.6428800307613433,0.8629657864754373,0.01882530120481928,0.10538837879498694,2.9998488956248255,2.9859248400000524,2.4729205231344404,4.878408041388578,4.748925599722269,4.074296342329664,0.412921505586179,0.23232243783097495,0.07959125213687646,2.939655375345195,2.995356036419206,4.600337829778507,4.821888885130889,0.15221771029323805,0.3654317830307534,0.8386623344707715,0.8186789034815914,0.36286960461842793,0.9964429814932656,0.22698575170273366,0.00016945258305032306,0.9979191933177007,0.2273220268904414,0.00016970362391410118,9.417739199242302,0.12439833303561887,0.00037068270472604857,0.5907742540500097,0.8286706189761814,0.10772113079031992,0.7799207643477412,0.10788071765075007,0.7810762025171448,0.024364499896942837,0.7973163647812872
openml_57_hypothyroid,real_openml_multiclass,real_openml,1740.5,4,29,755,3017,0.0,0.0,,0.0,0.0,False,1999,1.5553529555216226,0.546371077982954,2.944673880065629,1.6088846421597056,1392.0,0.9637812093652148,1.3390943528524604,0.8894503363007629,0.3381946656053528,0.2868116898998379,0.4688483467303989,,,0.0555399703195543,0.1153197660476949,0.9027560950739582,0.7584861834615716,20.986309336826384,,,,,0.1115716766283929,0.2180545378484457,0.0,0.0,1.410288879647675,1.3013137836280109,0.8631813892958239,0.9837827868411444,0.0223406764479389,0.0585175787384671,0.1285642821410705,0.2696271905545095,0.1686799064694852,0.0820410205102551,0.2744958730153543,29.0,4.0,1999.0,1.9427899332505256,0.5076487864581507,0.7961748879557895,,0.1875937968984492,0.5213483065730443,0.07553776888444222,1.9492178878517599,0.07553776888444222,2.0,0.0006629101756711965,0.2,2.9116968297392414,260.6887238256933,1.5553529555195607,3.0,1.147342950138947,0.9526666666666667,0.9626666666666667,0.25,0.9353333333333333,-0.010000000000000009,,,,,,,0.5526315789473685,0.020392049861931133,0.0,0.0,0.0,0.0,0.9926181650476554,0.9994751978760816,,,0.001488900920411478,0.06571790983489924,0.0,0.0,3.5791803078748816,0.34902718947146383,0.0,4.039684005153644,0.8117955320885006,0.4688484859681647,0.28626956554213256,0.0022570772179396625,-1.3923776576163505e-07,0.10631667863841283,1.1052330408348967,0.5745651915194468,1.5671481201697555,0.00032798133182909694,0.00895723205955834,0.665778747135297,0.21656241147810326,0.13224283820265856,,,,0.9616617037066303,0.023218946773417598,0.0,3.3732345127895185,0.8697102237588163,0.0,0.1744026248403809,0.4411705793067002,0.015562128829523743,0.05850396446905529,0.004180894177518693,0.048218355696323226,0.44460099005223963,1.1405232694519478
openml_60_waveform-5000,real_openml_multiclass,real_openml,1.0236,3,40,1000,4000,0.0,0.0,,0.0,0.0,False,2000,0.01097724920005,0.2634670340635101,1.8010802333255482,0.4745252671846968,1.0242057488653555,3.5847208143929263,0.0001525501337769,9.071672357208184e-05,0.682603508143385,0.0090556851557693,1.5848757975004697,0.0939794669951714,0.172290983110913,0.0944767391075329,0.1734152081706658,1.0040190263953823,1.2484987603953923,12.423839688503085,0.871004872490228,0.1527397300325477,0.0001756856399885,0.0001519778733316,0.7713816352022298,0.0822198977136863,0.31350374299774,0.113544860296176,5.042029302813653,0.1465829402295109,1.746241993336402,0.9975705,0.1275673090797445,0.1466767864877558,0.3925,0.4879301790345028,0.0211722485330179,0.288,0.4529443445829131,40.0,3.0,2000.0,0.0101878661928286,0.9319771040929528,0.903784381478685,1.053819878292892,1.0,0.2850918060837459,0.7455,0.6257452470246823,0.7455,1322.0,0.3305,0.753555219364599,4.453540107626998,1.016125739480448,0.010977249200041842,2.0,0.6972172018213463,0.5574108216432866,0.667557782231129,0.795066132264529,0.8184221776887108,-0.11014696058784246,0.9999676057368823,0.9960275829431628,0.6276514970269393,0.0003050836167677721,0.00021364821542153818,8.325087776462923e-06,0.8215085884988798,0.8161434977578476,0.6764928193499622,0.4077669902912621,0.3452914798206278,0.1874527588813303,0.6888173079350286,0.9992229898556086,0.00011098665159900054,0.0002593659160946551,0.7463181585539049,0.8188260431283636,0.26637211935097904,0.37652923505594493,3.584917798481605,3.5847508360003157,3.5841248293741073,5.16639767696932,5.1580237081544125,4.788590835671389,0.38119838848076704,0.011542260549338046,0.0032106112351542038,3.5846488464837876,3.5848192618290717,4.870623402696429,5.162289123605368,0.007329969985855778,0.2991083466532414,0.6890068445253201,0.6826035081433857,0.6762001717614512,0.7231498933391491,0.020179261229725826,2.237293425733104e-05,0.737232526887956,0.020258791320454873,2.2194655365111773e-05,8.027026246290774,0.9076549382272072,0.23981447018697966,0.6794018399524184,0.6858051763343529,0.00872870217800053,0.04132795042203433,0.008818370509120061,0.04159824685578391,0.4134947471890772,1.0361535875883918
openml_679_rmftsa_sleepdata,real_openml_multiclass,real_openml,4.2979,4,2,205,819,0.0,0.0,,0.0,0.0,False,819,0.4349558718215351,0.6250711782798404,0.1078084737508336,0.0673879697159848,4.306666666666667,3.0698472685941898,0.1287860209463274,0.0785151476313218,0.187608091062653,0.1455150793325537,1.8492470158738317,0.4543632410243456,,0.4549186973092154,,1.0012224938875287,0.6433521915117932,12.268741457401331,0.9383457537417548,0.0207226730848707,0.7140044634306745,0.087784446525788,0.9604237669588784,0.0276340536862829,0.9447243900308632,0.0458120247019511,4.7683659459261545,0.1514176638902672,0.0993985260170275,0.9981155732071484,0.1507283385418674,0.0226316429439395,0.6385836385836385,,,0.5482295482295483,0.4979725800879781,2.0,4.0,819.0,0.4555188480150854,0.0915682299775048,0.092170294903944,,0.2564102564102564,0.9090373963647416,0.8791208791208791,0.38031092457423216,0.8791208791208791,75.0,0.09157509157509157,0.32799999999999996,0.08366622564130426,2.3723429786587684,0.4349558718194108,2.0,-0.1826248932137339,0.4603174603174603,0.48595848595848595,0.44200244200244204,0.44566544566544564,-0.02564102564102566,0.952998896404379,0.9383457537417549,0.9236926110791308,0.788888888888894,0.7434884071062926,0.5670731707317097,0.9941520467836257,0.9623424834820516,0.9183006535947712,0.9883040935672515,0.9530719978203119,0.8627450980392157,0.9310191824104428,0.945672325073067,0.6717654892066179,0.7807946444096716,0.9459630671342943,0.9792618754148099,0.9334691768781567,0.9764316867355646,3.160912737327371,3.0698472685941898,2.978781799861009,4.8754344028543875,4.7683659459261545,4.661297488997921,0.1667313267369197,0.1507283385418674,0.1347253503468151,3.0243145342275994,3.1153800029607805,4.7148317174620376,4.8219001743902705,0.14272684444434125,0.15872983263939355,0.2905027904236003,0.18760809106265308,0.0847133917017059,0.4543632410243456,0.4543632410243456,0.4543632410243456,0.45491869730921547,0.45491869730921547,0.45491869730921547,1.4561411911967441,1.0012224938875287,0.5463037965783133,0.13616074138217948,0.23905544074312668,0.4543632410243456,0.4543632410243456,0.45491869730921547,0.45491869730921547,0.773763145232921,1.2286818425421364
openml_694_diggle_table_a2,real_openml_multiclass,real_openml,2.2778,9,8,62,248,0.0,0.0,,0.0,0.0,False,248,0.2389601998391782,1.5979314888518357,194.70562198327545,311.126244423558,2.2,2.584427810975693,0.0005413885773854,0.0076998609093705,0.532885138436721,0.4079486456299215,3.123385053117474,0.7102259787287475,0.3571347634953259,0.7131013875495116,0.3585806532260762,1.004048582995951,2.249447092785128,2.097233883169467,0.1607133187161,0.2932283648138665,0.0,0.0,0.0,0.0,0.0,0.0,4.218524960544125,0.6245736029016695,38839306.84005929,0.9522957856399584,1.489287903549043,0.6248504101634754,0.0887096774193548,0.1406019845420177,0.0898712045232355,0.0040322580645161,0.0635000635000952,8.0,9.0,248.0,0.3244732676739121,3.436687248432797,38839290.584841415,,0.1491935483870967,1.7601363672528103e-10,0.04435483870967742,3.8945829231992413,0.04435483870967742,15.0,0.06048387096774194,0.8933333333333333,0.5417740139515298,1.4296221624850658,0.2389601998305063,2.0,-1.2021509834975341,0.26212165736115195,0.9959839357429718,0.8911254775198354,0.8145753746694093,-0.7338622783818198,0.8810637535892154,0.04452618347091333,0.013464075566813411,0.0,0.0,0.0,0.0,0.0,0.0,0.0,0.0,0.0,0.03970966887562238,0.11082056269016208,0.0,0.0,0.0,0.0,0.0,0.0,2.58486892219824,2.5847270223050156,2.5835908078747947,5.574201625196896,4.0030660512646685,3.545244814652756,2.1630091606629573,1.7042044362158064,0.13277423579537206,2.5838854343630016,2.58486892219824,3.868068578213866,4.443241992773136,1.2650119825425774,1.8400434972086233,0.9999999871264387,0.5715562034825192,0.00013882767874436887,0.9982439249057476,0.9052397085231365,0.07304098437377371,1.0022853982859323,0.9089046466143234,0.07333669686111689,6.50161084743023,0.02956597993852795,-2.6800122451952538e-16,0.1688110019617737,0.8999817107439148,0.6072186628222987,0.961695608436994,0.6096770379754252,0.9655891129245928,0.0007933780076122908,0.6077303656768738
openml_952_prnn_fglass,real_openml_multiclass,real_openml,8.4444,6,9,43,171,0.0,0.0,,0.0,0.0,False,171,0.7657246611507086,0.6705295951011792,4.13022287936239,2.7694366749764896,8.714285714285714,2.023041060220371,0.6084278709115998,0.1372331877058992,0.5044729215432884,0.2763062521503193,2.1710541960089595,0.2395486765890616,0.1852867256398152,0.2409577864513501,0.1863766475553435,1.005882352941177,0.9091139217727536,5.66776059586832,0.7262420469334843,0.2356487885455625,,,0.2380313727649207,0.2886157886930108,0.049027269027269,0.1578261694517123,3.8110419921956287,0.5566733512312491,6.4938009972561135,0.9668615984405458,0.383053264033702,0.1583079615158877,0.4970760233918128,0.3928504393393337,0.1569029842082918,0.2631578947368421,0.441640622710913,9.0,6.0,171.0,0.6404213726292659,1.5778452227615272,5.419705948937092,,0.5672514619883041,0.064836141117632,0.5730994152046783,1.1445480645657748,0.5730994152046783,7.0,0.04093567251461988,0.7714285714285714,2.2386924748526527,3.6669875776397514,0.7657246611238411,4.0,0.5715233282160512,0.47368421052631576,0.6959064327485379,0.3625730994152046,0.6549707602339181,-0.22222222222222215,0.9605039061940607,0.7799860638587963,0.3904502818860718,,,,0.8888888888888888,0.06329113924050633,0.0,0.6068376068376068,0.0,0.0,0.5177007730767823,0.9496270171454433,0.0,8.232185155586667e-05,0.0,0.39515151515151514,0.0,0.0,2.321581811201689,2.3203613784191974,0.68288346228772,4.300079750779494,3.999556514295762,2.508838106858305,0.5838831692095892,0.39432570468873074,0.11367811857478172,2.3169918971404044,2.3208368490963065,3.9082635760410196,4.097089869739426,0.31133036394702884,0.48848957885360234,0.9188196914933754,0.3995932305183325,0.24899472067236916,0.826387765021709,0.22118455561629555,0.019442053181302658,0.8312488695218365,0.22248564123756776,0.019556418200016183,2.5308371916773464,0.8839655483624657,0.0016535473703310803,0.31018969933744533,0.6447672656949192,0.08768250861857324,0.32408561690917587,0.08819828808103541,0.3259920028909942,0.29291832405048285,1.401343613466089
openml_9_autos,real_openml_multiclass,real_openml,22.3333,6,25,41,164,0.0,0.0,,0.0,0.0,False,164,0.61931531344364,0.8043534450187981,2.7663035587887403,2.2250857974794847,27.0,1.7337673127792277,0.7935765205062785,0.088630691494619,0.5824732922719947,0.2013724635431496,2.26391871224389,0.2578849245829482,0.2397406488046421,0.2594670406846842,0.241211450331051,1.0061349693251536,1.7699729218261175,8.337866277300275,0.8207004629913311,0.1062824228969054,,,0.34415876198118,0.3039846752308056,0.0,0.0,3.72616347513438,0.6895474692976459,4.212029153698258,0.9801829268292684,0.271522549888738,0.14572357177936,0.5304878048780488,0.3075684351732017,0.2359556887050183,0.2378048780487804,0.4270429767893841,25.0,6.0,164.0,1.1820353425226648,1.8585791573446315,2.411619103413668,,0.5548780487804879,0.0705830139731553,0.7926829268292683,0.813077028372787,0.7926829268292683,2.0,0.012195121951219513,0.2,2.9339548234087176,6.6454178999295275,0.6193153134209821,4.0,0.19146140781740506,0.49390243902439024,0.5914634146341463,0.3780487804878049,0.5365853658536586,-0.09756097560975607,0.9832554060297527,0.8483950999132321,0.6121197248464659,,,,0.7835051546391752,0.3953488372093023,0.0,0.0,0.0,0.0,0.7730868086889441,0.8848601265008175,0.0,0.0,0.0,0.5677349851871802,0.0,0.0,2.3218201524515236,2.2331641332232053,0.0,4.380305186276896,4.147738288555037,2.263918812591649,0.5208470704368571,0.300708790912259,-1.0034775899114834e-07,1.0696403513047128,2.312593436184146,3.09355799486988,4.250746655846625,0.1996901300538907,0.3607212029509643,0.8407639636282433,0.6004759509627017,0.29053151574977853,0.9857588686731245,0.16910091247695697,0.0002412107511516691,0.9918064690944338,0.17013834138785852,0.00024269057171088186,8.374476964975088,0.44084192753489043,0.004887816272330106,0.5202515597139455,0.6603434713053048,0.07543638084100002,0.3989529589962141,0.07589918072346022,0.40140052316183494,0.1375104699885629,1.0264609216307174
pmlb_allbp,real_pmlb_multiclass,real_pmlb,257.7857,3,29,755,3017,0.0,0.0,,0.0,0.0,False,1998,1.3235339914781814,0.9909261034296908,6.318735128843261,6.261399579828957,262.45454545454544,0.9504654157653109,1.324186551023519,0.9334812213532266,0.3482730544248963,0.3020474661316151,0.2712907509546948,,,0.0773833120584038,0.1450415583216102,0.962806954779096,0.930447514945838,25.09498272848111,,,,,0.1924894664880852,0.3244222483790143,0.1264021429767286,0.2189349338212795,1.2109456093313051,1.3087936372421989,0.4797792483817339,0.957962466971476,0.0108105573887005,0.0212714680071354,0.0645645645645645,0.2292184447571024,0.1291488070005727,0.0365365365365365,0.1876679122395273,29.0,3.0,1998.0,1.165427642437989,0.3338209126734228,0.4613017550361348,,0.1066066066066066,0.6719062143994875,0.08608608608608609,0.8344304819261924,0.08608608608608609,11.0,0.003646005966191581,0.4,1.325010576839716,99.17774382480263,1.3235339914768653,2.0,0.7036168504263589,0.9553052772211088,0.9499625918503675,0.2147882431529726,0.9593052772211088,0.00534268537074134,,,,,,,0.5670517327975891,0.010416666666666666,0.0,0.37920642893018586,0.0,0.0,0.9938875591863859,0.9995215429834534,,,0.005208333333333333,0.2887341997321279,0.0,0.18960321446509293,3.580732396245698,0.32966612785859606,0.0,3.8232655000572286,0.5994114832348504,0.27129083666026405,0.08382583498051988,0.0009658743537237502,-8.570556919718086e-08,0.10016335127144245,0.8846900876114727,0.36720181162212584,1.1470440588172668,0.0003248107521471866,0.008936779748900836,0.5618528659667748,0.348273054424896,0.1346932428830172,,,,1.0223231128474657,0.02683749919089403,0.0,4.967001071738611,0.8937946355280652,0.0,0.2414831486539566,0.45506296019583536,0.014771506291936461,0.07727674307274673,0.0076739899222855465,0.06839759262114725,0.5180253383335391,1.1137711542848223
pmlb_allhyper,real_pmlb_multiclass,real_pmlb,367.0,4,29,755,3016,0.0,0.0,,0.0,0.0,False,1998,1.6702839527207358,1.3827667055286434,11.414570006140169,15.78368736241651,366.875,0.946511644336464,1.3256327797602636,0.9643965442066492,0.3085045579116989,0.1495839883080856,0.1988999000686203,,,0.0746899552703106,0.1405651687080128,0.9517811547336184,0.9018939020165916,17.574491948715288,,,,,0.0518504332563016,0.0733607134691685,0.0031035061231337,0.0076020064152807,1.1340940109794222,1.3093463945876782,0.3929849746256104,0.908730552374196,0.0113175334256624,0.0200589369344188,0.0415415415415415,0.1958956467066995,0.121731476994813,0.0235235235235235,0.1515970636316872,29.0,4.0,1998.0,1.2506553623416508,0.3302759258731853,0.2448352602239731,,0.067067067067067,0.6979582495940221,0.07207207207207207,1.124350550843764,0.07207207207207207,8.0,0.002652519893899204,0.25,1.900531445443775,120.39788359788359,1.6702839527185207,3.0,1.1536424746673648,0.9746158984635939,0.9766199064796259,0.385437541750167,0.9599198396793587,-0.002004008016032066,,,,,,,0.19148936170212766,0.023571087966658542,0.0,0.018621036738802214,0.0,0.0,0.9940593121662186,0.9989503768486954,,,0.005381855458739108,0.060756984951364196,0.0,0.0,3.5814310106476386,0.31767204757860695,0.0,3.7658986478815235,0.5141213698277203,0.198900069027011,0.07650629642693607,0.0024505778195070826,-1.6895839061170648e-07,0.0970234730517029,0.8935313336299855,0.2954453077758066,1.087904280343757,0.0003817557618807643,0.010732381416553749,0.4434871503402553,0.33434141588522726,0.14768510750961322,,,,0.9918848735945736,0.02517377559430984,0.0,4.817672763727261,0.8917986227618748,0.0,0.24101326169742024,0.3889142831127413,0.015515637830007051,0.07445740128646344,0.009351490920142494,0.061895884725923625,0.5096479603497471,1.1117476316532362
pmlb_allhypo,real_pmlb_multiclass,real_pmlb,36.6421,3,29,754,3016,0.0,0.0,,0.0,0.0,False,1998,1.252149454627731,0.4027664016206344,0.4397424041689516,0.1771134657671353,36.64473684210526,0.9499834412908992,1.3233839452254943,0.8772926002429011,0.3439273146194143,0.1876893658106515,0.4577217002929548,,,0.0768428909109958,0.1466138322821619,0.8976278203885308,0.9454615358195736,34.895389346329715,,,,,0.509427075234504,0.3793832756743292,0.3492715822731609,0.187805282730078,1.3945881737303027,1.3027146128716296,0.340670882311134,0.9790406021637252,0.013116967853551,0.0265532007756436,0.1321321321321321,0.2819957792263321,0.1497393072031715,0.0795795795795795,0.2707089737080996,29.0,3.0,1998.0,0.7489090935546509,0.2717992935210478,0.293977864277858,,0.1846846846846846,0.7383356282761803,0.18468468468468469,0.361341452351774,0.18468468468468469,76.0,0.025198938992042442,0.39473684210526316,1.1945204449563978,18.88398415393322,1.2521494546264855,2.0,0.7050186915817934,0.9239505678022711,0.9026092184368738,0.19682965931863727,0.9392959251837008,0.021341349365397333,,,,,,,0.9473684210526315,0.2997946611909651,0.2811181434599156,0.5657894736842105,0.2515400410677618,0.23048523206751054,0.9935389041636196,0.999434243381305,,,0.29045640232544034,0.6235815411217983,0.24101263656763616,0.4086647573759862,3.582840762249795,0.31968740773741106,0.0,4.023128560423964,0.7767037299244431,0.4577217542776415,0.10791734508544781,0.0014369875711723878,-5.398468672090928e-08,0.0970234730517029,0.8754636434939476,0.5537361947231908,1.32778636048095,0.00041245305583925695,0.007933375619345706,0.47664373794072873,0.3439273146194145,0.21121089129810028,,,,1.0308127013777009,0.02474338289461453,0.0,5.01652732510399,0.8186558330240948,-1.9186257540433098e-16,0.27756910295875736,0.41028552628007164,0.018607451027434538,0.08255350736782807,0.007240259009111896,0.06728344883387333,0.3111839404530418,1.077263852333426
pmlb_allrep,real_pmlb_multiclass,real_pmlb,107.2941,4,29,755,3017,0.0,0.0,,0.0,0.0,False,1997,1.6562867120242533,0.5354125215249226,6.201708414307986,3.320472339866968,108.07407407407408,0.9468250029586498,1.324831758383759,0.956611783549236,0.302461594594321,0.1881887872155765,0.2511614039620954,,,0.0768178559251477,0.14154381734908,0.9582531265763324,0.9128938183915414,20.40333484530881,,,,,0.2270312983256749,0.2773545263161514,0.0130838385555366,0.0227415276952487,1.1856765857142455,1.3120687581142445,0.4355664115589836,0.8564887892680282,0.0123098212064996,0.0243765485174255,0.0495743615423134,0.1796186504321325,0.1260067548464842,0.0330495743615423,0.1788108236863862,29.0,4.0,1997.0,1.0018502041903987,0.3452790878809572,0.3327537206666818,,0.0766149223835753,0.6795266281825527,0.08262393590385578,0.7610637238345818,0.08262393590385578,27.0,0.008949287371561154,0.3851851851851852,1.1726025663269368,46.4805996472663,1.6562867120220572,3.0,1.1546306815363845,0.9686038744154977,0.9619238476953907,0.5871743486973948,0.9198396793587175,0.006680026720106924,,,,,,,0.7222222222222222,0.10066052488450541,0.0,0.05555555555555555,0.0,0.0,0.9970489252696477,0.9991869600204214,,,0.06391624235657899,0.3153974085577859,0.0,0.01721060683324834,3.582035795082532,0.3356984659291019,0.0,3.820304559012605,0.5859285339076162,0.2511615447225176,0.1029478608765676,0.0017548997410175016,-1.4076042215149798e-07,0.09389260344052294,0.888453543051673,0.3441484502573993,1.1376905435699403,0.0008798784157164619,0.01289264003202284,0.49967371962522616,0.2828843428966052,0.12482672126113169,,,,0.9568235189897146,0.027317659769718266,0.0,4.887826937297364,0.9042551675470897,0.0,0.20385553207886845,0.3912790312609157,0.015268752763208633,0.07923769791719151,0.009016451740911202,0.0688456005286867,0.5064589115887247,1.1596311794846184
pmlb_analcatdata_authorship,real_pmlb_multiclass,real_pmlb,5.7636,4,70,169,672,0.0,0.0,,0.0,0.0,False,672,0.5003364797518981,0.2332553051678223,4.859190263551706,1.133431907793264,5.75,2.7733126706085973,0.3344567148341882,0.0973528809915665,0.9386471991852078,0.0253321283217205,1.7873756212282004,0.147925249493768,0.115022802144581,0.1481457044110462,0.1151942221179708,1.001490312965722,1.5699667094864822,6.823592497890224,0.7508295467013536,0.1367172438890264,4.4240561228655684e-14,6.82592526288175e-14,0.2704786233001885,0.1617780880652341,0.0,0.0,4.29874773460381,0.3365918350719034,25.10411609376685,0.9184869260204082,0.2619405572329878,0.1633886274330526,0.0223214285714285,0.4352548106072249,0.0264186887911839,0.0089285714285714,0.0941384066135842,70.0,4.0,672.0,0.5781972104110091,2.644459127065321,12.034429602950404,,0.9672619047619048,0.0014194797662517,0.043154761904761904,1.0839425128360072,0.043154761904761904,44.0,0.06547619047619048,1.0,8.527872765673484,3.148493743155273,0.5003364797489199,2.0,-0.41715257587742355,0.6666666666666666,0.9940476190476191,0.9791666666666666,0.9955357142857143,-0.32738095238095244,0.9703087189254422,0.7687704823738677,0.3895613630505583,1.4092775044564343e-13,6.590598501226367e-16,5.482012009373179e-26,0.5346938775510204,0.272343385514741,0.04377104377104377,0.0,0.0,0.0,0.6804307072654144,0.8473503826917012,2.0256221144906322e-20,9.272763258833307e-14,0.20335047514762816,0.30761125319693094,0.0,0.0,2.999139064598728,2.940827913230389,1.1830056806765854,4.720533487982749,4.40710993862853,2.8297285560358865,0.7914883757343176,0.24222453082733075,0.029068643286847884,2.704251229490837,2.9721082327785826,4.1337986755131855,4.497728223941127,0.13069012195844376,0.32501453510022693,0.9608746590531648,0.9440007624766467,0.9110661760258115,0.7174117191942355,0.12222006100934411,1.547008200075534e-05,0.7184808871811116,0.12240220715093783,1.5493137264541814e-05,10.706014070927395,0.609701835860553,0.1054248741386155,0.9275334692512291,0.9524377107649058,0.05636717129626036,0.2111363366378584,0.056451176022484284,0.21145099585788518,0.40460930937971035,0.9695190048994724
pmlb_analcatdata_dmft,real_pmlb_multiclass,real_pmlb,1.2602,6,4,160,637,0.0,0.0,,0.0,0.0,False,637,0.0827272347017607,0.5867103844263339,0.1021966575047956,0.059959840211725,1.2653061224489797,1.9564470062672228,0.8829646680223656,0.0016725910158595,0.1588707197294546,0.0731118589126202,2.580167665496701,0.1677626818741977,0.2167423175172532,0.1680264596758864,0.2170831073246694,1.001572327044025,0.5196298197344871,56.08761912727704,0.970926090738276,0.015979589794335,0.9444444444444444,0.0813250060790444,0.9944419125766304,0.0108800612763644,0.9944419125766304,0.0108800612763644,4.490612225847266,0.8530345813067179,0.1222572251944769,0.9996032225231596,0.0460024459166584,0.0334420056728592,0.8414442700156985,,,0.8461538461538461,0.3610847496363316,4.0,6.0,637.0,0.0736418276505296,0.1169956540903963,0.0624668126728387,1.0231329033431429,0.2621664050235479,0.8872917701559361,0.9984301412872841,0.28115393848328213,0.9984301412872841,98.0,0.15384615384615385,0.3367346938775511,0.16688154517833362,1.1076554821724816,0.0827272347009815,4.0,1.1580681969818967,0.1773850651076269,0.18208728260548615,0.20878731508548146,0.21345262349780023,-0.004702217497859262,0.994553041175772,0.964936149949813,0.9592790218777059,1.0,1.0,0.8333333333333333,1.0,1.0,0.9656652360515021,1.0,1.0,0.9656652360515021,0.963188101639356,0.972674139048733,0.8333333333333333,1.0,0.9955454581531014,1.0,0.9955454581531014,1.0,2.904742254818553,1.960722898180652,0.9995999738890341,5.399193897921244,4.4937110309339925,3.575832943599834,0.08571602239400988,0.047179532743361285,0.003934695785901443,1.3365391788878118,2.580630725560063,3.88157867777713,5.102744579004128,0.03512816660738316,0.0580538120526366,0.2424750105118467,0.16232504993179597,0.0683577685423799,0.6097263074655537,0.0831052510120602,0.06434207925199006,0.6106849966282333,0.08323591964572706,0.06444324604326701,1.6459163403578119,0.9849913579512023,0.3903902519158848,0.12355553281782869,0.1976402368434219,0.07520780306849026,0.09106772431518136,0.07532605433117637,0.09121091256096019,0.7599057132512016,1.226657971744026
pmlb_analcatdata_germangss,real_pmlb_multiclass,real_pmlb,1.0,4,5,80,320,0.0,0.0,,0.0,0.0,False,320,0.0,0.5959763862448509,0.2843237738223355,0.1694502552461338,1.0,1.8373693975131808,0.7704054742205111,0.0,0.1953682594378118,0.2276755544447953,2.0,0.058464664969151,0.0575806743504097,0.0586479397809665,0.0577611780317589,1.003134796238244,0.1794756133769541,31.119107950712817,0.9602032276480822,0.0824844817977958,0.3247201812481582,0.175015939341485,0.9010416666666666,0.0680552012462432,0.9010416666666666,0.0680552012462432,3.7731002030630174,0.7094859707927169,0.2737685770973056,0.997470703125,0.0642691944501638,0.1334754458344527,0.96875,0.8956867342973659,0.1444732260288337,0.975,0.1563694684339216,5.0,4.0,320.0,0.0,0.2181785865707703,0.2650852042568368,1.375760805442972,0.8,0.7836437915316276,0.98125,0.7792410211580382,0.98125,80.0,0.25,0.4525,0.0,1.0,0.0,0.0,,0.3500264503614883,0.17201551754540645,0.35308293657791096,0.33738905542820197,0.17801093281608182,0.9988724258669461,0.9973827102621196,0.8126778017685635,0.5151515151515151,0.30451574569221623,0.10606060606060605,0.9875,0.903125,0.8,0.9875,0.903125,0.8,0.9945235487404163,0.997559651602365,0.2061794414735591,0.484636537541846,0.8656250000000001,0.9453125,0.8656250000000001,0.9453125,2.5462815424210086,2.320032430127366,0.9989853671667238,4.316581379179173,4.243271481946618,2.9950251301621327,0.3030100604743904,0.004994446492601057,0.0018891060117298686,0.9999718221790316,2.3215758256717733,2.9980827161673016,4.31254030785986,0.003960237004591249,0.007492122267506396,0.45775474611928485,0.07835799170023569,0.04999204049391504,0.16839112207198456,0.03224792544506776,0.006489065881284056,0.16891899392800946,0.03234901612044411,0.00650940778059842,1.2520666730466814,1.0279593200514834,0.7524391463089498,0.06417501609707536,0.26805636890976026,0.023747123078965735,0.06608276834826021,0.023821565471062768,0.0662899243618911,0.9519279863906311,1.031280855393474
pmlb_ann_thyroid,real_pmlb_multiclass,real_pmlb,40.1566,3,21,1440,5760,0.0,0.0,,0.0,0.0,False,1999,1.2574220480358111,0.5589041036285507,3.54840070397944,1.9832157147725469,40.097744360902254,1.1814717705690927,1.5447185077420769,0.8808017690048517,0.4126979341600944,0.3657605268517436,0.4470085762543085,,,0.0505672558262543,0.0867913626914746,0.9445476009862076,0.515905878105275,14.32366948887798,,,,,0.035617452948723,0.0387042312564436,0.0,0.0,1.5972726610693142,1.4975878786317576,0.8447577813888164,0.980038543533898,0.031207685754087,0.0658632285017113,0.1185592796398199,0.285417829792764,0.1447499959756776,0.0740370185092546,0.2618966408352653,21.0,3.0,1999.0,0.7708747094470799,0.4744199327228843,0.8204442771192432,,0.1755877938969484,0.5362776673845056,0.05252626313156578,1.9203782671161043,0.05252626313156578,133.0,0.02309027777777778,0.793984962406015,33.271503033391674,20.149242153001552,1.2574220480351563,2.0,0.704749023066369,0.9512611890447561,0.9626118904475618,0.12548964595858383,0.9365771543086172,-0.011350701402805696,,,,,,,0.07680491551459294,0.030047443331576173,0.0,0.0,0.0,0.0,0.9960346283884662,0.9993374270907062,,,0.015023721665788086,0.05342617942308456,0.0,0.0,3.582593697381534,0.2822386150877052,0.0,4.012300415894832,0.7265894828720232,0.4470086314245706,0.2624725496855387,0.0011859238930169713,-5.517026208101683e-08,0.10937397229447014,3.3789446949898743,0.5554464766149262,3.730486050837207,0.00042202250158163146,0.014071100975753481,0.6713296829873272,0.41269793416009487,0.1540661853328625,,,,0.734218888086487,0.021714304696340184,0.0,2.4137033435801936,0.9516996782814676,2.0811009347094384e-17,0.2833820597464787,0.5420138085737111,0.013383529764997387,0.05753245446335769,0.010639340301536406,0.05264695907745511,0.766305323033163,1.0831978255009782
pmlb_balance_scale,real_pmlb_multiclass,real_pmlb,5.8776,3,4,125,500,0.0,0.0,,0.0,0.0,False,500,0.5416493330559911,0.5781987954869026,0.2983683919643449,0.1725162448451482,5.923076923076923,2.320390317014861,0.0007600874409195,0.1644322702717361,0.435518252698799,0.5517097685387563,1.3170894310222006,0.0167115359047244,0.0171992201640036,0.0167450259566376,0.0172336875390818,1.0020040080160322,0.0459519698286834,9.135470591576926,0.8230013093294993,0.0187060502846893,1.0,0.0,1.0,0.0,1.0,0.0,3.4933066134602195,0.0143273102942509,2.143506561750603,0.963456,0.1441731345768417,0.0148775090326686,0.284,0.3685833345453166,0.147120212230044,0.2,0.4004006010017532,4.0,3.0,500.0,0.5409862701952389,0.6837359655687179,2.1414410958966155,1.3242087283528414,0.304,0.3176691082335754,0.366,0.6650679727127523,0.366,39.0,0.078,0.2153846153846154,0.5,4.274953548866592,0.5416493330527412,1.0,-0.7070417070161616,0.6259769617391723,0.769917995334632,0.8779429093619989,0.8759709496669311,-0.14394103359545973,0.8416487621149205,0.8248457212552008,0.8006650326926753,1.0,1.0,1.0,1.0,1.0,1.0,1.0,1.0,1.0,0.8113700872659555,0.8364769433187447,1.0,1.0,1.0,1.0,1.0,1.0,2.3214966449870493,2.3201423566006336,2.3197799098711274,3.505265324942962,3.496475634889689,3.475009859118538,0.16357621689071156,0.140616268750819,0.13188378391501754,2.319989735844616,2.3205429377708784,3.4853495994722516,3.504432648877657,0.13284047812760402,0.15194892520005676,0.8256359712794141,0.435518252698799,0.04540053411818385,0.044381769874655724,0.007837908651812657,0.004074427406245367,0.044470711297250186,0.00785361588357982,0.00408259259142823,1.0539057524392508,1.0052848002151815,0.9435406791945149,0.2404593934084914,0.6305771119891066,0.00473885032248002,0.026283004636291348,0.0047483470165130435,0.026335675988267915,0.9823212297597887,1.024967578471425
pmlb_calendarDOW,real_pmlb_multiclass,real_pmlb,2.1818,5,32,80,319,0.0,0.0,,0.0,0.0,False,319,0.2386154512098441,0.3748614757149865,0.5027671394648283,0.1884680318407879,2.2,1.3556645378659056,0.4917298610223019,0.0164864669904449,0.5675061254087559,0.1197784130037629,2.275739008834458,0.2524776605273881,0.1757109671908215,0.2532716154347069,0.1762635174021133,1.0031446540880498,1.744960285958303,22.906059471597555,0.9485620368869394,0.0329540656875752,0.0048237724139766,0.0053415937194617,0.8805622084029432,0.0765167396795833,0.18784885253334,0.1827459260312279,3.532052586241352,0.4580024726279633,2.192802377474722,0.9815548196263796,0.0993509604590116,0.0625678794215169,0.6677115987460815,,,0.3855799373040752,0.4874967108794018,32.0,5.0,319.0,0.3113059457767465,1.3312934141709345,0.9088219449462752,,0.5078369905956113,0.1857781740975426,0.6175548589341693,0.3820021788837581,0.6175548589341693,35.0,0.109717868338558,0.34857142857142853,4.3019103241729235,1.4814856196435142,0.23861545120610406,1.0,-1.1200880902387738,0.3009463351554693,0.5863751249044848,0.33879974137424324,0.5392934814553576,-0.28542878974901553,0.9930350600863086,0.9535670918777004,0.8569054151564173,0.01274522371745616,0.002616495318364104,0.0,0.9507042253521126,0.9014531567723056,0.7128712871287128,0.5294117647058824,0.1200679252821896,0.0,0.9372340451761594,0.9730738861366572,0.0,0.010038982747463605,0.8809821428571428,0.9267122341894505,0.037027027027027024,0.31661846076458755,2.275152098075787,1.388235853749814,0.0,4.434865779133763,3.5929647692531397,2.275739055462745,0.25690836436059783,0.10316934080401241,-4.662828700929822e-08,1.1870318416819083,1.7183416400820204,3.2982603194087092,3.8859330003754318,0.05665516945201854,0.12665782026067007,0.690012078425893,0.5631571506561733,0.453698121896784,0.9702118602289732,0.21882786165258128,0.000524794041974468,0.9732628409215127,0.2195159995823061,0.0005264443377039474,8.94735362866746,0.41312674000740607,0.02021470495495332,0.47074787365763954,0.6599154024072896,0.119733290207651,0.35422433052240826,0.1201098099881786,0.35533824351147275,0.2000428463225835,0.8981158706668289
pmlb_car_evaluation,real_pmlb_multiclass,real_pmlb,18.6154,4,6,346,1382,0.0,0.0,,0.0,0.0,False,1382,1.0825055912446406,0.4560197530035766,1.2594651317717709,0.57434097830718,18.615384615384617,1.7923517197998375,0.2272314704240131,0.5069562793245246,0.363092213253035,0.3095976834727916,1.2051031299123935,0.0119806588751553,0.0099457422652439,0.0119893342255355,0.0099529441061311,1.0007241129616171,0.0376458092057577,10.499868137492278,0.9017311981398094,0.0846823349037397,0.0648148148148148,0.1004106793461182,0.5452977782732956,0.1596038347955506,0.1364575938491385,0.167862420808914,2.882681681694122,0.3002332385402201,1.114919139821501,0.987119906341823,0.1147731680181092,0.104737083738759,0.1548480463096961,0.3667710643588803,0.1038562666074978,0.0832127351664254,0.2763034876260852,6.0,4.0,1382.0,0.7955011554733665,0.5872093171984002,1.030526526335795,,0.3516642547033285,0.4537144424677266,0.3827785817655572,0.8043183555521257,0.3827785817655572,52.0,0.03762662807525326,0.8076923076923077,0.7873268435327668,8.651972620213664,1.0825055912415076,3.0,0.9144784853389144,0.7004354113615644,0.8965182809896569,0.7134427363324845,0.8212549907258953,-0.19608286962809252,0.9962933809677854,0.9144584063485508,0.767304182646434,0.25000000000000006,0.013888888888888893,0.0,0.7102803738317757,0.6005478693116237,0.2647058823529412,0.3898039215686275,0.06944319645370953,0.0,0.8597596679088796,0.9608741446610471,0.0,0.09027777777777779,0.4950293663565296,0.6270230744231394,0.002688172043010753,0.24957486264793238,1.9998381439507869,1.7923195888167045,1.5849051324414938,3.2014812255970018,2.935215124490192,2.524462028350912,0.26556661484134025,0.08751431286524491,0.003335568668942024,1.5849255132798588,1.9997801797084958,2.620343255179473,3.1220517474929483,0.040329047318900635,0.18695925826463455,0.7124022032346999,0.25429785738737176,0.12257657913703333,0.03671432466304824,0.010574459553641596,0.0014862896678735976,0.03674090998141431,0.010582116656866503,0.0014873659094868086,1.0455747746406805,1.0027276519354364,0.9463361401670265,0.18843721826220255,0.48335003031103585,0.004165227863707533,0.013482129753266759,0.004168243959191758,0.013491892338171389,0.9779528316980521,1.0286448385880091
pmlb_cars,real_pmlb_multiclass,real_pmlb,3.6029,3,8,79,313,0.0,0.0,,0.0,0.0,False,313,0.6222572744352484,0.6321997462883829,1.3183321807754,0.8334492702100185,3.6296296296296298,2.4153147090031157,0.3817753080174606,0.2976567575356827,0.5123773677621714,0.3429378116197387,1.3257514675591269,0.5304473080074145,0.2791753586586569,0.5321474596356437,0.2800701514748707,1.0032051282051295,1.694269884849685,4.336474683281771,0.7513519651981424,0.141763505681158,0.0333285420953937,0.0477495561661194,0.5398713878713879,0.1695788097026334,0.218084502084502,0.0939093833690633,3.435345155597853,0.4382212328560225,1.403222987719619,0.913697189927426,0.3057210209643886,0.1900631616587793,0.2907348242811501,0.3167969388508834,0.1584882251861341,0.1597444089456869,0.3669555078211015,8.0,3.0,313.0,0.4022243982421409,0.6426674766283181,1.3246637298022028,1.3195304289010523,0.4217252396166134,0.398837375120454,0.48562300319488816,0.943872665653451,0.48562300319488816,54.0,0.17252396166134185,0.5666666666666667,0.8836735377300058,2.6358024691358026,0.6222572744292842,2.0,0.696928727373031,0.7155372405372405,0.7796092796092795,0.6773199023199025,0.7601648351648351,-0.06407203907203896,0.9699037689356171,0.724522018923378,0.577662702089885,0.08833056345220655,0.00915970023922909,0.0024953625947455108,0.7350427350427351,0.456,0.42857142857142855,0.3247863247863248,0.18146718146718147,0.148,0.6454671867196536,0.830142125298208,0.0058275314169873,0.04874513184571782,0.4422857142857143,0.5955213675213675,0.16473359073359073,0.25312675312675315,2.584661579276251,2.5721429120893,1.4764509622144004,3.867041931859111,3.586027734078019,2.4718149823252102,0.6177274078218886,0.3192319158179244,0.03212695702789148,2.482994993991027,2.5750027918295224,3.3574934327397745,3.6730462884467436,0.201689674790129,0.3731909409535208,0.7548710198837634,0.5123773677621714,0.26988371564057934,0.951786562631086,0.4614659709159158,0.07837509481565327,0.9548371605882378,0.46294502851500585,0.07862629704262662,5.091182587678555,0.4582433733086155,0.030738289988461606,0.39113054170137534,0.6336241938229674,0.27889049367223545,0.8107990313064354,0.2797843734596468,0.8133977461503669,0.1044765269193711,0.8759922418766227
pmlb_connect_4,real_pmlb_multiclass,real_pmlb,6.8961,3,42,13512,54045,0.0,0.0,,0.0,0.0,False,1998,0.7136716776031751,0.2035633687518709,0.0215578275135262,0.0043883839916251,6.896297732118628,0.6662320405826726,0.5598825614762083,0.3647837350250702,0.2082337058738824,0.0670126135427009,1.2174401128147587,0.0843620574454249,0.100726643272131,0.085174390868934,0.1029891453338776,1.0359222626414413,0.918073897547556,193.4015323972504,0.9980046488968124,0.0023724921597373,,,0.99643126887198,0.0016583121846156,0.9906679126681078,0.003777328818121,1.8773772699095683,0.5537440054289349,0.0964683090405111,0.9990443396349302,0.0062948834878625,0.0089774691573887,0.5620620620620621,0.4764227991275966,0.1241802578344761,0.4149149149149149,0.492830691925862,42.0,3.0,1998.0,0.4971069985312749,0.0912132428977645,0.0699088732647058,,0.6631631631631631,0.9104772768904044,0.8088088088088088,0.0975775246984872,0.8088088088088088,5159.0,0.09545748912942918,0.3779026943206048,2.5974255662640737,4.049765644082159,0.7136716776031354,2.0,0.500092772765855,0.6584395457581831,0.5423620574482299,0.25883500334001336,0.637752839011356,0.11607748830995324,0.9999559529336841,0.9987839090090024,0.9900137412433926,,,,0.9983407079646017,0.9956011730205279,0.9953519256308101,0.9950221238938053,0.9887118193891102,0.9882697947214076,0.9977244572059722,0.9994367987586561,0.0,0.0,0.995476549325669,0.9969709404925648,0.9884908070552589,0.9918669716414578,1.5745505772709216,0.545650699368535,0.011417731329369232,2.776920781096144,1.76014097012757,1.2282551028101776,0.03245936489194268,0.0015667079084624724,5.997570115168216e-05,0.15593849826464662,1.179443308098095,1.3727621719396748,2.3723537204724483,0.0007668009660076192,0.009270132936700426,0.25561877933495936,0.20823370587388207,0.16084863241280475,0.5849950227173174,0.05670033471133625,0.0002694281815303893,0.6475315725586431,0.05684973846473358,0.00032490195649644054,3.3647680410246643,0.6471535135601746,3.0531118084450583e-16,0.1845411691433434,0.2319262426044207,0.02687792307502842,0.09695273790312937,0.02699102294171284,0.09778965915937365,0.4180418754515467,1.2674656420571726
pmlb_dermatology,real_pmlb_multiclass,real_pmlb,5.6,6,34,74,292,0.0,0.0,,0.0,0.0,False,292,0.4518471918485108,0.5153104922292725,19.296182949537737,9.943525533872387,5.5625,1.1263491744344842,0.493276163904248,0.0496887195946887,0.9156897287752208,0.120868952917894,2.434537549231454,0.2255381526595153,0.2100513992970392,0.2263131978576577,0.2107732254114618,1.003436426116837,1.8025454504499552,5.610831977561406,0.4482194395909437,0.3070257753748887,,,0.066578831796223,0.1831748788287008,0.0,0.0,3.126987159578553,0.5699397265550162,114.83713441333066,0.8840190467254645,0.4338995640873848,0.2301912854337738,0.0787671232876712,0.3215725669066445,0.0921064296510407,0.0376712328767123,0.1907267385334367,34.0,6.0,292.0,0.5360296554849457,4.250875612040061,73.08476681281434,,0.1952054794520548,2.578968740101219e-06,0.22602739726027396,1.7449385441324348,0.22602739726027396,16.0,0.0547945205479452,0.9875,8.421383677672024,2.1673850376857895,0.4518471918392263,3.0,0.47231263342359586,0.49659863945578236,0.9144750683778667,0.8870187250157794,0.9622694438600182,-0.4178764289220844,0.9637057222495772,0.4218180211881343,0.057776341017523505,,,,0.6363636363636364,0.0,0.0,0.0,0.0,0.0,0.14382641676742536,0.7135902886589073,,,0.0,0.0,0.0,0.0,2.5838668327771965,1.0626138037834663,0.306424729870515,4.861152640392315,2.975011118673405,2.4345392225741773,0.821921549812969,0.4415079617521045,0.08880988860683203,0.8539639406276696,1.4024449625842044,2.65131834826207,3.6002130804744565,0.2656329931640534,0.6297131861582178,0.9932280445448416,0.9627310633764471,0.7017800389202336,0.9464529272258722,0.16985585802079955,0.0001490326206697063,0.9497053427833476,0.17043955512739967,0.00014954476025963638,9.256009914192905,0.44282505122437565,0.03641235012471248,0.9451091892713581,0.9756003077632244,0.07779699138878388,0.29303139742138634,0.07806433500180365,0.2940383781685383,0.13724797825800483,0.9392513402423116
pmlb_dna,real_pmlb_multiclass,real_pmlb,2.1621,3,180,638,2548,0.0,0.0,,0.0,0.0,False,2548,0.3943483055274502,0.2412457528147258,2.310376096126558,0.5573684205951989,2.161764705882353,0.8055242544808325,0.0653964250740052,0.1242980502181073,0.8480722078419398,0.0301090502369802,1.4797016542904289,0.0322657190035419,0.0414554847841829,0.0322783871303592,0.0414717609855118,1.0003926187671814,0.7050567391765604,68.52065691762033,0.9745506542055996,0.0589789772255859,0.3333333333333333,0.5773502691896258,0.9016780513858436,0.0851497402576,0.8967800922021701,0.0897151769871947,2.2636309369648844,0.0750219107989008,5.25509606784192,0.9984269066882882,0.0215949718063768,0.0510641764533145,,,,,,180.0,3.0,2548.0,0.3078347314065436,1.4393594943339778,3.094856426697605,,,0.0772754075788259,0.7403701850925463,0.29762560597098436,0.7403701850925463,612.0,0.2401883830455259,0.8715686274509805,11.832222143781031,1.7738789552435075,0.3943483055269859,2.0,0.7071020537065416,0.61950167000668,0.5954562458249834,0.912565130260521,0.9265838343353373,0.02404542418169664,0.9999349154736281,0.9925059167667308,0.5688436337131806,1.0,0.0,0.0,1.0,0.8492429229756419,0.8491155046826223,1.0,0.8492429229756419,0.8345473465140478,0.9785532147411016,0.9969054870072054,0.0,0.5,0.8491792138291321,0.924621461487821,0.8418951347448449,0.924621461487821,0.9999348322545741,0.8090894547009198,0.5738479835867765,2.3603673176745392,2.280859866282979,1.9498074843811801,0.3736326731028963,0.005463421561227033,4.677038589617766e-05,0.7662577196234921,0.8475140911978756,2.231221749905087,2.3172303830395444,0.002201853934845399,0.01643737033836057,0.8705249319464513,0.8485914973773114,0.8266580628081716,0.47834998874084395,0.024876628957765087,2.7968406676840726e-06,0.48006192847672924,0.02490048566812385,2.7798282003600007e-06,4.974464516058706,0.9443448057677275,0.1593364579426452,0.8376247800927414,0.8595582146618814,0.011741374928318263,0.04295101269687622,0.011747649620613023,0.04302594826706502,0.31297811198853837,1.417988680320056
pmlb_ecoli,real_pmlb_multiclass,real_pmlb,7.15,5,7,66,261,0.0,0.0,,0.0,0.0,False,261,0.6578891044254798,0.4770286971447143,6.0170071734749,2.870285092673132,7.125,1.855764291192724,1.2370812111756702,0.1425252201133594,0.6829467236160307,0.2046558541316001,2.028642744537557,,,0.1607898344048915,0.200293147825525,0.8604395604395608,0.7696627315056723,4.560969841273745,,,,,0.3578755195706057,0.2707819231760019,0.1345404922338488,0.2268098885001987,3.439623839362769,0.9599806073958675,6.642553611117902,0.9626106486986392,0.4447831963675113,0.3570842895029408,0.2835249042145594,0.4023060538892004,0.1266737788024064,0.210727969348659,0.4086090932655832,7.0,5.0,261.0,0.5660222460552188,1.991316965082489,3.783310407115235,,0.425287356321839,0.0363503927243592,0.49808429118773945,1.6680692152338619,0.49808429118773945,16.0,0.06130268199233716,0.8125,2.0992352099963942,2.909801912568306,0.6578891044128765,3.0,0.8594224311117209,0.6590038314176245,0.7931034482758621,0.7318007662835249,0.8812260536398467,-0.13409961685823757,,,,,,,0.7961165048543689,0.18586413586413586,0.06338028169014084,0.5617977528089888,0.0,0.0,0.3747077712857152,0.6215139519702413,,,0.16310344827586207,0.593543956043956,0.0,0.21634615384615383,2.584484439066534,2.5769722254316156,0.0,4.272855228777546,3.9047370263774246,2.0286428041651052,0.9825757462505997,0.5241005422458365,-5.962754823229943e-08,1.3332472027959998,2.581199484129458,2.8622056670222915,4.073360241087363,0.17767732713518813,0.6257257457166574,0.8893479434607489,0.6787818328732852,0.4848752852568037,,,,0.8220865964955427,0.09882944483894072,0.0,2.2118891046310694,0.813147792641476,-1.1102230246254713e-16,0.5193361060827337,0.8423924504065822,0.0984264536676861,0.28941108759262785,0.0,0.18827508395501466,0.3038317887716305,1.1951882241305598
pmlb_fars,real_pmlb_multiclass,real_pmlb,4679.5556,8,29,20194,80774,0.0,0.0,,0.0,0.0,False,1998,1.0466506123392536,3.2899967587418515,9.02672267192258,29.69788833268688,4813.285714285715,1.069441127908818,0.8711404614094906,0.1861578284764962,0.3259209735007882,0.2943299699787021,2.1857890874938266,0.0854008734170268,0.1565520791072942,0.0860354751644328,0.1612404988710382,0.9968598557706108,0.984334807507319,16.847796068284683,0.9309677863741468,0.1119365858594578,,,0.279979172618403,0.3316249743206685,0.1337118210712133,0.310845203173169,3.125492825501037,0.8556106710472342,2.5355915920480503,0.9970368266164062,0.1297373899016079,0.2248292585935639,0.4809809809809809,,,0.3413413413413413,0.4742784125611611,29.0,8.0,1998.0,2.403958930540425,1.2633521541398929,1.2597141324774963,,0.586086086086086,0.1753957648584381,0.6911911911911912,0.49941360312884703,0.6911911911911912,7.0,8.666154950850522e-05,0.19999999999999998,3.032329795815891,428.85910607326826,1.04665061233915,4.0,1.113392111922819,0.5794392523364486,0.5854472630173565,0.6034712950600801,0.6982643524699599,-0.006008010680907949,0.9977857425440952,0.9753544307682145,0.5214341397547302,,,,0.9910313901345291,0.11598774333093007,0.0,0.9738219895287958,0.0,0.0,0.9339353673820106,0.9916546323061547,0.0,0.0,0.02802923149457803,0.46719071424303554,0.0,0.0023501762632197414,3.581650001354478,0.9899863569397022,0.0062095469537731315,5.689853633342784,2.722545830067964,2.1913697550259283,0.9769066882677206,0.06767366056916213,0.0006288794216713356,0.5076429545178032,1.5044860778267735,2.6567501382941496,3.538774210888114,0.006954068022822835,0.1151588427284369,0.7466365566745631,0.14310890843358226,0.07302745774175616,0.9810178845090903,0.03642610036587308,4.960097269439403e-05,1.0193763151807225,0.03627887751980127,4.706171608250617e-05,4.961621896709309,0.8241602911806077,0.0188354560651898,0.11490115602961073,0.5444357897981974,0.016481973862599655,0.07841363993285227,0.016678057386065336,0.07573168113293166,0.4880188024350087,1.191059960498512
pmlb_led24,real_pmlb_multiclass,real_pmlb,1.1385,10,24,640,2560,0.0,0.0,,0.0,0.0,False,2560,0.0418534226124339,0.1572626560743266,3.936189161100797,0.6190155622856871,1.139240506329114,0.9652142729588608,0.0765893163414702,0.0002157332396802,0.5207869478089382,0.3080813721712666,3.3206551902120984,0.0269949960493361,0.0513548823376635,0.027005545090387,0.051374950677772,1.0003907776475167,0.283934726229394,28.016073350294945,0.8385879723371552,0.2564311703686794,1.0,0.0,1.0,0.0,1.0,0.0,4.167342675041418,0.2404643605628999,9.0100680043887,0.9993830871582032,0.1185267881295413,0.193377588892479,,,,,,24.0,10.0,2560.0,0.0355524974500304,3.2002844601047915,3.824038483991352,1.0447519845143325,,0.0068765189369797,0.8371743486973948,0.7495574800131414,0.8371743486973948,237.0,0.092578125,0.589029535864979,2.4890706884127245,1.0543884817116431,0.04185342261227049,4.0,-0.4868206137809218,0.1843687374749499,0.44154976619906483,0.7107548430193722,0.7247828991315964,-0.25718102872411497,0.9988470218618102,0.9955613862193411,0.35339957950594775,1.0,1.0,1.0,1.0,1.0,1.0,1.0,1.0,1.0,0.585978548302882,0.9971684190634691,1.0,1.0,1.0,1.0,1.0,1.0,1.0,0.9996494386752305,0.6938215528117525,4.319870443673068,4.31694722503353,3.7692699283363384,0.5302439539496167,0.003207850457818573,0.0008316881777163943,0.9837380318214313,0.9998716242425536,3.8233671790991393,4.318320791546183,0.0020437919399021176,0.24395295093139202,0.8908782948256518,0.6400518719469906,0.06719889064686034,0.3985710384407779,0.016819402352193577,3.91582179305084e-17,0.39592613020971856,0.016829391207183176,3.917779495419099e-17,2.0687735160024054,0.9748968984547437,0.5090987055547018,0.3674417204275865,0.758272823225658,0.00792483875597757,0.02753288965834833,0.007936431111003965,0.027551617642828402,0.8944125986691093,1.076642095390661
pmlb_led7,real_pmlb_multiclass,real_pmlb,1.263,10,7,640,2560,0.0,0.0,,0.0,0.0,False,2560,0.0628408673505944,0.149787530277722,3.9129564417820086,0.5861120814988302,1.2638888888888888,0.878062263898409,0.1068779709608775,0.0004827630762348,0.6529848858755077,0.1972159259858523,3.318990003522703,0.1856754534414465,0.1028570237948925,0.1857480112583441,0.1028972180206801,1.0003907776475216,0.558660763774385,8.136322394896032,0.4419458815784285,0.0810801102280259,1.0,0.0,1.0,0.0,1.0,0.0,3.789129640657364,0.0245018245614487,9.033789614842188,0.9998495483398436,0.4079226267637486,0.0986934583817834,,,,,,7.0,10.0,2560.0,0.066802449494675,3.2180895570476906,3.816673379970026,,,0.0067263611352501,0.7017543859649122,1.7076568793054259,0.7017543859649122,216.0,0.084375,0.5287037037037037,0.2865717358176466,1.079372845607556,0.06284086735034893,4.0,-1.3592790848184677,0.18996359519574627,0.41870085552631364,0.7237567504486885,0.7484969939879761,-0.22873726033056738,0.6341125827886488,0.414262993316498,0.3873277849408557,1.0,1.0,1.0,1.0,1.0,1.0,1.0,1.0,1.0,0.39174156294584817,0.4323968304531458,1.0,1.0,1.0,1.0,1.0,1.0,0.9862498374158333,0.9232270086221106,0.6961459811288004,3.8125205824015294,3.8034477701942087,3.73849930871444,0.49431622519264407,0.44686268584418976,0.20253117146025224,0.8256899169428056,0.9519036120019388,3.7739787079122555,3.807289160178401,0.38813801295079986,0.4780803941484628,0.890157150719647,0.702825828446362,0.3722836853902639,0.45658871630338216,0.17826756547239617,0.049335469400347894,0.4576770315255837,0.17916940492449326,0.04955159157831015,2.1215360978465445,0.8882397139011562,0.4807596464346522,0.5359970835178611,0.7764251308412579,0.11036577503103322,0.23043249578955496,0.1114442471631758,0.23025810214863912,0.6467915506128605,1.1231844342801223
pmlb_mfeat_factors,real_pmlb_multiclass,real_pmlb,1.0,10,216,400,1600,0.0,0.0,,0.0,0.0,False,1600,0.0,0.5974686861746161,12.524176965842148,7.482803557200098,1.0,3.408324383187707,0.1025602239542421,0.0,0.9293093192822672,0.0481513482552751,3.321928094887362,0.2491360934514904,0.1966977656250308,0.2492919008895463,0.1968207786116632,1.0006253908692937,4.668058667473953,5.294666383997048,0.5090783422145255,0.1402478336137236,5.950697408765949e-30,3.2437570120025564e-29,0.1961805555555555,0.1751050933537752,0.0,0.0,6.102842202532916,0.1785260378783835,95.6632368267006,0.977880859375,0.6274102755421529,0.1804823182119159,,,,,,216.0,10.0,1600.0,0.0,7.791090716854241,26.198064370267403,,,2.124816428279574e-09,0.1075,1.4861427456822731,0.1075,160.0,0.1,0.9824999999999999,5.2370213103554486e-08,1.0,0.0,0.0,,0.18400000000000002,0.9533333333333333,0.9253333333333335,0.9773333333333333,-0.7693333333333332,0.908673790696865,0.49630302681045035,0.1666073966630177,2.1381587110039745e-28,1.1569830100965549e-39,0.0,0.584375,0.175,0.0,0.0,0.0,0.0,0.4224078108354736,0.5843764428015972,4.3623408312165525e-57,1.0024450488379118e-34,0.05,0.3125,0.0,0.0,3.4594169485276938,3.457106732392922,2.758248946652191,6.530928736996066,6.1138656275627055,5.480637637425794,1.3006642156418984,0.6140439185512667,0.1717624990711828,3.4183267485994544,3.4590357262419973,5.989030585054221,6.244059079430342,0.5004669135309057,0.7466668408497348,0.981444179589402,0.9376202751166752,0.8304396852216359,1.0,0.20464325726001914,2.1462628069957013e-06,1.0006253908692937,0.20477123928457172,2.1476050601583013e-06,48.53040922596395,0.0217371637919594,1.6942090254434851e-16,0.90709397726209,0.9619765686994333,0.09427677127673827,0.3573226856059597,0.09433573110868117,0.35754615195092937,0.004696435263949138,0.1381843246757523
pmlb_mfeat_fourier,real_pmlb_multiclass,real_pmlb,1.0,10,76,400,1600,0.0,0.0,,0.0,0.0,False,1600,0.0,1.6120346714356282,9.486740096816904,15.292953954967436,1.0,3.45942300400416,1.4217502406642166e-06,0.0,0.7254528397293565,0.2257371550938208,3.321928094887362,0.1459277093692521,0.1037383887517356,0.1460189712262685,0.1038032657928562,1.0006253908692937,1.5617485929273456,11.298631503529922,0.7628702348367932,0.180405398275301,3.621470960410554e-06,2.3236110459397663e-05,0.4403472222222222,0.2850701903310902,0.0,0.0,6.487339554763408,0.2296172342253534,32.29787662080879,0.98841328125,0.2940115441281118,0.2296172527568112,0.31,0.4424884086096158,0.0828303687392625,0.2025,0.4019884907764126,76.0,10.0,1600.0,0.0,5.1441945095613,17.329972336804904,2.1735957295447887,0.846875,4.345902989682387e-05,0.484375,0.7825706674539156,0.484375,160.0,0.1,0.99375,4.550312334183609e-08,1.0,0.0,0.0,,0.19133333333333336,0.7639999999999999,0.754,0.802,-0.5726666666666665,0.9378116144579364,0.8521335783697707,0.2909355039571867,0.00015596585661121858,1.7342470459829333e-11,0.0,0.965625,0.46875,0.0,0.0,0.0,0.0,0.6798150304770956,0.8923418260090953,8.969830524561588e-14,4.656921966094463e-09,0.13125,0.69375,0.0,0.0,3.459423167090096,3.459423167090096,3.459410772558852,6.687104248252674,6.604896566472673,5.749436618593008,1.0319146433844502,0.176454695504785,0.09424701372478417,3.459423167090096,3.459423167090096,6.421113772769696,6.637522628818532,0.14382863315892602,0.3602374892077622,0.9723397266192039,0.7754214159436967,0.241547095503934,0.6815944188035277,0.12753949728803865,0.0002931560550777594,0.6820206817296086,0.12761925932511695,0.00029333939219788294,11.891924964280157,0.5560451509457409,0.09667830042770983,0.6171576554089274,0.8886998709113652,0.0660992988682459,0.20543187374194533,0.06614063676622467,0.20556034896004544,0.3141202420577327,1.0556371543324405
pmlb_mfeat_karhunen,real_pmlb_multiclass,real_pmlb,1.0,10,64,400,1600,0.0,0.0,,0.0,0.0,False,1600,0.0,0.5940554272009015,5.621614190493716,3.339550419492395,1.0,3.459423167090097,4.475998511201681e-16,0.0,0.8119288871283854,0.114005038703677,3.321928094887362,0.1076896711290032,0.0836952412454701,0.1077570192660445,0.0837475834851484,1.0006253908692933,1.0916923799330267,11.96047432131462,0.7605600130337983,0.1512618752721653,1.1516214388232829e-08,2.6249963495542436e-08,0.4488194444444443,0.2102955181168282,0.0,0.0,6.503609091755379,0.1801238983139538,29.66751491665071,0.985725390625,0.2777421702220783,0.1801238983139538,0.085625,0.4155708851024451,0.0623488614069886,0.040625,0.1974816035478682,64.0,10.0,1600.0,0.0,6.03703385058046,10.965639023349896,1.9650171330388464,0.915,1.1277826328544407e-05,0.166875,0.8257883533093748,0.166875,160.0,0.1,0.9800000000000001,5.367710109491402e-08,1.0,0.0,0.0,,0.18666666666666668,0.9359999999999999,0.9246666666666666,0.9499999999999998,-0.7493333333333333,0.9608808231140982,0.8023195193884644,0.2927924737752704,1.610128771002856e-07,1.9522841102968864e-09,5.108678522752035e-12,0.809375,0.478125,0.05,0.0,0.0,0.0,0.6715188780336265,0.8662484189428238,5.089355697893459e-10,7.314674216000579e-09,0.2875,0.6125,0.0,0.0,3.459423167090096,3.459423167090096,3.459423167090096,6.711989402708196,6.558909711553479,5.805684351545389,0.9756669104320697,0.22244155042397873,0.06936185926926264,3.459423167090096,3.459423167090096,6.437377710804409,6.630994528820622,0.15035673315683584,0.34397355117304973,0.9573021276217837,0.8416623772625806,0.5952378314622294,0.5745686498806374,0.08847570025322557,3.4507875322187034e-05,0.5749279798680552,0.08853103214831823,3.452945623233224e-05,5.881866451523923,0.6657110634795698,0.005918235110981107,0.7555465283787314,0.8928677090760154,0.04080842422905713,0.1574108466802987,0.04083394544496023,0.15750928998654026,0.3858418129005492,1.1262975591896585
pmlb_mfeat_morphological,real_pmlb_multiclass,real_pmlb,1.0,10,6,400,1600,0.0,0.0,,0.0,0.0,False,1600,0.0,0.8902472328295492,37.66305984942908,33.52943481084794,1.0,2.5375247355936192,1.0475622072919872,0.0,0.6100974689816863,0.3352840119875643,3.321928094887362,0.5729715177901525,0.3162185564068803,0.5733298489457436,0.3164163166047585,1.0006253908692926,1.5915120773873326,2.682673376857678,0.1793617854105658,0.1015121434569556,,,0.3843055555555555,0.2841083359553947,0.1929861111111111,0.3062211225047279,4.621162651906031,0.955688317128335,41.87797755220784,0.978082421875,1.2382901785749516,0.2831100477770145,0.42,,,0.320625,0.4668627580957926,6.0,10.0,1600.0,0.0,2.795390373419544,36.80345470530924,,0.410625,0.0015678812246505,0.549375,3.8014915541577814,0.549375,160.0,0.1,0.9850000000000001,2.730051847080212e-09,1.0,0.0,0.0,,0.19666666666666668,0.6733333333333333,0.6186666666666666,0.7473333333333333,-0.4766666666666667,0.33524772362405447,0.17656554785884188,0.027545874475568864,,,,0.984375,0.446875,0.0,0.978125,0.0,0.0,0.14330173096038035,0.21516555695360634,0.0,0.0,0.109375,0.5125,0.0,0.334375,3.459423167090096,2.7874785632037753,1.285648631578187,5.652988961236458,4.566003301526589,3.408840923247091,1.6348057993853216,1.202112204792671,0.8103600425255149,1.6131712240402585,3.459407673926041,3.96432595996473,5.468530258723154,1.1459370845634986,1.390382132797985,0.9866850516569001,0.6681893470375484,0.07356985864974665,0.9719403290729732,0.6629229423619964,0.00501142652805467,0.972548171680274,0.6633375283171941,0.00501456062844744,4.117099431282452,0.3671007169132396,0.003950701966311609,0.44363858563736347,0.8384194950126911,0.3484790484634774,0.7707075483868,0.34869698407852506,0.7711895418504577,0.03244790938858426,1.0124780326734202
pmlb_mfeat_pixel,real_pmlb_multiclass,real_pmlb,1.0,10,240,400,1600,0.0,0.0,,0.0,0.0,False,1600,0.0,1.5884659542868638,22.025192562672665,34.98626852241777,1.0,1.5016946202478954,0.3289826994343501,0.0,0.8545467574094291,0.0906594737192636,3.321928094887362,0.1715892983981969,0.1585244807653724,0.1716966087786838,0.1586236205282027,1.000625390869294,3.6212804742585454,10.218411169590096,0.6352638981285595,0.1357032629343589,,,0.6454166666666665,0.1710187867637247,0.0,0.0,4.498530287383534,0.3513496561790899,40.33812678054695,0.977369140625,0.3250924277517225,0.1132499342691563,,,,,,240.0,10.0,1600.0,0.0,6.638004566791158,13.728961284823605,,,1.3042898893317394e-06,0.24625,1.003796708566597,0.24625,160.0,0.1,0.915,1.3809721703009997e-07,1.0,0.0,0.0,,0.19933333333333336,0.9166666666666666,0.914,0.9420000000000001,-0.7173333333333333,0.9730388271305188,0.6357346332683682,0.27849366382080953,,,,0.93125,0.5875,0.00625,0.0,0.0,0.0,0.5542522524323502,0.727539536181284,0.0,0.0,0.53125,0.765625,0.0,0.0,2.4676213845087687,1.5121675493657918,0.3910711861770246,5.469458091775306,4.478630952656947,3.6382262524312217,0.6482696217070858,0.32265270142494806,0.03068669382893585,1.293083793964932,1.6506613879341359,4.292224913146791,4.6657914055735255,0.2466754118416492,0.3967620223702335,0.9654566534885446,0.8831396865814602,0.6830774212955643,0.9399559274964512,0.1289746004178328,1.07222008897901e-06,0.9405437673510402,0.1290552599553065,1.0728906456325237e-06,38.54992936168898,0.12186023931744056,0.016216929639080915,0.8006100623620601,0.9226245458824098,0.05951467021515677,0.23143517275313807,0.05955189014649796,0.23157991019700983,0.05522229445147225,0.3666836155025106
pmlb_mnist,real_pmlb_multiclass,real_pmlb,1.2477,10,784,14000,56000,0.0,0.0,,0.0,0.0,False,1996,0.0541441999456553,1.3316641809459877,3.663386155373404,4.8784001240841945,1.247920792079208,0.8822653234796451,1.017921098977335,0.0003716240157933,0.8381429656881791,0.0783694885529324,3.3197891379987734,,,0.0451947224192101,0.1281861750323698,0.9563944174231328,4.148862523234152,31.903982886357984,,,,,0.7384875768127107,0.1289622924042999,0.0,0.0,4.097998828367535,0.9237296678236638,28.62011212126466,0.990861482484006,0.1040556331108835,0.1103045907724484,,,,,,784.0,10.0,1996.0,0.0524744788544441,6.371486892281571,7.03378486183806,,,6.500716996819585e-06,0.748997995991984,0.7701203854047234,0.748997995991984,5050.0,0.09017857142857143,0.697069306930693,38.658461062085884,1.064251096752251,0.05414419994564565,7.0,0.670129239876088,0.1965282640247027,0.6042660957792425,0.618310248341395,0.6497425909382353,-0.4077378317545398,,,,,,,0.9605911330049262,0.7355163727959698,0.11374407582938388,0.0,0.0,0.0,0.7531415485318743,0.9666969506079425,,,0.6771844660194175,0.8298969072164949,0.0,0.0,3.0441042378109184,0.3087456639394859,0.0,6.227771145456517,3.550047034009959,3.3197893261340092,0.4161839043938498,0.060996952233624,-1.8813523583460778e-07,0.011427723458501607,1.871958459565403,3.3279442846130682,4.926425349993704,0.0033533891924393266,0.18565459175867316,0.93569528614366,0.8456197775554006,0.7137365659222438,,,,27.595089998375418,0.010393619796007314,0.0,82.77163081776709,0.06550566202371966,-6.523144826951904e-14,0.7798578721599448,0.8980002286266054,0.005732707480981245,0.06868669017374984,4.4021255871708247e-35,0.050581096164586684,0.01155615239062798,0.3849558199229628
pmlb_new_thyroid,real_pmlb_multiclass,real_pmlb,5.0,3,5,43,172,0.0,0.0,,0.0,0.0,False,172,0.7734087975960878,0.5132703095300563,6.000294880857543,3.079773210769363,5.0,2.3111954575311096,0.0107188858399329,0.4370001083775875,0.7671010939238274,0.1760813581827771,1.1851490029117324,0.4161863736983338,0.1561679733567537,0.4186202121410141,0.1570812363588399,1.005847953216374,0.9936044115929822,2.589115012756913,0.5145837660558671,0.134087876242107,0.0003966792935118,0.0003824334958388,0.1321321321321321,0.1186946196634935,0.0,0.0,3.038601564869511,0.2034686277558894,4.580633257614348,0.7615603028664143,0.4577428955733315,0.2119106928308876,0.1104651162790697,0.2619724864476815,0.1125923838694398,0.0523255813953488,0.2233329375152536,5.0,3.0,172.0,0.4777194975592747,1.2078928212977569,3.877272016581379,2.448007707129436,0.127906976744186,0.1203694458714453,0.12209302325581395,2.225433246644758,0.12209302325581395,24.0,0.13953488372093023,0.85,16.93260896989408,3.4841269841269837,0.7734087975825982,2.0,0.7027936955484725,0.7732405726961081,0.9361766485178463,0.9651139342609397,0.9131881427707199,-0.1629360758217382,0.6359619363951488,0.5514656021179486,0.2848292803364769,0.0007630651610338678,0.00042697271950154056,0.0,0.22972972972972974,0.16666666666666666,0.0,0.0,0.0,0.0,0.5347995833783212,0.5658624280514404,0.00021348635975077028,0.0005950189402677042,0.08333333333333333,0.1981981981981982,0.0,0.0,2.320308291703556,2.315799975034365,2.2966437385632283,3.1944605609544126,3.1816678749234484,2.795314008644367,0.7101432859709216,0.3192811030226492,0.28733218052054843,2.303150014008393,2.3200752683460064,2.8374314286413878,3.1841339511839384,0.30416506573618696,0.6677928426163513,0.8916094163354065,0.7671010939238274,0.6425927715122484,0.6842978177933918,0.4243450794169072,0.21439734131117402,0.6882995594179145,0.4268266295889359,0.2156511269328768,2.708942567172106,0.540880728543342,0.2623848681927701,0.7048469327180379,0.8293552551296169,0.28942059527755015,0.5121131151769583,0.2911131133785886,0.5151079287160049,0.4781683585301866,1.0388632436434657
pmlb_nursery,real_pmlb_multiclass,real_pmlb,13.1707,4,8,2592,10366,0.0,0.0,,0.0,0.0,False,1998,0.5199641184350487,1.1266713785909088,3.523244406237721,3.969538632288561,13.19083969465649,1.7072410052846767,0.3977406738099925,0.0935012234587869,0.448735675026736,0.396338105999753,1.7135356677693812,0.016760865802678,0.0113979775103451,0.0166991958279585,0.0113947748681857,0.9964018179454248,0.0579370681495632,10.350082088865484,0.8847865258326525,0.2670730480145343,0.1666666666666666,0.408248290463863,0.3288857874119152,0.4144333221806024,0.2306967984934086,0.407005848393447,3.2552189844234736,0.5177379122194772,3.596183429087517,0.9978815151487824,0.1655576886305845,0.3285999199586984,0.3733733733733734,0.394122966032334,0.1265584654521354,0.2107107107107107,0.4079154175527216,8.0,4.0,1998.0,0.8504135861674694,0.9182589066600444,3.4314840559355315,20.050629756796475,0.535035035035035,0.1934864798091632,0.8138138138138138,0.5825280241049918,0.8138138138138138,262.0,0.025274937295002894,0.5244274809160304,1.1440457097166223,6.950137144685013,0.5199641184348481,1.0,-1.1417842171022148,0.6628844355377422,0.704939211756847,0.6328563794255176,0.7636833667334669,-0.042054776219104806,0.9998765025923207,0.9887634659890218,0.22864211849900257,1.0,0.0,0.0,1.0,0.17804154302670624,0.0,1.0,0.0,0.0,0.9564439716882096,0.9968508007379286,0.0,0.0,0.0,0.5519445003269124,0.0,0.288135593220339,2.320598445805172,1.5848497400508093,0.9999537407930982,3.838836377097646,3.2729469401511007,2.334610713208163,0.9638180655449169,0.02695576837867253,0.0037527679913722523,1.584492404257709,1.9994463417329071,3.0928401499790734,3.6918083237455726,0.018369473997806973,0.10701934104225153,0.8799670229240142,0.36583600505083874,0.10040399710535376,0.041957300083043096,0.014261562755504806,0.0007880592592229146,0.04186151612181679,0.014185489470172591,0.0007865774077759991,1.0749681788462726,1.0008940467977636,0.9110587355980853,0.23312000107809625,0.6229015139874264,0.007424842917377516,0.02331240046901528,0.007407206161909761,0.023126494433354114,0.9558778350750816,1.0402016293218068
pmlb_optdigits,real_pmlb_multiclass,real_pmlb,1.0325,10,64,1124,4496,0.0,0.0,,0.0,0.0,False,1996,0.0118196888394897,0.8869434418371578,11.161181286506748,9.899336545222772,1.0338600451467268,2.0056953999317093,1.2663889062702864,1.5004350625735796e-05,0.7965857569354027,0.1255341659310966,3.3218405697765614,,,0.1173843990793873,0.1343570502408859,0.9828118025897464,1.4585112846810842,10.562944549685882,,,,,0.5427161386415618,0.2749231486803505,0.0,0.0,5.013055423668167,1.0991791012840737,24.886242593257062,0.9772593784763915,0.3144805460401044,0.203213180914084,0.0581162324649298,0.3643081352890456,0.0679259861725045,0.0240480961923847,0.1532369066683871,64.0,10.0,1996.0,0.0096593095330995,5.837010427899264,6.736763213904806,,0.5265531062124249,2.3411203854937413e-05,0.3226452905811623,0.8268880815905911,0.3226452905811623,443.0,0.09853202846975088,0.9909706546275395,4.71348880026562,1.014867783069781,0.01181968883946341,5.0,0.2715513017597205,0.1961178045515395,0.9089692101740295,0.7757697456492637,0.9384203480589023,-0.71285140562249,,,,,,,0.9,0.6311881188118812,0.0,0.0,0.0,0.0,0.5615863835776373,0.8583852652155891,,,0.385,0.7506234413965087,0.0,0.0,3.296116363103486,2.5755544221688758,0.0,6.226159665475937,5.461660588290339,3.321840757708601,0.6881870728124877,0.35979891863602287,-1.8793203970801642e-07,0.5975725259845358,3.091588633212417,3.8152563857970447,5.974880266561517,0.10128211595513359,0.4761014081801087,0.9331382434275677,0.836954071339949,0.5756036664289941,,,,0.9215679937447702,0.0739341677843195,0.0,7.291258318532171,0.3874587237392141,-2.370363031986324e-17,0.7312983524942854,0.8966352009124035,0.028150547786402434,0.16943271167055093,0.021808389355453067,0.16134312268877757,0.16422952505020177,1.1673400832736087
pmlb_page_blocks,real_pmlb_multiclass,real_pmlb,175.4643,5,10,1095,4378,0.0,0.0,,0.0,0.0,False,1998,1.7466329791725113,0.58080356148889,2.547462934000275,1.4795755448282968,170.8695652173913,3.5163019603879517,0.1657360207990307,0.8603121729477431,0.5282248235075524,0.1513565318379488,0.6311890355422735,0.2987250173235078,0.2555313532789746,0.2847670518525008,0.2389828019063574,0.9624233831196528,1.1760658243943238,4.061391542889877,0.8271035264669946,0.1037339517571128,0.0003529001027893,0.0010693152851141,0.2818713893961264,0.320488504693539,0.1403809538373371,0.3190635621441,3.99207898286114,0.2143218259014302,1.9971796615891773,0.8957583709835962,0.1554120130690851,0.0658134203118084,0.077077077077077,,,0.0445445445445445,0.206353192919591,10.0,5.0,1998.0,1.6040597838342672,1.1848122558683754,1.1325893956914814,,0.0940940940940941,0.2218466989468736,0.11361361361361362,1.0843647584363723,0.11361361361361362,23.0,0.005253540429419826,0.7304347826086959,54.18275832110941,31.108116453723163,1.7466329791705164,4.0,1.4896136174554808,0.9318637274549099,0.9498997995991983,0.9418837675350703,0.9405477621910489,-0.018036072144288484,0.9748996299789574,0.8402389679297013,0.6597563511837845,0.003395495201425915,3.748287338868343e-07,0.0,0.9874673629242819,0.23816167765939456,0.0,0.9660574412532638,0.0,0.0,0.7786220864418854,0.8895478927499003,4.197534300082218e-08,4.01680192423797e-05,0.035909865757511185,0.27816382930880656,0.0,0.010268346111719605,3.5848561264952874,3.5842526422140546,3.0670320767881165,4.145612835431901,4.031140297962919,3.4194886770972,0.27873243523319013,0.16638736155601563,0.07028246031702423,3.5820252141501183,3.58479914376611,4.017839384471473,4.109831287605761,0.1062072706241961,0.194885545293064,0.7287568045078295,0.5024869410308909,0.3791686074605983,0.9584721081524676,0.19450606117847533,0.031231183710986144,0.8452368844018457,0.21535885220999906,0.030748099961706375,3.8856700610993737,0.46758548819466805,0.012411633969506397,0.4342674277205164,0.5964443368179269,0.0824601179798311,0.4210757861140111,0.08607268124694016,0.4465153371930425,0.2697254229144574,1.4093808164415924
pmlb_pendigits,real_pmlb_multiclass,real_pmlb,1.0844,10,16,2199,8793,0.0,0.0,,0.0,0.0,False,1993,0.0399213566328149,1.0638405468220165,11.868343748458855,12.626025303232131,1.0841232227488151,3.236840352236515,0.343132189222928,0.0002045108144584,0.6798127340859498,0.2222199964847805,3.320732644055542,0.2734009707406783,0.2036430305310614,0.2731924434281091,0.2039566154401453,0.9980299219983784,1.361727017554566,4.551256462175903,0.4900871711260595,0.1373570812000945,0.0116072327928533,0.0398016009755328,0.3462082420909335,0.2860466558753971,0.0058902275769745,0.039512847795177,5.827943129978626,0.4531342309529206,16.763393832742587,0.9722037668719596,0.7296298663134306,0.2367153980027062,0.0526843953838434,0.2751741909144164,0.0903015038324919,0.0150526843953838,0.121793037197157,16.0,10.0,1993.0,0.0392235511380441,4.554361995530296,7.184143884806026,3.9193718253760896,0.1976919217260411,0.0004519978294199,0.0577019568489714,1.575577005027483,0.0577019568489714,844.0,0.09598544296599568,0.9926540284360189,1.6372114863791911,1.0464489160219288,0.03992135663276958,5.0,9.904267663997332e-05,0.19960189517291163,0.9738780743362451,0.8566539801055327,0.866035570854848,-0.7742761791633335,0.7761529249013167,0.4678527924970091,0.27498090699217154,0.18265794206896555,0.00013014048902286498,0.0,0.8894472361809045,0.39425587467362927,0.0,0.26506024096385544,0.0,0.0,0.40947166988913103,0.5548131675821512,0.0,0.0015873835297103127,0.05012531328320802,0.6031331592689295,0.0,0.0,3.5811896241182133,3.3564260135023525,2.4959571992455305,6.532261416677196,5.84801888988258,4.968433660372695,1.1867747437676819,0.6926865342417399,0.36966085149655914,3.1060934229845003,3.4456822553731157,5.55095788019573,6.143762666162932,0.6301334978285935,0.8186574790905969,0.9369164903490538,0.7364762199718388,0.21019826835353617,0.8571005529064426,0.21585691015190095,0.00019386800157416832,0.8546904203541651,0.21416305970209928,0.00019128492556176328,4.728939494389029,0.4751406825009805,0.026339420504216813,0.6140780015186945,0.8139936358450306,0.11430161095474574,0.38506700811179534,0.11375858420822324,0.38623909351423225,0.10094260103273904,1.1112656302176498
pmlb_penguins,real_pmlb_multiclass,real_pmlb,2.1471,3,7,67,266,0.0,0.0,,0.0,0.0,False,266,0.294435552619568,0.2179955714217731,6.811975583349228,1.4849805098033813,2.1666666666666665,2.0501942090034246,0.6851471896506776,0.0598602261954628,0.9066987438753028,0.0931228217005674,1.5186926606909426,0.3471046327102354,0.2565990118140413,0.3484144615129155,0.2575673099718302,1.0037735849056602,1.136671128066591,2.7713067836518066,0.5216355976334068,0.3379896152021833,0.0,0.0,0.0965280076501526,0.1028329579633803,0.0,0.0,3.020880900218216,0.467657910810078,19.87943128077716,0.91402849228334,0.5480059694761512,0.3720580668865441,0.0639097744360902,0.2006030276560525,0.1124809933314618,0.0150375939849624,0.1219317722003789,7.0,3.0,266.0,0.2226652857197921,1.652877084211579,17.466108484163623,,0.1466165413533834,0.0158652622791615,0.02631578947368421,1.8767305813807234,0.02631578947368421,54.0,0.20300751879699247,0.9703703703703703,0.9419609615672591,1.7191682910981159,0.29443555261624726,1.0,-0.34961512157148655,0.7894960844399046,0.9924668028600613,0.8233741913517195,0.9924668028600613,-0.20297071842015668,0.998947936341014,0.3155584385846944,0.22332963652713647,0.0,0.0,0.0,0.2046783625730994,0.08490566037735849,0.0,0.0,0.0,0.0,0.2973829208484589,0.7594236651420425,0.0,0.0,0.04245283018867924,0.14479201147522894,0.0,0.0,2.584514056656397,2.5761558719106255,0.9985314417845258,3.4083194089072646,3.2885597180795334,2.210812533707835,0.8109999678420081,0.7524971793132105,0.0007587928095991181,1.5145052865816093,2.581573759754603,2.8035938272198493,3.31564349319659,0.3510568556843885,0.7848360674997319,0.9725465225829997,0.9066987438753027,0.8408509651676056,0.8770547794690456,0.35862768944570045,0.019127624439697875,0.8803644201462871,0.35998100148134404,0.019199804154564636,3.331868867819044,0.5360732950761219,0.0818254186842645,0.8737748545214541,0.9396226332291512,0.05683839333347453,0.5737627151205335,0.057052877836619664,0.5759278574417432,0.29436897979474475,1.2439547765853503
pmlb_satimage,real_pmlb_multiclass,real_pmlb,2.4489,6,36,1287,5148,0.0,0.0,,0.0,0.0,False,1996,0.3714817474627648,0.7321589420000232,6.4420307600987785,4.716590425645527,2.447105788423153,3.5563086863442552,0.018120141738096,0.0324542687964178,0.6168697224056663,0.3832948093434064,2.482970475052242,0.4948235371779493,0.3232200175841258,0.496013678561576,0.3240894973347213,1.0024298407931,3.5542085264821464,2.762175329050407,0.3206605534732075,0.0676447225299978,1.7029758967350337e-06,4.703997178079623e-06,0.4312710045924451,0.24262475727778,0.0344595911215909,0.0993122769470446,5.140360671705313,0.1566504415032098,16.852537101514923,0.9729453897775512,0.8989184896911843,0.1486088693861437,0.1783567134268537,0.3758810459166383,0.1089843022301956,0.1067134268537074,0.3088259277882377,36.0,6.0,1996.0,0.3151060500713779,2.490300915582612,7.729218786994884,1.338181938851288,0.4934869739478958,0.0045866101008844,0.27054108216432865,2.4082467834965575,0.27054108216432865,501.0,0.09731934731934731,0.7437125748502994,2.4873753814525412,1.734501324202249,0.37148174746233187,3.0,0.04048930426165417,0.4217913739124836,0.8743269671873869,0.8014637038467832,0.8375774306310076,-0.4525355932749033,0.462860128293161,0.29663261753089565,0.2073179569471768,1.8166475808699175e-05,7.159818231980979e-08,6.754645033937653e-12,0.834061135371179,0.3792372881355932,0.023474178403755867,0.3640483383685801,0.0,0.0,0.27215991991043276,0.36803621766247646,4.478221344696618e-09,3.2865615221639034e-07,0.3079616721292016,0.5902244226807849,0.0,0.0,3.5784401817780602,3.5601506733647885,3.4996016000717773,5.425293501327815,5.101739486241778,4.850848392103575,1.1488610936584411,0.9481324158135838,0.6221004341871001,3.5490932643730315,3.570367223140983,5.044157649392433,5.196701023184948,0.829104094702058,0.9889249202365866,0.9409793894931118,0.7982169983880105,0.15116459987445044,0.9624652144293301,0.3340744084053532,0.08625991564381677,0.9697573519146206,0.3362530664560769,0.08598407138638771,16.08651744319297,0.03399810915382721,0.008167140150095717,0.256366179740855,0.9376214445319035,0.17471944864191716,0.8068033211239596,0.17450969274030315,0.811556246830315,0.017437349594266665,0.12302753200569186
pmlb_schizo,real_pmlb_multiclass,real_pmlb,3.2258,3,14,68,272,0.0,0.0,,0.0,0.0,False,272,0.5434216534382905,0.6886955951225143,0.2745638494270461,0.1890909136802879,3.2,2.0943769852205407,0.4768143327661511,0.2303882725832011,0.3184750440224418,0.1773183828861128,1.385766238622764,0.2619094420002074,0.1498619131881514,0.2628758975057432,0.1504149091777755,1.003690036900369,1.1316875182192585,23.711321713597687,0.9542140707749756,0.0297990596831667,0.6499426079604106,0.2127581350182991,0.9352960102960104,0.0525596951431866,0.803035178035178,0.0641680851348944,3.421699993416884,0.4556956567191104,0.2840740059669452,0.9925524437716264,0.0584432304264199,0.0318625422069503,0.6911764705882353,0.5059381006815228,0.0839840217941257,0.5367647058823529,0.4995656893860118,14.0,3.0,272.0,0.3495525363677794,0.2342945162395387,0.2453455067443999,,0.8970588235294118,0.7730509077848218,0.9264705882352942,0.42557346835228194,0.9264705882352942,50.0,0.18382352941176472,0.49199999999999994,1.5048507709748207,2.340215053763441,0.5434216534322969,2.0,0.6757780575760671,0.5625966625966626,0.467032967032967,0.5184371184371184,0.5845746845746845,0.09556369556369565,0.9992178287445231,0.9566928042801264,0.897125617763604,0.8953529693489171,0.5370527168103728,0.5174221377219419,0.9714285714285714,0.9594594594594594,0.875,0.8571428571428571,0.8198198198198198,0.7321428571428571,0.9346660275558558,0.9734968825667365,0.5272374272661573,0.716202843079645,0.9172297297297297,0.9654440154440154,0.7759813384813384,0.8384813384813384,2.584305447415814,2.250296071008772,0.9774178175281716,3.941830913937316,3.5628762963600566,2.36150493247183,0.10577342012165003,0.06694549668041017,0.000564743172057014,2.250150647040662,2.250355009481185,3.5455822000967854,3.581604352510562,0.04241898735104588,0.07864903170020543,0.44385807499024493,0.31847504402244187,0.19309201305463886,0.5646260521439205,0.31688923177895245,0.003725330289316844,0.5667095431112406,0.3180585647375468,0.003739076895550487,4.803703493949481,0.6400090678219608,0.35055469214669366,0.25578352853854036,0.3811665595063434,0.12281048674947406,0.37300247986413493,0.12326366197733184,0.3743788727787628,0.49099743360986436,0.9846076555280159
pmlb_segmentation,real_pmlb_multiclass,real_pmlb,1.0,7,19,462,1848,0.0,0.0,,0.0,0.0,False,1848,0.0,1.0841477271661797,33.261167097634825,36.06001871179532,1.0,3.060827267854916,1.2464175967025388,-2.220446049250313e-16,0.7433736694502664,0.2508884028394386,2.807354922057604,,,0.2507171055517345,0.3202337585969054,0.9478813438577496,1.7843934530200871,3.245234888842219,,,,,0.1566558441558441,0.2586556454682024,0.0183080808080808,0.0760584303886182,5.003112320329315,0.974175717858304,48.946130905493575,0.9511063206274244,0.8650698695832046,0.5765330430241268,0.0670995670995671,0.184074674255695,0.1465629130935206,0.0281385281385281,0.1654132927254792,19.0,7.0,1848.0,0.0,3.6303514279883458,27.02412423413191,,0.1623376623376623,0.0001338806554458,0.21266233766233766,1.062456381820492,0.21266233766233766,264.0,0.14285714285714285,0.971969696969697,1.4171806389116082e-08,1.0,0.0,0.0,,0.2850474281897128,0.9225718102872412,0.7897314629258517,0.9172237808951236,-0.6375243820975285,,,,,,,0.8560606060606061,0.0,0.0,0.3484848484848485,0.0,0.0,0.08374609079061762,0.8937478745999033,,,0.0,0.3143939393939394,0.0,0.0,3.584962500721157,3.5846539464604232,0.0,6.237422777192301,5.161488121268259,2.8073550175837916,1.5264829714293828,1.182995577982238,-9.552618784880451e-08,3.584133267762822,3.584866505969198,4.936532892917503,5.623964793471654,0.36897854558767884,1.4016366639876856,0.9819961601268704,0.7992375832765717,0.3538814074011914,,,,0.9991690709623127,0.06878555480531016,0.0,7.628167788786316,0.40638796105026365,-6.422524421957955e-16,0.5961536226897854,0.9478821309137955,0.023918389148106425,0.4960038554052709,0.014107503733231781,0.47020019773435806,0.000161872130813716,0.9224200059327676
pmlb_shuttle,real_pmlb_multiclass,real_pmlb,4558.6,7,9,11600,46400,0.0,0.0,,0.0,0.0,False,2000,1.8738837613253072,4.035032687046143,64.56307809928931,260.5141305069453,4558.625,2.928782622978245,0.7335117316421365,0.7014268518964814,0.3110932183404286,0.3669552406263082,0.972366554869076,0.1947482463539104,0.2756936652174638,0.2083881903300539,0.287185414710551,1.1860558407089217,1.36674483050833,3.531345757102772,0.7084649922826561,0.2636517139844621,5.34852854527478e-10,1.8657792448923424e-09,0.0103692176345828,0.0462193573764937,0.0,0.0,3.625796204292322,0.6606680024240321,7.59103291258107,0.8179295,0.2753529735549985,0.2283009348917608,0.018,0.0525470739903686,0.0905557692318532,0.007,0.0833935083721707,9.0,7.0,2000.0,2.088755559216656,1.2539546860999926,7.053673352470415,,0.0265,0.0793733489640956,0.0305,1.9118103062406553,0.0305,8.0,0.00017241379310344826,0.7,21.27630600542848,569.2766362584127,1.8738837613250243,5.0,1.8909774077259411,0.8761651131824235,0.9853528628495339,0.9494007989347537,0.9394141145139814,-0.10918774966711042,0.9970712137770419,0.728129064863859,0.28320511154523115,8.12116578224901e-09,0.0,0.0,0.21204049014384657,0.0,0.0,0.0,0.0,0.0,0.5258812013001044,0.9798396774542462,0.0,0.0,0.0,0.0,0.0,0.0,3.5687283501979246,3.151655251491768,1.7189349646092886,4.314819500518212,4.0184271542063925,2.6744444810927277,0.6358917198241523,0.2849598949972423,0.01671843527758643,2.47172479889606,3.548469446833266,2.9489998071912593,4.098493629163155,0.04173292624709024,0.4879492588686869,0.9358595284614146,0.13985223183980638,0.03805998513080272,0.9143970699696135,0.049145560962728,0.0006964721000017483,0.9568667651744605,0.047395206275779686,0.00020952934688354993,3.7206339434345095,1.155120132456341,0.00036292822722361264,0.048871755116249534,0.4807558603817097,0.014524454452957684,0.2336263491869135,0.01001085856108986,0.2871653229159201,0.0006955350733242518,1.5851669809049864
pmlb_sleep,real_pmlb_multiclass,real_pmlb,5.8217,5,13,21182,84726,0.0,0.0,,0.0,0.0,False,1997,0.7706898930743483,0.7335005066065442,1.746555822846212,1.2810995808743062,5.821320077326705,2.5618874039326966,0.6950035535836235,0.2086788239505216,0.5324437304625906,0.2285089527504159,1.9603886383352815,0.1997146314978927,0.1747923553263554,0.199830167679272,0.1735002067320519,1.008773409344668,0.9529145382189432,10.68093603954176,0.8013023868116245,0.1110608064698715,0.1256436888888889,0.1395386788851849,0.8596013025452731,0.1526654031249613,0.718445155410837,0.2661542950742587,4.33873513994652,0.6692990801853753,2.4505085206641875,0.9977617904071931,0.1835409023214586,0.0986889138148466,0.4927391086629945,0.4691883952273978,0.0911697487263452,0.343014521782674,0.4748351958478498,13.0,5.0,1997.0,0.5857622653147817,1.2906343288969548,1.3796297134062523,1.1655735429741931,0.7871807711567351,0.1771386148140666,0.6800200300450676,0.8975102568641024,0.6800200300450676,7242.0,0.08547553289427094,0.3790665561999449,1.545327623105393,2.72964195316344,0.7706898930743028,3.0,1.2702058051204277,0.5827762191048764,0.6321776887107547,0.6468523714094856,0.7209432197728791,-0.04940146960587832,0.9212356749154983,0.8418983414932434,0.5696798656459121,0.4977777777777778,0.08925000000000002,0.02304,0.9914163090128756,0.922866575516057,0.5403624382207578,0.9864091559370529,0.8295038961327686,0.32620320855614976,0.7891629657409688,0.86858170124901,0.04851000000000002,0.13089533333333334,0.7666008438404552,0.9713886021622209,0.46473619559407686,0.9193919900394273,3.3712650632083108,2.725821998769548,1.148035447093721,5.176287209538317,4.5122331281002,2.9927923229176767,0.4069218665948906,0.15236605183745056,0.0912575516873737,2.345288765596346,3.116254093050867,4.0188843870171524,4.669720864791258,0.11563176251132612,0.17814904501326545,0.7614240288824682,0.571093280580292,0.22616433180731063,0.7905165808051542,0.1570804225408452,0.007629770872324045,0.801756604777502,0.1577174267462448,0.007689975109922054,3.3683150153637014,0.7365708256766501,0.14325175192117484,0.439171323137233,0.6643656879056496,0.0622492679711488,0.26147714846893794,0.0630392487682484,0.26344109236967916,0.3650109068298225,1.1502847459646743
pmlb_splice,real_pmlb_multiclass,real_pmlb,2.1662,3,60,638,2550,0.0,0.0,,0.0,0.0,False,2550,0.3943206968894562,0.1555225160124127,1.6641019478376835,0.2588053218288733,2.1669394435351883,1.9750699914266951,0.0575431182688776,0.1242793990622507,0.6591924606509962,0.0372462020815357,1.4797149506045104,0.0250752471582627,0.0207788285519285,0.0250850844462807,0.0207869803089123,1.0003923107100785,0.2523231129205606,26.36058240995016,0.9780956565569088,0.0530443068774392,0.4166666666666667,0.1443375672974064,0.7726693168190417,0.0845839578349055,0.6669053146439466,0.1707106376070762,3.3986513207176663,0.1469530279877327,1.5546903138768058,0.9984222991157248,0.0561336213135401,0.092080031492929,,,,,,60.0,3.0,2550.0,0.3062461714994766,0.8704566799277291,0.886616958633045,1.148011167547346,,0.3177613857563788,0.8504252126063031,0.19152197131025803,0.8504252126063031,611.0,0.2396078431372549,0.764975450081833,8.20571243525202,1.77544387227833,0.39432069688899235,2.0,0.7070312502350102,0.6448617234468937,0.575437541750167,0.8611088844355378,0.7924021376085504,0.0694241816967267,0.999961561279959,0.9954391855110862,0.6748120125528221,0.5,0.49999999999999994,0.24999999999999997,0.8361842105263158,0.8106139438085328,0.6783124588002637,0.8361842105263158,0.6783124588002637,0.4921956295525494,0.9788608462569579,0.9980923419477299,0.37499999999999994,0.5,0.7444632013043982,0.8233990771674242,0.5852540441764066,0.7572483346632897,1.999430753907189,1.993281085056515,1.6611268269102466,3.4759433171755676,3.4577189471550667,2.7537684165928265,0.38702484879994037,0.014988024476628725,0.001990807549616669,1.985551351772967,1.9964136956221423,3.4042788783984386,3.4669535466821393,0.008635247202905094,0.06258177673785359,0.6848510265501635,0.6640842737065487,0.6433175208629338,0.16750174514588717,0.021936019203660846,2.7822032539142573e-05,0.16671586920883022,0.02192641897396255,2.7558425874466144e-05,1.9089411605078639,0.957417172360197,0.610683778885165,0.6537008972847412,0.6744676501283561,0.010171770805150932,0.037497583869018136,0.010190132344026695,0.03753979105477278,0.792056479417917,1.141494957798455
pmlb_vehicle,real_pmlb_multiclass,real_pmlb,1.0955,4,18,170,676,0.0,0.0,,0.0,0.0,False,676,0.0352555481887958,0.5533675357606317,0.8379080926802372,0.4636711364403538,1.0943396226415094,2.93350605948914,0.1340789188941857,0.0005460721042767,0.6670743692948619,0.2807544133025883,1.9990928967963055,0.4124777636365924,0.3406640458159335,0.4130888418049429,0.3411687332912165,1.0014814814814816,2.2700218644377106,8.010919159945031,0.8684055162233977,0.0837122950079354,0.026644478459435,0.0651183337814734,0.7532805587403656,0.1594743884086493,0.161460982326811,0.2566450558714332,4.6830529482827865,0.2032255766832678,4.56831367422113,0.9899688386260984,0.2495460080026601,0.1209091022284708,0.4526627218934911,0.441709906931314,0.1049518489668981,0.3032544378698225,0.4600045736273215,18.0,4.0,676.0,0.0336441530059816,1.4926107236881745,2.462243241655939,,0.7233727810650887,0.0857161507476825,0.6198224852071006,0.6299315192120336,0.6198224852071006,159.0,0.23520710059171598,0.8477987421383648,1.6708693937353916,1.049754857408845,0.0352555481885872,1.0,-0.957375915803265,0.39349721402818744,0.6863716814159292,0.44823336610947234,0.7677679449360865,-0.29287446738774175,0.9841921493525398,0.8776655635402641,0.7262148186292179,0.15956663747269612,4.8647874776017875e-05,3.841737915794323e-06,0.9504373177842566,0.7515537654942537,0.5615615615615616,0.6618075801749271,0.06772334293948126,0.0,0.7915673549342352,0.940578898434033,7.950901652376692e-06,0.0001656948830702597,0.6383619584721867,0.8658476308558407,0.0,0.16249539239997318,2.9997980737862218,2.977146520195782,2.480866885373403,4.879792778692048,4.7397897901408665,4.0760869742500425,0.42241027689439825,0.24176831330749504,0.07436345648447773,2.9609792742523062,2.9897229226757744,4.576278978818816,4.815848178974642,0.15197198404905388,0.37791928971222677,0.8433089100823179,0.8146031906657893,0.3433110071364783,0.996259475699091,0.23677635883376907,0.001861105798219056,0.9977354156630885,0.23712713862463386,0.0018638629919941981,9.514929398367418,0.12701344952312965,0.0003652456796636205,0.5789570989011338,0.8289560503740536,0.11110601710540514,0.7853718615648498,0.1112706186122278,0.7865353754338348,0.025545320123642835,0.8396447176834884
pmlb_waveform_21,real_pmlb_multiclass,real_pmlb,1.0298,3,21,1000,4000,0.0,0.0,,0.0,0.0,False,1999,0.0127328315782468,0.2518569756052727,1.8371046468302288,0.4626876202210541,1.0295902883156298,3.584794757154847,0.0001370506640424,0.0001179554199827,0.6885935256371952,0.0283974836734842,1.5848497937815835,0.2954251328337344,0.2207828688671827,0.2909872243735373,0.2168358874744037,0.986937719289934,1.661650567670981,6.503424801430948,0.7482863433689863,0.1288854406413224,0.0013999107020392,0.0013118914786792,0.7861272089503984,0.0978035911765389,0.3635357894480564,0.113616316982471,4.925949906626425,0.1295491018326622,1.8169373753819835,0.9943323337506672,0.2436946443100055,0.129611295380256,0.3176588294147073,0.4701956517708722,0.0374198620609199,0.2121060530265132,0.4089018433265556,21.0,3.0,1999.0,0.0102022076720947,0.9491285041779112,1.0089125059683584,1.0747342799434303,0.9674837418709354,0.2753179820554226,0.5297648824412207,0.9845192087209881,0.5297648824412207,1318.0,0.3295,0.8341426403641881,3.0588381357293426,1.0196841030339472,0.012732831578237295,2.0,0.6180181525386426,0.5767748830995324,0.7176165664662658,0.8030794923179693,0.824439545758183,-0.14084168336673342,0.9992524489396615,0.6872853893716058,0.6035660709014541,0.0026894623334616434,0.001443503751292964,6.67660213632091e-05,0.8531415594246783,0.8313432835820895,0.6738967838444279,0.45,0.4057532172596518,0.23485415108451757,0.6647788550734935,0.8455654739363091,0.0007551348863280866,0.002066483042377304,0.7526200337132587,0.8422424215033839,0.32030368417208466,0.4278766086298259,3.584921528705315,3.58485198606887,3.5843058150550213,5.16337504937508,4.8703971793824445,4.767658661438513,0.402065069158672,0.2993611524871973,0.0062268592636263165,3.5847612663996733,3.5848701273042143,4.845445324994521,5.035367589795405,0.13434754589000963,0.32415331147461757,0.7086735789113501,0.6885935256371947,0.6685134723630394,0.7062254771707204,0.26763751764665533,0.0010768644651313961,0.7054820253544924,0.26371928496146324,0.001077562036349104,7.678497260668882,0.4254794635140277,0.250536843140035,0.6785534990001171,0.6986335522742724,0.08706474268575899,0.5044570940207798,0.08591952965498581,0.49792061442579105,0.34144627014699325,0.8702692756222762
pmlb_waveform_40,real_pmlb_multiclass,real_pmlb,1.0236,3,40,1000,4000,0.0,0.0,,0.0,0.0,False,2000,0.01097724920005,0.2634670340635101,1.8010802333255482,0.4745252671846968,1.0242057488653555,3.5847208143929263,0.0001525501337769,9.071672357208184e-05,0.682603508143385,0.0090556851557693,1.5848757975004697,0.0939794669951714,0.172290983110913,0.0944767391075329,0.1734152081706658,1.0040190263953823,1.2484987603953923,12.423839688503085,0.871004872490228,0.1527397300325477,0.0001756856399885,0.0001519778733316,0.7713816352022298,0.0822198977136863,0.31350374299774,0.113544860296176,5.042029302813653,0.1465829402295109,1.746241993336402,0.9975705,0.1275673090797445,0.1466767864877558,0.3925,0.4879301790345028,0.0211722485330179,0.288,0.4529443445829131,40.0,3.0,2000.0,0.0101878661928286,0.9319771040929528,0.903784381478685,1.053819878292892,1.0,0.2850918060837459,0.7455,0.6257452470246823,0.7455,1322.0,0.3305,0.753555219364599,4.453540107626998,1.016125739480448,0.010977249200041842,2.0,0.6972172018213463,0.5574108216432866,0.667557782231129,0.795066132264529,0.8184221776887108,-0.11014696058784246,0.9999676057368823,0.9960275829431628,0.6276514970269393,0.0003050836167677721,0.00021364821542153818,8.325087776462923e-06,0.8215085884988798,0.8161434977578476,0.6764928193499622,0.4077669902912621,0.3452914798206278,0.1874527588813303,0.6888173079350286,0.9992229898556086,0.00011098665159900054,0.0002593659160946551,0.7463181585539049,0.8188260431283636,0.26637211935097904,0.37652923505594493,3.584917798481605,3.5847508360003157,3.5841248293741073,5.16639767696932,5.1580237081544125,4.788590835671389,0.38119838848076704,0.011542260549338046,0.0032106112351542038,3.5846488464837876,3.5848192618290717,4.870623402696429,5.162289123605368,0.007329969985855778,0.2991083466532414,0.6890068445253201,0.6826035081433857,0.6762001717614512,0.7231498933391491,0.020179261229725826,2.237293425733104e-05,0.737232526887956,0.020258791320454873,2.2194655365111773e-05,8.027026246290774,0.9076549382272072,0.23981447018697966,0.6794018399524184,0.6858051763343529,0.00872870217800053,0.04132795042203433,0.008818370509120061,0.04159824685578391,0.4134947471890772,1.0361535875883918
pmlb_wine_quality_red,real_pmlb_multiclass,real_pmlb,68.1,6,11,320,1279,0.0,0.0,,0.0,0.0,False,1279,1.0694395764213451,0.7310652160201284,1.3058878947413173,0.9546892158671318,68.125,3.3043768757395253,0.023060107217419,0.2498989777344112,0.2457814711353364,0.2227295154869424,1.7101198592052465,0.2020777836540035,0.1878661644433174,0.2022359039855015,0.18801316457199,1.0007824726134595,0.9119548399097422,17.116831213174923,0.9327116123044932,0.0823467422531236,0.0212473618691446,0.0384355460613312,0.6125084804440432,0.2997813861858052,0.3030040429543822,0.3760595546604183,4.914588063888358,0.0753009346853953,0.7487328130107136,0.9976709227852828,0.0999086710564136,0.0645335346892942,0.6301798279906177,0.3680688523562009,0.2349442847229352,0.3682564503518373,0.4825201284929455,11.0,6.0,1279.0,1.1508105086258236,0.5004764060434437,0.6264517660857204,,0.7599687255668491,0.546013907217064,0.8287724784988272,0.641484917454635,0.8287724784988272,8.0,0.006254886630179828,0.225,1.7813188304639986,18.614462854324124,1.0694395764163283,4.0,0.5782000011093965,0.552772005438826,0.5871714806141035,0.541049576145397,0.5918736462490791,-0.03439947517527753,0.9947580431393027,0.9504277887363533,0.723782769937908,0.1402027373740895,0.00038845855540888647,0.0,0.9867298578199052,0.6865671641791045,0.13043478260869565,0.9478672985781991,0.16380952380952382,0.0,0.9325184944302607,0.9838623110026214,3.2777949970850086e-05,0.03346151908322591,0.3476033834586466,0.8967221563834777,0.0,0.6910717226613965,3.319887266590459,3.312843285490063,3.2579175578400763,4.9866444734852085,4.93094902204861,4.716408737595562,0.25277197989596356,0.08990341722195794,0.03631867121010135,3.308687559074249,3.317565419229688,4.897917914723413,4.9607567881152175,0.04926574111350002,0.12723595593981285,0.6206163671075894,0.13959380623571455,0.07648910362767503,0.674780275039181,0.14802494429029694,0.002825518996425444,0.6753082721245027,0.14814076975531312,0.0028277298876589543,3.121897371559057,0.6477514302575516,0.05845743198472089,0.11529213210066376,0.27691594660503954,0.05825439155485642,0.2527172155763714,0.05829997402086194,0.25291495987650947,0.38633130170317315,1.3916932069275627
pmlb_wine_quality_white,real_pmlb_multiclass,real_pmlb,439.6,7,11,980,3918,0.0,0.0,,0.0,0.0,False,1998,1.1278503099808852,0.949907228050688,0.7360588889092653,0.6991876588458694,439.5,3.570381202324715,0.0116670473777394,0.2393964271858538,0.197138852335667,0.1963442111980746,1.859585472380131,0.1854353972308678,0.1962063753178413,0.1843641474292574,0.1944280920009126,0.9964298867778985,0.8852473715944823,20.315403445030096,0.9400126239746848,0.0666205493949388,0.0144724539807991,0.0297549226827723,0.595929642122942,0.3912538055896127,0.3394986382134325,0.3916478352003955,5.338430935460885,0.053750838653025,0.5822420405434435,0.9988399310221132,0.0915357392439604,0.0554632148086616,0.7067067067067067,0.4062600592757296,0.2241005343967332,0.4344344344344344,0.4958066071998941,11.0,7.0,1998.0,1.7972854974615429,0.4259376089563143,0.4707459868599286,,0.8148148148148148,0.6099440858072318,0.8678678678678678,0.6971951815951967,0.8678678678678678,4.0,0.0010209290454313426,0.2,1.2870877027157506,61.080239470771815,1.1278503099788701,4.0,0.8295620136235474,0.4492656875834446,0.46194926568758343,0.44726301735647533,0.5060080106809078,-0.012683578104138837,0.9943144869471557,0.9679708083956592,0.7740185697974541,0.1296529997934969,0.0032463064962034425,0.0,0.9939678284182306,0.6685082872928176,0.0,0.9470509383378016,0.08508287292817679,0.0,0.9280501251777968,0.9816372105296536,1.5967971971420557e-14,0.014100489665597503,0.058823529411764705,0.9276859504132231,0.0,0.7697674418604651,3.584381351457653,3.569878138674421,3.543037920703934,5.397358786957382,5.358416897025597,5.205031331775787,0.22258429214041264,0.07928888379394206,0.03937623113705868,3.5658661696975447,3.57848545582689,5.329300060301717,5.366996988113162,0.0547674464177792,0.0983291335954144,0.5657498886434309,0.12343164654033292,0.04228306837335269,0.8365971664854085,0.10839237340939327,0.0009211407074174064,0.8203671268200359,0.1047836830691132,0.0008873616873158509,3.3014451026447285,0.8682156067967652,0.0155942721248672,0.07630152030186628,0.2313669509057148,0.06040182573949105,0.2634518394052995,0.06104592514796205,0.25838238901558086,0.5059246938053028,1.1259183063436402
pmlb_yeast,real_pmlb_multiclass,real_pmlb,23.15,9,8,296,1183,0.0,0.0,,0.0,0.0,False,1183,1.010426257712408,0.8374514254944215,2.4430996728832826,2.04597730368106,23.125,2.3252601346276665,1.467740877708254,0.1414711015967419,0.3845192893992954,0.27946277554345,2.466884607546698,0.0887519576629135,0.1207947180169606,0.0888270439215113,0.1208969132098681,1.000846023688654,0.4193738674093502,12.687888368793814,0.7478623994797609,0.1895962488213496,,,0.6036661074408913,0.2650598911308927,0.2986282731129296,0.2780121604617287,4.597716438910437,1.3572624046506998,3.061982807680173,0.9977055911121844,0.1944283032639271,0.1562161207881653,0.6703296703296703,0.4814012637684324,0.1456781870804376,0.4852071005917159,0.4999924908576187,8.0,9.0,1183.0,0.9051727352884116,1.7295367717622545,1.0305411039455532,,0.8157227387996618,0.1046832616828609,0.8689771766694844,1.3169616566369429,0.8689771766694844,16.0,0.013524936601859678,0.6375,6.393221412969643,6.3402488891862685,1.010426257704721,6.0,0.843146478319489,0.4074342992996209,0.5105570905352438,0.24414744372336095,0.5841011801494999,-0.1031227912356229,0.9977906926657935,0.7333669426682028,0.509714762697218,,,,0.9734513274336283,0.6517523073085558,0.012048192771084338,0.9284712482468443,0.2663094862905767,0.0,0.6016047992193027,0.9036094383704132,0.0,0.0,0.47306342358706555,0.7919098984771573,0.0,0.5073578595317726,3.3143984196370715,3.278505119591605,0.04596264816685885,5.643509764669368,5.369136102980384,2.4879058857771925,0.46850182826420816,0.17627427762886638,0.002561227353476081,1.5263203364790066,3.295917276899395,3.8886707826966953,5.522614627230491,0.08169718208498278,0.2778508485118356,0.7124046847094553,0.368639393841222,0.016334474031757012,0.586141161698151,0.04263953402680913,0.00020580615909409296,0.5866370510058472,0.04267560808266914,0.00020598027597995477,1.8025548274414684,0.9562792646030764,0.4013002292565879,0.1569404984891289,0.6504886719134984,0.01335344960189138,0.11251891733954279,0.013364746936579684,0.11261411100903473,0.778368634088274,1.0951009792439605
