dataset_name,group,gen_base_type,gen_imbalance_ratio,gen_n_classes,gen_n_features,gen_n_samples_test,gen_n_samples_train,gen_noise,gen_noise_scale,gen_noise_type,gen_outlier_frac,gen_overlap,gen_spatial_distortion,gen_subsampled_to,CV,HDB,HDB_mean_f1,HDB_std_f1,IR,attr_ent.mean,attr_ent.sd,c2,can_cor.mean,can_cor.sd,class_ent,cor.mean,cor.sd,cov.mean,cov.sd,eigenvalues.mean,eigenvalues.sd,eq_num_attr,f1.mean,f1.sd,f2.mean,f2.sd,f3.mean,f3.sd,f4.mean,f4.sd,joint_ent.mean,joint_ent.sd,lh_trace,lsc,mut_inf.mean,mut_inf.sd,n1,n2.mean,n2.sd,n3.mean,n3.sd,nr_attr,nr_class,nr_inst,pIR_cv,p_trace,roy_root,sd_ratio,t1,w_lambda,overlap_ratio,inter_intra_ratio,boundary_density,minority_size,minority_frac,minority_nn_ratio,minority_isolation,macro_IR,IR_variance,n_minority_classes,class_imbalance_skew,lm_decision_stump,lm_1nn,lm_naive_bayes,lm_lin_discr,lm_stump_vs_1nn,ssi_f1.max,ssi_f1.median,ssi_f1.min,ssi_f2.max,ssi_f2.median,ssi_f2.min,ssi_f3.max,ssi_f3.median,ssi_f3.min,ssi_f4.max,ssi_f4.median,ssi_f4.min,ssi_f1.q1,ssi_f1.q3,ssi_f2.q1,ssi_f2.q3,ssi_f3.q1,ssi_f3.q3,ssi_f4.q1,ssi_f4.q3,ssi_attr_ent.max,ssi_attr_ent.median,ssi_attr_ent.min,ssi_joint_ent.max,ssi_joint_ent.median,ssi_joint_ent.min,ssi_mut_inf.max,ssi_mut_inf.median,ssi_mut_inf.min,ssi_attr_ent.q1,ssi_attr_ent.q3,ssi_joint_ent.q1,ssi_joint_ent.q3,ssi_mut_inf.q1,ssi_mut_inf.q3,ssi_can_cor.max,ssi_can_cor.median,ssi_can_cor.min,ssi_cor.max,ssi_cor.median,ssi_cor.min,ssi_cov.max,ssi_cov.median,ssi_cov.min,ssi_eigenvalues.max,ssi_eigenvalues.median,ssi_eigenvalues.min,ssi_can_cor.q1,ssi_can_cor.q3,ssi_cor.q1,ssi_cor.q3,ssi_cov.q1,ssi_cov.q3,ssi_eigenvalues.q1,ssi_eigenvalues.q3,cluster,dist_to_centroid,is_representative
rand_0017_moons_swiss_roll_circles_c5_f200,rand_triple,moons|swiss_roll|circles,1.9441319835020625,2,7,1964,7852,0.121,0.3,gamma,0.0,0.5,False,1999,0.3206826286296484,0.0,0.3396352656569197,0.0,1.9441319835020625,3.584956180496447,4.796711693331816e-16,0.1864724310748506,0.4415672463847506,,0.924502409207534,0.0389745785032144,0.0793841844519582,0.0384949728655845,0.0776303278211753,0.9936925674639496,0.2266259910853613,17.64726717429038,0.9631584101070496,0.055185701570593,0.5107247389415169,,0.982991495747874,,0.9539769884942472,,4.457070738368313,0.0364310412859405,0.2422076825722188,0.9969889897424952,0.0523878513356677,0.0364310412859405,0.3781890945472736,0.4440841473369299,0.0832427252883246,0.2466233116558279,0.4311533914093245,7.0,2.0,1999.0,0.0,0.1949816330798111,0.2422076825722188,,0.7158579289644822,0.8050183669201889,0.5522761380690345,0.4421982481971541,0.5522761380690345,2667,0.3396586856851757,0.7697787776527935,0.8401213180467041,1.9441319835020625,0.3206826286295668,1,0.0,0.6664502338009353,0.7518410153640614,0.7705263861055444,0.7271583166332665,-0.0853907815631261,0.999998449868309,0.99975370217842,0.863340924671413,0.5107247389415169,0.5107247389415169,0.5107247389415169,0.982991495747874,0.982991495747874,0.982991495747874,0.9539769884942472,0.9539769884942472,0.9539769884942472,0.9395578008193032,0.9999500961962988,0.5107247389415169,0.5107247389415169,0.982991495747874,0.982991495747874,0.9539769884942472,0.9539769884942472,3.5849561804964467,3.5849561804964467,3.5849561804964467,4.505682917057122,4.460581644485687,4.399576364178835,0.1098822255251459,0.0488769452182937,0.0037756726468591,3.5849561804964467,3.5849561804964467,4.439493467818661,4.477333653609614,0.0321249360943673,0.0699651218853203,0.4415672463847501,0.4415672463847501,0.4415672463847501,0.3759265747260008,0.0159744591815198,0.0012040834642586,0.3675172639845244,0.0157430822093988,0.0011745068362207,1.3509309782420953,1.0072809722401022,0.6070445510887222,0.4415672463847501,0.4415672463847501,0.0110474552142954,0.0298181758280385,0.0110968491996907,0.02942622652381,0.9168433297170324,1.0784524056213305,0,3.0887383799995995,True
rand_0205_moons_circles_c4_f20,rand_pair,moons|circles,6.794007490636704,2,4,521,2081,0.053,0.1,,0.0,0.7,False,2081,0.743392599711677,0.0,0.9023411106074378,0.0,6.794007490636704,3.584956672581819,0.0,0.7118652184711851,0.3829653756782947,,0.5527676557520013,0.0928195207552784,0.1757957039698349,0.0927492677390807,0.1760191084335776,0.9996552496474151,0.3715039663900019,7.554290064525942,0.9490733092822752,0.064321379171041,0.2191436329363131,,0.6405574243152331,,0.2431523306102835,,4.064551647508691,0.0339602807614439,0.1718692490998404,0.9703592675406258,0.0731726808251291,0.0339602807614439,,,,,,4.0,2.0,2081.0,0.0,0.1466624789684174,0.1718692490998404,1.029242536998333,,0.8533375210315826,0.1055527763881941,0.82431571227554,0.1055527763881941,267,0.1283037001441614,0.848689138576779,0.3019981658180455,6.794007490636704,0.7433925997109626,1,0.0,0.8719144956579826,0.9746506346025384,0.8765597862391449,0.8719144956579826,-0.1027361389445558,0.999990116819792,0.963702708478509,0.8674903079514912,0.2191436329363131,0.2191436329363131,0.2191436329363131,0.6373186593296648,0.6373186593296648,0.6373186593296648,0.24112056028014,0.24112056028014,0.24112056028014,0.9124721174700996,0.9999520514404848,0.2191436329363131,0.2191436329363131,0.6373186593296648,0.6373186593296648,0.24112056028014,0.24112056028014,3.5849561804964467,3.5849561804964467,3.5849561804964467,4.090551082066864,4.071066253930713,4.019844429450377,0.1172165304314836,0.0659947059511467,0.0465098778149961,3.5849561804964467,3.5849561804964467,4.044703014625988,4.089495244149393,0.0475657157324678,0.0923579452558722,0.3832813914574026,0.3832813914574026,0.3832813914574026,0.4501609270598954,0.0233846185730942,0.003430679340454,0.4499743199482122,0.0233076724951028,0.0034205093226004,1.455608991553636,0.9959786618320752,0.5462153971162724,0.3832813914574026,0.3832813914574026,0.0073375989826026,0.0473564799077287,0.0073993077086251,0.046623917883012,0.8733724664260937,1.121051623489496,1,1.8452985151133223,True
rand_0234_moons_c3_f20,rand_moons,moons,12.428571428571429,3,2,136,540,0.159,1.0,gamma,0.25,0.0,False,540,1.0048749487132418,0.7922579508740296,0.2826353775100524,0.2239201250306219,12.428571428571429,2.9999604195271727,0.0,0.6560500983335058,0.2344446118171847,0.281272343328426,0.8892343771444959,0.1898860957822089,,0.1900404803386025,,1.0009073733667573,0.2694595248931249,4.626527144164716,0.8886659840930042,0.0406572452162189,0.8303639482069188,0.0908558968145712,0.9666114939761452,0.0453336706765023,0.949145157676862,0.0631827155022144,3.696991368606612,0.0100136425675868,0.2324570403483954,0.9621639231824416,0.1922034280650568,0.0100136425675868,0.3407407407407407,0.3228504768473235,0.2476544039448691,0.2537037037037037,0.43553347875678,2.0,3.0,540.0,0.6225104870776983,0.1890426831416848,0.2311912800314849,,0.3277777777777778,0.8111946989921466,0.4333333333333333,0.715843315823132,0.4333333333333333,35,0.0648148148148148,0.3714285714285714,0.6248265129534516,6.8809523809523805,1.0048749487076591,2,0.6873015035880935,0.7925925925925926,0.7351851851851853,0.8018518518518518,0.7944444444444444,0.0574074074074073,0.9174149978897568,0.8886659840930042,0.8599169702962515,0.9352644354583493,0.7792213042100553,0.7766061049523517,0.994059405940594,0.9914893617021276,0.9142857142857144,0.986138613861386,0.9851063829787234,0.8761904761904762,0.8742914771946279,0.9030404909913804,0.7779137045812035,0.8572428698342023,0.952887537993921,0.9927743838213609,0.9306484295845998,0.9856224984200548,2.9999604195271727,2.9999604195271727,2.9999604195271727,3.704072083170531,3.696991368606612,3.689910654042693,0.1992841426289757,0.1922034280650568,0.1851227135011379,2.9999604195271727,2.9999604195271727,3.693451011324653,3.7005317258885713,0.1886630707830974,0.1957437853470163,0.4333341931449455,0.2344446118171847,0.0355550304894239,0.1898860957822089,0.1898860957822089,0.1898860957822089,0.1900404803386025,0.1900404803386025,0.1900404803386025,1.1914440306739913,1.0009073733667573,0.8103707160595234,0.1349998211533043,0.3338894024810651,0.1898860957822089,0.1898860957822089,0.1900404803386025,0.1900404803386025,0.9056390447131404,1.0961757020203744,2,5.032957431260047,True
rand_0298_swiss_roll_c4_f200,rand_swiss_roll,swiss_roll,5.0,4,3,1300,5200,0.166,1.0,,0.0,0.0,False,1998,0.455083060238432,0.7389126548636302,4.087123937312189,3.020027599276043,5.0,3.584955995579937,0.0,0.082522004249642,0.5268252996693593,0.4257972206283825,1.8254482193680417,0.0265827886595988,0.0217991212887162,0.0268264090818425,0.0219994752642642,1.0074916221039538,0.0563707417127534,3.443447866339476,0.6002181528936511,0.3498786133119707,0.1722432668177545,0.073521338105886,0.4526900575937811,0.2673711878845998,0.0909487539599495,0.113625524031138,4.880281997268359,0.469685067158375,3.2137506478371534,0.9695351006662318,0.5301222176796209,0.469685067158375,0.0755755755755755,0.2150358458727781,0.1295270404036407,0.0455455455455455,0.2085495553897384,3.0,4.0,1998.0,0.5245078467118747,1.1952412353048414,2.178479183230561,,0.1146146146146146,0.1544582127517345,0.0990990990990991,1.4993151560221374,0.0990990990990991,400,0.0769230769230769,0.962,0.5393752897636749,2.708333333333333,0.4550830602380819,2,-0.4346507595746656,0.5961322645290582,0.9546118904475618,0.9385891783567134,0.8805076820307282,-0.3584796259185036,0.9930086118468656,0.4856873575114653,0.3219584893226227,0.2938930133004334,0.1551316712034381,0.1068476945845127,0.8503253796095445,0.428069279433639,0.0827137546468401,0.2723577235772357,0.0434593076056815,0.0,0.403822923417044,0.7393479846791655,0.1139824685640821,0.2054250299986653,0.3171156097312704,0.5921410193148174,0.004071661237785,0.1574701312933794,3.584955995579937,3.584955995579937,3.584955995579937,5.397103273825507,4.764264787156069,4.479477930823499,0.93092628412448,0.6461394277919101,0.0133009411224724,3.584955995579937,3.584955995579937,4.621871358989784,5.080684030490788,0.3297201844571913,0.788532855958195,0.8278792955243055,0.7129407556595155,0.0396558478242571,0.0430846684723427,0.0347929441282157,0.0018707533782379,0.0434409309723329,0.0351608174839251,0.0018774787892696,1.0646310670586878,1.0059214069173612,0.9519223923358116,0.3762983017418863,0.7704100255919105,0.0183318487532268,0.0389388063002792,0.0185191481365974,0.039300874228129,0.9789218996265864,1.0352762369880244,3,2.4322098725447265,True
extreme_noise_pareto_sc15_out25_classifica_c3_rs314,extreme_noise,classification,4.287946428571429,3,20,750,3000,0.15,1.5,pareto,0.25,0.0,True,3000,0.655516590179074,0.6996560191295715,0.2195277998349333,0.1535939465207828,4.287946428571429,3.807351718201447,0.0,0.3250108308731748,0.2325886704058392,0.2066399790078766,1.294573782397486,0.9344268516082996,0.01511415670329,0.9387848414296932,0.0150685192374723,1.0046916571064473,4.198917856751602,14.315944341960856,0.8750177612436193,0.0046706262910574,0.4643297514064218,0.0525858379657381,0.9877209692157536,0.001799365608843,0.9276785991486308,0.0056374824758706,5.011496692587782,0.0031009973076289,0.1749638141367957,0.9991311111111112,0.0904288080111499,0.0031009973076289,,,,,,20.0,3.0,3000.0,0.404711489781869,0.1508950601266878,0.1674300499412949,1.1401118016412346,,0.8501773352984214,0.8073073073073073,0.7177343538640955,0.8073073073073073,448,0.1493333333333333,0.3745535714285714,101.48093459867974,2.913600860312429,0.6555165901784185,2,0.6659996661817127,0.6457581830327321,0.5283527054108217,0.6517635270541082,0.6344141616566467,0.1174054776219104,0.8711896139451752,0.860964047535993,0.8514078001127328,0.5519697448595566,0.3754892193990021,0.3670083849865879,0.9858823529411764,0.9847908745247148,0.9832869080779943,0.9117647058823528,0.9043092522179976,0.8774373259052924,0.8584853688166304,0.864658114842752,0.371248802192795,0.4637294821292794,0.9840388913013548,0.9853366137329456,0.890873289061645,0.9080369790501752,3.584955995579937,3.584955995579937,3.584955995579937,4.794518858624459,4.783481073639105,4.772288917578638,0.1066559448060706,0.0954637887456035,0.0844260037602495,3.584955995579937,3.584955995579937,4.7794970511242925,4.787953022522181,0.0909918398625266,0.0994478112604155,0.4029849216275855,0.2572542214001542,0.1115235211727229,0.9641401328086804,0.934566035015917,0.8800269788309376,0.9818499288641672,0.9484477938234376,0.8981606440960898,19.02007524489443,0.0652699821334448,0.0238383932019025,0.1843888712864385,0.3301195715138698,0.9242484349795466,0.9453817238806276,0.9360217397983104,0.9585820982480724,0.0429182186891417,0.093555312337389,4,2.8698926296681875,True
extreme_ir42_c4_all5_rs237,extreme_imbalance,moons|circles|gaussian_quantiles|s_curve|swiss_roll,26.3875,4,13,672,2686,0.05,0.05,,0.0,0.0,False,2686,1.24419725351689,0.580459302680715,0.7589524657522401,0.4405410190383545,26.3875,3.700435717268993,9.244454088746557e-16,0.6587274253237821,0.2728182760820761,0.0686042678117248,1.0464904937269777,0.0129685845222297,0.0117282474195018,0.0130130102291727,0.0117631677607059,1.004109868428693,0.0641490833295834,24.809585525685108,0.9823239460225246,0.027004888701362,0.2010758651536897,0.0995083072895506,0.7078028190068565,0.2204849408275412,0.5421133000367374,0.1968036791051562,4.704745317137684,0.0369239423189002,0.2555049807731598,0.9969471610052733,0.0421808938582854,0.0369239423189002,,,,,,13.0,4.0,2686.0,0.9684870441167878,0.2327025264171535,0.1228924839561538,1.0582909426149447,,0.7837075781917687,0.5645645645645646,0.327753720228473,0.5645645645645646,80,0.0297840655249441,0.27,1.9085387648193008,8.843883928571428,1.2441972535150374,3,1.118901710425571,0.7869071476285905,0.7107548430193721,0.7955911823647295,0.7895791583166333,0.0761523046092184,0.9997777951936238,0.9981363665940848,0.9161446834842084,0.2634145213622531,0.1528027025557039,0.073488671439666,0.9756771697070205,0.6775865539452496,0.4552147239263803,0.8805970149253731,0.4206349206349206,0.3202453987730061,0.9633039886239364,0.9992502448769706,0.1118538534109834,0.2198399095115455,0.5145502645502645,0.852020790200138,0.3761022927689594,0.520757850241546,3.584955995579937,3.584955995579937,3.584955995579937,4.619776703178882,4.601629057139205,4.497932636313958,0.1319489261322113,0.0282525053069635,0.0101048592672867,3.584955995579937,3.584955995579937,4.570397432065634,4.610586436000896,0.0192951264452734,0.0594841303805351,0.3293126739353167,0.2948304192147095,0.1864434787487418,0.0670924959226841,0.0131672144919421,0.0002132301493775,0.0676424338758897,0.0131829012368197,0.0002180494430237,1.1350277467126697,1.0229261011069746,0.8731989996311035,0.2406369489817257,0.3120715465750131,0.0079292634153238,0.0193012805590337,0.0080091067207327,0.0193790009551424,0.9593779058864528,1.0552851604538485,5,2.086636052225657,True
extreme_sparse_f500_info5_c3,extreme_sparse,classification,11.74621212121212,3,500,1000,4000,0.05,0.1,,0.0,0.0,False,1999,0.9443041750410722,0.824857087102667,0.4164407154728071,0.3435040755158502,11.74621212121212,3.584956180496448,8.890679326117937e-16,0.5958271671776001,0.5643865439875555,0.0991399766556488,0.9647701746735984,0.0179294680052681,0.0141607539920906,0.0179233908221533,0.0141718627072759,0.9997555200030684,0.5115150149815507,109.31036829247242,0.998381791730457,0.0091203876209921,9.853165544677637e-40,1.641503067447425e-39,0.961709796152324,0.0152561968783615,0.0,0.0,4.540900383857861,0.0079041720209552,0.997159842805688,0.9979476982112868,0.0088259713121837,0.0079041720209552,,,,,,500.0,3.0,1999.0,0.6226902965929222,0.6468930770397163,0.6738542249124051,,,0.4514630496629166,0.6763381690845423,0.0999158491197701,0.6763381690845423,264,0.066,0.25,21.526447365812604,6.344993239481429,0.944304175040364,2,0.6613392683134435,0.8052010688042753,0.6731062124248496,0.7791930527722112,0.6451035404141616,0.1320948563794257,0.9999994309196386,0.99933456163666,0.8105041665181929,2.8802571806093595e-39,7.569248279393131e-41,3.887337529598416e-60,0.9785752544188536,0.9576837416481068,0.948870392390012,0.0,0.0,0.0,0.9986132174811204,0.9997388179631272,3.7846241396965655e-41,1.4779748317016453e-39,0.9532770670190592,0.9681294980334804,0.0,0.0,3.5849561804964467,3.5849561804964467,3.5849561804964467,4.547059206032883,4.541869117067432,4.398004321843681,0.1517220333263642,0.0078572381026131,0.0026671491371619,3.5849561804964467,3.5849561804964467,4.539789681890513,4.543428129434797,0.0062982257352481,0.0099366732795318,0.6344890937674406,0.564386543987555,0.4942839942076694,0.6166047549513193,0.01516168031978,1.659994561841057e-07,0.6200141278409275,0.015149620334249,1.642508262804725e-07,2.737676159434388,0.9141383753950528,-4.0726491558459616e-15,0.5293352690976122,0.5994378188774978,0.0071030864492719,0.0257712391691315,0.007092424842279,0.0257706105035598,0.5775132974902064,1.3618788929061605,6,2.3554367879861817,True
rand_0286_swiss_roll_s_curve_c3_f5,rand_pair,swiss_roll|s_curve,5.0497237569060776,3,5,362,1444,0.032,0.1,gamma,0.05,0.5,False,1444,0.6513885902872086,0.500114457228254,0.4577957287319845,0.2289502623962094,5.0497237569060776,3.4594233254486704,0.0,0.3139907203975769,0.3767224663107471,0.0944561964244599,1.288338284482528,0.0274073834354626,0.0268717598130861,0.0281532190434801,0.0277438761939359,1.028700824606449,0.0891753337499639,9.463293820873396,0.940969103469054,0.0713433704411717,0.6448232918400078,0.0608108387778174,0.992187468983722,0.0046864120660405,0.975506719434671,0.0131115792733969,4.611621032573153,0.129717952097006,0.3511362693701902,0.98413724572402,0.1361405773580454,0.129717952097006,0.1461218836565097,0.3092055515314515,0.1180262891788167,0.0727146814404432,0.2597575478768034,5.0,3.0,1444.0,0.418495187048437,0.2927616062894801,0.244870906361672,1.0506214396233664,0.3704986149584487,0.7261333236834655,0.2347645429362881,0.5239641772189809,0.2347645429362881,181,0.1253462603878116,0.8596685082872928,0.9234017646959928,3.198937242423763,0.6513885902858554,2,0.5579149113302441,0.632964116366606,0.90929167277715,0.6765915292886248,0.7049873045723668,-0.2763275564105441,0.989222969729884,0.9819772960763166,0.8235300679934217,0.7149345183354497,0.6131247684541064,0.606410588730467,0.995249406175772,0.9945205479452056,0.9867924528301888,0.9835616438356164,0.9825811559778306,0.960377358490566,0.9221904311502902,0.9879247523953576,0.6097676785922868,0.6640296433947781,0.990656500387697,0.9948849770604888,0.9714792572341984,0.9830713999067237,3.4594233254486704,3.4594233254486704,3.4594233254486704,4.725397900367036,4.629015094408944,4.405701352089407,0.3420602578417915,0.1187465155222549,0.0223637095641624,3.4594233254486704,3.4594233254486704,4.582427184855883,4.715563631144496,0.0321979787867023,0.1653344250753159,0.4435130833275712,0.3767224663107471,0.3099318492939229,0.0760349546932076,0.0147261230981277,0.0033122953616398,0.0795962371889389,0.0150055310796002,0.0034584692609518,1.1412374101426472,1.014397131243565,0.9054675466027736,0.343327157802335,0.4101177748191591,0.0087715408006594,0.0433263624869469,0.0090704400978258,0.0442112002601849,0.9997225205844232,1.082679514458837,7,4.477129247739945,True
moons_noise_gamma,moons,moons,1.979099678456592,2,2,464,1853,0.15,0.2,gamma,0.03,0.0,False,1853,0.328656233135456,0.0,0.9495782572778306,0.0,1.979099678456592,3.58495515040037,0.0,0.1949701536868279,0.6322709301855716,,0.9206166526739998,0.2675893580707266,,0.2628329235015004,,0.982852197641179,0.3750036935217299,2.5735698832381035,0.7487973992298446,0.0767476576102658,0.8126567102311676,,0.9967620075553156,,0.994603345925526,,4.147852100699058,0.0637814505629549,0.6660183888058745,0.9531906515855476,0.3577197023753116,0.0637814505629549,0.0755531570426335,0.148580072727377,0.164923136871217,0.0555855369670804,0.2291814357740406,2.0,2.0,1853.0,0.0,0.3997665291577279,0.6660183888058745,,0.08041014570966,0.6002334708422721,0.110091743119266,1.55985014112166,0.110091743119266,622,0.335671883432272,0.9356913183279744,0.3660476422713801,1.979099678456592,0.3286562331351013,1,0.0,0.832561122244489,0.9499692718770876,0.8772571810287241,0.873254509018036,-0.1174081496325984,0.8030661883662469,0.7487973992298446,0.6945286100934422,0.8126567102311676,0.8126567102311676,0.8126567102311676,0.9967620075553156,0.9967620075553156,0.9967620075553156,0.994603345925526,0.994603345925526,0.994603345925526,0.7216630046616435,0.7759317937980457,0.8126567102311676,0.8126567102311676,0.9967620075553156,0.9967620075553156,0.994603345925526,0.994603345925526,3.58495515040037,3.58495515040037,3.58495515040037,4.192952396906038,4.147852100699058,4.102751804492078,0.4028199985822915,0.3577197023753116,0.3126194061683316,3.58495515040037,3.58495515040037,4.125301952595568,4.170402248802548,0.3351695542718216,0.3802698504788016,0.6322709301855716,0.6322709301855716,0.6322709301855716,0.2675893580707266,0.2675893580707266,0.2675893580707266,0.2628329235015004,0.2628329235015004,0.2628329235015004,1.248019852300396,0.982852197641179,0.717684542981962,0.6322709301855716,0.6322709301855716,0.2675893580707266,0.2675893580707266,0.2628329235015004,0.2628329235015004,0.8502683703115705,1.1154360249707875,8,3.234180185729079,True
rand_0064_circles_moons_c4_f3,rand_pair,circles|moons,33.785714285714285,4,3,179,715,0.011,0.05,t,0.1,0.0,False,715,1.0472181490171408,0.9284485409534544,0.1310083303836516,0.1216344931974494,33.785714285714285,2.9999788543383965,0.0,0.4478629212709895,0.1719078988763666,0.1432109182225855,1.163217564730545,0.0624328843115305,0.0816361760803119,0.0629595219790738,0.0827863296180859,0.9983443237938032,0.1618525695265964,7.632072422463954,0.9551876837273406,0.0491338473956134,0.628765009937966,0.0746747135293877,0.9432219740065968,0.105935375878136,0.9069419580428452,0.1483735126208407,4.010784662426437,0.0293040419061871,0.1433940771730574,0.97919311457773,0.1524117566425043,0.0293040419061871,0.2811188811188811,0.3211224772091754,0.1875523277101057,0.2013986013986014,0.4013258862132118,3.0,4.0,715.0,0.7924049429048798,0.1296757112845734,0.1226032687307525,,0.3384615384615385,0.8726017999950664,0.3552447552447552,0.3352299470294922,0.3552447552447552,14,0.0195804195804195,0.3142857142857144,1.3032125920109687,14.704887218045114,1.0472181490112824,2,0.646276531005919,0.7105352601291562,0.8125827736952521,0.73295008379921,0.6559485718973782,-0.1020475135660958,0.9874670225867308,0.979454303065558,0.8986417255297332,0.7513413048037464,0.6092986870405248,0.5495117520139584,0.991869918699187,0.9851662874952328,0.7272727272727273,0.9815195071868584,0.9657145913564398,0.6060606060606061,0.9390480142976456,0.9834606628261444,0.5797234282625872,0.6647806368044568,0.979068326646212,0.9909072844093046,0.9442166233970576,0.9806225115037074,2.9999788543383965,2.9999788543383965,2.9999788543383965,4.03930235283037,4.012298669615799,3.980752964833142,0.1824434542357993,0.1508977494531427,0.123894066238571,2.9999788543383965,2.9999788543383965,3.9965258172244704,4.025800511223085,0.1373959078458568,0.166670601844471,0.3304744384701881,0.1332676664793213,0.0519815916795904,0.1566746749391121,0.017136521676535,0.0134874563189443,0.1585314169353932,0.0169302880455915,0.0134168609562366,1.1728304096633395,0.9690858360509852,0.853116725667085,0.0926246290794559,0.2318710524747547,0.0153119889977396,0.0869055983078236,0.015173574500914,0.0877308524904924,0.9111012808590352,1.0709581228571623,9,4.523730458799495,True
rand_0398_circles_swiss_roll_c7_f50,rand_pair,circles|swiss_roll,125.87671232876713,7,5,2916,11663,0.057,0.1,gamma,0.05,0.0,False,1996,1.8892543639411663,1.0301008541958494,0.5343261945861713,0.5504098694624326,125.87671232876713,3.5849567106471896,4.965068306494546e-16,0.7076716453381444,0.2124338732884865,0.2028463876163832,0.9496172621234824,0.0404033716799817,0.0311858495476608,0.0396635356474382,0.0308030397285236,0.9791869963258284,0.1157456916760071,7.988611416866239,0.917464055549942,0.1127953629576972,0.4472301976543038,0.1317258597034161,0.7391741937257295,0.2034840028107704,0.3471045681777231,0.3259709950728142,4.415702592931295,0.04851707754106,0.5272220627260319,0.9931493749021088,0.1188713798393759,0.04851707754106,0.2064128256513026,0.3513466868803185,0.1174865400289124,0.1067134268537074,0.3088259277882377,5.0,7.0,1996.0,1.3518316364981204,0.3902273804778077,0.4387917624354365,1.1352502001251503,0.4448897795591182,0.6372299436931907,0.2720440881763527,0.6601018385128391,0.2720440881763527,73,0.0062591100060018,0.2958904109589041,3.341195562604024,34.848752173218685,1.8892543639400323,5,1.8587927794950168,0.7889111556446226,0.8877755511022044,0.7882431529726119,0.785571142284569,-0.0988643954575818,0.9827583484712156,0.9588659565219424,0.7164762921958279,0.7351905664380669,0.4445556488921681,0.1917337473531032,0.9979285344381148,0.7857142857142857,0.3100189035916824,0.988089073019161,0.2857142857142857,0.0,0.9586022420470116,0.9706174385137116,0.3736038713520835,0.5136010817700352,0.68,0.875,0.092391304347826,0.4583333333333333,3.584956710647189,3.584956710647189,3.584956710647189,4.466510417714574,4.437567088735176,4.350284376213043,0.1842895965576279,0.0970068840354949,0.0680635550560975,3.584956710647189,3.584956710647189,4.380057718409507,4.444093363584176,0.0904806091864953,0.1545162543611642,0.5522430533321032,0.1729452597504537,0.0287668286826808,0.0811223399953038,0.0379036131743955,0.0044238624645641,0.0806044089806301,0.0365441411566992,0.0043781266376493,1.1545476111607211,0.9498715541487152,0.8599485165719933,0.0948644204899382,0.2133498041872563,0.0128460411771933,0.0674682062604994,0.012515863467519,0.064615146008549,0.9049543570344312,1.026612942713281,10,3.292217254942385,True
rand_0265_gaussian_quantiles_c5_f100,rand_gaussian_quantiles,gaussian_quantiles,2.855072463768116,5,100,375,1500,0.133,0.3,pareto,0.25,0.3,False,1500,0.3424811430332089,0.8467382257586296,0.0910175007634054,0.0770679971093906,2.855072463768116,3.4594226478281143,1.3389793477436902e-15,0.0340367504359453,0.2936547629410377,0.0898663231240837,2.2281542661754195,0.6354234565159135,0.0432065105435371,0.6448715685030113,0.0461546965996983,1.0148122800195274,6.465240627827704,48.72277642768332,0.968749191959464,0.0073913367383726,0.0477522277634578,0.012392779362847,0.9803295781984072,0.0059130575198207,0.0804215348434524,0.1304641890735721,5.641845647652518,0.0062542158443823,0.4206651348024431,0.9990697777777776,0.0457312663510166,0.0062542158443823,0.8426666666666667,0.5091566018747263,0.0143209596923999,0.7546666666666667,0.4304281602733799,100.0,5.0,1500.0,0.3708080690748673,0.3691603472873549,0.2104441911670481,4.262196558282633,1.0,0.6746561989544184,0.9933333333333332,0.3760943995049748,0.9933333333333332,138,0.092,0.2579710144927535,199.87491193799636,1.8217510325183883,0.3424811430320673,2,-0.5746480124420866,0.2606666666666666,0.238,0.254,0.26,0.0226666666666666,0.9863784428721868,0.9702475143384895,0.950692465211604,0.0619637078624181,0.0523931863356248,0.026645468619087,0.9857697283311772,0.9818974418638472,0.9663865546218487,0.3057409879839786,0.0,0.0,0.963426670326537,0.973559000385485,0.0369492905159424,0.0575240103452331,0.9798259000656406,0.9840392932812692,0.0,0.1804657179818887,3.459422647828116,3.459422647828116,3.459422647828116,5.657127124574104,5.641354767201839,5.629673615118734,0.0579032988848009,0.0462221468016963,0.0304497894294311,3.459422647828116,3.459422647828116,5.637557108200393,5.646744614808068,0.0408322991954668,0.0500198058031422,0.4169616243960668,0.2719994746258758,0.2136584781163323,0.7472549477277982,0.6395152618171882,0.3960006152443329,0.7780618085087797,0.6487165315395881,0.3954564574849931,64.98605620616907,0.3278375044434574,0.0728685870484009,0.2356385247098933,0.3300157128570202,0.6094809386284794,0.6661655722644061,0.6168160280909276,0.6775560724184848,0.1908713689902622,0.5251243478492565,11,4.168484143071854,True
rand_0021_swiss_roll_c3_f5,rand_swiss_roll,swiss_roll,6.665,3,3,484,1933,0.134,0.5,,0.0,0.0,False,1933,0.7663092609741591,0.6009489532518658,6.027520943549566,3.62223240172981,6.665,3.584949564028868,5.352898021708394e-06,0.4226327420079588,0.4608775899211871,0.5904196001659041,1.1786702503910411,0.0526844411664531,0.0663014988960923,0.0528159728442785,0.0665302008562221,0.9996986187302332,0.1318107588498152,3.247142821115535,0.7374558742978367,0.4402397887304934,0.1261595392110685,0.1387903107107039,0.3413723573465568,0.503279982984962,0.0231009168429826,0.0209799171371921,4.400632931697541,0.4212214381383225,3.378811110757441,0.9220091374549744,0.3629868827223672,0.421217510459379,0.0170719089498189,0.1295519035123631,0.0906555882728866,0.007759958613554,0.0877708780256747,3.0,3.0,1933.0,0.490590465777259,0.77341161004319,3.376925051504923,,0.0615623383341955,0.2280408002251044,0.0263838592860838,1.768128790990544,0.0263838592860838,200,0.1034661148473874,0.981,0.8013170680259927,3.999166666666667,0.7663092609729697,2,0.6210930318181395,0.8865918503674015,0.9906586506346026,0.9592999331997328,0.9319532398129592,-0.104066800267201,0.9976022348795984,0.9856074616895042,0.2291579263244077,0.2856889628860554,0.0596433210094049,0.0331463337377452,0.9223744292237442,0.0617426428159261,0.04,0.0409694171956145,0.0283333333333333,0.0,0.607382694006956,0.9916048482845512,0.046394827373575,0.1726661419477302,0.050871321407963,0.4920585360198352,0.0141666666666666,0.0346513752644739,3.584955745023095,3.5849464735317538,3.5849464735317538,4.757518167430319,4.508375911537058,3.936004716125247,0.8276120077975477,0.2552408123857361,0.0061078279838175,3.5849464735317538,3.5849511092774247,4.2221903138311525,4.632947039483689,0.1306743201847768,0.5414264100916419,0.878367292943948,0.4608775899211871,0.0433878868984263,0.1289416688588543,0.0204307889686803,0.0086808656718248,0.1293314247606935,0.0205002027500395,0.0086162910221024,1.135936993901569,0.9903451098743292,0.8728137524148012,0.2521327384098067,0.6696224414325676,0.0145558273202526,0.0746862289137673,0.014558246886071,0.0749158137553665,0.9315794311445652,1.0631410518879494,12,3.38888065628914,True
rand_0025_swiss_roll_s_curve_c7_f20,rand_pair,swiss_roll|s_curve,26.45,7,6,1130,4516,0.119,0.3,t,0.0,0.0,False,1998,0.9880050961649736,0.6822430141929258,1.3466125632289974,0.918717014087413,26.45,3.584955995579937,0.0,0.215504512686799,0.2715841445558101,0.2399038767851014,2.2349736734872745,0.0254576065616389,0.0201880494597662,0.0256357134737198,0.020427621798554,1.0044692970472844,0.082253841719135,10.365866359773234,0.8775150584837325,0.1007042462293632,0.1787966573729458,0.1529465215830647,0.6329779813113101,0.2724679154901163,0.4441129191668355,0.3820946774769729,5.6043207082802455,0.1653408258376554,0.9750864009208592,0.994994744494244,0.2156089607869657,0.1653408258376554,0.4104104104104104,0.4342876966745275,0.1137099914790755,0.2837837837837837,0.4509460342280174,6.0,7.0,1998.0,1.1212863109167803,0.7303170359272727,0.4080342287169074,,0.6196196196196196,0.4316389774770974,0.6206206206206206,0.8211723590792164,0.6206206206206206,80,0.0177147918511957,0.5875,1.214285332432685,4.837522675736961,0.9880050961634422,5,1.5937326444549675,0.4692517565250984,0.7025376053311442,0.6256703500709585,0.5889100825479607,-0.2332858488060457,0.9961317738305772,0.8524513606926816,0.7407776253765395,0.5667343383859987,0.1395617840327238,0.0121323889853187,0.9938032532920216,0.5906642728904847,0.2201646090534979,0.9728892331525948,0.4736842105263157,0.0,0.8312628502575428,0.9624215028212344,0.0435723915958094,0.3011706565818835,0.4113475177304964,0.9414141414141414,0.070754716981132,0.8447058823529412,3.584955995579937,3.584955995579937,3.584955995579937,5.79300688357756,5.57348052097908,5.430833019969777,0.3890966490974348,0.2464491480881316,0.0269227854896518,3.584955995579937,3.584955995579937,5.472431036147531,5.755651702473994,0.064277966593218,0.3474986329196809,0.5383214584219228,0.2564955016659708,0.0111869485198683,0.0819078596289914,0.0191374276843658,0.0062193273983526,0.0826821265347462,0.019443612169129,0.0061815006075682,1.111257225354401,1.0053051559313388,0.886420216749068,0.0670799944338888,0.4864218491949429,0.0123221432651261,0.0302756768342305,0.0121899408596415,0.0303032442610169,0.9571119632827452,1.0594366359210934,13,3.2784388076252595,True
rand_0202_moons_c5_f10,rand_moons,moons,201.4,5,2,850,3400,0.029,0.1,pareto,0.02,0.0,False,1998,1.242126761942421,0.8027445545694454,1.6660294121935024,1.337396038390868,201.4,3.584955995579937,0.0,0.411503993985889,0.5191171305407367,0.2195677069494974,1.0585089877298433,0.6867925485636485,,0.6076755063945216,,0.8893744646442558,0.8687711540459329,2.367759103001149,0.5969599183113786,0.0248720073038254,0.5894588803807876,0.2020092488398009,0.2616234999332697,0.3320687163393536,0.1844137190482137,0.2862635236559874,4.196414020064331,0.0929448372222124,0.9867236627704096,0.9431145359573788,0.4470509632454487,0.0929448372222124,0.0905905905905905,0.1451895906435749,0.1800782316806866,0.0655655655655655,0.2475831205025741,2.0,5.0,1998.0,0.8620960335654055,0.587175168376757,0.8341272755796861,,0.0890890890890891,0.4730350012738515,0.1196196196196196,2.285428030340389,0.1196196196196196,10,0.0029411764705882,0.36,21.6532369302127,86.22775661375661,1.2421267619405945,3,0.5909262422922961,0.7970621242484969,0.9379131596526388,0.5874495657982631,0.590121576486306,-0.1408510354041418,0.614547083337635,0.5969599183113786,0.5793727532851223,0.9026657295678672,0.492667573757561,0.4043392161806797,0.7381193124368048,0.0255821121353918,0.0075693860386879,0.7360970677451971,0.0135748998620158,0.0,0.5881663357982505,0.6057535008245067,0.4584668159352688,0.7773696325904849,0.01222639760658,0.5961538461538461,0.0066057129864812,0.3821785268414482,3.584955995579937,3.584955995579937,3.584955995579937,4.262135944740438,4.196414020064331,4.130692095388225,0.512772887921555,0.4470509632454487,0.3813290385693424,3.584955995579937,3.584955995579937,4.163553057726278,4.2292749824023845,0.4141900009073955,0.4799119255835018,0.6743749450543072,0.5191171305407369,0.3638593160271666,0.6867925485636485,0.6867925485636485,0.6867925485636485,0.6076755063945216,0.6076755063945216,0.6076755063945216,1.5036884389693974,0.8893744646442556,0.2750604903191139,0.4414882232839517,0.596746037797522,0.6867925485636485,0.6867925485636485,0.6076755063945216,0.6076755063945216,0.5822174774816848,1.1965314518068264,14,5.715593821585961,True
rand_0255_moons_gaussian_quantiles_circles_c7_f20,rand_triple,moons|gaussian_quantiles|circles,5.405,2,10,1602,6405,0.172,1.0,t,0.0,0.0,False,1999,0.687743950039032,0.0,0.0517869467189732,0.0,5.405,3.5849561804964467,0.0,0.6423458871006924,0.1514566322951639,,0.6248438692928293,0.019549172701171,0.0135881881961207,0.0205151553264126,0.014496079438114,1.0443330335084506,0.1192459561098622,87.49204090698738,0.9975568230062534,0.0042720039672433,0.0004173351482874,,0.9894947473736868,,0.933966983491746,,4.202658327378695,0.0050613054007331,0.0234776683166749,0.997189940643158,0.0071417224105801,0.0050613054007331,0.3656828414207103,0.4690611719255187,0.0540005577770951,0.2686343171585792,0.4433601855117557,10.0,2.0,1999.0,0.0,0.0229391114661924,0.0234776683166749,,0.8564282141070535,0.9770608885338076,0.5842921460730365,0.150837879672019,0.5842921460730365,1000,0.156128024980484,0.3436,1.6612657422038846,5.405,0.6877439500388173,1,0.0,0.8438957915831663,0.74049832999332,0.8392304609218436,0.8412291249164996,0.1033974615898463,0.9999850681069428,0.9991537598204892,0.9861908567054792,0.0004173351482874,0.0004173351482874,0.0004173351482874,0.9894947473736868,0.9894947473736868,0.9894947473736868,0.933966983491746,0.933966983491746,0.933966983491746,0.998302747628184,0.9998337950825934,0.0004173351482874,0.0004173351482874,0.9894947473736868,0.9894947473736868,0.933966983491746,0.933966983491746,3.5849561804964467,3.5849561804964467,3.5849561804964467,4.206733984697726,4.203284241674549,4.189296238517302,0.0205038112719746,0.0065158081147269,0.0030660650915503,3.5849561804964467,3.5849561804964467,4.202097811310992,4.205652693201794,0.0041473565874816,0.0077022384782841,0.1514566322951639,0.1514566322951639,0.1514566322951639,0.0530991172723575,0.0185366978501185,1.3847295700509182e-05,0.0595957368280767,0.0203706449897835,1.4820344936473583e-05,1.221790209220263,1.0538248118318243,0.8763119600229878,0.1514566322951639,0.1514566322951639,0.0082633331848701,0.0288566599255945,0.0091783997933216,0.0304973058795181,0.9478314886665692,1.1278047860509657,15,3.380786185856577,True
extreme_lowd_f3_ir32_moons_circles_c2,extreme_low_dim_high_ir,moons|circles,24.88888888888889,2,3,466,1864,0.1,0.1,,0.0,0.0,False,1864,0.9227467811158798,0.0,0.6024684871416935,0.0,24.88888888888889,3.584955861869893,0.0,0.919772370018107,0.1815685680303503,,0.2359594169552067,0.0072294194049544,0.003142249595779,0.0072391994542953,0.0031269583792297,1.002166922745248,0.0145566623991485,8.834715487863955,0.9889832998520468,0.0186938192927021,0.1815194490043393,,0.6169527896995708,,0.1968884120171674,,3.794207071041913,0.0052647861144079,0.0340910287821261,0.9460054062517268,0.0267082077831865,0.0052647861144079,0.0638412017167382,0.1876648652856712,0.1325219693570087,0.0418454935622317,0.2002897143482984,3.0,2.0,1864.0,0.0,0.0329671448965919,0.0340910287821261,,0.0842274678111588,0.967032855103408,0.0944206008583691,0.6730816240661877,0.0944206008583691,72,0.03862660944206,0.5166666666666667,0.2584051573278921,24.88888888888889,0.9227467811148896,1,0.0,0.9619746158984636,0.9579706078824316,0.9619746158984636,0.9619746158984636,0.004004008016032,0.9999627544756996,0.9995885270873311,0.9673986179931096,0.1815194490043393,0.1815194490043393,0.1815194490043393,0.6169527896995708,0.6169527896995708,0.6169527896995708,0.1968884120171674,0.1968884120171674,0.1968884120171674,0.9834935725402204,0.9997756407815156,0.1815194490043393,0.1815194490043393,0.6169527896995708,0.6169527896995708,0.1968884120171674,0.1968884120171674,3.584955861869893,3.584955861869893,3.584955861869893,3.799205491171913,3.79470449575337,3.788711226200456,0.0322040526246434,0.0262107830717295,0.0217097876531866,3.584955861869893,3.584955861869893,3.7917078609769135,3.7969549934626414,0.023960285362458,0.0292074178481864,0.1815685680303503,0.1815685680303503,0.1815685680303503,0.0107173673729059,0.0063511224692018,0.0046197683727554,0.0107109613314554,0.0063623998894268,0.0046442371420036,1.0106815243930374,1.0104604222658489,0.9853588215768584,0.1815685680303503,0.1815685680303503,0.0054854454209786,0.0085342449210539,0.0055033185157152,0.0085366806104411,0.9979096219213536,1.0105709733294432,16,1.9157750057199796,True
extreme_noise_t_sc5_out10_classifica_c3_rs310,extreme_noise,classification,6.337931034482758,3,20,660,2640,0.15,0.5,t,0.1,0.0,True,2640,0.7766411575517393,0.5447118122133389,0.0820332039366065,0.0446844551779753,6.337931034482758,3.700438477872607,0.0,0.4351934003017889,0.1942029101217154,0.0918432065627681,1.1726477716800672,0.392911899168018,0.2286018051195654,0.4032631456060651,0.2352317126357822,1.0237750106148005,2.086570905355829,36.35426475914869,0.9731497635697592,0.015784492104374,0.0632982020400709,0.0095019751756035,0.9925208831092428,0.0032799228637596,0.9252290556204272,0.0497281253523877,4.840830122810764,0.0069689578473978,0.0889833076854837,0.9988652146464646,0.0322561267419104,0.0069689578473978,,,,,,20.0,3.0,2640.0,0.4821573448791705,0.0838647151912174,0.0719912661270214,1.132729551414219,,0.9172573460779778,0.8123123123123123,0.4128634787950649,0.8123123123123123,290,0.1098484848484848,0.3344827586206896,8.823992302183257,3.897764008620689,0.7766411575508568,2,0.6515625541639571,0.6895818303273212,0.5473947895791583,0.6909124916499666,0.6915858383433533,0.1421870407481629,0.9980042681277298,0.976069768990646,0.9589897303973016,0.071962226737851,0.0526170682907032,0.0353880455074911,0.9949409780775716,0.9931719428926132,0.9884488448844884,0.9385474860335196,0.9302979201798764,0.8316831683168316,0.9703541890894644,0.9888294520383052,0.0440025568990972,0.0622896475142771,0.9908103938885509,0.9940564604850924,0.880990544248354,0.934422703106698,3.584955995579937,3.584955995579937,3.584955995579937,4.740874126205572,4.728731485831313,4.714549424735396,0.0419640813286639,0.0277820202327476,0.0156393798584879,3.584955995579937,3.584955995579937,4.724149051754406,4.731532024802524,0.0249814812615354,0.0323644543096544,0.2406723108044707,0.1833106137390234,0.1259489166735761,0.8463634920288394,0.3659264801080354,0.0039459535703336,0.8482579094934779,0.3571050002860153,0.0038151937952912,9.383341778366804,0.439872979761395,0.102450052135486,0.1546297652062998,0.2119914622717471,0.2023182812345003,0.5931105038453801,0.2027570905157736,0.5917573642508414,0.2408609857811947,0.8239971850074187,17,0.0,True
rand_0334_circles_c5_f200,rand_circles,circles,1.5003750937734437,2,2,834,3333,0.02,0.05,,0.0,0.0,False,1999,0.2001200120012001,0.0,0.0004649093383417,0.0,1.5003750937734437,3.5849561804964467,0.0,0.0773676494574434,0.0157898622807837,,0.9707747471175588,0.0009442459507187,,0.0009454943608777,,1.0013594039978495,0.0122926059283639,2.9254041498977745,0.999875249924523,0.0001132683454968,0.2571880445264596,,0.616808404202101,,0.3996998499249625,,4.223887976221638,0.0029471514834434,0.0002493819266859,0.9058063298782958,0.3318429513923679,0.0029471514834434,0.001000500250125,0.0223873321859616,0.0136276690554306,0.0,0.0,2.0,2.0,1999.0,0.0,0.0002493197508461,0.0002493819266859,,0.0115057528764382,0.999750680249154,0.0,0.0255160013703285,0.0,1333,0.3999399939993999,1.0,0.5035631367943577,1.5003750937734437,0.20012001200108,1,0.0,0.6077327989311957,1.0,0.9973333333333332,0.6004008016032064,-0.3922672010688043,0.9999553427397176,0.999875249924523,0.9997951571093284,0.2571880445264596,0.2571880445264596,0.2571880445264596,0.616808404202101,0.616808404202101,0.616808404202101,0.3996998499249625,0.3996998499249625,0.3996998499249625,0.9998352035169258,0.9999152963321204,0.2571880445264596,0.2571880445264596,0.616808404202101,0.616808404202101,0.3996998499249625,0.3996998499249625,3.5849561804964467,3.5849561804964467,3.5849561804964467,4.2259719270207645,4.223887976221638,4.221804025422511,0.3339269021914948,0.3318429513923679,0.3297590005932411,3.5849561804964467,3.5849561804964467,4.2228460008220745,4.224929951621201,0.3308009759928045,0.3328849267919314,0.0157898622807837,0.0157898622807837,0.0157898622807837,0.0009442459507187,0.0009442459507187,0.0009442459507187,0.0009454943608777,0.0009454943608777,0.0009454943608777,1.0100515890082498,1.0013594039978495,0.9926672189874496,0.0157898622807837,0.0157898622807837,0.0009442459507187,0.0009442459507187,0.0009454943608777,0.0009454943608777,0.9970133114926496,1.0057054965030496,18,1.8204783942112353,True
extreme_lowd_f3_ir18_moons_c2,extreme_low_dim_high_ir,moons,10.0,2,2,330,1320,0.1,0.1,,0.0,0.0,False,1320,0.8181818181818182,0.0,3.483593835386176,0.0,10.0,3.321928094887362,0.0,0.801980198019802,0.6475029314682488,,0.4394969869215133,0.2130767718220193,,0.2145300446535707,,1.0068246351183427,0.3034192812662028,2.5325494977556007,0.7511099932114707,0.1381437371396252,0.1318956708493718,,0.3606060606060606,,0.1757575757575757,,3.5878857344788413,0.0667525864470743,0.7219411090280569,0.7171883608815427,0.1735393473300344,0.0667525864470743,0.0015151515151515,0.0367195735826294,0.0375615667125008,0.0,0.0,2.0,2.0,1320.0,0.0,0.4192600462599756,0.7219411090280569,,0.0098484848484848,0.5807399537400244,0.0015151515151515,2.2401497641300865,0.0015151515151515,120,0.0909090909090909,0.9933333333333332,0.6290541183019058,10.0,0.8181818181805786,1,0.0,0.9598484848484848,1.0,0.959090909090909,0.9606060606060606,-0.0401515151515151,0.8487923665213516,0.7511099932114707,0.6534276199015898,0.1318956708493718,0.1318956708493718,0.1318956708493718,0.3606060606060606,0.3606060606060606,0.3606060606060606,0.1757575757575757,0.1757575757575757,0.1757575757575757,0.7022688065565302,0.7999511798664112,0.1318956708493718,0.1318956708493718,0.3606060606060606,0.3606060606060606,0.1757575757575757,0.1757575757575757,3.321928094887362,3.321928094887362,3.321928094887362,3.635086941017309,3.5878857344788413,3.540684527940374,0.2207405538685019,0.1735393473300344,0.1263381407915669,3.321928094887362,3.321928094887362,3.5642851312096075,3.611486337748075,0.1499387440608006,0.1971399505992681,0.6475029314682488,0.6475029314682488,0.6475029314682488,0.2130767718220193,0.2130767718220193,0.2130767718220193,0.2145300446535707,0.2145300446535707,0.2145300446535707,1.2213744664444233,1.0068246351183427,0.7922748037922624,0.6475029314682488,0.6475029314682488,0.2130767718220193,0.2130767718220193,0.2145300446535707,0.2145300446535707,0.8995497194553026,1.1140995507813831,19,1.9021211848696633,True
rand_0018_gaussian_quantiles_moons_swiss_roll_c4_f500,rand_triple,gaussian_quantiles|moons|swiss_roll,11.225,4,171,1647,6585,0.004,0.05,gaussian,0.0,0.7,False,1998,1.01483442900424,0.5873844862439163,1.450079911214605,0.8517544436614145,11.225,3.584955995579937,4.453934394125655e-16,0.4698172907929802,0.4383065348732153,0.0887277932304975,1.3493883124808896,0.0179381705212616,0.0140960450912859,0.0179233305479701,0.0140924175732978,0.9994317646435676,0.2993530525165342,89.22177208105619,0.9959277073682432,0.0168241058776827,3.833106879682096e-13,5.270804452921787e-13,0.638820283741462,0.2135738524123189,0.0536575950588689,0.1314337287191128,4.91922032788192,0.0193501346338722,0.7581408582479529,0.9966480494508524,0.0151239801789074,0.0193501346338722,,,,,,171.0,4.0,1998.0,0.7208294164543106,0.5920830981208032,0.3431730111288096,,,0.5128097867310891,0.5690690690690691,0.1449930117491867,0.5690690690690691,400,0.0607441154138192,0.201,12.147277672858513,5.11651936026936,1.0148344290036235,3,1.0425970261526456,0.682243152972612,0.6415190380761523,0.676243152972612,0.6281603206412826,0.0407241148964596,0.999982132477481,0.998739219000329,0.8622025117923064,1.3025514604676588e-12,1.3234801616984205e-13,8.218693288124301e-18,0.9797336421540244,0.6243988525561968,0.3431734317343173,0.3219455703532136,0.0,0.0,0.9977785576955888,0.9994028840657574,2.351330547384117e-14,5.921170148425495e-13,0.5433689477189906,0.7147431711451357,0.0,0.0,3.584955995579937,3.584955995579937,3.584955995579937,4.9284499105693484,4.9220867083005615,4.7437380340686985,0.1906062739921283,0.0122575997602654,0.0058943974914784,3.584955995579937,3.584955995579937,4.920067359196401,4.923788797982532,0.0105555100782956,0.0142769488644258,0.505464412553115,0.4717349530226489,0.3377202390438817,0.4603314789657564,0.015205044079077,4.357468927035102e-06,0.4649054122296511,0.0151760699450551,4.4030870315196245e-06,1.7446048217524674,0.963276675619246,0.4372409117466831,0.4047275960332653,0.4885996827878819,0.0069446466764738,0.0260668529417234,0.0069299434636125,0.0259996268464562,0.7513011505218857,1.2254132414617145,20,2.0435968375827476,True
rand_0267_moons_s_curve_circles_c4_f2,rand_triple,moons|s_curve|circles,1.6333113890717577,2,2,1000,4000,0.097,0.2,pareto,0.0,0.5,False,1999,0.2405,0.0,0.0518041030486393,0.0,1.6333113890717577,3.5849561804964467,0.0,0.1094588066978886,0.2237231638160066,,0.9578226748134652,0.0105880970846592,,0.0078907128610106,,0.7497256441895996,0.1162979143023267,13.03193525191536,0.9747781263574428,0.0238384590150235,0.3138558020744328,,0.9919959979989996,,0.990495247623812,,4.469280740386981,0.0220442411226727,0.0526892597010898,0.9947127140358574,0.0734981149229305,0.0220442411226727,0.5572786393196598,0.4237812317217636,0.2183795202539419,0.3806903451725863,0.4856780897556525,2.0,2.0,1999.0,0.0,0.0500520540278437,0.0526892597010898,,0.5582791395697849,0.9499479459721564,0.7483741870935467,0.511460909538322,0.7483741870935467,1519,0.37975,0.597103357472021,0.0979462012587051,1.6333113890717577,0.2404999999998797,1,0.0,0.6244141616566466,0.601748830995324,0.6317675350701403,0.6264208416833666,0.0226653306613227,0.9916344623800036,0.9747781263574428,0.957921790334882,0.3138558020744328,0.3138558020744328,0.3138558020744328,0.9919959979989996,0.9919959979989996,0.9919959979989996,0.990495247623812,0.990495247623812,0.990495247623812,0.9663499583461624,0.9832062943687232,0.3138558020744328,0.3138558020744328,0.9919959979989996,0.9919959979989996,0.990495247623812,0.990495247623812,3.5849561804964467,3.5849561804964467,3.5849561804964467,4.484868372770935,4.469280740386981,4.453693108003028,0.0890857473068837,0.0734981149229305,0.0579104825389773,3.5849561804964467,3.5849561804964467,4.461486924195005,4.477074556578958,0.0657042987309539,0.0812919311149071,0.2237231638160065,0.2237231638160065,0.2237231638160065,0.0105880970846593,0.0105880970846593,0.0105880970846593,0.0078907128610106,0.0078907128610106,0.0078907128610106,0.831960688030627,0.7497256441895996,0.6674906003485724,0.2237231638160065,0.2237231638160065,0.0105880970846593,0.0105880970846593,0.0078907128610106,0.0078907128610106,0.7086081222690861,0.7908431661101133,21,4.646720308574684,True
s_curve_x_classification_f50,s_curve_hybrid,s_curve+classification,6.666666666666667,3,50,320,1280,0.0,0.1,,0.0,0.0,False,1280,0.6599597525607148,0.8950946545459658,22.09755641025508,19.779404621347265,6.666666666666667,3.321928094887362,4.485978453382215e-16,0.3060115606936416,0.5556258138801098,0.5575059958167123,1.25866329959714,0.0414472516581062,0.057606930397399,0.0416505634522298,0.0580739296881303,1.003377093594777,0.5055407501212836,39.056514880564976,0.9808495163162732,0.1258624673674322,2.0221715527468823e-05,3.346952920191271e-05,0.0435105363984674,0.0399205790526346,0.0,0.0,4.548364676267423,0.15550108367108,9.25169723195854,0.99641845703125,0.0322267182170794,0.1555010836710801,0.4171875,0.4879042974854571,0.0200271321146606,0.28203125,0.450164350797233,50.0,3.0,1280.0,0.4890271196991076,0.9282530254714528,9.22494727340421,,1.0,0.095252027532738,0.8125,0.2616629133740247,0.8125,120,0.09375,0.415,5.371339529048475,3.9629629629629632,0.6599597525591681,2,0.3418641683115286,0.8953099287894947,0.5820203552828812,0.9664068197894105,0.9820306172187956,0.3132895735066134,0.9999614735909782,0.998957499557793,0.1087233429479774,5.885486371189494e-05,1.8102828705115217e-06,0.0,0.0784482758620689,0.0520833333333333,0.0,0.0,0.0,0.0,0.998228220055337,0.9996035299962588,9.051414352557608e-07,3.0332573291203237e-05,0.0260416666666666,0.0652658045977011,0.0,0.0,3.321928094887362,3.321928094887362,3.321928094887362,4.577523550556979,4.570636853584397,3.4710101863462146,1.1095812081382874,0.0099545409001047,0.0030678439275231,3.321928094887362,3.321928094887362,4.568010212011961,4.572303942754642,0.0082874517298594,0.0125811824725408,0.949842084074266,0.5556258138801098,0.1614095436859534,0.4845608593845941,0.0245723325716369,0.0001052724691003,0.4890668883094629,0.0245587113754402,0.0001041009346726,2.950591398623098,0.9513634077861426,-3.3996457710993797e-15,0.3585176787830316,0.7527339489771879,0.0110737638051609,0.0450011014347774,0.0111268801653898,0.0452068806198594,0.7365193970416155,1.16394186878851,22,4.4457995279047955,True
extreme_ir88_c5_gauss_rs247,extreme_imbalance,gaussian_quantiles,20.0,5,10,320,1280,0.05,0.05,,0.0,0.0,False,1280,1.0941963375007249,0.7006036085175752,0.0523885804047004,0.0367036284766462,20.0,3.321928094887362,4.681111291435604e-16,0.4047077344359114,0.1073368139456666,0.0446640009897262,1.6030242373675736,0.023776817407029,0.0154239950044392,0.0236895187622628,0.0153053626218455,0.9989639155745516,0.0921527731320199,29.18836120418664,0.9946910217939616,0.0043123865235078,0.1490249956440202,0.0776440743529359,0.9703163982756374,0.0180989771833707,0.7136415004078047,0.2747093379796647,4.870032351439512,0.0115062692794567,0.0530418084062295,0.9936480712890624,0.0549199808154232,0.0115062692794567,0.5796875,0.4787598223741144,0.079903616345594,0.38359375,0.4864508768924134,10.0,5.0,1280.0,0.9352262737727162,0.0520693854652574,0.0259443068893543,,0.91171875,0.9488048848036752,0.5484375,0.157501777675782,0.5484375,40,0.03125,0.22,2.498335309919392,5.75,1.0941963374964507,4,1.3007043518904533,0.6226502915489293,0.6351441985244802,0.6820320832096404,0.624999541877861,-0.0124939069755509,0.9999658623189168,0.9960653852923642,0.9856037759425158,0.299780945628073,0.1486010095144954,0.0404525273100455,0.991346153846154,0.9703125,0.9416666666666668,0.95,0.78125,0.019047619047619,0.9919863024172302,0.9973634788510904,0.0975323127612897,0.1820978285676722,0.9611607142857144,0.9867694805194804,0.6392857142857142,0.8970328282828284,3.321928094887362,3.321928094887362,3.321928094887362,4.891783560973314,4.868898813203863,4.857796054055706,0.0671562781992296,0.0560535190510731,0.0331687712816215,3.321928094887362,3.321928094887362,4.859985544421581,4.875581757597724,0.0493705746572121,0.0649667878333548,0.1590227075288861,0.1086447629004626,0.0530350224528552,0.0655784677965676,0.0226595499682236,0.0010095598322177,0.0645260257005303,0.0233606312710921,0.0010197597666097,1.1341935573580528,1.0041222550980509,0.8419879911620054,0.0846649210703976,0.1313166557757316,0.0094324906980355,0.0317382690912466,0.0094220594616205,0.0320492891448421,0.9414571442264676,1.0713792034819016,23,2.186005123207128,True
rand_0083_circles_gaussian_quantiles_moons_s_curve_swiss_roll_c2_f5,rand_multi,circles|gaussian_quantiles|moons|s_curve|swiss_roll,4.592592592592593,2,5,378,1510,0.041,0.1,,0.05,0.5,False,1510,0.6423841059602649,0.0,0.0431175924279589,0.0,4.592592592592593,3.459424034191978,0.0,0.5842285004656939,0.1640871326193092,,0.6774623217993427,0.0443020166695495,0.0229930487571289,0.0437522321992518,0.0221567668106845,0.9940761551602972,0.1127866589410082,23.81903146897178,0.9945320731082444,0.0063308660947021,0.6285994122336171,,0.9947019867549668,,0.9794701986754968,,4.108444296007401,0.0163873482631245,0.0276695790830252,0.9923573527476864,0.0284420599839187,0.0163873482631245,0.3423841059602649,0.3988093255219063,0.143920312005317,0.2344370860927152,0.4237868285187299,5.0,2.0,1510.0,0.0,0.0269245870912267,0.0276695790830252,1.0283249283090798,0.4562913907284768,0.9730754129087732,0.4834437086092715,0.1702037805829592,0.4834437086092715,270,0.1788079470198675,0.4451851851851852,0.7808431072642057,4.592592592592593,0.6423841059594141,1,0.0,0.8212144288577155,0.7772010688042753,0.811869071476286,0.8192130928523714,0.0440133600534401,0.9999776627643228,0.9958318625373962,0.98485915989404,0.6285994122336171,0.6285994122336171,0.6285994122336171,0.9947019867549668,0.9947019867549668,0.9947019867549668,0.9794701986754968,0.9794701986754968,0.9794701986754968,0.992050901346464,0.9999407789989994,0.6285994122336171,0.6285994122336171,0.9947019867549668,0.9947019867549668,0.9794701986754968,0.9794701986754968,3.459424034191978,3.459424034191978,3.459424034191978,4.130894578988377,4.101636960720175,4.090116024775649,0.0467703312156713,0.0352493952711459,0.0059917770029436,3.459424034191978,3.459424034191978,4.100187616518991,4.119386299033818,0.0175000569575027,0.0366987394723299,0.1640871326193092,0.1640871326193092,0.1640871326193092,0.0843886251131128,0.0373179252410556,0.0197603819543224,0.0825440708876703,0.0370884564066381,0.0201664275416271,1.1240411034804842,1.0213975178304402,0.821068579645864,0.1640871326193092,0.1640871326193092,0.0270394666025008,0.0607632265920705,0.027344860012968,0.0600970994039952,0.9619944738577956,1.0418791009869022,24,3.60665177137799,True
rand_0305_swiss_roll_gaussian_quantiles_c2_f10,rand_pair,swiss_roll|gaussian_quantiles,5.125,2,6,184,735,0.04,0.1,,0.0,0.0,False,735,0.673469387755102,0.0,0.0319309048093008,0.0,5.125,3.16990093363793,0.0,0.6240687679083095,0.1790077830942641,,0.6420642892306891,0.0412833363451069,0.0224515705300295,0.0415264394929501,0.0224711827615122,1.0060721311713523,0.1170558027568929,13.529838027046011,0.9948060340258146,0.0041085246477993,0.4542053985749113,,0.9891156462585036,,0.9578231292517008,,3.7645097922901294,0.031888891358415,0.033104582581708,0.9659549261881624,0.0474554305784894,0.031888891358415,0.2394557823129251,0.3664704997776015,0.1138814476818199,0.1428571428571428,0.3501653949417531,6.0,2.0,735.0,0.0,0.0320437864083231,0.033104582581708,,0.4068027210884353,0.9679562135916768,0.3074829931972789,0.1801042572723653,0.3074829931972789,120,0.1632653061224489,0.4516666666666667,0.9084402139624302,5.125,0.6734693877532695,1,0.0,0.8272108843537415,0.8517006802721089,0.8517006802721089,0.8367346938775512,-0.0244897959183674,0.9999993011079168,0.995173276867585,0.9889147173404982,0.4542053985749113,0.4542053985749113,0.4542053985749113,0.9891156462585036,0.9891156462585036,0.9891156462585036,0.9578231292517008,0.9578231292517008,0.9578231292517008,0.9922640693062872,0.9975042931059824,0.4542053985749113,0.4542053985749113,0.9891156462585036,0.9891156462585036,0.9578231292517008,0.9578231292517008,3.16990093363793,3.16990093363793,3.16990093363793,3.8071031032910994,3.771618690471996,3.716271218528335,0.095694004340284,0.040346532396623,0.0048621195775195,3.16990093363793,3.16990093363793,3.747615815353028,3.778528818115984,0.0334364047526352,0.0643494075155917,0.1790077830942641,0.1790077830942641,0.1790077830942641,0.0843328683421267,0.037718102695638,0.0063991318232482,0.0825669359879653,0.0384125611850277,0.0064236418132764,1.1617820904470415,1.0184524298753153,0.8488220559030868,0.1790077830942641,0.1790077830942641,0.0262872476343131,0.0561328629989984,0.0266475751963332,0.0566510190113805,0.9235935194191252,1.0773255312140484,25,2.2594667308262535,True
rand_0226_gaussian_quantiles_swiss_roll_circles_moons_c7_f20,rand_multi,gaussian_quantiles|swiss_roll|circles|moons,15.36036036036036,7,13,814,3252,0.054,0.1,pareto,0.25,0.3,False,1998,1.2272743204331016,0.9897156520136848,0.3497917455768823,0.346194365542629,15.36036036036036,3.584955995579937,4.6222270443732795e-16,0.3098337799825035,0.1975266436202392,0.2089062083427081,1.9326500934372173,0.5527744438614378,0.1230109966514984,0.5353523400160802,0.1210550224486877,0.9680965036470586,1.978550121845772,8.297381731843297,0.7797666947812192,0.058100039195855,0.6175645396397867,0.0549883955450325,0.9321496910218924,0.0421756574335965,0.7122589996067612,0.1525902422042959,5.284683203714651,0.0491209076930894,0.6769160332264018,0.9987948408869328,0.2329228853025026,0.0491209076930894,0.6466466466466466,0.5029128719470127,0.0595256133351367,0.4994994994994995,0.5001249215500894,13.0,7.0,1998.0,0.9159561901253448,0.452309669059897,0.5959687942377343,1.1660355311376305,0.9774774774774776,0.5784585897896757,0.8503503503503503,0.6382525408184294,0.8503503503503503,111,0.0341328413284132,0.2576576576576577,35.34801128582439,5.394375403250701,1.22727432043046,5,1.3872143580367322,0.5227295286691187,0.4866171432557216,0.5127068058473038,0.5120334376919836,0.0361123854133971,0.9089969188924536,0.7653524622631859,0.7245763680070771,0.7112491388860556,0.6057306030468916,0.5164946362465579,0.9956112852664576,0.9372990353697748,0.8421052631578947,0.9699059561128528,0.7405660377358491,0.4678362573099415,0.7326966094733351,0.7988338842407912,0.5702440268018005,0.6694956404405278,0.9133333333333332,0.959349593495935,0.5933333333333334,0.8263665594855305,3.584955995579937,3.584955995579937,3.584955995579937,5.379946640238197,5.297240375206648,5.213728662891606,0.3038774261255481,0.2203657138105059,0.1376594487789573,3.584955995579937,3.584955995579937,5.239033651845491,5.308787092795235,0.2088189962219191,0.2785724371716629,0.611082099878075,0.1329228153625852,0.0537980629082836,0.7027750995122236,0.6109039770444946,0.2120047554459893,0.6863104195660846,0.5971083664940302,0.2014209711410093,7.532324659004928,0.3809450825583543,0.2567962354818442,0.0777725663569631,0.1795143924817594,0.4774350160484708,0.6485334666686735,0.4575339788170031,0.6311484601311264,0.3200101720537429,0.5349744217230659,26,4.261738737475747,True
rand_0127_s_curve_moons_c7_f5,rand_pair,s_curve|moons,576.75,7,5,714,2854,0.071,0.2,gamma,0.02,0.3,False,2854,1.9483235612241103,0.8453126601484153,1.106375240758289,0.9352329978877328,576.75,3.8073527941346974,0.0,0.7376978811529491,0.2630451522092459,0.2011942867529571,0.8062412376679687,0.0783799706621594,0.0502781239591851,0.0780796463276385,0.0491439048072521,1.0007641479916969,0.2052035898992989,6.982916833144618,0.890688523799936,0.074138830102919,0.168892179722676,0.1071679718284145,0.627203641632916,0.2339812983314464,0.0846322081588458,0.254692259965699,4.4981349397165165,0.1011377261244231,0.6726813709394166,0.9824567886623428,0.1154590920861496,0.1011377261244231,,,,,,5.0,7.0,2854.0,1.5297366492584974,0.5078803245920512,0.447671314727405,,,0.5592739745375446,0.1287575150300601,0.8953624943387696,0.1287575150300601,4,0.0014015416958654,0.2,4.205552016263271,101.28989222043212,1.948323561219332,5,1.861767241572664,0.8442513368983957,0.9425133689839572,0.856283422459893,0.8843582887700534,-0.0982620320855615,0.9647813362208556,0.9458513393005512,0.7529515707107356,0.2868390890094627,0.0933930885914469,0.0,0.992,0.5384615384615384,0.0,0.4398782343987823,0.0,0.0,0.8386156781651806,0.9487455077173372,0.0052311901239885,0.1436349089075397,0.3333333333333333,0.6834094368340944,0.0,0.0,3.584956710647189,3.584956710647189,3.584956710647189,4.351816082722079,4.332635168535336,4.126491977668109,0.2544501384899966,0.0483069476227697,0.0291260334360261,3.584956710647189,3.584956710647189,4.195028223338596,4.340616124632941,0.0403259915251643,0.1859138928195092,0.5756279533078434,0.1991005508852051,0.0991571050813468,0.1663002552123892,0.0838927846583602,0.0284919560186212,0.156482537946524,0.0814985517980468,0.0280028976267271,1.1849076973517794,0.991437831220614,0.676343659910036,0.1340633728355659,0.3715499966337872,0.0697227135086565,0.1213415240062959,0.0696860668517011,0.1131855809279411,0.827649743481711,1.156529121681462,27,6.915248222570616,True
s_curve_x_swiss_roll_c4_power_law,s_curve_swiss_roll,s_curve|swiss_roll,8.75,4,6,503,2010,0.0,0.1,,0.0,0.0,False,2010,0.7206034450491529,0.6447809532761692,1.4156520125606815,0.912785454166204,8.75,3.5849560730215195,0.0,0.224069608449867,0.4742422320310682,0.1081240603158683,1.6188732577589502,0.0249433428651435,0.0251721435383361,0.025011455763755,0.0253171276604694,1.0018320130825098,0.0860363496683684,8.838615872491173,0.8852166124877208,0.1098213056692859,0.3348157974924405,0.2836355064513933,0.5450827241234217,0.1953372774337964,0.2381385281385281,0.371333558317542,5.020670193522628,0.1624166618085037,0.9607445040636644,0.9925009281948468,0.1831591372578418,0.1624166618085037,,,,,,6.0,4.0,2010.0,0.5944516641957432,0.6980987087638076,0.5266218786232486,,,0.4431827104498352,0.3188188188188188,0.7752194286700304,0.3188188188188188,120,0.0597014925373134,0.8450000000000001,0.8315481618888735,4.0625,0.7206034450477189,2,0.4791291365982655,0.5353907815631263,0.8831663326653306,0.7169445557782231,0.6722177688710754,-0.3477755511022043,0.9980934483738454,0.8783071195766992,0.7007793030325811,0.7921940041402344,0.2934783389771417,0.0764850036926795,0.7958561852528946,0.5514580247075429,0.2751504729148753,0.7824497257769653,0.0,0.0,0.86366944841222,0.9678470557252382,0.1017105039969237,0.4542677580889627,0.4236729664717314,0.678429695231386,0.0,0.4868263473053892,3.584955995579937,3.584955995579937,3.584955995579937,5.189654948536599,5.025547032180963,4.772446342190171,0.4305685825860967,0.1774678925953039,0.013359976239669,3.584955995579937,3.584955995579937,4.935996495791342,5.1571491312178885,0.0458657935583792,0.267018428984926,0.5866640515894406,0.4637864476685533,0.3702839769444195,0.0918239181393841,0.0138191841818542,0.0017539687761462,0.0926111640997466,0.0138656720403887,0.0017538606051464,1.1143798108884022,0.9940054151429544,0.9032843567446672,0.4170352123064864,0.525225249628997,0.0076437779924688,0.0349707350127809,0.0076216725384017,0.0351082540318447,0.9322959654648308,1.0665112831397376,28,2.5938265003594836,True
rand_0141_s_curve_c4_f5,rand_s_curve,s_curve,1.0,4,3,600,2400,0.06,0.1,,0.0,0.0,False,2400,0.0,1.183402948871552,19.29096684998195,22.828987056852,1.0,3.700434706688967,0.0,0.0,0.580546320001677,0.5025714901029129,2.0,0.04618943400121,0.0549668867923181,0.04619508327259,0.0550203476908201,0.9989561038701924,0.111647219764435,2.856989979818628,0.5001198300670299,0.4564083992023116,0.0605079364675739,0.0885542209977107,0.18125,0.255699340589251,0.0695833333333333,0.0918222165080131,5.00039724974032,0.7149188421799622,14.234891810123845,0.9540458333333334,0.7000374569486475,0.7149188421799622,,,,,,3.0,4.0,2400.0,0.0,1.5162582943309937,12.804209881139052,,,0.0298007602977634,0.11,1.5307893748860129,0.11,600,0.25,0.9716666666666668,0.010625846550955,1.0,0.0,0,,0.5,0.9506666666666668,0.9673333333333334,0.9653333333333332,-0.4506666666666666,0.997530101563189,0.400651720955651,0.10221691921676,0.1733971848806575,0.0050461672062333,0.0,0.528,0.027,0.0,0.136,0.0225,0.0,0.2514343200862055,0.69909091125942,0.0,0.0901766706509199,0.0,0.3165,0.0,0.04725,3.584956726082241,3.584956726082241,3.584956726082241,5.572974995407935,4.9264772219307,4.145383307037786,1.4395734190444551,0.6584795041515417,0.0119817306743064,3.584956726082241,3.584956726082241,4.535930264484243,5.249726108669318,0.335230617412924,1.0490264615979985,0.9628347811041434,0.767527294105397,0.0047936099879004,0.11866284263164,0.0289102215342313,0.0144353547496333,0.1188623804777093,0.0287979242627481,0.0143727105039956,1.1213714022826102,0.9973957491259308,0.8747240828408869,0.3861604520466487,0.8651810376047702,0.0216727881419323,0.0737865320829356,0.0215853173833718,0.0738301523702287,0.9360599159834088,1.0593835757042704,29,3.877824038294016,True
rand_0338_gaussian_quantiles_circles_c3_f2,rand_pair,gaussian_quantiles|circles,25.627906976744185,3,2,317,1267,0.093,0.2,gaussian,0.1,0.5,False,1267,1.1405158355359457,0.432484906934358,0.0039557314762182,0.0017107941593495,25.627906976744185,3.321918648427768,0.0,0.7800737690548509,0.0286863164657262,0.0173747175753013,0.6658507569858939,0.1073585635434256,,0.10998706235911,,1.0244901108318238,0.1556340417189234,6.838415784549212,0.9990438153430976,0.0009637047336169,0.9410966330233528,0.0265840298141191,0.987100519710332,0.0150883610976095,0.9793307680798048,0.0240900857833013,3.890400251802042,0.0032007571437406,0.0019505854991245,0.9623251638801488,0.0973691536116192,0.0032007571437406,0.2675611681136543,0.2830709422534392,0.2319388600549264,0.191791633780584,0.3938655123989422,2.0,3.0,1267.0,0.7697813962358159,0.001947690315565,0.0016815355546528,,0.2612470402525651,0.9980527612205184,0.3614838200473559,0.0871011103858852,0.3614838200473559,43,0.0339384372533543,0.4418604651162791,1.6520232320550308,12.49930105477189,1.140515835533245,2,0.6928679542013466,0.8618813933425207,0.8216157066615875,0.8689829286784011,0.8681930392629192,0.0402656866809332,0.9997252574952996,0.9990438153430976,0.9983623731908954,0.9690503171860908,0.938104065950167,0.9161355159338006,0.9965065502183406,0.9950980392156864,0.9696969696969696,0.9934640522875816,0.9930131004366812,0.9515151515151516,0.9987030942669964,0.9993845364191986,0.9271197909419838,0.9535771915681288,0.982397504456328,0.9958022947170134,0.9722641259759164,0.9932385763621314,3.321918648427768,3.321918648427768,3.321918648427768,3.892663528883313,3.890400251802042,3.888136974720772,0.0996324306928895,0.0973691536116192,0.0951058765303489,3.321918648427768,3.321918648427768,3.889268613261407,3.891531890342677,0.0962375150709841,0.0985007921522543,0.0409720970844229,0.0286863164657262,0.0164005358470295,0.1073585635434256,0.1073585635434256,0.1073585635434256,0.10998706235911,0.10998706235911,0.10998706235911,1.1345399971147447,1.0244901108318238,0.9144402245489032,0.0225434261563779,0.0348292067750746,0.1073585635434256,0.1073585635434256,0.10998706235911,0.10998706235911,0.9694651676903636,1.0795150539732845,30,5.912121510722369,True
rand_0353_gaussian_quantiles_circles_moons_c7_f5,rand_triple,gaussian_quantiles|circles|moons,22.4488188976378,7,5,2281,9122,0.179,1.5,gaussian,0.25,0.3,False,1996,1.4610977447688551,0.8675147598372901,0.0243353227530751,0.0211112516736969,22.4488188976378,3.5849567106471896,4.965068306494546e-16,0.4502781754240782,0.1340374772618763,0.1233194053795464,1.6465734294974326,0.0265214231626514,0.0221168640789214,0.0267419146529341,0.0223757236940992,1.0076273950911312,0.078648563145265,5.704074671624992,0.9683295016562254,0.0172254283328107,0.849188530262344,0.0307638817178874,0.973466621796778,0.0219303079822859,0.9114549698856728,0.0694138683641377,4.942863963018937,0.0127737301944152,0.1661284759399948,0.998560497749005,0.2886661771256849,0.0127737301944152,0.6217434869739479,0.4965531239346754,0.1066317766166797,0.4649298597194389,0.4988935578310204,5.0,7.0,1996.0,1.0794625559112565,0.1506609295262997,0.1298546849833809,1.1100330011085937,0.8051102204408818,0.8537733210494585,0.8036072144288577,0.250462817962244,0.8036072144288577,254,0.0278447708835781,0.3204724409448819,5.261051534282477,7.657478156264643,1.461097744767734,5,1.6559927148224067,0.6193994414531875,0.5344410373625431,0.626751494957787,0.6254195137262476,0.0849584040906443,0.99096725382507,0.9688344775578642,0.950534546303731,0.9058033124794403,0.8428420176141129,0.8015880962231651,0.9954198473282444,0.9825581395348836,0.9285714285714286,0.9859566998244588,0.9496124031007752,0.782608695652174,0.9525563991268444,0.9787548314676175,0.8278303894935172,0.8756020237584315,0.956140350877193,0.992354740061162,0.847457627118644,0.97782874617737,3.584956710647189,3.584956710647189,3.584956710647189,4.951094249999499,4.947339978415536,4.920605308344445,0.3109248318001762,0.2841901617290858,0.2804358901451227,3.584956710647189,3.584956710647189,4.944188402678424,4.95109187565678,0.2804382644878416,0.2873417374661979,0.339013908531283,0.0934262857786271,0.0151572077475204,0.0749561676372164,0.0240618158805359,0.0023325967665493,0.0760677917981965,0.0240496598294454,0.0023120683632252,1.0991379423998766,1.0100953489023277,0.8987710539946712,0.079679039009632,0.142910945242319,0.0092298999090345,0.0348394686145939,0.0094369329403832,0.0352261013043225,0.9681529011319592,1.061979729026823,31,3.040466313408771,True
extreme_large_n20000_ir16_gaussian_quantiles_c3,extreme_large,gaussian_quantiles,6.665,3,10,2134,8532,0.05,0.1,,0.0,0.0,False,1998,0.6598556972396524,0.2890161849095282,0.0035132467181237,0.001015385163118,6.665,3.584955995579937,0.0,0.3062555672661662,0.0705939867061851,0.0132353270837854,1.2582710478667491,0.0188160479038835,0.0131712014100701,0.0187969411019149,0.0131818239089825,0.9980887663142466,0.0793554045746809,29.716775864721136,0.9989891424500944,0.0006270043655482,0.1319638292614718,0.1227463039893383,0.984362023136194,0.0030225381635724,0.9281904012660196,0.019370613567472,4.8008849315838535,0.0095950181361369,0.0101974356125761,0.9946397849300752,0.0423421118628326,0.0095950181361369,0.5540540540540541,0.4688728306694593,0.0729230554485437,0.3343343343343343,0.4718753350516187,10.0,3.0,1998.0,0.4889649197642871,0.0101421958011608,0.0064335726970277,,0.8978978978978979,0.9898817742708248,0.5425425425425425,0.0614921135288928,0.5425425425425425,800,0.093764650726676,0.28425,2.048077276855914,3.962222222222222,0.6598556972394204,2,0.3416477375464493,0.6268376753507013,0.6435337341349365,0.7997234468937876,0.6268363393453574,-0.0166960587842351,0.9996739376459576,0.9992487230931998,0.9977417214621996,0.267185661423394,0.1011353440833584,0.0275704822776629,0.9878520154610712,0.9826435246995996,0.9825905292479108,0.9497515184980674,0.9225634178905208,0.9122562674094707,0.9987589519259616,0.999323036224178,0.0643529131805106,0.1841605027533762,0.9826170269737552,0.9852477700803354,0.9174098426499956,0.936157468194294,3.584955995579937,3.584955995579937,3.584955995579937,4.814729344429448,4.80112284030103,4.781685391678827,0.0615416517678593,0.0421042031456559,0.0284976990172376,3.584955995579937,3.584955995579937,4.79524003140393,4.807899894214066,0.0353271492326199,0.0479870120427561,0.0799527762383517,0.0705939867061851,0.0612351971740185,0.0582632527738643,0.0181733337862121,0.0009356921070241,0.0589740067680746,0.0179928411988382,0.0009058132929979,1.1237824300439332,0.9938101304199956,0.8852692097011045,0.0659145919401018,0.0752733814722684,0.0079558972414669,0.0273827891737593,0.0076789945522607,0.027510812330695,0.9379765691457688,1.0583452879652828,32,2.643225039525077,True
rand_0308_gaussian_quantiles_c3_f2,rand_gaussian_quantiles,gaussian_quantiles,1.00238379022646,3,2,630,2520,0.163,1.0,pareto,0.05,0.7,False,2520,0.0009720197391996,0.7171833606326546,0.0004841623845416,0.0003472332060375,1.00238379022646,3.700437216159973,0.0,7.086165288994195e-07,0.0141100933843632,0.0193151255465312,1.584961819175719,0.6858658452650795,,0.6433810293516573,,0.9382778551511451,0.9103341918604206,12.132542753692578,0.9998401500899609,0.000206311837041,0.9445543052458116,0.0050722617542615,0.9345125719684252,0.0330402470606128,0.9331235646252012,0.0333846674960201,5.154761801958268,0.0025742725390522,0.0007718585363472,0.9987997606449988,0.1306372333774246,0.0025742725390522,,,,,,2.0,3.0,2520.0,0.0005613077253224,0.0007712635455091,0.0007716540178828,,,0.9992287366121866,0.8703703703703703,0.0794689610690639,0.8703703703703703,839,0.3329365079365079,0.601907032181168,0.9164100024911634,1.001588720510055,0.0009720197391985,1,0.0,0.3829298597194389,0.4469605878423513,0.3368911155644623,0.3209178356713427,-0.0640307281229124,0.999936618908388,0.9993502934726656,0.9987639680369432,0.9652948760293236,0.9408655044087724,0.9139519707783283,0.9534883720930232,0.9436936936936936,0.8978211870773855,0.9212303075768942,0.8978978978978979,0.821938392186326,0.9990571307548044,0.9996434561905267,0.9274087375935504,0.953080190219048,0.9207574403855396,0.9485910328933584,0.859918145042112,0.909564102737396,3.584955995579937,3.584955995579937,3.584955995579937,5.042530282167884,5.036795332398849,5.031060382629813,0.138857029482299,0.1331220797132637,0.1273871299442284,3.584955995579937,3.584955995579937,5.033927857514331,5.039662807283366,0.130254604828746,0.1359895545977814,0.0413856149541991,0.0212416344208699,0.0010976538875407,0.6799837622335073,0.6799837622335073,0.6799837622335073,0.6230455288714779,0.6230455288714779,0.6230455288714779,1.5405379009972555,0.9167620606838894,0.2929862203705234,0.0111696441542053,0.0313136246875345,0.6799837622335073,0.6799837622335073,0.6230455288714779,0.6230455288714779,0.6048741405272064,1.2286499808405724,33,0.0,True
extreme_ir18_c2_all5_rs213,extreme_imbalance,moons|circles|gaussian_quantiles|s_curve|swiss_roll,9.865,2,13,544,2173,0.05,0.05,,0.0,0.0,False,2173,0.8159226875287621,0.0,0.3290886157089988,0.0,9.865,3.584951229440345,1.857403004227684e-06,0.7993250996954023,0.3016494572305743,,0.4432382263683392,0.0152580893940723,0.0125369305472281,0.015320251375323,0.0126184763294575,1.0029424815284842,0.0721231966422509,32.16862915418169,0.9935017044821988,0.0148141679215076,0.3505742138260414,,0.971468016566958,,0.9033594109526,,4.014410869713394,0.011069075172375,0.1001008072449018,0.989565069699269,0.0137785860952897,0.0110692030100086,,,,,,13.0,2.0,2173.0,0.0,0.0909923950475001,0.1001008072449018,1.007502724929446,,0.9090076049525,0.2686343171585792,0.2491763225799184,0.2686343171585792,200,0.0920386562356189,0.309,1.791547825828157,9.865,0.8159226875280111,1,0.0,0.907938543754175,0.8805878423513693,0.9159452237808952,0.907937207748831,0.0273507014028057,0.999999129523792,0.9992151288311548,0.9498958576669788,0.33780763618901,0.33780763618901,0.33780763618901,0.9544772386193096,0.9544772386193096,0.9544772386193096,0.8694347173586794,0.8694347173586794,0.8694347173586794,0.9989849464253144,0.999848311303608,0.33780763618901,0.33780763618901,0.9544772386193096,0.9544772386193096,0.8694347173586794,0.8694347173586794,3.5849561804964467,3.5849561804964467,3.5849561804964467,4.024604112331956,4.019140161977909,3.98360635767026,0.044612376170444,0.009078571862795,0.0036146215087473,3.5849561804964467,3.5849561804964467,4.012126355573025,4.020767602993974,0.0074511308467295,0.0160923782676789,0.3012104382802665,0.3012104382802665,0.3012104382802665,0.0456719157980714,0.0127587381668282,0.0002637413092285,0.046321169257226,0.0126964683087704,0.0002621591772965,1.1303932525418523,0.993984824407522,0.8746392919668444,0.3012104382802665,0.3012104382802665,0.0056542757525493,0.0224128700940694,0.0056041054896702,0.022434789315672,0.9500557798738908,1.0512932397396828,34,1.8290153033255823,True
rand_0318_gaussian_quantiles_c5_f10,rand_gaussian_quantiles,gaussian_quantiles,10.0,5,10,80,320,0.088,0.2,t,0.0,0.7,False,320,0.8253787009609589,0.6840073240232073,0.0669477290390213,0.0457927369894117,10.0,2.5849062617590723,4.681111291435604e-16,0.2235557706063028,0.1466984299059985,0.0904487508029026,1.8713688243068327,0.0525295019111206,0.0428596786385242,0.052640071370876,0.0430570313975313,1.002412386055798,0.2171509521908576,27.00187659453436,0.9895331374674032,0.00582711160084,0.0830053651239699,0.0756077497311557,0.9219890462798072,0.0485710742560007,0.3214721989966554,0.3452647072913474,4.386969946559948,0.0176626089468482,0.1162601249205007,0.991005859375,0.0693051395059567,0.0176626089468482,0.746875,0.5179565324357698,0.0757329519076094,0.553125,0.4979483770501682,10.0,5.0,320.0,0.6660284797144378,0.1106246469129574,0.0648377755686087,,0.978125,0.892802385194345,0.83125,0.1916089602539689,0.83125,16,0.05,0.2,2.512790077617276,3.866666666666667,0.8253787009480623,3,0.9503560835911048,0.4718450596602597,0.4188267795215423,0.5375007347322636,0.4937400811144418,0.0530182801387174,0.9975964543019228,0.9899794330929744,0.98014458250798,0.2693738985822573,0.0622644993302747,0.0118154148848336,0.97,0.9352272727272728,0.825,0.8208333333333333,0.2395484949832776,0.0,0.9846412984628244,0.9944591183000726,0.0380603392170674,0.0895540026944182,0.9080528846153846,0.959748641304348,0.0,0.64453125,2.584906261759072,2.584906261759072,2.584906261759072,4.409538703683191,4.385481216040823,4.356829435116872,0.0994456509490335,0.0707938700250827,0.046736382382714,2.584906261759072,2.584906261759072,4.375570739745294,4.401309021629038,0.0549660644368679,0.0807043463206109,0.2467586176495301,0.1397113123704084,0.0606124772336472,0.1556646955542313,0.0407193204128494,0.0002115768568627,0.1578565054054468,0.0398546162558352,0.0002087906089422,1.3819473715689468,0.9954865927231438,0.7174529035377505,0.0754948869390372,0.2109148553373697,0.0210507130018023,0.0740245631753858,0.0213522193962513,0.0714096583958354,0.824643580272493,1.1337912071521627,35,3.320372766566588,True
rand_0154_s_curve_moons_c4_f200,rand_pair,s_curve|moons,148.67741935483872,4,5,1931,7722,0.113,0.3,pareto,0.02,0.5,True,1998,1.0230969535849015,0.7137683211516794,15.08714263427028,10.768724469039023,148.67741935483872,3.584955995579937,0.0,0.3774625929442162,0.3362071397061355,0.3644816336641792,1.0406083834655853,0.9568243737036736,0.0133237392064342,0.9553796356893,0.0134250864238361,0.9988468097204478,2.1366907680085343,20.80487182420645,0.5395639717659321,0.0485855749334974,0.1628087562886344,0.3147593372982887,0.3022301959597706,0.4539617324929441,0.1650681474003028,0.4043327339172637,4.575546845063178,0.0165789552791857,1.2854586444991798,0.9987066646225804,0.0500175339823453,0.0165789552791857,0.6471471471471472,0.4911259228528283,0.1100803637555121,0.46996996996997,0.4992223287267389,5.0,4.0,1998.0,0.7481964731477735,0.6047994449251607,1.2292267728381123,1.5066063331837505,0.8218218218218218,0.4246719943622374,0.8668668668668669,5.688887560498228,0.8668668668668669,31,0.004014504014504,0.4129032258064516,640.6324444341303,75.16760619757609,1.0230969535843717,2,0.226011117896093,0.6150888443553774,0.5343527054108216,0.5257301269205077,0.5977314629258518,0.0807361389445557,0.6243943853627505,0.5283633612276273,0.5069594540119772,0.7939620453120232,0.0081056190026756,0.0056732802920868,0.9964664310954064,0.0169495532871383,0.0083263946711074,0.9904088844018172,0.0,0.0,0.5086593123722369,0.5294433458550682,0.0068099833819201,0.1179973067111768,0.0115653125176149,0.577926396689329,0.0,0.0,3.584955995579937,3.584955995579937,3.584955995579937,4.591216578842994,4.582961755702923,4.553466007016128,0.0720983720293952,0.0426026233425993,0.0343478002025285,3.584955995579937,3.584955995579937,4.562577818038713,4.587512065715129,0.038052313330394,0.0629865610068094,0.7425725315520986,0.2278782128749295,0.0381706746913773,0.981808852161952,0.9582614428031128,0.9332994717219428,0.9731477296429574,0.9567986797041752,0.9302879899244364,4.820854201031973,0.0583524382664414,0.0147124228759057,0.1330244437831534,0.485225372213514,0.9484177566927404,0.9622606043619126,0.9518585115036892,0.9613099219610182,0.0280638231016867,0.0722511633262372,36,6.7743333724609025,True
rand_0162_moons_c10_f5,rand_moons,moons,1.4998125234345707,2,2,1667,6667,0.119,0.3,,0.0,0.0,False,1999,0.19994000299985,0.0,2.7286477111958,0.0,1.4998125234345707,3.5849561804964467,0.0,0.0766273216079507,0.7976823986667758,,0.9710675251421096,0.4094514853378326,,0.4062052978890819,,0.9920871392540244,0.5745138021739163,2.021910709363066,0.5665708914525084,0.1911499900807641,0.2298405570113643,,0.6003001500750376,,0.3151575787893947,,4.075751495473543,0.0981547113788887,1.749497735893306,0.8894414691087414,0.4802722101650132,0.0981547113788887,0.0035017508754377,0.0575252614333038,0.062768778896935,0.0020010005002501,0.0446989484775033,2.0,2.0,1999.0,0.0,0.6362972091427811,1.749497735893306,,0.0115057528764382,0.3637027908572189,0.0070035017508754,1.800871103761145,0.0070035017508754,2667,0.400029998500075,0.9971503562054744,0.525879771472575,1.4998125234345707,0.19994000299979,1,0.0,0.8692384769539078,0.9939946559786238,0.8839158316633267,0.8865865063460254,-0.124756179024716,0.701734345662358,0.5665708914525085,0.4314074372426589,0.2298405570113643,0.2298405570113643,0.2298405570113643,0.6003001500750376,0.6003001500750376,0.6003001500750376,0.3151575787893947,0.3151575787893947,0.3151575787893947,0.4989891643475837,0.6341526185574333,0.2298405570113643,0.2298405570113643,0.6003001500750376,0.6003001500750376,0.3151575787893947,0.3151575787893947,3.5849561804964467,3.5849561804964467,3.5849561804964467,4.145157357494964,4.075751495473543,4.006345633452122,0.5496780721864338,0.4802722101650132,0.4108663481435926,3.5849561804964467,3.5849561804964467,4.041048564462833,4.110454426484253,0.4455692791543029,0.5149751411757235,0.7976823986667753,0.7976823986667753,0.7976823986667753,0.4094514853378326,0.4094514853378326,0.4094514853378326,0.4062052978890818,0.4062052978890818,0.4062052978890818,1.3983297446564666,0.992087139254024,0.5858445338515814,0.7976823986667753,0.7976823986667753,0.4094514853378326,0.4094514853378326,0.4062052978890818,0.4062052978890818,0.7889658365528027,1.1952084419552451,37,2.8773065456363054,True
extreme_ir30_c3_clf_rs222,extreme_imbalance,classification,20.54705882352941,3,20,1000,4000,0.05,0.05,,0.0,0.0,False,1999,1.1464770494868182,0.4048163063710926,0.3588630985935981,0.1452736340655456,20.54705882352941,3.5849561804964467,0.0,0.7868515400678645,0.2781270495692393,0.1347710886689001,0.6644902547058389,0.0489323363095792,0.1093855403768337,0.0490360497502205,0.1096562318791158,1.0020495123383415,0.5364419917774217,47.51911777062705,0.9916167846276414,0.0173165215367311,0.0042324541942253,0.0026197703220475,0.933656593248152,0.0209365018801402,0.6094954690703239,0.1786492357338826,4.235462794809101,0.0105332695981585,0.1966246401117314,0.9942067081564796,0.0139836403931846,0.0105332695981585,0.2456228114057028,0.4641865892031328,0.0417518174900657,0.1670835417708854,0.3731437857034084,20.0,3.0,1999.0,0.6922942876823551,0.1728725577451807,0.1620420346500983,,0.9579789894947474,0.8317886492258788,0.3406703351675837,0.2805774557404787,0.3406703351675837,170,0.0425,0.28,2.798316014876619,10.964798975970211,1.1464770494859584,2,0.7007825063679028,0.8811743486973947,0.8310995323981296,0.8718276553106211,0.8865170340681363,0.0500748162992651,0.999887371057218,0.9986692425293944,0.9238158570602488,0.0070996538528787,0.0036340616016633,0.0019636471281338,0.9571577847439916,0.926815947569634,0.91699604743083,0.7732497387669801,0.6362643364281814,0.4189723320158103,0.9886344252123253,0.9997345672733722,0.0027988543648985,0.005366857727271,0.921905997500232,0.9419868661568128,0.5276183342219958,0.7047570375975807,3.5849561804964467,3.5849561804964467,3.5849561804964467,4.244541403617377,4.239390690506335,4.198934012473297,0.050512422728989,0.0100557446959501,0.0049050315849088,3.5849561804964467,3.5849561804964467,4.233339663441065,4.241727905869617,0.0077185293326693,0.0161067717612204,0.3734246002749121,0.2781270495692392,0.1828294988635664,0.7077217825284716,0.0176834235999338,0.0001629996258256,0.7196637995703662,0.0176091559951288,0.0001633977473286,2.709654029838986,0.9912189050504856,-2.52056188027952e-16,0.2304782742164028,0.3257758249220757,0.0077627145379845,0.033897073323706,0.0078799499356454,0.0340432925655416,0.899169472642519,1.0827454439654356,38,1.0346839613215397,True
extreme_manycls10_ir30_classificati_f30,extreme_many_classes,classification,20.428571428571427,10,30,1000,4000,0.05,0.1,,0.0,0.0,False,1998,0.7257375558698889,0.5307200990427896,0.4896491289724442,0.2598666342244712,20.428571428571427,3.584955995579936,9.033620566533925e-16,0.069915659211064,0.2806251157077625,0.1510948842010358,2.981595310217418,0.0360360646786162,0.0647115213045724,0.0363057318536441,0.0654346806036562,1.005013874962456,0.4101112235806495,43.82508742707356,0.9598171653593464,0.0498652138700479,0.001143615638074,0.0011195983057603,0.8853696454423499,0.0759247658797668,0.3050062772603338,0.226486841159763,6.498517321491475,0.0457906748529042,1.0880214203929215,0.9990944397851304,0.0680339843058817,0.0457906748529042,0.7502502502502503,0.5084344001424026,0.0285362273916468,0.6251251251251251,0.4842117831442798,30.0,10.0,1998.0,0.9861768492625876,0.8913914123477513,0.3410807619280991,,1.0,0.3745887691884943,0.9514514514514516,0.3269617040842796,0.9514514514514516,56,0.014,0.2321428571428571,3.714735207088919,3.4453667423268195,0.7257375558680745,6,1.435003626288323,0.3006012024048096,0.3313293253173012,0.428189712758851,0.4188376753507014,-0.0307281229124916,0.998193839575786,0.9935233739020032,0.80854512072597,0.0050163065934568,0.0008834075088452,1.6717364782778353e-06,0.9753424657534246,0.9076682316118936,0.6642066420664207,0.71280276816609,0.2997118155619596,0.0,0.920901169453796,0.9965259066675596,0.000329459551088,0.0015062694190091,0.8596491228070176,0.936599423631124,0.0935483870967742,0.5041095890410959,3.584955995579937,3.584955995579937,3.584955995579937,6.537431074371812,6.528672506608526,6.35845399859437,0.2080973072029852,0.0378787991888294,0.0291202314255434,3.584955995579937,3.584955995579937,6.46427304870774,6.531953105853342,0.0345981999440137,0.1022782570896152,0.5043141410021805,0.2570386318983448,0.1084508602778143,0.459309934294427,0.0188808090849356,8.048503000810992e-05,0.4636108459852852,0.0190123393370578,8.02066186654423e-05,2.0633518100878105,0.9912102511573126,-2.2643395359923363e-16,0.1632535461707166,0.3919564185080279,0.0085609847229655,0.0324309463940986,0.0086543402209781,0.032646264402678,0.8733704073927546,1.1235959858493123,39,3.694664515668405,True
extreme_combo_f100_n20000_ir40_c5_rs323,extreme_combo,moons|circles|gaussian_quantiles|s_curve|swiss_roll,20.766009852216747,5,43,2932,11724,0.15,0.3,t,0.04,0.0,True,1998,1.3119826866452284,0.6159189663007308,0.0992396049932724,0.0611235549235492,20.766009852216747,3.584955995579938,8.986897727949695e-16,0.5658176549043499,0.2788698100740079,0.0833306598679271,1.349352701715141,0.3442431319815028,0.231273866280886,0.3332030524365684,0.2248342024030124,0.9706998207604488,2.636804115461211,44.86115909005444,0.962626702673854,0.022228713550128,1.0802885859086738e-05,1.0806416181282812e-05,0.9553728907804434,0.0181590947775317,0.2739194558053694,0.2461221050948195,4.904230279147066,0.00640741996445,0.3692587005942201,0.9983033584134684,0.0300784181480118,0.00640741996445,0.5485485485485485,0.489254802139681,0.1205121853359274,0.4264264264264264,0.4946811159242087,43.0,5.0,1998.0,0.9712681310938632,0.3319054805049256,0.1514842486254687,,0.8858858858858859,0.7047930812993659,0.7512512512512513,0.4969275591920686,0.7512512512512513,406,0.0346298191743432,0.2487684729064039,23.368935878286468,6.77064584111212,1.3119826866446689,4,1.4237557605910351,0.717434869739479,0.5865063460253842,0.7201068804275218,0.7181028724114897,0.1309285237140948,0.9973313597017848,0.9618850303212084,0.9230735091745758,2.8319490154514285e-05,5.703837911585708e-06,1.6687496876374731e-06,0.9884057971014492,0.9560172508214676,0.9297752808988764,0.7669565217391304,0.3202087382401584,0.0,0.9452456470665452,0.9830614876742914,3.397644347655888e-06,1.8613492956652447e-05,0.9412313340890052,0.9660144025036724,0.0344101123595505,0.3645492010517799,3.584955995579937,3.584955995579937,3.584955995579937,4.915681937035372,4.90426418092654,4.886852759932844,0.0474559373622343,0.0300445163685383,0.0186267602597061,3.584955995579937,3.584955995579937,4.900525456859805,4.908883854161665,0.0254248431334125,0.0337832404352735,0.3627059982552508,0.2932894365940111,0.1661943688527588,0.9197269394754118,0.3278956138959205,0.001980524146427,0.8940310268936157,0.3159906100400247,0.0017519380619797,17.560367438772047,0.4410648793011869,0.0317197093618817,0.2475660339683367,0.3245932126996823,0.1424786733318977,0.5142565167131476,0.1384812119798359,0.5001027791436773,0.1712128897030968,0.9168976408376448,40,4.56069166306392,True
rand_0132_swiss_roll_c5_f100,rand_swiss_roll,swiss_roll,4.0,5,3,240,960,0.173,1.0,gaussian,0.0,0.5,False,960,0.4377975178854565,0.7639101202552842,7.833527469881521,5.984110911540265,4.0,3.169910897878692,0.0,0.0587977182974989,0.5648740213963497,0.44881170128136,2.17903874035909,0.0047786197001917,0.0031664664736848,0.0047865791161247,0.0031783708854472,1.001198000249869,0.0111022310272612,3.532001795802539,0.5465348863219419,0.390097256623028,0.0890561168679573,0.0921435945887042,0.2431922822547822,0.2464233787931865,0.0995107091982092,0.1349047774330558,4.732008066195356,0.5185331455757011,4.2325357864776345,0.9802669270833332,0.616941572042426,0.5185331455757011,0.1739583333333333,0.2974198728112977,0.1483050175049063,0.1052083333333333,0.3069816023897359,3.0,5.0,960.0,0.3911307752438622,1.3601118665595886,2.141268117629098,,0.2447916666666666,0.102829843384846,0.2645833333333333,1.6309883362384263,0.2645833333333333,80,0.0833333333333333,0.8774999999999998,0.7646309743100366,2.1125,0.4377975178831764,2,0.1820708013890367,0.5239583333333334,0.884375,0.9093750000000002,0.8479166666666668,-0.3604166666666666,0.9969786102294116,0.3224122600530851,0.3202137886833289,0.2731722472320755,0.0690951875532464,0.0,0.58125,0.1613425925925926,0.0,0.4285714285714285,0.0593839031339031,0.0,0.3213130243682069,0.6596954351412484,0.0055131655106772,0.1385907854754592,0.0120192307692307,0.4849330357142857,0.0,0.15234375,3.169910897878692,3.169910897878692,3.169910897878692,5.330706306099133,4.439509947098884,4.425807945388051,0.9231416928497308,0.909439691138898,0.018243332138649,3.169910897878692,3.169910897878692,4.432658946243468,4.885108126599008,0.4638415116387735,0.9162906919943145,0.8256253557463814,0.8223623760551166,0.0466343323875508,0.0084257320563541,0.0031796487511802,0.0027304782930409,0.0084480892256791,0.0031727325067381,0.0027389156159568,1.013640658732782,0.9976496321362406,0.9923037098805848,0.4344983542213337,0.8239938659007491,0.0029550635221106,0.0058026904037672,0.0029558240613474,0.0058104108662086,0.9949766710084128,1.0056451454345112,41,2.9879688368930806,True
rand_0137_moons_c3_f3,rand_moons,moons,51.125,3,2,116,464,0.172,1.0,pareto,0.05,0.5,False,464,1.1673118898379111,0.7341861756961717,1.7031365913103762,1.250419340662379,51.125,2.8073214888568154,0.0,0.8017608219170604,0.3577446452310191,0.4189319401124037,0.5960583604249338,0.7527094367129608,,0.6192366852204918,,0.8259800309006602,0.8819294302294453,5.659090127217283,0.627646445194544,0.0375554923696845,0.5120294179256514,0.1792654447502411,0.3125315058957618,0.3925357820290781,0.2951566019911343,0.3960709617923028,3.298052252967599,0.0104504926020385,0.7510798503896118,0.9456097651605232,0.10532759631415,0.0104504926020385,0.2435344827586207,0.2850828984054333,0.2245333549545349,0.1745689655172413,0.3800077121904205,2.0,3.0,464.0,0.9450333497390137,0.4314664328292781,0.747281377736506,,0.2456896551724137,0.5701519594018997,0.3297413793103448,2.814022786596121,0.3297413793103448,8,0.0172413793103448,0.45,71.35561253918128,21.90070921985816,1.1673118898303645,2,0.6824409325286835,0.8750034911325235,0.8233347297863428,0.6405948889819858,0.88577014383466,0.0516687613461807,0.6542021885199476,0.627646445194544,0.6010907018691404,0.7092497999870703,0.4678636054492306,0.3589748483406531,0.7609649122807017,0.1454545454545454,0.0311750599520383,0.75,0.109090909090909,0.026378896882494,0.6143685735318422,0.6409243168572458,0.4134192268949418,0.5885567027181504,0.0883148027032919,0.4532097288676235,0.0677349029867015,0.4295454545454545,2.8073214888568154,2.8073214888568154,2.8073214888568154,3.3054418671532404,3.298052252967599,3.2906626387819577,0.1127172104997913,0.10532759631415,0.0979379821285086,2.8073214888568154,2.8073214888568154,3.294357445874778,3.3017470600604195,0.1016327892213293,0.1090224034069706,0.6539742609401364,0.3577446452310191,0.0615150295219018,0.7527094367129608,0.7527094367129608,0.7527094367129608,0.6192366852204918,0.6192366852204918,0.6192366852204918,1.449598311543889,0.8259800309006602,0.2023617502574313,0.2096298373764604,0.5058594530855778,0.7527094367129608,0.7527094367129608,0.6192366852204918,0.6192366852204918,0.5141708905790459,1.1377891712222747,42,0.0,True
rand_0144_moons_swiss_roll_c3_f500,rand_pair,moons|swiss_roll,1.6706766917293232,2,5,888,3552,0.015,0.05,,0.0,0.5,False,1999,0.2511261261261261,0.0,1.0674824195600874,0.0,1.6706766917293232,3.5849561804964467,0.0,0.1190907999745823,0.5838991520776261,,0.9538328844197688,0.0668490969811098,0.1368633487560023,0.0662632660537793,0.1355211652760528,0.9925921697388268,0.3234913454085805,6.508255705738433,0.9049104897749868,0.1368173955608651,0.4377622451736432,,0.696848424212106,,0.6098049024512256,,4.392231688017401,0.1203311142458007,0.5173084375973707,0.9847072110342314,0.1465573768988147,0.1203311142458007,0.0300150075037518,0.2601251937026834,0.0963101998910121,0.0130065032516258,0.1133303102305195,5.0,2.0,1999.0,0.0,0.3409382197969707,0.5173084375973707,1.0339097383913718,0.2941470735367684,0.6590617802030292,0.0310155077538769,0.6772051666138568,0.0310155077538769,1330,0.3744369369369369,0.989172932330827,0.6981661256182135,1.6706766917293232,0.2511261261259847,1,0.0,0.7084849699398799,0.9873239812959252,0.7785437541750166,0.7712064128256513,-0.2788390113560454,0.9997553153601144,0.9937397257589542,0.6939904983447361,0.4377622451736432,0.4377622451736432,0.4377622451736432,0.696848424212106,0.696848424212106,0.696848424212106,0.6098049024512256,0.6098049024512256,0.6098049024512256,0.8375044115342193,0.9995624978769104,0.4377622451736432,0.4377622451736432,0.696848424212106,0.696848424212106,0.6098049024512256,0.6098049024512256,3.5849561804964467,3.5849561804964467,3.5849561804964467,4.537651117984806,4.420310179738673,4.244026018497282,0.2947630464189341,0.1184788851775433,0.0011379469314096,3.5849561804964467,3.5849561804964467,4.296825890518322,4.462345233347923,0.0764438315682927,0.2419631743978936,0.5838991520776263,0.5838991520776263,0.5838991520776263,0.4485791586041788,0.0203883011804037,0.0002443867137998,0.44418783888693,0.0201754970676841,0.0002420370303433,1.4365303186418132,1.0127816434728163,0.5453860391645902,0.5838991520776263,0.5838991520776263,0.0067503311326765,0.0357812068154938,0.0067090959987385,0.0354790898504844,0.8817560955127366,1.0865067519021758,43,1.9243865661491963,True
rand_0395_s_curve_circles_gaussian_quantiles_c4_f200,rand_triple,s_curve|circles|gaussian_quantiles,8.090673575129534,4,71,3840,15360,0.081,0.2,,0.1,0.3,False,1998,0.8664251724651915,0.4275589630018609,0.1261280402441372,0.0539271740922402,8.090673575129534,3.584955995579937,4.472500270330257e-16,0.3455194207087497,0.3248278648652048,0.1056596658831051,1.5053242867660082,0.0498623890516001,0.0377778869091342,0.0465221197154808,0.0354882731055695,0.9324373972952068,0.4960321978170136,36.01385163708513,0.9948940031892498,0.0070459439117935,0.0266833351181829,0.0096375732388169,0.9866658883405948,0.0072650572243417,0.2872202232930251,0.2835450757332285,5.048481801529861,0.0219318934469153,0.3943419472485125,0.9981608234861488,0.0417984808160842,0.0219318934469153,0.5870870870870871,0.4976191711354252,0.0168674561405704,0.4219219219219219,0.493989826649456,71.0,4.0,1998.0,0.6196897842876558,0.338867355367722,0.2125781771263396,,1.0,0.694160839093949,0.7527527527527528,0.1699818670928084,0.7527527527527528,1158,0.075390625,0.2338514680483592,16.200154572475284,4.131245472983792,0.8664251724649658,3,0.90585355871997,0.6068069472277889,0.5353867735470942,0.6114789579158316,0.6048149632598531,0.0714201736806947,0.9998596551943132,0.9966308489373618,0.9602874750790864,0.0371712750727255,0.0274925900208353,0.0151048160884018,0.9940405244338498,0.988526132535788,0.975,0.6835518474374255,0.2824851844364766,0.0,0.9943868235624812,0.9984180033236192,0.018665120090916,0.0347102295492265,0.9828760954521604,0.99181387621934,0.0332512315270936,0.4640907032769737,3.584955995579937,3.584955995579937,3.584955995579937,5.064590465866846,5.052258156857622,4.922057364397572,0.1682229179483734,0.0380221254883235,0.0256898164790992,3.584955995579937,3.584955995579937,5.049256311916155,5.0573868109695,0.0328934713764459,0.0410239704297907,0.4187014504354924,0.3453801633738604,0.2104019807862615,0.2271218233072982,0.0424800093738173,9.903214962074093e-06,0.2228514099778137,0.039613863263461,9.015367910098336e-06,2.217623084512165,0.8036697683517766,0.2730146242742582,0.277891072080061,0.3820408069046764,0.0202857131148068,0.0713560752850043,0.0186335189640819,0.0660746318851546,0.5368901955447152,1.228485848939734,44,3.0164681950057313,True
rand_0186_circles_c4_f100,rand_circles,circles,44.193548387096776,4,2,2100,8400,0.176,1.0,t,0.05,0.0,False,1998,0.9523898213872752,0.7087114908584583,0.6576812370170281,0.466106249995973,44.193548387096776,3.584955995579937,0.0,0.3098318963058442,0.3305490014012658,0.3434983368933347,1.1607175625773558,0.3116118484044823,,0.3084391728908232,,0.9899991021848996,0.4370178015806542,16.7859501317755,0.7826562822031651,0.0418752887027475,0.761956605057237,0.0744284193586007,0.9628194220048012,0.075630556505102,0.9455370341896748,0.10887132211936,4.676525398329263,0.0024736154408733,0.497684176757137,0.99900926952979,0.0691481598280301,0.0024736154408733,0.7267267267267268,0.5087863058912361,0.1867789842371005,0.52002002002002,0.4997241097629943,2.0,4.0,1998.0,0.6849770757921279,0.336516392103235,0.4899405742007164,,0.7347347347347347,0.6660103880934,0.9314314314314316,1.5317029864121288,0.9314314314314316,93,0.0110714285714285,0.3935483870967742,14.586272288847958,27.827164106567167,0.9523898213868218,2,1.9124465707751512e-05,0.4859826319305277,0.4853173012692051,0.485313293253173,0.4759679358717434,0.0006653306613226,0.8122665828090223,0.7826562822031651,0.7530459815973078,0.8534612263890916,0.7577830568066893,0.6793101304058249,0.9974372116863148,0.992511964107677,0.8085106382978723,0.9948744233726294,0.9885149551345962,0.723404255319149,0.7678511319002365,0.7974614325060937,0.7002013033263729,0.8212418450283168,0.9912220624558484,0.99449248496994,0.9861972361809044,0.991495453519202,3.584955995579937,3.584955995579937,3.584955995579937,4.678274508581552,4.676525398329263,4.674776288076973,0.0708972700803194,0.0691481598280301,0.0673990495757408,3.584955995579937,3.584955995579937,4.675650843203118,4.677399953455407,0.0682736047018854,0.0700227149541747,0.5734390047448443,0.330549001401266,0.0876589980576877,0.3116118484044822,0.3116118484044822,0.3116118484044822,0.3084391728908231,0.3084391728908231,0.3084391728908231,1.2990173531818174,0.9899991021848996,0.680980851187982,0.2091039997294769,0.4519940030730552,0.3116118484044822,0.3116118484044822,0.3084391728908231,0.3084391728908231,0.8354899766864409,1.1445082276833585,45,6.016635483076332,True
rand_0355_moons_s_curve_c2_f200,rand_pair,moons|s_curve,13.424778761061948,2,5,816,3260,0.087,0.2,pareto,0.02,0.3,False,1999,0.8613496932515338,0.0,0.0691832043331358,0.0,13.424778761061948,3.5849561804964467,0.0,0.8525036864314912,0.1597871591383412,,0.3623102855663043,0.7229857732019899,0.0608258608727503,0.7777422592947547,0.1210716414478419,1.0757452039207716,1.764263947668619,10.85392784851306,0.9854020108355532,0.0045634855180905,0.7149991502902321,,0.9554777388694348,,0.9409704852426212,,3.913885897237988,0.0260602456948664,0.0262008958268025,0.9494517143514228,0.0333805688247632,0.0260602456948664,0.1225612806403201,0.2980616314101984,0.1223809199852537,0.0720360180090045,0.2586122328706475,5.0,2.0,1999.0,0.0,0.0255319362255015,0.0262008958268025,1.0751117630966875,0.192096048024012,0.9744680637744983,0.135567783891946,0.7017214728348068,0.135567783891946,226,0.0693251533742331,0.607079646017699,12.57933528124418,13.424778761061948,0.8613496932510053,1,0.0,0.9312879091516368,0.9399639278557116,0.922618570474282,0.9252865731462926,-0.0086760187040747,0.9900036783717912,0.9866120894576186,0.9804158760317518,0.7149991502902321,0.7149991502902321,0.7149991502902321,0.9554777388694348,0.9554777388694348,0.9554777388694348,0.9409704852426212,0.9409704852426212,0.9409704852426212,0.9807785277440598,0.9891998825725448,0.7149991502902321,0.7149991502902321,0.9554777388694348,0.9554777388694348,0.9409704852426212,0.9409704852426212,3.5849561804964467,3.5849561804964467,3.5849561804964467,3.937732559524581,3.9173772669453215,3.875563799588748,0.0717026664740032,0.0298891991174286,0.0095339065381701,3.5849561804964467,3.5849561804964467,3.9019597694184185,3.936796090712869,0.0104703753498816,0.0453066966443325,0.1597871591383415,0.1597871591383415,0.1597871591383415,0.836496810172487,0.7246332597933948,0.6205092394741399,1.0256094793637074,0.7950130631024293,0.5812215499471411,4.228857289329538,0.3303705281818269,0.1880090407339783,0.1597871591383415,0.1597871591383415,0.7009633407586625,0.7557728369159633,0.7058364175775412,0.813204231491084,0.2467065922066749,0.3847825691518378,46,4.870080324428984,True
rand_0099_swiss_roll_s_curve_c4_f10,rand_pair,swiss_roll|s_curve,8.575,4,6,166,663,0.1,0.2,gaussian,0.0,0.0,False,663,0.6701773482024889,0.6697114565087577,1.4965585597247364,1.002262412783902,8.575,2.9999884779236794,0.0,0.2040591632254828,0.4816955229738393,0.1280112609275034,1.6775698787434032,0.0349875158269863,0.0204206180109966,0.0353469375481613,0.0205300016332806,1.0113023052399672,0.100410459990511,9.641774884888129,0.8774686975129028,0.1233171320663695,0.2802015009493688,0.2229780325094865,0.5746098897380262,0.2525606909377592,0.2862323085297737,0.4002252522229846,4.503568619427655,0.1560108245008907,1.024436216332162,0.9869986282017158,0.1739897372394282,0.1560108245008907,0.2518853695324283,0.3948117049570978,0.0953383397656663,0.1251885369532428,0.3311824266889083,6.0,4.0,663.0,0.6428307154482691,0.7288654964076206,0.5276454118061168,,0.6289592760180995,0.4238182752615676,0.4826546003016591,0.7599147943190078,0.4826546003016591,40,0.0603318250377073,0.5850000000000001,0.998549659759043,3.651736111111111,0.6701773481984457,3,0.6355189782442785,0.521870286576169,0.8536953242835597,0.6998491704374058,0.6425339366515838,-0.3318250377073907,0.9997820957787816,0.882380142573306,0.6652914220901807,0.6592310479203488,0.2395177352096573,0.0817758379168926,0.9662027833001988,0.5512756479481642,0.2767624020887728,0.9165009940357852,0.071875,0.0,0.8462262266556992,0.9711976311773356,0.1025045715460149,0.3631292831385564,0.3984503239740821,0.7037946428571429,0.0,0.5287946428571428,2.9999884779236794,2.9999884779236794,2.9999884779236794,4.659224740383976,4.526517643321701,4.260592120569193,0.4169662360978901,0.1510407133453819,0.0183336162831073,2.9999884779236794,2.9999884779236794,4.418160558180799,4.63151794020707,0.046040416460013,0.2593977984862838,0.5877055649050908,0.5178997290060422,0.339481275010385,0.0841404747250906,0.0259881358449893,0.0148460432059057,0.0845259151609657,0.0265723137066365,0.0148273758580514,1.13826905350518,1.0223920755649942,0.8729670823274578,0.4286905020082136,0.5528026469555665,0.0221741950998265,0.0429656848028223,0.0226603035588931,0.0431403691090837,0.942995228703528,1.0770459674368518,47,2.9189851055544533,True
rand_0179_s_curve_swiss_roll_moons_c10_f500,rand_triple,s_curve|swiss_roll|moons,34.15343915343915,10,8,2598,10392,0.115,0.3,,0.05,0.3,False,1996,1.8377367683775736,0.6103260473294506,0.4655089196808324,0.2841122189454051,34.15343915343915,3.584956710647189,0.0,0.4685642400471944,0.2174096718285335,0.1648868502896501,1.7964979882419525,0.061825593361144,0.0552110798887116,0.060280587524059,0.0539745790214566,0.9786551999725251,0.2325854312164552,10.346866559188117,0.9220244008953384,0.047570862022862,0.1546826384595427,0.0786892867330071,0.938951817665189,0.0436766420183943,0.1224285151709792,0.2008034460340158,5.207827448748698,0.0805974575176139,0.6846317713946835,0.9968722515170622,0.1736272501404442,0.0805974575176139,0.407314629258517,0.448135867973825,0.0901909072502462,0.2675350701402805,0.4427846903151562,8.0,10.0,1996.0,1.3760493598268324,0.5684494370258156,0.3250851598027897,1.274739767917226,0.7474949899799599,0.5368436555261016,0.6097194388777555,0.5487231913794453,0.6097194388777555,189,0.0181870669745958,0.4825396825396826,1.8219662434766208,8.319234247387763,1.837736768375805,8,2.2423471062528084,0.6706827309236948,0.6874163319946452,0.6967871485943776,0.6961178045515396,-0.0167336010709504,0.9676464398334244,0.9306343074391904,0.8201392702299336,0.3809542480407994,0.1287377423235322,0.0207614940987669,0.995840760546643,0.9342105263157896,0.7948717948717948,0.6625074272133096,0.0,0.0,0.9159000039140216,0.9538992689103868,0.1116992901449754,0.1899223052611154,0.918918918918919,0.9791231732776616,0.0,0.127348643006263,3.584956710647189,3.584956710647189,3.584956710647189,5.326849026200533,5.1797291210481164,5.108104640283054,0.2733500586060877,0.2017255778410254,0.0546056726886092,3.584956710647189,3.584956710647189,5.165763006951737,5.2555908149795165,0.1258638839096257,0.2156916919374045,0.4953095219962536,0.1880263801977959,0.0416636890978962,0.2478509855468803,0.0487533484231521,0.0030440449836964,0.2377680488851576,0.0484031129976586,0.0029563086354229,1.3037107750470085,1.007106942552292,0.6190753790258297,0.0796598308339847,0.3224095424457099,0.0218433289386102,0.0777904455882759,0.0214511672167448,0.0743812775308673,0.81508033934582,1.1195959014823142,48,5.028101854579024,True
rand_0156_s_curve_c3_f3,rand_s_curve,s_curve,1.00187617260788,3,3,400,1600,0.073,0.2,,0.0,0.3,False,1600,0.0008838834764831,0.891637861543505,18.51051903986654,16.504679612766935,1.00187617260788,3.459423167090096,0.0,5.861204337431758e-07,0.4935014196447816,0.6577230270513429,1.584961937285703,0.0539742875093213,0.0651481924582815,0.0540561221646181,0.0652655356694549,1.0015937042402558,0.1314849106741637,3.376519737553169,0.6949298210803011,0.5251854968762293,0.1162811917926185,0.1007753679798365,0.1318976891016116,0.1144205242265191,0.0818886921476813,0.070975758880532,4.574978123081426,0.7975098347455628,11.328092228046852,0.954194921875,0.4694069812943733,0.7975098347455628,0.074375,0.2085663056618329,0.1372694027791016,0.045,0.2073689373377987,3.0,3.0,1600.0,0.0008833313943617,0.9196868826964112,11.327283821410331,,0.12375,0.0810553452676626,0.139375,1.008807433056137,0.139375,533,0.333125,0.9279549718574108,0.3985674067903617,1.0012507817385867,0.0008838834764815,2,0.7071067811863062,0.6602164328657315,0.9479385437541752,0.9566132264529058,0.962618570474282,-0.2877221108884435,0.9986522612703136,0.9976390747546544,0.0884981272159352,0.1782542957368869,0.1705892796409686,0.0,0.2045028142589118,0.1911902530459231,0.0,0.1257035647279549,0.119962511715089,0.0,0.5430686009852947,0.998145668012484,0.0852946398204843,0.1744217876889277,0.0955951265229615,0.1978465336524175,0.0599812558575445,0.122833038221522,3.459423167090096,3.459423167090096,3.459423167090096,5.037024496354252,5.033814920952714,3.654094951937311,1.390290152438488,0.0105701834230851,0.0073606080215471,3.459423167090096,3.459423167090096,4.343954936445012,5.035419708653483,0.0089653957223161,0.7004301679307865,0.9585818322153292,0.4935014196447816,0.028421007074234,0.1269524526136044,0.0332943018349366,0.001676108079423,0.127171245851585,0.0333170356711973,0.0016800849710719,1.1335521658589265,1.000641429690753,0.8705875171710876,0.2609612133595078,0.7260416259300554,0.0174852049571798,0.0801233772242705,0.0174985603211346,0.0802441407613911,0.9356144734309204,1.0670967977748398,49,2.514839811013214,True
rand_0363_circles_c2_f500,rand_circles,circles,11.960698689956333,2,2,2226,8904,0.149,0.5,pareto,0.05,0.3,False,1999,0.8456873315363881,0.0,0.212546959359516,0.0,11.960698689956333,3.5849561804964467,0.0,0.8342173460596936,0.3759734896052902,,0.3916572847508162,0.7432721151970595,,0.7808827110059992,,1.051133513986413,1.1053471942393849,5.40323138436422,0.8813879480279248,0.0273608345410693,0.9814839790366474,,0.8269134567283641,,0.7123561780890445,,3.904127714242006,0.000867401511775,0.1646271045601788,0.970531038405646,0.0724857510052572,0.000867401511775,0.1660830415207604,0.2212088665888495,0.2037658156993975,0.1170585292646323,0.3215704582757466,2.0,2.0,1999.0,0.0,0.1413560648859793,0.1646271045601788,,0.1690845422711355,0.8586439351140207,0.2331165582791395,1.1688652700931912,0.2331165582791395,687,0.0771563342318059,0.4384279475982533,66.06228465204663,11.960698689956333,0.8456873315361981,1,0.0,0.9192825651302606,0.8932692050768204,0.9232865731462926,0.9259545758183032,0.0260133600534402,0.9007349796708384,0.8813879480279248,0.8620409163850112,0.9814839790366474,0.9814839790366474,0.9814839790366474,0.8269134567283641,0.8269134567283641,0.8269134567283641,0.7123561780890445,0.7123561780890445,0.7123561780890445,0.871714432206468,0.8910614638493815,0.9814839790366474,0.9814839790366474,0.8269134567283641,0.8269134567283641,0.7123561780890445,0.7123561780890445,3.5849561804964467,3.5849561804964467,3.5849561804964467,3.904741059732993,3.904127714242006,3.903514368751018,0.0730990964962448,0.0724857510052572,0.0718724055142696,3.5849561804964467,3.5849561804964467,3.903821041496512,3.9044343869875,0.0721790782597634,0.072792423750751,0.3759734896052902,0.3759734896052902,0.3759734896052902,0.7432721151970597,0.7432721151970597,0.7432721151970597,0.7808827110059992,0.7808827110059992,0.7808827110059992,1.8327320105986056,1.0511335139864129,0.26953501737422,0.3759734896052902,0.3759734896052902,0.7432721151970597,0.7432721151970597,0.7808827110059992,0.7808827110059992,0.6603342656803164,1.441932762292509,50,0.0,True
rand_0060_s_curve_circles_gaussian_quantiles_c3_f10,rand_triple,s_curve|circles|gaussian_quantiles,11.225,3,8,143,569,0.187,1.5,pareto,0.0,0.5,False,569,0.9706609394793204,0.6797601767110849,0.0460304619075407,0.0312896749203627,11.225,2.999984458303641,0.0,0.6231989110857696,0.0970810280092965,0.0349437741447467,0.9368577150917166,0.0240613702820562,0.0199192114691951,0.0211560645249398,0.0180323510412415,0.9397957633462032,0.3211407185662441,35.64700818211662,0.9974519810253156,0.001590064794131,0.0025484142836827,0.0042844841296369,0.9334352928896982,0.0151455285415559,0.7247879305657032,0.1092800689190001,3.91056064900191,0.009523211799955,0.0203214221020446,0.9920342474850276,0.0262815243934473,0.009523211799955,0.4358523725834798,0.4755678442655845,0.0932880496505277,0.3251318101933216,0.4688362411074539,8.0,3.0,569.0,0.6044558226127285,0.0200705193501627,0.0150561306318861,1.4472697661068927,0.7697715289982425,0.9800071706361548,0.6660808435852372,0.2436607130183566,0.6660808435852372,40,0.070298769771529,0.235,2.153482391414009,6.279166666666666,0.9706609394742026,2,0.6821539156331259,0.7891023855936137,0.681862062563817,0.244212382808874,0.7803026083727839,0.1072403230297966,0.9994441896443022,0.9973635090309833,0.9955737164222622,0.0074950513698484,0.0001450272101868,5.16427101283914e-06,0.950920245398773,0.925,0.9243856332703214,0.8034026465028355,0.7709611451942741,0.6,0.9959145544245304,0.998991514264971,7.50957405998615e-05,0.0038200392900176,0.9246928166351608,0.9379601226993866,0.685480572597137,0.7871818958485548,2.999984458303641,2.999984458303641,2.999984458303641,3.9263323640021177,3.909176582494125,3.8967721767261865,0.0400699966691706,0.0276655909012319,0.0105098093932394,2.999984458303641,2.999984458303641,3.905937249496165,3.914920740754612,0.0219214326407454,0.030904923899192,0.1217900076672981,0.0970810280092965,0.0723720483512949,0.0792318470690519,0.0183697077741882,0.0004904200569996,0.0788027610786882,0.0168664558854202,0.0004426020368941,1.2467401850962438,0.9716246473092972,0.2426809624554649,0.0847265381802957,0.1094355178382973,0.0120873584049417,0.0340709321578281,0.0074314785019698,0.0306224614560195,0.8889476277010735,1.1539178815482731,51,4.645483993349183,True
rand_0077_moons_c3_f3,rand_moons,moons,9.75609756097561,2,2,221,882,0.183,1.5,gamma,0.0,0.7,False,882,0.8140589569160998,0.0,0.2826496501499815,0.0,9.75609756097561,3.1699250014423126,0.0,0.7971313883511358,0.2925973140839578,,0.4463080698223021,0.0466768023749402,,0.0472826394951724,,1.0133052852824012,0.0761048527633237,10.581925878841036,0.959177566102612,0.0071242813718991,0.4280195099565247,,0.8877551020408163,,0.8378684807256236,,3.5740566210671405,0.0049912731435289,0.0936290715320689,0.9779772831279148,0.0421764501974741,0.0049912731435289,0.2029478458049886,0.2715995817074095,0.1993863807922692,0.1326530612244898,0.3393918441539896,2.0,2.0,882.0,0.0,0.0856131882091462,0.0936290715320689,,0.2006802721088435,0.9143868117908536,0.310657596371882,0.8219555927327666,0.310657596371882,82,0.0929705215419501,0.373170731707317,0.1199660706943267,9.75609756097561,0.8140589569142539,1,0.0,0.9104308390022676,0.8718820861678004,0.9070294784580498,0.9070294784580498,0.0385487528344671,0.9642151937717628,0.959177566102612,0.9541399384334612,0.4280195099565247,0.4280195099565247,0.4280195099565247,0.8877551020408163,0.8877551020408163,0.8877551020408163,0.8378684807256236,0.8378684807256236,0.8378684807256236,0.9566587522680364,0.9616963799371876,0.4280195099565247,0.4280195099565247,0.8877551020408163,0.8877551020408163,0.8378684807256236,0.8378684807256236,3.1699250014423126,3.1699250014423126,3.1699250014423126,3.5775859841536843,3.5740566210671405,3.570527257980597,0.0457058132840177,0.0421764501974741,0.0386470871109305,3.1699250014423126,3.1699250014423126,3.572291939523869,3.5758213026104126,0.0404117686542023,0.0439411317407459,0.2925973140839578,0.2925973140839578,0.2925973140839578,0.0466768023749402,0.0466768023749402,0.0466768023749402,0.0472826394951724,0.0472826394951724,0.0472826394951724,1.0671195427525513,1.0133052852824012,0.9594910278122512,0.2925973140839578,0.2925973140839578,0.0466768023749402,0.0466768023749402,0.0472826394951724,0.0472826394951724,0.9863981565473264,1.0402124140174762,52,4.503960093657454,True
rand_0092_moons_s_curve_c4_f10,rand_pair,moons|s_curve,10.0,2,5,138,550,0.039,0.1,gaussian,0.0,0.0,False,550,0.8181818181818182,0.0,1.827325767260504,0.0,10.0,2.999971314746189,0.0,0.801980198019802,0.5608516313088128,,0.4394969869215133,0.122153561479351,0.1105059281174377,0.1238766374254882,0.1131817676677451,1.0085385176728408,0.3668619101981569,7.268531228182138,0.93819728981059,0.0743880959295271,0.3034913098584605,,0.5363636363636364,,0.2836363636363636,,3.379002579897469,0.0573499189027226,0.4589053051798664,0.9092958677685952,0.0604657217702333,0.0573499189027226,0.069090909090909,0.2682252147158838,0.099627910855197,0.0381818181818181,0.1918094351532537,5.0,2.0,550.0,0.0,0.3145545523417564,0.4589053051798664,1.025658862139456,0.1545454545454545,0.6854454476582436,0.0963636363636363,1.0351724953482044,0.0963636363636363,50,0.0909090909090909,0.752,0.7440978898079558,10.0,0.8181818181788431,1,0.0,0.9090936089332384,0.9654312188168211,0.9509582640373804,0.9581947414271004,-0.0563376098835828,0.9990699313952832,0.9547295898516324,0.8168261254593912,0.3034913098584605,0.3034913098584605,0.3034913098584605,0.5363636363636364,0.5363636363636364,0.5363636363636364,0.2836363636363636,0.2836363636363636,0.2836363636363636,0.9251226921808738,0.9952381101657694,0.3034913098584605,0.3034913098584605,0.5363636363636364,0.5363636363636364,0.2836363636363636,0.2836363636363636,2.999971314746189,2.999971314746189,2.999971314746189,3.433604219204679,3.385570318325676,3.2991054092925225,0.1403628923751805,0.053897983342027,0.0058640824630238,2.999971314746189,2.999971314746189,3.346101504985141,3.43063144767933,0.0088368539883729,0.0933667966825622,0.5608516313088128,0.5608516313088128,0.5608516313088128,0.3923598059126684,0.0952138729730388,0.0050064386783978,0.401187620159431,0.0954284618229723,0.0049805293364572,1.5644927566581908,0.9912456171283408,0.6020745902667695,0.5608516313088128,0.5608516313088128,0.0566610446170121,0.1313584008721074,0.0572466587555949,0.132780972091625,0.7765852337781519,1.1082943905327514,53,3.9481995392029767,True
rand_0136_s_curve_c4_f20,rand_s_curve,s_curve,1.0047732696897376,4,3,420,1680,0.017,0.05,,0.05,0.0,False,1680,0.0016835875742536,0.7581261086668433,3.9514665954199546,2.9957099935127496,1.0047732696897376,3.459425478626789,5.438959822042073e-16,1.2597623710863814e-06,0.499456177496014,0.4343132141240579,1.99999795536224,0.0520579216120655,0.0250200881457421,0.0507070466717912,0.0242013468076707,0.9749713661098776,0.0945112654001585,3.155697492181348,0.6251126807005475,0.3421473028520188,0.7782845489357575,0.0608885772505991,0.9936498432031304,0.0014465813565518,0.983333082786331,0.0043892872772138,4.825649772122675,0.6379205656723299,2.978101151973694,0.9557291666666666,0.6337736618663529,0.6379205656723299,0.0809523809523809,0.1720767066448324,0.1481437322813574,0.0517857142857142,0.2216601002301358,3.0,4.0,1680.0,0.0013746486932536,1.1256253556423292,2.197770141473246,,0.0934523809523809,0.1756474427312029,0.1178571428571428,1.312338278099253,0.1178571428571428,419,0.2494047619047619,0.9579952267303103,0.5649587545662451,1.00238474069023,0.0016835875742496,1,0.0,0.4909953239812959,0.9399679358717437,0.9092611890447562,0.9052651970607882,-0.4489726118904476,0.9969049046585856,0.5549433309771233,0.3234898064659333,0.8243746183218309,0.7985788372144313,0.6588323788170753,0.995243757431629,0.9934488336454964,0.9916567342073898,0.9892984542211652,0.9845053635280095,0.9761904761904762,0.4392165687215283,0.7759241178178545,0.7803568234002473,0.8109395617420503,0.9928571428571428,0.9949429491821842,0.9818576131768896,0.9845191980248597,3.4594254786267884,3.4594254786267884,3.4594254786267884,5.444375358009749,4.862446819620268,4.1701271387380086,1.2892962952510194,0.59697661436876,0.015048075979279,3.4594254786267884,3.4594254786267884,4.516286979179139,5.153411088815009,0.3060123451740195,0.9431364548098896,0.8290247816144132,0.6620346243062561,0.0073091265673727,0.0809125177698003,0.038881231885654,0.0363800151807421,0.0786126673456422,0.0380435921470888,0.0354648805226427,1.078292880046734,0.9537388502323534,0.8928823680505451,0.3346718754368144,0.7455297029603347,0.0376306235331981,0.0598968748277272,0.0367542363348658,0.0583281297463655,0.9233106091414492,1.0160158651395437,54,5.4841302805874985,True
rand_0167_moons_circles_c5_f500,rand_pair,moons|circles,218.65454545454543,5,4,4080,16320,0.11,0.2,t,0.02,0.0,False,1997,1.4249104461867268,0.7968990411514687,0.4725623878338971,0.3765845137490811,218.65454545454543,3.58495617205541,0.0,0.6041688881815394,0.2456131514268386,0.2087295445768981,0.9136063063095612,0.1477319842838166,0.0804424870066378,0.101247244365674,0.0561746883744761,0.6816689089216249,0.2434950961396617,8.581552299289864,0.89127170942135,0.082399686002845,0.2263593342196012,0.0881067120452858,0.9072503362865556,0.1395497437170521,0.0983291139240506,0.3109439603061769,4.392100817997864,0.0418491009663984,0.4780213705552183,0.993366364017734,0.1064616603671066,0.0418491009663984,0.2969454181271908,0.3919594757496895,0.1326612263743576,0.2018027040560841,0.401446227132922,4.0,5.0,1997.0,1.0325377130946782,0.3720073489531306,0.3675769257625054,1.3215193169400818,0.42864296444667,0.6571883834324189,0.4506760140210315,0.6197621402634335,0.4506760140210315,55,0.0033700980392156,0.309090909090909,27.403994341518533,75.38316053375301,1.4249104461862905,3,1.1433154981083309,0.7376499665998663,0.7723647294589178,0.738317969271877,0.7369832999331997,-0.0347147628590515,0.943967377704572,0.9260555954785148,0.7690082690237986,0.3654520975313554,0.2277842169251347,0.1175080934506944,0.9979743416610398,0.9901767793731666,0.6875,0.9832911392405064,0.0,0.0,0.8788546500688658,0.9384726548309992,0.1502579359112766,0.2792956937316758,0.7827731092436975,0.9964552688484516,0.0,0.0,3.58495617205541,3.58495617205541,3.58495617205541,4.4259670968208535,4.401954865833416,4.338526443503772,0.1600360348611991,0.0966076125315549,0.0725953815441178,3.58495617205541,3.58495617205541,4.368972952638378,4.425082731192902,0.0734797471720687,0.1295895257265928,0.5184396852676173,0.2177272920211651,0.0285583363974066,0.2554898361385811,0.1552897400141853,0.0552148499308493,0.1696228270086866,0.1067827150680195,0.0381559352557132,1.0189805659543865,0.6338830493352318,0.4399289710616505,0.1241967297246944,0.3391437137233093,0.0791448630218819,0.1973308116890346,0.0503855246893483,0.1426102881898653,0.5679237369312451,0.7476282213256118,55,0.0,True
rand_0195_s_curve_swiss_roll_c3_f2,rand_pair,s_curve|swiss_roll,11.066666666666666,3,2,452,1808,0.064,0.1,gamma,0.0,0.5,False,1808,0.8664209446613996,0.6279025335546793,0.3348923683985326,0.2102797665855656,11.066666666666666,3.5849554339847547,0.0,0.5139930314101229,0.1702337861046213,0.2266966628832129,1.050297131120707,0.0604441707267776,,0.0606497474229174,,1.0034113894970154,0.0860120928064394,8.331476262320676,0.9484244937800388,0.0263603902785921,0.8425322686720161,0.1181020601871065,0.8994252027091898,0.1091463382012064,0.819080902568668,0.1894136430280916,4.509188816250927,0.0076260852622189,0.1227503803991065,0.9262893775941734,0.1260637488545342,0.0076260852622189,0.4153761061946903,0.3068017385237894,0.2825999266940925,0.3014380530973451,0.459009460847736,2.0,3.0,1808.0,0.6169006779710412,0.109350460825413,0.1226516656653233,,0.4209070796460177,0.8906603228680702,0.5271017699115044,0.6761168830698858,0.5271017699115044,120,0.0663716814159292,0.39,0.0451257046800148,5.918518518518519,0.866420944659962,2,0.5967284265179988,0.7349806279225116,0.6969472277889112,0.7349806279225116,0.7349806279225116,0.0380334001336004,0.9670641045007552,0.9484244937800388,0.9297848830593224,0.9788711965240808,0.7769837176691926,0.7717418918227749,0.9964454976303316,0.9205801104972376,0.78125,0.995260663507109,0.8432320441988951,0.61875,0.9391046884196804,0.9577442991403968,0.7743628047459837,0.8779274570966368,0.8509150552486188,0.9585128040637848,0.7309910220994476,0.919246353853002,3.5849554339847547,3.5849554339847547,3.5849554339847547,4.514581272853749,4.509188816250927,4.503796359648105,0.131456205457356,0.1260637488545342,0.1206712922517123,3.5849554339847547,3.5849554339847547,4.506492587949516,4.511885044552338,0.1233675205531232,0.1287599771559451,0.3305325337017019,0.1702337861046213,0.0099350385075407,0.0604441707267776,0.0604441707267776,0.0604441707267776,0.0606497474229174,0.0606497474229174,0.0606497474229174,1.0642311235844957,1.0034113894970154,0.9425916554095356,0.090084412306081,0.2503831599031616,0.0604441707267776,0.0604441707267776,0.0606497474229174,0.0606497474229174,0.9730015224532756,1.0338212565407554,56,5.454956963265176,True
rand_0143_swiss_roll_c3_f20,rand_swiss_roll,swiss_roll,1.0061425061425062,3,3,612,2448,0.146,0.5,gamma,0.02,0.0,False,2448,0.0026473613964084,0.5856666570303114,1.976730776318789,1.1577053056155575,1.0061425061425062,3.700435387729543,0.0,5.26051899707447e-06,0.4069301840359997,0.5220819790028222,1.584957447787325,0.0758631621017649,0.0093783787533842,0.0753889670804019,0.0097588343331742,0.9932834491784804,0.1320883711404275,3.603634795828024,0.798279177317813,0.3433881573352788,0.7255504554914948,0.0870776349718268,0.997344390795994,0.0003583261613674,0.9938726631974816,0.0006103884793624,4.84557095078475,0.5081094979873352,1.5160628227746449,0.9645705844974156,0.4398218847321186,0.5081094979873352,,,,,,3.0,3.0,2448.0,0.0020787557145434,0.6037539421586484,1.5146347817616437,,,0.3971049802629881,0.0635317658829414,1.0566855623970566,0.0635317658829414,814,0.332516339869281,0.977886977886978,0.5730422442635982,1.0040929942770431,0.0026473613964051,2,0.5951700641394972,0.6388590514362057,0.9732945891783568,0.9298931195724784,0.8023954575818303,-0.334435537742151,0.9975674031356822,0.9938525656949636,0.4008552810545847,0.8326332101855238,0.5761966435200695,0.5309637197747827,0.9970014992503748,0.9962406015037594,0.9940029985007496,0.9932533733133432,0.9924812030075189,0.990254872563718,0.6973539233747742,0.9957099844153228,0.5535801816474262,0.7044149268527966,0.9951218000022544,0.9966210503770672,0.9913680377856184,0.992867288160431,3.5849561804964467,3.5849561804964467,3.5849561804964467,5.162819793763935,4.84327630859968,4.19680089240778,0.9731120160959694,0.3266365999040701,0.0070931147398143,3.5849561804964467,3.5849561804964467,4.52003860050373,5.003048051181807,0.1668648573219422,0.6498743080000198,0.777427332760205,0.4142572691898138,0.0510872056194226,0.107078877461825,0.0888294365832888,0.0717923325977494,0.1076675410784254,0.088761686530135,0.072334621188145,1.1841583413466863,0.9357027178173132,0.892483562430421,0.2326722374046182,0.5958423009750095,0.0803108845905191,0.0979541570225569,0.08054815385914,0.0982146138042802,0.9140931401238672,1.0599305295819998,57,0.0,True
rand_0114_gaussian_quantiles_circles_swiss_roll_c10_f2,rand_triple,gaussian_quantiles|circles|swiss_roll,65.63636363636364,10,2,1000,4000,0.082,0.2,,0.0,0.5,False,1997,1.8375544209628187,1.8839186448237897,32.12099229895658,60.51333628224567,65.63636363636364,3.58495617205541,0.0,0.4075908045824349,0.2968948025782961,0.0191408999499282,1.530352741863861,0.0052913773166286,,0.0052777241997565,,0.9975374615554882,0.0229215696158008,9.325012211951112,0.9116540133463856,0.0105038835967163,0.0451857828738464,0.1456948013627792,0.1030944267389143,0.1730733537985405,0.0629578111907741,0.1520775105872929,4.9511962342701725,0.0337331298918775,0.1939460553514736,0.9984924808344214,0.1641126796490981,0.0337331298918775,0.7035553329994992,0.5055599378848465,0.2097848875314876,0.5187781672508763,0.4997724024719565,2.0,10.0,1997.0,1.299021112047665,0.176659421646904,0.1066432864000922,,0.6985478217325989,0.8310781269692585,0.8873309964947421,3.2203346419960965,0.8873309964947421,33,0.00825,0.2727272727272727,0.0304374894866643,17.3588973573127,1.837554420958225,8,1.6427822103233212,0.5431438512902647,0.4602109171488894,0.5090287670387629,0.5411358191617506,0.0829329341413752,0.919081380666418,0.9116540133463856,0.9042266460263532,0.9762029859342874,0.0,0.0,0.9972840847365562,0.0,0.0,0.9951113525258012,0.0,0.0,0.9079403296863694,0.9153676970064016,0.0,0.055942064016548,0.0,0.1766304347826087,0.0,0.0975609756097561,3.58495617205541,3.58495617205541,3.58495617205541,4.975049159167366,4.9511962342701725,4.927343309372979,0.1879656045462914,0.1641126796490981,0.1402597547519048,3.58495617205541,3.58495617205541,4.939269771821576,4.963122696718769,0.1521862172005015,0.1760391420976947,0.310429462730904,0.2968948025782963,0.2833601424256887,0.0052913773166286,0.0052913773166286,0.0052913773166286,0.0052777241997566,0.0052777241997566,0.0052777241997566,1.0137454588662609,0.9975374615554884,0.981329464244716,0.2901274725019925,0.3036621326546002,0.0052913773166286,0.0052913773166286,0.0052777241997566,0.0052777241997566,0.989433462900102,1.0056414602108743,58,3.0444977136808,True
extreme_noise_gamma_sc6_out12_classifica_c3_rs312,extreme_noise,classification,5.569696969696969,3,20,672,2688,0.15,0.6,gamma,0.12,0.0,True,2688,0.7484327623122741,0.6346556183670042,0.0806773998807828,0.0512023651095802,5.569696969696969,3.700436720463718,4.556259157007654e-16,0.4099493048024407,0.2295081214837012,0.1440111704949063,1.2049496825461856,0.1217467345781048,0.0989986980272232,0.122551322652131,0.1000658446430489,1.0055306559514676,0.7072112030420057,27.72468771186709,0.9852443505351904,0.0155865739902413,0.0791322522532607,0.0330118929739163,0.9932934289678176,0.0044075128941445,0.9337281051152077,0.0363414744852859,4.861925149448861,0.0109227073991472,0.1398966605925748,0.99885915466447,0.0434612535610428,0.0109227073991472,,,,,,20.0,3.0,2688.0,0.4580357390821023,0.1260871728812677,0.1233251449972834,1.1352071456579027,,0.8757024867732692,0.7957957957957958,0.2831661205296145,0.7957957957957958,330,0.1227678571428571,0.3521212121212121,7.349692395319293,3.56002331002331,0.7484327623114387,2,0.6647720922074111,0.6911289245156981,0.5490313961255845,0.6977955911823647,0.6964649298597193,0.1420975283901135,0.9997218503882268,0.9919590562020748,0.9542604343490976,0.0663774483037738,0.0543726111735671,0.0361313375356585,0.9944168734491317,0.9942954934398176,0.9873217115689382,0.9435253850541928,0.9323821339950372,0.8605388272583201,0.9848758586876754,0.996937094476575,0.0452519743546128,0.0603750297386705,0.990808602504378,0.9943561834444744,0.8964604806266787,0.937953759524615,3.584955995579937,3.584955995579937,3.584955995579937,4.77398780526474,4.753107531251948,4.718661878411616,0.0704112954319136,0.0359656425915817,0.0150853685787897,3.584955995579937,3.584955995579937,4.744879305832175,4.758009997793372,0.031063176050158,0.0441938680113551,0.3115790340069146,0.2210179085765089,0.1304567831461032,0.4194581795890503,0.0880290359989893,0.0008016217356199,0.4275232389335279,0.087738788188951,0.0007968582123862,3.338991488664333,0.9254576659349828,0.273446988146983,0.1757373458613061,0.2662984712917118,0.0418774245128907,0.1791399877333576,0.0415464081771823,0.1777412167544735,0.5362687997961819,1.2239127965164511,59,3.21201163421065,True
