dataset,Baseline_balanced_accuracy,Baseline_f1_macro,Baseline_g_mean,RandomOverSampler_balanced_accuracy,RandomOverSampler_f1_macro,RandomOverSampler_g_mean,SMOTE_balanced_accuracy,SMOTE_f1_macro,SMOTE_g_mean,BorderlineSMOTE_balanced_accuracy,BorderlineSMOTE_f1_macro,BorderlineSMOTE_g_mean,SVMSMOTE_balanced_accuracy,SVMSMOTE_f1_macro,SVMSMOTE_g_mean,ADASYN_balanced_accuracy,ADASYN_f1_macro,ADASYN_g_mean,KMeansSMOTE_balanced_accuracy,KMeansSMOTE_f1_macro,KMeansSMOTE_g_mean,SMOTEENN_balanced_accuracy,SMOTEENN_f1_macro,SMOTEENN_g_mean,SMOTETomek_balanced_accuracy,SMOTETomek_f1_macro,SMOTETomek_g_mean,RandomUnderSampler_balanced_accuracy,RandomUnderSampler_f1_macro,RandomUnderSampler_g_mean,TomekLinks_balanced_accuracy,TomekLinks_f1_macro,TomekLinks_g_mean,ENN_balanced_accuracy,ENN_f1_macro,ENN_g_mean,NCR_balanced_accuracy,NCR_f1_macro,NCR_g_mean
openml_1100_PopularKids,0.4876774699559351,0.4597037890529283,0.4838692203556753,0.4829282418262104,0.4598931671333353,0.4790912480236514,0.4751980070428748,0.4641787851109371,0.4706118037563375,0.4580584460890324,0.4432500179889213,0.451750099909914,0.442206813762575,0.4373396013026692,0.4289935134249293,0.4725360069118079,0.4608323023351032,0.4694795304508954,0.4638053800857584,0.459977634203334,0.4424129744777192,0.4512661266064083,0.4353442000385122,0.4423277265277947,0.4647989640624425,0.4537156615993145,0.458094773878889,0.4704014466445613,0.4233589549915857,0.4538264126825233,0.4806044682680442,0.4505722934853716,0.4770905503251177,0.4468224046506038,0.4232475570333863,0.43909861300726,0.4522240724415276,0.4114271351674452,0.4341835694635906
"openml_119_BNG(cmc,nominal,55296)",0.5316196101915315,0.5108249928902215,0.5255122201831214,0.5293765851572171,0.5083600564270001,0.523110052829309,0.5312995920267599,0.5103476418964409,0.5250257974173816,0.5280181226038133,0.5038577166360381,0.5190679531401236,0.5307554700048768,0.5118254267577823,0.5256643208811099,,,,0.5090115192856488,0.5002860758745301,0.5078941339214936,0.49870275355244,0.4870031053306529,0.4965817422024842,0.5307314420410001,0.5098581783096606,0.5245238699418321,0.529593258345666,0.5096930633556709,0.5240557410827519,0.531179915317896,0.5103644823565409,0.5250331998857773,0.4747749467992708,0.4194880392692641,0.4163264680377225,0.5063326195710868,0.4856463803531292,0.4937200764647163
openml_11_balance-scale,0.6634667755991286,0.6578604660154564,0.5869884980367895,0.6657135076252723,0.6507345462630799,0.6198588273169174,0.6260893246187363,0.6259866557942676,0.4439872426959663,0.616081154684096,0.6180915931734546,0.3935449154043853,0.6399782135076252,0.6410636137406281,0.4853261311520355,0.6284041394335512,0.6298611577868073,0.4739105282861829,0.607979302832244,0.6049421566002514,0.1493572717223937,0.6399101307189542,0.6333150038792207,0.5254377396861933,0.6122004357298475,0.6137998894599797,0.2913675254008552,0.5786356209150326,0.57915207646818,0.4369481710461409,0.6299019607843137,0.6275159329354371,0.5453213019903171,0.6695942265795206,0.652798611472506,0.6255042434704811,0.6592456427015251,0.65015464696283,0.5961406487148648
"openml_133_BNG(glass,nominal,137781)",0.6496137506054122,0.5264303080476149,0.6413316830041281,0.6386430668792226,0.5391677307032795,0.6319228928235469,0.6169018704974024,0.5681836297631321,0.6065307553261297,0.5875733172273548,0.5407063680353329,0.5728393749296611,0.5892412169153401,0.5614307101468688,0.562605994647193,,,,0.5713507124196101,0.5572568557871559,0.5336496881636014,0.5645364547371553,0.5286620020433526,0.5409971557559853,0.6191240486364178,0.5704168816045564,0.6093129828486461,0.5891323094381065,0.4578071530943599,0.534939199337215,0.647994377803731,0.524220113013452,0.6399420546543494,0.5861652093904116,0.4829835875207299,0.5339093892946251,0.595331713655067,0.5180684043236107,0.5448281769717079
openml_1459_artificial-characters,0.7014383673936168,0.6853214733646239,0.6849441795771242,0.7129339753337165,0.697725348517019,0.6986334677848572,0.7061736772230804,0.6939515681715532,0.6930924225464284,0.7107572890941792,0.6971234429254163,0.6962585588121296,0.7005809259737075,0.6870484448307014,0.6858379314801643,,,,0.7030649729012225,0.6873593977897651,0.686034101515686,0.6357161210144043,0.6139129915299887,0.6068922973942131,0.69858566829511,0.685652674566522,0.683888132141249,0.6651294804640565,0.6437882047277285,0.6412663200536443,0.6888648331008903,0.6718745621991591,0.6696220963386282,0.6157559785418124,0.5827819745656905,0.5689067438456217,0.6475607551549502,0.620581679361709,0.6128044887811447
openml_1499_seeds,0.9007648953301128,0.8990325034348561,0.894705780496721,0.9007648953301128,0.8990325034348561,0.894705780496721,0.9007648953301128,0.8990325034348561,0.894705780496721,0.8959339774557166,0.8943953368578142,0.8902455890717498,0.8959339774557166,0.8943953368578142,0.8902455890717498,0.8991545893719807,0.8994286840031521,0.8982012143122464,0.9007648953301128,0.8990325034348561,0.894705780496721,0.8911030595813205,0.8892165340874194,0.883995269430674,0.8911030595813205,0.8893899179817334,0.8844870293371248,0.8959339774557166,0.8943953368578142,0.8902455890717498,0.8911030595813205,0.8893899179817334,0.8844870293371248,0.8667471819645733,0.8662470411997599,0.8607274631938147,0.8715780998389695,0.8710370043230563,0.8658862476044599
openml_1500_seismic-bumps,0.9007648953301128,0.8990325034348561,0.894705780496721,0.9007648953301128,0.8990325034348561,0.894705780496721,0.9007648953301128,0.8990325034348561,0.894705780496721,0.8959339774557166,0.8943953368578142,0.8902455890717498,0.8959339774557166,0.8943953368578142,0.8902455890717498,0.8991545893719807,0.8994286840031521,0.8982012143122464,0.9007648953301128,0.8990325034348561,0.894705780496721,0.8911030595813205,0.8892165340874194,0.883995269430674,0.8911030595813205,0.8893899179817334,0.8844870293371248,0.8959339774557166,0.8943953368578142,0.8902455890717498,0.8911030595813205,0.8893899179817334,0.8844870293371248,0.8667471819645733,0.8662470411997599,0.8607274631938147,0.8715780998389695,0.8710370043230563,0.8658862476044599
openml_1508_user-knowledge,0.8259048067452858,0.8222643278250925,0.8102484598433906,0.8258291780820225,0.8223912735194917,0.8010713683680236,0.7950144831361673,0.7928012565589521,0.7674332354244796,0.7964695007643191,0.8021396672432157,0.768409663197887,0.788717562779823,0.7843472166524951,0.7522851278948082,,,,0.7981988576611713,0.7986923189539707,0.7626635138992232,0.7643510331592145,0.7534049483358051,0.7468990133756064,0.7991698580232497,0.7966264246129245,0.7775261021799961,0.7705091464959337,0.7510179766520383,0.764479199097162,0.7755259219714862,0.7731483644889355,0.7463316507340876,0.6850918912973899,0.6428448463294589,0.1762627529355785,0.724829829328845,0.6990404143764701,0.6037783850769662
openml_1512_heart-long-beach,0.3039653558229409,0.2842953941226621,0.2825892687085359,0.295110513841164,0.2707484140716329,0.2603401334337304,0.2701962926421131,0.2555275383580903,0.1606445327003917,0.2569456572552547,0.2365816873543777,0.1653700716702111,0.2742661077026402,0.2606233521637762,0.1955602303155358,,,,0.2961226595901518,0.2574489076814658,0.2517353907583386,0.1627287172178813,0.0993634296805002,0.0,0.2274646520776551,0.2214733408113035,0.0802347835110922,0.2,0.0537095825984714,0.0,0.2445906117732743,0.2554925095977727,0.1053884520627721,0.2,0.019047619047619,0.0,0.1752846167706848,0.0982920938710412,0.0
openml_1523_vertebra-column,0.8110615963557141,0.807689234437258,0.8036166446322225,0.781027926322044,0.7781808138397285,0.7681809491625285,0.7955040602099426,0.7899051809942899,0.7840126610892079,0.8009625668449196,0.7969577925862499,0.7919859644588741,0.7943612596553772,0.7889813997165338,0.7799158216883262,0.7933471974648444,0.7871608367543327,0.7852903009642064,0.7907961972667854,0.7821105452638313,0.7702798156084619,0.7830441671618141,0.7714322611985742,0.7666263068739928,0.7976926123984948,0.7913207990257615,0.7876789045871,0.7924955436720142,0.7772397328277901,0.777235428040774,0.8047197464844523,0.7925602335596649,0.7943369445446781,0.7631649831649833,0.727858474123615,0.7214436598143671,0.8044820756585462,0.7799711959610328,0.7844641354725143
openml_1548_autoUniv-au4-2500,0.4225845142239886,0.4081262712750139,0.1195880002596986,0.4102451036924976,0.3926574900084384,0.0,0.420023020164126,0.40184126461562,0.0,0.4166868300389775,0.3986705898711016,0.0,0.4193499027258618,0.401350557055518,0.0,,,,0.4113177197223409,0.3923504359858219,0.0,0.3333333333333333,0.0484665511837004,0.0,0.4163287888484113,0.3984139876677954,0.0,0.3783995657000331,0.3421419674061383,0.3747330252480652,0.4128026484495309,0.3954909054222608,0.0,0.3823454011830411,0.3121265558596633,0.3620873802306064,0.4157686753771064,0.413230216425707,0.2588823368247551
openml_1549_autoUniv-au6-750,0.2161830018856204,0.2120492581541017,0.1372874620646433,0.1920542814393281,0.1936698573257067,0.1647989175699071,0.1632536221340667,0.158690208989146,0.0939455559239101,0.1632455359544094,0.161556988594007,0.1054611503540256,0.153779963266935,0.1481822684803993,0.0472698352376626,,,,0.1510378824967559,0.1509527336667411,0.0852855383938998,0.1222621078328234,0.1020651685755999,0.0,0.1641521469520886,0.1627138443193438,0.0,0.1583106529917523,0.1494609643421861,0.0494706339821858,0.1789143143032176,0.1737031544258574,0.1429145370459791,0.1272727272727273,0.0218694727826618,0.0,0.119584003539312,0.1042889840882635,0.0
openml_1551_autoUniv-au6-400,0.2143022283647283,0.2116227091104524,0.0,0.2064165017290017,0.2026050551785846,0.0,0.1984366468741469,0.1937201922575688,0.0,0.1704927939302939,0.1649901725385044,0.0,0.1755191270816271,0.1683736709244944,0.0,,,,0.1937084812084812,0.1884470917865282,0.0,0.1378580284830284,0.1084851292055097,0.031779102774952,0.1754089316589316,0.169994263083074,0.0,0.1832030894530894,0.173324648562562,0.0,0.1543313199563199,0.146917645353927,0.0,0.125,0.0147010200201689,0.0,0.1449730980980981,0.1212627601990417,0.0
openml_1552_autoUniv-au7-1100,0.4246453157989161,0.3994121011830762,0.3893033341166687,0.4143113632262318,0.390491748414018,0.3739262869785196,0.4121642546846746,0.3939267839085548,0.379536222812919,0.4009405493394868,0.3826140720504345,0.3687870100529287,0.3996798921881666,0.3856831626115979,0.36919705107225,,,,0.4044853894762982,0.3886684052680836,0.3717100108272986,0.3287556051157483,0.2836706847033404,0.2684261168506063,0.3986877728901536,0.3780396055449715,0.3643836860929849,0.4172418568973109,0.3783103362237894,0.3669618188430549,0.3886242548214649,0.3603941840810273,0.3359994010578795,0.2658780598289385,0.1875523314420047,0.1043669418998853,0.3349021028358216,0.3097199809400775,0.2908971983057418
openml_1553_autoUniv-au7-700,0.5254475008234695,0.5195868224487203,0.5043668499930928,0.5212628509522792,0.5145993295544414,0.4981432339609835,0.5150465407453587,0.5113004112375944,0.4939002414162299,0.511390107010964,0.5083494034164515,0.4931695361300562,0.5330569174018988,0.5289502651736883,0.5143050769046609,,,,0.5231394009949489,0.5170019274623584,0.5005396191474961,0.4348223108600413,0.3883338499707057,0.323195400623343,0.527602675674644,0.5222203082813385,0.5056829383398497,0.5193691541332037,0.5106777669506273,0.4947723287203495,0.4962043598874521,0.4892228665274614,0.4687777112321247,0.443803858313318,0.3590179555894841,0.2503055788811156,0.4448764536767259,0.3966635324241193,0.3237708767115146
openml_1554_autoUniv-au7-500,0.4440385648284823,0.4177645024832639,0.4261210302098163,0.4075696852346027,0.3849587452566713,0.3975647636317156,0.430933935649078,0.4145639111411285,0.4117244704485819,0.3976246791876477,0.3905718350375924,0.3693625927701748,0.3828517812897498,0.373193832282841,0.3667593313686172,0.3947970573111127,0.3867781316973393,0.3794900916096517,0.4081929387354799,0.4026733377800164,0.3879817208139861,0.3636757846409271,0.3253978193460666,0.3436125421788524,0.4203398322288876,0.407623387878488,0.3994595104224837,0.3835348386510306,0.3270588435012685,0.3517972560026849,0.4154882626790422,0.3845295934382398,0.374454031761636,0.266509009009009,0.1749650612616883,0.0,0.3845695094055288,0.3228605585155155,0.2443645050010267
openml_1555_autoUniv-au6-1000,0.2302831414700717,0.2150704657505725,0.1836943932080853,0.2195709441937042,0.2068787888221761,0.179680043610813,0.214612516362852,0.2015734266883266,0.1809330649131782,0.2089835905115925,0.1943243950496881,0.170721846805013,0.2002069590911953,0.1854947159261865,0.1573110783709855,0.2187363539194587,0.2029182435686254,0.1795539621756556,0.1962068466387713,0.1812094900707465,0.1502621347574904,0.1649676049347771,0.1342491624115214,0.0,0.2095193194000049,0.1968569493552003,0.1746064129603954,0.2140841050168656,0.1903338333199637,0.1612311589356466,0.2137429986862537,0.1946170564007812,0.1558226500647542,0.125,0.020431058979527,0.0,0.1346821909908605,0.1092486009019704,0.0293829730445608
openml_1557_abalone,0.6545910843150322,0.6546154720244078,0.6463125651860153,0.6504260070443739,0.6508081234584572,0.6420767063695005,0.6495285274255812,0.6496985929367164,0.6410888059174106,0.6518590219466781,0.6515454360246138,0.6425418595905651,0.6485810878739537,0.6485185424641894,0.6396290413334452,,,,0.6487876236195925,0.6474617673052269,0.637312145425669,0.6283724712621567,0.6286009924708772,0.6225366946754874,0.6514168930097585,0.6528256592272036,0.645418174314245,0.6497167861729168,0.6498060149917763,0.6410517605506555,0.6515412356886797,0.655288626644614,0.6488815384296925,0.6214526910216012,0.6232116151073784,0.6064823907901933,0.6443253315087284,0.648688565060227,0.6399491921822222
openml_1565_heart-h,0.393598474404926,0.3785669236041358,0.3236945871004313,0.3380275578662675,0.3294245474248859,0.2025836302016349,0.3941964367770819,0.3848059746790718,0.3286133818654538,0.368864271928788,0.3562109675360148,0.1961744133906005,0.378270510851156,0.3659485731566774,0.3092123941393443,0.3828419131644938,0.3765016894817654,0.3258325679784894,0.2919806477870993,0.2846237983313756,0.0,0.3895945094332191,0.3825282795505214,0.2168563953102464,0.3731382357188808,0.3628408359282096,0.2128718985192088,0.2,0.032492799623817,0.0,0.3621645857129729,0.3314024200655854,0.175343045029251,0.3562997098480969,0.2264742695622061,0.0,0.3739012301915528,0.3374255343431718,0.0
openml_180_covertype,0.6801188052606556,0.6584618410630086,0.6547751001307115,0.6878340559473499,0.667928391980397,0.6595961148439572,0.6933647010785696,0.657318677426549,0.6674642270078723,0.6925055057988937,0.6666757609263785,0.661737561315694,0.6956737943217831,0.6842981583748659,0.6665841087356296,0.6917168720666301,0.627250597130108,0.6665207952320263,0.6380101031744867,0.6317015613107396,0.6025069981399076,0.6855490548011448,0.6203986406603818,0.6639482469839817,0.6937122835010486,0.6574150791108586,0.667992596625977,0.5992316256950251,0.5081849775686091,0.582829424078874,0.6717537176320268,0.6552160096440445,0.64641338606181,0.6096174757171503,0.6246607664088804,0.5776533888530593,0.648793898188937,0.6474918182659947,0.6218227681683819
openml_181_yeast,0.5933588713653302,0.5334611237573921,0.0,0.5711729952193948,0.52400250694178,0.0,,,,,,,,,,,,,0.5880284443408276,0.5529654131098859,0.5138612510584405,,,,,,,0.3392731236638046,0.2092609510867291,0.0,0.5741446434055826,0.5306882715896052,0.17300431489246,0.4853750881590624,0.4693319751395569,0.0,0.5368320954526044,0.5018188149423141,0.0
openml_185_baseball,0.7438809657726515,0.616671621442017,0.7244433793661994,0.6949309463251323,0.610622798786206,0.6667037883108659,0.7206539788368757,0.6179757428931428,0.7057056390709371,0.7184287146402579,0.623957220234716,0.6976435772899793,0.7290721435903231,0.6588812578304911,0.7112209566138462,0.7258472797586281,0.6146595297142251,0.708811982801449,0.723802051363709,0.6536316595358148,0.6969248208536679,0.7311159737043287,0.61434235387939,0.7219917410306215,0.72650193205325,0.6217066988301059,0.7123411653043865,0.7120459332426449,0.5717543313944891,0.7022924576381869,0.7100056701717858,0.5950658354062136,0.6858849999470431,0.6138800212196261,0.5037557894220689,0.2539822920065972,0.6321013337031643,0.547299621460085,0.4782148207624626
openml_186_braziltourism,0.9516509433962264,0.7610360556669281,0.9483435969388896,0.9623624213836478,0.8245018402484697,0.96035418778206,,,,0.843593569503273,0.7615103786135297,0.826775626989942,,,,,,,,,,,,,,,,0.1428571428571428,0.0047732696897374,0.0,0.6026484886407394,0.5909898534869102,0.0,0.2857142857142857,0.2674897119341564,0.0,0.3365902964959568,0.3536122103997359,0.0
openml_188_eucalyptus,0.6190818468086728,0.6037241876775721,0.6012260776733714,0.6251945806859006,0.6089843729419179,0.6057689451681797,0.597898892848123,0.5805203102158517,0.5762909581271317,0.6028348904798299,0.5858656019371614,0.5828314916264458,0.576171905759197,0.564887860609936,0.5575556289210991,0.6574819624819626,0.6395471534419104,0.6431253475893722,0.6019179519998387,0.5965121200360795,0.5858881100322676,0.488196458525643,0.4478250920765092,0.4467638165810045,0.587716289909215,0.5732031885322418,0.5674974293266125,0.5994274581795054,0.5801306531483109,0.5813879978459163,0.6026559797277126,0.5838079166802307,0.5786921454032269,0.3646911513714658,0.3196419915518968,0.1965846182525358,0.4884509413382652,0.4562487996698015,0.4605992162923555
openml_265_BNG(glass),0.6277403109916713,0.5681788556024966,0.6013282932902154,0.612860016148753,0.569823422947549,0.5575159385445949,0.6390089746896629,0.5613298181961395,0.6249402380201651,0.6012728326841681,0.5568800098941858,0.5295612748184558,0.5997478267622679,0.56797642380174,0.533941012243743,,,,0.5844800215394201,0.5424241919152045,0.5473230160771616,0.6317644524481912,0.5290041917156013,0.620859790933871,0.6382121047390731,0.5605689509681896,0.6241311366086485,0.5553359410774853,0.4476560482258327,0.5354720430862363,0.6244829616005838,0.5670599538995638,0.6004550661650961,0.5808398710002661,0.5386027288748195,0.5490340120268199,0.5995926994396527,0.563570527270425,0.5731511506310311
openml_26_nursery,0.7832561159345584,0.7691804462676983,0.0,0.7827635580159531,0.7716425862249555,0.0,,,,0.7840105228544805,0.7794676712276603,0.0,,,,,,,,,,,,,,,,0.2,0.1,0.0,0.7671342081805297,0.7464504815242304,0.0,0.6570236294113182,0.6586547487813539,0.2755953514225256,0.6915384010762067,0.7030777756984672,0.0
openml_2_anneal,0.9199598773969484,0.8061252973976062,0.9096560991578612,0.92569945945232,0.8366567291593393,0.915556306555005,0.7351560719981773,0.673796417016756,0.0,0.7299726589200274,0.6725236942669535,0.0,0.7178514467988153,0.6663894701074806,0.0,0.7403394850763272,0.6750009489189622,0.0,0.8298234310820124,0.7821051406887888,0.5886218074069461,0.7238323080428344,0.6545723289999164,0.0,0.739462292093871,0.6726438658642048,0.0,0.2922609554188501,0.0938137259363527,0.0,0.918818024081182,0.8269415791037483,0.9083434135862316,0.7611983490702027,0.7222786804485309,0.7148478007717483,0.8743712681927786,0.7791098311266748,0.8671720194433719
openml_30_page-blocks,0.9488253241810322,0.7735039069308498,0.9477644704092192,0.9352486226218923,0.8031620277938524,0.93376314549088,0.9261615482553184,0.791566717578753,0.9247898280652525,0.9141473229235594,0.7991757100849632,0.9118858134144204,0.9165971149915634,0.8069866437951841,0.913625456096241,0.9180414291959286,0.7707223681308443,0.9157412276836112,0.8664793317493933,0.815412243168629,0.8566612799075563,0.9286842231497902,0.768796791254351,0.9276039583288558,0.9283506510964484,0.7917606657956023,0.9270480012727996,0.7725922490628644,0.432172134773034,0.7387582383688787,0.9413511845179094,0.7814387044120443,0.9398021794951696,0.8737100478204017,0.7809061928272995,0.857038901174442,0.8831886596939951,0.7742383214712909,0.8678760337272674
openml_35_dermatology,0.9792717086834736,0.9776501618869206,0.9787898039030996,0.9764939309056956,0.9745472901323966,0.975982679947692,0.9792717086834736,0.9776501618869206,0.9787898039030996,0.9757994864612513,0.974515573676376,0.9750765589320232,0.9792717086834736,0.9776501618869206,0.9787898039030996,0.9766262060379708,0.974652341053734,0.9760250946062144,0.9792717086834736,0.9776501618869206,0.9787898039030996,0.977770207181972,0.974814929100598,0.977310058490981,0.9792717086834736,0.9776501618869206,0.9787898039030996,0.9535558667911608,0.9478170904109754,0.9507068384933518,0.9792717086834736,0.9776501618869206,0.9787898039030996,0.961624649859944,0.9608644044338992,0.959097441451413,0.972531512605042,0.971444801855604,0.9716076055281272
openml_373_UNIX_user_data,0.6333699312821169,0.5930939987250611,0.6301257524510627,0.639321379145536,0.6037839931763855,0.6360071317984436,0.6208814189475754,0.5869230309092125,0.6180185766714764,0.6175683709799923,0.5822846396027602,0.614476120431265,0.6248505893088717,0.5954289950773718,0.6218853825901572,0.6178205258868777,0.5791957835233651,0.6137579909695609,0.5724568231479548,0.5515132918329924,0.5574769175699985,0.6026155375050523,0.5628909152919345,0.5998111315766841,0.6218829701098388,0.5866424167613428,0.6191900294525507,0.6018761898487605,0.5525263020718733,0.5944668240268373,0.6191581740552144,0.5798550343455865,0.6157600613748547,0.4959443980927393,0.4643364525323853,0.4687729683529877,0.5812521670663852,0.5434193076996915,0.5744161745870963
openml_381_ipums_la_98-small,0.4691519242954451,0.375540084540618,0.3545310681461326,0.4583760212943673,0.3593612380614786,0.3316578012926491,0.4453953764738659,0.3703003143479427,0.3216212847984531,0.4502092646926462,0.3664994266836004,0.318735296110054,0.4214674549783293,0.3222163373364946,0.2604006069663995,0.4494452231883074,0.3696529440058497,0.3148732969220476,0.4134143514871453,0.3420484133140727,0.3145814820116035,0.4452672650884992,0.3661881393457722,0.3202476558419971,0.4440325996943543,0.3684278037471779,0.31925279645785,0.4237252029954764,0.324831723439034,0.309042132972154,0.4528874477474516,0.3649585187484677,0.3411078649790109,0.3908587417425961,0.274029819180734,0.0,0.4495085867051909,0.3588961336365892,0.3262869136243493
openml_382_ipums_la_97-small,0.4067220268547149,0.3559321137801138,0.3679447918996072,0.3984988858466421,0.3495740682237474,0.3597030389568703,0.3782726333529482,0.3515391556375983,0.3140830904123344,0.3665826664789849,0.3419686079367744,0.3034230381860683,0.3662107459346111,0.3359553009410649,0.2760099937653197,0.3789418978025553,0.3523598751844742,0.3227747395141923,0.3505164092519563,0.3317077876258723,0.2662755810139264,0.3820051345476888,0.3243001087495516,0.3280922708937486,0.3789495044086248,0.3494685370739352,0.3131850865607206,0.3890425291186295,0.3130281940000641,0.3386683828549506,0.4093490781157616,0.3544432382082383,0.3694643080834093,0.3331449063290658,0.2383256323441241,0.0,0.380462212202749,0.3301699081203127,0.3059107320304672
openml_39_ecoli,0.6335310612883461,0.6196178742277987,0.0,0.6207561069061827,0.602004658674379,0.0,,,,,,,,,,,,,,,,,,,,,,0.125,0.0140449438202247,0.0,0.6214024830461161,0.603328023937917,0.0,0.4594289271823421,0.45216312863249,0.0,0.5555472159283398,0.5607611567455021,0.0
openml_40474_thyroid-allbp,0.6425348034079793,0.4725277912677293,0.6335987588762247,0.6136785508865115,0.4756071092066752,0.5969880364207528,0.6136876741560963,0.4736967983665114,0.5996992351218243,0.5795625552645106,0.4600288611015947,0.5706072011280615,0.5953170725540772,0.4800575291778848,0.5818028069771609,0.6228431650111477,0.4643422527792116,0.6138687028446097,0.6054311790271629,0.4848231587540909,0.5973120441266432,0.6150478426237264,0.4583835071793158,0.604376759324305,0.6303418631427884,0.4785341350659073,0.6200791147671872,0.5929974297486292,0.38930124110839,0.5609843818812145,0.6240555996554619,0.4742392663683139,0.6176705840120819,0.5925392457803628,0.505158934409954,0.5786776635563897,0.5717273751416143,0.5174457911163752,0.5572524874721293
openml_40475_thyroid-allhyper,0.6425348034079793,0.4725277912677293,0.6335987588762247,0.6136785508865115,0.4756071092066752,0.5969880364207528,0.6136876741560963,0.4736967983665114,0.5996992351218243,0.5795625552645106,0.4600288611015947,0.5706072011280615,0.5953170725540772,0.4800575291778848,0.5818028069771609,0.6228431650111477,0.4643422527792116,0.6138687028446097,0.6054311790271629,0.4848231587540909,0.5973120441266432,0.6150478426237264,0.4583835071793158,0.604376759324305,0.6303418631427884,0.4785341350659073,0.6200791147671872,0.5929974297486292,0.38930124110839,0.5609843818812145,0.6240555996554619,0.4742392663683139,0.6176705840120819,0.5925392457803628,0.505158934409954,0.5786776635563897,0.5717273751416143,0.5174457911163752,0.5572524874721293
openml_40476_thyroid-allhypo,0.6425348034079793,0.4725277912677293,0.6335987588762247,0.6136785508865115,0.4756071092066752,0.5969880364207528,0.6136876741560963,0.4736967983665114,0.5996992351218243,0.5795625552645106,0.4600288611015947,0.5706072011280615,0.5953170725540772,0.4800575291778848,0.5818028069771609,0.6228431650111477,0.4643422527792116,0.6138687028446097,0.6054311790271629,0.4848231587540909,0.5973120441266432,0.6150478426237264,0.4583835071793158,0.604376759324305,0.6303418631427884,0.4785341350659073,0.6200791147671872,0.5929974297486292,0.38930124110839,0.5609843818812145,0.6240555996554619,0.4742392663683139,0.6176705840120819,0.5925392457803628,0.505158934409954,0.5786776635563897,0.5717273751416143,0.5174457911163752,0.5572524874721293
openml_40477_thyroid-allrep,0.6425348034079793,0.4725277912677293,0.6335987588762247,0.6136785508865115,0.4756071092066752,0.5969880364207528,0.6136876741560963,0.4736967983665114,0.5996992351218243,0.5795625552645106,0.4600288611015947,0.5706072011280615,0.5953170725540772,0.4800575291778848,0.5818028069771609,0.6228431650111477,0.4643422527792116,0.6138687028446097,0.6054311790271629,0.4848231587540909,0.5973120441266432,0.6150478426237264,0.4583835071793158,0.604376759324305,0.6303418631427884,0.4785341350659073,0.6200791147671872,0.5929974297486292,0.38930124110839,0.5609843818812145,0.6240555996554619,0.4742392663683139,0.6176705840120819,0.5925392457803628,0.505158934409954,0.5786776635563897,0.5717273751416143,0.5174457911163752,0.5572524874721293
openml_40478_thyroid-dis,0.6425348034079793,0.4725277912677293,0.6335987588762247,0.6136785508865115,0.4756071092066752,0.5969880364207528,0.6136876741560963,0.4736967983665114,0.5996992351218243,0.5795625552645106,0.4600288611015947,0.5706072011280615,0.5953170725540772,0.4800575291778848,0.5818028069771609,0.6228431650111477,0.4643422527792116,0.6138687028446097,0.6054311790271629,0.4848231587540909,0.5973120441266432,0.6150478426237264,0.4583835071793158,0.604376759324305,0.6303418631427884,0.4785341350659073,0.6200791147671872,0.5929974297486292,0.38930124110839,0.5609843818812145,0.6240555996554619,0.4742392663683139,0.6176705840120819,0.5925392457803628,0.505158934409954,0.5786776635563897,0.5717273751416143,0.5174457911163752,0.5572524874721293
openml_40497_thyroid-ann,0.9987575902430504,0.9839477046603676,0.998755804602666,0.9987575902430504,0.9839477046603676,0.998755804602666,0.9986620518843996,0.9822438497218026,0.9986601290813274,0.9986620518843996,0.9822438497218026,0.9986601290813274,0.9807298164215784,0.9655774536866516,0.9805531057607416,0.9986620518843996,0.9822438497218026,0.9986601290813274,0.9987575902430504,0.9839477046603676,0.998755804602666,0.9986620518843996,0.9822438497218026,0.9986601290813274,0.9986620518843996,0.9822438497218026,0.9986601290813274,0.9902532786018576,0.903981751642688,0.9901495937850228,0.9986620518843996,0.9830249419891154,0.9986601290813274,0.8921493284559682,0.9187480681803316,0.8787670694299012,0.9288153361610116,0.9434707434858576,0.9240932865837524
openml_40498_wine-quality-white,0.4271430710774024,0.3833759059315202,0.0,0.4207946406678096,0.3856710613212109,0.0,,,,0.3889432927767131,0.3484849905973328,0.0,,,,,,,0.3467664456408829,0.3250560902163234,0.0,,,,,,,0.1428571428571428,0.0731416906200321,0.0,0.3806628438509632,0.3571089454665541,0.0,0.2452535739322466,0.2445164431775329,0.0,0.2898139428858721,0.2886637313706033,0.0
openml_40663_calendarDOW,0.5843270324856346,0.5748151638008278,0.5699914342096872,0.5464732320646299,0.5439731280055643,0.5281943389391163,0.5569967855720543,0.5543327279079634,0.5328350487500942,0.5462009301928656,0.5452300441256743,0.5207983615464141,0.5463706832792854,0.5455785074245835,0.5241363068225088,,,,0.547202949877681,0.5428660657979866,0.5159323057242449,0.5591739915799055,0.5334864370415943,0.5203432060501438,0.5698771121351766,0.5641269111523965,0.5486557734169834,0.5723873527905785,0.5539217676602429,0.5444109497579381,0.5792289639870285,0.5595067860720323,0.5524418977261737,0.5609088581669227,0.5386195699062809,0.5257562173438105,0.5818193519940832,0.5616141457217858,0.5524032841225707
openml_40664_car-evaluation,0.9511650736772688,0.9059465892360598,0.950497770013742,0.9406840143275372,0.9113654395191704,0.9397632826902096,0.9398339100576836,0.91321927237357,0.938419083565945,0.9306301811588944,0.905494003756241,0.929310985178209,0.9193158449018992,0.9001326704623956,0.9169390026041015,0.9375548970679852,0.9122844915906752,0.9363133400208832,0.8970067125426228,0.881493634938704,0.89164690679361,0.9488523986287464,0.9035324865002172,0.9482704371719096,0.9360460312698048,0.9100351314765271,0.9347989292131486,0.8240331851585201,0.6788916297968174,0.8108143586229138,0.9319716818179552,0.878945941989573,0.9306237654883226,0.614926088704559,0.5200591793856354,0.0,0.7727134421698522,0.7212674871694288,0.7052372983918714
openml_40672_fars,0.6178582115178861,0.4258519663590898,0.2770910752591447,0.6218198016560255,0.4183772349713655,0.2678894577661824,0.6204732091483056,0.4390271664035624,0.2698242780495216,0.6099399420163724,0.3934799287959182,0.0,,,,0.610925413121584,0.3788046843847916,0.0821087071316392,0.4835729940105324,0.413538201930833,0.0,0.6113487368632038,0.4624145650985745,0.30074721861552,0.6231220762783313,0.4556821109961448,0.3077317425910772,0.4850795137100321,0.3782804981836203,0.0,0.618175921545585,0.4609780667717419,0.448495093022752,0.5676257679127821,0.4974842915997421,0.4183303511734071,0.5787668631722641,0.4924004390180003,0.434629761095912
openml_40682_thyroid-new,0.9644444444444444,0.9361908913069422,0.963011006875904,0.8896296296296295,0.886834598573729,0.8792376308898296,0.9055555555555556,0.9102073498224889,0.8949893621575539,0.9148148148148147,0.9197306664616242,0.907781455809726,0.9107407407407409,0.9096389115465998,0.8992876164937633,0.9011111111111112,0.9018495729281388,0.8947552437524539,0.9011111111111112,0.8980311481768227,0.8915587932853984,0.9014814814814814,0.903889131325984,0.8894122273486537,0.9055555555555556,0.9102073498224889,0.8949893621575539,0.8711111111111111,0.778073404657674,0.8563392166134914,0.9307407407407408,0.9084658083049498,0.9266190973393434,0.8537037037037037,0.8678932092802162,0.835136106383072,0.9055555555555556,0.8787999086883556,0.900427615323116
openml_40686_solar-flare,0.6679897267483473,0.6212961862836598,0.5586580591480635,0.6306341627720937,0.6172071566333407,0.5345525733290015,0.6332721990653024,0.6297281450731873,0.3441313081975645,0.6766654035619553,0.6653621935474251,0.5985526194382418,0.6671653404067198,0.6499267579065818,0.5868904400017408,,,,0.645185802703044,0.6380932443830994,0.5472974297491394,0.6536630878699844,0.6105599954484879,0.5356195852313267,0.6357874615805651,0.6316500025176203,0.3715877184253265,0.6293361963706792,0.5974879444392607,0.3549239853668905,0.6609274556860764,0.614894166203464,0.5300535635258118,0.6238368068712897,0.5825355744362651,0.319505478814108,0.6386432571260158,0.6063977335405907,0.5251398859212676
openml_40691_wine-quality-red,0.4119061150300957,0.3833955933832731,0.1451425359855483,0.3471033844931892,0.3343580642181289,0.0,0.3566594997574568,0.3359305288139908,0.0,0.3653271496442298,0.3472924669278679,0.0,0.3601576348643749,0.3443056493060741,0.0,,,,0.3655644401894461,0.3616504379263427,0.0,0.3617514467604467,0.2780451167945772,0.0,0.3405083725269313,0.3229119866224228,0.0,0.3305033023721765,0.1591284653345724,0.2575992263782006,0.3558987640112976,0.3335987842779352,0.0,0.3212357767431028,0.2960671127157337,0.0,0.3290552163036754,0.3272561785611091,0.0
openml_40700_cars1,0.7487243186940765,0.7249308491677757,0.7398202572670245,0.7545396379495589,0.7316196494525781,0.7494728558823938,0.7499852372598926,0.7288246951388846,0.7422113209146853,0.727726346476592,0.7090222632650741,0.7171372688248673,0.7467522302367753,0.7280390797102876,0.7371943848791075,0.7668718537498239,0.7348858576022491,0.755673865995197,0.779394187194352,0.7523800197275552,0.7683384729928529,0.707302506249916,0.6710156408363973,0.6993497881911415,0.7486134951474098,0.7265310133353102,0.7410609061238516,0.698088226936269,0.65525797132293,0.6959012193238644,0.7188142137869171,0.694483220487356,0.7089020165152252,0.6206566047695619,0.5788585908273173,0.5790345955223422,0.6785946555005116,0.652930761147958,0.6602856597852425
openml_40707_allbp,0.8990294482991312,0.6572655945490986,0.8973556104048251,0.8795366082149125,0.654236146226963,0.8736832662419015,0.8737050797043672,0.6426920557412047,0.8671920217731847,0.8113755294303923,0.6756467362201043,0.7900832304614398,0.8362928657192996,0.6604517807162903,0.8257479929799484,0.8630104255611916,0.6418328698221664,0.856017115966095,0.7873613773578149,0.6582451128732673,0.7664011187692125,0.8735657078015469,0.6452730709256552,0.8668094776091088,0.876619185219114,0.6496095001437645,0.8697796162698997,0.3333333333333333,0.1104322630145479,0.0,0.8537045142246424,0.6418530285889872,0.8473193560785598,0.6998114313611286,0.5809038995432548,0.6193137974086708,0.7922670647643928,0.6379795073608276,0.7739313743462696
openml_40708_allrep,0.8629304494847257,0.6295795883659646,0.8478220348849197,0.8656176836686704,0.6583268262128096,0.8497954141996567,0.8472913919048789,0.673784624988214,0.8241989087024967,0.8314866064841877,0.6740238204374324,0.8123005273559079,0.8260727530875558,0.6449006719384287,0.7910743742340434,0.8394555691019506,0.6742090092653609,0.8114025891529663,0.8164052727350909,0.6708979621495127,0.7857164904075482,0.8454410629575103,0.6358027173856617,0.8226212449149145,0.8472913919048789,0.673784624988214,0.8241989087024967,0.8139485697051486,0.4842794630275174,0.7963549028105712,0.837701087289903,0.5838146781769742,0.8060010151757147,0.4954904110767114,0.3866540544463379,0.0,0.5127003718818735,0.4424662253204414,0.0
openml_40966_MiceProtein,0.9521428571428572,0.9530300440013674,0.9512743603282257,0.9455687830687832,0.9466341664995692,0.9446984480252638,0.9477248677248676,0.948463737037812,0.9468485751109178,0.9597751322751324,0.9592899700150485,0.9593051905762264,0.960515873015873,0.960360795055987,0.9600371732764804,0.9555423280423282,0.9554321674538468,0.9547001887981303,0.956851851851852,0.957355961608094,0.9560684958336232,0.9051984126984128,0.9051281519156502,0.901953613560618,0.9477248677248676,0.948463737037812,0.9468485751109178,0.9237962962962962,0.9246380268867774,0.9230007643859192,0.9521428571428572,0.9530300440013674,0.9512743603282257,0.9131349206349206,0.911447899769906,0.909327895867994,0.9248280423280424,0.9251986740029228,0.922633221327914
openml_40975_car,0.9441233832991603,0.9000296440315542,0.942826279803576,0.956227611825874,0.9262753194773664,0.955336336918976,0.9534617357138062,0.9253072351197852,0.9521562896178656,0.957332774991647,0.927017303506096,0.9568124814750744,0.9315604056836758,0.9107558591818896,0.9295414740297612,0.9584544831446052,0.9319777314585516,0.957868380937685,0.9379753656482284,0.9146098121919572,0.9366430516372404,0.9443182756508942,0.9032481809017056,0.9435950530832504,0.9581485070403954,0.9300292456409632,0.9572227070936216,0.8355854613100484,0.6735213330116867,0.8238267860684196,0.8686130655896531,0.796840333181018,0.8555087296817069,0.6273322048589786,0.5409038159351007,0.0,0.8462463246709016,0.7961235839727844,0.828805814687886
openml_40982_steel-plates-fault,0.8008010568909966,0.7825903470700224,0.7916521768823118,0.8063630335336164,0.7888557073206962,0.7971895466500474,0.8061114771161965,0.7864097627636047,0.7967272955327166,0.8120498022018484,0.7908084248229067,0.8011135243772193,0.820423345822066,0.8023704920947569,0.8099948906272156,0.8154097924045591,0.7876875379801674,0.8028398720140518,0.7865399805417921,0.7775926785704845,0.7750780473832465,0.7982729926963232,0.7446591247188569,0.7829869865160055,0.8062397897375696,0.7892454929318077,0.7978136537316963,0.7257935893226309,0.6389976884228191,0.6931836800033965,0.7873764751122607,0.7653026680933168,0.7774094589046495,0.7157907723631057,0.6767968904726738,0.673882778900813,0.7707848901837703,0.7483532645056142,0.7554795199510198
openml_41671_microaggregation2,0.491244587063276,0.3972676735271377,0.4742066673990355,0.4868957503997493,0.3919569919038408,0.469272261202302,0.4912552527633463,0.4014075922214906,0.4792854031949892,0.4789662148754954,0.3938128485485609,0.4631995344062201,0.4643973123634898,0.4141048490960746,0.4371938979656365,0.4900590164497146,0.3933055616481367,0.4734732840782869,0.4505329449650748,0.3825020206912574,0.4357532848153551,0.4830588040562347,0.3751821802261063,0.468952264700742,0.4928249373112685,0.4021652218737151,0.4813264757200746,0.4651643594664605,0.3640818051520741,0.4519391743081273,0.4809112673909095,0.3961280753218463,0.4620063706587685,0.383306342936845,0.3231994701477496,0.268501521170477,0.4390683367980175,0.3870370875817248,0.3836402211527474
openml_41703_MIP-2016-classification,0.9762641613705444,0.9750828119249172,0.97590864621593,0.9649396702588192,0.9656483558936716,0.964510481916644,,,,0.9230926284117772,0.9401840330093856,0.919728892694852,,,,,,,,,,,,,,,,0.2,0.1112582781456953,0.0,0.8384698044272512,0.7773237123158547,0.8343973530824037,0.5468898713579564,0.3667282946996794,0.4308073765952111,0.6418286205520248,0.5748593846954503,0.5848427265827032
openml_42167_stress,0.7014997581035317,0.6778962172946854,0.322503080920681,0.5803557029972125,0.5636752692000432,0.0,,,,0.6102529545925772,0.5963105823548245,0.0,,,,,,,,,,,,,,,,0.3333333333333333,0.2936333027242118,0.0,0.6776902342940079,0.5958122385886916,0.2975925702710769,0.6325938212730665,0.5779500461228224,0.2676216136403418,0.6402423572234892,0.5517805010801494,0.2862705876374077
openml_42169_epiparo_extract,0.9341153466806776,0.8620526308598714,0.9314709748666552,0.9721530888778276,0.9070142904098129,0.9712735324747288,,,,0.9172053306417416,0.9263026773107418,0.9133051130189622,,,,,,,,,,,,,,,,0.1666666666666666,0.0598290598290598,0.0,0.6658952537654629,0.6050202552931284,0.0,0.4211050273768044,0.3918299993264633,0.0,0.5073468581199417,0.508112892931471,0.0
openml_42345_Traffic_violations,0.8552872826323688,0.8545774831318789,0.8435527755107479,0.8553947362565483,0.8547038377857411,0.8437622853127991,0.854827857598795,0.8542022379364398,0.8435268028279062,0.8546903979884561,0.8541133873821593,0.8436434591090757,0.8547956467332889,0.8534182982837945,0.8436379846611889,,,,0.8547598443774486,0.854174073271123,0.8436700140519813,0.8366354390508092,0.8361058046725423,0.8258650362290508,0.853444933668967,0.8528883328922482,0.8424879524514947,0.8438006507697863,0.8431441679238788,0.8334116846198798,0.853526340436752,0.8529059710239643,0.8422298375401218,0.8339385712759012,0.833043078254553,0.8212300530512472,0.8465396171437,0.8461795013002815,0.8364603569520264
openml_42530_Midwest_Survey,0.880281419780882,0.8700564517571664,0.8702704548540048,0.879492330353516,0.8730479501440414,0.867248694492385,0.8631710608983751,0.8526675748843656,0.8434271116567181,0.8486136661299066,0.8394420978600449,0.8225329414495635,0.8569019119067046,0.8474768711223096,0.8359412269769967,0.8578498912911136,0.8488438242735001,0.8396759384993433,0.8444024166872953,0.8363168722842008,0.8130111571247008,0.8347878611651609,0.8027901001947697,0.81250964321061,0.8631926529134502,0.8524040768753399,0.8452864665789385,0.8563837314526676,0.8295335287855728,0.8469333287656413,0.878477597234439,0.8656748786956818,0.8710620771302859,0.3622626918926584,0.3063364337642009,0.0,0.7126969545453017,0.7165947662059654,0.6846887713309231
openml_42532_Midwest_Survey_nominal,0.880387273268408,0.8715248973018482,0.8707613002640375,0.8800430789797122,0.8743335015310084,0.8677717241561057,0.8609017408052054,0.8510472209615472,0.8406363813715577,0.8455746988435081,0.8370865039709239,0.8198168995094336,0.8523687337701488,0.8431099151083173,0.8311773352409698,0.8584914500086173,0.8496495389914958,0.8385973998498043,0.8420658702595052,0.8342187963655056,0.8062132535380707,0.838728939613981,0.8061433448787522,0.8161199228447176,0.8620472830430886,0.8526610413474547,0.8416859692371855,0.859749316509554,0.83354192544147,0.8513305462628744,0.8774642643081982,0.8656357814015804,0.8682199891557639,0.3741470285634391,0.3149741427827078,0.0,0.7125432484536137,0.7162416956382013,0.681316084127301
openml_42585_penguins,0.9762386500493916,0.97608887629841,0.975598055579639,0.9762386500493916,0.97608887629841,0.975598055579639,0.9784608722716138,0.9795954395151184,0.9778477648616754,0.9697027023369734,0.9659191518429714,0.9689295922660688,0.969659129352224,0.9658075997141072,0.9689013483370184,0.975703324808184,0.9737567421790724,0.9752510059540248,0.9740164278271696,0.972659451565959,0.9733168792849448,0.9784608722716138,0.9795954395151184,0.9778477648616754,0.9784608722716138,0.9795954395151184,0.9778477648616754,0.9788473457015656,0.9763903125783734,0.9784992296208078,0.9762386500493916,0.97608887629841,0.975598055579639,0.985900485798184,0.9834538235610556,0.985800740789896,0.9762386500493916,0.97608887629841,0.975598055579639
openml_42768_Midwest_survey,0.8868002026187082,0.8757390035865763,0.8777498625172099,0.8848442785547563,0.8783491442658314,0.8732426596514914,0.8731067770263046,0.8622891171693642,0.8531967481963886,0.852878268794908,0.8459957514891748,0.8166580083110401,0.8586047374892519,0.8509908262166822,0.8292956965774305,0.8707744203561346,0.8619752307333135,0.8549482759762386,0.8573946307771099,0.8509523994734579,0.8323214700238454,0.8421919059296942,0.8119693006475562,0.8176576533268406,0.8721009873830062,0.8613959390271068,0.8516701607285521,0.8674103577644905,0.8395854874918643,0.8591156603560292,0.8836752755209708,0.8690457745351582,0.8764598440681182,0.3386002356693227,0.2607795770015521,0.0,0.7171813820263336,0.7236412157010085,0.6889150720741872
openml_43028_dgf_96f4164d-956d-4c1c-b1,0.7690660210813443,0.6699427906562373,0.7156515282442251,0.78712424841672,0.7289897380287331,0.5354752411391587,0.8035274383375649,0.7477431469352122,0.5374966205391113,0.7729252407966598,0.682008464983101,0.512518194543432,0.7520666116768715,0.7162580899789791,0.4883541480873942,,,,0.75920450980411,0.7346907193049649,0.4567859947908474,0.7912802800377751,0.7110425545378162,0.5345693047764493,0.804257799594242,0.7599202886958004,0.5382158183938496,0.1666666666666666,0.0811899425363384,0.0,0.7378066858746406,0.6462634223709584,0.673059942787412,0.5101061373546383,0.3954003515032987,0.0,0.6486183493511941,0.5944494606428905,0.3558714593770664
openml_43044_drug-directory,0.9667197199136044,0.8413737203337502,0.9657149587590858,0.9678816676112402,0.9167682392077224,0.9669379669133455,,,,,,,,,,,,,0.9637968791204896,0.925389739255376,0.9625561649644644,,,,,,,0.1428571428571428,0.0695489101664394,0.0,0.9655068522371768,0.8436145324369994,0.9645043311379564,0.8730864888727995,0.816848345834348,0.8325467121639397,0.922165993126612,0.8347700772965284,0.914028447830467
openml_4340_Engine1,0.980254215304799,0.978331773447914,0.980153467998538,0.9881815823605709,0.9862111285577636,0.9881453666985044,,,,0.976508430609598,0.969019595916588,0.9762388415263258,,,,,,,,,,,,,,,,0.3333333333333333,0.2677083333333333,0.0,0.9736964980544748,0.9705689741515467,0.9735203203119124,0.944508430609598,0.944508430609598,0.9433989141004604,0.9522178988326848,0.9575700356227635,0.950767709229936
openml_43921_car_evaluation,0.9441233832991603,0.9000296440315542,0.942826279803576,0.956227611825874,0.9262753194773664,0.955336336918976,0.9534617357138062,0.9253072351197852,0.9521562896178656,0.957332774991647,0.927017303506096,0.9568124814750744,0.9315604056836758,0.9107558591818896,0.9295414740297612,0.9584544831446052,0.9319777314585516,0.957868380937685,0.9379753656482284,0.9146098121919572,0.9366430516372404,0.9443182756508942,0.9032481809017056,0.9435950530832504,0.9581485070403954,0.9300292456409632,0.9572227070936216,0.8355854613100484,0.6735213330116867,0.8238267860684196,0.8686130655896531,0.796840333181018,0.8555087296817069,0.6273322048589786,0.5409038159351007,0.0,0.8462463246709016,0.7961235839727844,0.828805814687886
openml_43923_mushroom,0.7832561159345584,0.7691804462676983,0.0,0.7827635580159531,0.7716425862249555,0.0,,,,0.7840105228544805,0.7794676712276603,0.0,,,,,,,,,,,,,,,,0.2,0.1,0.0,0.7671342081805297,0.7464504815242304,0.0,0.6570236294113182,0.6586547487813539,0.2755953514225256,0.6915384010762067,0.7030777756984672,0.0
openml_44153_vehicle_reproduced,0.7409913240196694,0.7271026359358143,0.7015866979321407,0.7398755415566618,0.7260962547353249,0.6996209423356533,0.732821975610595,0.7179794422008889,0.6892044199699926,0.7494666478504824,0.7357762029836126,0.7123746507011751,0.7457049857278001,0.732102214424983,0.7080527693667443,,,,0.7363642380453582,0.7227566192110347,0.6955979229203718,0.6498092070480167,0.6015521580409402,0.541141399591638,0.7268551178940266,0.7087847952575702,0.6786975904791238,0.743412523213217,0.7290943745902111,0.7041412221809069,0.7329157590762515,0.7138411053999641,0.687105904253419,0.6500658313146255,0.6009423376177768,0.5394020472156711,0.6943654335540949,0.6645110201582682,0.6292713978162688
openml_44468_yeast_seed_0_nrows_2000_n,0.5933588713653302,0.5334611237573921,0.0,0.5711729952193948,0.52400250694178,0.0,,,,,,,,,,,,,0.5880284443408276,0.5529654131098859,0.5138612510584405,,,,,,,0.3392731236638046,0.2092609510867291,0.0,0.5741446434055826,0.5306882715896052,0.17300431489246,0.4853750881590624,0.4693319751395569,0.0,0.5368320954526044,0.5018188149423141,0.0
openml_44469_yeast_seed_1_nrows_2000_n,0.5933588713653302,0.5334611237573921,0.0,0.5711729952193948,0.52400250694178,0.0,,,,,,,,,,,,,0.5880284443408276,0.5529654131098859,0.5138612510584405,,,,,,,0.3392731236638046,0.2092609510867291,0.0,0.5741446434055826,0.5306882715896052,0.17300431489246,0.4853750881590624,0.4693319751395569,0.0,0.5368320954526044,0.5018188149423141,0.0
openml_44470_yeast_seed_2_nrows_2000_n,0.5933588713653302,0.5334611237573921,0.0,0.5711729952193948,0.52400250694178,0.0,,,,,,,,,,,,,0.5880284443408276,0.5529654131098859,0.5138612510584405,,,,,,,0.3392731236638046,0.2092609510867291,0.0,0.5741446434055826,0.5306882715896052,0.17300431489246,0.4853750881590624,0.4693319751395569,0.0,0.5368320954526044,0.5018188149423141,0.0
openml_44471_yeast_seed_3_nrows_2000_n,0.5933588713653302,0.5334611237573921,0.0,0.5711729952193948,0.52400250694178,0.0,,,,,,,,,,,,,0.5880284443408276,0.5529654131098859,0.5138612510584405,,,,,,,0.3392731236638046,0.2092609510867291,0.0,0.5741446434055826,0.5306882715896052,0.17300431489246,0.4853750881590624,0.4693319751395569,0.0,0.5368320954526044,0.5018188149423141,0.0
openml_44472_yeast_seed_4_nrows_2000_n,0.5933588713653302,0.5334611237573921,0.0,0.5711729952193948,0.52400250694178,0.0,,,,,,,,,,,,,0.5880284443408276,0.5529654131098859,0.5138612510584405,,,,,,,0.3392731236638046,0.2092609510867291,0.0,0.5741446434055826,0.5306882715896052,0.17300431489246,0.4853750881590624,0.4693319751395569,0.0,0.5368320954526044,0.5018188149423141,0.0
openml_44503_steel-plates-fault_seed_0,0.8008010568909966,0.7825903470700224,0.7916521768823118,0.8063630335336164,0.7888557073206962,0.7971895466500474,0.8061114771161965,0.7864097627636047,0.7967272955327166,0.8120498022018484,0.7908084248229067,0.8011135243772193,0.820423345822066,0.8023704920947569,0.8099948906272156,0.8154097924045591,0.7876875379801674,0.8028398720140518,0.7865399805417921,0.7775926785704845,0.7750780473832465,0.7982729926963232,0.7446591247188569,0.7829869865160055,0.8062397897375696,0.7892454929318077,0.7978136537316963,0.7257935893226309,0.6389976884228191,0.6931836800033965,0.7873764751122607,0.7653026680933168,0.7774094589046495,0.7157907723631057,0.6767968904726738,0.673882778900813,0.7707848901837703,0.7483532645056142,0.7554795199510198
openml_44504_steel-plates-fault_seed_1,0.8008010568909966,0.7825903470700224,0.7916521768823118,0.8063630335336164,0.7888557073206962,0.7971895466500474,0.8061114771161965,0.7864097627636047,0.7967272955327166,0.8120498022018484,0.7908084248229067,0.8011135243772193,0.820423345822066,0.8023704920947569,0.8099948906272156,0.8154097924045591,0.7876875379801674,0.8028398720140518,0.7865399805417921,0.7775926785704845,0.7750780473832465,0.7982729926963232,0.7446591247188569,0.7829869865160055,0.8062397897375696,0.7892454929318077,0.7978136537316963,0.7257935893226309,0.6389976884228191,0.6931836800033965,0.7873764751122607,0.7653026680933168,0.7774094589046495,0.7157907723631057,0.6767968904726738,0.673882778900813,0.7707848901837703,0.7483532645056142,0.7554795199510198
openml_44505_steel-plates-fault_seed_2,0.8008010568909966,0.7825903470700224,0.7916521768823118,0.8063630335336164,0.7888557073206962,0.7971895466500474,0.8061114771161965,0.7864097627636047,0.7967272955327166,0.8120498022018484,0.7908084248229067,0.8011135243772193,0.820423345822066,0.8023704920947569,0.8099948906272156,0.8154097924045591,0.7876875379801674,0.8028398720140518,0.7865399805417921,0.7775926785704845,0.7750780473832465,0.7982729926963232,0.7446591247188569,0.7829869865160055,0.8062397897375696,0.7892454929318077,0.7978136537316963,0.7257935893226309,0.6389976884228191,0.6931836800033965,0.7873764751122607,0.7653026680933168,0.7774094589046495,0.7157907723631057,0.6767968904726738,0.673882778900813,0.7707848901837703,0.7483532645056142,0.7554795199510198
openml_44506_steel-plates-fault_seed_3,0.8008010568909966,0.7825903470700224,0.7916521768823118,0.8063630335336164,0.7888557073206962,0.7971895466500474,0.8061114771161965,0.7864097627636047,0.7967272955327166,0.8120498022018484,0.7908084248229067,0.8011135243772193,0.820423345822066,0.8023704920947569,0.8099948906272156,0.8154097924045591,0.7876875379801674,0.8028398720140518,0.7865399805417921,0.7775926785704845,0.7750780473832465,0.7982729926963232,0.7446591247188569,0.7829869865160055,0.8062397897375696,0.7892454929318077,0.7978136537316963,0.7257935893226309,0.6389976884228191,0.6931836800033965,0.7873764751122607,0.7653026680933168,0.7774094589046495,0.7157907723631057,0.6767968904726738,0.673882778900813,0.7707848901837703,0.7483532645056142,0.7554795199510198
openml_44507_steel-plates-fault_seed_4,0.8008010568909966,0.7825903470700224,0.7916521768823118,0.8063630335336164,0.7888557073206962,0.7971895466500474,0.8061114771161965,0.7864097627636047,0.7967272955327166,0.8120498022018484,0.7908084248229067,0.8011135243772193,0.820423345822066,0.8023704920947569,0.8099948906272156,0.8154097924045591,0.7876875379801674,0.8028398720140518,0.7865399805417921,0.7775926785704845,0.7750780473832465,0.7982729926963232,0.7446591247188569,0.7829869865160055,0.8062397897375696,0.7892454929318077,0.7978136537316963,0.7257935893226309,0.6389976884228191,0.6931836800033965,0.7873764751122607,0.7653026680933168,0.7774094589046495,0.7157907723631057,0.6767968904726738,0.673882778900813,0.7707848901837703,0.7483532645056142,0.7554795199510198
openml_44513_dilbert_seed_0_nrows_2000,0.7880071991402167,0.7864028637883216,0.7833059260460261,0.7894354649895714,0.7882143326491127,0.7853232294117082,0.7934559875525994,0.7921142651406846,0.7893177528318569,0.7916831433993273,0.7900868505546113,0.7870199895268296,0.7930410496295414,0.791349647791458,0.7883267050714178,,,,0.7855578918338871,0.7839966502937061,0.7805837146943378,0.6405059165634404,0.6324751628333334,0.6209247660983551,0.7866074910911601,0.785014426595522,0.7815132988721206,0.7847380538479478,0.7829490116988899,0.7801330872100012,0.7842362751470898,0.7824964624163178,0.7794624532738162,0.6401848415679715,0.6254942827645895,0.6030360498235372,0.7235344038474317,0.715608830872542,0.7072585102248489
openml_44514_dilbert_seed_1_nrows_2000,0.8017405693154201,0.799810844555697,0.7968462483112219,0.7992430905976198,0.7971729517949838,0.7941798734705966,0.8048212912618496,0.8028592703785625,0.7998223542985942,0.8068825061901436,0.8053220155068299,0.8026713651234941,0.804319173953921,0.8024110363814735,0.7993782395828978,,,,0.7992208498232234,0.7973654883990088,0.7942526695720046,0.6612409530188237,0.6518391474847528,0.6376044816425658,0.7937187013652808,0.7911840849914338,0.7875707807577029,0.7954185246820179,0.7932392858242711,0.7901456622323506,0.7908369572304942,0.7878899567222235,0.7839174929340785,0.6518213629784696,0.6338143070085348,0.6071399475317393,0.7271434196602834,0.7188007865816584,0.7085884041330862
openml_44515_dilbert_seed_2_nrows_2000,0.8101284186714043,0.8096041592040243,0.8071349613547306,0.801090075917005,0.8004398525108165,0.7975794352943205,0.8045178440087843,0.8036873287166858,0.8008519452838495,0.8035690305809619,0.8029766331303737,0.8001212036565777,0.8034341925668734,0.8028482228907414,0.7999715539684612,,,,0.796033253985012,0.7954251208951902,0.7926668595293354,0.6653624339139156,0.6594647550530212,0.6503565359233713,0.7981723346397503,0.797111100079224,0.7940797557277359,0.7976136311277159,0.7968222226060148,0.7936676271492615,0.7956748415313504,0.7943363755690315,0.7911753783256043,0.6712513225432731,0.6591278373777446,0.6387771324381495,0.7563660776488805,0.7520054370950605,0.7452630237067689
openml_44516_dilbert_seed_3_nrows_2000,0.8065659713117981,0.8055311821824848,0.8031272624286138,0.8046118262524793,0.8032979434308644,0.8008586911903665,0.803608334907954,0.8024128850931987,0.7997822010685643,0.8006182672596166,0.7994321796112359,0.7966985426550371,0.8075527219288036,0.8062443335187629,0.8036503740402509,,,,0.8005137829222512,0.7991402918580391,0.7965158971603534,0.6861654391615811,0.6824271296209578,0.6748378818418654,0.7994454576811943,0.7979078876982589,0.7949821527855804,0.797062515831812,0.7953869038048292,0.7921191510474702,0.7990826546220194,0.7976581520972511,0.7949899815119981,0.6965908253564356,0.6888324449071913,0.672511130454129,0.7620561906017942,0.7567671846858707,0.7499233900569604
openml_44517_dilbert_seed_4_nrows_2000,0.7900617638820445,0.7877537779564907,0.7845871733638962,0.7888192447095194,0.7866873681974509,0.783569972830275,0.7864275480475996,0.7842810725409701,0.781059003500102,0.786525154762126,0.7841927130711198,0.7810538404639296,0.7868365366102483,0.7848575578533055,0.7818682079752816,,,,0.7927310084148221,0.7910319310716383,0.788212129276943,0.6335943590793761,0.6224967299349892,0.6057474735407521,0.7774185359007025,0.7747288129622598,0.7710429989625621,0.7874960521877431,0.7852417901793691,0.78224210788366,0.7774723633280196,0.7748111042577314,0.7713030278025924,0.637701185278763,0.6128413539979727,0.5769304497975211,0.7157528353937628,0.7061975237429419,0.694433391628098
openml_44518_fabert_seed_0_nrows_2000_,0.2493651991092076,0.2190515106870857,0.2031171855418712,0.2437595661276929,0.2110033571198912,0.1910120976606892,0.2288058825287985,0.2105071182208127,0.1994365205910137,0.2395777972472596,0.2121607960661243,0.1842709242565905,0.2131828079064179,0.2104235330444567,0.1771167074139729,,,,0.2141807334103942,0.2040081735003151,0.154707952609451,0.1986505092629428,0.1746504831073395,0.1442808803023685,0.2228859737904982,0.2065232695599979,0.197391203290123,0.1815075058759956,0.1534346060199583,0.1333934440127267,0.2500591082580616,0.2194455041723197,0.2087216248749737,0.1637488872077795,0.0552177974977746,0.0,0.2091237521910736,0.1720381045598907,0.1480258271382907
openml_44519_fabert_seed_1_nrows_2000_,0.2661554826076184,0.263453616398313,0.2303796073514391,0.2579401383414765,0.2588787889724305,0.2067345264451333,0.2485253242037111,0.2487114211642204,0.1982644034450472,0.2603541619855019,0.2592910051376412,0.228432868779055,0.2450962842319276,0.2458927141176113,0.1719035891001661,,,,0.2495273387630572,0.2325290263742488,0.1802878739879061,0.2363125958640508,0.1983644553124927,0.1755006078179554,0.2459968743203049,0.2462707387323524,0.1991680938070733,0.2283349457586534,0.2247069349242298,0.200826507736274,0.2530037769190966,0.2559462379302474,0.2160146821156406,0.2014823654059528,0.1222826210389951,0.0288899155757988,0.2378252638827485,0.2259597297292338,0.1831856191044706
openml_44520_fabert_seed_2_nrows_2000_,0.2700256792155996,0.2677645345715617,0.2414339766244796,0.2724887154190317,0.2599780374315236,0.2261523279212639,0.2682833626871865,0.2608548304649627,0.2291164925189358,0.2579528100407395,0.241940795252336,0.2058016475420973,0.2534827120669212,0.2335186533085946,0.1870057981522429,,,,0.2674450139686564,0.2631786264002724,0.2260786613280098,0.2269980861483359,0.1900568505980283,0.1458675734111389,0.2587691472558222,0.2434761368655971,0.2123190564049714,0.2399718609740692,0.2211766455103796,0.1962640791998617,0.2670152078761844,0.2660951342520496,0.2337067071452903,0.2053083729321292,0.1323877597526049,0.0,0.2470005278908377,0.2141798308087129,0.1628465492415051
openml_44521_fabert_seed_3_nrows_2000_,0.2330368694345176,0.2278600319339128,0.1964269356888769,0.212226887692328,0.2067040518452002,0.1590510437160494,0.2156685365767313,0.2011308298659635,0.1581243822628607,0.2225873076830361,0.2181052552914558,0.1710504490551908,0.2032109146316486,0.1914850967263014,0.1379525814110966,,,,0.1963516175735516,0.1760795364557506,0.0997767626693235,0.1835908036429522,0.1644379274105133,0.1191042990238319,0.2184065776496793,0.2076172567080418,0.1708597768288019,0.1960964016289546,0.1757165798216441,0.1566305058584059,0.2262847112836588,0.2188242406150132,0.1846455504487039,0.1931805281366052,0.1287041661934021,0.0,0.2065449125978696,0.1939379782833531,0.1547936284581843
openml_44522_fabert_seed_4_nrows_2000_,0.2572558055566152,0.2196461658704264,0.2041187687394546,0.2562393348940005,0.2291918855208621,0.210346101918464,0.2534867657542865,0.2244259918204685,0.2037140102476573,0.2472682515071349,0.2106650614836533,0.1831643525214048,0.2276524093747833,0.2053635105648369,0.1132076360023189,,,,0.2253278552240448,0.2116053667236159,0.1644728436507848,0.1765499465883958,0.1526344744441078,0.1133571259487713,0.244636632602666,0.2114356796471333,0.1827997887774979,0.20224963838932,0.1584605769645626,0.1380104986231805,0.237173871083989,0.2100144177946402,0.1933336113286388,0.1525491862137696,0.061691751152386,0.0,0.1964171261177829,0.1566323626018132,0.1310143676171346
openml_44553_vehicle_seed_0_nrows_2000,0.7409913240196694,0.7271026359358143,0.7015866979321407,0.7398755415566618,0.7260962547353249,0.6996209423356533,0.732821975610595,0.7179794422008889,0.6892044199699926,0.7494666478504824,0.7357762029836126,0.7123746507011751,0.7457049857278001,0.732102214424983,0.7080527693667443,,,,0.7363642380453582,0.7227566192110347,0.6955979229203718,0.6498092070480167,0.6015521580409402,0.541141399591638,0.7268551178940266,0.7087847952575702,0.6786975904791238,0.743412523213217,0.7290943745902111,0.7041412221809069,0.7329157590762515,0.7138411053999641,0.687105904253419,0.6500658313146255,0.6009423376177768,0.5394020472156711,0.6943654335540949,0.6645110201582682,0.6292713978162688
openml_44554_vehicle_seed_1_nrows_2000,0.7409913240196694,0.7271026359358143,0.7015866979321407,0.7398755415566618,0.7260962547353249,0.6996209423356533,0.732821975610595,0.7179794422008889,0.6892044199699926,0.7494666478504824,0.7357762029836126,0.7123746507011751,0.7457049857278001,0.732102214424983,0.7080527693667443,,,,0.7363642380453582,0.7227566192110347,0.6955979229203718,0.6498092070480167,0.6015521580409402,0.541141399591638,0.7268551178940266,0.7087847952575702,0.6786975904791238,0.743412523213217,0.7290943745902111,0.7041412221809069,0.7329157590762515,0.7138411053999641,0.687105904253419,0.6500658313146255,0.6009423376177768,0.5394020472156711,0.6943654335540949,0.6645110201582682,0.6292713978162688
openml_44555_vehicle_seed_2_nrows_2000,0.7409913240196694,0.7271026359358143,0.7015866979321407,0.7398755415566618,0.7260962547353249,0.6996209423356533,0.732821975610595,0.7179794422008889,0.6892044199699926,0.7494666478504824,0.7357762029836126,0.7123746507011751,0.7457049857278001,0.732102214424983,0.7080527693667443,,,,0.7363642380453582,0.7227566192110347,0.6955979229203718,0.6498092070480167,0.6015521580409402,0.541141399591638,0.7268551178940266,0.7087847952575702,0.6786975904791238,0.743412523213217,0.7290943745902111,0.7041412221809069,0.7329157590762515,0.7138411053999641,0.687105904253419,0.6500658313146255,0.6009423376177768,0.5394020472156711,0.6943654335540949,0.6645110201582682,0.6292713978162688
openml_44556_vehicle_seed_3_nrows_2000,0.7409913240196694,0.7271026359358143,0.7015866979321407,0.7398755415566618,0.7260962547353249,0.6996209423356533,0.732821975610595,0.7179794422008889,0.6892044199699926,0.7494666478504824,0.7357762029836126,0.7123746507011751,0.7457049857278001,0.732102214424983,0.7080527693667443,,,,0.7363642380453582,0.7227566192110347,0.6955979229203718,0.6498092070480167,0.6015521580409402,0.541141399591638,0.7268551178940266,0.7087847952575702,0.6786975904791238,0.743412523213217,0.7290943745902111,0.7041412221809069,0.7329157590762515,0.7138411053999641,0.687105904253419,0.6500658313146255,0.6009423376177768,0.5394020472156711,0.6943654335540949,0.6645110201582682,0.6292713978162688
openml_44557_vehicle_seed_4_nrows_2000,0.7409913240196694,0.7271026359358143,0.7015866979321407,0.7398755415566618,0.7260962547353249,0.6996209423356533,0.732821975610595,0.7179794422008889,0.6892044199699926,0.7494666478504824,0.7357762029836126,0.7123746507011751,0.7457049857278001,0.732102214424983,0.7080527693667443,,,,0.7363642380453582,0.7227566192110347,0.6955979229203718,0.6498092070480167,0.6015521580409402,0.541141399591638,0.7268551178940266,0.7087847952575702,0.6786975904791238,0.743412523213217,0.7290943745902111,0.7041412221809069,0.7329157590762515,0.7138411053999641,0.687105904253419,0.6500658313146255,0.6009423376177768,0.5394020472156711,0.6943654335540949,0.6645110201582682,0.6292713978162688
openml_44578_Diabetes130US_seed_0_nrow,0.4370178377914858,0.4338903707876568,0.3880461799160246,0.4486069672990104,0.4369998829582908,0.4220881974286182,0.4196495850479655,0.4154659347027896,0.3605295589130219,0.431041460662786,0.4266714580227966,0.3755345173187991,0.4298912803119967,0.4240048249628736,0.3720632648093407,0.4244365325431591,0.4162364101395377,0.3680681683748759,0.4158583100217787,0.4112580748197617,0.3681957175548185,0.4241049311612312,0.4081286364272149,0.4074921042757292,0.4154429868317993,0.4099492761849085,0.3529685090934438,0.4410679534763682,0.4100092326354824,0.4230643299207436,0.4243608353851797,0.4223116888371476,0.3666231402293654,0.4085545453958348,0.3633347688574868,0.3513992344359501,0.4300262982905118,0.4103061888910015,0.4033655311893442
openml_44579_Diabetes130US_seed_1_nrow,0.4322743802936358,0.4321940747603525,0.3835984916110533,0.4083725324146181,0.4040915015035762,0.372450084482202,0.4075584982410491,0.407601375690253,0.3243272840059192,0.4141008688741024,0.4147652891216309,0.3343561244964083,0.412139562163492,0.4124685438738344,0.3407699720621582,0.4070163035064745,0.4062033145907301,0.3181284271934575,0.40863657220249,0.4088926256689318,0.3273558013145419,0.4041964927695836,0.3907464921069943,0.3921384490512654,0.4223642127149525,0.4236741328349702,0.3548930951570148,0.437915806645528,0.4120095342479998,0.43340302378321,0.4282164836859367,0.427780372027782,0.3822630962420741,0.40950257451174,0.3640310294963933,0.3745998266772286,0.4061321230133023,0.3854053633649737,0.3878916920007549
openml_44580_Diabetes130US_seed_2_nrow,0.4423851132046684,0.4306709135144783,0.4230204113350947,0.4335356164442085,0.415105479861128,0.4169738742382118,0.4232136401746988,0.411000860033119,0.3683888432684615,0.4170814666408451,0.4041159212101911,0.3605719819654607,0.4219457220679022,0.4074538574032184,0.3692189958810707,0.4186305066249157,0.4038491429646104,0.3627240389517389,0.3797508894239799,0.3755403981721363,0.2903554926363328,0.4144488992481349,0.3925228985963045,0.4050941175739184,0.4047081258216147,0.3948866790411427,0.3429894628778958,0.3989865460720163,0.3671617968264618,0.3974935712433826,0.4309068204814615,0.4181081633159855,0.4033955135760403,0.4112679906665147,0.3402264402131265,0.3453155123716317,0.4264451707077862,0.3960451885816093,0.4094487652547798
openml_44581_Diabetes130US_seed_3_nrow,0.4438622941566263,0.4401774040442934,0.403402165939843,0.437836712424245,0.4310411233377706,0.4077170918890467,0.4215325502994915,0.4232089346223803,0.3486601952562214,0.4123115247062907,0.4126476390361678,0.3350931428100678,0.4110704379985008,0.4106964545452194,0.3291653059239663,0.4051113804835795,0.4043804186338652,0.3202152518823412,0.413223366946513,0.4114817823535697,0.3076545523159524,0.3924044823612252,0.3798864797705514,0.3693111650897387,0.4137635203356827,0.4145706529067395,0.3411787642163746,0.4212084138725262,0.3968891288543119,0.4135680127046128,0.4200805169143145,0.4142464458061769,0.3770335529302215,0.3895703856170858,0.3236551363747436,0.311174377830369,0.4087244886124503,0.3981105476061903,0.3741969830408853
openml_44582_Diabetes130US_seed_4_nrow,0.4364676802760655,0.4332447943835422,0.3932537908925924,0.4339526687015539,0.4250558229555889,0.411035074316773,0.3997703464180843,0.3946797685062693,0.3225418164074036,0.4094183968419744,0.4063030573103579,0.3233461102102954,0.4017176124442972,0.3985699836180659,0.3408932374930336,0.4023949082879269,0.3974760810214203,0.3269694115811631,0.4018753867100889,0.3985543832054796,0.3234448485841941,0.4024303152164483,0.3685582263727952,0.4002296639811648,0.4058538726300272,0.4018938401134078,0.3313069972067685,0.4233326958928196,0.3853846019478336,0.4090725083974791,0.4141187536877959,0.4086039988788097,0.3799212796507324,0.4155315873933398,0.3006601159307476,0.2525961339233954,0.4219193894321911,0.3848161250261935,0.3832828769983677
openml_44588_eucalyptus_seed_0_nrows_2,0.6190818468086728,0.6037241876775721,0.6012260776733714,0.6251945806859006,0.6089843729419179,0.6057689451681797,0.597898892848123,0.5805203102158517,0.5762909581271317,0.6028348904798299,0.5858656019371614,0.5828314916264458,0.576171905759197,0.564887860609936,0.5575556289210991,0.6574819624819626,0.6395471534419104,0.6431253475893722,0.6019179519998387,0.5965121200360795,0.5858881100322676,0.488196458525643,0.4478250920765092,0.4467638165810045,0.587716289909215,0.5732031885322418,0.5674974293266125,0.5994274581795054,0.5801306531483109,0.5813879978459163,0.6026559797277126,0.5838079166802307,0.5786921454032269,0.3646911513714658,0.3196419915518968,0.1965846182525358,0.4884509413382652,0.4562487996698015,0.4605992162923555
openml_44589_eucalyptus_seed_1_nrows_2,0.6190818468086728,0.6037241876775721,0.6012260776733714,0.6251945806859006,0.6089843729419179,0.6057689451681797,0.597898892848123,0.5805203102158517,0.5762909581271317,0.6028348904798299,0.5858656019371614,0.5828314916264458,0.576171905759197,0.564887860609936,0.5575556289210991,0.6574819624819626,0.6395471534419104,0.6431253475893722,0.6019179519998387,0.5965121200360795,0.5858881100322676,0.488196458525643,0.4478250920765092,0.4467638165810045,0.587716289909215,0.5732031885322418,0.5674974293266125,0.5994274581795054,0.5801306531483109,0.5813879978459163,0.6026559797277126,0.5838079166802307,0.5786921454032269,0.3646911513714658,0.3196419915518968,0.1965846182525358,0.4884509413382652,0.4562487996698015,0.4605992162923555
openml_44590_eucalyptus_seed_2_nrows_2,0.6190818468086728,0.6037241876775721,0.6012260776733714,0.6251945806859006,0.6089843729419179,0.6057689451681797,0.597898892848123,0.5805203102158517,0.5762909581271317,0.6028348904798299,0.5858656019371614,0.5828314916264458,0.576171905759197,0.564887860609936,0.5575556289210991,0.6574819624819626,0.6395471534419104,0.6431253475893722,0.6019179519998387,0.5965121200360795,0.5858881100322676,0.488196458525643,0.4478250920765092,0.4467638165810045,0.587716289909215,0.5732031885322418,0.5674974293266125,0.5994274581795054,0.5801306531483109,0.5813879978459163,0.6026559797277126,0.5838079166802307,0.5786921454032269,0.3646911513714658,0.3196419915518968,0.1965846182525358,0.4884509413382652,0.4562487996698015,0.4605992162923555
openml_44591_eucalyptus_seed_3_nrows_2,0.6190818468086728,0.6037241876775721,0.6012260776733714,0.6251945806859006,0.6089843729419179,0.6057689451681797,0.597898892848123,0.5805203102158517,0.5762909581271317,0.6028348904798299,0.5858656019371614,0.5828314916264458,0.576171905759197,0.564887860609936,0.5575556289210991,0.6574819624819626,0.6395471534419104,0.6431253475893722,0.6019179519998387,0.5965121200360795,0.5858881100322676,0.488196458525643,0.4478250920765092,0.4467638165810045,0.587716289909215,0.5732031885322418,0.5674974293266125,0.5994274581795054,0.5801306531483109,0.5813879978459163,0.6026559797277126,0.5838079166802307,0.5786921454032269,0.3646911513714658,0.3196419915518968,0.1965846182525358,0.4884509413382652,0.4562487996698015,0.4605992162923555
openml_44592_eucalyptus_seed_4_nrows_2,0.6190818468086728,0.6037241876775721,0.6012260776733714,0.6251945806859006,0.6089843729419179,0.6057689451681797,0.597898892848123,0.5805203102158517,0.5762909581271317,0.6028348904798299,0.5858656019371614,0.5828314916264458,0.576171905759197,0.564887860609936,0.5575556289210991,0.6574819624819626,0.6395471534419104,0.6431253475893722,0.6019179519998387,0.5965121200360795,0.5858881100322676,0.488196458525643,0.4478250920765092,0.4467638165810045,0.587716289909215,0.5732031885322418,0.5674974293266125,0.5994274581795054,0.5801306531483109,0.5813879978459163,0.6026559797277126,0.5838079166802307,0.5786921454032269,0.3646911513714658,0.3196419915518968,0.1965846182525358,0.4884509413382652,0.4562487996698015,0.4605992162923555
openml_44603_cnae-9_seed_0_nrows_2000_,0.4268518518518518,0.4452020931149503,0.0,0.4268518518518518,0.4452020931149503,0.0,0.4268518518518518,0.4452020931149503,0.0,0.4268518518518518,0.4452020931149503,0.0,0.4268518518518518,0.4452020931149503,0.0,0.4268518518518518,0.4452020931149503,0.0,0.4268518518518518,0.4452020931149503,0.0,0.3592592592592593,0.3507509373456909,0.0,0.4296296296296296,0.4483673367137057,0.0,0.4175925925925925,0.4420272467063703,0.1058394401423021,0.4296296296296296,0.4483673367137057,0.0,0.3916666666666666,0.3955029703620181,0.0,0.4111111111111111,0.4172860888676157,0.0
openml_44604_cnae-9_seed_1_nrows_2000_,0.4333333333333333,0.4539242578751872,0.3067255765850202,0.4333333333333333,0.4539242578751872,0.3067255765850202,0.4333333333333333,0.4539242578751872,0.3067255765850202,0.4333333333333333,0.4539242578751872,0.3067255765850202,0.4333333333333333,0.4539242578751872,0.3067255765850202,0.4333333333333333,0.4539242578751872,0.3067255765850202,0.4333333333333333,0.4539242578751872,0.3067255765850202,0.3851851851851852,0.3919691616974761,0.0,0.425,0.4472957694154848,0.2920293361283123,0.4333333333333333,0.4536489349177799,0.3067255765850202,0.425,0.4472957694154848,0.2920293361283123,0.3472222222222221,0.3450604964001678,0.0,0.387037037037037,0.4001284532482492,0.0868472042177461
openml_44605_cnae-9_seed_2_nrows_2000_,0.3981481481481481,0.4009778530456131,0.174458829339239,0.3981481481481481,0.4009778530456131,0.174458829339239,0.3981481481481481,0.4009778530456131,0.174458829339239,0.3981481481481481,0.4009778530456131,0.174458829339239,0.3981481481481481,0.4009778530456131,0.174458829339239,0.3981481481481481,0.4009778530456131,0.174458829339239,0.3981481481481481,0.4009778530456131,0.174458829339239,0.2953703703703703,0.2749948937272023,0.0,0.3981481481481481,0.4021077320656697,0.2517568087913716,0.3962962962962963,0.4010266491560117,0.2510369295382703,0.3953703703703703,0.4067118622659205,0.2702899580545371,0.2916666666666667,0.2739221018603563,0.0,0.3685185185185185,0.3736294341630679,0.0775598646498577
openml_44606_cnae-9_seed_3_nrows_2000_,0.4046296296296297,0.4229552992381604,0.1804268990542868,0.4046296296296297,0.4229552992381604,0.1804268990542868,0.4046296296296297,0.4229552992381604,0.1804268990542868,0.4046296296296297,0.4229552992381604,0.1804268990542868,0.4046296296296297,0.4229552992381604,0.1804268990542868,0.4046296296296297,0.4229552992381604,0.1804268990542868,0.4046296296296297,0.4229552992381604,0.1804268990542868,0.3046296296296296,0.2802861343082604,0.0,0.4055555555555556,0.4245995774683671,0.1866345814916735,0.4083333333333334,0.4298434847508603,0.2881675817576442,0.4055555555555556,0.4245995774683671,0.1866345814916735,0.3203703703703703,0.2985715539299924,0.0,0.3277777777777778,0.3298300678176496,0.0
openml_44607_cnae-9_seed_4_nrows_2000_,0.3527777777777778,0.3764536659261623,0.2732133585386994,0.3527777777777778,0.3764536659261623,0.2732133585386994,0.3527777777777778,0.3764536659261623,0.2732133585386994,0.3527777777777778,0.3764536659261623,0.2732133585386994,0.3527777777777778,0.3764536659261623,0.2732133585386994,0.3527777777777778,0.3764536659261623,0.2732133585386994,0.3527777777777778,0.3764536659261623,0.2732133585386994,0.236111111111111,0.2182724619225794,0.0,0.3527777777777778,0.3763088465747271,0.2721606159426686,0.3499999999999999,0.3729401264955546,0.2702092882463838,0.3527777777777778,0.3763088465747271,0.2721606159426686,0.2416666666666666,0.2250815217839424,0.0,0.3064814814814815,0.3107290731878214,0.0
openml_44618_car_seed_0_nrows_2000_ncl,0.9441233832991603,0.9000296440315542,0.942826279803576,0.956227611825874,0.9262753194773664,0.955336336918976,0.9534617357138062,0.9253072351197852,0.9521562896178656,0.957332774991647,0.927017303506096,0.9568124814750744,0.9315604056836758,0.9107558591818896,0.9295414740297612,0.9584544831446052,0.9319777314585516,0.957868380937685,0.9379753656482284,0.9146098121919572,0.9366430516372404,0.9443182756508942,0.9032481809017056,0.9435950530832504,0.9581485070403954,0.9300292456409632,0.9572227070936216,0.8355854613100484,0.6735213330116867,0.8238267860684196,0.8686130655896531,0.796840333181018,0.8555087296817069,0.6273322048589786,0.5409038159351007,0.0,0.8462463246709016,0.7961235839727844,0.828805814687886
openml_44619_car_seed_1_nrows_2000_ncl,0.9441233832991603,0.9000296440315542,0.942826279803576,0.956227611825874,0.9262753194773664,0.955336336918976,0.9534617357138062,0.9253072351197852,0.9521562896178656,0.957332774991647,0.927017303506096,0.9568124814750744,0.9315604056836758,0.9107558591818896,0.9295414740297612,0.9584544831446052,0.9319777314585516,0.957868380937685,0.9379753656482284,0.9146098121919572,0.9366430516372404,0.9443182756508942,0.9032481809017056,0.9435950530832504,0.9581485070403954,0.9300292456409632,0.9572227070936216,0.8355854613100484,0.6735213330116867,0.8238267860684196,0.8686130655896531,0.796840333181018,0.8555087296817069,0.6273322048589786,0.5409038159351007,0.0,0.8462463246709016,0.7961235839727844,0.828805814687886
openml_44620_car_seed_2_nrows_2000_ncl,0.9441233832991603,0.9000296440315542,0.942826279803576,0.956227611825874,0.9262753194773664,0.955336336918976,0.9534617357138062,0.9253072351197852,0.9521562896178656,0.957332774991647,0.927017303506096,0.9568124814750744,0.9315604056836758,0.9107558591818896,0.9295414740297612,0.9584544831446052,0.9319777314585516,0.957868380937685,0.9379753656482284,0.9146098121919572,0.9366430516372404,0.9443182756508942,0.9032481809017056,0.9435950530832504,0.9581485070403954,0.9300292456409632,0.9572227070936216,0.8355854613100484,0.6735213330116867,0.8238267860684196,0.8686130655896531,0.796840333181018,0.8555087296817069,0.6273322048589786,0.5409038159351007,0.0,0.8462463246709016,0.7961235839727844,0.828805814687886
openml_44621_car_seed_3_nrows_2000_ncl,0.9441233832991603,0.9000296440315542,0.942826279803576,0.956227611825874,0.9262753194773664,0.955336336918976,0.9534617357138062,0.9253072351197852,0.9521562896178656,0.957332774991647,0.927017303506096,0.9568124814750744,0.9315604056836758,0.9107558591818896,0.9295414740297612,0.9584544831446052,0.9319777314585516,0.957868380937685,0.9379753656482284,0.9146098121919572,0.9366430516372404,0.9443182756508942,0.9032481809017056,0.9435950530832504,0.9581485070403954,0.9300292456409632,0.9572227070936216,0.8355854613100484,0.6735213330116867,0.8238267860684196,0.8686130655896531,0.796840333181018,0.8555087296817069,0.6273322048589786,0.5409038159351007,0.0,0.8462463246709016,0.7961235839727844,0.828805814687886
openml_44622_car_seed_4_nrows_2000_ncl,0.9441233832991603,0.9000296440315542,0.942826279803576,0.956227611825874,0.9262753194773664,0.955336336918976,0.9534617357138062,0.9253072351197852,0.9521562896178656,0.957332774991647,0.927017303506096,0.9568124814750744,0.9315604056836758,0.9107558591818896,0.9295414740297612,0.9584544831446052,0.9319777314585516,0.957868380937685,0.9379753656482284,0.9146098121919572,0.9366430516372404,0.9443182756508942,0.9032481809017056,0.9435950530832504,0.9581485070403954,0.9300292456409632,0.9572227070936216,0.8355854613100484,0.6735213330116867,0.8238267860684196,0.8686130655896531,0.796840333181018,0.8555087296817069,0.6273322048589786,0.5409038159351007,0.0,0.8462463246709016,0.7961235839727844,0.828805814687886
openml_44688_wine-quality-white_seed_0,0.3178221027398378,0.3038845139708572,0.0,0.308479801745522,0.3012845114911146,0.0,,,,0.2862602205315487,0.2722819827808852,0.0,,,,,,,,,,,,,,,,0.1428571428571428,0.0002854288568574,0.0,0.2911424254010125,0.290347780566711,0.0,0.2216285182161676,0.2149731843394108,0.0,0.2388555236253826,0.2384948792780314,0.0
openml_44689_wine-quality-white_seed_1,0.3537667828797422,0.327105616466526,0.0,0.2919050991148756,0.2764246373434952,0.0,,,,0.3172179940972794,0.2964226278899268,0.0,,,,,,,,,,,,,,,,0.1428571428571428,0.0097950656956868,0.0,0.3306456525656304,0.3171155775168052,0.0,0.2870586629173172,0.2210913085431986,0.0,0.2378022653122355,0.2363924533816441,0.0
openml_44690_wine-quality-white_seed_2,0.4198220691703514,0.2839680867605641,0.2235366016139397,0.3411659491186848,0.2736283320938915,0.0,,,,0.3017911171127469,0.2615002919597242,0.0,,,,,,,,,,,,,,,,0.1428571428571428,0.0011383039271485,0.0,0.393987826987547,0.274913436090425,0.0,0.2256639436711462,0.2080327535536528,0.0,0.3333347881254298,0.2512921173713054,0.0
openml_44691_wine-quality-white_seed_3,0.3309297886674392,0.3080812689368376,0.0,0.3083016531493205,0.2908255312022756,0.0,,,,0.2841603821324002,0.2704817285183553,0.0,,,,,,,,,,,,,,,,0.1428571428571428,0.0097950656956868,0.0,0.3204671077949025,0.3028324362623018,0.0,0.2316559768059582,0.221413704792435,0.0,0.2630930655028424,0.2602379523233675,0.0
openml_44692_wine-quality-white_seed_4,0.3450041952320017,0.2863732558699923,0.0,0.3346148604435582,0.2888003369363981,0.0,,,,0.3103249310013495,0.2667397389618929,0.0,,,,,,,,,,,,,,,,0.1428571428571428,0.0097950656956868,0.0,0.3036828436277619,0.267100216483798,0.0,0.2110704634786996,0.1984447498591326,0.0,0.2726792400034358,0.2501743866434566,0.0
openml_4541_Diabetes130US,0.4840294999070039,0.4813629918733298,0.452395088997046,0.4823423170060544,0.4772309040831803,0.4563472573217672,0.4480561848217146,0.4472350033399038,0.315472875859006,0.4503833892054598,0.4518858182662396,0.3324999975085433,0.4470949867880026,0.443009603716487,0.2975913195862451,0.444844221815166,0.4450959851366206,0.3197423328164563,0.4430595298199242,0.4421854799563084,0.3164173107885279,0.4654902253659227,0.4644982015143957,0.4257097352845896,0.4472254098494541,0.4464601892453655,0.314988186778457,0.4852127934219482,0.4587344075098454,0.4801364837757975,0.4838230252402808,0.4795999720921491,0.4562489171228294,0.460945489842318,0.4120524604761781,0.432337772123938,0.4805784501373442,0.4657423772102809,0.4672071606773887
openml_454_analcatdata_halloffame,0.7438809657726515,0.616671621442017,0.7244433793661994,0.6949309463251323,0.610622798786206,0.6667037883108659,0.7206539788368757,0.6179757428931428,0.7057056390709371,0.7184287146402579,0.623957220234716,0.6976435772899793,0.7290721435903231,0.6588812578304911,0.7112209566138462,0.7258472797586281,0.6146595297142251,0.708811982801449,0.723802051363709,0.6536316595358148,0.6969248208536679,0.7311159737043287,0.61434235387939,0.7219917410306215,0.72650193205325,0.6217066988301059,0.7123411653043865,0.7120459332426449,0.5717543313944891,0.7022924576381869,0.7100056701717858,0.5950658354062136,0.6858849999470431,0.6138800212196261,0.5037557894220689,0.2539822920065972,0.6321013337031643,0.547299621460085,0.4782148207624626
openml_455_cars,0.7430124946464817,0.7152015621073073,0.7364450907361823,0.7736860271173996,0.7349057930833428,0.7695628332824703,0.7627633598548632,0.7328810586071753,0.7559244140561397,0.743452055086042,0.7140059728568504,0.7298562876329617,0.7589378619443979,0.7355277644503504,0.7528042299634802,0.7735121208977419,0.7399732990861776,0.7690260889888397,0.7390656414512623,0.7122044637347269,0.7311282499306514,0.6870969831427348,0.6506388142237247,0.6811433326676593,0.7599397612796306,0.7313282423579048,0.7528456114469996,0.68902460889389,0.654096074983436,0.6809837878268751,0.7110504068674003,0.6840676762374976,0.7004271138216676,0.6660895773314074,0.6292513340491425,0.6411322653059509,0.671172812904839,0.6486953553211962,0.6540376571264698
openml_45714_PriceRunner,1.0,1.0,1.0,1.0,1.0,1.0,1.0,1.0,1.0,1.0,1.0,1.0,1.0,1.0,1.0,1.0,1.0,1.0,1.0,1.0,1.0,0.9999707858603564,0.9999730271146854,0.9999707743321666,1.0,1.0,1.0,0.999852324661485,0.9998420940623078,0.9998521003181088,1.0,1.0,1.0,0.9999707858603564,0.9999730271146854,0.9999707743321666,1.0,1.0,1.0
openml_458_analcatdata_authorship,0.9920188669692144,0.9914065507545444,0.991961721872046,0.993598681284878,0.9936706529962684,0.9935717295777136,0.9881273008134976,0.9897104416227231,0.9879887376895432,0.9935986812848778,0.9933225055241968,0.993556571079564,0.9928050304912271,0.9922275771671738,0.9927772474965174,0.9949494949494948,0.9941013576281706,0.9949107762968398,0.9935986812848778,0.9933225055241968,0.993556571079564,0.9921544124040445,0.9919251913628798,0.99211396209178,0.9881273008134976,0.9897104416227231,0.9879887376895432,0.9792604230949608,0.9760330208931292,0.9790009899405592,0.992805030491227,0.9922236027749816,0.9927620889983676,0.9875322700460528,0.9893919996371692,0.987430833647418,0.9920188669692144,0.9914065507545444,0.991961721872046
openml_45927_Products,0.377102367431324,0.3221091763205725,0.2090465577892287,0.3774111196027074,0.3262150310209067,0.2167203405573831,0.3787008533236096,0.3365862381022307,0.2445580429723803,0.382130784473844,0.3300184500185835,0.2190645281747966,0.3880751468126329,0.3364863587037076,0.1837523042590797,,,,0.3809000656845874,0.3750457354950409,0.3531234566918144,0.3952412655685043,0.3780927312183034,0.3495077354307399,0.3849536238804645,0.3370898374374202,0.2331205263328256,0.3758690921976876,0.328339760862794,0.2188753699130159,0.3981679067301045,0.3182816451794429,0.1903470111837516,0.3973029354550017,0.2797721398866451,0.0,0.3964853196657156,0.3052764649456779,0.1660100359464522
openml_45938_credit-score-classificati,0.7764606867219213,0.7369624294438121,0.7733394073798711,0.7854454873867164,0.7466874960153732,0.7822921454534847,0.7711440383134666,0.751033298921099,0.7708289772024345,0.7739309323687422,0.7539968235061316,0.7735793044338631,0.7587193255798893,0.7372883437256514,0.7583780921959619,0.7737867184579507,0.7535678496959539,0.7734031674124044,0.7557532830945112,0.7380714639353188,0.7556903964097522,0.7249609142849356,0.6662909326634249,0.7136310036949048,0.7685034533837501,0.7486749709532278,0.7682207471838058,0.753649448204928,0.7023920541388141,0.7465302670196857,0.7616032290135576,0.7184790511069776,0.7576477094865512,0.6838706473117214,0.6358387392861836,0.6731074561545255,0.7282822108460825,0.680589062304855,0.7222669525537332
openml_46174_Flare,0.6825778942577451,0.629773019825469,0.6004158458669592,0.6549406081718577,0.6240664495748692,0.5829414721285269,0.6512240833944407,0.62628983828126,0.5735680420357175,0.6457565582900919,0.6259081970185297,0.5615826490611147,0.633628081396031,0.6144629357511122,0.5340160915083437,0.6532938664934704,0.6309830241368486,0.583186872273019,0.6278374863253725,0.6112691350604788,0.5428838402015,0.6438893803726867,0.6128411541524817,0.5738813430342475,0.648620737033438,0.6216462884437556,0.5678011952214914,0.6716133489896756,0.6000790154091141,0.5456665876437582,0.6727125157884813,0.6184403600171758,0.5843886430193476,0.637756026396811,0.5630247567731063,0.3315648413356081,0.6695914670792367,0.6172911580316862,0.5809585517912759
openml_46264_mabbob_ela_as_2d_classify,0.4283892428368877,0.3074114845050657,0.3614285857159765,0.3958923295345535,0.3355101755365157,0.1162384364370529,0.4283356789648921,0.3203274891169565,0.2436488809548579,0.3878929756820575,0.3338424110656787,0.0,0.3637570822826,0.3110793780012938,0.0,0.4172511932247203,0.3161964528463933,0.145975777460863,0.3498615462344257,0.3378750548063239,0.0,0.4038784916169978,0.2464513925268861,0.1258057282810976,0.4199682055204561,0.3165487076995448,0.1279284074404914,0.3271455164147246,0.1483431889556472,0.0,0.420324327063226,0.2847571249506835,0.3521805257909016,0.3491921857763255,0.1849011550993858,0.0,0.3455737472546651,0.257161550805311,0.0
openml_46331_autos_clean,0.7569995155140083,0.7001166329752501,0.736505445296688,0.7124385678733506,0.6904032082502288,0.5383785566175553,,,,,,,,,,,,,,,,,,,,,,0.1666666666666666,0.0695001336541031,0.0,0.6701777959024336,0.6383996797295068,0.4508803792499087,0.4900197628458497,0.3589374033841551,0.1853363153378698,0.604500752870318,0.5231176551071283,0.4899652003859817
openml_46332_anneal_clean,0.9199598773969484,0.8061252973976062,0.9096560991578612,0.92569945945232,0.8366567291593393,0.915556306555005,0.7351560719981773,0.673796417016756,0.0,0.7299726589200274,0.6725236942669535,0.0,0.7178514467988153,0.6663894701074806,0.0,0.7403394850763272,0.6750009489189622,0.0,0.8298234310820124,0.7821051406887888,0.5886218074069461,0.7238323080428344,0.6545723289999164,0.0,0.739462292093871,0.6726438658642048,0.0,0.2922609554188501,0.0938137259363527,0.0,0.918818024081182,0.8269415791037483,0.9083434135862316,0.7611983490702027,0.7222786804485309,0.7148478007717483,0.8743712681927786,0.7791098311266748,0.8671720194433719
openml_46334_glass_clean,0.7371787646063007,0.667768008390873,0.6855099550347004,0.7630119947148932,0.7267654892567559,0.7193845813414478,0.7179547049836906,0.6962700956672828,0.6831841337170464,0.7431398901688757,0.7203524716982274,0.6895869325528766,0.7190302035591891,0.6558728487412488,0.6629891353957008,,,,0.7897037966059706,0.7597053182975317,0.7604450465701682,0.6890977125397416,0.6302944330410098,0.6182320221554011,0.718326004376729,0.7029461903511747,0.6848841496164498,0.613283166109253,0.4975952371817316,0.1737635799923842,0.7284066228993765,0.6707070979205065,0.6503634875989291,0.6106610512407614,0.5520961391735889,0.0,0.639046719517734,0.5837999605300208,0.0
openml_46342_odds,0.3355736840704612,0.3158459264061481,0.0,0.3281374307815565,0.318298045415693,0.0,,,,0.3475776499274813,0.3273355268146934,0.0,,,,,,,,,,,,,,,,0.25,0.1071388577827547,0.0,0.2927013672809223,0.2747195058703267,0.0,0.2241439831165475,0.194675177763413,0.0,0.2997373143874215,0.2962012981663136,0.0
openml_46361_Risk_Level_Classification,1.0,1.0,1.0,1.0,1.0,1.0,1.0,1.0,1.0,1.0,1.0,1.0,1.0,1.0,1.0,,,,1.0,1.0,1.0,1.0,1.0,1.0,1.0,1.0,1.0,1.0,1.0,1.0,1.0,1.0,1.0,1.0,1.0,1.0,1.0,1.0,1.0
openml_46441_Credit_Score_Classificati,0.7764606867219213,0.7369624294438121,0.7733394073798711,0.7854454873867164,0.7466874960153732,0.7822921454534847,0.7711440383134666,0.751033298921099,0.7708289772024345,0.7739309323687422,0.7539968235061316,0.7735793044338631,0.7587193255798893,0.7372883437256514,0.7583780921959619,0.7737867184579507,0.7535678496959539,0.7734031674124044,0.7557532830945112,0.7380714639353188,0.7556903964097522,0.7249609142849356,0.6662909326634249,0.7136310036949048,0.7685034533837501,0.7486749709532278,0.7682207471838058,0.753649448204928,0.7023920541388141,0.7465302670196857,0.7616032290135576,0.7184790511069776,0.7576477094865512,0.6838706473117214,0.6358387392861836,0.6731074561545255,0.7282822108460825,0.680589062304855,0.7222669525537332
openml_46442_Success-Rates-2,0.7306484838785684,0.6524774985735585,0.0,0.7866891147360038,0.6842442905574013,0.2922998145055303,,,,,,,,,,,,,,,,,,,,,,0.1666666666666666,0.0100470363882733,0.0,0.7109563771131683,0.6530770755582798,0.0,0.5520677199245951,0.5637040425896176,0.0,0.6821277104581966,0.6746130688631222,0.0
openml_46443_credit_risk_china,0.9781373297970808,0.9416423380313484,0.9776778116544632,0.9853284293850564,0.9734325868666056,0.984859272172822,0.980906319876298,0.963360908403612,0.9804153717979368,0.9243779401821872,0.93806054518992,0.9180916173673068,0.9616905813269008,0.9609160936254922,0.9599222586091256,0.9360895856307132,0.941348120825974,0.9327940717681096,0.9714919309549528,0.9582704924309624,0.9704697203725972,0.9791927806108914,0.9626144368449068,0.9787363743069244,0.980906319876298,0.963360908403612,0.9804153717979368,0.9707417599533782,0.9366513364927206,0.9696325005312196,0.9781373297970808,0.9410410874300976,0.9776778116544632,0.9670380562496744,0.9334812081120978,0.9656433000976316,0.9670380562496744,0.9334812081120978,0.9656433000976316
openml_46475_EDA-Home-Mortgage-NY,0.6724185264687473,0.5892193031205869,0.617438937469779,0.6767476139106195,0.590108467434925,0.6222173253096864,,,,0.650799436788654,0.5909811397267416,0.5937682223897885,,,,,,,,,,,,,,,,0.1428571428571428,0.0438432656204871,0.0,0.6685921209708076,0.5925907045486506,0.6220871271196531,0.5262447036416792,0.506215066058507,0.1555104337931093,0.5975266475230124,0.5910603070979347,0.4880102158044581
openml_46479_EDA-Home-Mortgage-NY-2,0.5830216636877821,0.5279198474096538,0.5492112366501923,0.5839549468805201,0.528459174481644,0.5502636788669691,0.5670403314786894,0.535122139545046,0.5169954014229053,0.5626135973596318,0.5338153211380549,0.5110714826475511,0.5406497175676575,0.5332563516487804,0.4580413523540147,0.5696375784593521,0.5349007632158354,0.5211059365651166,0.5169274770421527,0.5050685879208198,0.4293277020277248,0.5732992908724079,0.5157911299997768,0.5405797568658038,0.5674523160085393,0.5349648445857523,0.5180201773106506,0.574911613108112,0.503917593911433,0.5394196705376731,0.5765841792230391,0.5240073556524524,0.5401069660695854,0.496295410219999,0.413897590890918,0.1826877217695556,0.520737921436984,0.4624014701718697,0.3304412859776904
openml_46481_Financial-Risk-Assessment,0.342037037037037,0.3395987994557873,0.2995080220550302,0.3398518518518518,0.3248733118829598,0.32674482792046,0.3333333333333333,0.25,0.0,0.3332962962962962,0.2499930538190103,0.0,0.3337407407407406,0.2526684540988701,0.0,0.3333333333333333,0.25,0.0,0.3357407407407407,0.2871804458373837,0.0805865423232811,0.3372592592592593,0.2922499302967875,0.1719567249450665,0.3333333333333333,0.25,0.0,0.3429259259259258,0.3116573698631955,0.341935628764435,0.3389629629629629,0.3289237979187602,0.3144896128774436,0.3456296296296295,0.2623481778205791,0.1227659517898454,0.3385925925925926,0.3119101160770979,0.2728208711962321
openml_46505_total_score,0.7332118541619904,0.6923292105890715,0.7280297450329206,0.7416084373880206,0.7039557625603727,0.7360747793948361,0.7229387918236839,0.6910352419174862,0.7143605839897534,0.7322051718231326,0.6924228518634825,0.7236814525345593,0.7078407717176013,0.6679607668003061,0.7018419692020844,0.7604139840836691,0.7151817326163498,0.7537082326363059,0.6924192665571974,0.672948186062207,0.6848709874608264,0.7377647635586113,0.6774192525716728,0.7231053515789428,0.7490437699101803,0.7139383957033911,0.7409159304591694,0.6387117399676318,0.5869726665366716,0.6249324380001468,0.7158216776332628,0.6795009666952585,0.7101276850034388,0.4934100502848952,0.3576004439474151,0.0824194744230655,0.6016157025118821,0.551903936838226,0.5530419530037431
openml_46506_Credit_Score,0.7462818205440405,0.7082956908725179,0.7434740982715539,0.7505978305606232,0.7117571646898604,0.7474861839779496,0.7388593741926934,0.7174866952613329,0.7385819127080474,0.7424215544018634,0.7190664442618715,0.7418674982111396,0.7366429368117767,0.7125575148785072,0.73611268661934,0.7432912548514531,0.7201419465181282,0.7428071655127774,0.7336645957676559,0.7127458389212445,0.733450660992637,0.7249140537256595,0.6689435452397969,0.7143859568427416,0.7384456417601103,0.7166446810168984,0.7381404277175484,0.734865629434263,0.6851688502759069,0.7279876193244789,0.7394106573377438,0.7001580005388855,0.7362358640990743,0.7074869931276265,0.6653230863180726,0.7009214426087867,0.7219450203356242,0.6825914594532051,0.7174875345625579
openml_46515_Financial-Risk-Assessment,0.3404814814814815,0.306822285508915,0.3340995537036936,0.3446666666666667,0.2890215822606445,0.331551718393887,0.3369629629629629,0.2763383015636797,0.025816345249884,0.3423333333333333,0.2819974881603443,0.0,0.3367407407407408,0.2654997394765168,0.0,0.3385555555555555,0.2776096733364861,0.0200931049950744,0.3383703703703704,0.3028197447587339,0.1271603054585298,0.3362962962962963,0.3140599961680757,0.2610063471514132,0.3350370370370371,0.2767476297750624,0.0384382757714216,0.3396666666666666,0.2982206486089189,0.3354010169015939,0.3375555555555555,0.2976526520835345,0.333742363884715,0.3448518518518518,0.2665283500858029,0.2195271028244791,0.3399259259259259,0.289399577877747,0.3181981897725833
openml_46519_Credit_Risk_Modeling,0.9994682245440587,0.9994259054002831,0.9994679145990442,0.9994682245440587,0.9994259054002831,0.9994679145990442,0.9995112908661948,0.9994642235097185,0.9995110096783462,0.9995112908661948,0.9994642235097185,0.9995110096783462,0.9973920547637055,0.9959207743096506,0.9973859054663382,0.9994967793880837,0.9994259171379776,0.9994963686070931,0.9995543571883309,0.9995025372310323,0.9995540880400892,0.998823794592818,0.9977240815050205,0.9988228808631453,0.9994346765032643,0.9993875912468164,0.9994343310618481,0.9994682245440587,0.9994259054002831,0.9994679145990442,0.9994967793880837,0.9994259171379776,0.9994963686070931,0.9801395598497047,0.9775381237958577,0.9795188194472594,0.9801731078904993,0.9775601897678262,0.9795545064466595
openml_46520_Credit_score_classificati,0.7707529075387852,0.7317164705492321,0.7676873322331726,0.7808213784957553,0.7422232444741955,0.7776777865910249,0.7638770771185533,0.7431318156041172,0.7635124596011735,0.7674183130232382,0.7466627175248531,0.7670365966352698,0.7550716374291065,0.7327244688567854,0.75465043058683,0.7677397619765159,0.7468708866737335,0.7673397968861987,0.7524759241053908,0.732710790858428,0.7522865367496686,0.7180810345661666,0.6596483239564416,0.7067886654079011,0.7621672460899176,0.7411371749556904,0.7617933600870521,0.7460474210751493,0.6954349868176332,0.7390494333204017,0.7524893716971075,0.7072336545693786,0.747659777145471,0.6963407712413665,0.6437159887037226,0.6869720836342407,0.7166956946467756,0.6642732420043705,0.7086057237376253
openml_46525_Corporate_Credit_Rating_C,0.9190280995454188,0.8615965550794901,0.912285032055472,0.9152465433378278,0.9002043903358949,0.908589022838055,,,,,,,,,,,,,,,,,,,,,,0.1,0.0389043271139341,0.0,0.7909505809201747,0.7890431700933759,0.7804657882508605,0.29882587039878733,0.2402928990168843,0.0,0.4687208298523622,0.4970939644777113,0.0
openml_46528_EDA-Home-Mortgage-NY-Samp,0.57333107215037,0.5257068910379573,0.5350416372965886,0.5681683846234392,0.5286620614922256,0.5235904696441315,0.5555404739627653,0.5311621210698797,0.4975538239423467,0.5403979608431887,0.5242438591815614,0.470367482846836,0.5371551882162452,0.5148553112589992,0.44901491457029247,0.5539132946567008,0.5301916488632172,0.49446632725141987,0.5141903263662239,0.5047227290453731,0.4117403867889162,0.5566938275967738,0.5068808494532195,0.5182280083143516,0.5559019427867098,0.5311989662495468,0.4982197802343095,0.561309801942599,0.492537639427119,0.5257615289687139,0.5623767784633561,0.5159364538086545,0.5237360587231888,0.4831087279965948,0.40041270903154574,0.11123738666421752,0.5065346431537318,0.4549123551251397,0.32423530561893305
openml_46537_dataset_credit_score,0.7671157685731639,0.7298426085314893,0.7644700670901496,0.7767146082548325,0.7408263925270006,0.7741557813555753,0.7603838887492831,0.7361899392501732,0.759745198955319,0.7626536418061374,0.7389827788306983,0.761999886886362,0.7553070346412961,0.7291398989737828,0.7544303050217861,0.762713624162155,0.7396443286633109,0.7621138563219058,0.7428184457351598,0.7197095813015699,0.742409685125026,0.728878061932693,0.6750061270158786,0.7195071197112677,0.7597656405255019,0.7353458672924981,0.7591108472691014,0.7434643773868094,0.6942655732275563,0.7369361172891956,0.7597881232173781,0.7202651521225255,0.7567056940800923,0.7157640274110474,0.6663467854776717,0.7089095540248741,0.7354487959165121,0.6911770467732231,0.7308791951417346
openml_46549_Corporate_Credit,0.9312849866938391,0.8803325343720921,0.926097370199139,0.9214300141373748,0.9078024856431386,0.9150399151951919,,,,0.8736932577300628,0.8556060747171459,0.8688139604580135,,,,,,,,,,,,,,,,0.1,0.00068762278978389,0.0,0.8181282211988682,0.8149449341567131,0.8090924372799698,0.30712290138205234,0.2732010846286764,0.0,0.47891313028948146,0.47427794106794285,0.0
openml_46561_EDA-Home-Mortgage-NY-Samp,0.6613032861960352,0.6014550417667078,0.6333440940625924,0.6632041783018003,0.6031222231378827,0.6346850750278764,0.6476866478028227,0.6176869962570649,0.603355606222765,0.6241250215693488,0.6018904006498349,0.5671039395604871,0.6068522262535906,0.6057924638975297,0.5145343437897996,0.631286766457326,0.6035130315105913,0.5786266767250099,0.6195111218677679,0.6044324001819804,0.5547808116047208,0.6571031708810765,0.594619860288593,0.631529878170988,0.6482266278401237,0.6174526223788458,0.6042252017439224,0.6490386467438732,0.5819616128691613,0.6220161044836595,0.6562299439217134,0.5958438790904671,0.6298879469203692,0.5730092957260614,0.4946941380274022,0.18057419083186302,0.6181961120183265,0.5789349236887196,0.5505675482729135
openml_46569_Corporate_Credit_Rating,0.9158102773377592,0.8655924361470765,0.9086733452487206,0.9143575087856781,0.8974208180904384,0.9073210208513134,,,,0.874292010909906,0.8433776062950045,0.8690412613200766,,,,,,,,,,,,,,,,0.1,9.852216748768472e-05,0.0,0.7929919760830912,0.7971704803654485,0.783476215083751,0.3033821215619562,0.25323198839706856,0.0,0.4750351168019284,0.4670849263168398,0.0
openml_46570_Corporate_Credit_Ratings,0.9177284379560635,0.867045570039189,0.9105263102534857,0.9138870971000163,0.8996437577452088,0.9070720570565621,,,,0.8776776510696163,0.8506603185338054,0.8729488646446604,,,,,,,,,,,,,,,,0.1,9.852216748768472e-05,0.0,0.7944702964684155,0.7840561209318954,0.7846548957917459,0.30335152209918576,0.23581474895256202,0.0,0.476874960697098,0.5034637470502117,0.0
openml_46593_HCV_data,0.6540972241115071,0.6267576207812567,0.5709492740859655,0.6222641341180667,0.6319571259696484,0.5448096120300693,,,,,,,,,,,,,0.5420866773675763,0.5693552379973694,0.456149853026349,,,,,,,0.5079990961661119,0.39178381176374283,0.3626812393781931,0.6678072052791153,0.6474383279226379,0.5850549211425184,0.49665206627309083,0.4913073273033646,0.0,0.4414731585518103,0.45201149607011964,0.0
openml_46600_maternal_health_risk,0.7336958430095685,0.7263458349090902,0.7193652121230248,0.729024283027551,0.7233260846617116,0.7149107055097444,0.7344991700383857,0.7297511399493909,0.7233110162807419,0.734084322237917,0.7257983364792278,0.7213057488797844,0.7295477307732209,0.7175617526039672,0.7105639427639083,,,,0.7297556867001312,0.7260526210489032,0.7164009578383915,0.6958961124810799,0.6955660482944711,0.6798477813879376,0.7350197913923404,0.7307845344373917,0.7249489058676072,0.7201017634024169,0.7111058869175952,0.7026551119250635,0.7250741844696095,0.7171879969992488,0.7091944966449463,0.6895215018581031,0.6669810143918697,0.6410784177280869,0.6988176704679973,0.6838610072088843,0.672357755628371
openml_46614_Ecoli,0.6335310612883461,0.6196178742277987,0.0,0.6207561069061827,0.602004658674379,0.0,,,,,,,,,,,,,,,,,,,,,,0.125,0.014044943820224719,0.0,0.6214024830461161,0.603328023937917,0.0,0.4594289271823421,0.45216312863249003,0.0,0.5555472159283398,0.5607611567455021,0.0
openml_46664_data_scientist_salary,0.4378981926087866,0.41211182769178806,0.3996931307964399,0.43515929680030735,0.41093718430451737,0.3991880908350525,0.43323847964276396,0.4087813572156924,0.39885352896129495,0.4330265524942491,0.4073186126155571,0.39527420415482073,0.42292763976442194,0.41176980770110516,0.39729104936420234,,,,0.4260106476954888,0.41430061242241584,0.4074518294205966,0.4091592469353467,0.37993088783961443,0.3781504831714055,0.43229682180899814,0.4091079902039587,0.40012711931277933,0.42635377482635367,0.39663752684336173,0.3900725841550156,0.43283832425185703,0.40758914482826253,0.39594211971844545,0.40388896763535503,0.3686887910702125,0.36514624917592003,0.41356788073681566,0.39265479279618326,0.3823074616098834
openml_46676_WBCAtt,0.9840419728669274,0.9838784220351974,0.9838840475579403,0.984603498103603,0.9840134223825023,0.9844413639539086,0.9833413554324201,0.9832238150553513,0.983166356393252,0.9640994216304867,0.9646121552017796,0.962891994517015,0.9786071953983697,0.9779794423855508,0.9781818393705266,0.9785274399230506,0.9779703005883564,0.9781638559814275,0.9836683721333245,0.9837835655858261,0.9835074100032717,0.9836684822305758,0.9837837313394981,0.9835120267517367,0.983418135498904,0.9832135058971246,0.9832487348263048,0.983574757259348,0.9836342116673477,0.9834091475300063,0.9839979976884726,0.9840410816505963,0.9838402692416296,0.9818866609210669,0.9816692435076337,0.9816406434611084,0.9820979628436793,0.9819692398302556,0.9818619643638465
openml_46752_student_lifestyle_dataset,1.0,1.0,1.0,1.0,1.0,1.0,1.0,1.0,1.0,1.0,1.0,1.0,1.0,1.0,1.0,1.0,1.0,1.0,1.0,1.0,1.0,0.9905776259517757,0.9849730157002684,0.9904629028515527,1.0,1.0,1.0,0.9996760609005507,0.9992794467063623,0.9996757455800415,1.0,1.0,1.0,0.986444768383544,0.9798621260779495,0.9862699177243733,0.9990123456790124,0.9991809708379477,0.9990094047583647
openml_46761_mental_health_detection,0.6479301093711192,0.5577782807953306,0.607082207815429,0.8030508453695504,0.7290654905984841,0.7647488097603894,,,,0.5906550335700689,0.5474847040565676,0.5444442550277047,,,,,,,,,,,,,,,,0.1,0.045050215208034435,0.0,0.5214909903158602,0.3485545531208712,0.4403192635791919,0.24822554553168708,0.16485192897677597,0.0,0.27928068879509305,0.1826664875117662,0.0
openml_46764_football-player-position,0.8600473191529266,0.8464140208883514,0.8571511009582794,0.8597695865352953,0.8469667431042454,0.8569129381138061,0.8561278455495748,0.8445112605093396,0.8528969535216085,0.8553939000588185,0.8387050822981715,0.8510001852879578,0.8598628036803991,0.8398825683813153,0.8557066521246316,0.8568985485165334,0.8353567331164022,0.8523273572898508,0.8471059172289906,0.8470312248245838,0.843420595568719,0.8546783453227295,0.821757954248273,0.8472589645430942,0.853781993581873,0.8425099891335378,0.8506512908361111,0.8540001674726859,0.8285775204463924,0.8485643935730495,0.8535786416776258,0.844288812915893,0.8505803942612101,0.809685475681703,0.7994621582483029,0.7987753903307989,0.8416049565782361,0.8391509352791702,0.8366862922356422
openml_46807_melbourne_airbnb,1.0,1.0,1.0,1.0,1.0,1.0,1.0,1.0,1.0,1.0,1.0,1.0,0.9992100451950384,0.9990011889460529,0.9992085479266298,1.0,1.0,1.0,1.0,1.0,1.0,0.9993597391354841,0.9991895875029053,0.999358599039695,1.0,1.0,1.0,0.9996706675850336,0.9995710262388182,0.9996698780458817,1.0,1.0,1.0,0.7866557069451675,0.7423774277518405,0.5685617950827463,0.9974513925883638,0.997172599077827,0.9974065278113682
openml_46825_SOCC,0.5720565620724319,0.4743687631870344,0.5510567013967359,0.46495817130242106,0.42412899729452996,0.1485833606769106,,,,0.3671543479637722,0.33956081422365897,0.0,,,,,,,0.3907891299565528,0.37632030321585724,0.0,,,,,,,0.25,0.04839614303310672,0.0,0.5083871681378433,0.42675427758261936,0.3302158249728471,0.39876367788618206,0.26566980735882045,0.0,0.4770393623957947,0.3808394696013136,0.11762874874446573
openml_46900_TESTFORDESCRIPTION-anneal,0.9535601825075509,0.9483966775085254,0.9441544079836576,0.9643274853801168,0.9656345905845972,0.9545756049642881,0.8839598997493734,0.9182891870198372,0.8562326464942008,0.8553884711779448,0.9008308930559122,0.8280978349607905,0.8830827067669172,0.884512437453614,0.8554735738054008,0.8830827067669172,0.884512437453614,0.8554735738054008,0.9004691215217532,0.9208000543724885,0.8711796165551795,0.8804511278195489,0.8470237840764966,0.8531800459550112,0.8839598997493734,0.9182891870198372,0.8562326464942008,0.20000000000000004,0.03243001652871163,0.0,0.9088233404022877,0.9079571299494794,0.8794966045304206,0.8819759188180241,0.8447637812355214,0.8555316949799875,0.939392186760608,0.9227394734907195,0.9292041999586695
openml_46936_internet_firewall,0.9015742533287084,0.7615034403270989,0.8847806992475787,0.912939806852571,0.7522782023192421,0.9046429484354722,0.8981560217449323,0.7456601665215636,0.8844726304798116,0.8493286879087313,0.7624003606435927,0.8058259472513342,0.8347527664833154,0.7594830444745218,0.778489311499878,0.886733409305125,0.7358022415075881,0.8720048825649268,0.8657230741917331,0.7544535050173886,0.835995355408523,0.9022478209461129,0.7455935934431932,0.8902805713179317,0.8978427098249923,0.7452944732450025,0.8831240739259062,0.874124271544574,0.7163549694162811,0.8639397661757737,0.892131570720827,0.7596192222453232,0.8697411075110266,0.905382397342632,0.7605846375393623,0.8904093374356364,0.9096616899792772,0.7605534576502803,0.8974287035906641
openml_46943_MIC,0.5718478457449045,0.426106818743788,0.3356827056332037,0.5083413245177951,0.3694060533761028,0.1321468606623631,0.48464351956999013,0.38378594498092816,0.13039255454621035,0.43303269130475014,0.39633777761163963,0.0,,,,0.4557389584963114,0.3713026197315972,0.151802461462077,0.3929943599061246,0.34676937556663656,0.0,0.5076311868591281,0.4015027817543881,0.1524596641714401,0.48464351956999013,0.38378594498092816,0.13039255454621035,0.125,0.003910778985507246,0.0,0.5188141134832311,0.41441579983730925,0.12462864536445001,0.25764551316021905,0.26931733034600597,0.0,0.333208733944028,0.33561935683541466,0.0
openml_46944_Mobile_Price,0.890517158454176,0.8906030407754981,0.8896763531077826,0.8905201644902965,0.8906211098525509,0.8896472668333901,0.8920231825505615,0.8919518155896515,0.890964849616165,0.8920171704783204,0.8919971577601434,0.8911117867991097,0.8935171825024649,0.89355152435602,0.8926795935233377,,,,0.8905141524180554,0.8904426598848928,0.8895407231172721,0.7199907414087487,0.7081951438201708,0.691177384891402,0.8760250583171008,0.875917519425235,0.8744642054525192,0.8895221604982805,0.8895669730231573,0.8886356363445724,0.8874900800808022,0.8876975146529108,0.8865789421612766,0.6408718707163985,0.579636987008299,0.40252848695592797,0.8184865209340355,0.8140937162220485,0.8027256417468015
openml_46955_SDSS17,0.9736949218866333,0.9720865471278245,0.9734100754987848,0.9739205093236071,0.9724475567943746,0.973639707245753,0.9735521325976647,0.9719820415027032,0.9732651797021106,0.9724538911371207,0.9636761764664729,0.9722613685516556,0.9727343200164286,0.9649263896658011,0.9725407309123505,0.970238183980629,0.9563129161902898,0.9700008828408991,0.9698011304809878,0.9721188892627319,0.9692637530743585,0.9681552469175777,0.9574805092391557,0.9678926509833582,0.9737860574444079,0.9722673480683367,0.9735034218947671,0.9710551516249087,0.9658445513511618,0.970790467075395,0.9729263494269368,0.9702821233483351,0.9726509641695568,0.9677752002939822,0.9551367509033812,0.9675066354830997,0.9718894722520209,0.9654531610475364,0.9716639155337076
openml_46963_website_phishing,0.9022892235685549,0.8657303332460181,0.901471537061154,0.9167216463905631,0.8845147342950264,0.9159200548782377,0.9026066341720472,0.8794330686904304,0.9022896819124265,0.8864048388959992,0.8726973846697611,0.8858547459945915,0.8924134260681996,0.8717100405849539,0.8921238909726155,0.9090972505951612,0.8870032336879553,0.9086937259083631,0.8911594043063022,0.8689783913128827,0.8904553264395821,0.8944608042647259,0.8479191809317724,0.8936215983368189,0.903210462644728,0.8779979110665098,0.9029208601452897,0.8178521158591874,0.7561676676274534,0.8158350689626248,0.8964504750104236,0.8574232842243231,0.8957087062982488,0.8675225711226998,0.8058530425850928,0.8654437906242115,0.8900429986575921,0.8426082002365091,0.889211251117099
openml_469_analcatdata_dmft,0.20615499304989726,0.20197802906471654,0.19356222911816867,0.21515073559989925,0.20801952681670074,0.19460808708956967,0.20659546419365452,0.1998778527867466,0.1858573242712054,0.2033425916602601,0.19766276068751146,0.1868754006698221,0.20535489692988076,0.19835604867430867,0.18544878388946487,,,,0.21196091941035486,0.2079993073533686,0.19819391245782067,0.1689500539235839,0.12061470135889309,0.04118062510741956,0.2108740446917472,0.20711598815948518,0.19548084437511656,0.2052833649755844,0.198656925803513,0.18877495571730976,0.19374126214551426,0.1849557036941706,0.17212551282318955,0.16425370681256443,0.07510025866411428,0.0,0.20217221642591046,0.19003406133907516,0.16728638077803873
openml_473_cjs,0.9990964100064977,0.9989145900379705,0.999093655577367,0.9986069337460964,0.9983438827058907,0.9986023726786514,0.9990964100064977,0.9989145900379705,0.999093655577367,0.9980728437640439,0.9976720870791583,0.9980631210284225,0.997783491912192,0.9972863635759265,0.9977695854546468,0.9983621956158957,0.9980591322387595,0.998355365194212,0.9971385049648923,0.9963537368912356,0.9971215429616643,0.9980728437640439,0.9972570948274314,0.9980631210284225,0.9988070581546459,0.9985275448783693,0.9988014114115775,0.9977925711958965,0.9975515302418603,0.9977822819696112,0.9990964100064977,0.9989145900379705,0.999093655577367,0.9969849602569668,0.9957528339766198,0.996967468029118,0.9990964100064977,0.9989145900379705,0.999093655577367
openml_474_analcatdata_marketing,0.3377230931256894,0.2736968394128615,0.0,0.28386426631317707,0.28757039348619784,0.0,,,,0.2667216721672167,0.2898277430054031,0.0,,,,,,,,,,,,,,,,0.16666666666666666,0.0018214936247723133,0.0,0.2989361295853349,0.24765716709215768,0.0,0.16666666666666666,0.11934089815690374,0.0,0.22217203623186343,0.2145355779097668,0.0
openml_475_analcatdata_germangss,0.40730837789661317,0.40200382761396164,0.37714353973901776,0.4047831253713607,0.3965888932774931,0.36614089841169584,0.4048573975044563,0.39916798810189813,0.37407442968615773,0.4047831253713607,0.3993396278583418,0.37429969434433513,0.4145870469399881,0.4090049949798493,0.3850501841572506,,,,0.38978015448603687,0.3800470148677077,0.3478552216720035,0.25,0.10179640718562874,0.0,0.35969994058229354,0.3416035590604727,0.3045044813184868,0.3772281639928699,0.3662822376372011,0.32786305649743036,0.3997326203208556,0.38932470306636846,0.3709146020676615,0.25,0.10159443018724457,0.0,0.35858585858585856,0.2803105192252479,0.0
openml_488_colleges_aaup,0.9330085703059771,0.9303284940238988,0.9313785978025505,0.94682858867145,0.9445821797877398,0.9457722214206951,,,,0.930322638496353,0.9253274646401137,0.9289426719423384,,,,,,,,,,,,,,,,0.25,0.17350956130483688,0.0,0.9022027963441696,0.9035235956614712,0.8993426065622891,0.8392769785671657,0.8492312686752008,0.8311966423945433,0.8828846145259878,0.8892159913926476,0.8776510160864152
openml_54_vehicle,0.7409913240196694,0.7271026359358143,0.7015866979321407,0.7398755415566618,0.7260962547353249,0.6996209423356533,0.732821975610595,0.7179794422008889,0.6892044199699926,0.7494666478504824,0.7357762029836126,0.7123746507011751,0.7457049857278001,0.732102214424983,0.7080527693667443,,,,0.7363642380453582,0.7227566192110347,0.6955979229203718,0.6498092070480167,0.6015521580409402,0.541141399591638,0.7268551178940266,0.7087847952575702,0.6786975904791238,0.743412523213217,0.7290943745902111,0.7041412221809069,0.7329157590762515,0.7138411053999641,0.687105904253419,0.6500658313146255,0.6009423376177768,0.5394020472156711,0.6943654335540949,0.6645110201582682,0.6292713978162688
openml_57_hypothyroid,0.7378043240213548,0.7226321498604252,0.0,0.7469159408782791,0.7284073114201994,0.0,,,,0.7249270450596008,0.7137958454366045,0.0,,,,,,,,,,,,,,,,0.25,0.024457892082702975,0.0,0.7348680153469942,0.7210810422964706,0.0,0.4716827772071382,0.4886926176609868,0.0,0.5946412329335274,0.619207984689961,0.0
openml_679_rmftsa_sleepdata,0.4541123287167215,0.43356490745282167,0.4342853591991929,0.45365426954291665,0.4343931354575307,0.4380824021968576,0.43912430991217644,0.42717563820978643,0.4152604956465826,0.4408168801896437,0.4281046642868622,0.42344714716713666,0.46110893642087475,0.44057352293418833,0.4310045031122194,0.4464455076331357,0.4338839871067734,0.4267913291613526,0.40130978542675155,0.3965175919709167,0.3370520529873107,0.37414686458356794,0.3669317589747007,0.3566668316501426,0.43563751044028165,0.4234504625700997,0.41614755518911967,0.4104525912722701,0.3876306196303796,0.39724557612283706,0.44528683407727637,0.42340826258879655,0.4221685468728522,0.39601577891211254,0.34823134042086834,0.33610637489446377,0.44186883280415795,0.4131011639202696,0.42223265601586313
openml_694_diggle_table_a2,0.9678038011371345,0.971239391609762,0.9649078120985375,0.9744514744514744,0.9738224875261912,0.9733268726749312,0.9587819587819588,0.9635104326164351,0.9556751714351698,0.9649547982881317,0.968276428646799,0.9619564111638336,0.9649547982881317,0.968276428646799,0.9619564111638336,,,,0.9801494801494801,0.9811159348196385,0.9792035422419069,0.9446294446294446,0.9507074605542037,0.9404950977346253,0.9587819587819588,0.9635104326164351,0.9556751714351698,0.9319785153118487,0.9287735446172894,0.9268879137389513,0.9678038011371345,0.971239391609762,0.9649078120985375,0.9477158643825311,0.9522651833762944,0.9436784754391688,0.956296789630123,0.9607436048176788,0.9526949350952648
openml_952_prnn_fglass,0.7614418431809736,0.6995852733255834,0.7254741123724667,0.7446915644741732,0.6784538873843821,0.7015813025087564,0.7959104422147899,0.7358164343852169,0.7743710372693529,0.7586863619472316,0.7014443997853248,0.6972787450656671,0.7656939799331104,0.7023151132470896,0.7292495933480384,,,,0.7479341632602502,0.7001916577025676,0.7135341067723365,0.7403403319707668,0.6510557054537903,0.7076090246060941,0.7848786077046946,0.7207269538716029,0.7617318728762315,0.5624062719352575,0.43019570584262823,0.24633069459485213,0.7045463272637185,0.6255196591548623,0.4329281273309988,0.5717493496841323,0.5221540942385146,0.0,0.7074811098724142,0.6351894943080946,0.20914598767337844
openml_9_autos,0.7569995155140083,0.7001166329752501,0.736505445296688,0.7124385678733506,0.6904032082502288,0.5383785566175553,,,,,,,,,,,,,,,,,,,,,,0.16666666666666666,0.06950013365410318,0.0,0.6701777959024336,0.6383996797295068,0.4508803792499087,0.49001976284584975,0.3589374033841551,0.1853363153378698,0.604500752870318,0.5231176551071283,0.48996520038598174
pmlb_allbp,0.8961590355177816,0.6570687179218876,0.8943440894882159,0.8740252920231546,0.659984677031657,0.8680890359131809,0.8668951581741037,0.6532853852459576,0.8600433614830991,0.7649876065693665,0.6626340907426522,0.7084956932602878,0.7917505178851812,0.6645130077401175,0.760311791767637,0.8675942419084565,0.6556622123547228,0.8613976659696453,0.7298490357628227,0.6788384069331751,0.6922891394337501,0.8678752099343479,0.6349127274067152,0.8612499400622964,0.8624507137296592,0.6511077329480611,0.8552241626716084,0.3333333333333333,0.11043226301454799,0.0,0.850743398495447,0.645524566203363,0.8441114897220628,0.7003656014913586,0.5966895936033746,0.6196873998646493,0.7932797258554295,0.6508906331820824,0.773270914615015
pmlb_allhyper,0.8313589524455004,0.6754535922094185,0.7716554158115699,0.7524739729820453,0.6962669660645445,0.5243616558466918,0.7035701388526329,0.7127342449200094,0.6295062988169265,0.673358949145347,0.6565256137718917,0.4631560254921365,0.6346453043867188,0.6084260578169336,0.35612431814589773,0.715880736608355,0.7072249335955219,0.6381803685485332,0.637330878281991,0.6403221399297075,0.38850855029724923,0.7342455210868827,0.7023379039364387,0.6738922470737099,0.7313479166304107,0.7377681609972658,0.6731656374141713,0.25,0.0015860428231562254,0.0,0.7523378074047032,0.6950270457425534,0.715287307732359,0.500570012967204,0.461304953134615,0.14510535338620015,0.6881459892884106,0.6274663565707305,0.6593498258687652
pmlb_allhypo,0.9144477509381685,0.7717711397443524,0.9137860895371596,0.9099285414292058,0.8125548593170868,0.908223043250666,0.8912681128732177,0.7415060706238253,0.8899269700366644,0.8687583398442776,0.7438934186528822,0.8665866775575498,0.8708876847941068,0.773319464799538,0.8683044328176305,0.8986775733244231,0.7446153366961671,0.8977451080645902,0.7972193453558316,0.7191951965865009,0.7817168713392192,0.8793955038447286,0.6991354877758544,0.8779361765662088,0.8827904278727114,0.7381930035982974,0.8815537051639434,0.8077514126961924,0.5163991818106141,0.7982031098317272,0.8831482211925742,0.7612644706922368,0.8813750000173562,0.6528213520125291,0.5684962871804546,0.26481712215928144,0.7489896599084277,0.7040808718782984,0.6859434227108827
pmlb_allrep,0.859185611072221,0.6580583161789023,0.8501737320276028,0.8554558106367317,0.6755994891334636,0.8304990536248131,0.8122695565492585,0.6860691804254505,0.7864720012831278,0.7770980054624598,0.6633408523260247,0.7558310213363894,0.8231451900424425,0.6821699235801382,0.8107629024299955,0.8153672827144188,0.6843254550514365,0.7948764902579835,0.7449872919227601,0.6553163678323467,0.716337897588475,0.8211164601330042,0.6502096421997731,0.7951020746631497,0.8122695565492585,0.6860691804254505,0.7864720012831278,0.7355157406555431,0.32133322195525776,0.7219536940050721,0.8147259745436023,0.6539259885616159,0.7878474046705591,0.4829721362229102,0.4189864837918756,0.0,0.48269801341589263,0.4155767310033866,0.0
pmlb_analcatdata_authorship,0.9920188669692145,0.9914065507545443,0.9919617218720459,0.9935986812848779,0.9936706529962684,0.9935717295777137,0.9881273008134975,0.9897104416227233,0.9879887376895433,0.9935986812848778,0.9933225055241968,0.993556571079564,0.9928050304912271,0.9922275771671738,0.9927772474965174,0.9949494949494949,0.9941013576281706,0.9949107762968398,0.9935986812848778,0.9933225055241968,0.993556571079564,0.9921544124040443,0.9919251913628798,0.9921139620917799,0.9881273008134975,0.9897104416227233,0.9879887376895433,0.9792604230949608,0.9760330208931292,0.9790009899405593,0.992805030491227,0.9922236027749817,0.9927620889983677,0.9875322700460529,0.9893919996371693,0.987430833647418,0.9920188669692145,0.9914065507545443,0.9919617218720459
pmlb_analcatdata_dmft,0.2429336365760537,0.23453668911780337,0.22313981021466744,0.24223546679514987,0.23244802474803886,0.21303801373180895,0.22831010371822769,0.21681579766580658,0.20170150511350204,0.24409212542826242,0.23262380298615604,0.215995790920647,0.24927972535037382,0.23880200712135546,0.2266086101455549,,,,0.2353708162367765,0.22633259216150028,0.21517041397823844,0.1786790670937012,0.07528533875997988,0.0,0.23268768910007132,0.22060488725957675,0.20458927623872006,0.23858214597136618,0.2317999361276426,0.22189627877186738,0.2294953291312574,0.2222846204167637,0.2115385537090355,0.16874411398423497,0.10081374679496276,0.0,0.21137671908207822,0.20574136251707897,0.1883809128351024
pmlb_analcatdata_germangss,0.42996137849079025,0.4201991161711491,0.38664515819858175,0.4099079025549614,0.39819138339537385,0.35694413999542546,0.41488413547237074,0.4036811251024961,0.3646517717731433,0.4198603683897802,0.40827329210208446,0.3683911442024688,0.4198603683897802,0.40818065443033297,0.3683911442024688,,,,0.40767973856209155,0.3961503931196276,0.3564205657069874,0.25,0.10079840319361277,0.0,0.37670825906120026,0.35758737412885905,0.25016524274331486,0.397653000594177,0.3904146823606584,0.3634860742741191,0.3946821152703506,0.3875114229727516,0.36808126491992993,0.3211527035056447,0.20448892801544538,0.0,0.3411319073083779,0.3144131764259674,0.24338179555743367
pmlb_ann_thyroid,0.9976465126187416,0.9782628381965264,0.9976425145420903,0.9976965176192416,0.9787200428769388,0.9976927231146059,0.9976965176192416,0.9791742234957729,0.9976927231146059,0.9968431802529846,0.9791530510318842,0.9968383395793415,0.9846141210054061,0.9632423512874633,0.9845230553708313,0.9968931852534846,0.9800795628698119,0.9968885178623913,0.9968931852534846,0.9801104318255908,0.996888336282263,0.9975965076182415,0.9772854834133979,0.9975926084660306,0.9967931752524845,0.9786958577030518,0.9967881461572707,0.9836950908205574,0.8801368040507628,0.9835527887769172,0.9975965076182415,0.9772889794431389,0.9975925479327397,0.9431936049795837,0.9461231273025333,0.9387944036684766,0.9832060175229839,0.9694603386856767,0.9829803784269079
pmlb_balance_scale,0.6634667755991286,0.6578604660154564,0.5869884980367895,0.6657135076252723,0.6507345462630799,0.6198588273169174,0.6260893246187363,0.6259866557942676,0.4439872426959663,0.616081154684096,0.6180915931734546,0.3935449154043853,0.6399782135076252,0.6410636137406281,0.48532613115203554,0.6284041394335512,0.6298611577868073,0.4739105282861829,0.607979302832244,0.6049421566002514,0.14935727172239377,0.6399101307189542,0.6333150038792207,0.5254377396861933,0.6122004357298475,0.6137998894599797,0.2913675254008552,0.5786356209150326,0.57915207646818,0.4369481710461409,0.6299019607843137,0.6275159329354371,0.5453213019903171,0.6695942265795206,0.652798611472506,0.6255042434704811,0.6592456427015251,0.65015464696283,0.5961406487148648
pmlb_calendarDOW,0.5854370057461455,0.5646763695204379,0.557989182883886,0.5460994481424589,0.5414570523828951,0.5172492664644981,0.5549409740001138,0.5493060796795788,0.5257915521384149,0.5469592365022473,0.5392431191029202,0.5208328857829617,0.550850329976674,0.5436879260583275,0.5272740222337499,,,,0.548426352619901,0.5441637965027405,0.5173032503608286,0.5493327217386358,0.5169713452773971,0.5003941650312934,0.555321300563236,0.5455106427632682,0.5269091833019797,0.5178085708596462,0.4901308401114142,0.46412841918021336,0.5610664504750525,0.5435492488760215,0.53356598897036,0.5534806849860613,0.5248139292421906,0.5038243125829156,0.5849232662001479,0.5619965644842461,0.5458989680253287
pmlb_car_evaluation,0.9388444483414586,0.885874105902159,0.937448288200836,0.956398982904885,0.9141317990735077,0.9556402818172766,0.934166804999426,0.8989641981928781,0.9327411914259472,0.9382523466037739,0.9007621054198865,0.9361171144689285,0.945430632299697,0.9121487286889707,0.943940205967115,0.9532210773764763,0.9108328849557533,0.9523080943658355,0.9353692045434497,0.8973457476670027,0.9331896458337727,0.929318054399908,0.8862469787162212,0.9281314039866265,0.931400417049574,0.8970988929297775,0.9295925773764954,0.8640881087186626,0.7186306861934811,0.8583992312123933,0.9356655191374812,0.8843262356450391,0.9339593567199073,0.7961191536674436,0.7576403233579373,0.7280924570614803,0.9158656467931627,0.866770978919215,0.9113893811182493
pmlb_cars,0.8658210050339189,0.830622961219223,0.8626744141410977,0.8746835064340268,0.8430233524699858,0.8725849345009209,0.8287651337413718,0.8080857371265813,0.8265200214269841,0.8527234664071394,0.8217863162955941,0.8490246769196942,0.8190960450494639,0.7975529332379536,0.8137632719809086,0.8502759388820422,0.815015205792332,0.8480942341973093,0.8579746277401514,0.8283552264605021,0.8524574282675065,0.7555725465666159,0.7064647009542654,0.752308192423628,0.836306078716039,0.8175380460981333,0.8333712052019416,0.7430274116185903,0.6956270943321546,0.7400937695784265,0.8115100311204154,0.7802113765588213,0.8097886998054848,0.6481750898309557,0.6097722768356407,0.6372058662381362,0.7133083805641837,0.6765091393206504,0.7027865243305097
pmlb_dermatology,0.9749183006535947,0.973693264125775,0.973500337115334,0.9639394646747589,0.9618061516282412,0.9616228918332261,0.9722727980080922,0.9710438275325838,0.9709545822966117,0.9690651260504201,0.9742210735709431,0.9676203892812395,0.9742238562091504,0.9740280592444243,0.9728659626289368,0.9895833333333334,0.990558615263572,0.9893012232339632,0.9694950202303144,0.9679598801761906,0.9679897951177908,0.972140522875817,0.9709832370255039,0.970629952835179,0.9722727980080922,0.9710438275325838,0.9709545822966117,0.849091142963692,0.8461830773808207,0.8345033276600597,0.9693627450980392,0.9655860577097135,0.9671334338307694,0.9639394646747589,0.9570953287263615,0.961057212446028,0.967411686896981,0.9621833948050181,0.96479689009904
pmlb_ecoli,0.8530500593366677,0.8474566882506508,0.8438145251132186,0.8479931954894409,0.8474484757598347,0.8371428437955689,0.8312755375621458,0.8305816025233687,0.8223521450570139,0.7864698310543116,0.7887293693974047,0.7711066315779727,0.8208809778734686,0.8193270139558214,0.8066423323830261,0.7875295034081017,0.7863135374173872,0.7726453004760009,0.8353655673580581,0.8277547601006194,0.82614497479939,0.8089229195918808,0.8117704838233601,0.7988950507017832,0.8449304012170096,0.837484734222993,0.8356465776070734,0.8213343959151218,0.8003605869176655,0.8071629775926602,0.8156577947385206,0.8146487564813759,0.8048502666273101,0.8034071662820098,0.7955954818254742,0.7876511219182567,0.8138623135312747,0.819253156353692,0.8060180813807886
pmlb_fars,0.6199681075716349,0.45397385022277686,0.40969850625070386,0.645678958551687,0.452634686507952,0.4428365385272633,0.6015603961153184,0.4615101026030062,0.2952101925602407,0.5958306023286013,0.4315032058340175,0.1826916259818491,,,,0.6108595211436395,0.41548824629148573,0.12299395323114008,0.492565478369392,0.4182754451551033,0.0,0.6024241320243641,0.46887080691527827,0.2953872340281505,0.6009560014405008,0.4625041176099649,0.29740643687699336,0.125,0.019778004740888675,0.0,0.5914849691859213,0.4727104419207581,0.2952133320662806,0.5293880726137935,0.4990330114660914,0.13573984605027603,0.5595731922068717,0.49568909992950444,0.2900288319805444
pmlb_new_thyroid,0.9644444444444445,0.9361908913069422,0.9630110068759041,0.8896296296296295,0.886834598573729,0.8792376308898296,0.9055555555555556,0.9102073498224889,0.8949893621575539,0.9148148148148149,0.9197306664616242,0.907781455809726,0.9107407407407407,0.9096389115465998,0.8992876164937633,0.9011111111111112,0.9018495729281387,0.8947552437524539,0.9011111111111111,0.8980311481768227,0.8915587932853984,0.9014814814814814,0.9038891313259841,0.8894122273486537,0.9055555555555556,0.9102073498224889,0.8949893621575539,0.8711111111111111,0.778073404657674,0.8563392166134914,0.9307407407407408,0.9084658083049498,0.9266190973393434,0.8537037037037037,0.8678932092802162,0.835136106383072,0.9055555555555556,0.8787999086883556,0.900427615323116
pmlb_nursery,0.9788202692641524,0.9532793345524762,0.9785360151873551,0.980151005794716,0.9582682758566361,0.9798869630144532,0.9677650851664096,0.9662758421333141,0.9674010007400479,0.9675258954207332,0.9647473489599813,0.9672132308581208,0.9709080830585458,0.9741083825172558,0.9706245017124456,,,,0.9410623138340335,0.9506688228345741,0.9380977832940576,0.9110085281560797,0.8521008548057577,0.9087498229116496,0.9492789096980193,0.9355898412376354,0.9486473275533734,0.9099347245508459,0.8114717265723067,0.9034291683515913,0.9510865725074304,0.9115601236836524,0.949777878507418,0.9167856130196025,0.8405119554985334,0.9131169225975047,0.9686122325813571,0.9385839019740763,0.9679916668707435
pmlb_page_blocks,0.9488253241810322,0.7735039069308498,0.9477644704092191,0.9352486226218923,0.8031620277938524,0.93376314549088,0.9261615482553184,0.791566717578753,0.9247898280652525,0.9141473229235594,0.7991757100849632,0.9118858134144205,0.9165971149915634,0.8069866437951841,0.913625456096241,0.9180414291959286,0.7707223681308443,0.9157412276836113,0.8664793317493933,0.815412243168629,0.8566612799075563,0.9286842231497902,0.768796791254351,0.9276039583288558,0.9283506510964483,0.7917606657956023,0.9270480012727997,0.7725922490628644,0.432172134773034,0.7387582383688787,0.9413511845179094,0.7814387044120443,0.9398021794951696,0.8737100478204017,0.7809061928272995,0.857038901174442,0.8831886596939951,0.7742383214712909,0.8678760337272674
pmlb_penguins,0.9790002957704821,0.9752557936154678,0.9787175212179203,0.9790002957704821,0.9752557936154678,0.9787175212179203,0.971854563081271,0.9679080213608021,0.9711605377269544,0.9906339347333136,0.9894713753016012,0.9905666702769457,0.9792488251339182,0.9721347887765609,0.9789762234339209,,,,0.9693384600216898,0.9678270670231819,0.9685889433674836,0.971854563081271,0.9679080213608021,0.9711605377269544,0.971854563081271,0.9679080213608021,0.9711605377269544,0.969586989385126,0.964569897939863,0.968919236746978,0.9790002957704821,0.9752557936154678,0.9787175212179203,0.9790002957704821,0.9752557936154678,0.9787175212179203,0.9790002957704821,0.9752557936154678,0.9787175212179203
pmlb_schizo,0.4804540953794685,0.43585180522409384,0.4482446878757233,0.4798987910928209,0.4409790986773577,0.44931829132673434,0.4858274119468149,0.445771230041939,0.4702896200432001,0.4720244100841115,0.4440876749038458,0.46400206118214177,0.4329576172859755,0.40222177841672185,0.3961502270796137,0.46932586484825295,0.4323267335600793,0.4555297475803502,0.4851323082666366,0.4507609383890104,0.4742860388140231,0.41151477046999435,0.33749627568713064,0.36911396257867596,0.48323740935681236,0.44490211640523447,0.4665920733031032,0.4623997340415251,0.40162685296464157,0.43353668665925116,0.4671128208441641,0.4255428105843615,0.4235435998777524,0.3333333333333333,0.10281064740347275,0.0,0.4326989759825581,0.35922955091307873,0.15883939198878513
pmlb_vehicle,0.7447033244158461,0.7309974067232305,0.7053659421978798,0.7493329540454757,0.7353600999243378,0.7113967479784894,0.7388003329000338,0.7239934185024378,0.6979328469278028,0.7528867029723193,0.7391523138646324,0.7154736046915108,0.7422580592173492,0.7281694855726831,0.7021748729692435,,,,0.7412653556409262,0.726556012451192,0.6993962919665707,0.6705162237524602,0.6318452776401744,0.5902487132637178,0.7339807611498069,0.7173390088265252,0.6906871211982056,0.7375014352336525,0.7218235031593107,0.6948014885724089,0.7363713883550368,0.7185497502107389,0.6919845284661821,0.668842149803948,0.6272479916002843,0.5852748657185532,0.7157071974998369,0.691866874448385,0.664125442035663
pmlb_wine_quality_red,0.4119061150300957,0.38339559338327317,0.14514253598554833,0.3471033844931892,0.3343580642181289,0.0,0.35665949975745687,0.3359305288139908,0.0,0.3653271496442298,0.3472924669278679,0.0,0.3601576348643749,0.3443056493060741,0.0,,,,0.3655644401894461,0.3616504379263427,0.0,0.36175144676044674,0.2780451167945772,0.0,0.34050837252693134,0.3229119866224228,0.0,0.33050330237217657,0.15912846533457245,0.2575992263782006,0.3558987640112976,0.33359878427793527,0.0,0.32123577674310283,0.2960671127157337,0.0,0.3290552163036754,0.32725617856110917,0.0
pmlb_wine_quality_white,0.4271430710774024,0.3833759059315202,0.0,0.42079464066780964,0.3856710613212109,0.0,,,,0.38894329277671313,0.3484849905973328,0.0,,,,,,,0.3467664456408829,0.3250560902163234,0.0,,,,,,,0.14285714285714285,0.07314169062003217,0.0,0.3806628438509632,0.35710894546655414,0.0,0.2452535739322466,0.24451644317753293,0.0,0.2898139428858721,0.28866373137060336,0.0
pmlb_yeast,0.5648983114269285,0.5367529490754306,0.16769786661637612,0.5675368516237701,0.542870006512577,0.5060519683474736,0.5465746786265343,0.5111134200097851,0.3500870064995875,0.5480559204852372,0.5316172473306319,0.3445078193367445,0.5612020084620984,0.5521056410379049,0.3475528888398718,,,,0.5611805177654609,0.5479328766057221,0.4929489236340158,0.5384222250456729,0.4885338716662475,0.35285014789485186,0.5401305696137275,0.5040966239775515,0.33936349950330463,0.5344456826316843,0.5135880534995382,0.0,0.5230705738622697,0.5018732333290307,0.0,0.45128817691941664,0.43032601654231284,0.0,0.5025917180049043,0.4897327856679945,0.0
